run_id,stage,step,progress,layer,alpha,bin_index,bin_low,bin_high,bin_count,bin_agree_count,bin_agreement,bin_damage
1,pilot,14000,0.0979020979020979,1,0.25,0,0.0,0.05,224,162.0,0.7232142857142857,0.2767857142857143
1,pilot,14000,0.0979020979020979,1,0.25,1,0.05,0.1,547,450.0,0.8226691042047533,0.17733089579524675
1,pilot,14000,0.0979020979020979,1,0.25,2,0.1,0.2,1126,983.0,0.8730017761989343,0.12699822380106573
1,pilot,14000,0.0979020979020979,1,0.25,3,0.2,0.4,1277,1219.0,0.9545810493343775,0.045418950665622515
1,pilot,14000,0.0979020979020979,1,0.25,4,0.4,1.01,1434,1423.0,0.9923291492329149,0.007670850767085069
1,pilot,14000,0.0979020979020979,1,0.5,0,0.0,0.05,224,112.0,0.5,0.5
1,pilot,14000,0.0979020979020979,1,0.5,1,0.05,0.1,547,338.0,0.6179159049360147,0.38208409506398533
1,pilot,14000,0.0979020979020979,1,0.5,2,0.1,0.2,1126,837.0,0.7433392539964476,0.2566607460035524
1,pilot,14000,0.0979020979020979,1,0.5,3,0.2,0.4,1277,1099.0,0.860610806577917,0.139389193422083
1,pilot,14000,0.0979020979020979,1,0.5,4,0.4,1.01,1434,1401.0,0.9769874476987448,0.023012552301255207
1,pilot,14000,0.0979020979020979,1,0.75,0,0.0,0.05,224,66.0,0.29464285714285715,0.7053571428571428
1,pilot,14000,0.0979020979020979,1,0.75,1,0.05,0.1,547,255.0,0.46617915904936014,0.5338208409506399
1,pilot,14000,0.0979020979020979,1,0.75,2,0.1,0.2,1126,613.0,0.544404973357016,0.455595026642984
1,pilot,14000,0.0979020979020979,1,0.75,3,0.2,0.4,1277,912.0,0.7141738449490994,0.2858261550509006
1,pilot,14000,0.0979020979020979,1,0.75,4,0.4,1.01,1434,1314.0,0.9163179916317992,0.08368200836820083
1,pilot,14000,0.0979020979020979,1,1.0,0,0.0,0.05,224,41.0,0.18303571428571427,0.8169642857142857
1,pilot,14000,0.0979020979020979,1,1.0,1,0.05,0.1,547,191.0,0.3491773308957952,0.6508226691042047
1,pilot,14000,0.0979020979020979,1,1.0,2,0.1,0.2,1126,494.0,0.43872113676731794,0.5612788632326821
1,pilot,14000,0.0979020979020979,1,1.0,3,0.2,0.4,1277,736.0,0.5763508222396241,0.4236491777603759
1,pilot,14000,0.0979020979020979,1,1.0,4,0.4,1.01,1434,1190.0,0.8298465829846583,0.1701534170153417
1,pilot,14000,0.0979020979020979,2,0.25,0,0.0,0.05,224,162.0,0.7232142857142857,0.2767857142857143
1,pilot,14000,0.0979020979020979,2,0.25,1,0.05,0.1,547,445.0,0.8135283363802559,0.1864716636197441
1,pilot,14000,0.0979020979020979,2,0.25,2,0.1,0.2,1126,981.0,0.8712255772646537,0.12877442273534634
1,pilot,14000,0.0979020979020979,2,0.25,3,0.2,0.4,1277,1214.0,0.9506656225528582,0.04933437744714175
1,pilot,14000,0.0979020979020979,2,0.25,4,0.4,1.01,1434,1430.0,0.99721059972106,0.002789400278940035
1,pilot,14000,0.0979020979020979,2,0.5,0,0.0,0.05,224,118.0,0.5267857142857143,0.4732142857142857
1,pilot,14000,0.0979020979020979,2,0.5,1,0.05,0.1,547,329.0,0.6014625228519196,0.3985374771480804
1,pilot,14000,0.0979020979020979,2,0.5,2,0.1,0.2,1126,837.0,0.7433392539964476,0.2566607460035524
1,pilot,14000,0.0979020979020979,2,0.5,3,0.2,0.4,1277,1123.0,0.8794048551292091,0.12059514487079093
1,pilot,14000,0.0979020979020979,2,0.5,4,0.4,1.01,1434,1408.0,0.9818688981868898,0.018131101813110173
1,pilot,14000,0.0979020979020979,2,0.75,0,0.0,0.05,224,79.0,0.35267857142857145,0.6473214285714286
1,pilot,14000,0.0979020979020979,2,0.75,1,0.05,0.1,547,253.0,0.4625228519195612,0.5374771480804388
1,pilot,14000,0.0979020979020979,2,0.75,2,0.1,0.2,1126,699.0,0.6207815275310835,0.3792184724689165
1,pilot,14000,0.0979020979020979,2,0.75,3,0.2,0.4,1277,962.0,0.7533281127642913,0.24667188723570865
1,pilot,14000,0.0979020979020979,2,0.75,4,0.4,1.01,1434,1354.0,0.9442119944211994,0.05578800557880059
1,pilot,14000,0.0979020979020979,2,1.0,0,0.0,0.05,224,53.0,0.23660714285714285,0.7633928571428572
1,pilot,14000,0.0979020979020979,2,1.0,1,0.05,0.1,547,179.0,0.3272394881170018,0.6727605118829982
1,pilot,14000,0.0979020979020979,2,1.0,2,0.1,0.2,1126,533.0,0.4733570159857904,0.5266429840142096
1,pilot,14000,0.0979020979020979,2,1.0,3,0.2,0.4,1277,786.0,0.615505090054816,0.384494909945184
1,pilot,14000,0.0979020979020979,2,1.0,4,0.4,1.01,1434,1226.0,0.8549511854951185,0.1450488145048815
1,pilot,14000,0.0979020979020979,3,0.25,0,0.0,0.05,224,161.0,0.71875,0.28125
1,pilot,14000,0.0979020979020979,3,0.25,1,0.05,0.1,547,427.0,0.7806215722120659,0.21937842778793415
1,pilot,14000,0.0979020979020979,3,0.25,2,0.1,0.2,1126,962.0,0.8543516873889876,0.1456483126110124
1,pilot,14000,0.0979020979020979,3,0.25,3,0.2,0.4,1277,1194.0,0.9350039154267815,0.06499608457321848
1,pilot,14000,0.0979020979020979,3,0.25,4,0.4,1.01,1434,1422.0,0.9916317991631799,0.008368200836820106
1,pilot,14000,0.0979020979020979,3,0.5,0,0.0,0.05,224,102.0,0.45535714285714285,0.5446428571428572
1,pilot,14000,0.0979020979020979,3,0.5,1,0.05,0.1,547,308.0,0.5630712979890311,0.4369287020109689
1,pilot,14000,0.0979020979020979,3,0.5,2,0.1,0.2,1126,799.0,0.7095914742451155,0.2904085257548845
1,pilot,14000,0.0979020979020979,3,0.5,3,0.2,0.4,1277,1066.0,0.8347689898198903,0.16523101018010966
1,pilot,14000,0.0979020979020979,3,0.5,4,0.4,1.01,1434,1381.0,0.9630404463040446,0.03695955369595538
1,pilot,14000,0.0979020979020979,3,0.75,0,0.0,0.05,224,65.0,0.29017857142857145,0.7098214285714286
1,pilot,14000,0.0979020979020979,3,0.75,1,0.05,0.1,547,197.0,0.360146252285192,0.6398537477148081
1,pilot,14000,0.0979020979020979,3,0.75,2,0.1,0.2,1126,559.0,0.49644760213143874,0.5035523978685612
1,pilot,14000,0.0979020979020979,3,0.75,3,0.2,0.4,1277,861.0,0.6742364917776038,0.3257635082223962
1,pilot,14000,0.0979020979020979,3,0.75,4,0.4,1.01,1434,1225.0,0.8542538354253836,0.14574616457461642
1,pilot,14000,0.0979020979020979,3,1.0,0,0.0,0.05,224,34.0,0.15178571428571427,0.8482142857142857
1,pilot,14000,0.0979020979020979,3,1.0,1,0.05,0.1,547,106.0,0.19378427787934185,0.8062157221206582
1,pilot,14000,0.0979020979020979,3,1.0,2,0.1,0.2,1126,346.0,0.30728241563055064,0.6927175843694493
1,pilot,14000,0.0979020979020979,3,1.0,3,0.2,0.4,1277,527.0,0.41268598277212215,0.5873140172278779
1,pilot,14000,0.0979020979020979,3,1.0,4,0.4,1.01,1434,727.0,0.50697350069735,0.49302649930264997
1,pilot,14000,0.0979020979020979,4,0.25,0,0.0,0.05,224,171.0,0.7633928571428571,0.2366071428571429
1,pilot,14000,0.0979020979020979,4,0.25,1,0.05,0.1,547,466.0,0.8519195612431444,0.14808043875685561
1,pilot,14000,0.0979020979020979,4,0.25,2,0.1,0.2,1126,988.0,0.8774422735346359,0.12255772646536411
1,pilot,14000,0.0979020979020979,4,0.25,3,0.2,0.4,1277,1225.0,0.9592795614722005,0.040720438527799496
1,pilot,14000,0.0979020979020979,4,0.25,4,0.4,1.01,1434,1432.0,0.99860529986053,0.001394700139469962
1,pilot,14000,0.0979020979020979,4,0.5,0,0.0,0.05,224,119.0,0.53125,0.46875
1,pilot,14000,0.0979020979020979,4,0.5,1,0.05,0.1,547,387.0,0.7074954296160878,0.2925045703839122
1,pilot,14000,0.0979020979020979,4,0.5,2,0.1,0.2,1126,867.0,0.7699822380106572,0.23001776198934276
1,pilot,14000,0.0979020979020979,4,0.5,3,0.2,0.4,1277,1153.0,0.9028974158183242,0.09710258418167583
1,pilot,14000,0.0979020979020979,4,0.5,4,0.4,1.01,1434,1417.0,0.9881450488145049,0.011854951185495066
1,pilot,14000,0.0979020979020979,4,0.75,0,0.0,0.05,224,94.0,0.41964285714285715,0.5803571428571428
1,pilot,14000,0.0979020979020979,4,0.75,1,0.05,0.1,547,308.0,0.5630712979890311,0.4369287020109689
1,pilot,14000,0.0979020979020979,4,0.75,2,0.1,0.2,1126,765.0,0.6793960923623446,0.32060390763765545
1,pilot,14000,0.0979020979020979,4,0.75,3,0.2,0.4,1277,1048.0,0.8206734534064213,0.17932654659357872
1,pilot,14000,0.0979020979020979,4,0.75,4,0.4,1.01,1434,1384.0,0.9651324965132496,0.034867503486750384
1,pilot,14000,0.0979020979020979,4,1.0,0,0.0,0.05,224,71.0,0.3169642857142857,0.6830357142857143
1,pilot,14000,0.0979020979020979,4,1.0,1,0.05,0.1,547,244.0,0.4460694698354662,0.5539305301645339
1,pilot,14000,0.0979020979020979,4,1.0,2,0.1,0.2,1126,667.0,0.5923623445825933,0.4076376554174067
1,pilot,14000,0.0979020979020979,4,1.0,3,0.2,0.4,1277,928.0,0.7267032106499608,0.2732967893500392
1,pilot,14000,0.0979020979020979,4,1.0,4,0.4,1.01,1434,1303.0,0.9086471408647141,0.0913528591352859
1,pilot,14000,0.0979020979020979,5,0.25,0,0.0,0.05,224,169.0,0.7544642857142857,0.2455357142857143
1,pilot,14000,0.0979020979020979,5,0.25,1,0.05,0.1,547,465.0,0.850091407678245,0.14990859232175502
1,pilot,14000,0.0979020979020979,5,0.25,2,0.1,0.2,1126,1004.0,0.8916518650088809,0.10834813499111906
1,pilot,14000,0.0979020979020979,5,0.25,3,0.2,0.4,1277,1233.0,0.9655442443226312,0.034455755677368805
1,pilot,14000,0.0979020979020979,5,0.25,4,0.4,1.01,1434,1429.0,0.9965132496513249,0.0034867503486750717
1,pilot,14000,0.0979020979020979,5,0.5,0,0.0,0.05,224,126.0,0.5625,0.4375
1,pilot,14000,0.0979020979020979,5,0.5,1,0.05,0.1,547,391.0,0.7148080438756855,0.28519195612431447
1,pilot,14000,0.0979020979020979,5,0.5,2,0.1,0.2,1126,895.0,0.7948490230905861,0.20515097690941386
1,pilot,14000,0.0979020979020979,5,0.5,3,0.2,0.4,1277,1155.0,0.9044635865309318,0.09553641346906816
1,pilot,14000,0.0979020979020979,5,0.5,4,0.4,1.01,1434,1416.0,0.9874476987447699,0.012552301255230103
1,pilot,14000,0.0979020979020979,5,0.75,0,0.0,0.05,224,99.0,0.4419642857142857,0.5580357142857143
1,pilot,14000,0.0979020979020979,5,0.75,1,0.05,0.1,547,319.0,0.583180987202925,0.416819012797075
1,pilot,14000,0.0979020979020979,5,0.75,2,0.1,0.2,1126,788.0,0.6998223801065719,0.30017761989342806
1,pilot,14000,0.0979020979020979,5,0.75,3,0.2,0.4,1277,1062.0,0.831636648394675,0.168363351605325
1,pilot,14000,0.0979020979020979,5,0.75,4,0.4,1.01,1434,1394.0,0.9721059972105998,0.02789400278940024
1,pilot,14000,0.0979020979020979,5,1.0,0,0.0,0.05,224,79.0,0.35267857142857145,0.6473214285714286
1,pilot,14000,0.0979020979020979,5,1.0,1,0.05,0.1,547,257.0,0.46983546617915906,0.5301645338208409
1,pilot,14000,0.0979020979020979,5,1.0,2,0.1,0.2,1126,669.0,0.5941385435168739,0.4058614564831261
1,pilot,14000,0.0979020979020979,5,1.0,3,0.2,0.4,1277,971.0,0.7603758809710258,0.23962411902897418
1,pilot,14000,0.0979020979020979,5,1.0,4,0.4,1.01,1434,1331.0,0.9281729428172942,0.07182705718270577
1,pilot,14000,0.0979020979020979,6,0.25,0,0.0,0.05,224,165.0,0.7366071428571429,0.2633928571428571
1,pilot,14000,0.0979020979020979,6,0.25,1,0.05,0.1,547,461.0,0.8427787934186471,0.15722120658135286
1,pilot,14000,0.0979020979020979,6,0.25,2,0.1,0.2,1126,1005.0,0.8925399644760214,0.10746003552397865
1,pilot,14000,0.0979020979020979,6,0.25,3,0.2,0.4,1277,1222.0,0.9569303054032889,0.04306969459671106
1,pilot,14000,0.0979020979020979,6,0.25,4,0.4,1.01,1434,1430.0,0.99721059972106,0.002789400278940035
1,pilot,14000,0.0979020979020979,6,0.5,0,0.0,0.05,224,129.0,0.5758928571428571,0.4241071428571429
1,pilot,14000,0.0979020979020979,6,0.5,1,0.05,0.1,547,370.0,0.676416819012797,0.32358318098720296
1,pilot,14000,0.0979020979020979,6,0.5,2,0.1,0.2,1126,876.0,0.7779751332149201,0.22202486678507993
1,pilot,14000,0.0979020979020979,6,0.5,3,0.2,0.4,1277,1148.0,0.898981989036805,0.10101801096319496
1,pilot,14000,0.0979020979020979,6,0.5,4,0.4,1.01,1434,1419.0,0.9895397489539749,0.010460251046025104
1,pilot,14000,0.0979020979020979,6,0.75,0,0.0,0.05,224,98.0,0.4375,0.5625
1,pilot,14000,0.0979020979020979,6,0.75,1,0.05,0.1,547,293.0,0.5356489945155393,0.46435100548446073
1,pilot,14000,0.0979020979020979,6,0.75,2,0.1,0.2,1126,743.0,0.6598579040852576,0.3401420959147424
1,pilot,14000,0.0979020979020979,6,0.75,3,0.2,0.4,1277,1037.0,0.8120595144870791,0.18794048551292086
1,pilot,14000,0.0979020979020979,6,0.75,4,0.4,1.01,1434,1361.0,0.9490934449093444,0.05090655509065556
1,pilot,14000,0.0979020979020979,6,1.0,0,0.0,0.05,224,78.0,0.3482142857142857,0.6517857142857143
1,pilot,14000,0.0979020979020979,6,1.0,1,0.05,0.1,547,236.0,0.43144424131627057,0.5685557586837294
1,pilot,14000,0.0979020979020979,6,1.0,2,0.1,0.2,1126,642.0,0.5701598579040853,0.4298401420959147
1,pilot,14000,0.0979020979020979,6,1.0,3,0.2,0.4,1277,908.0,0.7110415035238841,0.28895849647611593
1,pilot,14000,0.0979020979020979,6,1.0,4,0.4,1.01,1434,1258.0,0.8772663877266388,0.12273361227336121
1,pilot,14000,0.0979020979020979,7,0.25,0,0.0,0.05,224,177.0,0.7901785714285714,0.2098214285714286
1,pilot,14000,0.0979020979020979,7,0.25,1,0.05,0.1,547,471.0,0.8610603290676416,0.13893967093235837
1,pilot,14000,0.0979020979020979,7,0.25,2,0.1,0.2,1126,1018.0,0.9040852575488455,0.0959147424511545
1,pilot,14000,0.0979020979020979,7,0.25,3,0.2,0.4,1277,1232.0,0.9647611589663273,0.035238841033672696
1,pilot,14000,0.0979020979020979,7,0.25,4,0.4,1.01,1434,1432.0,0.99860529986053,0.001394700139469962
1,pilot,14000,0.0979020979020979,7,0.5,0,0.0,0.05,224,141.0,0.6294642857142857,0.3705357142857143
1,pilot,14000,0.0979020979020979,7,0.5,1,0.05,0.1,547,389.0,0.7111517367458866,0.2888482632541134
1,pilot,14000,0.0979020979020979,7,0.5,2,0.1,0.2,1126,897.0,0.7966252220248667,0.20337477797513326
1,pilot,14000,0.0979020979020979,7,0.5,3,0.2,0.4,1277,1164.0,0.9115113547376664,0.08848864526233358
1,pilot,14000,0.0979020979020979,7,0.5,4,0.4,1.01,1434,1418.0,0.9888423988842399,0.01115760111576014
1,pilot,14000,0.0979020979020979,7,0.75,0,0.0,0.05,224,116.0,0.5178571428571429,0.4821428571428571
1,pilot,14000,0.0979020979020979,7,0.75,1,0.05,0.1,547,322.0,0.5886654478976234,0.41133455210237657
1,pilot,14000,0.0979020979020979,7,0.75,2,0.1,0.2,1126,790.0,0.7015985790408525,0.29840142095914746
1,pilot,14000,0.0979020979020979,7,0.75,3,0.2,0.4,1277,1059.0,0.8292873923257635,0.17071260767423646
1,pilot,14000,0.0979020979020979,7,0.75,4,0.4,1.01,1434,1393.0,0.9714086471408647,0.028591352859135277
1,pilot,14000,0.0979020979020979,7,1.0,0,0.0,0.05,224,98.0,0.4375,0.5625
1,pilot,14000,0.0979020979020979,7,1.0,1,0.05,0.1,547,256.0,0.4680073126142596,0.5319926873857403
1,pilot,14000,0.0979020979020979,7,1.0,2,0.1,0.2,1126,690.0,0.6127886323268206,0.38721136767317943
1,pilot,14000,0.0979020979020979,7,1.0,3,0.2,0.4,1277,955.0,0.7478465152701644,0.25215348472983556
1,pilot,14000,0.0979020979020979,7,1.0,4,0.4,1.01,1434,1347.0,0.9393305439330544,0.060669456066945626
1,pilot,14000,0.0979020979020979,8,0.25,0,0.0,0.05,224,164.0,0.7321428571428571,0.2678571428571429
1,pilot,14000,0.0979020979020979,8,0.25,1,0.05,0.1,547,467.0,0.8537477148080439,0.1462522851919561
1,pilot,14000,0.0979020979020979,8,0.25,2,0.1,0.2,1126,1014.0,0.9005328596802842,0.09946714031971582
1,pilot,14000,0.0979020979020979,8,0.25,3,0.2,0.4,1277,1213.0,0.9498825371965545,0.050117462803445534
1,pilot,14000,0.0979020979020979,8,0.25,4,0.4,1.01,1434,1428.0,0.99581589958159,0.004184100418409997
1,pilot,14000,0.0979020979020979,8,0.5,0,0.0,0.05,224,131.0,0.5848214285714286,0.4151785714285714
1,pilot,14000,0.0979020979020979,8,0.5,1,0.05,0.1,547,399.0,0.7294332723948812,0.2705667276051188
1,pilot,14000,0.0979020979020979,8,0.5,2,0.1,0.2,1126,904.0,0.8028419182948491,0.19715808170515092
1,pilot,14000,0.0979020979020979,8,0.5,3,0.2,0.4,1277,1136.0,0.889584964761159,0.110415035238841
1,pilot,14000,0.0979020979020979,8,0.5,4,0.4,1.01,1434,1416.0,0.9874476987447699,0.012552301255230103
1,pilot,14000,0.0979020979020979,8,0.75,0,0.0,0.05,224,102.0,0.45535714285714285,0.5446428571428572
1,pilot,14000,0.0979020979020979,8,0.75,1,0.05,0.1,547,339.0,0.6197440585009141,0.3802559414990859
1,pilot,14000,0.0979020979020979,8,0.75,2,0.1,0.2,1126,808.0,0.7175843694493783,0.2824156305506217
1,pilot,14000,0.0979020979020979,8,0.75,3,0.2,0.4,1277,1053.0,0.8245888801879405,0.17541111981205948
1,pilot,14000,0.0979020979020979,8,0.75,4,0.4,1.01,1434,1391.0,0.9700139470013946,0.02998605299860535
1,pilot,14000,0.0979020979020979,8,1.0,0,0.0,0.05,224,79.0,0.35267857142857145,0.6473214285714286
1,pilot,14000,0.0979020979020979,8,1.0,1,0.05,0.1,547,274.0,0.5009140767824497,0.4990859232175503
1,pilot,14000,0.0979020979020979,8,1.0,2,0.1,0.2,1126,703.0,0.6243339253996447,0.3756660746003553
1,pilot,14000,0.0979020979020979,8,1.0,3,0.2,0.4,1277,964.0,0.754894283476899,0.24510571652310098
1,pilot,14000,0.0979020979020979,8,1.0,4,0.4,1.01,1434,1344.0,0.9372384937238494,0.06276150627615062
1,pilot,14000,0.0979020979020979,9,0.25,0,0.0,0.05,224,174.0,0.7767857142857143,0.2232142857142857
1,pilot,14000,0.0979020979020979,9,0.25,1,0.05,0.1,547,462.0,0.8446069469835467,0.15539305301645334
1,pilot,14000,0.0979020979020979,9,0.25,2,0.1,0.2,1126,994.0,0.8827708703374778,0.11722912966252219
1,pilot,14000,0.0979020979020979,9,0.25,3,0.2,0.4,1277,1223.0,0.9577133907595928,0.04228660924040717
1,pilot,14000,0.0979020979020979,9,0.25,4,0.4,1.01,1434,1429.0,0.9965132496513249,0.0034867503486750717
1,pilot,14000,0.0979020979020979,9,0.5,0,0.0,0.05,224,141.0,0.6294642857142857,0.3705357142857143
1,pilot,14000,0.0979020979020979,9,0.5,1,0.05,0.1,547,386.0,0.7056672760511883,0.2943327239488117
1,pilot,14000,0.0979020979020979,9,0.5,2,0.1,0.2,1126,880.0,0.7815275310834814,0.21847246891651861
1,pilot,14000,0.0979020979020979,9,0.5,3,0.2,0.4,1277,1154.0,0.9036805011746281,0.09631949882537194
1,pilot,14000,0.0979020979020979,9,0.5,4,0.4,1.01,1434,1415.0,0.9867503486750349,0.01324965132496514
1,pilot,14000,0.0979020979020979,9,0.75,0,0.0,0.05,224,116.0,0.5178571428571429,0.4821428571428571
1,pilot,14000,0.0979020979020979,9,0.75,1,0.05,0.1,547,314.0,0.5740402193784278,0.42595978062157225
1,pilot,14000,0.0979020979020979,9,0.75,2,0.1,0.2,1126,773.0,0.6865008880994672,0.3134991119005328
1,pilot,14000,0.0979020979020979,9,0.75,3,0.2,0.4,1277,1053.0,0.8245888801879405,0.17541111981205948
1,pilot,14000,0.0979020979020979,9,0.75,4,0.4,1.01,1434,1385.0,0.9658298465829847,0.03417015341701535
1,pilot,14000,0.0979020979020979,9,1.0,0,0.0,0.05,224,94.0,0.41964285714285715,0.5803571428571428
1,pilot,14000,0.0979020979020979,9,1.0,1,0.05,0.1,547,268.0,0.489945155393053,0.510054844606947
1,pilot,14000,0.0979020979020979,9,1.0,2,0.1,0.2,1126,666.0,0.5914742451154529,0.4085257548845471
1,pilot,14000,0.0979020979020979,9,1.0,3,0.2,0.4,1277,946.0,0.74079874706343,0.25920125293657004
1,pilot,14000,0.0979020979020979,9,1.0,4,0.4,1.01,1434,1346.0,0.9386331938633193,0.06136680613668066
1,pilot,14000,0.0979020979020979,10,0.25,0,0.0,0.05,224,171.0,0.7633928571428571,0.2366071428571429
1,pilot,14000,0.0979020979020979,10,0.25,1,0.05,0.1,547,438.0,0.8007312614259597,0.19926873857404026
1,pilot,14000,0.0979020979020979,10,0.25,2,0.1,0.2,1126,983.0,0.8730017761989343,0.12699822380106573
1,pilot,14000,0.0979020979020979,10,0.25,3,0.2,0.4,1277,1201.0,0.9404855129209084,0.05951448707909157
1,pilot,14000,0.0979020979020979,10,0.25,4,0.4,1.01,1434,1419.0,0.9895397489539749,0.010460251046025104
1,pilot,14000,0.0979020979020979,10,0.5,0,0.0,0.05,224,127.0,0.5669642857142857,0.4330357142857143
1,pilot,14000,0.0979020979020979,10,0.5,1,0.05,0.1,547,346.0,0.6325411334552102,0.36745886654478976
1,pilot,14000,0.0979020979020979,10,0.5,2,0.1,0.2,1126,862.0,0.7655417406749556,0.23445825932504438
1,pilot,14000,0.0979020979020979,10,0.5,3,0.2,0.4,1277,1099.0,0.860610806577917,0.139389193422083
1,pilot,14000,0.0979020979020979,10,0.5,4,0.4,1.01,1434,1395.0,0.9728033472803347,0.027196652719665315
1,pilot,14000,0.0979020979020979,10,0.75,0,0.0,0.05,224,95.0,0.42410714285714285,0.5758928571428572
1,pilot,14000,0.0979020979020979,10,0.75,1,0.05,0.1,547,277.0,0.506398537477148,0.493601462522852
1,pilot,14000,0.0979020979020979,10,0.75,2,0.1,0.2,1126,733.0,0.6509769094138543,0.34902309058614567
1,pilot,14000,0.0979020979020979,10,0.75,3,0.2,0.4,1277,969.0,0.7588097102584181,0.24119028974158185
1,pilot,14000,0.0979020979020979,10,0.75,4,0.4,1.01,1434,1360.0,0.9483960948396095,0.051603905160390484
1,pilot,14000,0.0979020979020979,10,1.0,0,0.0,0.05,224,78.0,0.3482142857142857,0.6517857142857143
1,pilot,14000,0.0979020979020979,10,1.0,1,0.05,0.1,547,231.0,0.42230347349177333,0.5776965265082267
1,pilot,14000,0.0979020979020979,10,1.0,2,0.1,0.2,1126,612.0,0.5435168738898757,0.4564831261101243
1,pilot,14000,0.0979020979020979,10,1.0,3,0.2,0.4,1277,855.0,0.6695379796397808,0.3304620203602192
1,pilot,14000,0.0979020979020979,10,1.0,4,0.4,1.01,1434,1288.0,0.898186889818689,0.101813110181311
1,pilot,72000,0.5034965034965035,1,0.25,0,0.0,0.05,203,143.0,0.7044334975369458,0.29556650246305416
1,pilot,72000,0.5034965034965035,1,0.25,1,0.05,0.1,471,372.0,0.7898089171974523,0.21019108280254772
1,pilot,72000,0.5034965034965035,1,0.25,2,0.1,0.2,1081,925.0,0.8556891766882516,0.14431082331174838
1,pilot,72000,0.5034965034965035,1,0.25,3,0.2,0.4,1313,1243.0,0.9466869763899467,0.0533130236100533
1,pilot,72000,0.5034965034965035,1,0.25,4,0.4,1.01,1540,1528.0,0.9922077922077922,0.007792207792207795
1,pilot,72000,0.5034965034965035,1,0.5,0,0.0,0.05,203,93.0,0.458128078817734,0.541871921182266
1,pilot,72000,0.5034965034965035,1,0.5,1,0.05,0.1,471,261.0,0.554140127388535,0.445859872611465
1,pilot,72000,0.5034965034965035,1,0.5,2,0.1,0.2,1081,778.0,0.7197039777983348,0.28029602220166516
1,pilot,72000,0.5034965034965035,1,0.5,3,0.2,0.4,1313,1111.0,0.8461538461538461,0.15384615384615385
1,pilot,72000,0.5034965034965035,1,0.5,4,0.4,1.01,1540,1478.0,0.9597402597402598,0.04025974025974022
1,pilot,72000,0.5034965034965035,1,0.75,0,0.0,0.05,203,53.0,0.26108374384236455,0.7389162561576355
1,pilot,72000,0.5034965034965035,1,0.75,1,0.05,0.1,471,191.0,0.40552016985138006,0.5944798301486199
1,pilot,72000,0.5034965034965035,1,0.75,2,0.1,0.2,1081,572.0,0.5291396854764108,0.47086031452358923
1,pilot,72000,0.5034965034965035,1,0.75,3,0.2,0.4,1313,899.0,0.6846915460776847,0.3153084539223153
1,pilot,72000,0.5034965034965035,1,0.75,4,0.4,1.01,1540,1341.0,0.8707792207792208,0.12922077922077924
1,pilot,72000,0.5034965034965035,1,1.0,0,0.0,0.05,203,32.0,0.15763546798029557,0.8423645320197044
1,pilot,72000,0.5034965034965035,1,1.0,1,0.05,0.1,471,129.0,0.27388535031847133,0.7261146496815287
1,pilot,72000,0.5034965034965035,1,1.0,2,0.1,0.2,1081,440.0,0.4070305272895467,0.5929694727104533
1,pilot,72000,0.5034965034965035,1,1.0,3,0.2,0.4,1313,716.0,0.5453160700685453,0.4546839299314547
1,pilot,72000,0.5034965034965035,1,1.0,4,0.4,1.01,1540,1216.0,0.7896103896103897,0.21038961038961035
1,pilot,72000,0.5034965034965035,2,0.25,0,0.0,0.05,203,137.0,0.6748768472906403,0.32512315270935965
1,pilot,72000,0.5034965034965035,2,0.25,1,0.05,0.1,471,373.0,0.7919320594479831,0.20806794055201694
1,pilot,72000,0.5034965034965035,2,0.25,2,0.1,0.2,1081,920.0,0.851063829787234,0.14893617021276595
1,pilot,72000,0.5034965034965035,2,0.25,3,0.2,0.4,1313,1228.0,0.9352627570449352,0.06473724295506478
1,pilot,72000,0.5034965034965035,2,0.25,4,0.4,1.01,1540,1529.0,0.9928571428571429,0.0071428571428571175
1,pilot,72000,0.5034965034965035,2,0.5,0,0.0,0.05,203,93.0,0.458128078817734,0.541871921182266
1,pilot,72000,0.5034965034965035,2,0.5,1,0.05,0.1,471,269.0,0.5711252653927813,0.4288747346072187
1,pilot,72000,0.5034965034965035,2,0.5,2,0.1,0.2,1081,768.0,0.7104532839962997,0.2895467160037003
1,pilot,72000,0.5034965034965035,2,0.5,3,0.2,0.4,1313,1102.0,0.8392993145468393,0.16070068545316074
1,pilot,72000,0.5034965034965035,2,0.5,4,0.4,1.01,1540,1506.0,0.977922077922078,0.02207792207792203
1,pilot,72000,0.5034965034965035,2,0.75,0,0.0,0.05,203,50.0,0.24630541871921183,0.7536945812807881
1,pilot,72000,0.5034965034965035,2,0.75,1,0.05,0.1,471,197.0,0.4182590233545648,0.5817409766454352
1,pilot,72000,0.5034965034965035,2,0.75,2,0.1,0.2,1081,590.0,0.545790934320074,0.454209065679926
1,pilot,72000,0.5034965034965035,2,0.75,3,0.2,0.4,1313,929.0,0.7075399847677075,0.2924600152322925
1,pilot,72000,0.5034965034965035,2,0.75,4,0.4,1.01,1540,1414.0,0.9181818181818182,0.08181818181818179
1,pilot,72000,0.5034965034965035,2,1.0,0,0.0,0.05,203,32.0,0.15763546798029557,0.8423645320197044
1,pilot,72000,0.5034965034965035,2,1.0,1,0.05,0.1,471,123.0,0.2611464968152866,0.7388535031847134
1,pilot,72000,0.5034965034965035,2,1.0,2,0.1,0.2,1081,415.0,0.38390379278445885,0.6160962072155411
1,pilot,72000,0.5034965034965035,2,1.0,3,0.2,0.4,1313,732.0,0.5575019040365575,0.4424980959634425
1,pilot,72000,0.5034965034965035,2,1.0,4,0.4,1.01,1540,1191.0,0.7733766233766234,0.22662337662337662
1,pilot,72000,0.5034965034965035,3,0.25,0,0.0,0.05,203,134.0,0.6600985221674877,0.33990147783251234
1,pilot,72000,0.5034965034965035,3,0.25,1,0.05,0.1,471,354.0,0.7515923566878981,0.24840764331210186
1,pilot,72000,0.5034965034965035,3,0.25,2,0.1,0.2,1081,925.0,0.8556891766882516,0.14431082331174838
1,pilot,72000,0.5034965034965035,3,0.25,3,0.2,0.4,1313,1211.0,0.9223153084539223,0.07768469154607771
1,pilot,72000,0.5034965034965035,3,0.25,4,0.4,1.01,1540,1530.0,0.9935064935064936,0.00649350649350644
1,pilot,72000,0.5034965034965035,3,0.5,0,0.0,0.05,203,74.0,0.3645320197044335,0.6354679802955665
1,pilot,72000,0.5034965034965035,3,0.5,1,0.05,0.1,471,247.0,0.524416135881104,0.47558386411889597
1,pilot,72000,0.5034965034965035,3,0.5,2,0.1,0.2,1081,705.0,0.6521739130434783,0.34782608695652173
1,pilot,72000,0.5034965034965035,3,0.5,3,0.2,0.4,1313,1033.0,0.7867479055597868,0.2132520944402132
1,pilot,72000,0.5034965034965035,3,0.5,4,0.4,1.01,1540,1470.0,0.9545454545454546,0.045454545454545414
1,pilot,72000,0.5034965034965035,3,0.75,0,0.0,0.05,203,37.0,0.18226600985221675,0.8177339901477833
1,pilot,72000,0.5034965034965035,3,0.75,1,0.05,0.1,471,156.0,0.33121019108280253,0.6687898089171975
1,pilot,72000,0.5034965034965035,3,0.75,2,0.1,0.2,1081,496.0,0.4588344125809436,0.5411655874190564
1,pilot,72000,0.5034965034965035,3,0.75,3,0.2,0.4,1313,794.0,0.6047220106626047,0.39527798933739533
1,pilot,72000,0.5034965034965035,3,0.75,4,0.4,1.01,1540,1253.0,0.8136363636363636,0.1863636363636364
1,pilot,72000,0.5034965034965035,3,1.0,0,0.0,0.05,203,18.0,0.08866995073891626,0.9113300492610837
1,pilot,72000,0.5034965034965035,3,1.0,1,0.05,0.1,471,71.0,0.15074309978768577,0.8492569002123143
1,pilot,72000,0.5034965034965035,3,1.0,2,0.1,0.2,1081,239.0,0.22109158186864014,0.7789084181313599
1,pilot,72000,0.5034965034965035,3,1.0,3,0.2,0.4,1313,442.0,0.33663366336633666,0.6633663366336633
1,pilot,72000,0.5034965034965035,3,1.0,4,0.4,1.01,1540,757.0,0.4915584415584416,0.5084415584415585
1,pilot,72000,0.5034965034965035,4,0.25,0,0.0,0.05,203,148.0,0.729064039408867,0.270935960591133
1,pilot,72000,0.5034965034965035,4,0.25,1,0.05,0.1,471,390.0,0.8280254777070064,0.1719745222929936
1,pilot,72000,0.5034965034965035,4,0.25,2,0.1,0.2,1081,942.0,0.8714153561517114,0.1285846438482886
1,pilot,72000,0.5034965034965035,4,0.25,3,0.2,0.4,1313,1234.0,0.9398324447829398,0.06016755521706019
1,pilot,72000,0.5034965034965035,4,0.25,4,0.4,1.01,1540,1537.0,0.9980519480519481,0.001948051948051921
1,pilot,72000,0.5034965034965035,4,0.5,0,0.0,0.05,203,110.0,0.541871921182266,0.458128078817734
1,pilot,72000,0.5034965034965035,4,0.5,1,0.05,0.1,471,315.0,0.6687898089171974,0.3312101910828026
1,pilot,72000,0.5034965034965035,4,0.5,2,0.1,0.2,1081,815.0,0.7539315448658649,0.2460684551341351
1,pilot,72000,0.5034965034965035,4,0.5,3,0.2,0.4,1313,1147.0,0.8735719725818736,0.12642802741812642
1,pilot,72000,0.5034965034965035,4,0.5,4,0.4,1.01,1540,1515.0,0.9837662337662337,0.016233766233766267
1,pilot,72000,0.5034965034965035,4,0.75,0,0.0,0.05,203,78.0,0.3842364532019704,0.6157635467980296
1,pilot,72000,0.5034965034965035,4,0.75,1,0.05,0.1,471,250.0,0.5307855626326964,0.4692144373673036
1,pilot,72000,0.5034965034965035,4,0.75,2,0.1,0.2,1081,704.0,0.6512488436632747,0.34875115633672527
1,pilot,72000,0.5034965034965035,4,0.75,3,0.2,0.4,1313,1010.0,0.7692307692307693,0.23076923076923073
1,pilot,72000,0.5034965034965035,4,0.75,4,0.4,1.01,1540,1470.0,0.9545454545454546,0.045454545454545414
1,pilot,72000,0.5034965034965035,4,1.0,0,0.0,0.05,203,57.0,0.28078817733990147,0.7192118226600985
1,pilot,72000,0.5034965034965035,4,1.0,1,0.05,0.1,471,201.0,0.4267515923566879,0.5732484076433121
1,pilot,72000,0.5034965034965035,4,1.0,2,0.1,0.2,1081,587.0,0.5430157261794635,0.4569842738205365
1,pilot,72000,0.5034965034965035,4,1.0,3,0.2,0.4,1313,896.0,0.6824067022086824,0.3175932977913176
1,pilot,72000,0.5034965034965035,4,1.0,4,0.4,1.01,1540,1386.0,0.9,0.09999999999999998
1,pilot,72000,0.5034965034965035,5,0.25,0,0.0,0.05,203,148.0,0.729064039408867,0.270935960591133
1,pilot,72000,0.5034965034965035,5,0.25,1,0.05,0.1,471,383.0,0.8131634819532909,0.1868365180467091
1,pilot,72000,0.5034965034965035,5,0.25,2,0.1,0.2,1081,943.0,0.8723404255319149,0.12765957446808507
1,pilot,72000,0.5034965034965035,5,0.25,3,0.2,0.4,1313,1249.0,0.9512566641279513,0.04874333587204871
1,pilot,72000,0.5034965034965035,5,0.25,4,0.4,1.01,1540,1537.0,0.9980519480519481,0.001948051948051921
1,pilot,72000,0.5034965034965035,5,0.5,0,0.0,0.05,203,114.0,0.5615763546798029,0.43842364532019706
1,pilot,72000,0.5034965034965035,5,0.5,1,0.05,0.1,471,303.0,0.643312101910828,0.356687898089172
1,pilot,72000,0.5034965034965035,5,0.5,2,0.1,0.2,1081,828.0,0.7659574468085106,0.23404255319148937
1,pilot,72000,0.5034965034965035,5,0.5,3,0.2,0.4,1313,1151.0,0.8766184310738766,0.1233815689261234
1,pilot,72000,0.5034965034965035,5,0.5,4,0.4,1.01,1540,1523.0,0.9889610389610389,0.01103896103896107
1,pilot,72000,0.5034965034965035,5,0.75,0,0.0,0.05,203,79.0,0.3891625615763547,0.6108374384236452
1,pilot,72000,0.5034965034965035,5,0.75,1,0.05,0.1,471,248.0,0.5265392781316348,0.4734607218683652
1,pilot,72000,0.5034965034965035,5,0.75,2,0.1,0.2,1081,709.0,0.6558741905642923,0.3441258094357077
1,pilot,72000,0.5034965034965035,5,0.75,3,0.2,0.4,1313,1039.0,0.7913175932977913,0.20868240670220872
1,pilot,72000,0.5034965034965035,5,0.75,4,0.4,1.01,1540,1483.0,0.962987012987013,0.03701298701298705
1,pilot,72000,0.5034965034965035,5,1.0,0,0.0,0.05,203,60.0,0.2955665024630542,0.7044334975369457
1,pilot,72000,0.5034965034965035,5,1.0,1,0.05,0.1,471,209.0,0.4437367303609342,0.5562632696390658
1,pilot,72000,0.5034965034965035,5,1.0,2,0.1,0.2,1081,598.0,0.5531914893617021,0.44680851063829785
1,pilot,72000,0.5034965034965035,5,1.0,3,0.2,0.4,1313,910.0,0.693069306930693,0.306930693069307
1,pilot,72000,0.5034965034965035,5,1.0,4,0.4,1.01,1540,1416.0,0.9194805194805195,0.08051948051948055
1,pilot,72000,0.5034965034965035,6,0.25,0,0.0,0.05,203,143.0,0.7044334975369458,0.29556650246305416
1,pilot,72000,0.5034965034965035,6,0.25,1,0.05,0.1,471,375.0,0.7961783439490446,0.20382165605095537
1,pilot,72000,0.5034965034965035,6,0.25,2,0.1,0.2,1081,920.0,0.851063829787234,0.14893617021276595
1,pilot,72000,0.5034965034965035,6,0.25,3,0.2,0.4,1313,1249.0,0.9512566641279513,0.04874333587204871
1,pilot,72000,0.5034965034965035,6,0.25,4,0.4,1.01,1540,1535.0,0.9967532467532467,0.0032467532467532756
1,pilot,72000,0.5034965034965035,6,0.5,0,0.0,0.05,203,101.0,0.4975369458128079,0.5024630541871922
1,pilot,72000,0.5034965034965035,6,0.5,1,0.05,0.1,471,293.0,0.6220806794055201,0.37791932059447986
1,pilot,72000,0.5034965034965035,6,0.5,2,0.1,0.2,1081,794.0,0.7345050878815911,0.2654949121184089
1,pilot,72000,0.5034965034965035,6,0.5,3,0.2,0.4,1313,1130.0,0.8606245239908606,0.13937547600913935
1,pilot,72000,0.5034965034965035,6,0.5,4,0.4,1.01,1540,1504.0,0.9766233766233766,0.023376623376623384
1,pilot,72000,0.5034965034965035,6,0.75,0,0.0,0.05,203,78.0,0.3842364532019704,0.6157635467980296
1,pilot,72000,0.5034965034965035,6,0.75,1,0.05,0.1,471,215.0,0.4564755838641189,0.5435244161358811
1,pilot,72000,0.5034965034965035,6,0.75,2,0.1,0.2,1081,650.0,0.6012950971322849,0.3987049028677151
1,pilot,72000,0.5034965034965035,6,0.75,3,0.2,0.4,1313,981.0,0.7471439451637472,0.25285605483625284
1,pilot,72000,0.5034965034965035,6,0.75,4,0.4,1.01,1540,1432.0,0.9298701298701298,0.07012987012987015
1,pilot,72000,0.5034965034965035,6,1.0,0,0.0,0.05,203,46.0,0.22660098522167488,0.7733990147783252
1,pilot,72000,0.5034965034965035,6,1.0,1,0.05,0.1,471,160.0,0.33970276008492567,0.6602972399150744
1,pilot,72000,0.5034965034965035,6,1.0,2,0.1,0.2,1081,531.0,0.49121184088806663,0.5087881591119334
1,pilot,72000,0.5034965034965035,6,1.0,3,0.2,0.4,1313,844.0,0.6428027418126429,0.35719725818735715
1,pilot,72000,0.5034965034965035,6,1.0,4,0.4,1.01,1540,1297.0,0.8422077922077922,0.15779220779220782
1,pilot,72000,0.5034965034965035,7,0.25,0,0.0,0.05,203,150.0,0.7389162561576355,0.26108374384236455
1,pilot,72000,0.5034965034965035,7,0.25,1,0.05,0.1,471,389.0,0.8259023354564756,0.17409766454352438
1,pilot,72000,0.5034965034965035,7,0.25,2,0.1,0.2,1081,963.0,0.8908418131359852,0.1091581868640148
1,pilot,72000,0.5034965034965035,7,0.25,3,0.2,0.4,1313,1250.0,0.952018278750952,0.04798172124904798
1,pilot,72000,0.5034965034965035,7,0.25,4,0.4,1.01,1540,1537.0,0.9980519480519481,0.001948051948051921
1,pilot,72000,0.5034965034965035,7,0.5,0,0.0,0.05,203,114.0,0.5615763546798029,0.43842364532019706
1,pilot,72000,0.5034965034965035,7,0.5,1,0.05,0.1,471,294.0,0.6242038216560509,0.37579617834394907
1,pilot,72000,0.5034965034965035,7,0.5,2,0.1,0.2,1081,835.0,0.7724329324699353,0.22756706753006473
1,pilot,72000,0.5034965034965035,7,0.5,3,0.2,0.4,1313,1161.0,0.8842345773038842,0.11576542269611578
1,pilot,72000,0.5034965034965035,7,0.5,4,0.4,1.01,1540,1519.0,0.9863636363636363,0.013636363636363669
1,pilot,72000,0.5034965034965035,7,0.75,0,0.0,0.05,203,77.0,0.3793103448275862,0.6206896551724138
1,pilot,72000,0.5034965034965035,7,0.75,1,0.05,0.1,471,241.0,0.5116772823779193,0.4883227176220807
1,pilot,72000,0.5034965034965035,7,0.75,2,0.1,0.2,1081,719.0,0.6651248843663274,0.33487511563367256
1,pilot,72000,0.5034965034965035,7,0.75,3,0.2,0.4,1313,1067.0,0.8126428027418127,0.18735719725818734
1,pilot,72000,0.5034965034965035,7,0.75,4,0.4,1.01,1540,1481.0,0.9616883116883117,0.0383116883116883
1,pilot,72000,0.5034965034965035,7,1.0,0,0.0,0.05,203,51.0,0.2512315270935961,0.7487684729064039
1,pilot,72000,0.5034965034965035,7,1.0,1,0.05,0.1,471,199.0,0.42250530785562634,0.5774946921443737
1,pilot,72000,0.5034965034965035,7,1.0,2,0.1,0.2,1081,593.0,0.5485661424606846,0.4514338575393154
1,pilot,72000,0.5034965034965035,7,1.0,3,0.2,0.4,1313,962.0,0.7326732673267327,0.26732673267326734
1,pilot,72000,0.5034965034965035,7,1.0,4,0.4,1.01,1540,1401.0,0.9097402597402597,0.09025974025974026
1,pilot,72000,0.5034965034965035,8,0.25,0,0.0,0.05,203,143.0,0.7044334975369458,0.29556650246305416
1,pilot,72000,0.5034965034965035,8,0.25,1,0.05,0.1,471,376.0,0.7983014861995754,0.20169851380042458
1,pilot,72000,0.5034965034965035,8,0.25,2,0.1,0.2,1081,933.0,0.8630897317298798,0.1369102682701202
1,pilot,72000,0.5034965034965035,8,0.25,3,0.2,0.4,1313,1207.0,0.9192688499619193,0.08073115003808073
1,pilot,72000,0.5034965034965035,8,0.25,4,0.4,1.01,1540,1533.0,0.9954545454545455,0.004545454545454519
1,pilot,72000,0.5034965034965035,8,0.5,0,0.0,0.05,203,100.0,0.49261083743842365,0.5073891625615763
1,pilot,72000,0.5034965034965035,8,0.5,1,0.05,0.1,471,293.0,0.6220806794055201,0.37791932059447986
1,pilot,72000,0.5034965034965035,8,0.5,2,0.1,0.2,1081,794.0,0.7345050878815911,0.2654949121184089
1,pilot,72000,0.5034965034965035,8,0.5,3,0.2,0.4,1313,1083.0,0.8248286367098249,0.17517136329017513
1,pilot,72000,0.5034965034965035,8,0.5,4,0.4,1.01,1540,1502.0,0.9753246753246754,0.024675324675324628
1,pilot,72000,0.5034965034965035,8,0.75,0,0.0,0.05,203,84.0,0.41379310344827586,0.5862068965517242
1,pilot,72000,0.5034965034965035,8,0.75,1,0.05,0.1,471,231.0,0.49044585987261147,0.5095541401273885
1,pilot,72000,0.5034965034965035,8,0.75,2,0.1,0.2,1081,666.0,0.6160962072155411,0.38390379278445885
1,pilot,72000,0.5034965034965035,8,0.75,3,0.2,0.4,1313,953.0,0.7258187357197258,0.27418126428027423
1,pilot,72000,0.5034965034965035,8,0.75,4,0.4,1.01,1540,1437.0,0.9331168831168831,0.06688311688311688
1,pilot,72000,0.5034965034965035,8,1.0,0,0.0,0.05,203,57.0,0.28078817733990147,0.7192118226600985
1,pilot,72000,0.5034965034965035,8,1.0,1,0.05,0.1,471,188.0,0.3991507430997877,0.6008492569002123
1,pilot,72000,0.5034965034965035,8,1.0,2,0.1,0.2,1081,581.0,0.5374653098982424,0.46253469010175763
1,pilot,72000,0.5034965034965035,8,1.0,3,0.2,0.4,1313,840.0,0.6397562833206397,0.3602437166793603
1,pilot,72000,0.5034965034965035,8,1.0,4,0.4,1.01,1540,1349.0,0.875974025974026,0.12402597402597404
1,pilot,72000,0.5034965034965035,9,0.25,0,0.0,0.05,203,147.0,0.7241379310344828,0.27586206896551724
1,pilot,72000,0.5034965034965035,9,0.25,1,0.05,0.1,471,380.0,0.8067940552016986,0.19320594479830144
1,pilot,72000,0.5034965034965035,9,0.25,2,0.1,0.2,1081,930.0,0.8603145235892692,0.1396854764107308
1,pilot,72000,0.5034965034965035,9,0.25,3,0.2,0.4,1313,1232.0,0.9383092155369384,0.06169078446306164
1,pilot,72000,0.5034965034965035,9,0.25,4,0.4,1.01,1540,1532.0,0.9948051948051948,0.0051948051948051965
1,pilot,72000,0.5034965034965035,9,0.5,0,0.0,0.05,203,95.0,0.46798029556650245,0.5320197044334976
1,pilot,72000,0.5034965034965035,9,0.5,1,0.05,0.1,471,306.0,0.6496815286624203,0.35031847133757965
1,pilot,72000,0.5034965034965035,9,0.5,2,0.1,0.2,1081,812.0,0.7511563367252544,0.2488436632747456
1,pilot,72000,0.5034965034965035,9,0.5,3,0.2,0.4,1313,1118.0,0.8514851485148515,0.14851485148514854
1,pilot,72000,0.5034965034965035,9,0.5,4,0.4,1.01,1540,1507.0,0.9785714285714285,0.021428571428571463
1,pilot,72000,0.5034965034965035,9,0.75,0,0.0,0.05,203,64.0,0.31527093596059114,0.6847290640394088
1,pilot,72000,0.5034965034965035,9,0.75,1,0.05,0.1,471,234.0,0.4968152866242038,0.5031847133757962
1,pilot,72000,0.5034965034965035,9,0.75,2,0.1,0.2,1081,666.0,0.6160962072155411,0.38390379278445885
1,pilot,72000,0.5034965034965035,9,0.75,3,0.2,0.4,1313,1006.0,0.7661843107387661,0.23381568926123386
1,pilot,72000,0.5034965034965035,9,0.75,4,0.4,1.01,1540,1453.0,0.9435064935064935,0.056493506493506485
1,pilot,72000,0.5034965034965035,9,1.0,0,0.0,0.05,203,45.0,0.22167487684729065,0.7783251231527093
1,pilot,72000,0.5034965034965035,9,1.0,1,0.05,0.1,471,180.0,0.3821656050955414,0.6178343949044586
1,pilot,72000,0.5034965034965035,9,1.0,2,0.1,0.2,1081,547.0,0.5060129509713228,0.4939870490286772
1,pilot,72000,0.5034965034965035,9,1.0,3,0.2,0.4,1313,897.0,0.6831683168316832,0.3168316831683168
1,pilot,72000,0.5034965034965035,9,1.0,4,0.4,1.01,1540,1351.0,0.8772727272727273,0.12272727272727268
1,pilot,72000,0.5034965034965035,10,0.25,0,0.0,0.05,203,141.0,0.6945812807881774,0.3054187192118226
1,pilot,72000,0.5034965034965035,10,0.25,1,0.05,0.1,471,359.0,0.7622080679405521,0.23779193205944793
1,pilot,72000,0.5034965034965035,10,0.25,2,0.1,0.2,1081,925.0,0.8556891766882516,0.14431082331174838
1,pilot,72000,0.5034965034965035,10,0.25,3,0.2,0.4,1313,1223.0,0.9314546839299315,0.06854531607006853
1,pilot,72000,0.5034965034965035,10,0.25,4,0.4,1.01,1540,1531.0,0.9941558441558441,0.005844155844155874
1,pilot,72000,0.5034965034965035,10,0.5,0,0.0,0.05,203,99.0,0.4876847290640394,0.5123152709359606
1,pilot,72000,0.5034965034965035,10,0.5,1,0.05,0.1,471,289.0,0.613588110403397,0.386411889596603
1,pilot,72000,0.5034965034965035,10,0.5,2,0.1,0.2,1081,776.0,0.7178538390379279,0.2821461609620721
1,pilot,72000,0.5034965034965035,10,0.5,3,0.2,0.4,1313,1112.0,0.8469154607768469,0.15308453922315313
1,pilot,72000,0.5034965034965035,10,0.5,4,0.4,1.01,1540,1499.0,0.9733766233766233,0.02662337662337666
1,pilot,72000,0.5034965034965035,10,0.75,0,0.0,0.05,203,71.0,0.3497536945812808,0.6502463054187192
1,pilot,72000,0.5034965034965035,10,0.75,1,0.05,0.1,471,220.0,0.46709129511677283,0.5329087048832272
1,pilot,72000,0.5034965034965035,10,0.75,2,0.1,0.2,1081,650.0,0.6012950971322849,0.3987049028677151
1,pilot,72000,0.5034965034965035,10,0.75,3,0.2,0.4,1313,977.0,0.7440974866717441,0.25590251332825587
1,pilot,72000,0.5034965034965035,10,0.75,4,0.4,1.01,1540,1428.0,0.9272727272727272,0.07272727272727275
1,pilot,72000,0.5034965034965035,10,1.0,0,0.0,0.05,203,51.0,0.2512315270935961,0.7487684729064039
1,pilot,72000,0.5034965034965035,10,1.0,1,0.05,0.1,471,170.0,0.3609341825902335,0.6390658174097665
1,pilot,72000,0.5034965034965035,10,1.0,2,0.1,0.2,1081,526.0,0.486586493987049,0.513413506012951
1,pilot,72000,0.5034965034965035,10,1.0,3,0.2,0.4,1313,839.0,0.638994668697639,0.361005331302361
1,pilot,72000,0.5034965034965035,10,1.0,4,0.4,1.01,1540,1337.0,0.8681818181818182,0.13181818181818183
1,pilot,143000,1.0,1,0.25,0,0.0,0.05,239,152.0,0.6359832635983264,0.36401673640167365
1,pilot,143000,1.0,1,0.25,1,0.05,0.1,550,402.0,0.730909090909091,0.26909090909090905
1,pilot,143000,1.0,1,0.25,2,0.1,0.2,1062,892.0,0.839924670433145,0.160075329566855
1,pilot,143000,1.0,1,0.25,3,0.2,0.4,1296,1199.0,0.9251543209876543,0.07484567901234573
1,pilot,143000,1.0,1,0.25,4,0.4,1.01,1461,1451.0,0.9931553730321697,0.006844626967830281
1,pilot,143000,1.0,1,0.5,0,0.0,0.05,239,110.0,0.4602510460251046,0.5397489539748954
1,pilot,143000,1.0,1,0.5,1,0.05,0.1,550,297.0,0.54,0.45999999999999996
1,pilot,143000,1.0,1,0.5,2,0.1,0.2,1062,726.0,0.6836158192090396,0.3163841807909604
1,pilot,143000,1.0,1,0.5,3,0.2,0.4,1296,1084.0,0.8364197530864198,0.1635802469135802
1,pilot,143000,1.0,1,0.5,4,0.4,1.01,1461,1409.0,0.9644079397672827,0.035592060232717326
1,pilot,143000,1.0,1,0.75,0,0.0,0.05,239,70.0,0.2928870292887029,0.7071129707112971
1,pilot,143000,1.0,1,0.75,1,0.05,0.1,550,207.0,0.37636363636363634,0.6236363636363637
1,pilot,143000,1.0,1,0.75,2,0.1,0.2,1062,526.0,0.4952919020715631,0.5047080979284368
1,pilot,143000,1.0,1,0.75,3,0.2,0.4,1296,907.0,0.6998456790123457,0.30015432098765427
1,pilot,143000,1.0,1,0.75,4,0.4,1.01,1461,1288.0,0.8815879534565366,0.11841204654346338
1,pilot,143000,1.0,1,1.0,0,0.0,0.05,239,43.0,0.1799163179916318,0.8200836820083682
1,pilot,143000,1.0,1,1.0,1,0.05,0.1,550,145.0,0.2636363636363636,0.7363636363636363
1,pilot,143000,1.0,1,1.0,2,0.1,0.2,1062,381.0,0.3587570621468927,0.6412429378531073
1,pilot,143000,1.0,1,1.0,3,0.2,0.4,1296,706.0,0.5447530864197531,0.45524691358024694
1,pilot,143000,1.0,1,1.0,4,0.4,1.01,1461,1115.0,0.7631759069130732,0.23682409308692676
1,pilot,143000,1.0,2,0.25,0,0.0,0.05,239,147.0,0.6150627615062761,0.38493723849372385
1,pilot,143000,1.0,2,0.25,1,0.05,0.1,550,391.0,0.7109090909090909,0.28909090909090907
1,pilot,143000,1.0,2,0.25,2,0.1,0.2,1062,878.0,0.8267419962335216,0.17325800376647837
1,pilot,143000,1.0,2,0.25,3,0.2,0.4,1296,1177.0,0.908179012345679,0.091820987654321
1,pilot,143000,1.0,2,0.25,4,0.4,1.01,1461,1453.0,0.9945242984257358,0.005475701574264247
1,pilot,143000,1.0,2,0.5,0,0.0,0.05,239,98.0,0.4100418410041841,0.5899581589958158
1,pilot,143000,1.0,2,0.5,1,0.05,0.1,550,309.0,0.5618181818181818,0.43818181818181823
1,pilot,143000,1.0,2,0.5,2,0.1,0.2,1062,742.0,0.6986817325800376,0.30131826741996237
1,pilot,143000,1.0,2,0.5,3,0.2,0.4,1296,1050.0,0.8101851851851852,0.18981481481481477
1,pilot,143000,1.0,2,0.5,4,0.4,1.01,1461,1418.0,0.9705681040383299,0.029431895961670063
1,pilot,143000,1.0,2,0.75,0,0.0,0.05,239,71.0,0.29707112970711297,0.7029288702928871
1,pilot,143000,1.0,2,0.75,1,0.05,0.1,550,200.0,0.36363636363636365,0.6363636363636364
1,pilot,143000,1.0,2,0.75,2,0.1,0.2,1062,551.0,0.5188323917137476,0.4811676082862524
1,pilot,143000,1.0,2,0.75,3,0.2,0.4,1296,874.0,0.6743827160493827,0.3256172839506173
1,pilot,143000,1.0,2,0.75,4,0.4,1.01,1461,1321.0,0.9041752224503764,0.0958247775496236
1,pilot,143000,1.0,2,1.0,0,0.0,0.05,239,26.0,0.1087866108786611,0.891213389121339
1,pilot,143000,1.0,2,1.0,1,0.05,0.1,550,134.0,0.24363636363636362,0.7563636363636363
1,pilot,143000,1.0,2,1.0,2,0.1,0.2,1062,375.0,0.3531073446327684,0.6468926553672316
1,pilot,143000,1.0,2,1.0,3,0.2,0.4,1296,648.0,0.5,0.5
1,pilot,143000,1.0,2,1.0,4,0.4,1.01,1461,1070.0,0.7323750855578371,0.26762491444216285
1,pilot,143000,1.0,3,0.25,0,0.0,0.05,239,145.0,0.606694560669456,0.39330543933054396
1,pilot,143000,1.0,3,0.25,1,0.05,0.1,550,382.0,0.6945454545454546,0.3054545454545454
1,pilot,143000,1.0,3,0.25,2,0.1,0.2,1062,836.0,0.7871939736346516,0.2128060263653484
1,pilot,143000,1.0,3,0.25,3,0.2,0.4,1296,1150.0,0.8873456790123457,0.11265432098765427
1,pilot,143000,1.0,3,0.25,4,0.4,1.01,1461,1446.0,0.9897330595482546,0.010266940451745366
1,pilot,143000,1.0,3,0.5,0,0.0,0.05,239,85.0,0.35564853556485354,0.6443514644351465
1,pilot,143000,1.0,3,0.5,1,0.05,0.1,550,268.0,0.48727272727272725,0.5127272727272727
1,pilot,143000,1.0,3,0.5,2,0.1,0.2,1062,645.0,0.6073446327683616,0.3926553672316384
1,pilot,143000,1.0,3,0.5,3,0.2,0.4,1296,964.0,0.7438271604938271,0.25617283950617287
1,pilot,143000,1.0,3,0.5,4,0.4,1.01,1461,1375.0,0.9411362080766599,0.058863791923340125
1,pilot,143000,1.0,3,0.75,0,0.0,0.05,239,54.0,0.22594142259414227,0.7740585774058577
1,pilot,143000,1.0,3,0.75,1,0.05,0.1,550,182.0,0.33090909090909093,0.6690909090909091
1,pilot,143000,1.0,3,0.75,2,0.1,0.2,1062,437.0,0.4114877589453861,0.588512241054614
1,pilot,143000,1.0,3,0.75,3,0.2,0.4,1296,732.0,0.5648148148148148,0.43518518518518523
1,pilot,143000,1.0,3,0.75,4,0.4,1.01,1461,1134.0,0.7761806981519507,0.22381930184804932
1,pilot,143000,1.0,3,1.0,0,0.0,0.05,239,16.0,0.06694560669456066,0.9330543933054394
1,pilot,143000,1.0,3,1.0,1,0.05,0.1,550,76.0,0.13818181818181818,0.8618181818181818
1,pilot,143000,1.0,3,1.0,2,0.1,0.2,1062,231.0,0.2175141242937853,0.7824858757062148
1,pilot,143000,1.0,3,1.0,3,0.2,0.4,1296,446.0,0.3441358024691358,0.6558641975308642
1,pilot,143000,1.0,3,1.0,4,0.4,1.01,1461,585.0,0.4004106776180698,0.5995893223819302
1,pilot,143000,1.0,4,0.25,0,0.0,0.05,239,137.0,0.5732217573221757,0.42677824267782427
1,pilot,143000,1.0,4,0.25,1,0.05,0.1,550,408.0,0.7418181818181818,0.2581818181818182
1,pilot,143000,1.0,4,0.25,2,0.1,0.2,1062,882.0,0.8305084745762712,0.1694915254237288
1,pilot,143000,1.0,4,0.25,3,0.2,0.4,1296,1183.0,0.9128086419753086,0.08719135802469136
1,pilot,143000,1.0,4,0.25,4,0.4,1.01,1461,1451.0,0.9931553730321697,0.006844626967830281
1,pilot,143000,1.0,4,0.5,0,0.0,0.05,239,104.0,0.4351464435146444,0.5648535564853556
1,pilot,143000,1.0,4,0.5,1,0.05,0.1,550,318.0,0.5781818181818181,0.42181818181818187
1,pilot,143000,1.0,4,0.5,2,0.1,0.2,1062,756.0,0.711864406779661,0.288135593220339
1,pilot,143000,1.0,4,0.5,3,0.2,0.4,1296,1087.0,0.8387345679012346,0.16126543209876543
1,pilot,143000,1.0,4,0.5,4,0.4,1.01,1461,1415.0,0.9685147159479809,0.031485284052019114
1,pilot,143000,1.0,4,0.75,0,0.0,0.05,239,79.0,0.3305439330543933,0.6694560669456067
1,pilot,143000,1.0,4,0.75,1,0.05,0.1,550,248.0,0.4509090909090909,0.5490909090909091
1,pilot,143000,1.0,4,0.75,2,0.1,0.2,1062,637.0,0.5998116760828626,0.40018832391713743
1,pilot,143000,1.0,4,0.75,3,0.2,0.4,1296,970.0,0.7484567901234568,0.2515432098765432
1,pilot,143000,1.0,4,0.75,4,0.4,1.01,1461,1362.0,0.9322381930184805,0.06776180698151946
1,pilot,143000,1.0,4,1.0,0,0.0,0.05,239,65.0,0.2719665271966527,0.7280334728033473
1,pilot,143000,1.0,4,1.0,1,0.05,0.1,550,190.0,0.34545454545454546,0.6545454545454545
1,pilot,143000,1.0,4,1.0,2,0.1,0.2,1062,505.0,0.4755178907721281,0.524482109227872
1,pilot,143000,1.0,4,1.0,3,0.2,0.4,1296,800.0,0.6172839506172839,0.3827160493827161
1,pilot,143000,1.0,4,1.0,4,0.4,1.01,1461,1227.0,0.839835728952772,0.16016427104722797
1,pilot,143000,1.0,5,0.25,0,0.0,0.05,239,147.0,0.6150627615062761,0.38493723849372385
1,pilot,143000,1.0,5,0.25,1,0.05,0.1,550,407.0,0.74,0.26
1,pilot,143000,1.0,5,0.25,2,0.1,0.2,1062,872.0,0.8210922787193974,0.17890772128060262
1,pilot,143000,1.0,5,0.25,3,0.2,0.4,1296,1205.0,0.9297839506172839,0.07021604938271608
1,pilot,143000,1.0,5,0.25,4,0.4,1.01,1461,1452.0,0.9938398357289527,0.006160164271047264
1,pilot,143000,1.0,5,0.5,0,0.0,0.05,239,107.0,0.4476987447698745,0.5523012552301255
1,pilot,143000,1.0,5,0.5,1,0.05,0.1,550,338.0,0.6145454545454545,0.3854545454545455
1,pilot,143000,1.0,5,0.5,2,0.1,0.2,1062,771.0,0.7259887005649718,0.2740112994350282
1,pilot,143000,1.0,5,0.5,3,0.2,0.4,1296,1103.0,0.8510802469135802,0.1489197530864198
1,pilot,143000,1.0,5,0.5,4,0.4,1.01,1461,1428.0,0.9774127310061602,0.022587268993839782
1,pilot,143000,1.0,5,0.75,0,0.0,0.05,239,79.0,0.3305439330543933,0.6694560669456067
1,pilot,143000,1.0,5,0.75,1,0.05,0.1,550,283.0,0.5145454545454545,0.48545454545454547
1,pilot,143000,1.0,5,0.75,2,0.1,0.2,1062,683.0,0.6431261770244822,0.35687382297551784
1,pilot,143000,1.0,5,0.75,3,0.2,0.4,1296,976.0,0.7530864197530864,0.24691358024691357
1,pilot,143000,1.0,5,0.75,4,0.4,1.01,1461,1388.0,0.9500342231348392,0.049965776865160794
1,pilot,143000,1.0,5,1.0,0,0.0,0.05,239,62.0,0.2594142259414226,0.7405857740585774
1,pilot,143000,1.0,5,1.0,1,0.05,0.1,550,226.0,0.4109090909090909,0.5890909090909091
1,pilot,143000,1.0,5,1.0,2,0.1,0.2,1062,555.0,0.5225988700564972,0.4774011299435028
1,pilot,143000,1.0,5,1.0,3,0.2,0.4,1296,843.0,0.6504629629629629,0.3495370370370371
1,pilot,143000,1.0,5,1.0,4,0.4,1.01,1461,1309.0,0.8959616700889802,0.1040383299110198
1,pilot,143000,1.0,6,0.25,0,0.0,0.05,239,160.0,0.6694560669456067,0.33054393305439334
1,pilot,143000,1.0,6,0.25,1,0.05,0.1,550,407.0,0.74,0.26
1,pilot,143000,1.0,6,0.25,2,0.1,0.2,1062,872.0,0.8210922787193974,0.17890772128060262
1,pilot,143000,1.0,6,0.25,3,0.2,0.4,1296,1173.0,0.9050925925925926,0.09490740740740744
1,pilot,143000,1.0,6,0.25,4,0.4,1.01,1461,1453.0,0.9945242984257358,0.005475701574264247
1,pilot,143000,1.0,6,0.5,0,0.0,0.05,239,113.0,0.47280334728033474,0.5271966527196652
1,pilot,143000,1.0,6,0.5,1,0.05,0.1,550,309.0,0.5618181818181818,0.43818181818181823
1,pilot,143000,1.0,6,0.5,2,0.1,0.2,1062,724.0,0.6817325800376648,0.3182674199623352
1,pilot,143000,1.0,6,0.5,3,0.2,0.4,1296,1055.0,0.8140432098765432,0.18595679012345678
1,pilot,143000,1.0,6,0.5,4,0.4,1.01,1461,1411.0,0.9657768651608487,0.03422313483915129
1,pilot,143000,1.0,6,0.75,0,0.0,0.05,239,61.0,0.25523012552301255,0.7447698744769875
1,pilot,143000,1.0,6,0.75,1,0.05,0.1,550,235.0,0.42727272727272725,0.5727272727272728
1,pilot,143000,1.0,6,0.75,2,0.1,0.2,1062,591.0,0.556497175141243,0.443502824858757
1,pilot,143000,1.0,6,0.75,3,0.2,0.4,1296,885.0,0.6828703703703703,0.31712962962962965
1,pilot,143000,1.0,6,0.75,4,0.4,1.01,1461,1293.0,0.8850102669404517,0.1149897330595483
1,pilot,143000,1.0,6,1.0,0,0.0,0.05,239,38.0,0.1589958158995816,0.8410041841004184
1,pilot,143000,1.0,6,1.0,1,0.05,0.1,550,175.0,0.3181818181818182,0.6818181818181819
1,pilot,143000,1.0,6,1.0,2,0.1,0.2,1062,459.0,0.4322033898305085,0.5677966101694916
1,pilot,143000,1.0,6,1.0,3,0.2,0.4,1296,719.0,0.5547839506172839,0.4452160493827161
1,pilot,143000,1.0,6,1.0,4,0.4,1.01,1461,1110.0,0.7597535934291582,0.24024640657084184
1,pilot,143000,1.0,7,0.25,0,0.0,0.05,239,150.0,0.6276150627615062,0.37238493723849375
1,pilot,143000,1.0,7,0.25,1,0.05,0.1,550,416.0,0.7563636363636363,0.24363636363636365
1,pilot,143000,1.0,7,0.25,2,0.1,0.2,1062,888.0,0.8361581920903954,0.16384180790960456
1,pilot,143000,1.0,7,0.25,3,0.2,0.4,1296,1195.0,0.9220679012345679,0.07793209876543206
1,pilot,143000,1.0,7,0.25,4,0.4,1.01,1461,1453.0,0.9945242984257358,0.005475701574264247
1,pilot,143000,1.0,7,0.5,0,0.0,0.05,239,119.0,0.497907949790795,0.502092050209205
1,pilot,143000,1.0,7,0.5,1,0.05,0.1,550,350.0,0.6363636363636364,0.36363636363636365
1,pilot,143000,1.0,7,0.5,2,0.1,0.2,1062,781.0,0.7354048964218456,0.2645951035781544
1,pilot,143000,1.0,7,0.5,3,0.2,0.4,1296,1108.0,0.8549382716049383,0.1450617283950617
1,pilot,143000,1.0,7,0.5,4,0.4,1.01,1461,1442.0,0.9869952087611226,0.013004791238877433
1,pilot,143000,1.0,7,0.75,0,0.0,0.05,239,96.0,0.401673640167364,0.598326359832636
1,pilot,143000,1.0,7,0.75,1,0.05,0.1,550,290.0,0.5272727272727272,0.4727272727272728
1,pilot,143000,1.0,7,0.75,2,0.1,0.2,1062,680.0,0.64030131826742,0.35969868173258
1,pilot,143000,1.0,7,0.75,3,0.2,0.4,1296,998.0,0.7700617283950617,0.2299382716049383
1,pilot,143000,1.0,7,0.75,4,0.4,1.01,1461,1395.0,0.9548254620123203,0.045174537987679675
1,pilot,143000,1.0,7,1.0,0,0.0,0.05,239,72.0,0.301255230125523,0.698744769874477
1,pilot,143000,1.0,7,1.0,1,0.05,0.1,550,231.0,0.42,0.5800000000000001
1,pilot,143000,1.0,7,1.0,2,0.1,0.2,1062,566.0,0.5329566854990584,0.4670433145009416
1,pilot,143000,1.0,7,1.0,3,0.2,0.4,1296,857.0,0.6612654320987654,0.3387345679012346
1,pilot,143000,1.0,7,1.0,4,0.4,1.01,1461,1300.0,0.8898015058179329,0.11019849418206706
1,pilot,143000,1.0,8,0.25,0,0.0,0.05,239,150.0,0.6276150627615062,0.37238493723849375
1,pilot,143000,1.0,8,0.25,1,0.05,0.1,550,419.0,0.7618181818181818,0.23818181818181816
1,pilot,143000,1.0,8,0.25,2,0.1,0.2,1062,900.0,0.847457627118644,0.15254237288135597
1,pilot,143000,1.0,8,0.25,3,0.2,0.4,1296,1208.0,0.9320987654320988,0.0679012345679012
1,pilot,143000,1.0,8,0.25,4,0.4,1.01,1461,1454.0,0.9952087611225188,0.00479123887748123
1,pilot,143000,1.0,8,0.5,0,0.0,0.05,239,118.0,0.49372384937238495,0.506276150627615
1,pilot,143000,1.0,8,0.5,1,0.05,0.1,550,357.0,0.649090909090909,0.35090909090909095
1,pilot,143000,1.0,8,0.5,2,0.1,0.2,1062,794.0,0.7476459510357816,0.2523540489642184
1,pilot,143000,1.0,8,0.5,3,0.2,0.4,1296,1122.0,0.8657407407407407,0.1342592592592593
1,pilot,143000,1.0,8,0.5,4,0.4,1.01,1461,1436.0,0.9828884325804244,0.017111567419575646
1,pilot,143000,1.0,8,0.75,0,0.0,0.05,239,84.0,0.3514644351464435,0.6485355648535565
1,pilot,143000,1.0,8,0.75,1,0.05,0.1,550,293.0,0.5327272727272727,0.4672727272727273
1,pilot,143000,1.0,8,0.75,2,0.1,0.2,1062,682.0,0.6421845574387948,0.35781544256120523
1,pilot,143000,1.0,8,0.75,3,0.2,0.4,1296,1024.0,0.7901234567901234,0.2098765432098766
1,pilot,143000,1.0,8,0.75,4,0.4,1.01,1461,1394.0,0.9541409993155373,0.04585900068446269
1,pilot,143000,1.0,8,1.0,0,0.0,0.05,239,68.0,0.28451882845188287,0.7154811715481171
1,pilot,143000,1.0,8,1.0,1,0.05,0.1,550,227.0,0.4127272727272727,0.5872727272727273
1,pilot,143000,1.0,8,1.0,2,0.1,0.2,1062,573.0,0.53954802259887,0.46045197740113
1,pilot,143000,1.0,8,1.0,3,0.2,0.4,1296,922.0,0.7114197530864198,0.2885802469135802
1,pilot,143000,1.0,8,1.0,4,0.4,1.01,1461,1340.0,0.917180013689254,0.08281998631074605
1,pilot,143000,1.0,9,0.25,0,0.0,0.05,239,167.0,0.698744769874477,0.301255230125523
1,pilot,143000,1.0,9,0.25,1,0.05,0.1,550,419.0,0.7618181818181818,0.23818181818181816
1,pilot,143000,1.0,9,0.25,2,0.1,0.2,1062,897.0,0.844632768361582,0.15536723163841804
1,pilot,143000,1.0,9,0.25,3,0.2,0.4,1296,1213.0,0.9359567901234568,0.06404320987654322
1,pilot,143000,1.0,9,0.25,4,0.4,1.01,1461,1451.0,0.9931553730321697,0.006844626967830281
1,pilot,143000,1.0,9,0.5,0,0.0,0.05,239,114.0,0.4769874476987448,0.5230125523012552
1,pilot,143000,1.0,9,0.5,1,0.05,0.1,550,355.0,0.6454545454545455,0.3545454545454545
1,pilot,143000,1.0,9,0.5,2,0.1,0.2,1062,776.0,0.7306967984934086,0.26930320150659137
1,pilot,143000,1.0,9,0.5,3,0.2,0.4,1296,1132.0,0.8734567901234568,0.12654320987654322
1,pilot,143000,1.0,9,0.5,4,0.4,1.01,1461,1424.0,0.974674880219028,0.02532511978097196
1,pilot,143000,1.0,9,0.75,0,0.0,0.05,239,83.0,0.3472803347280335,0.6527196652719665
1,pilot,143000,1.0,9,0.75,1,0.05,0.1,550,273.0,0.49636363636363634,0.5036363636363637
1,pilot,143000,1.0,9,0.75,2,0.1,0.2,1062,677.0,0.6374764595103578,0.3625235404896422
1,pilot,143000,1.0,9,0.75,3,0.2,0.4,1296,1032.0,0.7962962962962963,0.20370370370370372
1,pilot,143000,1.0,9,0.75,4,0.4,1.01,1461,1377.0,0.9425051334702259,0.05749486652977409
1,pilot,143000,1.0,9,1.0,0,0.0,0.05,239,56.0,0.23430962343096234,0.7656903765690377
1,pilot,143000,1.0,9,1.0,1,0.05,0.1,550,216.0,0.3927272727272727,0.6072727272727273
1,pilot,143000,1.0,9,1.0,2,0.1,0.2,1062,572.0,0.5386064030131826,0.46139359698681737
1,pilot,143000,1.0,9,1.0,3,0.2,0.4,1296,902.0,0.6959876543209876,0.30401234567901236
1,pilot,143000,1.0,9,1.0,4,0.4,1.01,1461,1298.0,0.8884325804243669,0.1115674195756331
1,pilot,143000,1.0,10,0.25,0,0.0,0.05,239,127.0,0.5313807531380753,0.4686192468619247
1,pilot,143000,1.0,10,0.25,1,0.05,0.1,550,356.0,0.6472727272727272,0.3527272727272728
1,pilot,143000,1.0,10,0.25,2,0.1,0.2,1062,797.0,0.7504708097928436,0.24952919020715636
1,pilot,143000,1.0,10,0.25,3,0.2,0.4,1296,1126.0,0.8688271604938271,0.13117283950617287
1,pilot,143000,1.0,10,0.25,4,0.4,1.01,1461,1445.0,0.9890485968514716,0.010951403148528382
1,pilot,143000,1.0,10,0.5,0,0.0,0.05,239,96.0,0.401673640167364,0.598326359832636
1,pilot,143000,1.0,10,0.5,1,0.05,0.1,550,257.0,0.4672727272727273,0.5327272727272727
1,pilot,143000,1.0,10,0.5,2,0.1,0.2,1062,624.0,0.5875706214689266,0.4124293785310734
1,pilot,143000,1.0,10,0.5,3,0.2,0.4,1296,906.0,0.6990740740740741,0.30092592592592593
1,pilot,143000,1.0,10,0.5,4,0.4,1.01,1461,1359.0,0.9301848049281314,0.06981519507186862
1,pilot,143000,1.0,10,0.75,0,0.0,0.05,239,56.0,0.23430962343096234,0.7656903765690377
1,pilot,143000,1.0,10,0.75,1,0.05,0.1,550,187.0,0.34,0.6599999999999999
1,pilot,143000,1.0,10,0.75,2,0.1,0.2,1062,466.0,0.4387947269303202,0.5612052730696798
1,pilot,143000,1.0,10,0.75,3,0.2,0.4,1296,718.0,0.5540123456790124,0.44598765432098764
1,pilot,143000,1.0,10,0.75,4,0.4,1.01,1461,1242.0,0.8501026694045175,0.1498973305954825
1,pilot,143000,1.0,10,1.0,0,0.0,0.05,239,49.0,0.20502092050209206,0.7949790794979079
1,pilot,143000,1.0,10,1.0,1,0.05,0.1,550,151.0,0.27454545454545454,0.7254545454545455
1,pilot,143000,1.0,10,1.0,2,0.1,0.2,1062,362.0,0.3408662900188324,0.6591337099811676
1,pilot,143000,1.0,10,1.0,3,0.2,0.4,1296,606.0,0.4675925925925926,0.5324074074074074
1,pilot,143000,1.0,10,1.0,4,0.4,1.01,1461,1101.0,0.7535934291581109,0.2464065708418891
4,pilot,14000,0.0979020979020979,1,0.25,0,0.0,0.05,252,192.0,0.7619047619047619,0.23809523809523814
4,pilot,14000,0.0979020979020979,1,0.25,1,0.05,0.1,558,470.0,0.8422939068100358,0.1577060931899642
4,pilot,14000,0.0979020979020979,1,0.25,2,0.1,0.2,1099,979.0,0.8908098271155596,0.10919017288444044
4,pilot,14000,0.0979020979020979,1,0.25,3,0.2,0.4,1357,1289.0,0.9498894620486367,0.05011053795136333
4,pilot,14000,0.0979020979020979,1,0.25,4,0.4,1.01,1342,1335.0,0.9947839046199702,0.005216095380029762
4,pilot,14000,0.0979020979020979,1,0.5,0,0.0,0.05,252,141.0,0.5595238095238095,0.44047619047619047
4,pilot,14000,0.0979020979020979,1,0.5,1,0.05,0.1,558,394.0,0.7060931899641577,0.2939068100358423
4,pilot,14000,0.0979020979020979,1,0.5,2,0.1,0.2,1099,845.0,0.7688808007279345,0.23111919927206548
4,pilot,14000,0.0979020979020979,1,0.5,3,0.2,0.4,1357,1204.0,0.8872512896094326,0.11274871039056744
4,pilot,14000,0.0979020979020979,1,0.5,4,0.4,1.01,1342,1315.0,0.9798807749627422,0.020119225037257826
4,pilot,14000,0.0979020979020979,1,0.75,0,0.0,0.05,252,94.0,0.373015873015873,0.626984126984127
4,pilot,14000,0.0979020979020979,1,0.75,1,0.05,0.1,558,298.0,0.5340501792114696,0.4659498207885304
4,pilot,14000,0.0979020979020979,1,0.75,2,0.1,0.2,1099,694.0,0.6314831665150137,0.3685168334849863
4,pilot,14000,0.0979020979020979,1,0.75,3,0.2,0.4,1357,1087.0,0.8010316875460575,0.19896831245394253
4,pilot,14000,0.0979020979020979,1,0.75,4,0.4,1.01,1342,1276.0,0.9508196721311475,0.049180327868852514
4,pilot,14000,0.0979020979020979,1,1.0,0,0.0,0.05,252,70.0,0.2777777777777778,0.7222222222222222
4,pilot,14000,0.0979020979020979,1,1.0,1,0.05,0.1,558,239.0,0.4283154121863799,0.5716845878136201
4,pilot,14000,0.0979020979020979,1,1.0,2,0.1,0.2,1099,564.0,0.5131938125568699,0.4868061874431301
4,pilot,14000,0.0979020979020979,1,1.0,3,0.2,0.4,1357,915.0,0.6742815033161386,0.32571849668386144
4,pilot,14000,0.0979020979020979,1,1.0,4,0.4,1.01,1342,1190.0,0.886736214605067,0.11326378539493298
4,pilot,14000,0.0979020979020979,2,0.25,0,0.0,0.05,252,177.0,0.7023809523809523,0.29761904761904767
4,pilot,14000,0.0979020979020979,2,0.25,1,0.05,0.1,558,450.0,0.8064516129032258,0.19354838709677424
4,pilot,14000,0.0979020979020979,2,0.25,2,0.1,0.2,1099,963.0,0.8762511373976342,0.12374886260236584
4,pilot,14000,0.0979020979020979,2,0.25,3,0.2,0.4,1357,1265.0,0.9322033898305084,0.06779661016949157
4,pilot,14000,0.0979020979020979,2,0.25,4,0.4,1.01,1342,1334.0,0.9940387481371088,0.005961251862891204
4,pilot,14000,0.0979020979020979,2,0.5,0,0.0,0.05,252,126.0,0.5,0.5
4,pilot,14000,0.0979020979020979,2,0.5,1,0.05,0.1,558,348.0,0.6236559139784946,0.3763440860215054
4,pilot,14000,0.0979020979020979,2,0.5,2,0.1,0.2,1099,823.0,0.7488626023657871,0.25113739763421294
4,pilot,14000,0.0979020979020979,2,0.5,3,0.2,0.4,1357,1137.0,0.8378776713338246,0.16212232866617537
4,pilot,14000,0.0979020979020979,2,0.5,4,0.4,1.01,1342,1300.0,0.9687034277198212,0.03129657228017879
4,pilot,14000,0.0979020979020979,2,0.75,0,0.0,0.05,252,82.0,0.3253968253968254,0.6746031746031746
4,pilot,14000,0.0979020979020979,2,0.75,1,0.05,0.1,558,276.0,0.4946236559139785,0.5053763440860215
4,pilot,14000,0.0979020979020979,2,0.75,2,0.1,0.2,1099,670.0,0.6096451319381255,0.39035486806187447
4,pilot,14000,0.0979020979020979,2,0.75,3,0.2,0.4,1357,963.0,0.709653647752395,0.29034635224760497
4,pilot,14000,0.0979020979020979,2,0.75,4,0.4,1.01,1342,1221.0,0.9098360655737705,0.0901639344262295
4,pilot,14000,0.0979020979020979,2,1.0,0,0.0,0.05,252,50.0,0.1984126984126984,0.8015873015873016
4,pilot,14000,0.0979020979020979,2,1.0,1,0.05,0.1,558,196.0,0.35125448028673834,0.6487455197132617
4,pilot,14000,0.0979020979020979,2,1.0,2,0.1,0.2,1099,497.0,0.45222929936305734,0.5477707006369427
4,pilot,14000,0.0979020979020979,2,1.0,3,0.2,0.4,1357,750.0,0.552689756816507,0.447310243183493
4,pilot,14000,0.0979020979020979,2,1.0,4,0.4,1.01,1342,1080.0,0.8047690014903129,0.19523099850968706
4,pilot,14000,0.0979020979020979,3,0.25,0,0.0,0.05,252,188.0,0.746031746031746,0.25396825396825395
4,pilot,14000,0.0979020979020979,3,0.25,1,0.05,0.1,558,476.0,0.8530465949820788,0.1469534050179212
4,pilot,14000,0.0979020979020979,3,0.25,2,0.1,0.2,1099,986.0,0.8971792538671519,0.10282074613284808
4,pilot,14000,0.0979020979020979,3,0.25,3,0.2,0.4,1357,1301.0,0.9587324981577008,0.041267501842299215
4,pilot,14000,0.0979020979020979,3,0.25,4,0.4,1.01,1342,1337.0,0.996274217585693,0.0037257824143069884
4,pilot,14000,0.0979020979020979,3,0.5,0,0.0,0.05,252,138.0,0.5476190476190477,0.45238095238095233
4,pilot,14000,0.0979020979020979,3,0.5,1,0.05,0.1,558,388.0,0.6953405017921147,0.3046594982078853
4,pilot,14000,0.0979020979020979,3,0.5,2,0.1,0.2,1099,854.0,0.7770700636942676,0.22292993630573243
4,pilot,14000,0.0979020979020979,3,0.5,3,0.2,0.4,1357,1213.0,0.8938835666912307,0.1061164333087693
4,pilot,14000,0.0979020979020979,3,0.5,4,0.4,1.01,1342,1321.0,0.9843517138599106,0.015648286140089396
4,pilot,14000,0.0979020979020979,3,0.75,0,0.0,0.05,252,101.0,0.4007936507936508,0.5992063492063492
4,pilot,14000,0.0979020979020979,3,0.75,1,0.05,0.1,558,328.0,0.5878136200716846,0.4121863799283154
4,pilot,14000,0.0979020979020979,3,0.75,2,0.1,0.2,1099,738.0,0.6715195632393085,0.3284804367606915
4,pilot,14000,0.0979020979020979,3,0.75,3,0.2,0.4,1357,1105.0,0.8142962417096536,0.18570375829034635
4,pilot,14000,0.0979020979020979,3,0.75,4,0.4,1.01,1342,1290.0,0.9612518628912071,0.03874813710879288
4,pilot,14000,0.0979020979020979,3,1.0,0,0.0,0.05,252,67.0,0.26587301587301587,0.7341269841269842
4,pilot,14000,0.0979020979020979,3,1.0,1,0.05,0.1,558,233.0,0.4175627240143369,0.5824372759856631
4,pilot,14000,0.0979020979020979,3,1.0,2,0.1,0.2,1099,612.0,0.556869881710646,0.443130118289354
4,pilot,14000,0.0979020979020979,3,1.0,3,0.2,0.4,1357,940.0,0.6927044952100221,0.3072955047899779
4,pilot,14000,0.0979020979020979,3,1.0,4,0.4,1.01,1342,1216.0,0.9061102831594635,0.09388971684053649
4,pilot,14000,0.0979020979020979,4,0.25,0,0.0,0.05,252,193.0,0.7658730158730159,0.23412698412698407
4,pilot,14000,0.0979020979020979,4,0.25,1,0.05,0.1,558,465.0,0.8333333333333334,0.16666666666666663
4,pilot,14000,0.0979020979020979,4,0.25,2,0.1,0.2,1099,981.0,0.8926296633303002,0.10737033666969975
4,pilot,14000,0.0979020979020979,4,0.25,3,0.2,0.4,1357,1286.0,0.9476787030213707,0.052321296978629306
4,pilot,14000,0.0979020979020979,4,0.25,4,0.4,1.01,1342,1337.0,0.996274217585693,0.0037257824143069884
4,pilot,14000,0.0979020979020979,4,0.5,0,0.0,0.05,252,140.0,0.5555555555555556,0.4444444444444444
4,pilot,14000,0.0979020979020979,4,0.5,1,0.05,0.1,558,370.0,0.6630824372759857,0.3369175627240143
4,pilot,14000,0.0979020979020979,4,0.5,2,0.1,0.2,1099,850.0,0.7734303912647862,0.2265696087352138
4,pilot,14000,0.0979020979020979,4,0.5,3,0.2,0.4,1357,1192.0,0.8784082535003684,0.12159174649963156
4,pilot,14000,0.0979020979020979,4,0.5,4,0.4,1.01,1342,1323.0,0.9858420268256334,0.014157973174366623
4,pilot,14000,0.0979020979020979,4,0.75,0,0.0,0.05,252,100.0,0.3968253968253968,0.6031746031746033
4,pilot,14000,0.0979020979020979,4,0.75,1,0.05,0.1,558,286.0,0.5125448028673835,0.48745519713261654
4,pilot,14000,0.0979020979020979,4,0.75,2,0.1,0.2,1099,690.0,0.6278434940855323,0.3721565059144677
4,pilot,14000,0.0979020979020979,4,0.75,3,0.2,0.4,1357,1042.0,0.7678703021370671,0.23212969786293292
4,pilot,14000,0.0979020979020979,4,0.75,4,0.4,1.01,1342,1272.0,0.9478390461997019,0.05216095380029806
4,pilot,14000,0.0979020979020979,4,1.0,0,0.0,0.05,252,59.0,0.23412698412698413,0.7658730158730158
4,pilot,14000,0.0979020979020979,4,1.0,1,0.05,0.1,558,182.0,0.32616487455197135,0.6738351254480286
4,pilot,14000,0.0979020979020979,4,1.0,2,0.1,0.2,1099,442.0,0.4021838034576888,0.5978161965423112
4,pilot,14000,0.0979020979020979,4,1.0,3,0.2,0.4,1357,777.0,0.5725865880619012,0.4274134119380988
4,pilot,14000,0.0979020979020979,4,1.0,4,0.4,1.01,1342,1057.0,0.7876304023845008,0.21236959761549923
4,pilot,14000,0.0979020979020979,5,0.25,0,0.0,0.05,252,192.0,0.7619047619047619,0.23809523809523814
4,pilot,14000,0.0979020979020979,5,0.25,1,0.05,0.1,558,472.0,0.8458781362007168,0.15412186379928317
4,pilot,14000,0.0979020979020979,5,0.25,2,0.1,0.2,1099,977.0,0.8889899909008189,0.11101000909918113
4,pilot,14000,0.0979020979020979,5,0.25,3,0.2,0.4,1357,1301.0,0.9587324981577008,0.041267501842299215
4,pilot,14000,0.0979020979020979,5,0.25,4,0.4,1.01,1342,1337.0,0.996274217585693,0.0037257824143069884
4,pilot,14000,0.0979020979020979,5,0.5,0,0.0,0.05,252,154.0,0.6111111111111112,0.38888888888888884
4,pilot,14000,0.0979020979020979,5,0.5,1,0.05,0.1,558,416.0,0.7455197132616488,0.2544802867383512
4,pilot,14000,0.0979020979020979,5,0.5,2,0.1,0.2,1099,871.0,0.7925386715195633,0.20746132848043675
4,pilot,14000,0.0979020979020979,5,0.5,3,0.2,0.4,1357,1222.0,0.9005158437730287,0.09948415622697127
4,pilot,14000,0.0979020979020979,5,0.5,4,0.4,1.01,1342,1318.0,0.9821162444113264,0.01788375558867361
4,pilot,14000,0.0979020979020979,5,0.75,0,0.0,0.05,252,117.0,0.4642857142857143,0.5357142857142857
4,pilot,14000,0.0979020979020979,5,0.75,1,0.05,0.1,558,348.0,0.6236559139784946,0.3763440860215054
4,pilot,14000,0.0979020979020979,5,0.75,2,0.1,0.2,1099,768.0,0.6988171064604186,0.3011828935395814
4,pilot,14000,0.0979020979020979,5,0.75,3,0.2,0.4,1357,1131.0,0.8334561532792926,0.16654384672070743
4,pilot,14000,0.0979020979020979,5,0.75,4,0.4,1.01,1342,1284.0,0.9567809239940388,0.0432190760059612
4,pilot,14000,0.0979020979020979,5,1.0,0,0.0,0.05,252,92.0,0.36507936507936506,0.6349206349206349
4,pilot,14000,0.0979020979020979,5,1.0,1,0.05,0.1,558,281.0,0.503584229390681,0.49641577060931896
4,pilot,14000,0.0979020979020979,5,1.0,2,0.1,0.2,1099,670.0,0.6096451319381255,0.39035486806187447
4,pilot,14000,0.0979020979020979,5,1.0,3,0.2,0.4,1357,1026.0,0.7560795873249816,0.2439204126750184
4,pilot,14000,0.0979020979020979,5,1.0,4,0.4,1.01,1342,1250.0,0.9314456035767511,0.0685543964232489
4,pilot,14000,0.0979020979020979,6,0.25,0,0.0,0.05,252,175.0,0.6944444444444444,0.3055555555555556
4,pilot,14000,0.0979020979020979,6,0.25,1,0.05,0.1,558,452.0,0.8100358422939068,0.1899641577060932
4,pilot,14000,0.0979020979020979,6,0.25,2,0.1,0.2,1099,983.0,0.8944494995450409,0.10555050045495906
4,pilot,14000,0.0979020979020979,6,0.25,3,0.2,0.4,1357,1284.0,0.94620486366986,0.05379513633013999
4,pilot,14000,0.0979020979020979,6,0.25,4,0.4,1.01,1342,1335.0,0.9947839046199702,0.005216095380029762
4,pilot,14000,0.0979020979020979,6,0.5,0,0.0,0.05,252,133.0,0.5277777777777778,0.4722222222222222
4,pilot,14000,0.0979020979020979,6,0.5,1,0.05,0.1,558,380.0,0.6810035842293907,0.31899641577060933
4,pilot,14000,0.0979020979020979,6,0.5,2,0.1,0.2,1099,870.0,0.7916287534121929,0.20837124658780715
4,pilot,14000,0.0979020979020979,6,0.5,3,0.2,0.4,1357,1189.0,0.8761974944731025,0.12380250552689753
4,pilot,14000,0.0979020979020979,6,0.5,4,0.4,1.01,1342,1322.0,0.9850968703427719,0.014903129657228065
4,pilot,14000,0.0979020979020979,6,0.75,0,0.0,0.05,252,111.0,0.44047619047619047,0.5595238095238095
4,pilot,14000,0.0979020979020979,6,0.75,1,0.05,0.1,558,318.0,0.5698924731182796,0.4301075268817204
4,pilot,14000,0.0979020979020979,6,0.75,2,0.1,0.2,1099,760.0,0.6915377616014559,0.30846223839854414
4,pilot,14000,0.0979020979020979,6,0.75,3,0.2,0.4,1357,1038.0,0.7649226234340457,0.2350773765659543
4,pilot,14000,0.0979020979020979,6,0.75,4,0.4,1.01,1342,1273.0,0.9485842026825634,0.05141579731743662
4,pilot,14000,0.0979020979020979,6,1.0,0,0.0,0.05,252,88.0,0.3492063492063492,0.6507936507936508
4,pilot,14000,0.0979020979020979,6,1.0,1,0.05,0.1,558,255.0,0.45698924731182794,0.543010752688172
4,pilot,14000,0.0979020979020979,6,1.0,2,0.1,0.2,1099,645.0,0.5868971792538672,0.4131028207461328
4,pilot,14000,0.0979020979020979,6,1.0,3,0.2,0.4,1357,920.0,0.6779661016949152,0.3220338983050848
4,pilot,14000,0.0979020979020979,6,1.0,4,0.4,1.01,1342,1142.0,0.8509687034277198,0.1490312965722802
4,pilot,14000,0.0979020979020979,7,0.25,0,0.0,0.05,252,200.0,0.7936507936507936,0.2063492063492064
4,pilot,14000,0.0979020979020979,7,0.25,1,0.05,0.1,558,465.0,0.8333333333333334,0.16666666666666663
4,pilot,14000,0.0979020979020979,7,0.25,2,0.1,0.2,1099,985.0,0.8962693357597816,0.10373066424021837
4,pilot,14000,0.0979020979020979,7,0.25,3,0.2,0.4,1357,1270.0,0.9358879882092852,0.0641120117907148
4,pilot,14000,0.0979020979020979,7,0.25,4,0.4,1.01,1342,1335.0,0.9947839046199702,0.005216095380029762
4,pilot,14000,0.0979020979020979,7,0.5,0,0.0,0.05,252,154.0,0.6111111111111112,0.38888888888888884
4,pilot,14000,0.0979020979020979,7,0.5,1,0.05,0.1,558,398.0,0.7132616487455197,0.28673835125448033
4,pilot,14000,0.0979020979020979,7,0.5,2,0.1,0.2,1099,887.0,0.8070973612374887,0.19290263876251135
4,pilot,14000,0.0979020979020979,7,0.5,3,0.2,0.4,1357,1183.0,0.8717759764185704,0.1282240235814296
4,pilot,14000,0.0979020979020979,7,0.5,4,0.4,1.01,1342,1321.0,0.9843517138599106,0.015648286140089396
4,pilot,14000,0.0979020979020979,7,0.75,0,0.0,0.05,252,126.0,0.5,0.5
4,pilot,14000,0.0979020979020979,7,0.75,1,0.05,0.1,558,338.0,0.6057347670250897,0.39426523297491034
4,pilot,14000,0.0979020979020979,7,0.75,2,0.1,0.2,1099,806.0,0.7333939945404914,0.26660600545950863
4,pilot,14000,0.0979020979020979,7,0.75,3,0.2,0.4,1357,1086.0,0.8002947678703022,0.19970523212969782
4,pilot,14000,0.0979020979020979,7,0.75,4,0.4,1.01,1342,1298.0,0.9672131147540983,0.032786885245901676
4,pilot,14000,0.0979020979020979,7,1.0,0,0.0,0.05,252,95.0,0.376984126984127,0.623015873015873
4,pilot,14000,0.0979020979020979,7,1.0,1,0.05,0.1,558,274.0,0.4910394265232975,0.5089605734767024
4,pilot,14000,0.0979020979020979,7,1.0,2,0.1,0.2,1099,710.0,0.6460418562329391,0.3539581437670609
4,pilot,14000,0.0979020979020979,7,1.0,3,0.2,0.4,1357,996.0,0.7339719970523213,0.2660280029476787
4,pilot,14000,0.0979020979020979,7,1.0,4,0.4,1.01,1342,1257.0,0.936661698956781,0.06333830104321903
4,pilot,14000,0.0979020979020979,8,0.25,0,0.0,0.05,252,190.0,0.753968253968254,0.24603174603174605
4,pilot,14000,0.0979020979020979,8,0.25,1,0.05,0.1,558,470.0,0.8422939068100358,0.1577060931899642
4,pilot,14000,0.0979020979020979,8,0.25,2,0.1,0.2,1099,995.0,0.905368516833485,0.09463148316651504
4,pilot,14000,0.0979020979020979,8,0.25,3,0.2,0.4,1357,1300.0,0.9579955784819455,0.0420044215180545
4,pilot,14000,0.0979020979020979,8,0.25,4,0.4,1.01,1342,1335.0,0.9947839046199702,0.005216095380029762
4,pilot,14000,0.0979020979020979,8,0.5,0,0.0,0.05,252,140.0,0.5555555555555556,0.4444444444444444
4,pilot,14000,0.0979020979020979,8,0.5,1,0.05,0.1,558,390.0,0.6989247311827957,0.30107526881720426
4,pilot,14000,0.0979020979020979,8,0.5,2,0.1,0.2,1099,881.0,0.8016378525932666,0.1983621474067334
4,pilot,14000,0.0979020979020979,8,0.5,3,0.2,0.4,1357,1232.0,0.9078850405305822,0.09211495946941783
4,pilot,14000,0.0979020979020979,8,0.5,4,0.4,1.01,1342,1323.0,0.9858420268256334,0.014157973174366623
4,pilot,14000,0.0979020979020979,8,0.75,0,0.0,0.05,252,105.0,0.4166666666666667,0.5833333333333333
4,pilot,14000,0.0979020979020979,8,0.75,1,0.05,0.1,558,322.0,0.5770609318996416,0.4229390681003584
4,pilot,14000,0.0979020979020979,8,0.75,2,0.1,0.2,1099,791.0,0.7197452229299363,0.28025477707006374
4,pilot,14000,0.0979020979020979,8,0.75,3,0.2,0.4,1357,1143.0,0.8422991893883567,0.15770081061164332
4,pilot,14000,0.0979020979020979,8,0.75,4,0.4,1.01,1342,1300.0,0.9687034277198212,0.03129657228017879
4,pilot,14000,0.0979020979020979,8,1.0,0,0.0,0.05,252,77.0,0.3055555555555556,0.6944444444444444
4,pilot,14000,0.0979020979020979,8,1.0,1,0.05,0.1,558,273.0,0.489247311827957,0.510752688172043
4,pilot,14000,0.0979020979020979,8,1.0,2,0.1,0.2,1099,690.0,0.6278434940855323,0.3721565059144677
4,pilot,14000,0.0979020979020979,8,1.0,3,0.2,0.4,1357,1039.0,0.765659543109801,0.234340456890199
4,pilot,14000,0.0979020979020979,8,1.0,4,0.4,1.01,1342,1271.0,0.9470938897168405,0.0529061102831595
4,pilot,14000,0.0979020979020979,9,0.25,0,0.0,0.05,252,195.0,0.7738095238095238,0.22619047619047616
4,pilot,14000,0.0979020979020979,9,0.25,1,0.05,0.1,558,470.0,0.8422939068100358,0.1577060931899642
4,pilot,14000,0.0979020979020979,9,0.25,2,0.1,0.2,1099,990.0,0.9008189262966333,0.0991810737033667
4,pilot,14000,0.0979020979020979,9,0.25,3,0.2,0.4,1357,1304.0,0.9609432571849669,0.03905674281503313
4,pilot,14000,0.0979020979020979,9,0.25,4,0.4,1.01,1342,1331.0,0.9918032786885246,0.008196721311475419
4,pilot,14000,0.0979020979020979,9,0.5,0,0.0,0.05,252,151.0,0.5992063492063492,0.4007936507936508
4,pilot,14000,0.0979020979020979,9,0.5,1,0.05,0.1,558,400.0,0.7168458781362007,0.2831541218637993
4,pilot,14000,0.0979020979020979,9,0.5,2,0.1,0.2,1099,885.0,0.805277525022748,0.19472247497725204
4,pilot,14000,0.0979020979020979,9,0.5,3,0.2,0.4,1357,1221.0,0.8997789240972734,0.10022107590272655
4,pilot,14000,0.0979020979020979,9,0.5,4,0.4,1.01,1342,1320.0,0.9836065573770492,0.016393442622950838
4,pilot,14000,0.0979020979020979,9,0.75,0,0.0,0.05,252,118.0,0.46825396825396826,0.5317460317460317
4,pilot,14000,0.0979020979020979,9,0.75,1,0.05,0.1,558,330.0,0.5913978494623656,0.4086021505376344
4,pilot,14000,0.0979020979020979,9,0.75,2,0.1,0.2,1099,787.0,0.716105550500455,0.283894449499545
4,pilot,14000,0.0979020979020979,9,0.75,3,0.2,0.4,1357,1145.0,0.8437730287398674,0.15622697126013263
4,pilot,14000,0.0979020979020979,9,0.75,4,0.4,1.01,1342,1296.0,0.9657228017883756,0.03427719821162445
4,pilot,14000,0.0979020979020979,9,1.0,0,0.0,0.05,252,98.0,0.3888888888888889,0.6111111111111112
4,pilot,14000,0.0979020979020979,9,1.0,1,0.05,0.1,558,276.0,0.4946236559139785,0.5053763440860215
4,pilot,14000,0.0979020979020979,9,1.0,2,0.1,0.2,1099,694.0,0.6314831665150137,0.3685168334849863
4,pilot,14000,0.0979020979020979,9,1.0,3,0.2,0.4,1357,1035.0,0.7627118644067796,0.23728813559322037
4,pilot,14000,0.0979020979020979,9,1.0,4,0.4,1.01,1342,1258.0,0.9374068554396423,0.0625931445603577
4,pilot,14000,0.0979020979020979,10,0.25,0,0.0,0.05,252,187.0,0.7420634920634921,0.2579365079365079
4,pilot,14000,0.0979020979020979,10,0.25,1,0.05,0.1,558,450.0,0.8064516129032258,0.19354838709677424
4,pilot,14000,0.0979020979020979,10,0.25,2,0.1,0.2,1099,980.0,0.89171974522293,0.10828025477707004
4,pilot,14000,0.0979020979020979,10,0.25,3,0.2,0.4,1357,1280.0,0.9432571849668386,0.056742815033161365
4,pilot,14000,0.0979020979020979,10,0.25,4,0.4,1.01,1342,1334.0,0.9940387481371088,0.005961251862891204
4,pilot,14000,0.0979020979020979,10,0.5,0,0.0,0.05,252,140.0,0.5555555555555556,0.4444444444444444
4,pilot,14000,0.0979020979020979,10,0.5,1,0.05,0.1,558,378.0,0.6774193548387096,0.32258064516129037
4,pilot,14000,0.0979020979020979,10,0.5,2,0.1,0.2,1099,856.0,0.7788898999090081,0.22111010009099186
4,pilot,14000,0.0979020979020979,10,0.5,3,0.2,0.4,1357,1175.0,0.8658806190125277,0.13411938098747234
4,pilot,14000,0.0979020979020979,10,0.5,4,0.4,1.01,1342,1327.0,0.988822652757079,0.011177347242920965
4,pilot,14000,0.0979020979020979,10,0.75,0,0.0,0.05,252,119.0,0.4722222222222222,0.5277777777777778
4,pilot,14000,0.0979020979020979,10,0.75,1,0.05,0.1,558,311.0,0.557347670250896,0.44265232974910396
4,pilot,14000,0.0979020979020979,10,0.75,2,0.1,0.2,1099,753.0,0.6851683348498635,0.3148316651501365
4,pilot,14000,0.0979020979020979,10,0.75,3,0.2,0.4,1357,1068.0,0.787030213706706,0.212969786293294
4,pilot,14000,0.0979020979020979,10,0.75,4,0.4,1.01,1342,1286.0,0.9582712369597616,0.041728763040238426
4,pilot,14000,0.0979020979020979,10,1.0,0,0.0,0.05,252,101.0,0.4007936507936508,0.5992063492063492
4,pilot,14000,0.0979020979020979,10,1.0,1,0.05,0.1,558,251.0,0.449820788530466,0.5501792114695341
4,pilot,14000,0.0979020979020979,10,1.0,2,0.1,0.2,1099,650.0,0.5914467697907189,0.40855323020928114
4,pilot,14000,0.0979020979020979,10,1.0,3,0.2,0.4,1357,979.0,0.7214443625644805,0.2785556374355195
4,pilot,14000,0.0979020979020979,10,1.0,4,0.4,1.01,1342,1250.0,0.9314456035767511,0.0685543964232489
4,pilot,72000,0.5034965034965035,1,0.25,0,0.0,0.05,228,158.0,0.6929824561403509,0.3070175438596491
4,pilot,72000,0.5034965034965035,1,0.25,1,0.05,0.1,537,433.0,0.8063314711359404,0.1936685288640596
4,pilot,72000,0.5034965034965035,1,0.25,2,0.1,0.2,1104,963.0,0.8722826086956522,0.12771739130434778
4,pilot,72000,0.5034965034965035,1,0.25,3,0.2,0.4,1290,1229.0,0.9527131782945737,0.04728682170542631
4,pilot,72000,0.5034965034965035,1,0.25,4,0.4,1.01,1449,1440.0,0.9937888198757764,0.006211180124223614
4,pilot,72000,0.5034965034965035,1,0.5,0,0.0,0.05,228,107.0,0.4692982456140351,0.5307017543859649
4,pilot,72000,0.5034965034965035,1,0.5,1,0.05,0.1,537,330.0,0.6145251396648045,0.3854748603351955
4,pilot,72000,0.5034965034965035,1,0.5,2,0.1,0.2,1104,791.0,0.7164855072463768,0.28351449275362317
4,pilot,72000,0.5034965034965035,1,0.5,3,0.2,0.4,1290,1101.0,0.8534883720930233,0.1465116279069767
4,pilot,72000,0.5034965034965035,1,0.5,4,0.4,1.01,1449,1410.0,0.9730848861283644,0.026915113871635588
4,pilot,72000,0.5034965034965035,1,0.75,0,0.0,0.05,228,66.0,0.2894736842105263,0.7105263157894737
4,pilot,72000,0.5034965034965035,1,0.75,1,0.05,0.1,537,240.0,0.44692737430167595,0.553072625698324
4,pilot,72000,0.5034965034965035,1,0.75,2,0.1,0.2,1104,626.0,0.5670289855072463,0.43297101449275366
4,pilot,72000,0.5034965034965035,1,0.75,3,0.2,0.4,1290,939.0,0.727906976744186,0.27209302325581397
4,pilot,72000,0.5034965034965035,1,0.75,4,0.4,1.01,1449,1330.0,0.9178743961352657,0.08212560386473433
4,pilot,72000,0.5034965034965035,1,1.0,0,0.0,0.05,228,37.0,0.16228070175438597,0.8377192982456141
4,pilot,72000,0.5034965034965035,1,1.0,1,0.05,0.1,537,173.0,0.3221601489757914,0.6778398510242085
4,pilot,72000,0.5034965034965035,1,1.0,2,0.1,0.2,1104,456.0,0.41304347826086957,0.5869565217391304
4,pilot,72000,0.5034965034965035,1,1.0,3,0.2,0.4,1290,743.0,0.575968992248062,0.424031007751938
4,pilot,72000,0.5034965034965035,1,1.0,4,0.4,1.01,1449,1159.0,0.7998619737750172,0.20013802622498278
4,pilot,72000,0.5034965034965035,2,0.25,0,0.0,0.05,228,142.0,0.6228070175438597,0.3771929824561403
4,pilot,72000,0.5034965034965035,2,0.25,1,0.05,0.1,537,422.0,0.7858472998137802,0.2141527001862198
4,pilot,72000,0.5034965034965035,2,0.25,2,0.1,0.2,1104,947.0,0.8577898550724637,0.14221014492753625
4,pilot,72000,0.5034965034965035,2,0.25,3,0.2,0.4,1290,1199.0,0.9294573643410853,0.07054263565891472
4,pilot,72000,0.5034965034965035,2,0.25,4,0.4,1.01,1449,1442.0,0.9951690821256038,0.004830917874396157
4,pilot,72000,0.5034965034965035,2,0.5,0,0.0,0.05,228,96.0,0.42105263157894735,0.5789473684210527
4,pilot,72000,0.5034965034965035,2,0.5,1,0.05,0.1,537,318.0,0.5921787709497207,0.4078212290502793
4,pilot,72000,0.5034965034965035,2,0.5,2,0.1,0.2,1104,773.0,0.7001811594202898,0.2998188405797102
4,pilot,72000,0.5034965034965035,2,0.5,3,0.2,0.4,1290,1067.0,0.8271317829457364,0.17286821705426358
4,pilot,72000,0.5034965034965035,2,0.5,4,0.4,1.01,1449,1386.0,0.9565217391304348,0.04347826086956519
4,pilot,72000,0.5034965034965035,2,0.75,0,0.0,0.05,228,61.0,0.2675438596491228,0.7324561403508771
4,pilot,72000,0.5034965034965035,2,0.75,1,0.05,0.1,537,209.0,0.3891992551210428,0.6108007448789572
4,pilot,72000,0.5034965034965035,2,0.75,2,0.1,0.2,1104,580.0,0.5253623188405797,0.4746376811594203
4,pilot,72000,0.5034965034965035,2,0.75,3,0.2,0.4,1290,874.0,0.6775193798449612,0.32248062015503876
4,pilot,72000,0.5034965034965035,2,0.75,4,0.4,1.01,1449,1278.0,0.8819875776397516,0.11801242236024845
4,pilot,72000,0.5034965034965035,2,1.0,0,0.0,0.05,228,36.0,0.15789473684210525,0.8421052631578947
4,pilot,72000,0.5034965034965035,2,1.0,1,0.05,0.1,537,128.0,0.2383612662942272,0.7616387337057728
4,pilot,72000,0.5034965034965035,2,1.0,2,0.1,0.2,1104,382.0,0.34601449275362317,0.6539855072463768
4,pilot,72000,0.5034965034965035,2,1.0,3,0.2,0.4,1290,624.0,0.48372093023255813,0.5162790697674419
4,pilot,72000,0.5034965034965035,2,1.0,4,0.4,1.01,1449,1090.0,0.7522429261559697,0.24775707384403034
4,pilot,72000,0.5034965034965035,3,0.25,0,0.0,0.05,228,163.0,0.7149122807017544,0.2850877192982456
4,pilot,72000,0.5034965034965035,3,0.25,1,0.05,0.1,537,438.0,0.8156424581005587,0.1843575418994413
4,pilot,72000,0.5034965034965035,3,0.25,2,0.1,0.2,1104,966.0,0.875,0.125
4,pilot,72000,0.5034965034965035,3,0.25,3,0.2,0.4,1290,1217.0,0.9434108527131783,0.05658914728682174
4,pilot,72000,0.5034965034965035,3,0.25,4,0.4,1.01,1449,1447.0,0.9986197377501725,0.0013802622498274575
4,pilot,72000,0.5034965034965035,3,0.5,0,0.0,0.05,228,115.0,0.5043859649122807,0.4956140350877193
4,pilot,72000,0.5034965034965035,3,0.5,1,0.05,0.1,537,345.0,0.6424581005586593,0.35754189944134074
4,pilot,72000,0.5034965034965035,3,0.5,2,0.1,0.2,1104,824.0,0.7463768115942029,0.2536231884057971
4,pilot,72000,0.5034965034965035,3,0.5,3,0.2,0.4,1290,1116.0,0.8651162790697674,0.1348837209302326
4,pilot,72000,0.5034965034965035,3,0.5,4,0.4,1.01,1449,1426.0,0.9841269841269841,0.015873015873015928
4,pilot,72000,0.5034965034965035,3,0.75,0,0.0,0.05,228,74.0,0.32456140350877194,0.6754385964912281
4,pilot,72000,0.5034965034965035,3,0.75,1,0.05,0.1,537,259.0,0.4823091247672253,0.5176908752327747
4,pilot,72000,0.5034965034965035,3,0.75,2,0.1,0.2,1104,688.0,0.6231884057971014,0.37681159420289856
4,pilot,72000,0.5034965034965035,3,0.75,3,0.2,0.4,1290,986.0,0.7643410852713178,0.23565891472868217
4,pilot,72000,0.5034965034965035,3,0.75,4,0.4,1.01,1449,1362.0,0.9399585921325052,0.06004140786749479
4,pilot,72000,0.5034965034965035,3,1.0,0,0.0,0.05,228,51.0,0.2236842105263158,0.7763157894736842
4,pilot,72000,0.5034965034965035,3,1.0,1,0.05,0.1,537,186.0,0.3463687150837989,0.6536312849162011
4,pilot,72000,0.5034965034965035,3,1.0,2,0.1,0.2,1104,530.0,0.48007246376811596,0.519927536231884
4,pilot,72000,0.5034965034965035,3,1.0,3,0.2,0.4,1290,822.0,0.6372093023255814,0.3627906976744186
4,pilot,72000,0.5034965034965035,3,1.0,4,0.4,1.01,1449,1246.0,0.8599033816425121,0.14009661835748788
4,pilot,72000,0.5034965034965035,4,0.25,0,0.0,0.05,228,156.0,0.6842105263157895,0.3157894736842105
4,pilot,72000,0.5034965034965035,4,0.25,1,0.05,0.1,537,411.0,0.7653631284916201,0.23463687150837986
4,pilot,72000,0.5034965034965035,4,0.25,2,0.1,0.2,1104,966.0,0.875,0.125
4,pilot,72000,0.5034965034965035,4,0.25,3,0.2,0.4,1290,1197.0,0.9279069767441861,0.0720930232558139
4,pilot,72000,0.5034965034965035,4,0.25,4,0.4,1.01,1449,1441.0,0.9944789510006902,0.00552104899930983
4,pilot,72000,0.5034965034965035,4,0.5,0,0.0,0.05,228,89.0,0.39035087719298245,0.6096491228070176
4,pilot,72000,0.5034965034965035,4,0.5,1,0.05,0.1,537,306.0,0.5698324022346368,0.4301675977653632
4,pilot,72000,0.5034965034965035,4,0.5,2,0.1,0.2,1104,783.0,0.7092391304347826,0.2907608695652174
4,pilot,72000,0.5034965034965035,4,0.5,3,0.2,0.4,1290,1073.0,0.8317829457364341,0.16821705426356592
4,pilot,72000,0.5034965034965035,4,0.5,4,0.4,1.01,1449,1400.0,0.966183574879227,0.033816425120772986
4,pilot,72000,0.5034965034965035,4,0.75,0,0.0,0.05,228,67.0,0.29385964912280704,0.706140350877193
4,pilot,72000,0.5034965034965035,4,0.75,1,0.05,0.1,537,199.0,0.37057728119180633,0.6294227188081937
4,pilot,72000,0.5034965034965035,4,0.75,2,0.1,0.2,1104,627.0,0.5679347826086957,0.4320652173913043
4,pilot,72000,0.5034965034965035,4,0.75,3,0.2,0.4,1290,893.0,0.6922480620155039,0.30775193798449607
4,pilot,72000,0.5034965034965035,4,0.75,4,0.4,1.01,1449,1314.0,0.906832298136646,0.09316770186335399
4,pilot,72000,0.5034965034965035,4,1.0,0,0.0,0.05,228,24.0,0.10526315789473684,0.8947368421052632
4,pilot,72000,0.5034965034965035,4,1.0,1,0.05,0.1,537,98.0,0.1824953445065177,0.8175046554934823
4,pilot,72000,0.5034965034965035,4,1.0,2,0.1,0.2,1104,332.0,0.3007246376811594,0.6992753623188406
4,pilot,72000,0.5034965034965035,4,1.0,3,0.2,0.4,1290,588.0,0.4558139534883721,0.5441860465116279
4,pilot,72000,0.5034965034965035,4,1.0,4,0.4,1.01,1449,938.0,0.6473429951690821,0.3526570048309179
4,pilot,72000,0.5034965034965035,5,0.25,0,0.0,0.05,228,158.0,0.6929824561403509,0.3070175438596491
4,pilot,72000,0.5034965034965035,5,0.25,1,0.05,0.1,537,438.0,0.8156424581005587,0.1843575418994413
4,pilot,72000,0.5034965034965035,5,0.25,2,0.1,0.2,1104,952.0,0.8623188405797102,0.1376811594202898
4,pilot,72000,0.5034965034965035,5,0.25,3,0.2,0.4,1290,1223.0,0.9480620155038759,0.05193798449612408
4,pilot,72000,0.5034965034965035,5,0.25,4,0.4,1.01,1449,1443.0,0.9958592132505176,0.0041407867494823725
4,pilot,72000,0.5034965034965035,5,0.5,0,0.0,0.05,228,127.0,0.5570175438596491,0.4429824561403509
4,pilot,72000,0.5034965034965035,5,0.5,1,0.05,0.1,537,353.0,0.6573556797020484,0.34264432029795155
4,pilot,72000,0.5034965034965035,5,0.5,2,0.1,0.2,1104,838.0,0.7590579710144928,0.2409420289855072
4,pilot,72000,0.5034965034965035,5,0.5,3,0.2,0.4,1290,1144.0,0.8868217054263566,0.11317829457364337
4,pilot,72000,0.5034965034965035,5,0.5,4,0.4,1.01,1449,1415.0,0.9765355417529331,0.02346445824706689
4,pilot,72000,0.5034965034965035,5,0.75,0,0.0,0.05,228,97.0,0.42543859649122806,0.5745614035087719
4,pilot,72000,0.5034965034965035,5,0.75,1,0.05,0.1,537,288.0,0.5363128491620112,0.46368715083798884
4,pilot,72000,0.5034965034965035,5,0.75,2,0.1,0.2,1104,722.0,0.6539855072463768,0.34601449275362317
4,pilot,72000,0.5034965034965035,5,0.75,3,0.2,0.4,1290,1035.0,0.8023255813953488,0.19767441860465118
4,pilot,72000,0.5034965034965035,5,0.75,4,0.4,1.01,1449,1365.0,0.9420289855072463,0.05797101449275366
4,pilot,72000,0.5034965034965035,5,1.0,0,0.0,0.05,228,76.0,0.3333333333333333,0.6666666666666667
4,pilot,72000,0.5034965034965035,5,1.0,1,0.05,0.1,537,247.0,0.45996275605214154,0.5400372439478585
4,pilot,72000,0.5034965034965035,5,1.0,2,0.1,0.2,1104,626.0,0.5670289855072463,0.43297101449275366
4,pilot,72000,0.5034965034965035,5,1.0,3,0.2,0.4,1290,937.0,0.7263565891472868,0.27364341085271315
4,pilot,72000,0.5034965034965035,5,1.0,4,0.4,1.01,1449,1302.0,0.8985507246376812,0.10144927536231885
4,pilot,72000,0.5034965034965035,6,0.25,0,0.0,0.05,228,163.0,0.7149122807017544,0.2850877192982456
4,pilot,72000,0.5034965034965035,6,0.25,1,0.05,0.1,537,428.0,0.7970204841713222,0.2029795158286778
4,pilot,72000,0.5034965034965035,6,0.25,2,0.1,0.2,1104,944.0,0.855072463768116,0.14492753623188404
4,pilot,72000,0.5034965034965035,6,0.25,3,0.2,0.4,1290,1201.0,0.9310077519379845,0.06899224806201554
4,pilot,72000,0.5034965034965035,6,0.25,4,0.4,1.01,1449,1441.0,0.9944789510006902,0.00552104899930983
4,pilot,72000,0.5034965034965035,6,0.5,0,0.0,0.05,228,103.0,0.4517543859649123,0.5482456140350878
4,pilot,72000,0.5034965034965035,6,0.5,1,0.05,0.1,537,348.0,0.6480446927374302,0.35195530726256985
4,pilot,72000,0.5034965034965035,6,0.5,2,0.1,0.2,1104,792.0,0.717391304347826,0.28260869565217395
4,pilot,72000,0.5034965034965035,6,0.5,3,0.2,0.4,1290,1102.0,0.8542635658914729,0.1457364341085271
4,pilot,72000,0.5034965034965035,6,0.5,4,0.4,1.01,1449,1406.0,0.9703243616287095,0.029675638371290503
4,pilot,72000,0.5034965034965035,6,0.75,0,0.0,0.05,228,75.0,0.32894736842105265,0.6710526315789473
4,pilot,72000,0.5034965034965035,6,0.75,1,0.05,0.1,537,255.0,0.4748603351955307,0.5251396648044693
4,pilot,72000,0.5034965034965035,6,0.75,2,0.1,0.2,1104,658.0,0.5960144927536232,0.40398550724637683
4,pilot,72000,0.5034965034965035,6,0.75,3,0.2,0.4,1290,972.0,0.7534883720930232,0.24651162790697678
4,pilot,72000,0.5034965034965035,6,0.75,4,0.4,1.01,1449,1304.0,0.8999309868875086,0.10006901311249139
4,pilot,72000,0.5034965034965035,6,1.0,0,0.0,0.05,228,54.0,0.23684210526315788,0.7631578947368421
4,pilot,72000,0.5034965034965035,6,1.0,1,0.05,0.1,537,188.0,0.3500931098696462,0.6499068901303537
4,pilot,72000,0.5034965034965035,6,1.0,2,0.1,0.2,1104,526.0,0.47644927536231885,0.5235507246376812
4,pilot,72000,0.5034965034965035,6,1.0,3,0.2,0.4,1290,820.0,0.6356589147286822,0.3643410852713178
4,pilot,72000,0.5034965034965035,6,1.0,4,0.4,1.01,1449,1140.0,0.7867494824016563,0.21325051759834368
4,pilot,72000,0.5034965034965035,7,0.25,0,0.0,0.05,228,167.0,0.7324561403508771,0.26754385964912286
4,pilot,72000,0.5034965034965035,7,0.25,1,0.05,0.1,537,450.0,0.8379888268156425,0.16201117318435754
4,pilot,72000,0.5034965034965035,7,0.25,2,0.1,0.2,1104,976.0,0.8840579710144928,0.1159420289855072
4,pilot,72000,0.5034965034965035,7,0.25,3,0.2,0.4,1290,1214.0,0.9410852713178295,0.058914728682170514
4,pilot,72000,0.5034965034965035,7,0.25,4,0.4,1.01,1449,1447.0,0.9986197377501725,0.0013802622498274575
4,pilot,72000,0.5034965034965035,7,0.5,0,0.0,0.05,228,118.0,0.5175438596491229,0.48245614035087714
4,pilot,72000,0.5034965034965035,7,0.5,1,0.05,0.1,537,356.0,0.6629422718808193,0.33705772811918067
4,pilot,72000,0.5034965034965035,7,0.5,2,0.1,0.2,1104,847.0,0.7672101449275363,0.23278985507246375
4,pilot,72000,0.5034965034965035,7,0.5,3,0.2,0.4,1290,1145.0,0.8875968992248062,0.11240310077519378
4,pilot,72000,0.5034965034965035,7,0.5,4,0.4,1.01,1449,1430.0,0.9868875086266391,0.013112491373360902
4,pilot,72000,0.5034965034965035,7,0.75,0,0.0,0.05,228,91.0,0.3991228070175439,0.6008771929824561
4,pilot,72000,0.5034965034965035,7,0.75,1,0.05,0.1,537,291.0,0.5418994413407822,0.45810055865921784
4,pilot,72000,0.5034965034965035,7,0.75,2,0.1,0.2,1104,741.0,0.6711956521739131,0.3288043478260869
4,pilot,72000,0.5034965034965035,7,0.75,3,0.2,0.4,1290,1029.0,0.7976744186046512,0.20232558139534884
4,pilot,72000,0.5034965034965035,7,0.75,4,0.4,1.01,1449,1406.0,0.9703243616287095,0.029675638371290503
4,pilot,72000,0.5034965034965035,7,1.0,0,0.0,0.05,228,65.0,0.2850877192982456,0.7149122807017544
4,pilot,72000,0.5034965034965035,7,1.0,1,0.05,0.1,537,235.0,0.4376163873370577,0.5623836126629422
4,pilot,72000,0.5034965034965035,7,1.0,2,0.1,0.2,1104,610.0,0.552536231884058,0.447463768115942
4,pilot,72000,0.5034965034965035,7,1.0,3,0.2,0.4,1290,914.0,0.7085271317829457,0.2914728682170543
4,pilot,72000,0.5034965034965035,7,1.0,4,0.4,1.01,1449,1343.0,0.9268461007591442,0.0731538992408558
4,pilot,72000,0.5034965034965035,8,0.25,0,0.0,0.05,228,153.0,0.6710526315789473,0.32894736842105265
4,pilot,72000,0.5034965034965035,8,0.25,1,0.05,0.1,537,426.0,0.7932960893854749,0.2067039106145251
4,pilot,72000,0.5034965034965035,8,0.25,2,0.1,0.2,1104,976.0,0.8840579710144928,0.1159420289855072
4,pilot,72000,0.5034965034965035,8,0.25,3,0.2,0.4,1290,1223.0,0.9480620155038759,0.05193798449612408
4,pilot,72000,0.5034965034965035,8,0.25,4,0.4,1.01,1449,1442.0,0.9951690821256038,0.004830917874396157
4,pilot,72000,0.5034965034965035,8,0.5,0,0.0,0.05,228,117.0,0.5131578947368421,0.48684210526315785
4,pilot,72000,0.5034965034965035,8,0.5,1,0.05,0.1,537,339.0,0.6312849162011173,0.36871508379888274
4,pilot,72000,0.5034965034965035,8,0.5,2,0.1,0.2,1104,848.0,0.7681159420289855,0.23188405797101452
4,pilot,72000,0.5034965034965035,8,0.5,3,0.2,0.4,1290,1132.0,0.8775193798449612,0.1224806201550388
4,pilot,72000,0.5034965034965035,8,0.5,4,0.4,1.01,1449,1430.0,0.9868875086266391,0.013112491373360902
4,pilot,72000,0.5034965034965035,8,0.75,0,0.0,0.05,228,90.0,0.39473684210526316,0.6052631578947368
4,pilot,72000,0.5034965034965035,8,0.75,1,0.05,0.1,537,276.0,0.5139664804469274,0.4860335195530726
4,pilot,72000,0.5034965034965035,8,0.75,2,0.1,0.2,1104,747.0,0.6766304347826086,0.32336956521739135
4,pilot,72000,0.5034965034965035,8,0.75,3,0.2,0.4,1290,1034.0,0.8015503875968992,0.19844961240310077
4,pilot,72000,0.5034965034965035,8,0.75,4,0.4,1.01,1449,1396.0,0.9634230503795721,0.0365769496204279
4,pilot,72000,0.5034965034965035,8,1.0,0,0.0,0.05,228,67.0,0.29385964912280704,0.706140350877193
4,pilot,72000,0.5034965034965035,8,1.0,1,0.05,0.1,537,217.0,0.40409683426443205,0.595903165735568
4,pilot,72000,0.5034965034965035,8,1.0,2,0.1,0.2,1104,624.0,0.5652173913043478,0.4347826086956522
4,pilot,72000,0.5034965034965035,8,1.0,3,0.2,0.4,1290,920.0,0.7131782945736435,0.28682170542635654
4,pilot,72000,0.5034965034965035,8,1.0,4,0.4,1.01,1449,1338.0,0.9233954451345756,0.07660455486542439
4,pilot,72000,0.5034965034965035,9,0.25,0,0.0,0.05,228,161.0,0.706140350877193,0.29385964912280704
4,pilot,72000,0.5034965034965035,9,0.25,1,0.05,0.1,537,437.0,0.813780260707635,0.18621973929236502
4,pilot,72000,0.5034965034965035,9,0.25,2,0.1,0.2,1104,965.0,0.8740942028985508,0.12590579710144922
4,pilot,72000,0.5034965034965035,9,0.25,3,0.2,0.4,1290,1204.0,0.9333333333333333,0.06666666666666665
4,pilot,72000,0.5034965034965035,9,0.25,4,0.4,1.01,1449,1444.0,0.9965493443754313,0.0034506556245686992
4,pilot,72000,0.5034965034965035,9,0.5,0,0.0,0.05,228,113.0,0.4956140350877193,0.5043859649122807
4,pilot,72000,0.5034965034965035,9,0.5,1,0.05,0.1,537,341.0,0.6350093109869647,0.36499068901303533
4,pilot,72000,0.5034965034965035,9,0.5,2,0.1,0.2,1104,787.0,0.7128623188405797,0.2871376811594203
4,pilot,72000,0.5034965034965035,9,0.5,3,0.2,0.4,1290,1096.0,0.8496124031007752,0.15038759689922476
4,pilot,72000,0.5034965034965035,9,0.5,4,0.4,1.01,1449,1413.0,0.9751552795031055,0.024844720496894457
4,pilot,72000,0.5034965034965035,9,0.75,0,0.0,0.05,228,69.0,0.3026315789473684,0.6973684210526316
4,pilot,72000,0.5034965034965035,9,0.75,1,0.05,0.1,537,258.0,0.48044692737430167,0.5195530726256983
4,pilot,72000,0.5034965034965035,9,0.75,2,0.1,0.2,1104,653.0,0.5914855072463768,0.40851449275362317
4,pilot,72000,0.5034965034965035,9,0.75,3,0.2,0.4,1290,953.0,0.7387596899224806,0.26124031007751936
4,pilot,72000,0.5034965034965035,9,0.75,4,0.4,1.01,1449,1349.0,0.9309868875086267,0.06901311249137332
4,pilot,72000,0.5034965034965035,9,1.0,0,0.0,0.05,228,46.0,0.20175438596491227,0.7982456140350878
4,pilot,72000,0.5034965034965035,9,1.0,1,0.05,0.1,537,207.0,0.3854748603351955,0.6145251396648045
4,pilot,72000,0.5034965034965035,9,1.0,2,0.1,0.2,1104,533.0,0.48278985507246375,0.5172101449275363
4,pilot,72000,0.5034965034965035,9,1.0,3,0.2,0.4,1290,800.0,0.6201550387596899,0.3798449612403101
4,pilot,72000,0.5034965034965035,9,1.0,4,0.4,1.01,1449,1247.0,0.8605935127674258,0.1394064872325742
4,pilot,72000,0.5034965034965035,10,0.25,0,0.0,0.05,228,164.0,0.7192982456140351,0.2807017543859649
4,pilot,72000,0.5034965034965035,10,0.25,1,0.05,0.1,537,429.0,0.7988826815642458,0.2011173184357542
4,pilot,72000,0.5034965034965035,10,0.25,2,0.1,0.2,1104,952.0,0.8623188405797102,0.1376811594202898
4,pilot,72000,0.5034965034965035,10,0.25,3,0.2,0.4,1290,1201.0,0.9310077519379845,0.06899224806201554
4,pilot,72000,0.5034965034965035,10,0.25,4,0.4,1.01,1449,1437.0,0.9917184265010351,0.008281573498964856
4,pilot,72000,0.5034965034965035,10,0.5,0,0.0,0.05,228,127.0,0.5570175438596491,0.4429824561403509
4,pilot,72000,0.5034965034965035,10,0.5,1,0.05,0.1,537,335.0,0.6238361266294227,0.37616387337057733
4,pilot,72000,0.5034965034965035,10,0.5,2,0.1,0.2,1104,815.0,0.7382246376811594,0.2617753623188406
4,pilot,72000,0.5034965034965035,10,0.5,3,0.2,0.4,1290,1090.0,0.8449612403100775,0.15503875968992253
4,pilot,72000,0.5034965034965035,10,0.5,4,0.4,1.01,1449,1404.0,0.968944099378882,0.03105590062111796
4,pilot,72000,0.5034965034965035,10,0.75,0,0.0,0.05,228,96.0,0.42105263157894735,0.5789473684210527
4,pilot,72000,0.5034965034965035,10,0.75,1,0.05,0.1,537,274.0,0.5102420856610801,0.4897579143389199
4,pilot,72000,0.5034965034965035,10,0.75,2,0.1,0.2,1104,692.0,0.6268115942028986,0.37318840579710144
4,pilot,72000,0.5034965034965035,10,0.75,3,0.2,0.4,1290,989.0,0.7666666666666667,0.23333333333333328
4,pilot,72000,0.5034965034965035,10,0.75,4,0.4,1.01,1449,1352.0,0.9330572808833678,0.06694271911663219
4,pilot,72000,0.5034965034965035,10,1.0,0,0.0,0.05,228,78.0,0.34210526315789475,0.6578947368421053
4,pilot,72000,0.5034965034965035,10,1.0,1,0.05,0.1,537,221.0,0.41154562383612664,0.5884543761638734
4,pilot,72000,0.5034965034965035,10,1.0,2,0.1,0.2,1104,587.0,0.5317028985507246,0.4682971014492754
4,pilot,72000,0.5034965034965035,10,1.0,3,0.2,0.4,1290,893.0,0.6922480620155039,0.30775193798449607
4,pilot,72000,0.5034965034965035,10,1.0,4,0.4,1.01,1449,1274.0,0.8792270531400966,0.12077294685990336
4,pilot,143000,1.0,1,0.25,0,0.0,0.05,266,140.0,0.5263157894736842,0.4736842105263158
4,pilot,143000,1.0,1,0.25,1,0.05,0.1,557,394.0,0.7073608617594255,0.2926391382405745
4,pilot,143000,1.0,1,0.25,2,0.1,0.2,1094,859.0,0.7851919561243145,0.21480804387568553
4,pilot,143000,1.0,1,0.25,3,0.2,0.4,1264,1147.0,0.9074367088607594,0.09256329113924056
4,pilot,143000,1.0,1,0.25,4,0.4,1.01,1427,1418.0,0.9936930623686054,0.00630693763139456
4,pilot,143000,1.0,1,0.5,0,0.0,0.05,266,99.0,0.37218045112781956,0.6278195488721805
4,pilot,143000,1.0,1,0.5,1,0.05,0.1,557,312.0,0.5601436265709157,0.43985637342908435
4,pilot,143000,1.0,1,0.5,2,0.1,0.2,1094,740.0,0.676416819012797,0.32358318098720296
4,pilot,143000,1.0,1,0.5,3,0.2,0.4,1264,1056.0,0.8354430379746836,0.16455696202531644
4,pilot,143000,1.0,1,0.5,4,0.4,1.01,1427,1389.0,0.9733707077785564,0.026629292221443612
4,pilot,143000,1.0,1,0.75,0,0.0,0.05,266,64.0,0.24060150375939848,0.7593984962406015
4,pilot,143000,1.0,1,0.75,1,0.05,0.1,557,223.0,0.400359066427289,0.599640933572711
4,pilot,143000,1.0,1,0.75,2,0.1,0.2,1094,580.0,0.5301645338208409,0.46983546617915906
4,pilot,143000,1.0,1,0.75,3,0.2,0.4,1264,882.0,0.6977848101265823,0.30221518987341767
4,pilot,143000,1.0,1,0.75,4,0.4,1.01,1427,1296.0,0.9081990189208129,0.0918009810791871
4,pilot,143000,1.0,1,1.0,0,0.0,0.05,266,44.0,0.16541353383458646,0.8345864661654135
4,pilot,143000,1.0,1,1.0,1,0.05,0.1,557,152.0,0.27289048473967686,0.7271095152603231
4,pilot,143000,1.0,1,1.0,2,0.1,0.2,1094,422.0,0.3857404021937843,0.6142595978062158
4,pilot,143000,1.0,1,1.0,3,0.2,0.4,1264,658.0,0.5205696202531646,0.47943037974683544
4,pilot,143000,1.0,1,1.0,4,0.4,1.01,1427,1123.0,0.7869656622284513,0.21303433777154868
4,pilot,143000,1.0,2,0.25,0,0.0,0.05,266,136.0,0.5112781954887218,0.4887218045112782
4,pilot,143000,1.0,2,0.25,1,0.05,0.1,557,375.0,0.6732495511669659,0.32675044883303406
4,pilot,143000,1.0,2,0.25,2,0.1,0.2,1094,844.0,0.7714808043875686,0.2285191956124314
4,pilot,143000,1.0,2,0.25,3,0.2,0.4,1264,1138.0,0.9003164556962026,0.09968354430379744
4,pilot,143000,1.0,2,0.25,4,0.4,1.01,1427,1408.0,0.9866853538892782,0.01331464611072175
4,pilot,143000,1.0,2,0.5,0,0.0,0.05,266,98.0,0.3684210526315789,0.631578947368421
4,pilot,143000,1.0,2,0.5,1,0.05,0.1,557,299.0,0.5368043087971275,0.4631956912028725
4,pilot,143000,1.0,2,0.5,2,0.1,0.2,1094,684.0,0.6252285191956124,0.3747714808043876
4,pilot,143000,1.0,2,0.5,3,0.2,0.4,1264,1011.0,0.7998417721518988,0.20015822784810122
4,pilot,143000,1.0,2,0.5,4,0.4,1.01,1427,1366.0,0.9572529782761037,0.04274702172389633
4,pilot,143000,1.0,2,0.75,0,0.0,0.05,266,54.0,0.20300751879699247,0.7969924812030076
4,pilot,143000,1.0,2,0.75,1,0.05,0.1,557,185.0,0.33213644524236985,0.6678635547576302
4,pilot,143000,1.0,2,0.75,2,0.1,0.2,1094,483.0,0.44149908592321757,0.5585009140767825
4,pilot,143000,1.0,2,0.75,3,0.2,0.4,1264,788.0,0.6234177215189873,0.37658227848101267
4,pilot,143000,1.0,2,0.75,4,0.4,1.01,1427,1243.0,0.8710581639803784,0.12894183601962161
4,pilot,143000,1.0,2,1.0,0,0.0,0.05,266,26.0,0.09774436090225563,0.9022556390977443
4,pilot,143000,1.0,2,1.0,1,0.05,0.1,557,105.0,0.18850987432675045,0.8114901256732495
4,pilot,143000,1.0,2,1.0,2,0.1,0.2,1094,328.0,0.29981718464351004,0.70018281535649
4,pilot,143000,1.0,2,1.0,3,0.2,0.4,1264,556.0,0.439873417721519,0.560126582278481
4,pilot,143000,1.0,2,1.0,4,0.4,1.01,1427,1028.0,0.7203924316748423,0.27960756832515765
4,pilot,143000,1.0,3,0.25,0,0.0,0.05,266,139.0,0.5225563909774437,0.47744360902255634
4,pilot,143000,1.0,3,0.25,1,0.05,0.1,557,396.0,0.7109515260323159,0.28904847396768407
4,pilot,143000,1.0,3,0.25,2,0.1,0.2,1094,851.0,0.7778793418647166,0.22212065813528337
4,pilot,143000,1.0,3,0.25,3,0.2,0.4,1264,1160.0,0.9177215189873418,0.08227848101265822
4,pilot,143000,1.0,3,0.25,4,0.4,1.01,1427,1414.0,0.9908899789768746,0.009110021023125414
4,pilot,143000,1.0,3,0.5,0,0.0,0.05,266,105.0,0.39473684210526316,0.6052631578947368
4,pilot,143000,1.0,3,0.5,1,0.05,0.1,557,312.0,0.5601436265709157,0.43985637342908435
4,pilot,143000,1.0,3,0.5,2,0.1,0.2,1094,721.0,0.6590493601462523,0.34095063985374774
4,pilot,143000,1.0,3,0.5,3,0.2,0.4,1264,1062.0,0.8401898734177216,0.15981012658227844
4,pilot,143000,1.0,3,0.5,4,0.4,1.01,1427,1385.0,0.9705676243868255,0.029432375613174466
4,pilot,143000,1.0,3,0.75,0,0.0,0.05,266,72.0,0.2706766917293233,0.7293233082706767
4,pilot,143000,1.0,3,0.75,1,0.05,0.1,557,229.0,0.4111310592459605,0.5888689407540395
4,pilot,143000,1.0,3,0.75,2,0.1,0.2,1094,601.0,0.5493601462522852,0.45063985374771476
4,pilot,143000,1.0,3,0.75,3,0.2,0.4,1264,926.0,0.7325949367088608,0.2674050632911392
4,pilot,143000,1.0,3,0.75,4,0.4,1.01,1427,1312.0,0.9194113524877365,0.08058864751226347
4,pilot,143000,1.0,3,1.0,0,0.0,0.05,266,47.0,0.17669172932330826,0.8233082706766918
4,pilot,143000,1.0,3,1.0,1,0.05,0.1,557,166.0,0.2980251346499102,0.7019748653500898
4,pilot,143000,1.0,3,1.0,2,0.1,0.2,1094,456.0,0.41681901279707495,0.583180987202925
4,pilot,143000,1.0,3,1.0,3,0.2,0.4,1264,744.0,0.5886075949367089,0.4113924050632911
4,pilot,143000,1.0,3,1.0,4,0.4,1.01,1427,1166.0,0.8170988086895585,0.18290119131044147
4,pilot,143000,1.0,4,0.25,0,0.0,0.05,266,135.0,0.5075187969924813,0.49248120300751874
4,pilot,143000,1.0,4,0.25,1,0.05,0.1,557,384.0,0.6894075403949731,0.3105924596050269
4,pilot,143000,1.0,4,0.25,2,0.1,0.2,1094,841.0,0.7687385740402194,0.2312614259597806
4,pilot,143000,1.0,4,0.25,3,0.2,0.4,1264,1139.0,0.9011075949367089,0.09889240506329111
4,pilot,143000,1.0,4,0.25,4,0.4,1.01,1427,1406.0,0.9852838121934128,0.014716187806587233
4,pilot,143000,1.0,4,0.5,0,0.0,0.05,266,89.0,0.33458646616541354,0.6654135338345865
4,pilot,143000,1.0,4,0.5,1,0.05,0.1,557,304.0,0.5457809694793537,0.45421903052064627
4,pilot,143000,1.0,4,0.5,2,0.1,0.2,1094,696.0,0.6361974405850092,0.36380255941499084
4,pilot,143000,1.0,4,0.5,3,0.2,0.4,1264,1029.0,0.8140822784810127,0.18591772151898733
4,pilot,143000,1.0,4,0.5,4,0.4,1.01,1427,1366.0,0.9572529782761037,0.04274702172389633
4,pilot,143000,1.0,4,0.75,0,0.0,0.05,266,58.0,0.21804511278195488,0.7819548872180451
4,pilot,143000,1.0,4,0.75,1,0.05,0.1,557,210.0,0.3770197486535009,0.622980251346499
4,pilot,143000,1.0,4,0.75,2,0.1,0.2,1094,546.0,0.4990859232175503,0.5009140767824497
4,pilot,143000,1.0,4,0.75,3,0.2,0.4,1264,866.0,0.685126582278481,0.314873417721519
4,pilot,143000,1.0,4,0.75,4,0.4,1.01,1427,1235.0,0.8654519971969166,0.13454800280308343
4,pilot,143000,1.0,4,1.0,0,0.0,0.05,266,28.0,0.10526315789473684,0.8947368421052632
4,pilot,143000,1.0,4,1.0,1,0.05,0.1,557,107.0,0.19210053859964094,0.8078994614003591
4,pilot,143000,1.0,4,1.0,2,0.1,0.2,1094,339.0,0.30987202925045704,0.6901279707495429
4,pilot,143000,1.0,4,1.0,3,0.2,0.4,1264,570.0,0.4509493670886076,0.5490506329113924
4,pilot,143000,1.0,4,1.0,4,0.4,1.01,1427,811.0,0.5683251576734408,0.43167484232655917
4,pilot,143000,1.0,5,0.25,0,0.0,0.05,266,141.0,0.5300751879699248,0.4699248120300752
4,pilot,143000,1.0,5,0.25,1,0.05,0.1,557,384.0,0.6894075403949731,0.3105924596050269
4,pilot,143000,1.0,5,0.25,2,0.1,0.2,1094,865.0,0.7906764168190128,0.2093235831809872
4,pilot,143000,1.0,5,0.25,3,0.2,0.4,1264,1141.0,0.9026898734177216,0.09731012658227844
4,pilot,143000,1.0,5,0.25,4,0.4,1.01,1427,1414.0,0.9908899789768746,0.009110021023125414
4,pilot,143000,1.0,5,0.5,0,0.0,0.05,266,112.0,0.42105263157894735,0.5789473684210527
4,pilot,143000,1.0,5,0.5,1,0.05,0.1,557,312.0,0.5601436265709157,0.43985637342908435
4,pilot,143000,1.0,5,0.5,2,0.1,0.2,1094,781.0,0.7138939670932358,0.2861060329067642
4,pilot,143000,1.0,5,0.5,3,0.2,0.4,1264,1081.0,0.8552215189873418,0.14477848101265822
4,pilot,143000,1.0,5,0.5,4,0.4,1.01,1427,1392.0,0.9754730203223546,0.02452697967764539
4,pilot,143000,1.0,5,0.75,0,0.0,0.05,266,85.0,0.31954887218045114,0.6804511278195489
4,pilot,143000,1.0,5,0.75,1,0.05,0.1,557,263.0,0.47217235188509876,0.5278276481149012
4,pilot,143000,1.0,5,0.75,2,0.1,0.2,1094,695.0,0.6352833638025595,0.36471663619744055
4,pilot,143000,1.0,5,0.75,3,0.2,0.4,1264,974.0,0.7705696202531646,0.22943037974683544
4,pilot,143000,1.0,5,0.75,4,0.4,1.01,1427,1346.0,0.9432375613174492,0.05676243868255082
4,pilot,143000,1.0,5,1.0,0,0.0,0.05,266,73.0,0.2744360902255639,0.7255639097744361
4,pilot,143000,1.0,5,1.0,1,0.05,0.1,557,207.0,0.37163375224416517,0.6283662477558348
4,pilot,143000,1.0,5,1.0,2,0.1,0.2,1094,601.0,0.5493601462522852,0.45063985374771476
4,pilot,143000,1.0,5,1.0,3,0.2,0.4,1264,867.0,0.6859177215189873,0.31408227848101267
4,pilot,143000,1.0,5,1.0,4,0.4,1.01,1427,1267.0,0.8878766643307638,0.11212333566923616
4,pilot,143000,1.0,6,0.25,0,0.0,0.05,266,124.0,0.46616541353383456,0.5338345864661654
4,pilot,143000,1.0,6,0.25,1,0.05,0.1,557,385.0,0.6912028725314183,0.3087971274685817
4,pilot,143000,1.0,6,0.25,2,0.1,0.2,1094,818.0,0.7477148080438757,0.2522851919561243
4,pilot,143000,1.0,6,0.25,3,0.2,0.4,1264,1096.0,0.8670886075949367,0.13291139240506333
4,pilot,143000,1.0,6,0.25,4,0.4,1.01,1427,1412.0,0.9894884372810091,0.010511562718990897
4,pilot,143000,1.0,6,0.5,0,0.0,0.05,266,89.0,0.33458646616541354,0.6654135338345865
4,pilot,143000,1.0,6,0.5,1,0.05,0.1,557,303.0,0.5439856373429084,0.4560143626570916
4,pilot,143000,1.0,6,0.5,2,0.1,0.2,1094,696.0,0.6361974405850092,0.36380255941499084
4,pilot,143000,1.0,6,0.5,3,0.2,0.4,1264,966.0,0.7642405063291139,0.2357594936708861
4,pilot,143000,1.0,6,0.5,4,0.4,1.01,1427,1363.0,0.9551506657323056,0.04484933426769444
4,pilot,143000,1.0,6,0.75,0,0.0,0.05,266,68.0,0.2556390977443609,0.7443609022556391
4,pilot,143000,1.0,6,0.75,1,0.05,0.1,557,215.0,0.3859964093357271,0.6140035906642729
4,pilot,143000,1.0,6,0.75,2,0.1,0.2,1094,562.0,0.5137111517367459,0.48628884826325414
4,pilot,143000,1.0,6,0.75,3,0.2,0.4,1264,816.0,0.6455696202531646,0.35443037974683544
4,pilot,143000,1.0,6,0.75,4,0.4,1.01,1427,1251.0,0.8766643307638402,0.1233356692361598
4,pilot,143000,1.0,6,1.0,0,0.0,0.05,266,44.0,0.16541353383458646,0.8345864661654135
4,pilot,143000,1.0,6,1.0,1,0.05,0.1,557,159.0,0.28545780969479356,0.7145421903052065
4,pilot,143000,1.0,6,1.0,2,0.1,0.2,1094,457.0,0.41773308957952465,0.5822669104204754
4,pilot,143000,1.0,6,1.0,3,0.2,0.4,1264,691.0,0.5466772151898734,0.45332278481012656
4,pilot,143000,1.0,6,1.0,4,0.4,1.01,1427,1033.0,0.7238962859145059,0.27610371408549406
4,pilot,143000,1.0,7,0.25,0,0.0,0.05,266,150.0,0.5639097744360902,0.43609022556390975
4,pilot,143000,1.0,7,0.25,1,0.05,0.1,557,393.0,0.7055655296229802,0.29443447037701975
4,pilot,143000,1.0,7,0.25,2,0.1,0.2,1094,847.0,0.7742230347349177,0.22577696526508229
4,pilot,143000,1.0,7,0.25,3,0.2,0.4,1264,1136.0,0.8987341772151899,0.10126582278481011
4,pilot,143000,1.0,7,0.25,4,0.4,1.01,1427,1418.0,0.9936930623686054,0.00630693763139456
4,pilot,143000,1.0,7,0.5,0,0.0,0.05,266,116.0,0.43609022556390975,0.5639097744360902
4,pilot,143000,1.0,7,0.5,1,0.05,0.1,557,332.0,0.5960502692998204,0.4039497307001796
4,pilot,143000,1.0,7,0.5,2,0.1,0.2,1094,764.0,0.6983546617915904,0.30164533820840955
4,pilot,143000,1.0,7,0.5,3,0.2,0.4,1264,1059.0,0.8378164556962026,0.16218354430379744
4,pilot,143000,1.0,7,0.5,4,0.4,1.01,1427,1397.0,0.9789768745620182,0.021023125437981793
4,pilot,143000,1.0,7,0.75,0,0.0,0.05,266,88.0,0.3308270676691729,0.6691729323308271
4,pilot,143000,1.0,7,0.75,1,0.05,0.1,557,265.0,0.4757630161579892,0.5242369838420108
4,pilot,143000,1.0,7,0.75,2,0.1,0.2,1094,632.0,0.5776965265082267,0.42230347349177333
4,pilot,143000,1.0,7,0.75,3,0.2,0.4,1264,929.0,0.7349683544303798,0.2650316455696202
4,pilot,143000,1.0,7,0.75,4,0.4,1.01,1427,1360.0,0.9530483531885073,0.046951646811492664
4,pilot,143000,1.0,7,1.0,0,0.0,0.05,266,64.0,0.24060150375939848,0.7593984962406015
4,pilot,143000,1.0,7,1.0,1,0.05,0.1,557,200.0,0.3590664272890485,0.6409335727109515
4,pilot,143000,1.0,7,1.0,2,0.1,0.2,1094,542.0,0.4954296160877514,0.5045703839122486
4,pilot,143000,1.0,7,1.0,3,0.2,0.4,1264,811.0,0.6416139240506329,0.3583860759493671
4,pilot,143000,1.0,7,1.0,4,0.4,1.01,1427,1284.0,0.8997897687456202,0.10021023125437978
4,pilot,143000,1.0,8,0.25,0,0.0,0.05,266,143.0,0.5375939849624061,0.46240601503759393
4,pilot,143000,1.0,8,0.25,1,0.05,0.1,557,395.0,0.7091561938958707,0.2908438061041293
4,pilot,143000,1.0,8,0.25,2,0.1,0.2,1094,859.0,0.7851919561243145,0.21480804387568553
4,pilot,143000,1.0,8,0.25,3,0.2,0.4,1264,1143.0,0.9042721518987342,0.09572784810126578
4,pilot,143000,1.0,8,0.25,4,0.4,1.01,1427,1417.0,0.9929922915206727,0.0070077084793273015
4,pilot,143000,1.0,8,0.5,0,0.0,0.05,266,116.0,0.43609022556390975,0.5639097744360902
4,pilot,143000,1.0,8,0.5,1,0.05,0.1,557,329.0,0.5906642728904847,0.40933572710951527
4,pilot,143000,1.0,8,0.5,2,0.1,0.2,1094,782.0,0.7148080438756855,0.28519195612431447
4,pilot,143000,1.0,8,0.5,3,0.2,0.4,1264,1072.0,0.8481012658227848,0.15189873417721522
4,pilot,143000,1.0,8,0.5,4,0.4,1.01,1427,1407.0,0.9859845830413455,0.014015416958654492
4,pilot,143000,1.0,8,0.75,0,0.0,0.05,266,99.0,0.37218045112781956,0.6278195488721805
4,pilot,143000,1.0,8,0.75,1,0.05,0.1,557,283.0,0.5080789946140036,0.49192100538599637
4,pilot,143000,1.0,8,0.75,2,0.1,0.2,1094,681.0,0.6224862888482633,0.3775137111517367
4,pilot,143000,1.0,8,0.75,3,0.2,0.4,1264,969.0,0.7666139240506329,0.2333860759493671
4,pilot,143000,1.0,8,0.75,4,0.4,1.01,1427,1371.0,0.9607568325157674,0.03924316748423262
4,pilot,143000,1.0,8,1.0,0,0.0,0.05,266,72.0,0.2706766917293233,0.7293233082706767
4,pilot,143000,1.0,8,1.0,1,0.05,0.1,557,210.0,0.3770197486535009,0.622980251346499
4,pilot,143000,1.0,8,1.0,2,0.1,0.2,1094,592.0,0.5411334552102377,0.4588665447897623
4,pilot,143000,1.0,8,1.0,3,0.2,0.4,1264,861.0,0.6811708860759493,0.31882911392405067
4,pilot,143000,1.0,8,1.0,4,0.4,1.01,1427,1305.0,0.9145059565522075,0.08549404344779254
4,pilot,143000,1.0,9,0.25,0,0.0,0.05,266,130.0,0.48872180451127817,0.5112781954887218
4,pilot,143000,1.0,9,0.25,1,0.05,0.1,557,401.0,0.7199281867145422,0.2800718132854578
4,pilot,143000,1.0,9,0.25,2,0.1,0.2,1094,840.0,0.7678244972577697,0.2321755027422303
4,pilot,143000,1.0,9,0.25,3,0.2,0.4,1264,1131.0,0.8947784810126582,0.10522151898734178
4,pilot,143000,1.0,9,0.25,4,0.4,1.01,1427,1421.0,0.9957953749124037,0.0042046250875963365
4,pilot,143000,1.0,9,0.5,0,0.0,0.05,266,95.0,0.35714285714285715,0.6428571428571428
4,pilot,143000,1.0,9,0.5,1,0.05,0.1,557,329.0,0.5906642728904847,0.40933572710951527
4,pilot,143000,1.0,9,0.5,2,0.1,0.2,1094,714.0,0.6526508226691042,0.34734917733089576
4,pilot,143000,1.0,9,0.5,3,0.2,0.4,1264,1031.0,0.8156645569620253,0.18433544303797467
4,pilot,143000,1.0,9,0.5,4,0.4,1.01,1427,1387.0,0.9719691660826909,0.028030833917309095
4,pilot,143000,1.0,9,0.75,0,0.0,0.05,266,61.0,0.22932330827067668,0.7706766917293233
4,pilot,143000,1.0,9,0.75,1,0.05,0.1,557,265.0,0.4757630161579892,0.5242369838420108
4,pilot,143000,1.0,9,0.75,2,0.1,0.2,1094,598.0,0.546617915904936,0.453382084095064
4,pilot,143000,1.0,9,0.75,3,0.2,0.4,1264,896.0,0.7088607594936709,0.2911392405063291
4,pilot,143000,1.0,9,0.75,4,0.4,1.01,1427,1326.0,0.9292221443587947,0.07077785564120531
4,pilot,143000,1.0,9,1.0,0,0.0,0.05,266,38.0,0.14285714285714285,0.8571428571428572
4,pilot,143000,1.0,9,1.0,1,0.05,0.1,557,202.0,0.362657091561939,0.6373429084380611
4,pilot,143000,1.0,9,1.0,2,0.1,0.2,1094,493.0,0.4506398537477148,0.5493601462522852
4,pilot,143000,1.0,9,1.0,3,0.2,0.4,1264,778.0,0.615506329113924,0.384493670886076
4,pilot,143000,1.0,9,1.0,4,0.4,1.01,1427,1222.0,0.8563419761737912,0.14365802382620885
4,pilot,143000,1.0,10,0.25,0,0.0,0.05,266,111.0,0.41729323308270677,0.5827067669172932
4,pilot,143000,1.0,10,0.25,1,0.05,0.1,557,348.0,0.6247755834829444,0.3752244165170556
4,pilot,143000,1.0,10,0.25,2,0.1,0.2,1094,772.0,0.7056672760511883,0.2943327239488117
4,pilot,143000,1.0,10,0.25,3,0.2,0.4,1264,1082.0,0.8560126582278481,0.1439873417721519
4,pilot,143000,1.0,10,0.25,4,0.4,1.01,1427,1405.0,0.98458304134548,0.015416958654519974
4,pilot,143000,1.0,10,0.5,0,0.0,0.05,266,68.0,0.2556390977443609,0.7443609022556391
4,pilot,143000,1.0,10,0.5,1,0.05,0.1,557,268.0,0.48114901256732495,0.518850987432675
4,pilot,143000,1.0,10,0.5,2,0.1,0.2,1094,620.0,0.56672760511883,0.43327239488117
4,pilot,143000,1.0,10,0.5,3,0.2,0.4,1264,938.0,0.7420886075949367,0.25791139240506333
4,pilot,143000,1.0,10,0.5,4,0.4,1.01,1427,1353.0,0.9481429572529783,0.05185704274702174
4,pilot,143000,1.0,10,0.75,0,0.0,0.05,266,42.0,0.15789473684210525,0.8421052631578947
4,pilot,143000,1.0,10,0.75,1,0.05,0.1,557,203.0,0.3644524236983842,0.6355475763016158
4,pilot,143000,1.0,10,0.75,2,0.1,0.2,1094,504.0,0.4606946983546618,0.5393053016453382
4,pilot,143000,1.0,10,0.75,3,0.2,0.4,1264,803.0,0.6352848101265823,0.36471518987341767
4,pilot,143000,1.0,10,0.75,4,0.4,1.01,1427,1247.0,0.8738612473721094,0.12613875262789065
4,pilot,143000,1.0,10,1.0,0,0.0,0.05,266,31.0,0.11654135338345864,0.8834586466165414
4,pilot,143000,1.0,10,1.0,1,0.05,0.1,557,157.0,0.28186714542190305,0.718132854578097
4,pilot,143000,1.0,10,1.0,2,0.1,0.2,1094,415.0,0.3793418647166362,0.6206581352833638
4,pilot,143000,1.0,10,1.0,3,0.2,0.4,1264,676.0,0.5348101265822784,0.46518987341772156
4,pilot,143000,1.0,10,1.0,4,0.4,1.01,1427,1105.0,0.7743517869656622,0.2256482130343378
6,confirmatory,14000,0.0979020979020979,1,0.25,0,0.0,0.05,216,164.0,0.7592592592592593,0.2407407407407407
6,confirmatory,14000,0.0979020979020979,1,0.25,1,0.05,0.1,553,462.0,0.8354430379746836,0.16455696202531644
6,confirmatory,14000,0.0979020979020979,1,0.25,2,0.1,0.2,1054,945.0,0.896584440227704,0.103415559772296
6,confirmatory,14000,0.0979020979020979,1,0.25,3,0.2,0.4,1365,1303.0,0.9545787545787546,0.04542124542124537
6,confirmatory,14000,0.0979020979020979,1,0.25,4,0.4,1.01,1420,1412.0,0.9943661971830986,0.005633802816901401
6,confirmatory,14000,0.0979020979020979,1,0.5,0,0.0,0.05,216,117.0,0.5416666666666666,0.45833333333333337
6,confirmatory,14000,0.0979020979020979,1,0.5,1,0.05,0.1,553,357.0,0.6455696202531646,0.35443037974683544
6,confirmatory,14000,0.0979020979020979,1,0.5,2,0.1,0.2,1054,809.0,0.7675521821631879,0.23244781783681212
6,confirmatory,14000,0.0979020979020979,1,0.5,3,0.2,0.4,1365,1196.0,0.8761904761904762,0.12380952380952381
6,confirmatory,14000,0.0979020979020979,1,0.5,4,0.4,1.01,1420,1383.0,0.973943661971831,0.02605633802816898
6,confirmatory,14000,0.0979020979020979,1,0.75,0,0.0,0.05,216,76.0,0.35185185185185186,0.6481481481481481
6,confirmatory,14000,0.0979020979020979,1,0.75,1,0.05,0.1,553,276.0,0.49909584086799275,0.5009041591320073
6,confirmatory,14000,0.0979020979020979,1,0.75,2,0.1,0.2,1054,625.0,0.5929791271347249,0.4070208728652751
6,confirmatory,14000,0.0979020979020979,1,0.75,3,0.2,0.4,1365,1016.0,0.7443223443223443,0.25567765567765566
6,confirmatory,14000,0.0979020979020979,1,0.75,4,0.4,1.01,1420,1314.0,0.9253521126760563,0.07464788732394367
6,confirmatory,14000,0.0979020979020979,1,1.0,0,0.0,0.05,216,49.0,0.22685185185185186,0.7731481481481481
6,confirmatory,14000,0.0979020979020979,1,1.0,1,0.05,0.1,553,170.0,0.3074141048824593,0.6925858951175408
6,confirmatory,14000,0.0979020979020979,1,1.0,2,0.1,0.2,1054,471.0,0.4468690702087287,0.5531309297912713
6,confirmatory,14000,0.0979020979020979,1,1.0,3,0.2,0.4,1365,813.0,0.5956043956043956,0.4043956043956044
6,confirmatory,14000,0.0979020979020979,1,1.0,4,0.4,1.01,1420,1191.0,0.8387323943661972,0.16126760563380282
6,confirmatory,14000,0.0979020979020979,2,0.25,0,0.0,0.05,216,159.0,0.7361111111111112,0.26388888888888884
6,confirmatory,14000,0.0979020979020979,2,0.25,1,0.05,0.1,553,452.0,0.8173598553345389,0.18264014466546108
6,confirmatory,14000,0.0979020979020979,2,0.25,2,0.1,0.2,1054,947.0,0.8984819734345351,0.10151802656546494
6,confirmatory,14000,0.0979020979020979,2,0.25,3,0.2,0.4,1365,1303.0,0.9545787545787546,0.04542124542124537
6,confirmatory,14000,0.0979020979020979,2,0.25,4,0.4,1.01,1420,1416.0,0.9971830985915493,0.0028169014084507005
6,confirmatory,14000,0.0979020979020979,2,0.5,0,0.0,0.05,216,109.0,0.5046296296296297,0.49537037037037035
6,confirmatory,14000,0.0979020979020979,2,0.5,1,0.05,0.1,553,344.0,0.6220614828209765,0.3779385171790235
6,confirmatory,14000,0.0979020979020979,2,0.5,2,0.1,0.2,1054,811.0,0.7694497153700189,0.23055028462998106
6,confirmatory,14000,0.0979020979020979,2,0.5,3,0.2,0.4,1365,1220.0,0.8937728937728938,0.10622710622710618
6,confirmatory,14000,0.0979020979020979,2,0.5,4,0.4,1.01,1420,1400.0,0.9859154929577465,0.014084507042253502
6,confirmatory,14000,0.0979020979020979,2,0.75,0,0.0,0.05,216,81.0,0.375,0.625
6,confirmatory,14000,0.0979020979020979,2,0.75,1,0.05,0.1,553,268.0,0.484629294755877,0.515370705244123
6,confirmatory,14000,0.0979020979020979,2,0.75,2,0.1,0.2,1054,671.0,0.6366223908918406,0.3633776091081594
6,confirmatory,14000,0.0979020979020979,2,0.75,3,0.2,0.4,1365,1069.0,0.7831501831501831,0.21684981684981686
6,confirmatory,14000,0.0979020979020979,2,0.75,4,0.4,1.01,1420,1349.0,0.95,0.050000000000000044
6,confirmatory,14000,0.0979020979020979,2,1.0,0,0.0,0.05,216,58.0,0.26851851851851855,0.7314814814814814
6,confirmatory,14000,0.0979020979020979,2,1.0,1,0.05,0.1,553,193.0,0.34900542495479203,0.650994575045208
6,confirmatory,14000,0.0979020979020979,2,1.0,2,0.1,0.2,1054,526.0,0.4990512333965844,0.5009487666034156
6,confirmatory,14000,0.0979020979020979,2,1.0,3,0.2,0.4,1365,887.0,0.6498168498168498,0.35018315018315016
6,confirmatory,14000,0.0979020979020979,2,1.0,4,0.4,1.01,1420,1231.0,0.8669014084507042,0.13309859154929582
6,confirmatory,14000,0.0979020979020979,3,0.25,0,0.0,0.05,216,155.0,0.7175925925925926,0.28240740740740744
6,confirmatory,14000,0.0979020979020979,3,0.25,1,0.05,0.1,553,461.0,0.833634719710669,0.16636528028933095
6,confirmatory,14000,0.0979020979020979,3,0.25,2,0.1,0.2,1054,943.0,0.8946869070208728,0.10531309297912717
6,confirmatory,14000,0.0979020979020979,3,0.25,3,0.2,0.4,1365,1301.0,0.9531135531135531,0.04688644688644694
6,confirmatory,14000,0.0979020979020979,3,0.25,4,0.4,1.01,1420,1417.0,0.997887323943662,0.0021126760563380254
6,confirmatory,14000,0.0979020979020979,3,0.5,0,0.0,0.05,216,120.0,0.5555555555555556,0.4444444444444444
6,confirmatory,14000,0.0979020979020979,3,0.5,1,0.05,0.1,553,368.0,0.6654611211573237,0.3345388788426763
6,confirmatory,14000,0.0979020979020979,3,0.5,2,0.1,0.2,1054,813.0,0.7713472485768501,0.2286527514231499
6,confirmatory,14000,0.0979020979020979,3,0.5,3,0.2,0.4,1365,1192.0,0.8732600732600733,0.12673992673992673
6,confirmatory,14000,0.0979020979020979,3,0.5,4,0.4,1.01,1420,1399.0,0.9852112676056338,0.014788732394366177
6,confirmatory,14000,0.0979020979020979,3,0.75,0,0.0,0.05,216,74.0,0.3425925925925926,0.6574074074074074
6,confirmatory,14000,0.0979020979020979,3,0.75,1,0.05,0.1,553,275.0,0.4972875226039783,0.5027124773960217
6,confirmatory,14000,0.0979020979020979,3,0.75,2,0.1,0.2,1054,682.0,0.6470588235294118,0.3529411764705882
6,confirmatory,14000,0.0979020979020979,3,0.75,3,0.2,0.4,1365,1054.0,0.7721611721611722,0.2278388278388278
6,confirmatory,14000,0.0979020979020979,3,0.75,4,0.4,1.01,1420,1356.0,0.9549295774647887,0.04507042253521132
6,confirmatory,14000,0.0979020979020979,3,1.0,0,0.0,0.05,216,60.0,0.2777777777777778,0.7222222222222222
6,confirmatory,14000,0.0979020979020979,3,1.0,1,0.05,0.1,553,197.0,0.3562386980108499,0.6437613019891502
6,confirmatory,14000,0.0979020979020979,3,1.0,2,0.1,0.2,1054,507.0,0.4810246679316888,0.5189753320683113
6,confirmatory,14000,0.0979020979020979,3,1.0,3,0.2,0.4,1365,870.0,0.6373626373626373,0.3626373626373627
6,confirmatory,14000,0.0979020979020979,3,1.0,4,0.4,1.01,1420,1255.0,0.8838028169014085,0.1161971830985915
6,confirmatory,14000,0.0979020979020979,4,0.25,0,0.0,0.05,216,139.0,0.6435185185185185,0.3564814814814815
6,confirmatory,14000,0.0979020979020979,4,0.25,1,0.05,0.1,553,454.0,0.8209764918625678,0.17902350813743217
6,confirmatory,14000,0.0979020979020979,4,0.25,2,0.1,0.2,1054,917.0,0.8700189753320683,0.1299810246679317
6,confirmatory,14000,0.0979020979020979,4,0.25,3,0.2,0.4,1365,1279.0,0.936996336996337,0.063003663003663
6,confirmatory,14000,0.0979020979020979,4,0.25,4,0.4,1.01,1420,1418.0,0.9985915492957746,0.0014084507042253502
6,confirmatory,14000,0.0979020979020979,4,0.5,0,0.0,0.05,216,93.0,0.4305555555555556,0.5694444444444444
6,confirmatory,14000,0.0979020979020979,4,0.5,1,0.05,0.1,553,348.0,0.6292947558770343,0.3707052441229657
6,confirmatory,14000,0.0979020979020979,4,0.5,2,0.1,0.2,1054,766.0,0.7267552182163188,0.27324478178368117
6,confirmatory,14000,0.0979020979020979,4,0.5,3,0.2,0.4,1365,1155.0,0.8461538461538461,0.15384615384615385
6,confirmatory,14000,0.0979020979020979,4,0.5,4,0.4,1.01,1420,1387.0,0.9767605633802817,0.02323943661971828
6,confirmatory,14000,0.0979020979020979,4,0.75,0,0.0,0.05,216,60.0,0.2777777777777778,0.7222222222222222
6,confirmatory,14000,0.0979020979020979,4,0.75,1,0.05,0.1,553,249.0,0.45027124773960214,0.5497287522603979
6,confirmatory,14000,0.0979020979020979,4,0.75,2,0.1,0.2,1054,574.0,0.5445920303605313,0.4554079696394687
6,confirmatory,14000,0.0979020979020979,4,0.75,3,0.2,0.4,1365,980.0,0.717948717948718,0.28205128205128205
6,confirmatory,14000,0.0979020979020979,4,0.75,4,0.4,1.01,1420,1283.0,0.9035211267605634,0.0964788732394366
6,confirmatory,14000,0.0979020979020979,4,1.0,0,0.0,0.05,216,32.0,0.14814814814814814,0.8518518518518519
6,confirmatory,14000,0.0979020979020979,4,1.0,1,0.05,0.1,553,162.0,0.29294755877034356,0.7070524412296564
6,confirmatory,14000,0.0979020979020979,4,1.0,2,0.1,0.2,1054,350.0,0.33206831119544594,0.6679316888045541
6,confirmatory,14000,0.0979020979020979,4,1.0,3,0.2,0.4,1365,665.0,0.48717948717948717,0.5128205128205128
6,confirmatory,14000,0.0979020979020979,4,1.0,4,0.4,1.01,1420,894.0,0.6295774647887324,0.37042253521126756
6,confirmatory,14000,0.0979020979020979,5,0.25,0,0.0,0.05,216,166.0,0.7685185185185185,0.2314814814814815
6,confirmatory,14000,0.0979020979020979,5,0.25,1,0.05,0.1,553,474.0,0.8571428571428571,0.1428571428571429
6,confirmatory,14000,0.0979020979020979,5,0.25,2,0.1,0.2,1054,955.0,0.9060721062618596,0.09392789373814037
6,confirmatory,14000,0.0979020979020979,5,0.25,3,0.2,0.4,1365,1306.0,0.9567765567765568,0.04322344322344318
6,confirmatory,14000,0.0979020979020979,5,0.25,4,0.4,1.01,1420,1412.0,0.9943661971830986,0.005633802816901401
6,confirmatory,14000,0.0979020979020979,5,0.5,0,0.0,0.05,216,128.0,0.5925925925925926,0.40740740740740744
6,confirmatory,14000,0.0979020979020979,5,0.5,1,0.05,0.1,553,390.0,0.705244122965642,0.294755877034358
6,confirmatory,14000,0.0979020979020979,5,0.5,2,0.1,0.2,1054,835.0,0.7922201138519924,0.20777988614800758
6,confirmatory,14000,0.0979020979020979,5,0.5,3,0.2,0.4,1365,1234.0,0.904029304029304,0.09597069597069596
6,confirmatory,14000,0.0979020979020979,5,0.5,4,0.4,1.01,1420,1400.0,0.9859154929577465,0.014084507042253502
6,confirmatory,14000,0.0979020979020979,5,0.75,0,0.0,0.05,216,103.0,0.47685185185185186,0.5231481481481481
6,confirmatory,14000,0.0979020979020979,5,0.75,1,0.05,0.1,553,331.0,0.5985533453887885,0.40144665461121154
6,confirmatory,14000,0.0979020979020979,5,0.75,2,0.1,0.2,1054,732.0,0.6944971537001897,0.3055028462998103
6,confirmatory,14000,0.0979020979020979,5,0.75,3,0.2,0.4,1365,1125.0,0.8241758241758241,0.17582417582417587
6,confirmatory,14000,0.0979020979020979,5,0.75,4,0.4,1.01,1420,1375.0,0.9683098591549296,0.03169014084507038
6,confirmatory,14000,0.0979020979020979,5,1.0,0,0.0,0.05,216,83.0,0.38425925925925924,0.6157407407407407
6,confirmatory,14000,0.0979020979020979,5,1.0,1,0.05,0.1,553,280.0,0.5063291139240507,0.49367088607594933
6,confirmatory,14000,0.0979020979020979,5,1.0,2,0.1,0.2,1054,611.0,0.579696394686907,0.42030360531309297
6,confirmatory,14000,0.0979020979020979,5,1.0,3,0.2,0.4,1365,1026.0,0.7516483516483516,0.24835164835164836
6,confirmatory,14000,0.0979020979020979,5,1.0,4,0.4,1.01,1420,1319.0,0.9288732394366197,0.0711267605633803
6,confirmatory,14000,0.0979020979020979,6,0.25,0,0.0,0.05,216,167.0,0.7731481481481481,0.22685185185185186
6,confirmatory,14000,0.0979020979020979,6,0.25,1,0.05,0.1,553,474.0,0.8571428571428571,0.1428571428571429
6,confirmatory,14000,0.0979020979020979,6,0.25,2,0.1,0.2,1054,962.0,0.9127134724857685,0.0872865275142315
6,confirmatory,14000,0.0979020979020979,6,0.25,3,0.2,0.4,1365,1307.0,0.9575091575091575,0.04249084249084245
6,confirmatory,14000,0.0979020979020979,6,0.25,4,0.4,1.01,1420,1416.0,0.9971830985915493,0.0028169014084507005
6,confirmatory,14000,0.0979020979020979,6,0.5,0,0.0,0.05,216,133.0,0.6157407407407407,0.3842592592592593
6,confirmatory,14000,0.0979020979020979,6,0.5,1,0.05,0.1,553,424.0,0.7667269439421338,0.2332730560578662
6,confirmatory,14000,0.0979020979020979,6,0.5,2,0.1,0.2,1054,876.0,0.8311195445920304,0.1688804554079696
6,confirmatory,14000,0.0979020979020979,6,0.5,3,0.2,0.4,1365,1227.0,0.8989010989010989,0.10109890109890107
6,confirmatory,14000,0.0979020979020979,6,0.5,4,0.4,1.01,1420,1407.0,0.9908450704225352,0.009154929577464777
6,confirmatory,14000,0.0979020979020979,6,0.75,0,0.0,0.05,216,103.0,0.47685185185185186,0.5231481481481481
6,confirmatory,14000,0.0979020979020979,6,0.75,1,0.05,0.1,553,366.0,0.6618444846292948,0.3381555153707052
6,confirmatory,14000,0.0979020979020979,6,0.75,2,0.1,0.2,1054,772.0,0.7324478178368121,0.2675521821631879
6,confirmatory,14000,0.0979020979020979,6,0.75,3,0.2,0.4,1365,1157.0,0.8476190476190476,0.1523809523809524
6,confirmatory,14000,0.0979020979020979,6,0.75,4,0.4,1.01,1420,1386.0,0.976056338028169,0.023943661971830954
6,confirmatory,14000,0.0979020979020979,6,1.0,0,0.0,0.05,216,88.0,0.4074074074074074,0.5925925925925926
6,confirmatory,14000,0.0979020979020979,6,1.0,1,0.05,0.1,553,314.0,0.5678119349005425,0.4321880650994575
6,confirmatory,14000,0.0979020979020979,6,1.0,2,0.1,0.2,1054,669.0,0.6347248576850095,0.3652751423149905
6,confirmatory,14000,0.0979020979020979,6,1.0,3,0.2,0.4,1365,1066.0,0.780952380952381,0.21904761904761905
6,confirmatory,14000,0.0979020979020979,6,1.0,4,0.4,1.01,1420,1348.0,0.9492957746478873,0.05070422535211272
6,confirmatory,14000,0.0979020979020979,7,0.25,0,0.0,0.05,216,159.0,0.7361111111111112,0.26388888888888884
6,confirmatory,14000,0.0979020979020979,7,0.25,1,0.05,0.1,553,471.0,0.8517179023508138,0.1482820976491862
6,confirmatory,14000,0.0979020979020979,7,0.25,2,0.1,0.2,1054,939.0,0.8908918406072106,0.1091081593927894
6,confirmatory,14000,0.0979020979020979,7,0.25,3,0.2,0.4,1365,1287.0,0.9428571428571428,0.05714285714285716
6,confirmatory,14000,0.0979020979020979,7,0.25,4,0.4,1.01,1420,1414.0,0.995774647887324,0.004225352112676051
6,confirmatory,14000,0.0979020979020979,7,0.5,0,0.0,0.05,216,123.0,0.5694444444444444,0.4305555555555556
6,confirmatory,14000,0.0979020979020979,7,0.5,1,0.05,0.1,553,380.0,0.6871609403254972,0.31283905967450276
6,confirmatory,14000,0.0979020979020979,7,0.5,2,0.1,0.2,1054,829.0,0.786527514231499,0.21347248576850097
6,confirmatory,14000,0.0979020979020979,7,0.5,3,0.2,0.4,1365,1190.0,0.8717948717948718,0.1282051282051282
6,confirmatory,14000,0.0979020979020979,7,0.5,4,0.4,1.01,1420,1398.0,0.9845070422535211,0.015492957746478853
6,confirmatory,14000,0.0979020979020979,7,0.75,0,0.0,0.05,216,92.0,0.42592592592592593,0.5740740740740741
6,confirmatory,14000,0.0979020979020979,7,0.75,1,0.05,0.1,553,304.0,0.5497287522603979,0.45027124773960214
6,confirmatory,14000,0.0979020979020979,7,0.75,2,0.1,0.2,1054,709.0,0.6726755218216319,0.3273244781783681
6,confirmatory,14000,0.0979020979020979,7,0.75,3,0.2,0.4,1365,1056.0,0.7736263736263737,0.22637362637362635
6,confirmatory,14000,0.0979020979020979,7,0.75,4,0.4,1.01,1420,1358.0,0.956338028169014,0.04366197183098597
6,confirmatory,14000,0.0979020979020979,7,1.0,0,0.0,0.05,216,69.0,0.3194444444444444,0.6805555555555556
6,confirmatory,14000,0.0979020979020979,7,1.0,1,0.05,0.1,553,253.0,0.45750452079566006,0.5424954792043399
6,confirmatory,14000,0.0979020979020979,7,1.0,2,0.1,0.2,1054,607.0,0.5759013282732448,0.4240986717267552
6,confirmatory,14000,0.0979020979020979,7,1.0,3,0.2,0.4,1365,957.0,0.701098901098901,0.29890109890109895
6,confirmatory,14000,0.0979020979020979,7,1.0,4,0.4,1.01,1420,1276.0,0.8985915492957747,0.10140845070422533
6,confirmatory,14000,0.0979020979020979,8,0.25,0,0.0,0.05,216,163.0,0.7546296296296297,0.24537037037037035
6,confirmatory,14000,0.0979020979020979,8,0.25,1,0.05,0.1,553,459.0,0.8300180831826401,0.16998191681735986
6,confirmatory,14000,0.0979020979020979,8,0.25,2,0.1,0.2,1054,934.0,0.8861480075901328,0.11385199240986721
6,confirmatory,14000,0.0979020979020979,8,0.25,3,0.2,0.4,1365,1296.0,0.9494505494505494,0.05054945054945059
6,confirmatory,14000,0.0979020979020979,8,0.25,4,0.4,1.01,1420,1415.0,0.9964788732394366,0.0035211267605633756
6,confirmatory,14000,0.0979020979020979,8,0.5,0,0.0,0.05,216,117.0,0.5416666666666666,0.45833333333333337
6,confirmatory,14000,0.0979020979020979,8,0.5,1,0.05,0.1,553,381.0,0.6889692585895117,0.31103074141048825
6,confirmatory,14000,0.0979020979020979,8,0.5,2,0.1,0.2,1054,823.0,0.7808349146110057,0.21916508538899426
6,confirmatory,14000,0.0979020979020979,8,0.5,3,0.2,0.4,1365,1189.0,0.8710622710622711,0.12893772893772892
6,confirmatory,14000,0.0979020979020979,8,0.5,4,0.4,1.01,1420,1398.0,0.9845070422535211,0.015492957746478853
6,confirmatory,14000,0.0979020979020979,8,0.75,0,0.0,0.05,216,92.0,0.42592592592592593,0.5740740740740741
6,confirmatory,14000,0.0979020979020979,8,0.75,1,0.05,0.1,553,317.0,0.5732368896925859,0.4267631103074141
6,confirmatory,14000,0.0979020979020979,8,0.75,2,0.1,0.2,1054,715.0,0.6783681214421252,0.3216318785578748
6,confirmatory,14000,0.0979020979020979,8,0.75,3,0.2,0.4,1365,1095.0,0.8021978021978022,0.19780219780219777
6,confirmatory,14000,0.0979020979020979,8,0.75,4,0.4,1.01,1420,1364.0,0.9605633802816902,0.03943661971830981
6,confirmatory,14000,0.0979020979020979,8,1.0,0,0.0,0.05,216,78.0,0.3611111111111111,0.6388888888888888
6,confirmatory,14000,0.0979020979020979,8,1.0,1,0.05,0.1,553,257.0,0.46473779385171793,0.5352622061482821
6,confirmatory,14000,0.0979020979020979,8,1.0,2,0.1,0.2,1054,619.0,0.5872865275142315,0.4127134724857685
6,confirmatory,14000,0.0979020979020979,8,1.0,3,0.2,0.4,1365,989.0,0.7245421245421245,0.2754578754578755
6,confirmatory,14000,0.0979020979020979,8,1.0,4,0.4,1.01,1420,1323.0,0.9316901408450704,0.0683098591549296
6,confirmatory,14000,0.0979020979020979,9,0.25,0,0.0,0.05,216,171.0,0.7916666666666666,0.20833333333333337
6,confirmatory,14000,0.0979020979020979,9,0.25,1,0.05,0.1,553,461.0,0.833634719710669,0.16636528028933095
6,confirmatory,14000,0.0979020979020979,9,0.25,2,0.1,0.2,1054,941.0,0.8927893738140418,0.10721062618595822
6,confirmatory,14000,0.0979020979020979,9,0.25,3,0.2,0.4,1365,1285.0,0.9413919413919414,0.05860805860805862
6,confirmatory,14000,0.0979020979020979,9,0.25,4,0.4,1.01,1420,1411.0,0.9936619718309859,0.006338028169014076
6,confirmatory,14000,0.0979020979020979,9,0.5,0,0.0,0.05,216,134.0,0.6203703703703703,0.37962962962962965
6,confirmatory,14000,0.0979020979020979,9,0.5,1,0.05,0.1,553,387.0,0.6998191681735986,0.30018083182640143
6,confirmatory,14000,0.0979020979020979,9,0.5,2,0.1,0.2,1054,822.0,0.7798861480075902,0.22011385199240985
6,confirmatory,14000,0.0979020979020979,9,0.5,3,0.2,0.4,1365,1205.0,0.8827838827838828,0.11721611721611724
6,confirmatory,14000,0.0979020979020979,9,0.5,4,0.4,1.01,1420,1395.0,0.9823943661971831,0.017605633802816878
6,confirmatory,14000,0.0979020979020979,9,0.75,0,0.0,0.05,216,99.0,0.4583333333333333,0.5416666666666667
6,confirmatory,14000,0.0979020979020979,9,0.75,1,0.05,0.1,553,316.0,0.5714285714285714,0.4285714285714286
6,confirmatory,14000,0.0979020979020979,9,0.75,2,0.1,0.2,1054,725.0,0.6878557874762808,0.31214421252371916
6,confirmatory,14000,0.0979020979020979,9,0.75,3,0.2,0.4,1365,1113.0,0.8153846153846154,0.18461538461538463
6,confirmatory,14000,0.0979020979020979,9,0.75,4,0.4,1.01,1420,1365.0,0.9612676056338029,0.03873239436619713
6,confirmatory,14000,0.0979020979020979,9,1.0,0,0.0,0.05,216,85.0,0.39351851851851855,0.6064814814814814
6,confirmatory,14000,0.0979020979020979,9,1.0,1,0.05,0.1,553,272.0,0.4918625678119349,0.5081374321880652
6,confirmatory,14000,0.0979020979020979,9,1.0,2,0.1,0.2,1054,633.0,0.6005692599620494,0.39943074003795065
6,confirmatory,14000,0.0979020979020979,9,1.0,3,0.2,0.4,1365,1029.0,0.7538461538461538,0.24615384615384617
6,confirmatory,14000,0.0979020979020979,9,1.0,4,0.4,1.01,1420,1316.0,0.9267605633802817,0.07323943661971832
6,confirmatory,14000,0.0979020979020979,10,0.25,0,0.0,0.05,216,156.0,0.7222222222222222,0.2777777777777778
6,confirmatory,14000,0.0979020979020979,10,0.25,1,0.05,0.1,553,447.0,0.8083182640144665,0.1916817359855335
6,confirmatory,14000,0.0979020979020979,10,0.25,2,0.1,0.2,1054,914.0,0.8671726755218216,0.13282732447817835
6,confirmatory,14000,0.0979020979020979,10,0.25,3,0.2,0.4,1365,1272.0,0.9318681318681319,0.06813186813186811
6,confirmatory,14000,0.0979020979020979,10,0.25,4,0.4,1.01,1420,1408.0,0.9915492957746479,0.008450704225352101
6,confirmatory,14000,0.0979020979020979,10,0.5,0,0.0,0.05,216,125.0,0.5787037037037037,0.4212962962962963
6,confirmatory,14000,0.0979020979020979,10,0.5,1,0.05,0.1,553,353.0,0.6383363471971067,0.36166365280289325
6,confirmatory,14000,0.0979020979020979,10,0.5,2,0.1,0.2,1054,788.0,0.7476280834914611,0.25237191650853885
6,confirmatory,14000,0.0979020979020979,10,0.5,3,0.2,0.4,1365,1175.0,0.8608058608058609,0.13919413919413914
6,confirmatory,14000,0.0979020979020979,10,0.5,4,0.4,1.01,1420,1380.0,0.971830985915493,0.028169014084507005
6,confirmatory,14000,0.0979020979020979,10,0.75,0,0.0,0.05,216,95.0,0.4398148148148148,0.5601851851851851
6,confirmatory,14000,0.0979020979020979,10,0.75,1,0.05,0.1,553,289.0,0.5226039783001808,0.4773960216998192
6,confirmatory,14000,0.0979020979020979,10,0.75,2,0.1,0.2,1054,682.0,0.6470588235294118,0.3529411764705882
6,confirmatory,14000,0.0979020979020979,10,0.75,3,0.2,0.4,1365,1067.0,0.7816849816849817,0.21831501831501832
6,confirmatory,14000,0.0979020979020979,10,0.75,4,0.4,1.01,1420,1347.0,0.9485915492957746,0.051408450704225395
6,confirmatory,14000,0.0979020979020979,10,1.0,0,0.0,0.05,216,88.0,0.4074074074074074,0.5925925925925926
6,confirmatory,14000,0.0979020979020979,10,1.0,1,0.05,0.1,553,250.0,0.45207956600361665,0.5479204339963833
6,confirmatory,14000,0.0979020979020979,10,1.0,2,0.1,0.2,1054,603.0,0.5721062618595826,0.4278937381404174
6,confirmatory,14000,0.0979020979020979,10,1.0,3,0.2,0.4,1365,952.0,0.6974358974358974,0.3025641025641026
6,confirmatory,14000,0.0979020979020979,10,1.0,4,0.4,1.01,1420,1290.0,0.9084507042253521,0.09154929577464788
6,confirmatory,72000,0.5034965034965035,1,0.25,0,0.0,0.05,189,134.0,0.708994708994709,0.29100529100529104
6,confirmatory,72000,0.5034965034965035,1,0.25,1,0.05,0.1,475,379.0,0.7978947368421052,0.2021052631578948
6,confirmatory,72000,0.5034965034965035,1,0.25,2,0.1,0.2,1022,885.0,0.8659491193737769,0.13405088062622306
6,confirmatory,72000,0.5034965034965035,1,0.25,3,0.2,0.4,1352,1279.0,0.9460059171597633,0.05399408284023666
6,confirmatory,72000,0.5034965034965035,1,0.25,4,0.4,1.01,1570,1564.0,0.9961783439490446,0.003821656050955413
6,confirmatory,72000,0.5034965034965035,1,0.5,0,0.0,0.05,189,94.0,0.4973544973544973,0.5026455026455027
6,confirmatory,72000,0.5034965034965035,1,0.5,1,0.05,0.1,475,310.0,0.6526315789473685,0.34736842105263155
6,confirmatory,72000,0.5034965034965035,1,0.5,2,0.1,0.2,1022,768.0,0.7514677103718199,0.24853228962818008
6,confirmatory,72000,0.5034965034965035,1,0.5,3,0.2,0.4,1352,1153.0,0.852810650887574,0.14718934911242598
6,confirmatory,72000,0.5034965034965035,1,0.5,4,0.4,1.01,1570,1527.0,0.9726114649681529,0.027388535031847128
6,confirmatory,72000,0.5034965034965035,1,0.75,0,0.0,0.05,189,64.0,0.3386243386243386,0.6613756613756614
6,confirmatory,72000,0.5034965034965035,1,0.75,1,0.05,0.1,475,214.0,0.45052631578947366,0.5494736842105263
6,confirmatory,72000,0.5034965034965035,1,0.75,2,0.1,0.2,1022,606.0,0.5929549902152642,0.4070450097847358
6,confirmatory,72000,0.5034965034965035,1,0.75,3,0.2,0.4,1352,993.0,0.7344674556213018,0.2655325443786982
6,confirmatory,72000,0.5034965034965035,1,0.75,4,0.4,1.01,1570,1456.0,0.9273885350318471,0.07261146496815285
6,confirmatory,72000,0.5034965034965035,1,1.0,0,0.0,0.05,189,46.0,0.24338624338624337,0.7566137566137566
6,confirmatory,72000,0.5034965034965035,1,1.0,1,0.05,0.1,475,158.0,0.33263157894736844,0.6673684210526316
6,confirmatory,72000,0.5034965034965035,1,1.0,2,0.1,0.2,1022,439.0,0.4295499021526419,0.5704500978473581
6,confirmatory,72000,0.5034965034965035,1,1.0,3,0.2,0.4,1352,761.0,0.5628698224852071,0.4371301775147929
6,confirmatory,72000,0.5034965034965035,1,1.0,4,0.4,1.01,1570,1238.0,0.7885350318471338,0.2114649681528662
6,confirmatory,72000,0.5034965034965035,2,0.25,0,0.0,0.05,189,141.0,0.746031746031746,0.25396825396825395
6,confirmatory,72000,0.5034965034965035,2,0.25,1,0.05,0.1,475,374.0,0.7873684210526316,0.2126315789473684
6,confirmatory,72000,0.5034965034965035,2,0.25,2,0.1,0.2,1022,897.0,0.8776908023483366,0.12230919765166337
6,confirmatory,72000,0.5034965034965035,2,0.25,3,0.2,0.4,1352,1256.0,0.9289940828402367,0.07100591715976334
6,confirmatory,72000,0.5034965034965035,2,0.25,4,0.4,1.01,1570,1563.0,0.9955414012738854,0.004458598726114649
6,confirmatory,72000,0.5034965034965035,2,0.5,0,0.0,0.05,189,102.0,0.5396825396825397,0.46031746031746035
6,confirmatory,72000,0.5034965034965035,2,0.5,1,0.05,0.1,475,283.0,0.5957894736842105,0.40421052631578946
6,confirmatory,72000,0.5034965034965035,2,0.5,2,0.1,0.2,1022,786.0,0.7690802348336595,0.2309197651663405
6,confirmatory,72000,0.5034965034965035,2,0.5,3,0.2,0.4,1352,1154.0,0.8535502958579881,0.14644970414201186
6,confirmatory,72000,0.5034965034965035,2,0.5,4,0.4,1.01,1570,1533.0,0.9764331210191083,0.023566878980891715
6,confirmatory,72000,0.5034965034965035,2,0.75,0,0.0,0.05,189,66.0,0.3492063492063492,0.6507936507936508
6,confirmatory,72000,0.5034965034965035,2,0.75,1,0.05,0.1,475,212.0,0.4463157894736842,0.5536842105263158
6,confirmatory,72000,0.5034965034965035,2,0.75,2,0.1,0.2,1022,639.0,0.6252446183953033,0.3747553816046967
6,confirmatory,72000,0.5034965034965035,2,0.75,3,0.2,0.4,1352,1019.0,0.753698224852071,0.24630177514792895
6,confirmatory,72000,0.5034965034965035,2,0.75,4,0.4,1.01,1570,1473.0,0.9382165605095542,0.061783439490445846
6,confirmatory,72000,0.5034965034965035,2,1.0,0,0.0,0.05,189,51.0,0.2698412698412698,0.7301587301587302
6,confirmatory,72000,0.5034965034965035,2,1.0,1,0.05,0.1,475,149.0,0.3136842105263158,0.6863157894736842
6,confirmatory,72000,0.5034965034965035,2,1.0,2,0.1,0.2,1022,474.0,0.4637964774951076,0.5362035225048924
6,confirmatory,72000,0.5034965034965035,2,1.0,3,0.2,0.4,1352,824.0,0.6094674556213018,0.3905325443786982
6,confirmatory,72000,0.5034965034965035,2,1.0,4,0.4,1.01,1570,1311.0,0.835031847133758,0.164968152866242
6,confirmatory,72000,0.5034965034965035,3,0.25,0,0.0,0.05,189,121.0,0.6402116402116402,0.35978835978835977
6,confirmatory,72000,0.5034965034965035,3,0.25,1,0.05,0.1,475,372.0,0.783157894736842,0.21684210526315795
6,confirmatory,72000,0.5034965034965035,3,0.25,2,0.1,0.2,1022,876.0,0.8571428571428571,0.1428571428571429
6,confirmatory,72000,0.5034965034965035,3,0.25,3,0.2,0.4,1352,1270.0,0.9393491124260355,0.06065088757396453
6,confirmatory,72000,0.5034965034965035,3,0.25,4,0.4,1.01,1570,1561.0,0.9942675159235669,0.00573248407643312
6,confirmatory,72000,0.5034965034965035,3,0.5,0,0.0,0.05,189,88.0,0.4656084656084656,0.5343915343915344
6,confirmatory,72000,0.5034965034965035,3,0.5,1,0.05,0.1,475,283.0,0.5957894736842105,0.40421052631578946
6,confirmatory,72000,0.5034965034965035,3,0.5,2,0.1,0.2,1022,745.0,0.7289628180039139,0.27103718199608606
6,confirmatory,72000,0.5034965034965035,3,0.5,3,0.2,0.4,1352,1156.0,0.8550295857988166,0.1449704142011834
6,confirmatory,72000,0.5034965034965035,3,0.5,4,0.4,1.01,1570,1533.0,0.9764331210191083,0.023566878980891715
6,confirmatory,72000,0.5034965034965035,3,0.75,0,0.0,0.05,189,61.0,0.32275132275132273,0.6772486772486772
6,confirmatory,72000,0.5034965034965035,3,0.75,1,0.05,0.1,475,201.0,0.4231578947368421,0.5768421052631578
6,confirmatory,72000,0.5034965034965035,3,0.75,2,0.1,0.2,1022,569.0,0.5567514677103719,0.4432485322896281
6,confirmatory,72000,0.5034965034965035,3,0.75,3,0.2,0.4,1352,966.0,0.7144970414201184,0.2855029585798816
6,confirmatory,72000,0.5034965034965035,3,0.75,4,0.4,1.01,1570,1456.0,0.9273885350318471,0.07261146496815285
6,confirmatory,72000,0.5034965034965035,3,1.0,0,0.0,0.05,189,45.0,0.23809523809523808,0.7619047619047619
6,confirmatory,72000,0.5034965034965035,3,1.0,1,0.05,0.1,475,133.0,0.28,0.72
6,confirmatory,72000,0.5034965034965035,3,1.0,2,0.1,0.2,1022,392.0,0.3835616438356164,0.6164383561643836
6,confirmatory,72000,0.5034965034965035,3,1.0,3,0.2,0.4,1352,770.0,0.5695266272189349,0.4304733727810651
6,confirmatory,72000,0.5034965034965035,3,1.0,4,0.4,1.01,1570,1289.0,0.8210191082802548,0.17898089171974518
6,confirmatory,72000,0.5034965034965035,4,0.25,0,0.0,0.05,189,115.0,0.6084656084656085,0.3915343915343915
6,confirmatory,72000,0.5034965034965035,4,0.25,1,0.05,0.1,475,358.0,0.7536842105263157,0.24631578947368427
6,confirmatory,72000,0.5034965034965035,4,0.25,2,0.1,0.2,1022,865.0,0.8463796477495108,0.1536203522504892
6,confirmatory,72000,0.5034965034965035,4,0.25,3,0.2,0.4,1352,1251.0,0.9252958579881657,0.07470414201183428
6,confirmatory,72000,0.5034965034965035,4,0.25,4,0.4,1.01,1570,1559.0,0.9929936305732484,0.007006369426751591
6,confirmatory,72000,0.5034965034965035,4,0.5,0,0.0,0.05,189,72.0,0.38095238095238093,0.6190476190476191
6,confirmatory,72000,0.5034965034965035,4,0.5,1,0.05,0.1,475,272.0,0.5726315789473684,0.4273684210526316
6,confirmatory,72000,0.5034965034965035,4,0.5,2,0.1,0.2,1022,682.0,0.6673189823874756,0.33268101761252444
6,confirmatory,72000,0.5034965034965035,4,0.5,3,0.2,0.4,1352,1076.0,0.7958579881656804,0.20414201183431957
6,confirmatory,72000,0.5034965034965035,4,0.5,4,0.4,1.01,1570,1505.0,0.9585987261146497,0.04140127388535031
6,confirmatory,72000,0.5034965034965035,4,0.75,0,0.0,0.05,189,43.0,0.2275132275132275,0.7724867724867726
6,confirmatory,72000,0.5034965034965035,4,0.75,1,0.05,0.1,475,158.0,0.33263157894736844,0.6673684210526316
6,confirmatory,72000,0.5034965034965035,4,0.75,2,0.1,0.2,1022,466.0,0.45596868884540115,0.5440313111545989
6,confirmatory,72000,0.5034965034965035,4,0.75,3,0.2,0.4,1352,837.0,0.6190828402366864,0.38091715976331364
6,confirmatory,72000,0.5034965034965035,4,0.75,4,0.4,1.01,1570,1362.0,0.867515923566879,0.132484076433121
6,confirmatory,72000,0.5034965034965035,4,1.0,0,0.0,0.05,189,20.0,0.10582010582010581,0.8941798941798942
6,confirmatory,72000,0.5034965034965035,4,1.0,1,0.05,0.1,475,73.0,0.15368421052631578,0.8463157894736842
6,confirmatory,72000,0.5034965034965035,4,1.0,2,0.1,0.2,1022,215.0,0.21037181996086105,0.7896281800391389
6,confirmatory,72000,0.5034965034965035,4,1.0,3,0.2,0.4,1352,465.0,0.34393491124260356,0.6560650887573964
6,confirmatory,72000,0.5034965034965035,4,1.0,4,0.4,1.01,1570,751.0,0.478343949044586,0.521656050955414
6,confirmatory,72000,0.5034965034965035,5,0.25,0,0.0,0.05,189,130.0,0.6878306878306878,0.3121693121693122
6,confirmatory,72000,0.5034965034965035,5,0.25,1,0.05,0.1,475,401.0,0.8442105263157895,0.15578947368421048
6,confirmatory,72000,0.5034965034965035,5,0.25,2,0.1,0.2,1022,908.0,0.8884540117416829,0.11154598825831707
6,confirmatory,72000,0.5034965034965035,5,0.25,3,0.2,0.4,1352,1280.0,0.9467455621301775,0.053254437869822535
6,confirmatory,72000,0.5034965034965035,5,0.25,4,0.4,1.01,1570,1561.0,0.9942675159235669,0.00573248407643312
6,confirmatory,72000,0.5034965034965035,5,0.5,0,0.0,0.05,189,90.0,0.47619047619047616,0.5238095238095238
6,confirmatory,72000,0.5034965034965035,5,0.5,1,0.05,0.1,475,335.0,0.7052631578947368,0.2947368421052632
6,confirmatory,72000,0.5034965034965035,5,0.5,2,0.1,0.2,1022,773.0,0.7563600782778865,0.24363992172211346
6,confirmatory,72000,0.5034965034965035,5,0.5,3,0.2,0.4,1352,1186.0,0.8772189349112426,0.12278106508875741
6,confirmatory,72000,0.5034965034965035,5,0.5,4,0.4,1.01,1570,1549.0,0.986624203821656,0.013375796178343946
6,confirmatory,72000,0.5034965034965035,5,0.75,0,0.0,0.05,189,73.0,0.3862433862433862,0.6137566137566137
6,confirmatory,72000,0.5034965034965035,5,0.75,1,0.05,0.1,475,260.0,0.5473684210526316,0.4526315789473684
6,confirmatory,72000,0.5034965034965035,5,0.75,2,0.1,0.2,1022,654.0,0.639921722113503,0.36007827788649704
6,confirmatory,72000,0.5034965034965035,5,0.75,3,0.2,0.4,1352,1082.0,0.8002958579881657,0.19970414201183428
6,confirmatory,72000,0.5034965034965035,5,0.75,4,0.4,1.01,1570,1504.0,0.9579617834394905,0.042038216560509545
6,confirmatory,72000,0.5034965034965035,5,1.0,0,0.0,0.05,189,59.0,0.31216931216931215,0.6878306878306879
6,confirmatory,72000,0.5034965034965035,5,1.0,1,0.05,0.1,475,198.0,0.4168421052631579,0.5831578947368421
6,confirmatory,72000,0.5034965034965035,5,1.0,2,0.1,0.2,1022,532.0,0.5205479452054794,0.4794520547945206
6,confirmatory,72000,0.5034965034965035,5,1.0,3,0.2,0.4,1352,954.0,0.7056213017751479,0.2943786982248521
6,confirmatory,72000,0.5034965034965035,5,1.0,4,0.4,1.01,1570,1435.0,0.9140127388535032,0.0859872611464968
6,confirmatory,72000,0.5034965034965035,6,0.25,0,0.0,0.05,189,139.0,0.7354497354497355,0.26455026455026454
6,confirmatory,72000,0.5034965034965035,6,0.25,1,0.05,0.1,475,395.0,0.8315789473684211,0.16842105263157892
6,confirmatory,72000,0.5034965034965035,6,0.25,2,0.1,0.2,1022,913.0,0.8933463796477495,0.10665362035225046
6,confirmatory,72000,0.5034965034965035,6,0.25,3,0.2,0.4,1352,1273.0,0.9415680473372781,0.05843195266272194
6,confirmatory,72000,0.5034965034965035,6,0.25,4,0.4,1.01,1570,1560.0,0.9936305732484076,0.006369426751592355
6,confirmatory,72000,0.5034965034965035,6,0.5,0,0.0,0.05,189,116.0,0.6137566137566137,0.3862433862433863
6,confirmatory,72000,0.5034965034965035,6,0.5,1,0.05,0.1,475,320.0,0.6736842105263158,0.3263157894736842
6,confirmatory,72000,0.5034965034965035,6,0.5,2,0.1,0.2,1022,812.0,0.7945205479452054,0.20547945205479456
6,confirmatory,72000,0.5034965034965035,6,0.5,3,0.2,0.4,1352,1192.0,0.8816568047337278,0.11834319526627224
6,confirmatory,72000,0.5034965034965035,6,0.5,4,0.4,1.01,1570,1546.0,0.9847133757961783,0.015286624203821653
6,confirmatory,72000,0.5034965034965035,6,0.75,0,0.0,0.05,189,92.0,0.48677248677248675,0.5132275132275133
6,confirmatory,72000,0.5034965034965035,6,0.75,1,0.05,0.1,475,274.0,0.5768421052631579,0.42315789473684207
6,confirmatory,72000,0.5034965034965035,6,0.75,2,0.1,0.2,1022,702.0,0.6868884540117417,0.3131115459882583
6,confirmatory,72000,0.5034965034965035,6,0.75,3,0.2,0.4,1352,1079.0,0.7980769230769231,0.20192307692307687
6,confirmatory,72000,0.5034965034965035,6,0.75,4,0.4,1.01,1570,1508.0,0.9605095541401274,0.0394904458598726
6,confirmatory,72000,0.5034965034965035,6,1.0,0,0.0,0.05,189,75.0,0.3968253968253968,0.6031746031746033
6,confirmatory,72000,0.5034965034965035,6,1.0,1,0.05,0.1,475,226.0,0.47578947368421054,0.5242105263157895
6,confirmatory,72000,0.5034965034965035,6,1.0,2,0.1,0.2,1022,609.0,0.5958904109589042,0.40410958904109584
6,confirmatory,72000,0.5034965034965035,6,1.0,3,0.2,0.4,1352,993.0,0.7344674556213018,0.2655325443786982
6,confirmatory,72000,0.5034965034965035,6,1.0,4,0.4,1.01,1570,1458.0,0.9286624203821656,0.07133757961783438
6,confirmatory,72000,0.5034965034965035,7,0.25,0,0.0,0.05,189,135.0,0.7142857142857143,0.2857142857142857
6,confirmatory,72000,0.5034965034965035,7,0.25,1,0.05,0.1,475,373.0,0.7852631578947369,0.21473684210526311
6,confirmatory,72000,0.5034965034965035,7,0.25,2,0.1,0.2,1022,889.0,0.8698630136986302,0.13013698630136983
6,confirmatory,72000,0.5034965034965035,7,0.25,3,0.2,0.4,1352,1253.0,0.9267751479289941,0.07322485207100593
6,confirmatory,72000,0.5034965034965035,7,0.25,4,0.4,1.01,1570,1553.0,0.989171974522293,0.010828025477707004
6,confirmatory,72000,0.5034965034965035,7,0.5,0,0.0,0.05,189,90.0,0.47619047619047616,0.5238095238095238
6,confirmatory,72000,0.5034965034965035,7,0.5,1,0.05,0.1,475,296.0,0.6231578947368421,0.37684210526315787
6,confirmatory,72000,0.5034965034965035,7,0.5,2,0.1,0.2,1022,753.0,0.7367906066536204,0.2632093933463796
6,confirmatory,72000,0.5034965034965035,7,0.5,3,0.2,0.4,1352,1142.0,0.8446745562130178,0.1553254437869822
6,confirmatory,72000,0.5034965034965035,7,0.5,4,0.4,1.01,1570,1528.0,0.9732484076433121,0.026751592356687892
6,confirmatory,72000,0.5034965034965035,7,0.75,0,0.0,0.05,189,62.0,0.328042328042328,0.671957671957672
6,confirmatory,72000,0.5034965034965035,7,0.75,1,0.05,0.1,475,235.0,0.49473684210526314,0.5052631578947369
6,confirmatory,72000,0.5034965034965035,7,0.75,2,0.1,0.2,1022,629.0,0.6154598825831703,0.3845401174168297
6,confirmatory,72000,0.5034965034965035,7,0.75,3,0.2,0.4,1352,1011.0,0.7477810650887574,0.2522189349112426
6,confirmatory,72000,0.5034965034965035,7,0.75,4,0.4,1.01,1570,1473.0,0.9382165605095542,0.061783439490445846
6,confirmatory,72000,0.5034965034965035,7,1.0,0,0.0,0.05,189,56.0,0.2962962962962963,0.7037037037037037
6,confirmatory,72000,0.5034965034965035,7,1.0,1,0.05,0.1,475,175.0,0.3684210526315789,0.631578947368421
6,confirmatory,72000,0.5034965034965035,7,1.0,2,0.1,0.2,1022,516.0,0.5048923679060665,0.4951076320939335
6,confirmatory,72000,0.5034965034965035,7,1.0,3,0.2,0.4,1352,868.0,0.6420118343195266,0.3579881656804734
6,confirmatory,72000,0.5034965034965035,7,1.0,4,0.4,1.01,1570,1338.0,0.8522292993630574,0.14777070063694264
6,confirmatory,72000,0.5034965034965035,8,0.25,0,0.0,0.05,189,136.0,0.7195767195767195,0.28042328042328046
6,confirmatory,72000,0.5034965034965035,8,0.25,1,0.05,0.1,475,384.0,0.8084210526315789,0.19157894736842107
6,confirmatory,72000,0.5034965034965035,8,0.25,2,0.1,0.2,1022,857.0,0.8385518590998043,0.16144814090019566
6,confirmatory,72000,0.5034965034965035,8,0.25,3,0.2,0.4,1352,1248.0,0.9230769230769231,0.07692307692307687
6,confirmatory,72000,0.5034965034965035,8,0.25,4,0.4,1.01,1570,1560.0,0.9936305732484076,0.006369426751592355
6,confirmatory,72000,0.5034965034965035,8,0.5,0,0.0,0.05,189,97.0,0.5132275132275133,0.48677248677248675
6,confirmatory,72000,0.5034965034965035,8,0.5,1,0.05,0.1,475,291.0,0.6126315789473684,0.3873684210526316
6,confirmatory,72000,0.5034965034965035,8,0.5,2,0.1,0.2,1022,707.0,0.6917808219178082,0.3082191780821918
6,confirmatory,72000,0.5034965034965035,8,0.5,3,0.2,0.4,1352,1118.0,0.8269230769230769,0.17307692307692313
6,confirmatory,72000,0.5034965034965035,8,0.5,4,0.4,1.01,1570,1530.0,0.9745222929936306,0.02547770700636942
6,confirmatory,72000,0.5034965034965035,8,0.75,0,0.0,0.05,189,73.0,0.3862433862433862,0.6137566137566137
6,confirmatory,72000,0.5034965034965035,8,0.75,1,0.05,0.1,475,234.0,0.4926315789473684,0.5073684210526316
6,confirmatory,72000,0.5034965034965035,8,0.75,2,0.1,0.2,1022,587.0,0.5743639921722113,0.42563600782778865
6,confirmatory,72000,0.5034965034965035,8,0.75,3,0.2,0.4,1352,977.0,0.7226331360946746,0.2773668639053254
6,confirmatory,72000,0.5034965034965035,8,0.75,4,0.4,1.01,1570,1470.0,0.9363057324840764,0.06369426751592355
6,confirmatory,72000,0.5034965034965035,8,1.0,0,0.0,0.05,189,51.0,0.2698412698412698,0.7301587301587302
6,confirmatory,72000,0.5034965034965035,8,1.0,1,0.05,0.1,475,174.0,0.3663157894736842,0.6336842105263158
6,confirmatory,72000,0.5034965034965035,8,1.0,2,0.1,0.2,1022,484.0,0.4735812133072407,0.5264187866927593
6,confirmatory,72000,0.5034965034965035,8,1.0,3,0.2,0.4,1352,828.0,0.6124260355029586,0.3875739644970414
6,confirmatory,72000,0.5034965034965035,8,1.0,4,0.4,1.01,1570,1356.0,0.8636942675159236,0.1363057324840764
6,confirmatory,72000,0.5034965034965035,9,0.25,0,0.0,0.05,189,136.0,0.7195767195767195,0.28042328042328046
6,confirmatory,72000,0.5034965034965035,9,0.25,1,0.05,0.1,475,384.0,0.8084210526315789,0.19157894736842107
6,confirmatory,72000,0.5034965034965035,9,0.25,2,0.1,0.2,1022,907.0,0.8874755381604696,0.11252446183953035
6,confirmatory,72000,0.5034965034965035,9,0.25,3,0.2,0.4,1352,1258.0,0.9304733727810651,0.06952662721893488
6,confirmatory,72000,0.5034965034965035,9,0.25,4,0.4,1.01,1570,1561.0,0.9942675159235669,0.00573248407643312
6,confirmatory,72000,0.5034965034965035,9,0.5,0,0.0,0.05,189,94.0,0.4973544973544973,0.5026455026455027
6,confirmatory,72000,0.5034965034965035,9,0.5,1,0.05,0.1,475,292.0,0.6147368421052631,0.38526315789473686
6,confirmatory,72000,0.5034965034965035,9,0.5,2,0.1,0.2,1022,786.0,0.7690802348336595,0.2309197651663405
6,confirmatory,72000,0.5034965034965035,9,0.5,3,0.2,0.4,1352,1155.0,0.8542899408284024,0.14571005917159763
6,confirmatory,72000,0.5034965034965035,9,0.5,4,0.4,1.01,1570,1535.0,0.9777070063694268,0.022292993630573243
6,confirmatory,72000,0.5034965034965035,9,0.75,0,0.0,0.05,189,75.0,0.3968253968253968,0.6031746031746033
6,confirmatory,72000,0.5034965034965035,9,0.75,1,0.05,0.1,475,217.0,0.4568421052631579,0.5431578947368421
6,confirmatory,72000,0.5034965034965035,9,0.75,2,0.1,0.2,1022,665.0,0.6506849315068494,0.34931506849315064
6,confirmatory,72000,0.5034965034965035,9,0.75,3,0.2,0.4,1352,1026.0,0.7588757396449705,0.24112426035502954
6,confirmatory,72000,0.5034965034965035,9,0.75,4,0.4,1.01,1570,1482.0,0.9439490445859873,0.056050955414012726
6,confirmatory,72000,0.5034965034965035,9,1.0,0,0.0,0.05,189,59.0,0.31216931216931215,0.6878306878306879
6,confirmatory,72000,0.5034965034965035,9,1.0,1,0.05,0.1,475,161.0,0.3389473684210526,0.6610526315789473
6,confirmatory,72000,0.5034965034965035,9,1.0,2,0.1,0.2,1022,545.0,0.5332681017612525,0.4667318982387475
6,confirmatory,72000,0.5034965034965035,9,1.0,3,0.2,0.4,1352,879.0,0.6501479289940828,0.3498520710059172
6,confirmatory,72000,0.5034965034965035,9,1.0,4,0.4,1.01,1570,1399.0,0.8910828025477707,0.10891719745222928
6,confirmatory,72000,0.5034965034965035,10,0.25,0,0.0,0.05,189,133.0,0.7037037037037037,0.2962962962962963
6,confirmatory,72000,0.5034965034965035,10,0.25,1,0.05,0.1,475,381.0,0.8021052631578948,0.19789473684210523
6,confirmatory,72000,0.5034965034965035,10,0.25,2,0.1,0.2,1022,866.0,0.8473581213307241,0.15264187866927592
6,confirmatory,72000,0.5034965034965035,10,0.25,3,0.2,0.4,1352,1260.0,0.9319526627218935,0.06804733727810652
6,confirmatory,72000,0.5034965034965035,10,0.25,4,0.4,1.01,1570,1561.0,0.9942675159235669,0.00573248407643312
6,confirmatory,72000,0.5034965034965035,10,0.5,0,0.0,0.05,189,97.0,0.5132275132275133,0.48677248677248675
6,confirmatory,72000,0.5034965034965035,10,0.5,1,0.05,0.1,475,291.0,0.6126315789473684,0.3873684210526316
6,confirmatory,72000,0.5034965034965035,10,0.5,2,0.1,0.2,1022,759.0,0.7426614481409002,0.2573385518590998
6,confirmatory,72000,0.5034965034965035,10,0.5,3,0.2,0.4,1352,1158.0,0.856508875739645,0.14349112426035504
6,confirmatory,72000,0.5034965034965035,10,0.5,4,0.4,1.01,1570,1539.0,0.9802547770700637,0.0197452229299363
6,confirmatory,72000,0.5034965034965035,10,0.75,0,0.0,0.05,189,66.0,0.3492063492063492,0.6507936507936508
6,confirmatory,72000,0.5034965034965035,10,0.75,1,0.05,0.1,475,239.0,0.5031578947368421,0.49684210526315786
6,confirmatory,72000,0.5034965034965035,10,0.75,2,0.1,0.2,1022,639.0,0.6252446183953033,0.3747553816046967
6,confirmatory,72000,0.5034965034965035,10,0.75,3,0.2,0.4,1352,1050.0,0.7766272189349113,0.22337278106508873
6,confirmatory,72000,0.5034965034965035,10,0.75,4,0.4,1.01,1570,1488.0,0.9477707006369427,0.05222929936305731
6,confirmatory,72000,0.5034965034965035,10,1.0,0,0.0,0.05,189,50.0,0.26455026455026454,0.7354497354497355
6,confirmatory,72000,0.5034965034965035,10,1.0,1,0.05,0.1,475,174.0,0.3663157894736842,0.6336842105263158
6,confirmatory,72000,0.5034965034965035,10,1.0,2,0.1,0.2,1022,532.0,0.5205479452054794,0.4794520547945206
6,confirmatory,72000,0.5034965034965035,10,1.0,3,0.2,0.4,1352,948.0,0.7011834319526628,0.29881656804733725
6,confirmatory,72000,0.5034965034965035,10,1.0,4,0.4,1.01,1570,1397.0,0.8898089171974523,0.11019108280254775
6,confirmatory,143000,1.0,1,0.25,0,0.0,0.05,203,94.0,0.4630541871921182,0.5369458128078818
6,confirmatory,143000,1.0,1,0.25,1,0.05,0.1,522,344.0,0.6590038314176245,0.34099616858237547
6,confirmatory,143000,1.0,1,0.25,2,0.1,0.2,1093,837.0,0.7657822506861848,0.23421774931381523
6,confirmatory,143000,1.0,1,0.25,3,0.2,0.4,1270,1147.0,0.9031496062992126,0.09685039370078741
6,confirmatory,143000,1.0,1,0.25,4,0.4,1.01,1520,1506.0,0.9907894736842106,0.009210526315789447
6,confirmatory,143000,1.0,1,0.5,0,0.0,0.05,203,68.0,0.33497536945812806,0.6650246305418719
6,confirmatory,143000,1.0,1,0.5,1,0.05,0.1,522,281.0,0.5383141762452107,0.4616858237547893
6,confirmatory,143000,1.0,1,0.5,2,0.1,0.2,1093,745.0,0.6816102470265325,0.3183897529734675
6,confirmatory,143000,1.0,1,0.5,3,0.2,0.4,1270,1036.0,0.815748031496063,0.184251968503937
6,confirmatory,143000,1.0,1,0.5,4,0.4,1.01,1520,1457.0,0.9585526315789473,0.04144736842105268
6,confirmatory,143000,1.0,1,0.75,0,0.0,0.05,203,46.0,0.22660098522167488,0.7733990147783252
6,confirmatory,143000,1.0,1,0.75,1,0.05,0.1,522,185.0,0.3544061302681992,0.6455938697318008
6,confirmatory,143000,1.0,1,0.75,2,0.1,0.2,1093,593.0,0.5425434583714547,0.4574565416285453
6,confirmatory,143000,1.0,1,0.75,3,0.2,0.4,1270,886.0,0.6976377952755906,0.30236220472440944
6,confirmatory,143000,1.0,1,0.75,4,0.4,1.01,1520,1359.0,0.8940789473684211,0.10592105263157892
6,confirmatory,143000,1.0,1,1.0,0,0.0,0.05,203,34.0,0.16748768472906403,0.8325123152709359
6,confirmatory,143000,1.0,1,1.0,1,0.05,0.1,522,143.0,0.2739463601532567,0.7260536398467433
6,confirmatory,143000,1.0,1,1.0,2,0.1,0.2,1093,458.0,0.41903019213174747,0.5809698078682526
6,confirmatory,143000,1.0,1,1.0,3,0.2,0.4,1270,702.0,0.552755905511811,0.447244094488189
6,confirmatory,143000,1.0,1,1.0,4,0.4,1.01,1520,1197.0,0.7875,0.21250000000000002
6,confirmatory,143000,1.0,2,0.25,0,0.0,0.05,203,110.0,0.541871921182266,0.458128078817734
6,confirmatory,143000,1.0,2,0.25,1,0.05,0.1,522,360.0,0.6896551724137931,0.31034482758620685
6,confirmatory,143000,1.0,2,0.25,2,0.1,0.2,1093,850.0,0.777676120768527,0.222323879231473
6,confirmatory,143000,1.0,2,0.25,3,0.2,0.4,1270,1145.0,0.9015748031496063,0.09842519685039375
6,confirmatory,143000,1.0,2,0.25,4,0.4,1.01,1520,1501.0,0.9875,0.012499999999999956
6,confirmatory,143000,1.0,2,0.5,0,0.0,0.05,203,80.0,0.39408866995073893,0.6059113300492611
6,confirmatory,143000,1.0,2,0.5,1,0.05,0.1,522,290.0,0.5555555555555556,0.4444444444444444
6,confirmatory,143000,1.0,2,0.5,2,0.1,0.2,1093,726.0,0.6642268984446478,0.3357731015553522
6,confirmatory,143000,1.0,2,0.5,3,0.2,0.4,1270,1047.0,0.8244094488188977,0.17559055118110234
6,confirmatory,143000,1.0,2,0.5,4,0.4,1.01,1520,1469.0,0.9664473684210526,0.03355263157894739
6,confirmatory,143000,1.0,2,0.75,0,0.0,0.05,203,55.0,0.270935960591133,0.729064039408867
6,confirmatory,143000,1.0,2,0.75,1,0.05,0.1,522,212.0,0.4061302681992337,0.5938697318007663
6,confirmatory,143000,1.0,2,0.75,2,0.1,0.2,1093,590.0,0.5397987191216834,0.4602012808783166
6,confirmatory,143000,1.0,2,0.75,3,0.2,0.4,1270,894.0,0.7039370078740157,0.2960629921259843
6,confirmatory,143000,1.0,2,0.75,4,0.4,1.01,1520,1386.0,0.9118421052631579,0.0881578947368421
6,confirmatory,143000,1.0,2,1.0,0,0.0,0.05,203,35.0,0.1724137931034483,0.8275862068965517
6,confirmatory,143000,1.0,2,1.0,1,0.05,0.1,522,147.0,0.28160919540229884,0.7183908045977012
6,confirmatory,143000,1.0,2,1.0,2,0.1,0.2,1093,444.0,0.4062214089661482,0.5937785910338518
6,confirmatory,143000,1.0,2,1.0,3,0.2,0.4,1270,707.0,0.5566929133858268,0.4433070866141732
6,confirmatory,143000,1.0,2,1.0,4,0.4,1.01,1520,1214.0,0.7986842105263158,0.20131578947368423
6,confirmatory,143000,1.0,3,0.25,0,0.0,0.05,203,100.0,0.49261083743842365,0.5073891625615763
6,confirmatory,143000,1.0,3,0.25,1,0.05,0.1,522,321.0,0.6149425287356322,0.38505747126436785
6,confirmatory,143000,1.0,3,0.25,2,0.1,0.2,1093,844.0,0.7721866422689845,0.22781335773101552
6,confirmatory,143000,1.0,3,0.25,3,0.2,0.4,1270,1143.0,0.9,0.09999999999999998
6,confirmatory,143000,1.0,3,0.25,4,0.4,1.01,1520,1503.0,0.9888157894736842,0.011184210526315796
6,confirmatory,143000,1.0,3,0.5,0,0.0,0.05,203,71.0,0.3497536945812808,0.6502463054187192
6,confirmatory,143000,1.0,3,0.5,1,0.05,0.1,522,247.0,0.4731800766283525,0.5268199233716475
6,confirmatory,143000,1.0,3,0.5,2,0.1,0.2,1093,704.0,0.6440988106129918,0.3559011893870082
6,confirmatory,143000,1.0,3,0.5,3,0.2,0.4,1270,1020.0,0.8031496062992126,0.19685039370078738
6,confirmatory,143000,1.0,3,0.5,4,0.4,1.01,1520,1466.0,0.9644736842105263,0.03552631578947374
6,confirmatory,143000,1.0,3,0.75,0,0.0,0.05,203,44.0,0.21674876847290642,0.7832512315270936
6,confirmatory,143000,1.0,3,0.75,1,0.05,0.1,522,192.0,0.367816091954023,0.632183908045977
6,confirmatory,143000,1.0,3,0.75,2,0.1,0.2,1093,561.0,0.5132662397072278,0.48673376029277216
6,confirmatory,143000,1.0,3,0.75,3,0.2,0.4,1270,859.0,0.6763779527559055,0.3236220472440945
6,confirmatory,143000,1.0,3,0.75,4,0.4,1.01,1520,1364.0,0.8973684210526316,0.10263157894736841
6,confirmatory,143000,1.0,3,1.0,0,0.0,0.05,203,23.0,0.11330049261083744,0.8866995073891626
6,confirmatory,143000,1.0,3,1.0,1,0.05,0.1,522,125.0,0.23946360153256704,0.7605363984674329
6,confirmatory,143000,1.0,3,1.0,2,0.1,0.2,1093,401.0,0.36688014638609334,0.6331198536139067
6,confirmatory,143000,1.0,3,1.0,3,0.2,0.4,1270,653.0,0.5141732283464567,0.48582677165354327
6,confirmatory,143000,1.0,3,1.0,4,0.4,1.01,1520,1151.0,0.7572368421052632,0.2427631578947368
6,confirmatory,143000,1.0,4,0.25,0,0.0,0.05,203,86.0,0.4236453201970443,0.5763546798029557
6,confirmatory,143000,1.0,4,0.25,1,0.05,0.1,522,329.0,0.6302681992337165,0.36973180076628354
6,confirmatory,143000,1.0,4,0.25,2,0.1,0.2,1093,819.0,0.7493138151875571,0.25068618481244287
6,confirmatory,143000,1.0,4,0.25,3,0.2,0.4,1270,1112.0,0.8755905511811024,0.1244094488188976
6,confirmatory,143000,1.0,4,0.25,4,0.4,1.01,1520,1501.0,0.9875,0.012499999999999956
6,confirmatory,143000,1.0,4,0.5,0,0.0,0.05,203,58.0,0.2857142857142857,0.7142857142857143
6,confirmatory,143000,1.0,4,0.5,1,0.05,0.1,522,233.0,0.446360153256705,0.553639846743295
6,confirmatory,143000,1.0,4,0.5,2,0.1,0.2,1093,661.0,0.6047575480329369,0.3952424519670631
6,confirmatory,143000,1.0,4,0.5,3,0.2,0.4,1270,940.0,0.7401574803149606,0.25984251968503935
6,confirmatory,143000,1.0,4,0.5,4,0.4,1.01,1520,1443.0,0.9493421052631579,0.050657894736842124
6,confirmatory,143000,1.0,4,0.75,0,0.0,0.05,203,28.0,0.13793103448275862,0.8620689655172413
6,confirmatory,143000,1.0,4,0.75,1,0.05,0.1,522,149.0,0.28544061302681994,0.7145593869731801
6,confirmatory,143000,1.0,4,0.75,2,0.1,0.2,1093,460.0,0.42086001829826164,0.5791399817017384
6,confirmatory,143000,1.0,4,0.75,3,0.2,0.4,1270,716.0,0.5637795275590551,0.43622047244094486
6,confirmatory,143000,1.0,4,0.75,4,0.4,1.01,1520,1227.0,0.8072368421052631,0.19276315789473686
6,confirmatory,143000,1.0,4,1.0,0,0.0,0.05,203,12.0,0.059113300492610835,0.9408866995073891
6,confirmatory,143000,1.0,4,1.0,1,0.05,0.1,522,68.0,0.13026819923371646,0.8697318007662835
6,confirmatory,143000,1.0,4,1.0,2,0.1,0.2,1093,248.0,0.22689844464775846,0.7731015553522416
6,confirmatory,143000,1.0,4,1.0,3,0.2,0.4,1270,419.0,0.3299212598425197,0.6700787401574804
6,confirmatory,143000,1.0,4,1.0,4,0.4,1.01,1520,647.0,0.4256578947368421,0.5743421052631579
6,confirmatory,143000,1.0,5,0.25,0,0.0,0.05,203,103.0,0.5073891625615764,0.4926108374384236
6,confirmatory,143000,1.0,5,0.25,1,0.05,0.1,522,357.0,0.6839080459770115,0.3160919540229885
6,confirmatory,143000,1.0,5,0.25,2,0.1,0.2,1093,846.0,0.7740164684354987,0.22598353156450135
6,confirmatory,143000,1.0,5,0.25,3,0.2,0.4,1270,1139.0,0.8968503937007875,0.10314960629921255
6,confirmatory,143000,1.0,5,0.25,4,0.4,1.01,1520,1506.0,0.9907894736842106,0.009210526315789447
6,confirmatory,143000,1.0,5,0.5,0,0.0,0.05,203,78.0,0.3842364532019704,0.6157635467980296
6,confirmatory,143000,1.0,5,0.5,1,0.05,0.1,522,300.0,0.5747126436781609,0.4252873563218391
6,confirmatory,143000,1.0,5,0.5,2,0.1,0.2,1093,710.0,0.6495882891125343,0.3504117108874657
6,confirmatory,143000,1.0,5,0.5,3,0.2,0.4,1270,1030.0,0.8110236220472441,0.1889763779527559
6,confirmatory,143000,1.0,5,0.5,4,0.4,1.01,1520,1471.0,0.9677631578947369,0.03223684210526312
6,confirmatory,143000,1.0,5,0.75,0,0.0,0.05,203,71.0,0.3497536945812808,0.6502463054187192
6,confirmatory,143000,1.0,5,0.75,1,0.05,0.1,522,229.0,0.4386973180076628,0.5613026819923372
6,confirmatory,143000,1.0,5,0.75,2,0.1,0.2,1093,572.0,0.5233302836230558,0.4766697163769442
6,confirmatory,143000,1.0,5,0.75,3,0.2,0.4,1270,880.0,0.6929133858267716,0.30708661417322836
6,confirmatory,143000,1.0,5,0.75,4,0.4,1.01,1520,1379.0,0.9072368421052631,0.09276315789473688
6,confirmatory,143000,1.0,5,1.0,0,0.0,0.05,203,54.0,0.2660098522167488,0.7339901477832512
6,confirmatory,143000,1.0,5,1.0,1,0.05,0.1,522,171.0,0.3275862068965517,0.6724137931034483
6,confirmatory,143000,1.0,5,1.0,2,0.1,0.2,1093,447.0,0.4089661482159195,0.5910338517840805
6,confirmatory,143000,1.0,5,1.0,3,0.2,0.4,1270,701.0,0.5519685039370079,0.4480314960629921
6,confirmatory,143000,1.0,5,1.0,4,0.4,1.01,1520,1139.0,0.7493421052631579,0.2506578947368421
6,confirmatory,143000,1.0,6,0.25,0,0.0,0.05,203,107.0,0.5270935960591133,0.4729064039408867
6,confirmatory,143000,1.0,6,0.25,1,0.05,0.1,522,368.0,0.7049808429118773,0.29501915708812265
6,confirmatory,143000,1.0,6,0.25,2,0.1,0.2,1093,847.0,0.7749313815187557,0.22506861848124426
6,confirmatory,143000,1.0,6,0.25,3,0.2,0.4,1270,1146.0,0.9023622047244094,0.09763779527559058
6,confirmatory,143000,1.0,6,0.25,4,0.4,1.01,1520,1514.0,0.9960526315789474,0.003947368421052588
6,confirmatory,143000,1.0,6,0.5,0,0.0,0.05,203,86.0,0.4236453201970443,0.5763546798029557
6,confirmatory,143000,1.0,6,0.5,1,0.05,0.1,522,302.0,0.578544061302682,0.421455938697318
6,confirmatory,143000,1.0,6,0.5,2,0.1,0.2,1093,717.0,0.6559926806953339,0.3440073193046661
6,confirmatory,143000,1.0,6,0.5,3,0.2,0.4,1270,1060.0,0.8346456692913385,0.16535433070866146
6,confirmatory,143000,1.0,6,0.5,4,0.4,1.01,1520,1494.0,0.9828947368421053,0.017105263157894735
6,confirmatory,143000,1.0,6,0.75,0,0.0,0.05,203,68.0,0.33497536945812806,0.6650246305418719
6,confirmatory,143000,1.0,6,0.75,1,0.05,0.1,522,259.0,0.49616858237547895,0.5038314176245211
6,confirmatory,143000,1.0,6,0.75,2,0.1,0.2,1093,631.0,0.5773101555352241,0.42268984446477587
6,confirmatory,143000,1.0,6,0.75,3,0.2,0.4,1270,954.0,0.7511811023622047,0.2488188976377953
6,confirmatory,143000,1.0,6,0.75,4,0.4,1.01,1520,1447.0,0.9519736842105263,0.048026315789473695
6,confirmatory,143000,1.0,6,1.0,0,0.0,0.05,203,49.0,0.2413793103448276,0.7586206896551724
6,confirmatory,143000,1.0,6,1.0,1,0.05,0.1,522,209.0,0.4003831417624521,0.5996168582375478
6,confirmatory,143000,1.0,6,1.0,2,0.1,0.2,1093,531.0,0.48581884720951507,0.5141811527904849
6,confirmatory,143000,1.0,6,1.0,3,0.2,0.4,1270,855.0,0.6732283464566929,0.32677165354330706
6,confirmatory,143000,1.0,6,1.0,4,0.4,1.01,1520,1394.0,0.9171052631578948,0.08289473684210524
6,confirmatory,143000,1.0,7,0.25,0,0.0,0.05,203,103.0,0.5073891625615764,0.4926108374384236
6,confirmatory,143000,1.0,7,0.25,1,0.05,0.1,522,352.0,0.6743295019157088,0.32567049808429116
6,confirmatory,143000,1.0,7,0.25,2,0.1,0.2,1093,815.0,0.7456541628545288,0.2543458371454712
6,confirmatory,143000,1.0,7,0.25,3,0.2,0.4,1270,1112.0,0.8755905511811024,0.1244094488188976
6,confirmatory,143000,1.0,7,0.25,4,0.4,1.01,1520,1506.0,0.9907894736842106,0.009210526315789447
6,confirmatory,143000,1.0,7,0.5,0,0.0,0.05,203,66.0,0.3251231527093596,0.6748768472906403
6,confirmatory,143000,1.0,7,0.5,1,0.05,0.1,522,268.0,0.5134099616858238,0.48659003831417624
6,confirmatory,143000,1.0,7,0.5,2,0.1,0.2,1093,703.0,0.6431838975297347,0.3568161024702653
6,confirmatory,143000,1.0,7,0.5,3,0.2,0.4,1270,988.0,0.7779527559055118,0.22204724409448817
6,confirmatory,143000,1.0,7,0.5,4,0.4,1.01,1520,1453.0,0.9559210526315789,0.044078947368421106
6,confirmatory,143000,1.0,7,0.75,0,0.0,0.05,203,40.0,0.19704433497536947,0.8029556650246306
6,confirmatory,143000,1.0,7,0.75,1,0.05,0.1,522,199.0,0.38122605363984674,0.6187739463601533
6,confirmatory,143000,1.0,7,0.75,2,0.1,0.2,1093,557.0,0.5096065873741995,0.4903934126258005
6,confirmatory,143000,1.0,7,0.75,3,0.2,0.4,1270,861.0,0.6779527559055119,0.32204724409448815
6,confirmatory,143000,1.0,7,0.75,4,0.4,1.01,1520,1357.0,0.8927631578947368,0.10723684210526319
6,confirmatory,143000,1.0,7,1.0,0,0.0,0.05,203,27.0,0.1330049261083744,0.8669950738916257
6,confirmatory,143000,1.0,7,1.0,1,0.05,0.1,522,157.0,0.3007662835249042,0.6992337164750958
6,confirmatory,143000,1.0,7,1.0,2,0.1,0.2,1093,456.0,0.4172003659652333,0.5827996340347668
6,confirmatory,143000,1.0,7,1.0,3,0.2,0.4,1270,704.0,0.5543307086614173,0.4456692913385827
6,confirmatory,143000,1.0,7,1.0,4,0.4,1.01,1520,1135.0,0.7467105263157895,0.2532894736842105
6,confirmatory,143000,1.0,8,0.25,0,0.0,0.05,203,104.0,0.5123152709359606,0.48768472906403937
6,confirmatory,143000,1.0,8,0.25,1,0.05,0.1,522,353.0,0.6762452107279694,0.3237547892720306
6,confirmatory,143000,1.0,8,0.25,2,0.1,0.2,1093,844.0,0.7721866422689845,0.22781335773101552
6,confirmatory,143000,1.0,8,0.25,3,0.2,0.4,1270,1146.0,0.9023622047244094,0.09763779527559058
6,confirmatory,143000,1.0,8,0.25,4,0.4,1.01,1520,1503.0,0.9888157894736842,0.011184210526315796
6,confirmatory,143000,1.0,8,0.5,0,0.0,0.05,203,77.0,0.3793103448275862,0.6206896551724138
6,confirmatory,143000,1.0,8,0.5,1,0.05,0.1,522,293.0,0.5613026819923371,0.4386973180076629
6,confirmatory,143000,1.0,8,0.5,2,0.1,0.2,1093,739.0,0.67612076852699,0.32387923147301
6,confirmatory,143000,1.0,8,0.5,3,0.2,0.4,1270,1053.0,0.8291338582677166,0.17086614173228343
6,confirmatory,143000,1.0,8,0.5,4,0.4,1.01,1520,1477.0,0.9717105263157895,0.02828947368421053
6,confirmatory,143000,1.0,8,0.75,0,0.0,0.05,203,66.0,0.3251231527093596,0.6748768472906403
6,confirmatory,143000,1.0,8,0.75,1,0.05,0.1,522,238.0,0.4559386973180077,0.5440613026819923
6,confirmatory,143000,1.0,8,0.75,2,0.1,0.2,1093,639.0,0.5846294602012809,0.4153705397987191
6,confirmatory,143000,1.0,8,0.75,3,0.2,0.4,1270,942.0,0.7417322834645669,0.2582677165354331
6,confirmatory,143000,1.0,8,0.75,4,0.4,1.01,1520,1421.0,0.9348684210526316,0.06513157894736843
6,confirmatory,143000,1.0,8,1.0,0,0.0,0.05,203,45.0,0.22167487684729065,0.7783251231527093
6,confirmatory,143000,1.0,8,1.0,1,0.05,0.1,522,176.0,0.3371647509578544,0.6628352490421456
6,confirmatory,143000,1.0,8,1.0,2,0.1,0.2,1093,544.0,0.4977127172918573,0.5022872827081427
6,confirmatory,143000,1.0,8,1.0,3,0.2,0.4,1270,818.0,0.6440944881889764,0.3559055118110236
6,confirmatory,143000,1.0,8,1.0,4,0.4,1.01,1520,1319.0,0.8677631578947368,0.1322368421052632
6,confirmatory,143000,1.0,9,0.25,0,0.0,0.05,203,106.0,0.5221674876847291,0.4778325123152709
6,confirmatory,143000,1.0,9,0.25,1,0.05,0.1,522,365.0,0.6992337164750958,0.3007662835249042
6,confirmatory,143000,1.0,9,0.25,2,0.1,0.2,1093,837.0,0.7657822506861848,0.23421774931381523
6,confirmatory,143000,1.0,9,0.25,3,0.2,0.4,1270,1143.0,0.9,0.09999999999999998
6,confirmatory,143000,1.0,9,0.25,4,0.4,1.01,1520,1508.0,0.9921052631578947,0.007894736842105288
6,confirmatory,143000,1.0,9,0.5,0,0.0,0.05,203,65.0,0.32019704433497537,0.6798029556650247
6,confirmatory,143000,1.0,9,0.5,1,0.05,0.1,522,304.0,0.5823754789272031,0.4176245210727969
6,confirmatory,143000,1.0,9,0.5,2,0.1,0.2,1093,732.0,0.6697163769441903,0.3302836230558097
6,confirmatory,143000,1.0,9,0.5,3,0.2,0.4,1270,1049.0,0.8259842519685039,0.1740157480314961
6,confirmatory,143000,1.0,9,0.5,4,0.4,1.01,1520,1467.0,0.9651315789473685,0.03486842105263155
6,confirmatory,143000,1.0,9,0.75,0,0.0,0.05,203,52.0,0.2561576354679803,0.7438423645320197
6,confirmatory,143000,1.0,9,0.75,1,0.05,0.1,522,235.0,0.4501915708812261,0.5498084291187739
6,confirmatory,143000,1.0,9,0.75,2,0.1,0.2,1093,635.0,0.5809698078682525,0.4190301921317475
6,confirmatory,143000,1.0,9,0.75,3,0.2,0.4,1270,929.0,0.731496062992126,0.268503937007874
6,confirmatory,143000,1.0,9,0.75,4,0.4,1.01,1520,1409.0,0.9269736842105263,0.07302631578947372
6,confirmatory,143000,1.0,9,1.0,0,0.0,0.05,203,39.0,0.1921182266009852,0.8078817733990148
6,confirmatory,143000,1.0,9,1.0,1,0.05,0.1,522,185.0,0.3544061302681992,0.6455938697318008
6,confirmatory,143000,1.0,9,1.0,2,0.1,0.2,1093,514.0,0.47026532479414457,0.5297346752058554
6,confirmatory,143000,1.0,9,1.0,3,0.2,0.4,1270,805.0,0.6338582677165354,0.3661417322834646
6,confirmatory,143000,1.0,9,1.0,4,0.4,1.01,1520,1312.0,0.8631578947368421,0.13684210526315788
6,confirmatory,143000,1.0,10,0.25,0,0.0,0.05,203,95.0,0.46798029556650245,0.5320197044334976
6,confirmatory,143000,1.0,10,0.25,1,0.05,0.1,522,302.0,0.578544061302682,0.421455938697318
6,confirmatory,143000,1.0,10,0.25,2,0.1,0.2,1093,720.0,0.6587374199451053,0.34126258005489474
6,confirmatory,143000,1.0,10,0.25,3,0.2,0.4,1270,1032.0,0.8125984251968504,0.18740157480314956
6,confirmatory,143000,1.0,10,0.25,4,0.4,1.01,1520,1489.0,0.9796052631578948,0.020394736842105243
6,confirmatory,143000,1.0,10,0.5,0,0.0,0.05,203,45.0,0.22167487684729065,0.7783251231527093
6,confirmatory,143000,1.0,10,0.5,1,0.05,0.1,522,220.0,0.421455938697318,0.578544061302682
6,confirmatory,143000,1.0,10,0.5,2,0.1,0.2,1093,561.0,0.5132662397072278,0.48673376029277216
6,confirmatory,143000,1.0,10,0.5,3,0.2,0.4,1270,852.0,0.6708661417322834,0.3291338582677166
6,confirmatory,143000,1.0,10,0.5,4,0.4,1.01,1520,1391.0,0.9151315789473684,0.08486842105263159
6,confirmatory,143000,1.0,10,0.75,0,0.0,0.05,203,34.0,0.16748768472906403,0.8325123152709359
6,confirmatory,143000,1.0,10,0.75,1,0.05,0.1,522,155.0,0.29693486590038315,0.7030651340996168
6,confirmatory,143000,1.0,10,0.75,2,0.1,0.2,1093,441.0,0.40347666971637697,0.596523330283623
6,confirmatory,143000,1.0,10,0.75,3,0.2,0.4,1270,713.0,0.5614173228346456,0.4385826771653544
6,confirmatory,143000,1.0,10,0.75,4,0.4,1.01,1520,1266.0,0.8328947368421052,0.16710526315789476
6,confirmatory,143000,1.0,10,1.0,0,0.0,0.05,203,25.999999999999996,0.12807881773399013,0.8719211822660099
6,confirmatory,143000,1.0,10,1.0,1,0.05,0.1,522,112.0,0.21455938697318008,0.7854406130268199
6,confirmatory,143000,1.0,10,1.0,2,0.1,0.2,1093,350.0,0.3202195791399817,0.6797804208600182
6,confirmatory,143000,1.0,10,1.0,3,0.2,0.4,1270,599.0,0.4716535433070866,0.5283464566929135
6,confirmatory,143000,1.0,10,1.0,4,0.4,1.01,1520,1104.0,0.7263157894736842,0.27368421052631575
7,confirmatory,14000,0.0979020979020979,1,0.25,0,0.0,0.05,238,166.0,0.6974789915966386,0.3025210084033614
7,confirmatory,14000,0.0979020979020979,1,0.25,1,0.05,0.1,586,469.0,0.8003412969283277,0.19965870307167233
7,confirmatory,14000,0.0979020979020979,1,0.25,2,0.1,0.2,1130,983.0,0.8699115044247787,0.13008849557522129
7,confirmatory,14000,0.0979020979020979,1,0.25,3,0.2,0.4,1331,1261.0,0.9474079639368895,0.05259203606311047
7,confirmatory,14000,0.0979020979020979,1,0.25,4,0.4,1.01,1323,1313.0,0.9924414210128496,0.0075585789871503994
7,confirmatory,14000,0.0979020979020979,1,0.5,0,0.0,0.05,238,109.0,0.4579831932773109,0.5420168067226891
7,confirmatory,14000,0.0979020979020979,1,0.5,1,0.05,0.1,586,356.0,0.6075085324232082,0.39249146757679176
7,confirmatory,14000,0.0979020979020979,1,0.5,2,0.1,0.2,1130,838.0,0.7415929203539823,0.2584070796460177
7,confirmatory,14000,0.0979020979020979,1,0.5,3,0.2,0.4,1331,1141.0,0.8572501878287002,0.14274981217129978
7,confirmatory,14000,0.0979020979020979,1,0.5,4,0.4,1.01,1323,1280.0,0.9674981103552532,0.03250188964474676
7,confirmatory,14000,0.0979020979020979,1,0.75,0,0.0,0.05,238,71.0,0.29831932773109243,0.7016806722689075
7,confirmatory,14000,0.0979020979020979,1,0.75,1,0.05,0.1,586,254.0,0.4334470989761092,0.5665529010238908
7,confirmatory,14000,0.0979020979020979,1,0.75,2,0.1,0.2,1130,653.0,0.5778761061946903,0.4221238938053097
7,confirmatory,14000,0.0979020979020979,1,0.75,3,0.2,0.4,1331,919.0,0.69045830202855,0.30954169797145004
7,confirmatory,14000,0.0979020979020979,1,0.75,4,0.4,1.01,1323,1197.0,0.9047619047619048,0.09523809523809523
7,confirmatory,14000,0.0979020979020979,1,1.0,0,0.0,0.05,238,47.0,0.19747899159663865,0.8025210084033614
7,confirmatory,14000,0.0979020979020979,1,1.0,1,0.05,0.1,586,176.0,0.3003412969283277,0.6996587030716723
7,confirmatory,14000,0.0979020979020979,1,1.0,2,0.1,0.2,1130,471.0,0.4168141592920354,0.5831858407079646
7,confirmatory,14000,0.0979020979020979,1,1.0,3,0.2,0.4,1331,697.0,0.5236664162283997,0.4763335837716003
7,confirmatory,14000,0.0979020979020979,1,1.0,4,0.4,1.01,1323,1051.0,0.7944066515495087,0.20559334845049126
7,confirmatory,14000,0.0979020979020979,2,0.25,0,0.0,0.05,238,161.0,0.6764705882352942,0.32352941176470584
7,confirmatory,14000,0.0979020979020979,2,0.25,1,0.05,0.1,586,483.0,0.8242320819112628,0.17576791808873715
7,confirmatory,14000,0.0979020979020979,2,0.25,2,0.1,0.2,1130,996.0,0.8814159292035398,0.11858407079646016
7,confirmatory,14000,0.0979020979020979,2,0.25,3,0.2,0.4,1331,1262.0,0.9481592787377912,0.051840721262208844
7,confirmatory,14000,0.0979020979020979,2,0.25,4,0.4,1.01,1323,1315.0,0.9939531368102796,0.006046863189720364
7,confirmatory,14000,0.0979020979020979,2,0.5,0,0.0,0.05,238,125.0,0.5252100840336135,0.47478991596638653
7,confirmatory,14000,0.0979020979020979,2,0.5,1,0.05,0.1,586,382.0,0.6518771331058021,0.3481228668941979
7,confirmatory,14000,0.0979020979020979,2,0.5,2,0.1,0.2,1130,851.0,0.7530973451327434,0.2469026548672566
7,confirmatory,14000,0.0979020979020979,2,0.5,3,0.2,0.4,1331,1171.0,0.8797896318557475,0.12021036814425246
7,confirmatory,14000,0.0979020979020979,2,0.5,4,0.4,1.01,1323,1295.0,0.9788359788359788,0.021164021164021163
7,confirmatory,14000,0.0979020979020979,2,0.75,0,0.0,0.05,238,91.0,0.38235294117647056,0.6176470588235294
7,confirmatory,14000,0.0979020979020979,2,0.75,1,0.05,0.1,586,293.0,0.5,0.5
7,confirmatory,14000,0.0979020979020979,2,0.75,2,0.1,0.2,1130,700.0,0.6194690265486725,0.38053097345132747
7,confirmatory,14000,0.0979020979020979,2,0.75,3,0.2,0.4,1331,1010.0,0.7588279489105936,0.24117205108940643
7,confirmatory,14000,0.0979020979020979,2,0.75,4,0.4,1.01,1323,1233.0,0.9319727891156463,0.0680272108843537
7,confirmatory,14000,0.0979020979020979,2,1.0,0,0.0,0.05,238,60.0,0.25210084033613445,0.7478991596638656
7,confirmatory,14000,0.0979020979020979,2,1.0,1,0.05,0.1,586,207.0,0.3532423208191126,0.6467576791808873
7,confirmatory,14000,0.0979020979020979,2,1.0,2,0.1,0.2,1130,527.0,0.4663716814159292,0.5336283185840708
7,confirmatory,14000,0.0979020979020979,2,1.0,3,0.2,0.4,1331,799.0,0.6003005259203607,0.39969947407963935
7,confirmatory,14000,0.0979020979020979,2,1.0,4,0.4,1.01,1323,1106.0,0.8359788359788359,0.16402116402116407
7,confirmatory,14000,0.0979020979020979,3,0.25,0,0.0,0.05,238,171.0,0.7184873949579832,0.2815126050420168
7,confirmatory,14000,0.0979020979020979,3,0.25,1,0.05,0.1,586,473.0,0.8071672354948806,0.19283276450511944
7,confirmatory,14000,0.0979020979020979,3,0.25,2,0.1,0.2,1130,1015.0,0.8982300884955752,0.10176991150442483
7,confirmatory,14000,0.0979020979020979,3,0.25,3,0.2,0.4,1331,1265.0,0.9504132231404959,0.04958677685950408
7,confirmatory,14000,0.0979020979020979,3,0.25,4,0.4,1.01,1323,1314.0,0.9931972789115646,0.006802721088435382
7,confirmatory,14000,0.0979020979020979,3,0.5,0,0.0,0.05,238,116.0,0.48739495798319327,0.5126050420168067
7,confirmatory,14000,0.0979020979020979,3,0.5,1,0.05,0.1,586,358.0,0.6109215017064846,0.3890784982935154
7,confirmatory,14000,0.0979020979020979,3,0.5,2,0.1,0.2,1130,864.0,0.7646017699115044,0.23539823008849559
7,confirmatory,14000,0.0979020979020979,3,0.5,3,0.2,0.4,1331,1155.0,0.8677685950413223,0.1322314049586777
7,confirmatory,14000,0.0979020979020979,3,0.5,4,0.4,1.01,1323,1286.0,0.9720332577475435,0.027966742252456545
7,confirmatory,14000,0.0979020979020979,3,0.75,0,0.0,0.05,238,71.0,0.29831932773109243,0.7016806722689075
7,confirmatory,14000,0.0979020979020979,3,0.75,1,0.05,0.1,586,257.0,0.43856655290102387,0.5614334470989761
7,confirmatory,14000,0.0979020979020979,3,0.75,2,0.1,0.2,1130,686.0,0.6070796460176991,0.39292035398230085
7,confirmatory,14000,0.0979020979020979,3,0.75,3,0.2,0.4,1331,997.0,0.749060856498873,0.250939143501127
7,confirmatory,14000,0.0979020979020979,3,0.75,4,0.4,1.01,1323,1183.0,0.8941798941798942,0.10582010582010581
7,confirmatory,14000,0.0979020979020979,3,1.0,0,0.0,0.05,238,40.0,0.16806722689075632,0.8319327731092436
7,confirmatory,14000,0.0979020979020979,3,1.0,1,0.05,0.1,586,157.0,0.26791808873720135,0.7320819112627986
7,confirmatory,14000,0.0979020979020979,3,1.0,2,0.1,0.2,1130,443.0,0.3920353982300885,0.6079646017699115
7,confirmatory,14000,0.0979020979020979,3,1.0,3,0.2,0.4,1331,704.0,0.5289256198347108,0.47107438016528924
7,confirmatory,14000,0.0979020979020979,3,1.0,4,0.4,1.01,1323,872.0,0.6591080876795162,0.34089191232048377
7,confirmatory,14000,0.0979020979020979,4,0.25,0,0.0,0.05,238,173.0,0.726890756302521,0.273109243697479
7,confirmatory,14000,0.0979020979020979,4,0.25,1,0.05,0.1,586,475.0,0.810580204778157,0.18941979522184305
7,confirmatory,14000,0.0979020979020979,4,0.25,2,0.1,0.2,1130,1016.0,0.8991150442477877,0.10088495575221235
7,confirmatory,14000,0.0979020979020979,4,0.25,3,0.2,0.4,1331,1263.0,0.9489105935386927,0.05108940646130733
7,confirmatory,14000,0.0979020979020979,4,0.25,4,0.4,1.01,1323,1313.0,0.9924414210128496,0.0075585789871503994
7,confirmatory,14000,0.0979020979020979,4,0.5,0,0.0,0.05,238,124.0,0.5210084033613446,0.4789915966386554
7,confirmatory,14000,0.0979020979020979,4,0.5,1,0.05,0.1,586,369.0,0.6296928327645052,0.37030716723549484
7,confirmatory,14000,0.0979020979020979,4,0.5,2,0.1,0.2,1130,872.0,0.7716814159292036,0.22831858407079642
7,confirmatory,14000,0.0979020979020979,4,0.5,3,0.2,0.4,1331,1171.0,0.8797896318557475,0.12021036814425246
7,confirmatory,14000,0.0979020979020979,4,0.5,4,0.4,1.01,1323,1291.0,0.9758125472411187,0.024187452758881345
7,confirmatory,14000,0.0979020979020979,4,0.75,0,0.0,0.05,238,97.0,0.40756302521008403,0.592436974789916
7,confirmatory,14000,0.0979020979020979,4,0.75,1,0.05,0.1,586,295.0,0.5034129692832765,0.4965870307167235
7,confirmatory,14000,0.0979020979020979,4,0.75,2,0.1,0.2,1130,749.0,0.6628318584070797,0.3371681415929203
7,confirmatory,14000,0.0979020979020979,4,0.75,3,0.2,0.4,1331,1059.0,0.7956423741547709,0.2043576258452291
7,confirmatory,14000,0.0979020979020979,4,0.75,4,0.4,1.01,1323,1244.0,0.9402872260015117,0.05971277399848829
7,confirmatory,14000,0.0979020979020979,4,1.0,0,0.0,0.05,238,74.0,0.31092436974789917,0.6890756302521008
7,confirmatory,14000,0.0979020979020979,4,1.0,1,0.05,0.1,586,227.0,0.3873720136518771,0.6126279863481229
7,confirmatory,14000,0.0979020979020979,4,1.0,2,0.1,0.2,1130,631.0,0.5584070796460177,0.44159292035398234
7,confirmatory,14000,0.0979020979020979,4,1.0,3,0.2,0.4,1331,908.0,0.6821938392186326,0.31780616078136736
7,confirmatory,14000,0.0979020979020979,4,1.0,4,0.4,1.01,1323,1177.0,0.889644746787604,0.11035525321239603
7,confirmatory,14000,0.0979020979020979,5,0.25,0,0.0,0.05,238,174.0,0.7310924369747899,0.26890756302521013
7,confirmatory,14000,0.0979020979020979,5,0.25,1,0.05,0.1,586,497.0,0.8481228668941979,0.1518771331058021
7,confirmatory,14000,0.0979020979020979,5,0.25,2,0.1,0.2,1130,1014.0,0.8973451327433628,0.1026548672566372
7,confirmatory,14000,0.0979020979020979,5,0.25,3,0.2,0.4,1331,1276.0,0.9586776859504132,0.04132231404958675
7,confirmatory,14000,0.0979020979020979,5,0.25,4,0.4,1.01,1323,1312.0,0.9916855631141346,0.008314436885865417
7,confirmatory,14000,0.0979020979020979,5,0.5,0,0.0,0.05,238,128.0,0.5378151260504201,0.46218487394957986
7,confirmatory,14000,0.0979020979020979,5,0.5,1,0.05,0.1,586,401.0,0.6843003412969283,0.3156996587030717
7,confirmatory,14000,0.0979020979020979,5,0.5,2,0.1,0.2,1130,899.0,0.7955752212389381,0.2044247787610619
7,confirmatory,14000,0.0979020979020979,5,0.5,3,0.2,0.4,1331,1204.0,0.9045830202854996,0.09541697971450036
7,confirmatory,14000,0.0979020979020979,5,0.5,4,0.4,1.01,1323,1299.0,0.981859410430839,0.01814058956916098
7,confirmatory,14000,0.0979020979020979,5,0.75,0,0.0,0.05,238,100.0,0.42016806722689076,0.5798319327731092
7,confirmatory,14000,0.0979020979020979,5,0.75,1,0.05,0.1,586,342.0,0.5836177474402731,0.41638225255972694
7,confirmatory,14000,0.0979020979020979,5,0.75,2,0.1,0.2,1130,806.0,0.7132743362831858,0.2867256637168142
7,confirmatory,14000,0.0979020979020979,5,0.75,3,0.2,0.4,1331,1116.0,0.8384673178061608,0.1615326821938392
7,confirmatory,14000,0.0979020979020979,5,0.75,4,0.4,1.01,1323,1262.0,0.9538926681783825,0.046107331821617525
7,confirmatory,14000,0.0979020979020979,5,1.0,0,0.0,0.05,238,82.0,0.3445378151260504,0.6554621848739496
7,confirmatory,14000,0.0979020979020979,5,1.0,1,0.05,0.1,586,278.0,0.47440273037542663,0.5255972696245734
7,confirmatory,14000,0.0979020979020979,5,1.0,2,0.1,0.2,1130,690.0,0.6106194690265486,0.3893805309734514
7,confirmatory,14000,0.0979020979020979,5,1.0,3,0.2,0.4,1331,994.0,0.7468069120961683,0.25319308790383166
7,confirmatory,14000,0.0979020979020979,5,1.0,4,0.4,1.01,1323,1194.0,0.9024943310657596,0.0975056689342404
7,confirmatory,14000,0.0979020979020979,6,0.25,0,0.0,0.05,238,178.0,0.7478991596638656,0.25210084033613445
7,confirmatory,14000,0.0979020979020979,6,0.25,1,0.05,0.1,586,496.0,0.8464163822525598,0.15358361774744023
7,confirmatory,14000,0.0979020979020979,6,0.25,2,0.1,0.2,1130,1028.0,0.9097345132743363,0.0902654867256637
7,confirmatory,14000,0.0979020979020979,6,0.25,3,0.2,0.4,1331,1276.0,0.9586776859504132,0.04132231404958675
7,confirmatory,14000,0.0979020979020979,6,0.25,4,0.4,1.01,1323,1315.0,0.9939531368102796,0.006046863189720364
7,confirmatory,14000,0.0979020979020979,6,0.5,0,0.0,0.05,238,136.0,0.5714285714285714,0.4285714285714286
7,confirmatory,14000,0.0979020979020979,6,0.5,1,0.05,0.1,586,432.0,0.7372013651877133,0.2627986348122867
7,confirmatory,14000,0.0979020979020979,6,0.5,2,0.1,0.2,1130,894.0,0.7911504424778761,0.20884955752212386
7,confirmatory,14000,0.0979020979020979,6,0.5,3,0.2,0.4,1331,1203.0,0.903831705484598,0.09616829451540199
7,confirmatory,14000,0.0979020979020979,6,0.5,4,0.4,1.01,1323,1308.0,0.9886621315192744,0.0113378684807256
7,confirmatory,14000,0.0979020979020979,6,0.75,0,0.0,0.05,238,107.0,0.4495798319327731,0.5504201680672269
7,confirmatory,14000,0.0979020979020979,6,0.75,1,0.05,0.1,586,360.0,0.6143344709897611,0.38566552901023887
7,confirmatory,14000,0.0979020979020979,6,0.75,2,0.1,0.2,1130,771.0,0.6823008849557523,0.31769911504424775
7,confirmatory,14000,0.0979020979020979,6,0.75,3,0.2,0.4,1331,1108.0,0.8324567993989481,0.16754320060105188
7,confirmatory,14000,0.0979020979020979,6,0.75,4,0.4,1.01,1323,1283.0,0.9697656840513983,0.03023431594860171
7,confirmatory,14000,0.0979020979020979,6,1.0,0,0.0,0.05,238,90.0,0.37815126050420167,0.6218487394957983
7,confirmatory,14000,0.0979020979020979,6,1.0,1,0.05,0.1,586,300.0,0.5119453924914675,0.48805460750853247
7,confirmatory,14000,0.0979020979020979,6,1.0,2,0.1,0.2,1130,672.0,0.5946902654867257,0.40530973451327434
7,confirmatory,14000,0.0979020979020979,6,1.0,3,0.2,0.4,1331,986.0,0.7407963936889557,0.25920360631104433
7,confirmatory,14000,0.0979020979020979,6,1.0,4,0.4,1.01,1323,1226.0,0.926681783824641,0.07331821617535905
7,confirmatory,14000,0.0979020979020979,7,0.25,0,0.0,0.05,238,169.0,0.7100840336134454,0.2899159663865546
7,confirmatory,14000,0.0979020979020979,7,0.25,1,0.05,0.1,586,497.0,0.8481228668941979,0.1518771331058021
7,confirmatory,14000,0.0979020979020979,7,0.25,2,0.1,0.2,1130,1009.0,0.8929203539823009,0.10707964601769915
7,confirmatory,14000,0.0979020979020979,7,0.25,3,0.2,0.4,1331,1239.0,0.9308790383170549,0.06912096168294513
7,confirmatory,14000,0.0979020979020979,7,0.25,4,0.4,1.01,1323,1317.0,0.9954648526077098,0.0045351473922902175
7,confirmatory,14000,0.0979020979020979,7,0.5,0,0.0,0.05,238,133.0,0.5588235294117647,0.4411764705882353
7,confirmatory,14000,0.0979020979020979,7,0.5,1,0.05,0.1,586,410.0,0.6996587030716723,0.3003412969283277
7,confirmatory,14000,0.0979020979020979,7,0.5,2,0.1,0.2,1130,893.0,0.7902654867256638,0.20973451327433623
7,confirmatory,14000,0.0979020979020979,7,0.5,3,0.2,0.4,1331,1136.0,0.8534936138241923,0.1465063861758077
7,confirmatory,14000,0.0979020979020979,7,0.5,4,0.4,1.01,1323,1301.0,0.983371126228269,0.016628873771730945
7,confirmatory,14000,0.0979020979020979,7,0.75,0,0.0,0.05,238,106.0,0.44537815126050423,0.5546218487394958
7,confirmatory,14000,0.0979020979020979,7,0.75,1,0.05,0.1,586,350.0,0.5972696245733788,0.40273037542662116
7,confirmatory,14000,0.0979020979020979,7,0.75,2,0.1,0.2,1130,779.0,0.6893805309734513,0.3106194690265487
7,confirmatory,14000,0.0979020979020979,7,0.75,3,0.2,0.4,1331,1031.0,0.7746055597295267,0.22539444027047328
7,confirmatory,14000,0.0979020979020979,7,0.75,4,0.4,1.01,1323,1258.0,0.9508692365835223,0.04913076341647771
7,confirmatory,14000,0.0979020979020979,7,1.0,0,0.0,0.05,238,77.0,0.3235294117647059,0.6764705882352942
7,confirmatory,14000,0.0979020979020979,7,1.0,1,0.05,0.1,586,297.0,0.5068259385665529,0.4931740614334471
7,confirmatory,14000,0.0979020979020979,7,1.0,2,0.1,0.2,1130,677.0,0.5991150442477876,0.4008849557522124
7,confirmatory,14000,0.0979020979020979,7,1.0,3,0.2,0.4,1331,947.0,0.7114951164537942,0.28850488354620585
7,confirmatory,14000,0.0979020979020979,7,1.0,4,0.4,1.01,1323,1216.0,0.9191232048374905,0.08087679516250945
7,confirmatory,14000,0.0979020979020979,8,0.25,0,0.0,0.05,238,178.0,0.7478991596638656,0.25210084033613445
7,confirmatory,14000,0.0979020979020979,8,0.25,1,0.05,0.1,586,500.0,0.8532423208191127,0.14675767918088733
7,confirmatory,14000,0.0979020979020979,8,0.25,2,0.1,0.2,1130,1023.0,0.9053097345132743,0.09469026548672566
7,confirmatory,14000,0.0979020979020979,8,0.25,3,0.2,0.4,1331,1284.0,0.9646882043576258,0.03531179564237419
7,confirmatory,14000,0.0979020979020979,8,0.25,4,0.4,1.01,1323,1316.0,0.9947089947089947,0.005291005291005346
7,confirmatory,14000,0.0979020979020979,8,0.5,0,0.0,0.05,238,133.0,0.5588235294117647,0.4411764705882353
7,confirmatory,14000,0.0979020979020979,8,0.5,1,0.05,0.1,586,411.0,0.7013651877133106,0.2986348122866894
7,confirmatory,14000,0.0979020979020979,8,0.5,2,0.1,0.2,1130,913.0,0.8079646017699115,0.19203539823008853
7,confirmatory,14000,0.0979020979020979,8,0.5,3,0.2,0.4,1331,1211.0,0.9098422238918107,0.09015777610818931
7,confirmatory,14000,0.0979020979020979,8,0.5,4,0.4,1.01,1323,1314.0,0.9931972789115646,0.006802721088435382
7,confirmatory,14000,0.0979020979020979,8,0.75,0,0.0,0.05,238,99.0,0.41596638655462187,0.5840336134453781
7,confirmatory,14000,0.0979020979020979,8,0.75,1,0.05,0.1,586,339.0,0.5784982935153583,0.4215017064846417
7,confirmatory,14000,0.0979020979020979,8,0.75,2,0.1,0.2,1130,816.0,0.7221238938053097,0.2778761061946903
7,confirmatory,14000,0.0979020979020979,8,0.75,3,0.2,0.4,1331,1127.0,0.8467317806160781,0.15326821938392188
7,confirmatory,14000,0.0979020979020979,8,0.75,4,0.4,1.01,1323,1290.0,0.9750566893424036,0.024943310657596363
7,confirmatory,14000,0.0979020979020979,8,1.0,0,0.0,0.05,238,82.0,0.3445378151260504,0.6554621848739496
7,confirmatory,14000,0.0979020979020979,8,1.0,1,0.05,0.1,586,270.0,0.46075085324232085,0.5392491467576792
7,confirmatory,14000,0.0979020979020979,8,1.0,2,0.1,0.2,1130,701.0,0.620353982300885,0.379646017699115
7,confirmatory,14000,0.0979020979020979,8,1.0,3,0.2,0.4,1331,1018.0,0.7648384673178061,0.23516153268219386
7,confirmatory,14000,0.0979020979020979,8,1.0,4,0.4,1.01,1323,1258.0,0.9508692365835223,0.04913076341647771
7,confirmatory,14000,0.0979020979020979,9,0.25,0,0.0,0.05,238,178.0,0.7478991596638656,0.25210084033613445
7,confirmatory,14000,0.0979020979020979,9,0.25,1,0.05,0.1,586,480.0,0.8191126279863481,0.1808873720136519
7,confirmatory,14000,0.0979020979020979,9,0.25,2,0.1,0.2,1130,1012.0,0.8955752212389381,0.10442477876106193
7,confirmatory,14000,0.0979020979020979,9,0.25,3,0.2,0.4,1331,1273.0,0.9564237415477085,0.043576258452291516
7,confirmatory,14000,0.0979020979020979,9,0.25,4,0.4,1.01,1323,1316.0,0.9947089947089947,0.005291005291005346
7,confirmatory,14000,0.0979020979020979,9,0.5,0,0.0,0.05,238,154.0,0.6470588235294118,0.3529411764705882
7,confirmatory,14000,0.0979020979020979,9,0.5,1,0.05,0.1,586,387.0,0.6604095563139932,0.33959044368600677
7,confirmatory,14000,0.0979020979020979,9,0.5,2,0.1,0.2,1130,887.0,0.7849557522123893,0.21504424778761067
7,confirmatory,14000,0.0979020979020979,9,0.5,3,0.2,0.4,1331,1193.0,0.8963185574755823,0.10368144252441769
7,confirmatory,14000,0.0979020979020979,9,0.5,4,0.4,1.01,1323,1303.0,0.9848828420256992,0.015117157974300799
7,confirmatory,14000,0.0979020979020979,9,0.75,0,0.0,0.05,238,117.0,0.49159663865546216,0.5084033613445378
7,confirmatory,14000,0.0979020979020979,9,0.75,1,0.05,0.1,586,318.0,0.5426621160409556,0.4573378839590444
7,confirmatory,14000,0.0979020979020979,9,0.75,2,0.1,0.2,1130,791.0,0.7,0.30000000000000004
7,confirmatory,14000,0.0979020979020979,9,0.75,3,0.2,0.4,1331,1103.0,0.8287002253944402,0.17129977460555978
7,confirmatory,14000,0.0979020979020979,9,0.75,4,0.4,1.01,1323,1280.0,0.9674981103552532,0.03250188964474676
7,confirmatory,14000,0.0979020979020979,9,1.0,0,0.0,0.05,238,88.0,0.3697478991596639,0.6302521008403361
7,confirmatory,14000,0.0979020979020979,9,1.0,1,0.05,0.1,586,258.0,0.4402730375426621,0.5597269624573379
7,confirmatory,14000,0.0979020979020979,9,1.0,2,0.1,0.2,1130,698.0,0.6176991150442478,0.3823008849557522
7,confirmatory,14000,0.0979020979020979,9,1.0,3,0.2,0.4,1331,1022.0,0.7678437265214124,0.23215627347858758
7,confirmatory,14000,0.0979020979020979,9,1.0,4,0.4,1.01,1323,1231.0,0.9304610733182161,0.06953892668178385
7,confirmatory,14000,0.0979020979020979,10,0.25,0,0.0,0.05,238,179.0,0.7521008403361344,0.24789915966386555
7,confirmatory,14000,0.0979020979020979,10,0.25,1,0.05,0.1,586,481.0,0.8208191126279863,0.17918088737201365
7,confirmatory,14000,0.0979020979020979,10,0.25,2,0.1,0.2,1130,1010.0,0.8938053097345132,0.10619469026548678
7,confirmatory,14000,0.0979020979020979,10,0.25,3,0.2,0.4,1331,1272.0,0.9556724267468069,0.04432757325319314
7,confirmatory,14000,0.0979020979020979,10,0.25,4,0.4,1.01,1323,1317.0,0.9954648526077098,0.0045351473922902175
7,confirmatory,14000,0.0979020979020979,10,0.5,0,0.0,0.05,238,147.0,0.6176470588235294,0.38235294117647056
7,confirmatory,14000,0.0979020979020979,10,0.5,1,0.05,0.1,586,412.0,0.7030716723549488,0.29692832764505117
7,confirmatory,14000,0.0979020979020979,10,0.5,2,0.1,0.2,1130,896.0,0.7929203539823009,0.20707964601769913
7,confirmatory,14000,0.0979020979020979,10,0.5,3,0.2,0.4,1331,1182.0,0.8880540946656649,0.11194590533433513
7,confirmatory,14000,0.0979020979020979,10,0.5,4,0.4,1.01,1323,1305.0,0.9863945578231292,0.013605442176870763
7,confirmatory,14000,0.0979020979020979,10,0.75,0,0.0,0.05,238,117.0,0.49159663865546216,0.5084033613445378
7,confirmatory,14000,0.0979020979020979,10,0.75,1,0.05,0.1,586,337.0,0.5750853242320819,0.4249146757679181
7,confirmatory,14000,0.0979020979020979,10,0.75,2,0.1,0.2,1130,786.0,0.695575221238938,0.304424778761062
7,confirmatory,14000,0.0979020979020979,10,0.75,3,0.2,0.4,1331,1094.0,0.821938392186326,0.17806160781367397
7,confirmatory,14000,0.0979020979020979,10,0.75,4,0.4,1.01,1323,1285.0,0.9712773998488284,0.028722600151171562
7,confirmatory,14000,0.0979020979020979,10,1.0,0,0.0,0.05,238,95.0,0.39915966386554624,0.6008403361344538
7,confirmatory,14000,0.0979020979020979,10,1.0,1,0.05,0.1,586,287.0,0.48976109215017066,0.5102389078498293
7,confirmatory,14000,0.0979020979020979,10,1.0,2,0.1,0.2,1130,700.0,0.6194690265486725,0.38053097345132747
7,confirmatory,14000,0.0979020979020979,10,1.0,3,0.2,0.4,1331,992.0,0.7453042824943651,0.2546957175056349
7,confirmatory,14000,0.0979020979020979,10,1.0,4,0.4,1.01,1323,1249.0,0.9440665154950869,0.05593348450491309
7,confirmatory,72000,0.5034965034965035,1,0.25,0,0.0,0.05,171,121.0,0.7076023391812866,0.29239766081871343
7,confirmatory,72000,0.5034965034965035,1,0.25,1,0.05,0.1,523,409.0,0.7820267686424475,0.21797323135755253
7,confirmatory,72000,0.5034965034965035,1,0.25,2,0.1,0.2,1034,886.0,0.8568665377176016,0.14313346228239843
7,confirmatory,72000,0.5034965034965035,1,0.25,3,0.2,0.4,1311,1212.0,0.9244851258581236,0.07551487414187641
7,confirmatory,72000,0.5034965034965035,1,0.25,4,0.4,1.01,1569,1556.0,0.9917144678138942,0.008285532186105837
7,confirmatory,72000,0.5034965034965035,1,0.5,0,0.0,0.05,171,76.0,0.4444444444444444,0.5555555555555556
7,confirmatory,72000,0.5034965034965035,1,0.5,1,0.05,0.1,523,322.0,0.615678776290631,0.38432122370936905
7,confirmatory,72000,0.5034965034965035,1,0.5,2,0.1,0.2,1034,762.0,0.7369439071566731,0.26305609284332687
7,confirmatory,72000,0.5034965034965035,1,0.5,3,0.2,0.4,1311,1099.0,0.8382913806254767,0.1617086193745233
7,confirmatory,72000,0.5034965034965035,1,0.5,4,0.4,1.01,1569,1515.0,0.9655831739961759,0.03441682600382412
7,confirmatory,72000,0.5034965034965035,1,0.75,0,0.0,0.05,171,52.0,0.30409356725146197,0.695906432748538
7,confirmatory,72000,0.5034965034965035,1,0.75,1,0.05,0.1,523,222.0,0.42447418738049714,0.5755258126195029
7,confirmatory,72000,0.5034965034965035,1,0.75,2,0.1,0.2,1034,622.0,0.6015473887814313,0.3984526112185687
7,confirmatory,72000,0.5034965034965035,1,0.75,3,0.2,0.4,1311,938.0,0.7154843630816171,0.2845156369183829
7,confirmatory,72000,0.5034965034965035,1,0.75,4,0.4,1.01,1569,1428.0,0.9101338432122371,0.08986615678776289
7,confirmatory,72000,0.5034965034965035,1,1.0,0,0.0,0.05,171,28.0,0.16374269005847952,0.8362573099415205
7,confirmatory,72000,0.5034965034965035,1,1.0,1,0.05,0.1,523,149.0,0.28489483747609945,0.7151051625239006
7,confirmatory,72000,0.5034965034965035,1,1.0,2,0.1,0.2,1034,431.0,0.41682785299806574,0.5831721470019342
7,confirmatory,72000,0.5034965034965035,1,1.0,3,0.2,0.4,1311,682.0,0.5202135774218154,0.4797864225781846
7,confirmatory,72000,0.5034965034965035,1,1.0,4,0.4,1.01,1569,1217.0,0.775653282345443,0.22434671765455705
7,confirmatory,72000,0.5034965034965035,2,0.25,0,0.0,0.05,171,116.0,0.6783625730994152,0.32163742690058483
7,confirmatory,72000,0.5034965034965035,2,0.25,1,0.05,0.1,523,410.0,0.7839388145315488,0.2160611854684512
7,confirmatory,72000,0.5034965034965035,2,0.25,2,0.1,0.2,1034,902.0,0.8723404255319149,0.12765957446808507
7,confirmatory,72000,0.5034965034965035,2,0.25,3,0.2,0.4,1311,1232.0,0.9397406559877955,0.06025934401220445
7,confirmatory,72000,0.5034965034965035,2,0.25,4,0.4,1.01,1569,1555.0,0.9910771191841937,0.008922880815806278
7,confirmatory,72000,0.5034965034965035,2,0.5,0,0.0,0.05,171,88.0,0.5146198830409356,0.48538011695906436
7,confirmatory,72000,0.5034965034965035,2,0.5,1,0.05,0.1,523,318.0,0.6080305927342257,0.39196940726577434
7,confirmatory,72000,0.5034965034965035,2,0.5,2,0.1,0.2,1034,743.0,0.718568665377176,0.281431334622824
7,confirmatory,72000,0.5034965034965035,2,0.5,3,0.2,0.4,1311,1088.0,0.8299008390541571,0.17009916094584288
7,confirmatory,72000,0.5034965034965035,2,0.5,4,0.4,1.01,1569,1523.0,0.9706819630337795,0.029318036966220484
7,confirmatory,72000,0.5034965034965035,2,0.75,0,0.0,0.05,171,55.0,0.3216374269005848,0.6783625730994152
7,confirmatory,72000,0.5034965034965035,2,0.75,1,0.05,0.1,523,218.0,0.4168260038240918,0.5831739961759081
7,confirmatory,72000,0.5034965034965035,2,0.75,2,0.1,0.2,1034,588.0,0.5686653771760155,0.4313346228239845
7,confirmatory,72000,0.5034965034965035,2,0.75,3,0.2,0.4,1311,891.0,0.6796338672768879,0.3203661327231121
7,confirmatory,72000,0.5034965034965035,2,0.75,4,0.4,1.01,1569,1416.0,0.9024856596558317,0.09751434034416828
7,confirmatory,72000,0.5034965034965035,2,1.0,0,0.0,0.05,171,30.0,0.17543859649122806,0.8245614035087719
7,confirmatory,72000,0.5034965034965035,2,1.0,1,0.05,0.1,523,144.0,0.27533460803059273,0.7246653919694073
7,confirmatory,72000,0.5034965034965035,2,1.0,2,0.1,0.2,1034,400.0,0.38684719535783363,0.6131528046421664
7,confirmatory,72000,0.5034965034965035,2,1.0,3,0.2,0.4,1311,638.0,0.486651411136537,0.513348588863463
7,confirmatory,72000,0.5034965034965035,2,1.0,4,0.4,1.01,1569,1171.0,0.7463352453792225,0.25366475462077753
7,confirmatory,72000,0.5034965034965035,3,0.25,0,0.0,0.05,171,123.0,0.7192982456140351,0.2807017543859649
7,confirmatory,72000,0.5034965034965035,3,0.25,1,0.05,0.1,523,412.0,0.7877629063097514,0.21223709369024857
7,confirmatory,72000,0.5034965034965035,3,0.25,2,0.1,0.2,1034,892.0,0.8626692456479691,0.1373307543520309
7,confirmatory,72000,0.5034965034965035,3,0.25,3,0.2,0.4,1311,1223.0,0.9328756674294432,0.06712433257055683
7,confirmatory,72000,0.5034965034965035,3,0.25,4,0.4,1.01,1569,1555.0,0.9910771191841937,0.008922880815806278
7,confirmatory,72000,0.5034965034965035,3,0.5,0,0.0,0.05,171,76.0,0.4444444444444444,0.5555555555555556
7,confirmatory,72000,0.5034965034965035,3,0.5,1,0.05,0.1,523,312.0,0.5965583173996176,0.4034416826003824
7,confirmatory,72000,0.5034965034965035,3,0.5,2,0.1,0.2,1034,718.0,0.6943907156673114,0.30560928433268864
7,confirmatory,72000,0.5034965034965035,3,0.5,3,0.2,0.4,1311,1075.0,0.8199847444698704,0.18001525553012965
7,confirmatory,72000,0.5034965034965035,3,0.5,4,0.4,1.01,1569,1510.0,0.9623964308476737,0.03760356915232632
7,confirmatory,72000,0.5034965034965035,3,0.75,0,0.0,0.05,171,45.0,0.2631578947368421,0.736842105263158
7,confirmatory,72000,0.5034965034965035,3,0.75,1,0.05,0.1,523,201.0,0.384321223709369,0.6156787762906311
7,confirmatory,72000,0.5034965034965035,3,0.75,2,0.1,0.2,1034,520.0,0.5029013539651838,0.49709864603481624
7,confirmatory,72000,0.5034965034965035,3,0.75,3,0.2,0.4,1311,846.0,0.6453089244851259,0.3546910755148741
7,confirmatory,72000,0.5034965034965035,3,0.75,4,0.4,1.01,1569,1363.0,0.868706182281708,0.13129381771829196
7,confirmatory,72000,0.5034965034965035,3,1.0,0,0.0,0.05,171,15.0,0.08771929824561403,0.9122807017543859
7,confirmatory,72000,0.5034965034965035,3,1.0,1,0.05,0.1,523,81.0,0.15487571701720843,0.8451242829827916
7,confirmatory,72000,0.5034965034965035,3,1.0,2,0.1,0.2,1034,263.0,0.25435203094777564,0.7456479690522244
7,confirmatory,72000,0.5034965034965035,3,1.0,3,0.2,0.4,1311,507.0,0.38672768878718533,0.6132723112128147
7,confirmatory,72000,0.5034965034965035,3,1.0,4,0.4,1.01,1569,859.0,0.5474824729126833,0.45251752708731674
7,confirmatory,72000,0.5034965034965035,4,0.25,0,0.0,0.05,171,110.0,0.6432748538011696,0.35672514619883045
7,confirmatory,72000,0.5034965034965035,4,0.25,1,0.05,0.1,523,426.0,0.8145315487571702,0.18546845124282985
7,confirmatory,72000,0.5034965034965035,4,0.25,2,0.1,0.2,1034,876.0,0.8471953578336557,0.15280464216634426
7,confirmatory,72000,0.5034965034965035,4,0.25,3,0.2,0.4,1311,1237.0,0.9435545385202135,0.05644546147978646
7,confirmatory,72000,0.5034965034965035,4,0.25,4,0.4,1.01,1569,1554.0,0.9904397705544933,0.009560229445506718
7,confirmatory,72000,0.5034965034965035,4,0.5,0,0.0,0.05,171,78.0,0.45614035087719296,0.543859649122807
7,confirmatory,72000,0.5034965034965035,4,0.5,1,0.05,0.1,523,334.99999999999994,0.6405353728489482,0.35946462715105176
7,confirmatory,72000,0.5034965034965035,4,0.5,2,0.1,0.2,1034,742.0,0.7176015473887815,0.28239845261121854
7,confirmatory,72000,0.5034965034965035,4,0.5,3,0.2,0.4,1311,1112.0,0.8482074752097636,0.15179252479023642
7,confirmatory,72000,0.5034965034965035,4,0.5,4,0.4,1.01,1569,1522.0,0.9700446144040791,0.029955385595920925
7,confirmatory,72000,0.5034965034965035,4,0.75,0,0.0,0.05,171,54.0,0.3157894736842105,0.6842105263157895
7,confirmatory,72000,0.5034965034965035,4,0.75,1,0.05,0.1,523,265.0,0.5066921606118547,0.49330783938814526
7,confirmatory,72000,0.5034965034965035,4,0.75,2,0.1,0.2,1034,622.0,0.6015473887814313,0.3984526112185687
7,confirmatory,72000,0.5034965034965035,4,0.75,3,0.2,0.4,1311,988.0,0.7536231884057971,0.24637681159420288
7,confirmatory,72000,0.5034965034965035,4,0.75,4,0.4,1.01,1569,1465.0,0.9337157425111536,0.06628425748884637
7,confirmatory,72000,0.5034965034965035,4,1.0,0,0.0,0.05,171,47.0,0.27485380116959063,0.7251461988304093
7,confirmatory,72000,0.5034965034965035,4,1.0,1,0.05,0.1,523,204.0,0.390057361376673,0.609942638623327
7,confirmatory,72000,0.5034965034965035,4,1.0,2,0.1,0.2,1034,517.0,0.5,0.5
7,confirmatory,72000,0.5034965034965035,4,1.0,3,0.2,0.4,1311,843.0,0.6430205949656751,0.3569794050343249
7,confirmatory,72000,0.5034965034965035,4,1.0,4,0.4,1.01,1569,1362.0,0.8680688336520076,0.1319311663479924
7,confirmatory,72000,0.5034965034965035,5,0.25,0,0.0,0.05,171,113.0,0.6608187134502924,0.3391812865497076
7,confirmatory,72000,0.5034965034965035,5,0.25,1,0.05,0.1,523,425.0,0.8126195028680688,0.18738049713193117
7,confirmatory,72000,0.5034965034965035,5,0.25,2,0.1,0.2,1034,912.0,0.8820116054158608,0.11798839458413923
7,confirmatory,72000,0.5034965034965035,5,0.25,3,0.2,0.4,1311,1239.0,0.9450800915331807,0.05491990846681927
7,confirmatory,72000,0.5034965034965035,5,0.25,4,0.4,1.01,1569,1554.0,0.9904397705544933,0.009560229445506718
7,confirmatory,72000,0.5034965034965035,5,0.5,0,0.0,0.05,171,80.0,0.4678362573099415,0.5321637426900585
7,confirmatory,72000,0.5034965034965035,5,0.5,1,0.05,0.1,523,352.0,0.6730401529636711,0.32695984703632885
7,confirmatory,72000,0.5034965034965035,5,0.5,2,0.1,0.2,1034,787.0,0.7611218568665378,0.23887814313346223
7,confirmatory,72000,0.5034965034965035,5,0.5,3,0.2,0.4,1311,1149.0,0.8764302059496567,0.1235697940503433
7,confirmatory,72000,0.5034965034965035,5,0.5,4,0.4,1.01,1569,1532.0,0.9764181007010835,0.02358189929891652
7,confirmatory,72000,0.5034965034965035,5,0.75,0,0.0,0.05,171,59.0,0.34502923976608185,0.6549707602339181
7,confirmatory,72000,0.5034965034965035,5,0.75,1,0.05,0.1,523,293.0,0.5602294455066922,0.4397705544933078
7,confirmatory,72000,0.5034965034965035,5,0.75,2,0.1,0.2,1034,683.0,0.660541586073501,0.339458413926499
7,confirmatory,72000,0.5034965034965035,5,0.75,3,0.2,0.4,1311,1022.0,0.7795575896262396,0.22044241037376044
7,confirmatory,72000,0.5034965034965035,5,0.75,4,0.4,1.01,1569,1494.0,0.9521988527724665,0.04780114722753348
7,confirmatory,72000,0.5034965034965035,5,1.0,0,0.0,0.05,171,44.0,0.2573099415204678,0.7426900584795322
7,confirmatory,72000,0.5034965034965035,5,1.0,1,0.05,0.1,523,229.0,0.4378585086042065,0.5621414913957935
7,confirmatory,72000,0.5034965034965035,5,1.0,2,0.1,0.2,1034,578.0,0.5589941972920697,0.44100580270793033
7,confirmatory,72000,0.5034965034965035,5,1.0,3,0.2,0.4,1311,907.0,0.6918382913806255,0.30816170861937453
7,confirmatory,72000,0.5034965034965035,5,1.0,4,0.4,1.01,1569,1407.0,0.8967495219885278,0.10325047801147225
7,confirmatory,72000,0.5034965034965035,6,0.25,0,0.0,0.05,171,120.0,0.7017543859649122,0.29824561403508776
7,confirmatory,72000,0.5034965034965035,6,0.25,1,0.05,0.1,523,418.0,0.7992351816443595,0.20076481835564053
7,confirmatory,72000,0.5034965034965035,6,0.25,2,0.1,0.2,1034,894.0,0.8646034816247582,0.1353965183752418
7,confirmatory,72000,0.5034965034965035,6,0.25,3,0.2,0.4,1311,1244.0,0.9488939740655988,0.05110602593440117
7,confirmatory,72000,0.5034965034965035,6,0.25,4,0.4,1.01,1569,1561.0,0.9949012109623965,0.005098789037603524
7,confirmatory,72000,0.5034965034965035,6,0.5,0,0.0,0.05,171,89.0,0.52046783625731,0.47953216374269003
7,confirmatory,72000,0.5034965034965035,6,0.5,1,0.05,0.1,523,331.0,0.6328871892925431,0.36711281070745694
7,confirmatory,72000,0.5034965034965035,6,0.5,2,0.1,0.2,1034,771.0,0.7456479690522244,0.2543520309477756
7,confirmatory,72000,0.5034965034965035,6,0.5,3,0.2,0.4,1311,1143.0,0.8718535469107551,0.12814645308924488
7,confirmatory,72000,0.5034965034965035,6,0.5,4,0.4,1.01,1569,1540.0,0.9815168897386871,0.018483110261312885
7,confirmatory,72000,0.5034965034965035,6,0.75,0,0.0,0.05,171,66.0,0.38596491228070173,0.6140350877192983
7,confirmatory,72000,0.5034965034965035,6,0.75,1,0.05,0.1,523,268.0,0.5124282982791587,0.4875717017208413
7,confirmatory,72000,0.5034965034965035,6,0.75,2,0.1,0.2,1034,627.0,0.6063829787234043,0.3936170212765957
7,confirmatory,72000,0.5034965034965035,6,0.75,3,0.2,0.4,1311,1002.0,0.7643020594965675,0.2356979405034325
7,confirmatory,72000,0.5034965034965035,6,0.75,4,0.4,1.01,1569,1493.0,0.9515615041427661,0.04843849585723392
7,confirmatory,72000,0.5034965034965035,6,1.0,0,0.0,0.05,171,47.0,0.27485380116959063,0.7251461988304093
7,confirmatory,72000,0.5034965034965035,6,1.0,1,0.05,0.1,523,195.0,0.372848948374761,0.627151051625239
7,confirmatory,72000,0.5034965034965035,6,1.0,2,0.1,0.2,1034,504.0,0.4874274661508704,0.5125725338491296
7,confirmatory,72000,0.5034965034965035,6,1.0,3,0.2,0.4,1311,856.0,0.6529366895499619,0.34706331045003813
7,confirmatory,72000,0.5034965034965035,6,1.0,4,0.4,1.01,1569,1369.0,0.8725302740599108,0.1274697259400892
7,confirmatory,72000,0.5034965034965035,7,0.25,0,0.0,0.05,171,129.0,0.7543859649122807,0.24561403508771928
7,confirmatory,72000,0.5034965034965035,7,0.25,1,0.05,0.1,523,426.0,0.8145315487571702,0.18546845124282985
7,confirmatory,72000,0.5034965034965035,7,0.25,2,0.1,0.2,1034,914.0,0.8839458413926499,0.11605415860735013
7,confirmatory,72000,0.5034965034965035,7,0.25,3,0.2,0.4,1311,1245.0,0.9496567505720824,0.05034324942791757
7,confirmatory,72000,0.5034965034965035,7,0.25,4,0.4,1.01,1569,1562.0,0.9955385595920969,0.004461440407903083
7,confirmatory,72000,0.5034965034965035,7,0.5,0,0.0,0.05,171,89.0,0.52046783625731,0.47953216374269003
7,confirmatory,72000,0.5034965034965035,7,0.5,1,0.05,0.1,523,346.0,0.6615678776290631,0.3384321223709369
7,confirmatory,72000,0.5034965034965035,7,0.5,2,0.1,0.2,1034,810.0,0.7833655705996132,0.2166344294003868
7,confirmatory,72000,0.5034965034965035,7,0.5,3,0.2,0.4,1311,1142.0,0.8710907704042715,0.12890922959572848
7,confirmatory,72000,0.5034965034965035,7,0.5,4,0.4,1.01,1569,1546.0,0.9853409815168898,0.014659018483110242
7,confirmatory,72000,0.5034965034965035,7,0.75,0,0.0,0.05,171,68.0,0.39766081871345027,0.6023391812865497
7,confirmatory,72000,0.5034965034965035,7,0.75,1,0.05,0.1,523,275.0,0.5258126195028681,0.47418738049713194
7,confirmatory,72000,0.5034965034965035,7,0.75,2,0.1,0.2,1034,703.0,0.6798839458413927,0.32011605415860733
7,confirmatory,72000,0.5034965034965035,7,0.75,3,0.2,0.4,1311,1034.0,0.7887109077040427,0.21128909229595727
7,confirmatory,72000,0.5034965034965035,7,0.75,4,0.4,1.01,1569,1514.0,0.9649458253664754,0.03505417463352456
7,confirmatory,72000,0.5034965034965035,7,1.0,0,0.0,0.05,171,52.0,0.30409356725146197,0.695906432748538
7,confirmatory,72000,0.5034965034965035,7,1.0,1,0.05,0.1,523,229.0,0.4378585086042065,0.5621414913957935
7,confirmatory,72000,0.5034965034965035,7,1.0,2,0.1,0.2,1034,590.0,0.5705996131528046,0.4294003868471954
7,confirmatory,72000,0.5034965034965035,7,1.0,3,0.2,0.4,1311,907.0,0.6918382913806255,0.30816170861937453
7,confirmatory,72000,0.5034965034965035,7,1.0,4,0.4,1.01,1569,1443.0,0.9196940726577438,0.08030592734225617
7,confirmatory,72000,0.5034965034965035,8,0.25,0,0.0,0.05,171,119.0,0.695906432748538,0.30409356725146197
7,confirmatory,72000,0.5034965034965035,8,0.25,1,0.05,0.1,523,432.0,0.8260038240917782,0.1739961759082218
7,confirmatory,72000,0.5034965034965035,8,0.25,2,0.1,0.2,1034,914.0,0.8839458413926499,0.11605415860735013
7,confirmatory,72000,0.5034965034965035,8,0.25,3,0.2,0.4,1311,1245.0,0.9496567505720824,0.05034324942791757
7,confirmatory,72000,0.5034965034965035,8,0.25,4,0.4,1.01,1569,1559.0,0.9936265137029955,0.006373486297004516
7,confirmatory,72000,0.5034965034965035,8,0.5,0,0.0,0.05,171,79.0,0.4619883040935672,0.5380116959064327
7,confirmatory,72000,0.5034965034965035,8,0.5,1,0.05,0.1,523,341.0,0.6520076481835564,0.3479923518164436
7,confirmatory,72000,0.5034965034965035,8,0.5,2,0.1,0.2,1034,775.0,0.7495164410058027,0.2504835589941973
7,confirmatory,72000,0.5034965034965035,8,0.5,3,0.2,0.4,1311,1136.0,0.8665141113653699,0.13348588863463007
7,confirmatory,72000,0.5034965034965035,8,0.5,4,0.4,1.01,1569,1543.0,0.9834289356277884,0.016571064372211564
7,confirmatory,72000,0.5034965034965035,8,0.75,0,0.0,0.05,171,57.0,0.3333333333333333,0.6666666666666667
7,confirmatory,72000,0.5034965034965035,8,0.75,1,0.05,0.1,523,260.0,0.497131931166348,0.502868068833652
7,confirmatory,72000,0.5034965034965035,8,0.75,2,0.1,0.2,1034,650.0,0.6286266924564797,0.37137330754352027
7,confirmatory,72000,0.5034965034965035,8,0.75,3,0.2,0.4,1311,995.0,0.7589626239511823,0.2410373760488177
7,confirmatory,72000,0.5034965034965035,8,0.75,4,0.4,1.01,1569,1490.0,0.9496494582536648,0.05035054174633524
7,confirmatory,72000,0.5034965034965035,8,1.0,0,0.0,0.05,171,39.0,0.22807017543859648,0.7719298245614035
7,confirmatory,72000,0.5034965034965035,8,1.0,1,0.05,0.1,523,190.0,0.3632887189292543,0.6367112810707457
7,confirmatory,72000,0.5034965034965035,8,1.0,2,0.1,0.2,1034,538.0,0.5203094777562862,0.4796905222437138
7,confirmatory,72000,0.5034965034965035,8,1.0,3,0.2,0.4,1311,855.0,0.6521739130434783,0.34782608695652173
7,confirmatory,72000,0.5034965034965035,8,1.0,4,0.4,1.01,1569,1400.0,0.8922880815806246,0.10771191841937544
7,confirmatory,72000,0.5034965034965035,9,0.25,0,0.0,0.05,171,111.0,0.6491228070175439,0.3508771929824561
7,confirmatory,72000,0.5034965034965035,9,0.25,1,0.05,0.1,523,404.0,0.7724665391969407,0.22753346080305925
7,confirmatory,72000,0.5034965034965035,9,0.25,2,0.1,0.2,1034,860.0,0.8317214700193424,0.16827852998065762
7,confirmatory,72000,0.5034965034965035,9,0.25,3,0.2,0.4,1311,1184.0,0.9031273836765827,0.09687261632341726
7,confirmatory,72000,0.5034965034965035,9,0.25,4,0.4,1.01,1569,1553.0,0.9898024219247928,0.010197578075207159
7,confirmatory,72000,0.5034965034965035,9,0.5,0,0.0,0.05,171,79.0,0.4619883040935672,0.5380116959064327
7,confirmatory,72000,0.5034965034965035,9,0.5,1,0.05,0.1,523,301.0,0.5755258126195029,0.42447418738049714
7,confirmatory,72000,0.5034965034965035,9,0.5,2,0.1,0.2,1034,684.0,0.6615087040618955,0.33849129593810445
7,confirmatory,72000,0.5034965034965035,9,0.5,3,0.2,0.4,1311,1049.0,0.8001525553012967,0.1998474446987033
7,confirmatory,72000,0.5034965034965035,9,0.5,4,0.4,1.01,1569,1511.0,0.9630337794773741,0.03696622052262588
7,confirmatory,72000,0.5034965034965035,9,0.75,0,0.0,0.05,171,51.0,0.2982456140350877,0.7017543859649122
7,confirmatory,72000,0.5034965034965035,9,0.75,1,0.05,0.1,523,223.0,0.42638623326959846,0.5736137667304015
7,confirmatory,72000,0.5034965034965035,9,0.75,2,0.1,0.2,1034,551.0,0.5328820116054158,0.4671179883945842
7,confirmatory,72000,0.5034965034965035,9,0.75,3,0.2,0.4,1311,881.0,0.6720061022120518,0.3279938977879482
7,confirmatory,72000,0.5034965034965035,9,0.75,4,0.4,1.01,1569,1416.0,0.9024856596558317,0.09751434034416828
7,confirmatory,72000,0.5034965034965035,9,1.0,0,0.0,0.05,171,25.0,0.14619883040935672,0.8538011695906433
7,confirmatory,72000,0.5034965034965035,9,1.0,1,0.05,0.1,523,154.0,0.2944550669216061,0.7055449330783938
7,confirmatory,72000,0.5034965034965035,9,1.0,2,0.1,0.2,1034,428.0,0.41392649903288203,0.586073500967118
7,confirmatory,72000,0.5034965034965035,9,1.0,3,0.2,0.4,1311,740.0,0.5644546147978642,0.4355453852021358
7,confirmatory,72000,0.5034965034965035,9,1.0,4,0.4,1.01,1569,1264.0,0.8056086679413639,0.19439133205863612
7,confirmatory,72000,0.5034965034965035,10,0.25,0,0.0,0.05,171,125.0,0.7309941520467836,0.26900584795321636
7,confirmatory,72000,0.5034965034965035,10,0.25,1,0.05,0.1,523,410.0,0.7839388145315488,0.2160611854684512
7,confirmatory,72000,0.5034965034965035,10,0.25,2,0.1,0.2,1034,885.0,0.8558994197292069,0.1441005802707931
7,confirmatory,72000,0.5034965034965035,10,0.25,3,0.2,0.4,1311,1228.0,0.9366895499618612,0.06331045003813884
7,confirmatory,72000,0.5034965034965035,10,0.25,4,0.4,1.01,1569,1560.0,0.994263862332696,0.005736137667303964
7,confirmatory,72000,0.5034965034965035,10,0.5,0,0.0,0.05,171,97.0,0.5672514619883041,0.4327485380116959
7,confirmatory,72000,0.5034965034965035,10,0.5,1,0.05,0.1,523,336.0,0.6424474187380497,0.35755258126195033
7,confirmatory,72000,0.5034965034965035,10,0.5,2,0.1,0.2,1034,772.0,0.746615087040619,0.25338491295938104
7,confirmatory,72000,0.5034965034965035,10,0.5,3,0.2,0.4,1311,1123.0,0.8565980167810832,0.14340198321891684
7,confirmatory,72000,0.5034965034965035,10,0.5,4,0.4,1.01,1569,1532.0,0.9764181007010835,0.02358189929891652
7,confirmatory,72000,0.5034965034965035,10,0.75,0,0.0,0.05,171,71.0,0.4152046783625731,0.5847953216374269
7,confirmatory,72000,0.5034965034965035,10,0.75,1,0.05,0.1,523,263.0,0.502868068833652,0.497131931166348
7,confirmatory,72000,0.5034965034965035,10,0.75,2,0.1,0.2,1034,636.0,0.6150870406189555,0.38491295938104453
7,confirmatory,72000,0.5034965034965035,10,0.75,3,0.2,0.4,1311,1004.0,0.7658276125095347,0.23417238749046532
7,confirmatory,72000,0.5034965034965035,10,0.75,4,0.4,1.01,1569,1474.0,0.9394518801784576,0.0605481198215424
7,confirmatory,72000,0.5034965034965035,10,1.0,0,0.0,0.05,171,49.0,0.28654970760233917,0.7134502923976609
7,confirmatory,72000,0.5034965034965035,10,1.0,1,0.05,0.1,523,217.0,0.4149139579349904,0.5850860420650096
7,confirmatory,72000,0.5034965034965035,10,1.0,2,0.1,0.2,1034,520.0,0.5029013539651838,0.49709864603481624
7,confirmatory,72000,0.5034965034965035,10,1.0,3,0.2,0.4,1311,890.0,0.6788710907704043,0.3211289092295957
7,confirmatory,72000,0.5034965034965035,10,1.0,4,0.4,1.01,1569,1383.0,0.8814531548757171,0.11854684512428293
7,confirmatory,143000,1.0,1,0.25,0,0.0,0.05,223,142.0,0.6367713004484304,0.36322869955156956
7,confirmatory,143000,1.0,1,0.25,1,0.05,0.1,527,408.0,0.7741935483870968,0.22580645161290325
7,confirmatory,143000,1.0,1,0.25,2,0.1,0.2,1095,929.0,0.8484018264840183,0.1515981735159817
7,confirmatory,143000,1.0,1,0.25,3,0.2,0.4,1251,1163.0,0.929656274980016,0.07034372501998398
7,confirmatory,143000,1.0,1,0.25,4,0.4,1.01,1512,1500.0,0.9920634920634921,0.007936507936507908
7,confirmatory,143000,1.0,1,0.5,0,0.0,0.05,223,93.0,0.4170403587443946,0.5829596412556054
7,confirmatory,143000,1.0,1,0.5,1,0.05,0.1,527,325.0,0.6166982922201139,0.38330170777988615
7,confirmatory,143000,1.0,1,0.5,2,0.1,0.2,1095,785.0,0.7168949771689498,0.2831050228310502
7,confirmatory,143000,1.0,1,0.5,3,0.2,0.4,1251,1043.0,0.8337330135891287,0.16626698641087134
7,confirmatory,143000,1.0,1,0.5,4,0.4,1.01,1512,1464.0,0.9682539682539683,0.031746031746031744
7,confirmatory,143000,1.0,1,0.75,0,0.0,0.05,223,56.0,0.25112107623318386,0.7488789237668161
7,confirmatory,143000,1.0,1,0.75,1,0.05,0.1,527,228.0,0.43263757115749524,0.5673624288425048
7,confirmatory,143000,1.0,1,0.75,2,0.1,0.2,1095,607.0,0.554337899543379,0.445662100456621
7,confirmatory,143000,1.0,1,0.75,3,0.2,0.4,1251,857.0,0.6850519584332534,0.3149480415667466
7,confirmatory,143000,1.0,1,0.75,4,0.4,1.01,1512,1356.0,0.8968253968253969,0.10317460317460314
7,confirmatory,143000,1.0,1,1.0,0,0.0,0.05,223,38.0,0.17040358744394618,0.8295964125560538
7,confirmatory,143000,1.0,1,1.0,1,0.05,0.1,527,134.0,0.25426944971537,0.74573055028463
7,confirmatory,143000,1.0,1,1.0,2,0.1,0.2,1095,416.0,0.37990867579908677,0.6200913242009132
7,confirmatory,143000,1.0,1,1.0,3,0.2,0.4,1251,610.0,0.4876099120703437,0.5123900879296563
7,confirmatory,143000,1.0,1,1.0,4,0.4,1.01,1512,1124.0,0.7433862433862434,0.2566137566137566
7,confirmatory,143000,1.0,2,0.25,0,0.0,0.05,223,151.0,0.6771300448430493,0.3228699551569507
7,confirmatory,143000,1.0,2,0.25,1,0.05,0.1,527,389.0,0.7381404174573055,0.2618595825426945
7,confirmatory,143000,1.0,2,0.25,2,0.1,0.2,1095,917.0,0.8374429223744292,0.1625570776255708
7,confirmatory,143000,1.0,2,0.25,3,0.2,0.4,1251,1152.0,0.920863309352518,0.07913669064748197
7,confirmatory,143000,1.0,2,0.25,4,0.4,1.01,1512,1498.0,0.9907407407407407,0.0092592592592593
7,confirmatory,143000,1.0,2,0.5,0,0.0,0.05,223,95.0,0.4260089686098655,0.5739910313901345
7,confirmatory,143000,1.0,2,0.5,1,0.05,0.1,527,287.0,0.5445920303605313,0.4554079696394687
7,confirmatory,143000,1.0,2,0.5,2,0.1,0.2,1095,742.0,0.6776255707762557,0.32237442922374426
7,confirmatory,143000,1.0,2,0.5,3,0.2,0.4,1251,1017.0,0.8129496402877698,0.18705035971223016
7,confirmatory,143000,1.0,2,0.5,4,0.4,1.01,1512,1450.0,0.958994708994709,0.041005291005291045
7,confirmatory,143000,1.0,2,0.75,0,0.0,0.05,223,59.0,0.2645739910313901,0.7354260089686099
7,confirmatory,143000,1.0,2,0.75,1,0.05,0.1,527,190.0,0.3605313092979127,0.6394686907020872
7,confirmatory,143000,1.0,2,0.75,2,0.1,0.2,1095,562.0,0.5132420091324201,0.48675799086757987
7,confirmatory,143000,1.0,2,0.75,3,0.2,0.4,1251,811.0,0.64828137490008,0.35171862509992
7,confirmatory,143000,1.0,2,0.75,4,0.4,1.01,1512,1328.0,0.8783068783068783,0.12169312169312174
7,confirmatory,143000,1.0,2,1.0,0,0.0,0.05,223,45.0,0.20179372197309417,0.7982062780269058
7,confirmatory,143000,1.0,2,1.0,1,0.05,0.1,527,130.0,0.24667931688804554,0.7533206831119544
7,confirmatory,143000,1.0,2,1.0,2,0.1,0.2,1095,377.0,0.34429223744292237,0.6557077625570776
7,confirmatory,143000,1.0,2,1.0,3,0.2,0.4,1251,604.0,0.4828137490007994,0.5171862509992007
7,confirmatory,143000,1.0,2,1.0,4,0.4,1.01,1512,1060.0,0.701058201058201,0.29894179894179895
7,confirmatory,143000,1.0,3,0.25,0,0.0,0.05,223,136.0,0.6098654708520179,0.3901345291479821
7,confirmatory,143000,1.0,3,0.25,1,0.05,0.1,527,394.0,0.7476280834914611,0.25237191650853885
7,confirmatory,143000,1.0,3,0.25,2,0.1,0.2,1095,907.0,0.828310502283105,0.171689497716895
7,confirmatory,143000,1.0,3,0.25,3,0.2,0.4,1251,1163.0,0.929656274980016,0.07034372501998398
7,confirmatory,143000,1.0,3,0.25,4,0.4,1.01,1512,1493.0,0.9874338624338624,0.012566137566137559
7,confirmatory,143000,1.0,3,0.5,0,0.0,0.05,223,78.0,0.34977578475336324,0.6502242152466368
7,confirmatory,143000,1.0,3,0.5,1,0.05,0.1,527,290.0,0.5502846299810247,0.4497153700189753
7,confirmatory,143000,1.0,3,0.5,2,0.1,0.2,1095,718.0,0.6557077625570776,0.34429223744292237
7,confirmatory,143000,1.0,3,0.5,3,0.2,0.4,1251,1012.0,0.8089528377298162,0.1910471622701838
7,confirmatory,143000,1.0,3,0.5,4,0.4,1.01,1512,1441.0,0.953042328042328,0.046957671957671976
7,confirmatory,143000,1.0,3,0.75,0,0.0,0.05,223,42.0,0.18834080717488788,0.8116591928251121
7,confirmatory,143000,1.0,3,0.75,1,0.05,0.1,527,194.0,0.3681214421252372,0.6318785578747628
7,confirmatory,143000,1.0,3,0.75,2,0.1,0.2,1095,538.0,0.491324200913242,0.508675799086758
7,confirmatory,143000,1.0,3,0.75,3,0.2,0.4,1251,781.0,0.6243005595523581,0.3756994404476419
7,confirmatory,143000,1.0,3,0.75,4,0.4,1.01,1512,1280.0,0.8465608465608465,0.1534391534391535
7,confirmatory,143000,1.0,3,1.0,0,0.0,0.05,223,16.0,0.07174887892376682,0.9282511210762332
7,confirmatory,143000,1.0,3,1.0,1,0.05,0.1,527,94.0,0.17836812144212524,0.8216318785578748
7,confirmatory,143000,1.0,3,1.0,2,0.1,0.2,1095,288.0,0.26301369863013696,0.736986301369863
7,confirmatory,143000,1.0,3,1.0,3,0.2,0.4,1251,455.0,0.36370903277378097,0.636290967226219
7,confirmatory,143000,1.0,3,1.0,4,0.4,1.01,1512,750.0,0.49603174603174605,0.503968253968254
7,confirmatory,143000,1.0,4,0.25,0,0.0,0.05,223,145.0,0.6502242152466368,0.34977578475336324
7,confirmatory,143000,1.0,4,0.25,1,0.05,0.1,527,398.0,0.7552182163187856,0.2447817836812144
7,confirmatory,143000,1.0,4,0.25,2,0.1,0.2,1095,916.0,0.8365296803652968,0.16347031963470315
7,confirmatory,143000,1.0,4,0.25,3,0.2,0.4,1251,1152.0,0.920863309352518,0.07913669064748197
7,confirmatory,143000,1.0,4,0.25,4,0.4,1.01,1512,1499.0,0.9914021164021164,0.008597883597883604
7,confirmatory,143000,1.0,4,0.5,0,0.0,0.05,223,84.0,0.37668161434977576,0.6233183856502242
7,confirmatory,143000,1.0,4,0.5,1,0.05,0.1,527,311.0,0.5901328273244781,0.40986717267552186
7,confirmatory,143000,1.0,4,0.5,2,0.1,0.2,1095,760.0,0.6940639269406392,0.30593607305936077
7,confirmatory,143000,1.0,4,0.5,3,0.2,0.4,1251,1036.0,0.8281374900079936,0.17186250999200636
7,confirmatory,143000,1.0,4,0.5,4,0.4,1.01,1512,1462.0,0.966931216931217,0.033068783068783025
7,confirmatory,143000,1.0,4,0.75,0,0.0,0.05,223,59.0,0.2645739910313901,0.7354260089686099
7,confirmatory,143000,1.0,4,0.75,1,0.05,0.1,527,229.0,0.43453510436432635,0.5654648956356736
7,confirmatory,143000,1.0,4,0.75,2,0.1,0.2,1095,631.0,0.5762557077625571,0.4237442922374429
7,confirmatory,143000,1.0,4,0.75,3,0.2,0.4,1251,894.0,0.7146282973621103,0.2853717026378897
7,confirmatory,143000,1.0,4,0.75,4,0.4,1.01,1512,1378.0,0.9113756613756614,0.0886243386243386
7,confirmatory,143000,1.0,4,1.0,0,0.0,0.05,223,48.0,0.21524663677130046,0.7847533632286996
7,confirmatory,143000,1.0,4,1.0,1,0.05,0.1,527,177.0,0.33586337760910817,0.6641366223908918
7,confirmatory,143000,1.0,4,1.0,2,0.1,0.2,1095,507.0,0.46301369863013697,0.536986301369863
7,confirmatory,143000,1.0,4,1.0,3,0.2,0.4,1251,735.0,0.5875299760191847,0.41247002398081534
7,confirmatory,143000,1.0,4,1.0,4,0.4,1.01,1512,1242.0,0.8214285714285714,0.1785714285714286
7,confirmatory,143000,1.0,5,0.25,0,0.0,0.05,223,131.0,0.5874439461883408,0.41255605381165916
7,confirmatory,143000,1.0,5,0.25,1,0.05,0.1,527,407.0,0.7722960151802657,0.2277039848197343
7,confirmatory,143000,1.0,5,0.25,2,0.1,0.2,1095,900.0,0.821917808219178,0.17808219178082196
7,confirmatory,143000,1.0,5,0.25,3,0.2,0.4,1251,1162.0,0.9288569144684252,0.07114308553157478
7,confirmatory,143000,1.0,5,0.25,4,0.4,1.01,1512,1503.0,0.9940476190476191,0.005952380952380931
7,confirmatory,143000,1.0,5,0.5,0,0.0,0.05,223,99.0,0.4439461883408072,0.5560538116591929
7,confirmatory,143000,1.0,5,0.5,1,0.05,0.1,527,319.0,0.6053130929791272,0.39468690702087283
7,confirmatory,143000,1.0,5,0.5,2,0.1,0.2,1095,767.0,0.7004566210045662,0.2995433789954338
7,confirmatory,143000,1.0,5,0.5,3,0.2,0.4,1251,1059.0,0.8465227817745803,0.1534772182254197
7,confirmatory,143000,1.0,5,0.5,4,0.4,1.01,1512,1471.0,0.9728835978835979,0.027116402116402094
7,confirmatory,143000,1.0,5,0.75,0,0.0,0.05,223,64.0,0.28699551569506726,0.7130044843049328
7,confirmatory,143000,1.0,5,0.75,1,0.05,0.1,527,242.0,0.45920303605313095,0.540796963946869
7,confirmatory,143000,1.0,5,0.75,2,0.1,0.2,1095,657.0,0.6,0.4
7,confirmatory,143000,1.0,5,0.75,3,0.2,0.4,1251,921.0,0.7362110311750599,0.2637889688249401
7,confirmatory,143000,1.0,5,0.75,4,0.4,1.01,1512,1383.0,0.9146825396825397,0.08531746031746035
7,confirmatory,143000,1.0,5,1.0,0,0.0,0.05,223,45.0,0.20179372197309417,0.7982062780269058
7,confirmatory,143000,1.0,5,1.0,1,0.05,0.1,527,190.0,0.3605313092979127,0.6394686907020872
7,confirmatory,143000,1.0,5,1.0,2,0.1,0.2,1095,558.0,0.5095890410958904,0.4904109589041096
7,confirmatory,143000,1.0,5,1.0,3,0.2,0.4,1251,784.0,0.6266986410871302,0.37330135891286975
7,confirmatory,143000,1.0,5,1.0,4,0.4,1.01,1512,1230.0,0.8134920634920635,0.1865079365079365
7,confirmatory,143000,1.0,6,0.25,0,0.0,0.05,223,144.0,0.6457399103139013,0.3542600896860987
7,confirmatory,143000,1.0,6,0.25,1,0.05,0.1,527,420.0,0.7969639468690702,0.20303605313092976
7,confirmatory,143000,1.0,6,0.25,2,0.1,0.2,1095,921.0,0.8410958904109589,0.1589041095890411
7,confirmatory,143000,1.0,6,0.25,3,0.2,0.4,1251,1139.0,0.9104716227018386,0.08952837729816143
7,confirmatory,143000,1.0,6,0.25,4,0.4,1.01,1512,1498.0,0.9907407407407407,0.0092592592592593
7,confirmatory,143000,1.0,6,0.5,0,0.0,0.05,223,103.0,0.4618834080717489,0.5381165919282511
7,confirmatory,143000,1.0,6,0.5,1,0.05,0.1,527,309.0,0.5863377609108159,0.4136622390891841
7,confirmatory,143000,1.0,6,0.5,2,0.1,0.2,1095,756.0,0.6904109589041096,0.30958904109589036
7,confirmatory,143000,1.0,6,0.5,3,0.2,0.4,1251,1003.0,0.8017585931254996,0.19824140687450043
7,confirmatory,143000,1.0,6,0.5,4,0.4,1.01,1512,1454.0,0.9616402116402116,0.03835978835978837
7,confirmatory,143000,1.0,6,0.75,0,0.0,0.05,223,59.0,0.2645739910313901,0.7354260089686099
7,confirmatory,143000,1.0,6,0.75,1,0.05,0.1,527,214.0,0.4060721062618596,0.5939278937381405
7,confirmatory,143000,1.0,6,0.75,2,0.1,0.2,1095,606.0,0.5534246575342465,0.4465753424657535
7,confirmatory,143000,1.0,6,0.75,3,0.2,0.4,1251,842.0,0.6730615507593924,0.32693844924060755
7,confirmatory,143000,1.0,6,0.75,4,0.4,1.01,1512,1349.0,0.8921957671957672,0.10780423280423279
7,confirmatory,143000,1.0,6,1.0,0,0.0,0.05,223,47.0,0.21076233183856502,0.789237668161435
7,confirmatory,143000,1.0,6,1.0,1,0.05,0.1,527,160.0,0.3036053130929791,0.6963946869070209
7,confirmatory,143000,1.0,6,1.0,2,0.1,0.2,1095,484.0,0.4420091324200913,0.5579908675799087
7,confirmatory,143000,1.0,6,1.0,3,0.2,0.4,1251,715.0,0.5715427657873701,0.42845723421262993
7,confirmatory,143000,1.0,6,1.0,4,0.4,1.01,1512,1158.0,0.7658730158730159,0.23412698412698407
7,confirmatory,143000,1.0,7,0.25,0,0.0,0.05,223,152.0,0.6816143497757847,0.3183856502242153
7,confirmatory,143000,1.0,7,0.25,1,0.05,0.1,527,418.0,0.793168880455408,0.206831119544592
7,confirmatory,143000,1.0,7,0.25,2,0.1,0.2,1095,947.0,0.8648401826484018,0.1351598173515982
7,confirmatory,143000,1.0,7,0.25,3,0.2,0.4,1251,1168.0,0.9336530775379697,0.06634692246203033
7,confirmatory,143000,1.0,7,0.25,4,0.4,1.01,1512,1501.0,0.9927248677248677,0.007275132275132323
7,confirmatory,143000,1.0,7,0.5,0,0.0,0.05,223,120.0,0.5381165919282511,0.4618834080717489
7,confirmatory,143000,1.0,7,0.5,1,0.05,0.1,527,339.0,0.6432637571157496,0.35673624288425043
7,confirmatory,143000,1.0,7,0.5,2,0.1,0.2,1095,806.0,0.7360730593607306,0.26392694063926936
7,confirmatory,143000,1.0,7,0.5,3,0.2,0.4,1251,1046.0,0.8361310951239008,0.16386890487609918
7,confirmatory,143000,1.0,7,0.5,4,0.4,1.01,1512,1475.0,0.9755291005291006,0.02447089947089942
7,confirmatory,143000,1.0,7,0.75,0,0.0,0.05,223,94.0,0.42152466367713004,0.57847533632287
7,confirmatory,143000,1.0,7,0.75,1,0.05,0.1,527,271.0,0.5142314990512334,0.48576850094876656
7,confirmatory,143000,1.0,7,0.75,2,0.1,0.2,1095,694.0,0.6337899543378995,0.36621004566210047
7,confirmatory,143000,1.0,7,0.75,3,0.2,0.4,1251,949.0,0.7585931254996003,0.24140687450039966
7,confirmatory,143000,1.0,7,0.75,4,0.4,1.01,1512,1425.0,0.9424603174603174,0.05753968253968256
7,confirmatory,143000,1.0,7,1.0,0,0.0,0.05,223,74.0,0.33183856502242154,0.6681614349775784
7,confirmatory,143000,1.0,7,1.0,1,0.05,0.1,527,223.0,0.42314990512333966,0.5768500948766604
7,confirmatory,143000,1.0,7,1.0,2,0.1,0.2,1095,607.0,0.554337899543379,0.445662100456621
7,confirmatory,143000,1.0,7,1.0,3,0.2,0.4,1251,824.0,0.6586730615507594,0.34132693844924056
7,confirmatory,143000,1.0,7,1.0,4,0.4,1.01,1512,1359.0,0.8988095238095238,0.10119047619047616
7,confirmatory,143000,1.0,8,0.25,0,0.0,0.05,223,139.0,0.6233183856502242,0.37668161434977576
7,confirmatory,143000,1.0,8,0.25,1,0.05,0.1,527,397.0,0.7533206831119544,0.24667931688804556
7,confirmatory,143000,1.0,8,0.25,2,0.1,0.2,1095,953.0,0.8703196347031964,0.1296803652968036
7,confirmatory,143000,1.0,8,0.25,3,0.2,0.4,1251,1179.0,0.9424460431654677,0.05755395683453235
7,confirmatory,143000,1.0,8,0.25,4,0.4,1.01,1512,1497.0,0.9900793650793651,0.009920634920634885
7,confirmatory,143000,1.0,8,0.5,0,0.0,0.05,223,101.0,0.452914798206278,0.547085201793722
7,confirmatory,143000,1.0,8,0.5,1,0.05,0.1,527,317.0,0.6015180265654649,0.39848197343453506
7,confirmatory,143000,1.0,8,0.5,2,0.1,0.2,1095,793.0,0.7242009132420091,0.2757990867579909
7,confirmatory,143000,1.0,8,0.5,3,0.2,0.4,1251,1083.0,0.8657074340527577,0.13429256594724226
7,confirmatory,143000,1.0,8,0.5,4,0.4,1.01,1512,1472.0,0.9735449735449735,0.02645502645502651
7,confirmatory,143000,1.0,8,0.75,0,0.0,0.05,223,70.0,0.31390134529147984,0.6860986547085202
7,confirmatory,143000,1.0,8,0.75,1,0.05,0.1,527,237.0,0.4497153700189753,0.5502846299810247
7,confirmatory,143000,1.0,8,0.75,2,0.1,0.2,1095,651.0,0.5945205479452055,0.4054794520547945
7,confirmatory,143000,1.0,8,0.75,3,0.2,0.4,1251,933.0,0.7458033573141487,0.2541966426858513
7,confirmatory,143000,1.0,8,0.75,4,0.4,1.01,1512,1383.0,0.9146825396825397,0.08531746031746035
7,confirmatory,143000,1.0,8,1.0,0,0.0,0.05,223,47.0,0.21076233183856502,0.789237668161435
7,confirmatory,143000,1.0,8,1.0,1,0.05,0.1,527,174.0,0.3301707779886148,0.6698292220113852
7,confirmatory,143000,1.0,8,1.0,2,0.1,0.2,1095,523.0,0.4776255707762557,0.5223744292237442
7,confirmatory,143000,1.0,8,1.0,3,0.2,0.4,1251,790.0,0.6314948041566747,0.3685051958433253
7,confirmatory,143000,1.0,8,1.0,4,0.4,1.01,1512,1274.0,0.8425925925925926,0.15740740740740744
7,confirmatory,143000,1.0,9,0.25,0,0.0,0.05,223,148.0,0.6636771300448431,0.3363228699551569
7,confirmatory,143000,1.0,9,0.25,1,0.05,0.1,527,412.0,0.7817836812144212,0.2182163187855788
7,confirmatory,143000,1.0,9,0.25,2,0.1,0.2,1095,942.0,0.8602739726027397,0.13972602739726026
7,confirmatory,143000,1.0,9,0.25,3,0.2,0.4,1251,1154.0,0.9224620303756994,0.0775379696243006
7,confirmatory,143000,1.0,9,0.25,4,0.4,1.01,1512,1496.0,0.9894179894179894,0.010582010582010581
7,confirmatory,143000,1.0,9,0.5,0,0.0,0.05,223,102.0,0.45739910313901344,0.5426008968609866
7,confirmatory,143000,1.0,9,0.5,1,0.05,0.1,527,311.0,0.5901328273244781,0.40986717267552186
7,confirmatory,143000,1.0,9,0.5,2,0.1,0.2,1095,814.0,0.7433789954337899,0.25662100456621006
7,confirmatory,143000,1.0,9,0.5,3,0.2,0.4,1251,1040.0,0.8313349320543565,0.1686650679456435
7,confirmatory,143000,1.0,9,0.5,4,0.4,1.01,1512,1463.0,0.9675925925925926,0.03240740740740744
7,confirmatory,143000,1.0,9,0.75,0,0.0,0.05,223,75.0,0.336322869955157,0.663677130044843
7,confirmatory,143000,1.0,9,0.75,1,0.05,0.1,527,226.0,0.428842504743833,0.571157495256167
7,confirmatory,143000,1.0,9,0.75,2,0.1,0.2,1095,676.0,0.617351598173516,0.38264840182648396
7,confirmatory,143000,1.0,9,0.75,3,0.2,0.4,1251,911.0,0.7282174260591526,0.27178257394084737
7,confirmatory,143000,1.0,9,0.75,4,0.4,1.01,1512,1388.0,0.917989417989418,0.08201058201058198
7,confirmatory,143000,1.0,9,1.0,0,0.0,0.05,223,54.0,0.242152466367713,0.757847533632287
7,confirmatory,143000,1.0,9,1.0,1,0.05,0.1,527,180.0,0.3415559772296015,0.6584440227703985
7,confirmatory,143000,1.0,9,1.0,2,0.1,0.2,1095,583.0,0.5324200913242009,0.4675799086757991
7,confirmatory,143000,1.0,9,1.0,3,0.2,0.4,1251,806.0,0.6442845723421263,0.3557154276578737
7,confirmatory,143000,1.0,9,1.0,4,0.4,1.01,1512,1290.0,0.8531746031746031,0.14682539682539686
7,confirmatory,143000,1.0,10,0.25,0,0.0,0.05,223,141.0,0.6322869955156951,0.3677130044843049
7,confirmatory,143000,1.0,10,0.25,1,0.05,0.1,527,380.0,0.7210626185958254,0.27893738140417457
7,confirmatory,143000,1.0,10,0.25,2,0.1,0.2,1095,890.0,0.8127853881278538,0.18721461187214616
7,confirmatory,143000,1.0,10,0.25,3,0.2,0.4,1251,1126.0,0.9000799360511591,0.0999200639488409
7,confirmatory,143000,1.0,10,0.25,4,0.4,1.01,1512,1491.0,0.9861111111111112,0.01388888888888884
7,confirmatory,143000,1.0,10,0.5,0,0.0,0.05,223,90.0,0.40358744394618834,0.5964125560538116
7,confirmatory,143000,1.0,10,0.5,1,0.05,0.1,527,274.0,0.5199240986717267,0.48007590132827327
7,confirmatory,143000,1.0,10,0.5,2,0.1,0.2,1095,710.0,0.6484018264840182,0.35159817351598177
7,confirmatory,143000,1.0,10,0.5,3,0.2,0.4,1251,979.0,0.7825739408473221,0.21742605915267788
7,confirmatory,143000,1.0,10,0.5,4,0.4,1.01,1512,1428.0,0.9444444444444444,0.05555555555555558
7,confirmatory,143000,1.0,10,0.75,0,0.0,0.05,223,63.0,0.2825112107623318,0.7174887892376682
7,confirmatory,143000,1.0,10,0.75,1,0.05,0.1,527,194.0,0.3681214421252372,0.6318785578747628
7,confirmatory,143000,1.0,10,0.75,2,0.1,0.2,1095,573.0,0.5232876712328767,0.47671232876712333
7,confirmatory,143000,1.0,10,0.75,3,0.2,0.4,1251,822.0,0.657074340527578,0.34292565947242204
7,confirmatory,143000,1.0,10,0.75,4,0.4,1.01,1512,1331.0,0.8802910052910053,0.11970899470899465
7,confirmatory,143000,1.0,10,1.0,0,0.0,0.05,223,43.0,0.19282511210762332,0.8071748878923767
7,confirmatory,143000,1.0,10,1.0,1,0.05,0.1,527,162.0,0.30740037950664134,0.6925996204933587
7,confirmatory,143000,1.0,10,1.0,2,0.1,0.2,1095,472.0,0.43105022831050227,0.5689497716894978
7,confirmatory,143000,1.0,10,1.0,3,0.2,0.4,1251,715.0,0.5715427657873701,0.42845723421262993
7,confirmatory,143000,1.0,10,1.0,4,0.4,1.01,1512,1187.0,0.78505291005291,0.21494708994709
8,confirmatory,14000,0.0979020979020979,1,0.25,0,0.0,0.05,232,179.0,0.771551724137931,0.22844827586206895
8,confirmatory,14000,0.0979020979020979,1,0.25,1,0.05,0.1,535,457.0,0.8542056074766355,0.14579439252336446
8,confirmatory,14000,0.0979020979020979,1,0.25,2,0.1,0.2,1088,980.0,0.9007352941176471,0.09926470588235292
8,confirmatory,14000,0.0979020979020979,1,0.25,3,0.2,0.4,1297,1253.0,0.9660755589822668,0.033924441017733176
8,confirmatory,14000,0.0979020979020979,1,0.25,4,0.4,1.01,1456,1451.0,0.9965659340659341,0.003434065934065922
8,confirmatory,14000,0.0979020979020979,1,0.5,0,0.0,0.05,232,133.0,0.5732758620689655,0.4267241379310345
8,confirmatory,14000,0.0979020979020979,1,0.5,1,0.05,0.1,535,374.0,0.6990654205607477,0.3009345794392523
8,confirmatory,14000,0.0979020979020979,1,0.5,2,0.1,0.2,1088,855.0,0.7858455882352942,0.21415441176470584
8,confirmatory,14000,0.0979020979020979,1,0.5,3,0.2,0.4,1297,1175.0,0.9059367771781033,0.09406322282189672
8,confirmatory,14000,0.0979020979020979,1,0.5,4,0.4,1.01,1456,1444.0,0.9917582417582418,0.008241758241758212
8,confirmatory,14000,0.0979020979020979,1,0.75,0,0.0,0.05,232,92.0,0.39655172413793105,0.603448275862069
8,confirmatory,14000,0.0979020979020979,1,0.75,1,0.05,0.1,535,284.0,0.5308411214953271,0.46915887850467286
8,confirmatory,14000,0.0979020979020979,1,0.75,2,0.1,0.2,1088,714.0,0.65625,0.34375
8,confirmatory,14000,0.0979020979020979,1,0.75,3,0.2,0.4,1297,1045.0,0.8057054741711642,0.19429452582883577
8,confirmatory,14000,0.0979020979020979,1,0.75,4,0.4,1.01,1456,1394.0,0.9574175824175825,0.04258241758241754
8,confirmatory,14000,0.0979020979020979,1,1.0,0,0.0,0.05,232,64.0,0.27586206896551724,0.7241379310344828
8,confirmatory,14000,0.0979020979020979,1,1.0,1,0.05,0.1,535,216.0,0.40373831775700936,0.5962616822429907
8,confirmatory,14000,0.0979020979020979,1,1.0,2,0.1,0.2,1088,559.0,0.5137867647058824,0.48621323529411764
8,confirmatory,14000,0.0979020979020979,1,1.0,3,0.2,0.4,1297,887.0,0.6838858905165767,0.31611410948342333
8,confirmatory,14000,0.0979020979020979,1,1.0,4,0.4,1.01,1456,1314.0,0.9024725274725275,0.09752747252747251
8,confirmatory,14000,0.0979020979020979,2,0.25,0,0.0,0.05,232,168.0,0.7241379310344828,0.27586206896551724
8,confirmatory,14000,0.0979020979020979,2,0.25,1,0.05,0.1,535,425.0,0.794392523364486,0.20560747663551404
8,confirmatory,14000,0.0979020979020979,2,0.25,2,0.1,0.2,1088,983.0,0.9034926470588235,0.09650735294117652
8,confirmatory,14000,0.0979020979020979,2,0.25,3,0.2,0.4,1297,1240.0,0.9560524286815728,0.04394757131842719
8,confirmatory,14000,0.0979020979020979,2,0.25,4,0.4,1.01,1456,1449.0,0.9951923076923077,0.004807692307692291
8,confirmatory,14000,0.0979020979020979,2,0.5,0,0.0,0.05,232,129.0,0.5560344827586207,0.44396551724137934
8,confirmatory,14000,0.0979020979020979,2,0.5,1,0.05,0.1,535,335.0,0.6261682242990654,0.3738317757009346
8,confirmatory,14000,0.0979020979020979,2,0.5,2,0.1,0.2,1088,837.0,0.7693014705882353,0.23069852941176472
8,confirmatory,14000,0.0979020979020979,2,0.5,3,0.2,0.4,1297,1143.0,0.8812644564379337,0.11873554356206628
8,confirmatory,14000,0.0979020979020979,2,0.5,4,0.4,1.01,1456,1420.0,0.9752747252747253,0.02472527472527475
8,confirmatory,14000,0.0979020979020979,2,0.75,0,0.0,0.05,232,96.0,0.41379310344827586,0.5862068965517242
8,confirmatory,14000,0.0979020979020979,2,0.75,1,0.05,0.1,535,250.0,0.4672897196261682,0.5327102803738317
8,confirmatory,14000,0.0979020979020979,2,0.75,2,0.1,0.2,1088,685.0,0.6295955882352942,0.37040441176470584
8,confirmatory,14000,0.0979020979020979,2,0.75,3,0.2,0.4,1297,992.0,0.7648419429452583,0.2351580570547417
8,confirmatory,14000,0.0979020979020979,2,0.75,4,0.4,1.01,1456,1370.0,0.9409340659340659,0.05906593406593408
8,confirmatory,14000,0.0979020979020979,2,1.0,0,0.0,0.05,232,62.0,0.2672413793103448,0.7327586206896552
8,confirmatory,14000,0.0979020979020979,2,1.0,1,0.05,0.1,535,174.0,0.3252336448598131,0.6747663551401869
8,confirmatory,14000,0.0979020979020979,2,1.0,2,0.1,0.2,1088,517.0,0.47518382352941174,0.5248161764705883
8,confirmatory,14000,0.0979020979020979,2,1.0,3,0.2,0.4,1297,808.0,0.6229760986892829,0.37702390131071706
8,confirmatory,14000,0.0979020979020979,2,1.0,4,0.4,1.01,1456,1266.0,0.8695054945054945,0.13049450549450547
8,confirmatory,14000,0.0979020979020979,3,0.25,0,0.0,0.05,232,170.0,0.7327586206896551,0.26724137931034486
8,confirmatory,14000,0.0979020979020979,3,0.25,1,0.05,0.1,535,412.0,0.7700934579439253,0.22990654205607475
8,confirmatory,14000,0.0979020979020979,3,0.25,2,0.1,0.2,1088,952.0,0.875,0.125
8,confirmatory,14000,0.0979020979020979,3,0.25,3,0.2,0.4,1297,1241.0,0.9568234387047032,0.04317656129529679
8,confirmatory,14000,0.0979020979020979,3,0.25,4,0.4,1.01,1456,1446.0,0.9931318681318682,0.006868131868131844
8,confirmatory,14000,0.0979020979020979,3,0.5,0,0.0,0.05,232,129.0,0.5560344827586207,0.44396551724137934
8,confirmatory,14000,0.0979020979020979,3,0.5,1,0.05,0.1,535,311.0,0.5813084112149532,0.41869158878504675
8,confirmatory,14000,0.0979020979020979,3,0.5,2,0.1,0.2,1088,808.0,0.7426470588235294,0.25735294117647056
8,confirmatory,14000,0.0979020979020979,3,0.5,3,0.2,0.4,1297,1138.0,0.8774094063222821,0.12259059367771785
8,confirmatory,14000,0.0979020979020979,3,0.5,4,0.4,1.01,1456,1424.0,0.978021978021978,0.02197802197802201
8,confirmatory,14000,0.0979020979020979,3,0.75,0,0.0,0.05,232,87.0,0.375,0.625
8,confirmatory,14000,0.0979020979020979,3,0.75,1,0.05,0.1,535,239.0,0.44672897196261685,0.5532710280373832
8,confirmatory,14000,0.0979020979020979,3,0.75,2,0.1,0.2,1088,680.0,0.625,0.375
8,confirmatory,14000,0.0979020979020979,3,0.75,3,0.2,0.4,1297,995.0,0.7671549730146492,0.2328450269853508
8,confirmatory,14000,0.0979020979020979,3,0.75,4,0.4,1.01,1456,1368.0,0.9395604395604396,0.06043956043956045
8,confirmatory,14000,0.0979020979020979,3,1.0,0,0.0,0.05,232,58.0,0.25,0.75
8,confirmatory,14000,0.0979020979020979,3,1.0,1,0.05,0.1,535,182.0,0.3401869158878505,0.6598130841121495
8,confirmatory,14000,0.0979020979020979,3,1.0,2,0.1,0.2,1088,510.0,0.46875,0.53125
8,confirmatory,14000,0.0979020979020979,3,1.0,3,0.2,0.4,1297,811.0,0.6252891287586738,0.3747108712413262
8,confirmatory,14000,0.0979020979020979,3,1.0,4,0.4,1.01,1456,1251.0,0.8592032967032966,0.14079670329670335
8,confirmatory,14000,0.0979020979020979,4,0.25,0,0.0,0.05,232,167.0,0.7198275862068966,0.2801724137931034
8,confirmatory,14000,0.0979020979020979,4,0.25,1,0.05,0.1,535,422.0,0.788785046728972,0.21121495327102802
8,confirmatory,14000,0.0979020979020979,4,0.25,2,0.1,0.2,1088,946.0,0.8694852941176471,0.13051470588235292
8,confirmatory,14000,0.0979020979020979,4,0.25,3,0.2,0.4,1297,1232.0,0.9498843484965305,0.05011565150346953
8,confirmatory,14000,0.0979020979020979,4,0.25,4,0.4,1.01,1456,1446.0,0.9931318681318682,0.006868131868131844
8,confirmatory,14000,0.0979020979020979,4,0.5,0,0.0,0.05,232,109.0,0.4698275862068966,0.5301724137931034
8,confirmatory,14000,0.0979020979020979,4,0.5,1,0.05,0.1,535,300.0,0.5607476635514018,0.4392523364485982
8,confirmatory,14000,0.0979020979020979,4,0.5,2,0.1,0.2,1088,792.0,0.7279411764705882,0.2720588235294118
8,confirmatory,14000,0.0979020979020979,4,0.5,3,0.2,0.4,1297,1114.0,0.8589051657671549,0.14109483423284508
8,confirmatory,14000,0.0979020979020979,4,0.5,4,0.4,1.01,1456,1418.0,0.9739010989010989,0.026098901098901117
8,confirmatory,14000,0.0979020979020979,4,0.75,0,0.0,0.05,232,63.0,0.27155172413793105,0.728448275862069
8,confirmatory,14000,0.0979020979020979,4,0.75,1,0.05,0.1,535,210.0,0.3925233644859813,0.6074766355140186
8,confirmatory,14000,0.0979020979020979,4,0.75,2,0.1,0.2,1088,624.0,0.5735294117647058,0.42647058823529416
8,confirmatory,14000,0.0979020979020979,4,0.75,3,0.2,0.4,1297,919.0,0.7085582112567463,0.29144178874325366
8,confirmatory,14000,0.0979020979020979,4,0.75,4,0.4,1.01,1456,1295.0,0.8894230769230769,0.11057692307692313
8,confirmatory,14000,0.0979020979020979,4,1.0,0,0.0,0.05,232,36.0,0.15517241379310345,0.8448275862068966
8,confirmatory,14000,0.0979020979020979,4,1.0,1,0.05,0.1,535,122.0,0.22803738317757008,0.77196261682243
8,confirmatory,14000,0.0979020979020979,4,1.0,2,0.1,0.2,1088,357.0,0.328125,0.671875
8,confirmatory,14000,0.0979020979020979,4,1.0,3,0.2,0.4,1297,634.0,0.48882035466461066,0.5111796453353894
8,confirmatory,14000,0.0979020979020979,4,1.0,4,0.4,1.01,1456,825.0,0.5666208791208791,0.4333791208791209
8,confirmatory,14000,0.0979020979020979,5,0.25,0,0.0,0.05,232,179.0,0.771551724137931,0.22844827586206895
8,confirmatory,14000,0.0979020979020979,5,0.25,1,0.05,0.1,535,461.0,0.8616822429906542,0.1383177570093458
8,confirmatory,14000,0.0979020979020979,5,0.25,2,0.1,0.2,1088,991.0,0.9108455882352942,0.08915441176470584
8,confirmatory,14000,0.0979020979020979,5,0.25,3,0.2,0.4,1297,1254.0,0.9668465690053971,0.033153430994602884
8,confirmatory,14000,0.0979020979020979,5,0.25,4,0.4,1.01,1456,1451.0,0.9965659340659341,0.003434065934065922
8,confirmatory,14000,0.0979020979020979,5,0.5,0,0.0,0.05,232,146.0,0.6293103448275862,0.3706896551724138
8,confirmatory,14000,0.0979020979020979,5,0.5,1,0.05,0.1,535,388.0,0.7252336448598131,0.2747663551401869
8,confirmatory,14000,0.0979020979020979,5,0.5,2,0.1,0.2,1088,891.0,0.8189338235294118,0.1810661764705882
8,confirmatory,14000,0.0979020979020979,5,0.5,3,0.2,0.4,1297,1180.0,0.9097918272937549,0.09020817270624515
8,confirmatory,14000,0.0979020979020979,5,0.5,4,0.4,1.01,1456,1442.0,0.9903846153846154,0.009615384615384581
8,confirmatory,14000,0.0979020979020979,5,0.75,0,0.0,0.05,232,112.0,0.4827586206896552,0.5172413793103448
8,confirmatory,14000,0.0979020979020979,5,0.75,1,0.05,0.1,535,317.0,0.5925233644859813,0.4074766355140187
8,confirmatory,14000,0.0979020979020979,5,0.75,2,0.1,0.2,1088,776.0,0.7132352941176471,0.2867647058823529
8,confirmatory,14000,0.0979020979020979,5,0.75,3,0.2,0.4,1297,1075.0,0.8288357748650732,0.1711642251349268
8,confirmatory,14000,0.0979020979020979,5,0.75,4,0.4,1.01,1456,1417.0,0.9732142857142857,0.0267857142857143
8,confirmatory,14000,0.0979020979020979,5,1.0,0,0.0,0.05,232,91.0,0.3922413793103448,0.6077586206896552
8,confirmatory,14000,0.0979020979020979,5,1.0,1,0.05,0.1,535,263.0,0.491588785046729,0.508411214953271
8,confirmatory,14000,0.0979020979020979,5,1.0,2,0.1,0.2,1088,664.0000000000001,0.6102941176470589,0.3897058823529411
8,confirmatory,14000,0.0979020979020979,5,1.0,3,0.2,0.4,1297,959.0,0.7393986121819583,0.26060138781804165
8,confirmatory,14000,0.0979020979020979,5,1.0,4,0.4,1.01,1456,1352.0,0.9285714285714286,0.0714285714285714
8,confirmatory,14000,0.0979020979020979,6,0.25,0,0.0,0.05,232,189.0,0.8146551724137931,0.18534482758620685
8,confirmatory,14000,0.0979020979020979,6,0.25,1,0.05,0.1,535,447.0,0.8355140186915888,0.1644859813084112
8,confirmatory,14000,0.0979020979020979,6,0.25,2,0.1,0.2,1088,995.0,0.9145220588235294,0.08547794117647056
8,confirmatory,14000,0.0979020979020979,6,0.25,3,0.2,0.4,1297,1259.0,0.9707016191210486,0.029298380878951424
8,confirmatory,14000,0.0979020979020979,6,0.25,4,0.4,1.01,1456,1450.0,0.9958791208791209,0.004120879120879106
8,confirmatory,14000,0.0979020979020979,6,0.5,0,0.0,0.05,232,154.0,0.6637931034482759,0.3362068965517241
8,confirmatory,14000,0.0979020979020979,6,0.5,1,0.05,0.1,535,377.0,0.7046728971962617,0.2953271028037383
8,confirmatory,14000,0.0979020979020979,6,0.5,2,0.1,0.2,1088,907.0,0.8336397058823529,0.16636029411764708
8,confirmatory,14000,0.0979020979020979,6,0.5,3,0.2,0.4,1297,1199.0,0.9244410177332305,0.07555898226676949
8,confirmatory,14000,0.0979020979020979,6,0.5,4,0.4,1.01,1456,1446.0,0.9931318681318682,0.006868131868131844
8,confirmatory,14000,0.0979020979020979,6,0.75,0,0.0,0.05,232,120.0,0.5172413793103449,0.48275862068965514
8,confirmatory,14000,0.0979020979020979,6,0.75,1,0.05,0.1,535,309.0,0.577570093457944,0.42242990654205603
8,confirmatory,14000,0.0979020979020979,6,0.75,2,0.1,0.2,1088,794.0,0.7297794117647058,0.27022058823529416
8,confirmatory,14000,0.0979020979020979,6,0.75,3,0.2,0.4,1297,1108.0,0.8542791056283732,0.14572089437162683
8,confirmatory,14000,0.0979020979020979,6,0.75,4,0.4,1.01,1456,1419.0,0.9745879120879121,0.025412087912087933
8,confirmatory,14000,0.0979020979020979,6,1.0,0,0.0,0.05,232,106.0,0.45689655172413796,0.5431034482758621
8,confirmatory,14000,0.0979020979020979,6,1.0,1,0.05,0.1,535,262.0,0.4897196261682243,0.5102803738317757
8,confirmatory,14000,0.0979020979020979,6,1.0,2,0.1,0.2,1088,696.0,0.6397058823529411,0.3602941176470589
8,confirmatory,14000,0.0979020979020979,6,1.0,3,0.2,0.4,1297,1009.0,0.7779491133384734,0.22205088666152661
8,confirmatory,14000,0.0979020979020979,6,1.0,4,0.4,1.01,1456,1363.0,0.9361263736263736,0.06387362637362637
8,confirmatory,14000,0.0979020979020979,7,0.25,0,0.0,0.05,232,170.0,0.7327586206896551,0.26724137931034486
8,confirmatory,14000,0.0979020979020979,7,0.25,1,0.05,0.1,535,440.0,0.822429906542056,0.17757009345794394
8,confirmatory,14000,0.0979020979020979,7,0.25,2,0.1,0.2,1088,970.0,0.8915441176470589,0.10845588235294112
8,confirmatory,14000,0.0979020979020979,7,0.25,3,0.2,0.4,1297,1220.0,0.9406322282189669,0.05936777178103314
8,confirmatory,14000,0.0979020979020979,7,0.25,4,0.4,1.01,1456,1446.0,0.9931318681318682,0.006868131868131844
8,confirmatory,14000,0.0979020979020979,7,0.5,0,0.0,0.05,232,131.0,0.5646551724137931,0.43534482758620685
8,confirmatory,14000,0.0979020979020979,7,0.5,1,0.05,0.1,535,364.0,0.680373831775701,0.319626168224299
8,confirmatory,14000,0.0979020979020979,7,0.5,2,0.1,0.2,1088,866.0,0.7959558823529411,0.20404411764705888
8,confirmatory,14000,0.0979020979020979,7,0.5,3,0.2,0.4,1297,1122.0,0.8650732459521974,0.13492675404780263
8,confirmatory,14000,0.0979020979020979,7,0.5,4,0.4,1.01,1456,1424.0,0.978021978021978,0.02197802197802201
8,confirmatory,14000,0.0979020979020979,7,0.75,0,0.0,0.05,232,104.0,0.4482758620689655,0.5517241379310345
8,confirmatory,14000,0.0979020979020979,7,0.75,1,0.05,0.1,535,303.0,0.5663551401869159,0.4336448598130841
8,confirmatory,14000,0.0979020979020979,7,0.75,2,0.1,0.2,1088,763.0,0.7012867647058824,0.29871323529411764
8,confirmatory,14000,0.0979020979020979,7,0.75,3,0.2,0.4,1297,1006.0,0.7756360832690825,0.2243639167309175
8,confirmatory,14000,0.0979020979020979,7,0.75,4,0.4,1.01,1456,1387.0,0.9526098901098901,0.047390109890109944
8,confirmatory,14000,0.0979020979020979,7,1.0,0,0.0,0.05,232,71.0,0.30603448275862066,0.6939655172413793
8,confirmatory,14000,0.0979020979020979,7,1.0,1,0.05,0.1,535,243.0,0.4542056074766355,0.5457943925233645
8,confirmatory,14000,0.0979020979020979,7,1.0,2,0.1,0.2,1088,670.0,0.6158088235294118,0.3841911764705882
8,confirmatory,14000,0.0979020979020979,7,1.0,3,0.2,0.4,1297,906.0,0.6985350809560524,0.30146491904394757
8,confirmatory,14000,0.0979020979020979,7,1.0,4,0.4,1.01,1456,1342.0,0.9217032967032966,0.07829670329670335
8,confirmatory,14000,0.0979020979020979,8,0.25,0,0.0,0.05,232,177.0,0.7629310344827587,0.23706896551724133
8,confirmatory,14000,0.0979020979020979,8,0.25,1,0.05,0.1,535,431.0,0.805607476635514,0.19439252336448598
8,confirmatory,14000,0.0979020979020979,8,0.25,2,0.1,0.2,1088,969.0,0.890625,0.109375
8,confirmatory,14000,0.0979020979020979,8,0.25,3,0.2,0.4,1297,1235.0,0.9521973785659213,0.04780262143407865
8,confirmatory,14000,0.0979020979020979,8,0.25,4,0.4,1.01,1456,1449.0,0.9951923076923077,0.004807692307692291
8,confirmatory,14000,0.0979020979020979,8,0.5,0,0.0,0.05,232,131.0,0.5646551724137931,0.43534482758620685
8,confirmatory,14000,0.0979020979020979,8,0.5,1,0.05,0.1,535,343.0,0.6411214953271028,0.35887850467289717
8,confirmatory,14000,0.0979020979020979,8,0.5,2,0.1,0.2,1088,835.0,0.7674632352941176,0.23253676470588236
8,confirmatory,14000,0.0979020979020979,8,0.5,3,0.2,0.4,1297,1149.0,0.8858905165767155,0.11410948342328453
8,confirmatory,14000,0.0979020979020979,8,0.5,4,0.4,1.01,1456,1429.0,0.9814560439560439,0.01854395604395609
8,confirmatory,14000,0.0979020979020979,8,0.75,0,0.0,0.05,232,92.0,0.39655172413793105,0.603448275862069
8,confirmatory,14000,0.0979020979020979,8,0.75,1,0.05,0.1,535,288.0,0.5383177570093458,0.4616822429906542
8,confirmatory,14000,0.0979020979020979,8,0.75,2,0.1,0.2,1088,736.0,0.6764705882352942,0.32352941176470584
8,confirmatory,14000,0.0979020979020979,8,0.75,3,0.2,0.4,1297,1040.0,0.8018504240555128,0.19814957594448723
8,confirmatory,14000,0.0979020979020979,8,0.75,4,0.4,1.01,1456,1396.0,0.9587912087912088,0.04120879120879117
8,confirmatory,14000,0.0979020979020979,8,1.0,0,0.0,0.05,232,68.0,0.29310344827586204,0.7068965517241379
8,confirmatory,14000,0.0979020979020979,8,1.0,1,0.05,0.1,535,231.0,0.43177570093457945,0.5682242990654205
8,confirmatory,14000,0.0979020979020979,8,1.0,2,0.1,0.2,1088,630.0,0.5790441176470589,0.4209558823529411
8,confirmatory,14000,0.0979020979020979,8,1.0,3,0.2,0.4,1297,918.0,0.707787201233616,0.29221279876638395
8,confirmatory,14000,0.0979020979020979,8,1.0,4,0.4,1.01,1456,1315.0,0.9031593406593407,0.09684065934065933
8,confirmatory,14000,0.0979020979020979,9,0.25,0,0.0,0.05,232,182.0,0.7844827586206896,0.2155172413793104
8,confirmatory,14000,0.0979020979020979,9,0.25,1,0.05,0.1,535,452.0,0.8448598130841122,0.15514018691588782
8,confirmatory,14000,0.0979020979020979,9,0.25,2,0.1,0.2,1088,967.0,0.8887867647058824,0.11121323529411764
8,confirmatory,14000,0.0979020979020979,9,0.25,3,0.2,0.4,1297,1249.0,0.9629915188897455,0.037008481110254454
8,confirmatory,14000,0.0979020979020979,9,0.25,4,0.4,1.01,1456,1451.0,0.9965659340659341,0.003434065934065922
8,confirmatory,14000,0.0979020979020979,9,0.5,0,0.0,0.05,232,142.0,0.6120689655172413,0.3879310344827587
8,confirmatory,14000,0.0979020979020979,9,0.5,1,0.05,0.1,535,388.0,0.7252336448598131,0.2747663551401869
8,confirmatory,14000,0.0979020979020979,9,0.5,2,0.1,0.2,1088,854.0,0.7849264705882353,0.21507352941176472
8,confirmatory,14000,0.0979020979020979,9,0.5,3,0.2,0.4,1297,1170.0,0.9020817270624518,0.09791827293754818
8,confirmatory,14000,0.0979020979020979,9,0.5,4,0.4,1.01,1456,1438.0,0.9876373626373627,0.012362637362637319
8,confirmatory,14000,0.0979020979020979,9,0.75,0,0.0,0.05,232,118.0,0.5086206896551724,0.4913793103448276
8,confirmatory,14000,0.0979020979020979,9,0.75,1,0.05,0.1,535,314.0,0.5869158878504673,0.41308411214953267
8,confirmatory,14000,0.0979020979020979,9,0.75,2,0.1,0.2,1088,742.0,0.6819852941176471,0.3180147058823529
8,confirmatory,14000,0.0979020979020979,9,0.75,3,0.2,0.4,1297,1096.0,0.8450269853508096,0.15497301464919044
8,confirmatory,14000,0.0979020979020979,9,0.75,4,0.4,1.01,1456,1417.0,0.9732142857142857,0.0267857142857143
8,confirmatory,14000,0.0979020979020979,9,1.0,0,0.0,0.05,232,99.0,0.4267241379310345,0.5732758620689655
8,confirmatory,14000,0.0979020979020979,9,1.0,1,0.05,0.1,535,258.0,0.4822429906542056,0.5177570093457944
8,confirmatory,14000,0.0979020979020979,9,1.0,2,0.1,0.2,1088,643.0,0.5909926470588235,0.4090073529411765
8,confirmatory,14000,0.0979020979020979,9,1.0,3,0.2,0.4,1297,1019.0,0.7856592135697764,0.21434078643022358
8,confirmatory,14000,0.0979020979020979,9,1.0,4,0.4,1.01,1456,1377.0,0.9457417582417582,0.05425824175824179
8,confirmatory,14000,0.0979020979020979,10,0.25,0,0.0,0.05,232,176.0,0.7586206896551724,0.24137931034482762
8,confirmatory,14000,0.0979020979020979,10,0.25,1,0.05,0.1,535,433.0,0.8093457943925234,0.1906542056074766
8,confirmatory,14000,0.0979020979020979,10,0.25,2,0.1,0.2,1088,957.0,0.8795955882352942,0.12040441176470584
8,confirmatory,14000,0.0979020979020979,10,0.25,3,0.2,0.4,1297,1233.0,0.9506553585196608,0.049344641480339235
8,confirmatory,14000,0.0979020979020979,10,0.25,4,0.4,1.01,1456,1449.0,0.9951923076923077,0.004807692307692291
8,confirmatory,14000,0.0979020979020979,10,0.5,0,0.0,0.05,232,124.0,0.5344827586206896,0.4655172413793104
8,confirmatory,14000,0.0979020979020979,10,0.5,1,0.05,0.1,535,352.0,0.6579439252336449,0.34205607476635513
8,confirmatory,14000,0.0979020979020979,10,0.5,2,0.1,0.2,1088,843.0,0.7748161764705882,0.2251838235294118
8,confirmatory,14000,0.0979020979020979,10,0.5,3,0.2,0.4,1297,1137.0,0.8766383962991519,0.12336160370084814
8,confirmatory,14000,0.0979020979020979,10,0.5,4,0.4,1.01,1456,1421.0,0.9759615384615384,0.024038461538461564
8,confirmatory,14000,0.0979020979020979,10,0.75,0,0.0,0.05,232,84.0,0.3620689655172414,0.6379310344827587
8,confirmatory,14000,0.0979020979020979,10,0.75,1,0.05,0.1,535,299.0,0.5588785046728972,0.44112149532710276
8,confirmatory,14000,0.0979020979020979,10,0.75,2,0.1,0.2,1088,717.0,0.6590073529411765,0.3409926470588235
8,confirmatory,14000,0.0979020979020979,10,0.75,3,0.2,0.4,1297,1047.0,0.8072474942174248,0.1927525057825752
8,confirmatory,14000,0.0979020979020979,10,0.75,4,0.4,1.01,1456,1383.0,0.9498626373626373,0.05013736263736268
8,confirmatory,14000,0.0979020979020979,10,1.0,0,0.0,0.05,232,65.0,0.2801724137931034,0.7198275862068966
8,confirmatory,14000,0.0979020979020979,10,1.0,1,0.05,0.1,535,244.0,0.45607476635514016,0.5439252336448599
8,confirmatory,14000,0.0979020979020979,10,1.0,2,0.1,0.2,1088,613.0,0.5634191176470589,0.4365808823529411
8,confirmatory,14000,0.0979020979020979,10,1.0,3,0.2,0.4,1297,940.0,0.7247494217424827,0.2752505782575173
8,confirmatory,14000,0.0979020979020979,10,1.0,4,0.4,1.01,1456,1323.0,0.9086538461538461,0.09134615384615385
8,confirmatory,72000,0.5034965034965035,1,0.25,0,0.0,0.05,232,160.0,0.6896551724137931,0.31034482758620685
8,confirmatory,72000,0.5034965034965035,1,0.25,1,0.05,0.1,516,419.0,0.812015503875969,0.187984496124031
8,confirmatory,72000,0.5034965034965035,1,0.25,2,0.1,0.2,1093,975.0,0.8920402561756633,0.1079597438243367
8,confirmatory,72000,0.5034965034965035,1,0.25,3,0.2,0.4,1321,1257.0,0.9515518546555639,0.04844814534443609
8,confirmatory,72000,0.5034965034965035,1,0.25,4,0.4,1.01,1446,1439.0,0.9951590594744122,0.004840940525587811
8,confirmatory,72000,0.5034965034965035,1,0.5,0,0.0,0.05,232,126.0,0.5431034482758621,0.4568965517241379
8,confirmatory,72000,0.5034965034965035,1,0.5,1,0.05,0.1,516,330.0,0.6395348837209303,0.36046511627906974
8,confirmatory,72000,0.5034965034965035,1,0.5,2,0.1,0.2,1093,847.0,0.7749313815187557,0.22506861848124426
8,confirmatory,72000,0.5034965034965035,1,0.5,3,0.2,0.4,1321,1151.0,0.8713096139288418,0.12869038607115824
8,confirmatory,72000,0.5034965034965035,1,0.5,4,0.4,1.01,1446,1418.0,0.9806362378976486,0.019363762102351356
8,confirmatory,72000,0.5034965034965035,1,0.75,0,0.0,0.05,232,69.0,0.2974137931034483,0.7025862068965517
8,confirmatory,72000,0.5034965034965035,1,0.75,1,0.05,0.1,516,229.0,0.4437984496124031,0.5562015503875969
8,confirmatory,72000,0.5034965034965035,1,0.75,2,0.1,0.2,1093,658.0,0.6020128087831657,0.39798719121683435
8,confirmatory,72000,0.5034965034965035,1,0.75,3,0.2,0.4,1321,973.0,0.7365632096896291,0.2634367903103709
8,confirmatory,72000,0.5034965034965035,1,0.75,4,0.4,1.01,1446,1326.0,0.91701244813278,0.08298755186721996
8,confirmatory,72000,0.5034965034965035,1,1.0,0,0.0,0.05,232,49.0,0.21120689655172414,0.7887931034482758
8,confirmatory,72000,0.5034965034965035,1,1.0,1,0.05,0.1,516,143.0,0.2771317829457364,0.7228682170542635
8,confirmatory,72000,0.5034965034965035,1,1.0,2,0.1,0.2,1093,489.0,0.4473924977127173,0.5526075022872827
8,confirmatory,72000,0.5034965034965035,1,1.0,3,0.2,0.4,1321,771.0,0.5836487509462528,0.4163512490537472
8,confirmatory,72000,0.5034965034965035,1,1.0,4,0.4,1.01,1446,1136.0,0.7856154910096819,0.21438450899031813
8,confirmatory,72000,0.5034965034965035,2,0.25,0,0.0,0.05,232,163.0,0.7025862068965517,0.2974137931034483
8,confirmatory,72000,0.5034965034965035,2,0.25,1,0.05,0.1,516,426.0,0.8255813953488372,0.17441860465116277
8,confirmatory,72000,0.5034965034965035,2,0.25,2,0.1,0.2,1093,938.0,0.8581884720951509,0.14181152790484908
8,confirmatory,72000,0.5034965034965035,2,0.25,3,0.2,0.4,1321,1239.0,0.9379258137774413,0.06207418622255867
8,confirmatory,72000,0.5034965034965035,2,0.25,4,0.4,1.01,1446,1440.0,0.995850622406639,0.004149377593360981
8,confirmatory,72000,0.5034965034965035,2,0.5,0,0.0,0.05,232,110.0,0.47413793103448276,0.5258620689655172
8,confirmatory,72000,0.5034965034965035,2,0.5,1,0.05,0.1,516,343.0,0.6647286821705426,0.3352713178294574
8,confirmatory,72000,0.5034965034965035,2,0.5,2,0.1,0.2,1093,805.0,0.7365050320219579,0.26349496797804206
8,confirmatory,72000,0.5034965034965035,2,0.5,3,0.2,0.4,1321,1131.0,0.8561695685087055,0.14383043149129449
8,confirmatory,72000,0.5034965034965035,2,0.5,4,0.4,1.01,1446,1412.0,0.9764868603042877,0.023513139695712337
8,confirmatory,72000,0.5034965034965035,2,0.75,0,0.0,0.05,232,79.0,0.34051724137931033,0.6594827586206897
8,confirmatory,72000,0.5034965034965035,2,0.75,1,0.05,0.1,516,235.0,0.45542635658914726,0.5445736434108528
8,confirmatory,72000,0.5034965034965035,2,0.75,2,0.1,0.2,1093,667.0,0.6102470265324794,0.3897529734675206
8,confirmatory,72000,0.5034965034965035,2,0.75,3,0.2,0.4,1321,971.0,0.7350492051476154,0.2649507948523846
8,confirmatory,72000,0.5034965034965035,2,0.75,4,0.4,1.01,1446,1327.0,0.9177040110650069,0.08229598893499313
8,confirmatory,72000,0.5034965034965035,2,1.0,0,0.0,0.05,232,62.0,0.2672413793103448,0.7327586206896552
8,confirmatory,72000,0.5034965034965035,2,1.0,1,0.05,0.1,516,145.0,0.2810077519379845,0.7189922480620154
8,confirmatory,72000,0.5034965034965035,2,1.0,2,0.1,0.2,1093,497.0,0.454711802378774,0.545288197621226
8,confirmatory,72000,0.5034965034965035,2,1.0,3,0.2,0.4,1321,783.0,0.5927327781983346,0.4072672218016654
8,confirmatory,72000,0.5034965034965035,2,1.0,4,0.4,1.01,1446,1167.0,0.8070539419087137,0.1929460580912863
8,confirmatory,72000,0.5034965034965035,3,0.25,0,0.0,0.05,232,159.0,0.6853448275862069,0.31465517241379315
8,confirmatory,72000,0.5034965034965035,3,0.25,1,0.05,0.1,516,419.0,0.812015503875969,0.187984496124031
8,confirmatory,72000,0.5034965034965035,3,0.25,2,0.1,0.2,1093,946.0,0.8655077767612077,0.13449222323879229
8,confirmatory,72000,0.5034965034965035,3,0.25,3,0.2,0.4,1321,1233.0,0.9333838001514004,0.06661619984859957
8,confirmatory,72000,0.5034965034965035,3,0.25,4,0.4,1.01,1446,1439.0,0.9951590594744122,0.004840940525587811
8,confirmatory,72000,0.5034965034965035,3,0.5,0,0.0,0.05,232,113.0,0.4870689655172414,0.5129310344827587
8,confirmatory,72000,0.5034965034965035,3,0.5,1,0.05,0.1,516,311.0,0.6027131782945736,0.3972868217054264
8,confirmatory,72000,0.5034965034965035,3,0.5,2,0.1,0.2,1093,778.0,0.7118023787740164,0.2881976212259836
8,confirmatory,72000,0.5034965034965035,3,0.5,3,0.2,0.4,1321,1107.0,0.838001514004542,0.16199848599545796
8,confirmatory,72000,0.5034965034965035,3,0.5,4,0.4,1.01,1446,1406.0,0.9723374827109267,0.02766251728907332
8,confirmatory,72000,0.5034965034965035,3,0.75,0,0.0,0.05,232,75.0,0.3232758620689655,0.6767241379310345
8,confirmatory,72000,0.5034965034965035,3,0.75,1,0.05,0.1,516,215.0,0.4166666666666667,0.5833333333333333
8,confirmatory,72000,0.5034965034965035,3,0.75,2,0.1,0.2,1093,619.0,0.5663311985361391,0.4336688014638609
8,confirmatory,72000,0.5034965034965035,3,0.75,3,0.2,0.4,1321,952.0,0.720666161998486,0.279333838001514
8,confirmatory,72000,0.5034965034965035,3,0.75,4,0.4,1.01,1446,1327.0,0.9177040110650069,0.08229598893499313
8,confirmatory,72000,0.5034965034965035,3,1.0,0,0.0,0.05,232,48.0,0.20689655172413793,0.7931034482758621
8,confirmatory,72000,0.5034965034965035,3,1.0,1,0.05,0.1,516,141.0,0.27325581395348836,0.7267441860465116
8,confirmatory,72000,0.5034965034965035,3,1.0,2,0.1,0.2,1093,471.0,0.4309240622140897,0.5690759377859103
8,confirmatory,72000,0.5034965034965035,3,1.0,3,0.2,0.4,1321,771.0,0.5836487509462528,0.4163512490537472
8,confirmatory,72000,0.5034965034965035,3,1.0,4,0.4,1.01,1446,1172.0,0.8105117565698479,0.18948824343015214
8,confirmatory,72000,0.5034965034965035,4,0.25,0,0.0,0.05,232,147.0,0.6336206896551724,0.3663793103448276
8,confirmatory,72000,0.5034965034965035,4,0.25,1,0.05,0.1,516,398.0,0.7713178294573644,0.22868217054263562
8,confirmatory,72000,0.5034965034965035,4,0.25,2,0.1,0.2,1093,947.0,0.8664226898444648,0.1335773101555352
8,confirmatory,72000,0.5034965034965035,4,0.25,3,0.2,0.4,1321,1245.0,0.9424678274034822,0.05753217259651777
8,confirmatory,72000,0.5034965034965035,4,0.25,4,0.4,1.01,1446,1433.0,0.9910096818810512,0.008990318118948792
8,confirmatory,72000,0.5034965034965035,4,0.5,0,0.0,0.05,232,100.0,0.43103448275862066,0.5689655172413793
8,confirmatory,72000,0.5034965034965035,4,0.5,1,0.05,0.1,516,294.0,0.5697674418604651,0.43023255813953487
8,confirmatory,72000,0.5034965034965035,4,0.5,2,0.1,0.2,1093,776.0,0.7099725526075022,0.29002744739249775
8,confirmatory,72000,0.5034965034965035,4,0.5,3,0.2,0.4,1321,1115.0,0.8440575321725965,0.1559424678274035
8,confirmatory,72000,0.5034965034965035,4,0.5,4,0.4,1.01,1446,1389.0,0.9605809128630706,0.03941908713692943
8,confirmatory,72000,0.5034965034965035,4,0.75,0,0.0,0.05,232,62.0,0.2672413793103448,0.7327586206896552
8,confirmatory,72000,0.5034965034965035,4,0.75,1,0.05,0.1,516,191.0,0.3701550387596899,0.6298449612403101
8,confirmatory,72000,0.5034965034965035,4,0.75,2,0.1,0.2,1093,560.0,0.5123513266239708,0.48764867337602924
8,confirmatory,72000,0.5034965034965035,4,0.75,3,0.2,0.4,1321,890.0,0.6737320211960636,0.32626797880393643
8,confirmatory,72000,0.5034965034965035,4,0.75,4,0.4,1.01,1446,1225.0,0.84716459197787,0.15283540802213003
8,confirmatory,72000,0.5034965034965035,4,1.0,0,0.0,0.05,232,31.0,0.1336206896551724,0.8663793103448276
8,confirmatory,72000,0.5034965034965035,4,1.0,1,0.05,0.1,516,93.0,0.18023255813953487,0.8197674418604651
8,confirmatory,72000,0.5034965034965035,4,1.0,2,0.1,0.2,1093,330.0,0.3019213174748399,0.6980786825251601
8,confirmatory,72000,0.5034965034965035,4,1.0,3,0.2,0.4,1321,566.0,0.4284632853898562,0.5715367146101438
8,confirmatory,72000,0.5034965034965035,4,1.0,4,0.4,1.01,1446,727.0,0.5027662517289073,0.4972337482710927
8,confirmatory,72000,0.5034965034965035,5,0.25,0,0.0,0.05,232,174.0,0.75,0.25
8,confirmatory,72000,0.5034965034965035,5,0.25,1,0.05,0.1,516,419.0,0.812015503875969,0.187984496124031
8,confirmatory,72000,0.5034965034965035,5,0.25,2,0.1,0.2,1093,968.0,0.8856358645928637,0.1143641354071363
8,confirmatory,72000,0.5034965034965035,5,0.25,3,0.2,0.4,1321,1266.0,0.9583648750946253,0.04163512490537469
8,confirmatory,72000,0.5034965034965035,5,0.25,4,0.4,1.01,1446,1438.0,0.9944674965421854,0.0055325034578146415
8,confirmatory,72000,0.5034965034965035,5,0.5,0,0.0,0.05,232,129.0,0.5560344827586207,0.44396551724137934
8,confirmatory,72000,0.5034965034965035,5,0.5,1,0.05,0.1,516,362.0,0.7015503875968992,0.29844961240310075
8,confirmatory,72000,0.5034965034965035,5,0.5,2,0.1,0.2,1093,862.0,0.7886550777676121,0.21134492223238788
8,confirmatory,72000,0.5034965034965035,5,0.5,3,0.2,0.4,1321,1190.0,0.9008327024981075,0.09916729750189246
8,confirmatory,72000,0.5034965034965035,5,0.5,4,0.4,1.01,1446,1420.0,0.9820193637621023,0.017980636237897696
8,confirmatory,72000,0.5034965034965035,5,0.75,0,0.0,0.05,232,95.0,0.40948275862068967,0.5905172413793103
8,confirmatory,72000,0.5034965034965035,5,0.75,1,0.05,0.1,516,294.0,0.5697674418604651,0.43023255813953487
8,confirmatory,72000,0.5034965034965035,5,0.75,2,0.1,0.2,1093,728.0,0.6660567246111619,0.33394327538883806
8,confirmatory,72000,0.5034965034965035,5,0.75,3,0.2,0.4,1321,1078.0,0.8160484481453444,0.18395155185465561
8,confirmatory,72000,0.5034965034965035,5,0.75,4,0.4,1.01,1446,1381.0,0.9550484094052559,0.04495159059474407
8,confirmatory,72000,0.5034965034965035,5,1.0,0,0.0,0.05,232,76.0,0.3275862068965517,0.6724137931034483
8,confirmatory,72000,0.5034965034965035,5,1.0,1,0.05,0.1,516,225.0,0.436046511627907,0.563953488372093
8,confirmatory,72000,0.5034965034965035,5,1.0,2,0.1,0.2,1093,624.0,0.5709057639524245,0.42909423604757546
8,confirmatory,72000,0.5034965034965035,5,1.0,3,0.2,0.4,1321,958.0,0.7252081756245269,0.2747918243754731
8,confirmatory,72000,0.5034965034965035,5,1.0,4,0.4,1.01,1446,1313.0,0.9080221300138313,0.09197786998616875
8,confirmatory,72000,0.5034965034965035,6,0.25,0,0.0,0.05,232,165.0,0.7112068965517241,0.2887931034482759
8,confirmatory,72000,0.5034965034965035,6,0.25,1,0.05,0.1,516,438.0,0.8488372093023255,0.15116279069767447
8,confirmatory,72000,0.5034965034965035,6,0.25,2,0.1,0.2,1093,954.0,0.8728270814272644,0.1271729185727356
8,confirmatory,72000,0.5034965034965035,6,0.25,3,0.2,0.4,1321,1256.0,0.9507948523845572,0.04920514761544281
8,confirmatory,72000,0.5034965034965035,6,0.25,4,0.4,1.01,1446,1442.0,0.9972337482710927,0.0027662517289073207
8,confirmatory,72000,0.5034965034965035,6,0.5,0,0.0,0.05,232,125.0,0.5387931034482759,0.4612068965517241
8,confirmatory,72000,0.5034965034965035,6,0.5,1,0.05,0.1,516,360.0,0.6976744186046512,0.3023255813953488
8,confirmatory,72000,0.5034965034965035,6,0.5,2,0.1,0.2,1093,824.0,0.7538883806038427,0.24611161939615733
8,confirmatory,72000,0.5034965034965035,6,0.5,3,0.2,0.4,1321,1165.0,0.8819076457229371,0.11809235427706288
8,confirmatory,72000,0.5034965034965035,6,0.5,4,0.4,1.01,1446,1429.0,0.9882434301521439,0.011756569847856113
8,confirmatory,72000,0.5034965034965035,6,0.75,0,0.0,0.05,232,106.0,0.45689655172413796,0.5431034482758621
8,confirmatory,72000,0.5034965034965035,6,0.75,1,0.05,0.1,516,296.0,0.5736434108527132,0.4263565891472868
8,confirmatory,72000,0.5034965034965035,6,0.75,2,0.1,0.2,1093,708.0,0.6477584629460201,0.35224153705397987
8,confirmatory,72000,0.5034965034965035,6,0.75,3,0.2,0.4,1321,1054.0,0.7978803936411809,0.2021196063588191
8,confirmatory,72000,0.5034965034965035,6,0.75,4,0.4,1.01,1446,1375.0,0.9508990318118948,0.049100968188105165
8,confirmatory,72000,0.5034965034965035,6,1.0,0,0.0,0.05,232,85.0,0.36637931034482757,0.6336206896551724
8,confirmatory,72000,0.5034965034965035,6,1.0,1,0.05,0.1,516,240.0,0.46511627906976744,0.5348837209302326
8,confirmatory,72000,0.5034965034965035,6,1.0,2,0.1,0.2,1093,622.0,0.5690759377859104,0.43092406221408963
8,confirmatory,72000,0.5034965034965035,6,1.0,3,0.2,0.4,1321,939.0,0.7108251324753975,0.28917486752460253
8,confirmatory,72000,0.5034965034965035,6,1.0,4,0.4,1.01,1446,1273.0,0.8803596127247579,0.11964038727524207
8,confirmatory,72000,0.5034965034965035,7,0.25,0,0.0,0.05,232,166.0,0.7155172413793104,0.2844827586206896
8,confirmatory,72000,0.5034965034965035,7,0.25,1,0.05,0.1,516,420.0,0.813953488372093,0.18604651162790697
8,confirmatory,72000,0.5034965034965035,7,0.25,2,0.1,0.2,1093,952.0,0.8709972552607502,0.12900274473924978
8,confirmatory,72000,0.5034965034965035,7,0.25,3,0.2,0.4,1321,1252.0,0.9477668433005298,0.05223315669947015
8,confirmatory,72000,0.5034965034965035,7,0.25,4,0.4,1.01,1446,1444.0,0.9986168741355463,0.0013831258644536604
8,confirmatory,72000,0.5034965034965035,7,0.5,0,0.0,0.05,232,132.0,0.5689655172413793,0.43103448275862066
8,confirmatory,72000,0.5034965034965035,7,0.5,1,0.05,0.1,516,343.0,0.6647286821705426,0.3352713178294574
8,confirmatory,72000,0.5034965034965035,7,0.5,2,0.1,0.2,1093,812.0,0.7429094236047575,0.25709057639524246
8,confirmatory,72000,0.5034965034965035,7,0.5,3,0.2,0.4,1321,1148.0,0.8690386071158214,0.13096139288417863
8,confirmatory,72000,0.5034965034965035,7,0.5,4,0.4,1.01,1446,1416.0,0.979253112033195,0.020746887966805017
8,confirmatory,72000,0.5034965034965035,7,0.75,0,0.0,0.05,232,99.0,0.4267241379310345,0.5732758620689655
8,confirmatory,72000,0.5034965034965035,7,0.75,1,0.05,0.1,516,283.0,0.5484496124031008,0.45155038759689925
8,confirmatory,72000,0.5034965034965035,7,0.75,2,0.1,0.2,1093,700.0,0.6404391582799634,0.35956084172003655
8,confirmatory,72000,0.5034965034965035,7,0.75,3,0.2,0.4,1321,1042.0,0.7887963663890991,0.2112036336109009
8,confirmatory,72000,0.5034965034965035,7,0.75,4,0.4,1.01,1446,1375.0,0.9508990318118948,0.049100968188105165
8,confirmatory,72000,0.5034965034965035,7,1.0,0,0.0,0.05,232,74.0,0.31896551724137934,0.6810344827586207
8,confirmatory,72000,0.5034965034965035,7,1.0,1,0.05,0.1,516,225.0,0.436046511627907,0.563953488372093
8,confirmatory,72000,0.5034965034965035,7,1.0,2,0.1,0.2,1093,573.0,0.5242451967063129,0.47575480329368713
8,confirmatory,72000,0.5034965034965035,7,1.0,3,0.2,0.4,1321,900.0,0.6813020439061317,0.3186979560938683
8,confirmatory,72000,0.5034965034965035,7,1.0,4,0.4,1.01,1446,1294.0,0.8948824343015215,0.10511756569847852
8,confirmatory,72000,0.5034965034965035,8,0.25,0,0.0,0.05,232,162.0,0.6982758620689655,0.3017241379310345
8,confirmatory,72000,0.5034965034965035,8,0.25,1,0.05,0.1,516,414.0,0.8023255813953488,0.19767441860465118
8,confirmatory,72000,0.5034965034965035,8,0.25,2,0.1,0.2,1093,922.0,0.8435498627630376,0.15645013723696244
8,confirmatory,72000,0.5034965034965035,8,0.25,3,0.2,0.4,1321,1222.0,0.9250567751703255,0.07494322482967453
8,confirmatory,72000,0.5034965034965035,8,0.25,4,0.4,1.01,1446,1435.0,0.9923928077455049,0.007607192254495132
8,confirmatory,72000,0.5034965034965035,8,0.5,0,0.0,0.05,232,110.0,0.47413793103448276,0.5258620689655172
8,confirmatory,72000,0.5034965034965035,8,0.5,1,0.05,0.1,516,325.0,0.6298449612403101,0.3701550387596899
8,confirmatory,72000,0.5034965034965035,8,0.5,2,0.1,0.2,1093,753.0,0.6889295516925892,0.3110704483074108
8,confirmatory,72000,0.5034965034965035,8,0.5,3,0.2,0.4,1321,1083.0,0.8198334595003784,0.18016654049962155
8,confirmatory,72000,0.5034965034965035,8,0.5,4,0.4,1.01,1446,1401.0,0.9688796680497925,0.03112033195020747
8,confirmatory,72000,0.5034965034965035,8,0.75,0,0.0,0.05,232,81.0,0.34913793103448276,0.6508620689655172
8,confirmatory,72000,0.5034965034965035,8,0.75,1,0.05,0.1,516,253.0,0.4903100775193798,0.5096899224806202
8,confirmatory,72000,0.5034965034965035,8,0.75,2,0.1,0.2,1093,625.0,0.5718206770356816,0.4281793229643184
8,confirmatory,72000,0.5034965034965035,8,0.75,3,0.2,0.4,1321,919.0,0.6956850870552612,0.3043149129447388
8,confirmatory,72000,0.5034965034965035,8,0.75,4,0.4,1.01,1446,1318.0,0.9114799446749654,0.0885200553250346
8,confirmatory,72000,0.5034965034965035,8,1.0,0,0.0,0.05,232,68.0,0.29310344827586204,0.7068965517241379
8,confirmatory,72000,0.5034965034965035,8,1.0,1,0.05,0.1,516,182.0,0.35271317829457366,0.6472868217054264
8,confirmatory,72000,0.5034965034965035,8,1.0,2,0.1,0.2,1093,502.0,0.4592863677950595,0.5407136322049405
8,confirmatory,72000,0.5034965034965035,8,1.0,3,0.2,0.4,1321,766.0,0.5798637395912187,0.42013626040878127
8,confirmatory,72000,0.5034965034965035,8,1.0,4,0.4,1.01,1446,1168.0,0.8077455048409405,0.19225449515905946
8,confirmatory,72000,0.5034965034965035,9,0.25,0,0.0,0.05,232,180.0,0.7758620689655172,0.22413793103448276
8,confirmatory,72000,0.5034965034965035,9,0.25,1,0.05,0.1,516,429.0,0.8313953488372093,0.16860465116279066
8,confirmatory,72000,0.5034965034965035,9,0.25,2,0.1,0.2,1093,980.0,0.8966148215919487,0.10338517840805128
8,confirmatory,72000,0.5034965034965035,9,0.25,3,0.2,0.4,1321,1244.0,0.9417108251324754,0.05828917486752461
8,confirmatory,72000,0.5034965034965035,9,0.25,4,0.4,1.01,1446,1440.0,0.995850622406639,0.004149377593360981
8,confirmatory,72000,0.5034965034965035,9,0.5,0,0.0,0.05,232,130.0,0.5603448275862069,0.43965517241379315
8,confirmatory,72000,0.5034965034965035,9,0.5,1,0.05,0.1,516,360.0,0.6976744186046512,0.3023255813953488
8,confirmatory,72000,0.5034965034965035,9,0.5,2,0.1,0.2,1093,850.0,0.777676120768527,0.222323879231473
8,confirmatory,72000,0.5034965034965035,9,0.5,3,0.2,0.4,1321,1173.0,0.8879636638909917,0.11203633610900832
8,confirmatory,72000,0.5034965034965035,9,0.5,4,0.4,1.01,1446,1421.0,0.9827109266943291,0.017289073305670866
8,confirmatory,72000,0.5034965034965035,9,0.75,0,0.0,0.05,232,94.0,0.4051724137931034,0.5948275862068966
8,confirmatory,72000,0.5034965034965035,9,0.75,1,0.05,0.1,516,291.0,0.563953488372093,0.436046511627907
8,confirmatory,72000,0.5034965034965035,9,0.75,2,0.1,0.2,1093,727.0,0.6651418115279049,0.33485818847209514
8,confirmatory,72000,0.5034965034965035,9,0.75,3,0.2,0.4,1321,1076.0,0.8145344436033308,0.18546555639666917
8,confirmatory,72000,0.5034965034965035,9,0.75,4,0.4,1.01,1446,1389.0,0.9605809128630706,0.03941908713692943
8,confirmatory,72000,0.5034965034965035,9,1.0,0,0.0,0.05,232,67.0,0.28879310344827586,0.7112068965517242
8,confirmatory,72000,0.5034965034965035,9,1.0,1,0.05,0.1,516,235.0,0.45542635658914726,0.5445736434108528
8,confirmatory,72000,0.5034965034965035,9,1.0,2,0.1,0.2,1093,609.0,0.5571820677035682,0.44281793229643185
8,confirmatory,72000,0.5034965034965035,9,1.0,3,0.2,0.4,1321,980.0,0.7418622255866768,0.2581377744133232
8,confirmatory,72000,0.5034965034965035,9,1.0,4,0.4,1.01,1446,1322.0,0.9142461964038727,0.08575380359612728
8,confirmatory,72000,0.5034965034965035,10,0.25,0,0.0,0.05,232,166.0,0.7155172413793104,0.2844827586206896
8,confirmatory,72000,0.5034965034965035,10,0.25,1,0.05,0.1,516,430.0,0.8333333333333334,0.16666666666666663
8,confirmatory,72000,0.5034965034965035,10,0.25,2,0.1,0.2,1093,966.0,0.8838060384263495,0.11619396157365047
8,confirmatory,72000,0.5034965034965035,10,0.25,3,0.2,0.4,1321,1249.0,0.9454958364875095,0.054504163512490544
8,confirmatory,72000,0.5034965034965035,10,0.25,4,0.4,1.01,1446,1439.0,0.9951590594744122,0.004840940525587811
8,confirmatory,72000,0.5034965034965035,10,0.5,0,0.0,0.05,232,131.0,0.5646551724137931,0.43534482758620685
8,confirmatory,72000,0.5034965034965035,10,0.5,1,0.05,0.1,516,359.0,0.6957364341085271,0.30426356589147285
8,confirmatory,72000,0.5034965034965035,10,0.5,2,0.1,0.2,1093,844.0,0.7721866422689845,0.22781335773101552
8,confirmatory,72000,0.5034965034965035,10,0.5,3,0.2,0.4,1321,1157.0,0.8758516275548827,0.12414837244511734
8,confirmatory,72000,0.5034965034965035,10,0.5,4,0.4,1.01,1446,1417.0,0.9799446749654218,0.020055325034578186
8,confirmatory,72000,0.5034965034965035,10,0.75,0,0.0,0.05,232,95.0,0.40948275862068967,0.5905172413793103
8,confirmatory,72000,0.5034965034965035,10,0.75,1,0.05,0.1,516,282.0,0.5465116279069767,0.4534883720930233
8,confirmatory,72000,0.5034965034965035,10,0.75,2,0.1,0.2,1093,751.0,0.687099725526075,0.312900274473925
8,confirmatory,72000,0.5034965034965035,10,0.75,3,0.2,0.4,1321,1063.0,0.8046934140802422,0.1953065859197578
8,confirmatory,72000,0.5034965034965035,10,0.75,4,0.4,1.01,1446,1364.0,0.9432918395573997,0.0567081604426003
8,confirmatory,72000,0.5034965034965035,10,1.0,0,0.0,0.05,232,77.0,0.33189655172413796,0.6681034482758621
8,confirmatory,72000,0.5034965034965035,10,1.0,1,0.05,0.1,516,228.0,0.4418604651162791,0.5581395348837209
8,confirmatory,72000,0.5034965034965035,10,1.0,2,0.1,0.2,1093,638.0,0.5837145471180238,0.41628545288197616
8,confirmatory,72000,0.5034965034965035,10,1.0,3,0.2,0.4,1321,950.0,0.7191521574564723,0.2808478425435277
8,confirmatory,72000,0.5034965034965035,10,1.0,4,0.4,1.01,1446,1300.0,0.8990318118948825,0.10096818810511754
8,confirmatory,143000,1.0,1,0.25,0,0.0,0.05,222,141.0,0.6351351351351351,0.3648648648648649
8,confirmatory,143000,1.0,1,0.25,1,0.05,0.1,470,353.0,0.7510638297872341,0.24893617021276593
8,confirmatory,143000,1.0,1,0.25,2,0.1,0.2,1041,843.0,0.8097982708933718,0.19020172910662825
8,confirmatory,143000,1.0,1,0.25,3,0.2,0.4,1326,1227.0,0.9253393665158371,0.07466063348416285
8,confirmatory,143000,1.0,1,0.25,4,0.4,1.01,1549,1536.0,0.9916074887023887,0.008392511297611316
8,confirmatory,143000,1.0,1,0.5,0,0.0,0.05,222,100.0,0.45045045045045046,0.5495495495495495
8,confirmatory,143000,1.0,1,0.5,1,0.05,0.1,470,279.0,0.5936170212765958,0.40638297872340423
8,confirmatory,143000,1.0,1,0.5,2,0.1,0.2,1041,711.0,0.6829971181556196,0.3170028818443804
8,confirmatory,143000,1.0,1,0.5,3,0.2,0.4,1326,1103.0,0.8318250377073907,0.1681749622926093
8,confirmatory,143000,1.0,1,0.5,4,0.4,1.01,1549,1508.0,0.973531310522918,0.02646868947708203
8,confirmatory,143000,1.0,1,0.75,0,0.0,0.05,222,70.0,0.3153153153153153,0.6846846846846847
8,confirmatory,143000,1.0,1,0.75,1,0.05,0.1,470,200.0,0.425531914893617,0.574468085106383
8,confirmatory,143000,1.0,1,0.75,2,0.1,0.2,1041,608.0,0.5840537944284342,0.4159462055715658
8,confirmatory,143000,1.0,1,0.75,3,0.2,0.4,1326,937.0,0.7066365007541479,0.29336349924585214
8,confirmatory,143000,1.0,1,0.75,4,0.4,1.01,1549,1419.0,0.9160748870238864,0.0839251129761136
8,confirmatory,143000,1.0,1,1.0,0,0.0,0.05,222,44.0,0.1981981981981982,0.8018018018018018
8,confirmatory,143000,1.0,1,1.0,1,0.05,0.1,470,126.0,0.2680851063829787,0.7319148936170212
8,confirmatory,143000,1.0,1,1.0,2,0.1,0.2,1041,455.0,0.43707973102785785,0.5629202689721422
8,confirmatory,143000,1.0,1,1.0,3,0.2,0.4,1326,753.0,0.5678733031674208,0.4321266968325792
8,confirmatory,143000,1.0,1,1.0,4,0.4,1.01,1549,1235.0,0.7972885732730794,0.20271142672692055
8,confirmatory,143000,1.0,2,0.25,0,0.0,0.05,222,150.0,0.6756756756756757,0.32432432432432434
8,confirmatory,143000,1.0,2,0.25,1,0.05,0.1,470,348.0,0.7404255319148936,0.2595744680851064
8,confirmatory,143000,1.0,2,0.25,2,0.1,0.2,1041,845.0,0.8117195004803074,0.1882804995196926
8,confirmatory,143000,1.0,2,0.25,3,0.2,0.4,1326,1216.0,0.9170437405731523,0.0829562594268477
8,confirmatory,143000,1.0,2,0.25,4,0.4,1.01,1549,1534.0,0.9903163331181407,0.009683666881859287
8,confirmatory,143000,1.0,2,0.5,0,0.0,0.05,222,99.0,0.44594594594594594,0.5540540540540541
8,confirmatory,143000,1.0,2,0.5,1,0.05,0.1,470,261.0,0.5553191489361702,0.4446808510638298
8,confirmatory,143000,1.0,2,0.5,2,0.1,0.2,1041,722.0,0.6935638808837656,0.30643611911623436
8,confirmatory,143000,1.0,2,0.5,3,0.2,0.4,1326,1074.0,0.8099547511312217,0.19004524886877827
8,confirmatory,143000,1.0,2,0.5,4,0.4,1.01,1549,1502.0,0.9696578437701743,0.030342156229825723
8,confirmatory,143000,1.0,2,0.75,0,0.0,0.05,222,75.0,0.33783783783783783,0.6621621621621622
8,confirmatory,143000,1.0,2,0.75,1,0.05,0.1,470,190.0,0.40425531914893614,0.5957446808510638
8,confirmatory,143000,1.0,2,0.75,2,0.1,0.2,1041,562.0,0.5398655139289145,0.46013448607108554
8,confirmatory,143000,1.0,2,0.75,3,0.2,0.4,1326,900.0,0.6787330316742082,0.3212669683257918
8,confirmatory,143000,1.0,2,0.75,4,0.4,1.01,1549,1392.0,0.8986442866365397,0.10135571336346028
8,confirmatory,143000,1.0,2,1.0,0,0.0,0.05,222,46.0,0.2072072072072072,0.7927927927927928
8,confirmatory,143000,1.0,2,1.0,1,0.05,0.1,470,126.0,0.2680851063829787,0.7319148936170212
8,confirmatory,143000,1.0,2,1.0,2,0.1,0.2,1041,425.0,0.40826128722382327,0.5917387127761767
8,confirmatory,143000,1.0,2,1.0,3,0.2,0.4,1326,687.0,0.5180995475113123,0.48190045248868774
8,confirmatory,143000,1.0,2,1.0,4,0.4,1.01,1549,1211.0,0.7817947062621046,0.21820529373789543
8,confirmatory,143000,1.0,3,0.25,0,0.0,0.05,222,123.0,0.5540540540540541,0.44594594594594594
8,confirmatory,143000,1.0,3,0.25,1,0.05,0.1,470,346.0,0.7361702127659574,0.2638297872340426
8,confirmatory,143000,1.0,3,0.25,2,0.1,0.2,1041,849.0,0.8155619596541787,0.18443804034582134
8,confirmatory,143000,1.0,3,0.25,3,0.2,0.4,1326,1192.0,0.8989441930618401,0.10105580693815985
8,confirmatory,143000,1.0,3,0.25,4,0.4,1.01,1549,1535.0,0.9909619109102646,0.009038089089735357
8,confirmatory,143000,1.0,3,0.5,0,0.0,0.05,222,77.0,0.34684684684684686,0.6531531531531531
8,confirmatory,143000,1.0,3,0.5,1,0.05,0.1,470,255.0,0.5425531914893617,0.45744680851063835
8,confirmatory,143000,1.0,3,0.5,2,0.1,0.2,1041,687.0,0.659942363112392,0.34005763688760804
8,confirmatory,143000,1.0,3,0.5,3,0.2,0.4,1326,1057.0,0.797134238310709,0.20286576168929105
8,confirmatory,143000,1.0,3,0.5,4,0.4,1.01,1549,1487.0,0.959974176888315,0.04002582311168501
8,confirmatory,143000,1.0,3,0.75,0,0.0,0.05,222,52.0,0.23423423423423423,0.7657657657657657
8,confirmatory,143000,1.0,3,0.75,1,0.05,0.1,470,170.0,0.3617021276595745,0.6382978723404256
8,confirmatory,143000,1.0,3,0.75,2,0.1,0.2,1041,513.0,0.49279538904899134,0.5072046109510087
8,confirmatory,143000,1.0,3,0.75,3,0.2,0.4,1326,874.0,0.6591251885369532,0.34087481146304677
8,confirmatory,143000,1.0,3,0.75,4,0.4,1.01,1549,1373.0,0.8863783085861846,0.1136216914138154
8,confirmatory,143000,1.0,3,1.0,0,0.0,0.05,222,41.0,0.18468468468468469,0.8153153153153153
8,confirmatory,143000,1.0,3,1.0,1,0.05,0.1,470,110.0,0.23404255319148937,0.7659574468085106
8,confirmatory,143000,1.0,3,1.0,2,0.1,0.2,1041,361.0,0.3467819404418828,0.6532180595581172
8,confirmatory,143000,1.0,3,1.0,3,0.2,0.4,1326,647.0,0.4879336349924585,0.5120663650075414
8,confirmatory,143000,1.0,3,1.0,4,0.4,1.01,1549,1158.0,0.7475790832795352,0.25242091672046485
8,confirmatory,143000,1.0,4,0.25,0,0.0,0.05,222,130.0,0.5855855855855856,0.4144144144144144
8,confirmatory,143000,1.0,4,0.25,1,0.05,0.1,470,341.0,0.725531914893617,0.274468085106383
8,confirmatory,143000,1.0,4,0.25,2,0.1,0.2,1041,818.0,0.7857829010566763,0.21421709894332375
8,confirmatory,143000,1.0,4,0.25,3,0.2,0.4,1326,1190.0,0.8974358974358975,0.10256410256410253
8,confirmatory,143000,1.0,4,0.25,4,0.4,1.01,1549,1535.0,0.9909619109102646,0.009038089089735357
8,confirmatory,143000,1.0,4,0.5,0,0.0,0.05,222,86.0,0.38738738738738737,0.6126126126126126
8,confirmatory,143000,1.0,4,0.5,1,0.05,0.1,470,237.0,0.5042553191489362,0.4957446808510638
8,confirmatory,143000,1.0,4,0.5,2,0.1,0.2,1041,643.0,0.6176753121998079,0.38232468780019213
8,confirmatory,143000,1.0,4,0.5,3,0.2,0.4,1326,1017.0,0.7669683257918553,0.23303167420814475
8,confirmatory,143000,1.0,4,0.5,4,0.4,1.01,1549,1467.0,0.947062621045836,0.05293737895416395
8,confirmatory,143000,1.0,4,0.75,0,0.0,0.05,222,51.0,0.22972972972972974,0.7702702702702703
8,confirmatory,143000,1.0,4,0.75,1,0.05,0.1,470,151.0,0.32127659574468087,0.6787234042553192
8,confirmatory,143000,1.0,4,0.75,2,0.1,0.2,1041,449.0,0.4313160422670509,0.5686839577329491
8,confirmatory,143000,1.0,4,0.75,3,0.2,0.4,1326,765.0,0.5769230769230769,0.42307692307692313
8,confirmatory,143000,1.0,4,0.75,4,0.4,1.01,1549,1246.0,0.8043899289864429,0.1956100710135571
8,confirmatory,143000,1.0,4,1.0,0,0.0,0.05,222,23.0,0.1036036036036036,0.8963963963963963
8,confirmatory,143000,1.0,4,1.0,1,0.05,0.1,470,77.0,0.16382978723404254,0.8361702127659575
8,confirmatory,143000,1.0,4,1.0,2,0.1,0.2,1041,236.0,0.22670509125840538,0.7732949087415946
8,confirmatory,143000,1.0,4,1.0,3,0.2,0.4,1326,442.0,0.3333333333333333,0.6666666666666667
8,confirmatory,143000,1.0,4,1.0,4,0.4,1.01,1549,655.0,0.4228534538411879,0.5771465461588121
8,confirmatory,143000,1.0,5,0.25,0,0.0,0.05,222,153.0,0.6891891891891891,0.31081081081081086
8,confirmatory,143000,1.0,5,0.25,1,0.05,0.1,470,358.0,0.7617021276595745,0.23829787234042554
8,confirmatory,143000,1.0,5,0.25,2,0.1,0.2,1041,847.0,0.813640730067243,0.18635926993275698
8,confirmatory,143000,1.0,5,0.25,3,0.2,0.4,1326,1229.0,0.9268476621417798,0.07315233785822017
8,confirmatory,143000,1.0,5,0.25,4,0.4,1.01,1549,1536.0,0.9916074887023887,0.008392511297611316
8,confirmatory,143000,1.0,5,0.5,0,0.0,0.05,222,116.0,0.5225225225225225,0.4774774774774775
8,confirmatory,143000,1.0,5,0.5,1,0.05,0.1,470,290.0,0.6170212765957447,0.3829787234042553
8,confirmatory,143000,1.0,5,0.5,2,0.1,0.2,1041,729.0,0.7002881844380403,0.2997118155619597
8,confirmatory,143000,1.0,5,0.5,3,0.2,0.4,1326,1127.0,0.8499245852187028,0.15007541478129716
8,confirmatory,143000,1.0,5,0.5,4,0.4,1.01,1549,1513.0,0.9767591994835377,0.023240800516462268
8,confirmatory,143000,1.0,5,0.75,0,0.0,0.05,222,95.0,0.42792792792792794,0.572072072072072
8,confirmatory,143000,1.0,5,0.75,1,0.05,0.1,470,241.0,0.5127659574468085,0.48723404255319147
8,confirmatory,143000,1.0,5,0.75,2,0.1,0.2,1041,620.0,0.595581171950048,0.404418828049952
8,confirmatory,143000,1.0,5,0.75,3,0.2,0.4,1326,1018.0,0.7677224736048266,0.2322775263951734
8,confirmatory,143000,1.0,5,0.75,4,0.4,1.01,1549,1456.0,0.9399612653324726,0.060038734667527405
8,confirmatory,143000,1.0,5,1.0,0,0.0,0.05,222,72.0,0.32432432432432434,0.6756756756756757
8,confirmatory,143000,1.0,5,1.0,1,0.05,0.1,470,189.0,0.4021276595744681,0.597872340425532
8,confirmatory,143000,1.0,5,1.0,2,0.1,0.2,1041,503.0,0.48318924111431316,0.5168107588856868
8,confirmatory,143000,1.0,5,1.0,3,0.2,0.4,1326,880.0,0.6636500754147813,0.33634992458521873
8,confirmatory,143000,1.0,5,1.0,4,0.4,1.01,1549,1333.0,0.8605551969012266,0.13944480309877338
8,confirmatory,143000,1.0,6,0.25,0,0.0,0.05,222,142.0,0.6396396396396397,0.36036036036036034
8,confirmatory,143000,1.0,6,0.25,1,0.05,0.1,470,351.0,0.7468085106382979,0.2531914893617021
8,confirmatory,143000,1.0,6,0.25,2,0.1,0.2,1041,852.0,0.8184438040345822,0.18155619596541783
8,confirmatory,143000,1.0,6,0.25,3,0.2,0.4,1326,1207.0,0.9102564102564102,0.08974358974358976
8,confirmatory,143000,1.0,6,0.25,4,0.4,1.01,1549,1533.0,0.9896707553260168,0.010329244673983218
8,confirmatory,143000,1.0,6,0.5,0,0.0,0.05,222,99.0,0.44594594594594594,0.5540540540540541
8,confirmatory,143000,1.0,6,0.5,1,0.05,0.1,470,274.0,0.5829787234042553,0.4170212765957447
8,confirmatory,143000,1.0,6,0.5,2,0.1,0.2,1041,738.0,0.7089337175792507,0.2910662824207493
8,confirmatory,143000,1.0,6,0.5,3,0.2,0.4,1326,1099.0,0.8288084464555053,0.17119155354449467
8,confirmatory,143000,1.0,6,0.5,4,0.4,1.01,1549,1503.0,0.9703034215622982,0.029696578437701793
8,confirmatory,143000,1.0,6,0.75,0,0.0,0.05,222,72.0,0.32432432432432434,0.6756756756756757
8,confirmatory,143000,1.0,6,0.75,1,0.05,0.1,470,227.0,0.4829787234042553,0.5170212765957447
8,confirmatory,143000,1.0,6,0.75,2,0.1,0.2,1041,623.0,0.5984630163304515,0.4015369836695485
8,confirmatory,143000,1.0,6,0.75,3,0.2,0.4,1326,982.0,0.7405731523378583,0.25942684766214175
8,confirmatory,143000,1.0,6,0.75,4,0.4,1.01,1549,1438.0,0.9283408650742414,0.0716591349257586
8,confirmatory,143000,1.0,6,1.0,0,0.0,0.05,222,59.0,0.26576576576576577,0.7342342342342343
8,confirmatory,143000,1.0,6,1.0,1,0.05,0.1,470,180.0,0.3829787234042553,0.6170212765957447
8,confirmatory,143000,1.0,6,1.0,2,0.1,0.2,1041,521.0,0.5004803073967339,0.4995196926032661
8,confirmatory,143000,1.0,6,1.0,3,0.2,0.4,1326,855.0,0.6447963800904978,0.3552036199095022
8,confirmatory,143000,1.0,6,1.0,4,0.4,1.01,1549,1323.0,0.8540994189799871,0.1459005810200129
8,confirmatory,143000,1.0,7,0.25,0,0.0,0.05,222,135.0,0.6081081081081081,0.3918918918918919
8,confirmatory,143000,1.0,7,0.25,1,0.05,0.1,470,343.0,0.7297872340425532,0.2702127659574468
8,confirmatory,143000,1.0,7,0.25,2,0.1,0.2,1041,842.0,0.808837656099904,0.191162343900096
8,confirmatory,143000,1.0,7,0.25,3,0.2,0.4,1326,1205.0,0.9087481146304676,0.09125188536953244
8,confirmatory,143000,1.0,7,0.25,4,0.4,1.01,1549,1533.0,0.9896707553260168,0.010329244673983218
8,confirmatory,143000,1.0,7,0.5,0,0.0,0.05,222,94.0,0.42342342342342343,0.5765765765765766
8,confirmatory,143000,1.0,7,0.5,1,0.05,0.1,470,270.0,0.574468085106383,0.42553191489361697
8,confirmatory,143000,1.0,7,0.5,2,0.1,0.2,1041,725.0,0.696445725264169,0.30355427473583096
8,confirmatory,143000,1.0,7,0.5,3,0.2,0.4,1326,1077.0,0.8122171945701357,0.18778280542986425
8,confirmatory,143000,1.0,7,0.5,4,0.4,1.01,1549,1497.0,0.9664299548095545,0.033570045190445486
8,confirmatory,143000,1.0,7,0.75,0,0.0,0.05,222,64.0,0.2882882882882883,0.7117117117117118
8,confirmatory,143000,1.0,7,0.75,1,0.05,0.1,470,208.0,0.4425531914893617,0.5574468085106383
8,confirmatory,143000,1.0,7,0.75,2,0.1,0.2,1041,604.0,0.5802113352545629,0.4197886647454371
8,confirmatory,143000,1.0,7,0.75,3,0.2,0.4,1326,928.0,0.6998491704374057,0.3001508295625943
8,confirmatory,143000,1.0,7,0.75,4,0.4,1.01,1549,1423.0,0.9186571981923822,0.08134280180761777
8,confirmatory,143000,1.0,7,1.0,0,0.0,0.05,222,46.0,0.2072072072072072,0.7927927927927928
8,confirmatory,143000,1.0,7,1.0,1,0.05,0.1,470,159.0,0.3382978723404255,0.6617021276595745
8,confirmatory,143000,1.0,7,1.0,2,0.1,0.2,1041,495.0,0.4755043227665706,0.5244956772334294
8,confirmatory,143000,1.0,7,1.0,3,0.2,0.4,1326,790.0,0.5957767722473605,0.4042232277526395
8,confirmatory,143000,1.0,7,1.0,4,0.4,1.01,1549,1313.0,0.8476436410587476,0.15235635894125243
8,confirmatory,143000,1.0,8,0.25,0,0.0,0.05,222,143.0,0.6441441441441441,0.3558558558558559
8,confirmatory,143000,1.0,8,0.25,1,0.05,0.1,470,344.0,0.7319148936170212,0.2680851063829788
8,confirmatory,143000,1.0,8,0.25,2,0.1,0.2,1041,839.0,0.8059558117195005,0.19404418828049952
8,confirmatory,143000,1.0,8,0.25,3,0.2,0.4,1326,1207.0,0.9102564102564102,0.08974358974358976
8,confirmatory,143000,1.0,8,0.25,4,0.4,1.01,1549,1533.0,0.9896707553260168,0.010329244673983218
8,confirmatory,143000,1.0,8,0.5,0,0.0,0.05,222,89.0,0.4009009009009009,0.5990990990990991
8,confirmatory,143000,1.0,8,0.5,1,0.05,0.1,470,267.0,0.5680851063829787,0.4319148936170213
8,confirmatory,143000,1.0,8,0.5,2,0.1,0.2,1041,684.0,0.6570605187319885,0.34293948126801155
8,confirmatory,143000,1.0,8,0.5,3,0.2,0.4,1326,1071.0,0.8076923076923077,0.1923076923076923
8,confirmatory,143000,1.0,8,0.5,4,0.4,1.01,1549,1494.0,0.9644932214331827,0.035506778566817276
8,confirmatory,143000,1.0,8,0.75,0,0.0,0.05,222,65.0,0.2927927927927928,0.7072072072072072
8,confirmatory,143000,1.0,8,0.75,1,0.05,0.1,470,198.0,0.42127659574468085,0.5787234042553191
8,confirmatory,143000,1.0,8,0.75,2,0.1,0.2,1041,554.0,0.5321805955811719,0.4678194044188281
8,confirmatory,143000,1.0,8,0.75,3,0.2,0.4,1326,914.0,0.6892911010558069,0.31070889894419307
8,confirmatory,143000,1.0,8,0.75,4,0.4,1.01,1549,1407.0,0.908327953518399,0.09167204648160099
8,confirmatory,143000,1.0,8,1.0,0,0.0,0.05,222,40.0,0.18018018018018017,0.8198198198198199
8,confirmatory,143000,1.0,8,1.0,1,0.05,0.1,470,150.0,0.3191489361702128,0.6808510638297872
8,confirmatory,143000,1.0,8,1.0,2,0.1,0.2,1041,412.0,0.3957732949087416,0.6042267050912584
8,confirmatory,143000,1.0,8,1.0,3,0.2,0.4,1326,720.0,0.5429864253393665,0.4570135746606335
8,confirmatory,143000,1.0,8,1.0,4,0.4,1.01,1549,1210.0,0.7811491284699806,0.21885087153001936
8,confirmatory,143000,1.0,9,0.25,0,0.0,0.05,222,146.0,0.6576576576576577,0.3423423423423423
8,confirmatory,143000,1.0,9,0.25,1,0.05,0.1,470,365.0,0.776595744680851,0.22340425531914898
8,confirmatory,143000,1.0,9,0.25,2,0.1,0.2,1041,864.0,0.829971181556196,0.17002881844380402
8,confirmatory,143000,1.0,9,0.25,3,0.2,0.4,1326,1229.0,0.9268476621417798,0.07315233785822017
8,confirmatory,143000,1.0,9,0.25,4,0.4,1.01,1549,1533.0,0.9896707553260168,0.010329244673983218
8,confirmatory,143000,1.0,9,0.5,0,0.0,0.05,222,101.0,0.45495495495495497,0.545045045045045
8,confirmatory,143000,1.0,9,0.5,1,0.05,0.1,470,306.0,0.6510638297872341,0.3489361702127659
8,confirmatory,143000,1.0,9,0.5,2,0.1,0.2,1041,742.0,0.712776176753122,0.287223823246878
8,confirmatory,143000,1.0,9,0.5,3,0.2,0.4,1326,1130.0,0.8521870286576169,0.14781297134238314
8,confirmatory,143000,1.0,9,0.5,4,0.4,1.01,1549,1501.0,0.9690122659780503,0.030987734021949653
8,confirmatory,143000,1.0,9,0.75,0,0.0,0.05,222,79.0,0.35585585585585583,0.6441441441441442
8,confirmatory,143000,1.0,9,0.75,1,0.05,0.1,470,237.0,0.5042553191489362,0.4957446808510638
8,confirmatory,143000,1.0,9,0.75,2,0.1,0.2,1041,631.0,0.6061479346781941,0.39385206532180594
8,confirmatory,143000,1.0,9,0.75,3,0.2,0.4,1326,1010.0,0.7616892911010558,0.23831070889894423
8,confirmatory,143000,1.0,9,0.75,4,0.4,1.01,1549,1435.0,0.9264041316978696,0.07359586830213038
8,confirmatory,143000,1.0,9,1.0,0,0.0,0.05,222,64.0,0.2882882882882883,0.7117117117117118
8,confirmatory,143000,1.0,9,1.0,1,0.05,0.1,470,182.0,0.3872340425531915,0.6127659574468085
8,confirmatory,143000,1.0,9,1.0,2,0.1,0.2,1041,527.0,0.5062439961575408,0.4937560038424592
8,confirmatory,143000,1.0,9,1.0,3,0.2,0.4,1326,878.0,0.6621417797888386,0.3378582202111614
8,confirmatory,143000,1.0,9,1.0,4,0.4,1.01,1549,1327.0,0.8566817301484829,0.14331826985151708
8,confirmatory,143000,1.0,10,0.25,0,0.0,0.05,222,128.0,0.5765765765765766,0.42342342342342343
8,confirmatory,143000,1.0,10,0.25,1,0.05,0.1,470,322.0,0.6851063829787234,0.3148936170212766
8,confirmatory,143000,1.0,10,0.25,2,0.1,0.2,1041,778.0,0.7473583093179635,0.25264169068203646
8,confirmatory,143000,1.0,10,0.25,3,0.2,0.4,1326,1151.0,0.8680241327300151,0.1319758672699849
8,confirmatory,143000,1.0,10,0.25,4,0.4,1.01,1549,1524.0,0.9838605551969012,0.016139444803098812
8,confirmatory,143000,1.0,10,0.5,0,0.0,0.05,222,76.0,0.34234234234234234,0.6576576576576576
8,confirmatory,143000,1.0,10,0.5,1,0.05,0.1,470,241.0,0.5127659574468085,0.48723404255319147
8,confirmatory,143000,1.0,10,0.5,2,0.1,0.2,1041,626.0,0.6013448607108549,0.3986551392891451
8,confirmatory,143000,1.0,10,0.5,3,0.2,0.4,1326,968.0,0.7300150829562594,0.2699849170437406
8,confirmatory,143000,1.0,10,0.5,4,0.4,1.01,1549,1452.0,0.9373789541639768,0.06262104583602324
8,confirmatory,143000,1.0,10,0.75,0,0.0,0.05,222,49.0,0.22072072072072071,0.7792792792792793
8,confirmatory,143000,1.0,10,0.75,1,0.05,0.1,470,183.0,0.3893617021276596,0.6106382978723404
8,confirmatory,143000,1.0,10,0.75,2,0.1,0.2,1041,509.0,0.48895292987512007,0.5110470701248799
8,confirmatory,143000,1.0,10,0.75,3,0.2,0.4,1326,830.0,0.6259426847662142,0.3740573152337858
8,confirmatory,143000,1.0,10,0.75,4,0.4,1.01,1549,1314.0,0.8482892188508715,0.1517107811491285
8,confirmatory,143000,1.0,10,1.0,0,0.0,0.05,222,38.0,0.17117117117117117,0.8288288288288288
8,confirmatory,143000,1.0,10,1.0,1,0.05,0.1,470,140.0,0.2978723404255319,0.7021276595744681
8,confirmatory,143000,1.0,10,1.0,2,0.1,0.2,1041,421.0,0.404418828049952,0.595581171950048
8,confirmatory,143000,1.0,10,1.0,3,0.2,0.4,1326,707.0,0.5331825037707391,0.46681749622926094
8,confirmatory,143000,1.0,10,1.0,4,0.4,1.01,1549,1180.0,0.7617817947062621,0.23821820529373794
9,pilot,14000,0.0979020979020979,1,0.25,0,0.0,0.05,229,165.0,0.7205240174672489,0.2794759825327511
9,pilot,14000,0.0979020979020979,1,0.25,1,0.05,0.1,517,418.0,0.8085106382978723,0.19148936170212771
9,pilot,14000,0.0979020979020979,1,0.25,2,0.1,0.2,1059,923.0,0.8715769593956563,0.12842304060434373
9,pilot,14000,0.0979020979020979,1,0.25,3,0.2,0.4,1340,1284.0,0.9582089552238806,0.04179104477611939
9,pilot,14000,0.0979020979020979,1,0.25,4,0.4,1.01,1463,1457.0,0.9958988380041012,0.004101161995898828
9,pilot,14000,0.0979020979020979,1,0.5,0,0.0,0.05,229,111.0,0.4847161572052402,0.5152838427947598
9,pilot,14000,0.0979020979020979,1,0.5,1,0.05,0.1,517,303.0,0.586073500967118,0.41392649903288203
9,pilot,14000,0.0979020979020979,1,0.5,2,0.1,0.2,1059,766.0,0.7233238904627006,0.2766761095372994
9,pilot,14000,0.0979020979020979,1,0.5,3,0.2,0.4,1340,1177.0,0.8783582089552239,0.12164179104477613
9,pilot,14000,0.0979020979020979,1,0.5,4,0.4,1.01,1463,1426.0,0.9747095010252905,0.025290498974709474
9,pilot,14000,0.0979020979020979,1,0.75,0,0.0,0.05,229,63.0,0.27510917030567683,0.7248908296943232
9,pilot,14000,0.0979020979020979,1,0.75,1,0.05,0.1,517,205.0,0.3965183752417795,0.6034816247582204
9,pilot,14000,0.0979020979020979,1,0.75,2,0.1,0.2,1059,558.0,0.5269121813031161,0.4730878186968839
9,pilot,14000,0.0979020979020979,1,0.75,3,0.2,0.4,1340,930.0,0.6940298507462687,0.30597014925373134
9,pilot,14000,0.0979020979020979,1,0.75,4,0.4,1.01,1463,1336.0,0.9131920710868079,0.08680792891319211
9,pilot,14000,0.0979020979020979,1,1.0,0,0.0,0.05,229,43.0,0.18777292576419213,0.8122270742358079
9,pilot,14000,0.0979020979020979,1,1.0,1,0.05,0.1,517,148.0,0.2862669245647969,0.7137330754352031
9,pilot,14000,0.0979020979020979,1,1.0,2,0.1,0.2,1059,412.0,0.3890462700661001,0.6109537299338998
9,pilot,14000,0.0979020979020979,1,1.0,3,0.2,0.4,1340,766.0,0.5716417910447761,0.4283582089552239
9,pilot,14000,0.0979020979020979,1,1.0,4,0.4,1.01,1463,1220.0,0.833902939166097,0.16609706083390297
9,pilot,14000,0.0979020979020979,2,0.25,0,0.0,0.05,229,167.0,0.7292576419213974,0.2707423580786026
9,pilot,14000,0.0979020979020979,2,0.25,1,0.05,0.1,517,420.0,0.8123791102514507,0.1876208897485493
9,pilot,14000,0.0979020979020979,2,0.25,2,0.1,0.2,1059,937.0,0.8847969782813976,0.11520302171860242
9,pilot,14000,0.0979020979020979,2,0.25,3,0.2,0.4,1340,1269.0,0.9470149253731344,0.052985074626865636
9,pilot,14000,0.0979020979020979,2,0.25,4,0.4,1.01,1463,1459.0,0.9972658920027341,0.002734107997265922
9,pilot,14000,0.0979020979020979,2,0.5,0,0.0,0.05,229,123.0,0.537117903930131,0.46288209606986896
9,pilot,14000,0.0979020979020979,2,0.5,1,0.05,0.1,517,337.0,0.6518375241779497,0.3481624758220503
9,pilot,14000,0.0979020979020979,2,0.5,2,0.1,0.2,1059,830.0,0.7837582625118036,0.21624173748819642
9,pilot,14000,0.0979020979020979,2,0.5,3,0.2,0.4,1340,1154.0,0.8611940298507462,0.13880597014925378
9,pilot,14000,0.0979020979020979,2,0.5,4,0.4,1.01,1463,1442.0,0.9856459330143541,0.014354066985645897
9,pilot,14000,0.0979020979020979,2,0.75,0,0.0,0.05,229,84.0,0.36681222707423583,0.6331877729257642
9,pilot,14000,0.0979020979020979,2,0.75,1,0.05,0.1,517,264.0,0.5106382978723404,0.4893617021276596
9,pilot,14000,0.0979020979020979,2,0.75,2,0.1,0.2,1059,688.0,0.6496694995278565,0.35033050047214354
9,pilot,14000,0.0979020979020979,2,0.75,3,0.2,0.4,1340,1016.0,0.7582089552238805,0.24179104477611946
9,pilot,14000,0.0979020979020979,2,0.75,4,0.4,1.01,1463,1387.0,0.948051948051948,0.051948051948051965
9,pilot,14000,0.0979020979020979,2,1.0,0,0.0,0.05,229,56.0,0.2445414847161572,0.7554585152838428
9,pilot,14000,0.0979020979020979,2,1.0,1,0.05,0.1,517,188.0,0.36363636363636365,0.6363636363636364
9,pilot,14000,0.0979020979020979,2,1.0,2,0.1,0.2,1059,528.0,0.4985835694050991,0.5014164305949009
9,pilot,14000,0.0979020979020979,2,1.0,3,0.2,0.4,1340,840.0,0.6268656716417911,0.3731343283582089
9,pilot,14000,0.0979020979020979,2,1.0,4,0.4,1.01,1463,1275.0,0.8714969241285031,0.1285030758714969
9,pilot,14000,0.0979020979020979,3,0.25,0,0.0,0.05,229,152.0,0.6637554585152838,0.33624454148471616
9,pilot,14000,0.0979020979020979,3,0.25,1,0.05,0.1,517,407.0,0.7872340425531915,0.21276595744680848
9,pilot,14000,0.0979020979020979,3,0.25,2,0.1,0.2,1059,921.0,0.8696883852691218,0.13031161473087816
9,pilot,14000,0.0979020979020979,3,0.25,3,0.2,0.4,1340,1251.0,0.9335820895522388,0.06641791044776124
9,pilot,14000,0.0979020979020979,3,0.25,4,0.4,1.01,1463,1459.0,0.9972658920027341,0.002734107997265922
9,pilot,14000,0.0979020979020979,3,0.5,0,0.0,0.05,229,88.0,0.38427947598253276,0.6157205240174672
9,pilot,14000,0.0979020979020979,3,0.5,1,0.05,0.1,517,318.0,0.6150870406189555,0.38491295938104453
9,pilot,14000,0.0979020979020979,3,0.5,2,0.1,0.2,1059,719.0,0.6789423984891407,0.32105760151085927
9,pilot,14000,0.0979020979020979,3,0.5,3,0.2,0.4,1340,1117.0,0.8335820895522388,0.16641791044776122
9,pilot,14000,0.0979020979020979,3,0.5,4,0.4,1.01,1463,1424.0,0.9733424470266575,0.02665755297334249
9,pilot,14000,0.0979020979020979,3,0.75,0,0.0,0.05,229,55.0,0.24017467248908297,0.759825327510917
9,pilot,14000,0.0979020979020979,3,0.75,1,0.05,0.1,517,206.0,0.3984526112185687,0.6015473887814313
9,pilot,14000,0.0979020979020979,3,0.75,2,0.1,0.2,1059,534.0,0.5042492917847026,0.49575070821529743
9,pilot,14000,0.0979020979020979,3,0.75,3,0.2,0.4,1340,890.0,0.664179104477612,0.33582089552238803
9,pilot,14000,0.0979020979020979,3,0.75,4,0.4,1.01,1463,1284.0,0.8776486671223513,0.12235133287764866
9,pilot,14000,0.0979020979020979,3,1.0,0,0.0,0.05,229,31.0,0.13537117903930132,0.8646288209606987
9,pilot,14000,0.0979020979020979,3,1.0,1,0.05,0.1,517,114.0,0.2205029013539652,0.7794970986460348
9,pilot,14000,0.0979020979020979,3,1.0,2,0.1,0.2,1059,317.0,0.29933899905571293,0.7006610009442871
9,pilot,14000,0.0979020979020979,3,1.0,3,0.2,0.4,1340,585.0,0.43656716417910446,0.5634328358208955
9,pilot,14000,0.0979020979020979,3,1.0,4,0.4,1.01,1463,911.0,0.6226930963773069,0.37730690362269315
9,pilot,14000,0.0979020979020979,4,0.25,0,0.0,0.05,229,176.0,0.7685589519650655,0.23144104803493448
9,pilot,14000,0.0979020979020979,4,0.25,1,0.05,0.1,517,429.0,0.8297872340425532,0.17021276595744683
9,pilot,14000,0.0979020979020979,4,0.25,2,0.1,0.2,1059,936.0,0.8838526912181303,0.11614730878186974
9,pilot,14000,0.0979020979020979,4,0.25,3,0.2,0.4,1340,1281.0,0.9559701492537314,0.04402985074626864
9,pilot,14000,0.0979020979020979,4,0.25,4,0.4,1.01,1463,1461.0,0.9986329460013671,0.0013670539986329056
9,pilot,14000,0.0979020979020979,4,0.5,0,0.0,0.05,229,136.0,0.5938864628820961,0.4061135371179039
9,pilot,14000,0.0979020979020979,4,0.5,1,0.05,0.1,517,342.0,0.6615087040618955,0.33849129593810445
9,pilot,14000,0.0979020979020979,4,0.5,2,0.1,0.2,1059,828.0,0.7818696883852692,0.21813031161473084
9,pilot,14000,0.0979020979020979,4,0.5,3,0.2,0.4,1340,1193.0,0.8902985074626866,0.10970149253731343
9,pilot,14000,0.0979020979020979,4,0.5,4,0.4,1.01,1463,1449.0,0.9904306220095693,0.009569377990430672
9,pilot,14000,0.0979020979020979,4,0.75,0,0.0,0.05,229,104.0,0.45414847161572053,0.5458515283842795
9,pilot,14000,0.0979020979020979,4,0.75,1,0.05,0.1,517,281.0,0.5435203094777563,0.4564796905222437
9,pilot,14000,0.0979020979020979,4,0.75,2,0.1,0.2,1059,717.0,0.6770538243626062,0.3229461756373938
9,pilot,14000,0.0979020979020979,4,0.75,3,0.2,0.4,1340,1081.0,0.8067164179104478,0.1932835820895522
9,pilot,14000,0.0979020979020979,4,0.75,4,0.4,1.01,1463,1409.0,0.9630895420369104,0.03691045796308956
9,pilot,14000,0.0979020979020979,4,1.0,0,0.0,0.05,229,71.0,0.31004366812227074,0.6899563318777293
9,pilot,14000,0.0979020979020979,4,1.0,1,0.05,0.1,517,236.0,0.4564796905222437,0.5435203094777563
9,pilot,14000,0.0979020979020979,4,1.0,2,0.1,0.2,1059,605.0,0.5712936732766761,0.42870632672332387
9,pilot,14000,0.0979020979020979,4,1.0,3,0.2,0.4,1340,956.0,0.7134328358208956,0.28656716417910444
9,pilot,14000,0.0979020979020979,4,1.0,4,0.4,1.01,1463,1333.0,0.9111414900888585,0.08885850991114153
9,pilot,14000,0.0979020979020979,5,0.25,0,0.0,0.05,229,175.0,0.7641921397379913,0.23580786026200873
9,pilot,14000,0.0979020979020979,5,0.25,1,0.05,0.1,517,428.0,0.8278529980657641,0.17214700193423593
9,pilot,14000,0.0979020979020979,5,0.25,2,0.1,0.2,1059,942.0,0.8895184135977338,0.11048158640226624
9,pilot,14000,0.0979020979020979,5,0.25,3,0.2,0.4,1340,1283.0,0.9574626865671642,0.042537313432835844
9,pilot,14000,0.0979020979020979,5,0.25,4,0.4,1.01,1463,1456.0,0.9952153110047847,0.004784688995215336
9,pilot,14000,0.0979020979020979,5,0.5,0,0.0,0.05,229,138.0,0.6026200873362445,0.3973799126637555
9,pilot,14000,0.0979020979020979,5,0.5,1,0.05,0.1,517,338.0,0.6537717601547389,0.3462282398452611
9,pilot,14000,0.0979020979020979,5,0.5,2,0.1,0.2,1059,829.0,0.7828139754485364,0.21718602455146363
9,pilot,14000,0.0979020979020979,5,0.5,3,0.2,0.4,1340,1208.0,0.9014925373134328,0.09850746268656718
9,pilot,14000,0.0979020979020979,5,0.5,4,0.4,1.01,1463,1436.0,0.9815447710184553,0.018455228981544725
9,pilot,14000,0.0979020979020979,5,0.75,0,0.0,0.05,229,108.0,0.47161572052401746,0.5283842794759825
9,pilot,14000,0.0979020979020979,5,0.75,1,0.05,0.1,517,279.0,0.539651837524178,0.460348162475822
9,pilot,14000,0.0979020979020979,5,0.75,2,0.1,0.2,1059,702.0,0.6628895184135978,0.3371104815864022
9,pilot,14000,0.0979020979020979,5,0.75,3,0.2,0.4,1340,1091.0,0.814179104477612,0.185820895522388
9,pilot,14000,0.0979020979020979,5,0.75,4,0.4,1.01,1463,1395.0,0.9535201640464799,0.04647983595352012
9,pilot,14000,0.0979020979020979,5,1.0,0,0.0,0.05,229,88.0,0.38427947598253276,0.6157205240174672
9,pilot,14000,0.0979020979020979,5,1.0,1,0.05,0.1,517,226.0,0.437137330754352,0.562862669245648
9,pilot,14000,0.0979020979020979,5,1.0,2,0.1,0.2,1059,604.0,0.5703493862134089,0.4296506137865911
9,pilot,14000,0.0979020979020979,5,1.0,3,0.2,0.4,1340,961.0,0.7171641791044776,0.2828358208955224
9,pilot,14000,0.0979020979020979,5,1.0,4,0.4,1.01,1463,1299.0,0.8879015721120984,0.11209842788790159
9,pilot,14000,0.0979020979020979,6,0.25,0,0.0,0.05,229,173.0,0.7554585152838428,0.24454148471615722
9,pilot,14000,0.0979020979020979,6,0.25,1,0.05,0.1,517,423.0,0.8181818181818182,0.18181818181818177
9,pilot,14000,0.0979020979020979,6,0.25,2,0.1,0.2,1059,951.0,0.8980169971671388,0.10198300283286121
9,pilot,14000,0.0979020979020979,6,0.25,3,0.2,0.4,1340,1274.0,0.9507462686567164,0.04925373134328359
9,pilot,14000,0.0979020979020979,6,0.25,4,0.4,1.01,1463,1457.0,0.9958988380041012,0.004101161995898828
9,pilot,14000,0.0979020979020979,6,0.5,0,0.0,0.05,229,130.0,0.5676855895196506,0.43231441048034935
9,pilot,14000,0.0979020979020979,6,0.5,1,0.05,0.1,517,350.0,0.6769825918762089,0.3230174081237911
9,pilot,14000,0.0979020979020979,6,0.5,2,0.1,0.2,1059,837.0,0.7903682719546742,0.20963172804532582
9,pilot,14000,0.0979020979020979,6,0.5,3,0.2,0.4,1340,1183.0,0.8828358208955224,0.11716417910447763
9,pilot,14000,0.0979020979020979,6,0.5,4,0.4,1.01,1463,1443.0,0.9863294600136705,0.0136705399863295
9,pilot,14000,0.0979020979020979,6,0.75,0,0.0,0.05,229,105.0,0.4585152838427948,0.5414847161572052
9,pilot,14000,0.0979020979020979,6,0.75,1,0.05,0.1,517,283.0,0.5473887814313346,0.4526112185686654
9,pilot,14000,0.0979020979020979,6,0.75,2,0.1,0.2,1059,710.0,0.6704438149197356,0.3295561850802644
9,pilot,14000,0.0979020979020979,6,0.75,3,0.2,0.4,1340,1086.0,0.8104477611940298,0.18955223880597016
9,pilot,14000,0.0979020979020979,6,0.75,4,0.4,1.01,1463,1404.0,0.9596719070403281,0.04032809295967188
9,pilot,14000,0.0979020979020979,6,1.0,0,0.0,0.05,229,77.0,0.33624454148471616,0.6637554585152838
9,pilot,14000,0.0979020979020979,6,1.0,1,0.05,0.1,517,243.0,0.4700193423597679,0.5299806576402322
9,pilot,14000,0.0979020979020979,6,1.0,2,0.1,0.2,1059,609.0,0.5750708215297451,0.4249291784702549
9,pilot,14000,0.0979020979020979,6,1.0,3,0.2,0.4,1340,966.0,0.7208955223880597,0.27910447761194035
9,pilot,14000,0.0979020979020979,6,1.0,4,0.4,1.01,1463,1347.0,0.9207108680792891,0.07928913192071085
9,pilot,14000,0.0979020979020979,7,0.25,0,0.0,0.05,229,172.0,0.7510917030567685,0.24890829694323147
9,pilot,14000,0.0979020979020979,7,0.25,1,0.05,0.1,517,432.0,0.8355899419729207,0.1644100580270793
9,pilot,14000,0.0979020979020979,7,0.25,2,0.1,0.2,1059,928.0,0.8762983947119924,0.12370160528800755
9,pilot,14000,0.0979020979020979,7,0.25,3,0.2,0.4,1340,1287.0,0.9604477611940299,0.03955223880597014
9,pilot,14000,0.0979020979020979,7,0.25,4,0.4,1.01,1463,1458.0,0.9965823650034177,0.0034176349965823194
9,pilot,14000,0.0979020979020979,7,0.5,0,0.0,0.05,229,133.0,0.5807860262008734,0.4192139737991266
9,pilot,14000,0.0979020979020979,7,0.5,1,0.05,0.1,517,357.0,0.690522243713733,0.30947775628626695
9,pilot,14000,0.0979020979020979,7,0.5,2,0.1,0.2,1059,810.0,0.7648725212464589,0.23512747875354112
9,pilot,14000,0.0979020979020979,7,0.5,3,0.2,0.4,1340,1197.0,0.8932835820895523,0.10671641791044773
9,pilot,14000,0.0979020979020979,7,0.5,4,0.4,1.01,1463,1440.0,0.9842788790157211,0.015721120984278913
9,pilot,14000,0.0979020979020979,7,0.75,0,0.0,0.05,229,103.0,0.4497816593886463,0.5502183406113537
9,pilot,14000,0.0979020979020979,7,0.75,1,0.05,0.1,517,302.0,0.5841392649903289,0.41586073500967113
9,pilot,14000,0.0979020979020979,7,0.75,2,0.1,0.2,1059,703.0,0.663833805476865,0.336166194523135
9,pilot,14000,0.0979020979020979,7,0.75,3,0.2,0.4,1340,1099.0,0.8201492537313433,0.1798507462686567
9,pilot,14000,0.0979020979020979,7,0.75,4,0.4,1.01,1463,1395.0,0.9535201640464799,0.04647983595352012
9,pilot,14000,0.0979020979020979,7,1.0,0,0.0,0.05,229,79.0,0.34497816593886466,0.6550218340611353
9,pilot,14000,0.0979020979020979,7,1.0,1,0.05,0.1,517,235.0,0.45454545454545453,0.5454545454545454
9,pilot,14000,0.0979020979020979,7,1.0,2,0.1,0.2,1059,597.0,0.5637393767705382,0.4362606232294618
9,pilot,14000,0.0979020979020979,7,1.0,3,0.2,0.4,1340,984.0,0.7343283582089553,0.26567164179104474
9,pilot,14000,0.0979020979020979,7,1.0,4,0.4,1.01,1463,1328.0,0.9077238550922762,0.09227614490772384
9,pilot,14000,0.0979020979020979,8,0.25,0,0.0,0.05,229,172.0,0.7510917030567685,0.24890829694323147
9,pilot,14000,0.0979020979020979,8,0.25,1,0.05,0.1,517,437.0,0.8452611218568665,0.15473887814313347
9,pilot,14000,0.0979020979020979,8,0.25,2,0.1,0.2,1059,965.0,0.9112370160528801,0.0887629839471199
9,pilot,14000,0.0979020979020979,8,0.25,3,0.2,0.4,1340,1272.0,0.9492537313432836,0.05074626865671639
9,pilot,14000,0.0979020979020979,8,0.25,4,0.4,1.01,1463,1457.0,0.9958988380041012,0.004101161995898828
9,pilot,14000,0.0979020979020979,8,0.5,0,0.0,0.05,229,136.0,0.5938864628820961,0.4061135371179039
9,pilot,14000,0.0979020979020979,8,0.5,1,0.05,0.1,517,343.0,0.6634429400386848,0.33655705996131524
9,pilot,14000,0.0979020979020979,8,0.5,2,0.1,0.2,1059,865.0,0.8168083097261567,0.1831916902738433
9,pilot,14000,0.0979020979020979,8,0.5,3,0.2,0.4,1340,1207.0,0.9007462686567164,0.09925373134328364
9,pilot,14000,0.0979020979020979,8,0.5,4,0.4,1.01,1463,1445.0,0.9876965140123035,0.012303485987696483
9,pilot,14000,0.0979020979020979,8,0.75,0,0.0,0.05,229,101.0,0.4410480349344978,0.5589519650655022
9,pilot,14000,0.0979020979020979,8,0.75,1,0.05,0.1,517,298.0,0.5764023210831721,0.42359767891682787
9,pilot,14000,0.0979020979020979,8,0.75,2,0.1,0.2,1059,761.0,0.7186024551463644,0.28139754485363555
9,pilot,14000,0.0979020979020979,8,0.75,3,0.2,0.4,1340,1116.0,0.8328358208955224,0.16716417910447756
9,pilot,14000,0.0979020979020979,8,0.75,4,0.4,1.01,1463,1418.0,0.9692412850307587,0.03075871496924132
9,pilot,14000,0.0979020979020979,8,1.0,0,0.0,0.05,229,78.0,0.3406113537117904,0.6593886462882096
9,pilot,14000,0.0979020979020979,8,1.0,1,0.05,0.1,517,254.0,0.4912959381044487,0.5087040618955513
9,pilot,14000,0.0979020979020979,8,1.0,2,0.1,0.2,1059,675.0,0.6373937677053825,0.3626062322946175
9,pilot,14000,0.0979020979020979,8,1.0,3,0.2,0.4,1340,1026.0,0.7656716417910447,0.23432835820895526
9,pilot,14000,0.0979020979020979,8,1.0,4,0.4,1.01,1463,1373.0,0.9384825700615175,0.061517429938482526
9,pilot,14000,0.0979020979020979,9,0.25,0,0.0,0.05,229,168.0,0.7336244541484717,0.26637554585152834
9,pilot,14000,0.0979020979020979,9,0.25,1,0.05,0.1,517,430.0,0.8317214700193424,0.16827852998065762
9,pilot,14000,0.0979020979020979,9,0.25,2,0.1,0.2,1059,922.0,0.8706326723323891,0.12936732766761094
9,pilot,14000,0.0979020979020979,9,0.25,3,0.2,0.4,1340,1262.0,0.9417910447761194,0.05820895522388059
9,pilot,14000,0.0979020979020979,9,0.25,4,0.4,1.01,1463,1451.0,0.9917976760082023,0.008202323991797655
9,pilot,14000,0.0979020979020979,9,0.5,0,0.0,0.05,229,130.0,0.5676855895196506,0.43231441048034935
9,pilot,14000,0.0979020979020979,9,0.5,1,0.05,0.1,517,351.0,0.6789168278529981,0.3210831721470019
9,pilot,14000,0.0979020979020979,9,0.5,2,0.1,0.2,1059,792.0,0.7478753541076487,0.2521246458923513
9,pilot,14000,0.0979020979020979,9,0.5,3,0.2,0.4,1340,1163.0,0.8679104477611941,0.13208955223880592
9,pilot,14000,0.0979020979020979,9,0.5,4,0.4,1.01,1463,1432.0,0.9788106630211894,0.021189336978810647
9,pilot,14000,0.0979020979020979,9,0.75,0,0.0,0.05,229,96.0,0.4192139737991266,0.5807860262008734
9,pilot,14000,0.0979020979020979,9,0.75,1,0.05,0.1,517,269.0,0.5203094777562862,0.4796905222437138
9,pilot,14000,0.0979020979020979,9,0.75,2,0.1,0.2,1059,684.0,0.6458923512747875,0.3541076487252125
9,pilot,14000,0.0979020979020979,9,0.75,3,0.2,0.4,1340,1056.0,0.7880597014925373,0.21194029850746265
9,pilot,14000,0.0979020979020979,9,0.75,4,0.4,1.01,1463,1389.0,0.949419002050581,0.05058099794941895
9,pilot,14000,0.0979020979020979,9,1.0,0,0.0,0.05,229,73.0,0.31877729257641924,0.6812227074235808
9,pilot,14000,0.0979020979020979,9,1.0,1,0.05,0.1,517,231.0,0.44680851063829785,0.5531914893617021
9,pilot,14000,0.0979020979020979,9,1.0,2,0.1,0.2,1059,607.0,0.5731822474032106,0.42681775259678945
9,pilot,14000,0.0979020979020979,9,1.0,3,0.2,0.4,1340,964.0,0.7194029850746269,0.28059701492537314
9,pilot,14000,0.0979020979020979,9,1.0,4,0.4,1.01,1463,1348.0,0.9213943950786057,0.07860560492139435
9,pilot,14000,0.0979020979020979,10,0.25,0,0.0,0.05,229,172.0,0.7510917030567685,0.24890829694323147
9,pilot,14000,0.0979020979020979,10,0.25,1,0.05,0.1,517,427.0,0.8259187620889749,0.17408123791102514
9,pilot,14000,0.0979020979020979,10,0.25,2,0.1,0.2,1059,929.0,0.8772426817752597,0.12275731822474034
9,pilot,14000,0.0979020979020979,10,0.25,3,0.2,0.4,1340,1234.0,0.9208955223880597,0.07910447761194028
9,pilot,14000,0.0979020979020979,10,0.25,4,0.4,1.01,1463,1456.0,0.9952153110047847,0.004784688995215336
9,pilot,14000,0.0979020979020979,10,0.5,0,0.0,0.05,229,140.0,0.611353711790393,0.388646288209607
9,pilot,14000,0.0979020979020979,10,0.5,1,0.05,0.1,517,341.0,0.6595744680851063,0.34042553191489366
9,pilot,14000,0.0979020979020979,10,0.5,2,0.1,0.2,1059,806.0,0.76109537299339,0.23890462700660997
9,pilot,14000,0.0979020979020979,10,0.5,3,0.2,0.4,1340,1117.0,0.8335820895522388,0.16641791044776122
9,pilot,14000,0.0979020979020979,10,0.5,4,0.4,1.01,1463,1429.0,0.9767600820232399,0.02323991797676006
9,pilot,14000,0.0979020979020979,10,0.75,0,0.0,0.05,229,113.0,0.49344978165938863,0.5065502183406114
9,pilot,14000,0.0979020979020979,10,0.75,1,0.05,0.1,517,280.0,0.5415860735009671,0.4584139264990329
9,pilot,14000,0.0979020979020979,10,0.75,2,0.1,0.2,1059,700.0,0.6610009442870632,0.33899905571293676
9,pilot,14000,0.0979020979020979,10,0.75,3,0.2,0.4,1340,1030.0,0.7686567164179104,0.23134328358208955
9,pilot,14000,0.0979020979020979,10,0.75,4,0.4,1.01,1463,1371.0,0.9371155160628845,0.06288448393711554
9,pilot,14000,0.0979020979020979,10,1.0,0,0.0,0.05,229,97.0,0.42358078602620086,0.5764192139737991
9,pilot,14000,0.0979020979020979,10,1.0,1,0.05,0.1,517,230.0,0.4448742746615087,0.5551257253384914
9,pilot,14000,0.0979020979020979,10,1.0,2,0.1,0.2,1059,600.0,0.56657223796034,0.43342776203966005
9,pilot,14000,0.0979020979020979,10,1.0,3,0.2,0.4,1340,920.0,0.6865671641791045,0.31343283582089554
9,pilot,14000,0.0979020979020979,10,1.0,4,0.4,1.01,1463,1308.0,0.8940533151059467,0.10594668489405334
9,pilot,72000,0.5034965034965035,1,0.25,0,0.0,0.05,235,173.0,0.7361702127659574,0.2638297872340426
9,pilot,72000,0.5034965034965035,1,0.25,1,0.05,0.1,523,431.0,0.8240917782026769,0.17590822179732313
9,pilot,72000,0.5034965034965035,1,0.25,2,0.1,0.2,1089,952.0,0.8741965105601469,0.1258034894398531
9,pilot,72000,0.5034965034965035,1,0.25,3,0.2,0.4,1271,1201.0,0.94492525570417,0.055074744295830036
9,pilot,72000,0.5034965034965035,1,0.25,4,0.4,1.01,1490,1483.0,0.9953020134228188,0.004697986577181235
9,pilot,72000,0.5034965034965035,1,0.5,0,0.0,0.05,235,125.0,0.5319148936170213,0.46808510638297873
9,pilot,72000,0.5034965034965035,1,0.5,1,0.05,0.1,523,313.0,0.5984703632887189,0.40152963671128106
9,pilot,72000,0.5034965034965035,1,0.5,2,0.1,0.2,1089,793.0,0.7281910009182736,0.2718089990817264
9,pilot,72000,0.5034965034965035,1,0.5,3,0.2,0.4,1271,1065.0,0.8379228953579858,0.1620771046420142
9,pilot,72000,0.5034965034965035,1,0.5,4,0.4,1.01,1490,1425.0,0.9563758389261745,0.043624161073825496
9,pilot,72000,0.5034965034965035,1,0.75,0,0.0,0.05,235,87.0,0.3702127659574468,0.6297872340425532
9,pilot,72000,0.5034965034965035,1,0.75,1,0.05,0.1,523,204.0,0.390057361376673,0.609942638623327
9,pilot,72000,0.5034965034965035,1,0.75,2,0.1,0.2,1089,594.0,0.5454545454545454,0.4545454545454546
9,pilot,72000,0.5034965034965035,1,0.75,3,0.2,0.4,1271,890.0,0.7002360346184107,0.29976396538158934
9,pilot,72000,0.5034965034965035,1,0.75,4,0.4,1.01,1490,1315.0,0.8825503355704698,0.1174496644295302
9,pilot,72000,0.5034965034965035,1,1.0,0,0.0,0.05,235,42.0,0.17872340425531916,0.8212765957446808
9,pilot,72000,0.5034965034965035,1,1.0,1,0.05,0.1,523,135.0,0.25812619502868067,0.7418738049713194
9,pilot,72000,0.5034965034965035,1,1.0,2,0.1,0.2,1089,399.0,0.36639118457300274,0.6336088154269972
9,pilot,72000,0.5034965034965035,1,1.0,3,0.2,0.4,1271,639.0,0.5027537372147916,0.49724626278520845
9,pilot,72000,0.5034965034965035,1,1.0,4,0.4,1.01,1490,1100.0,0.738255033557047,0.261744966442953
9,pilot,72000,0.5034965034965035,2,0.25,0,0.0,0.05,235,181.0,0.7702127659574468,0.2297872340425532
9,pilot,72000,0.5034965034965035,2,0.25,1,0.05,0.1,523,426.0,0.8145315487571702,0.18546845124282985
9,pilot,72000,0.5034965034965035,2,0.25,2,0.1,0.2,1089,953.0,0.8751147842056933,0.12488521579430667
9,pilot,72000,0.5034965034965035,2,0.25,3,0.2,0.4,1271,1193.0,0.9386309992132179,0.06136900078678209
9,pilot,72000,0.5034965034965035,2,0.25,4,0.4,1.01,1490,1479.0,0.9926174496644296,0.007382550335570448
9,pilot,72000,0.5034965034965035,2,0.5,0,0.0,0.05,235,134.0,0.5702127659574469,0.42978723404255315
9,pilot,72000,0.5034965034965035,2,0.5,1,0.05,0.1,523,332.0,0.6347992351816444,0.3652007648183556
9,pilot,72000,0.5034965034965035,2,0.5,2,0.1,0.2,1089,797.0,0.7318640955004592,0.26813590449954083
9,pilot,72000,0.5034965034965035,2,0.5,3,0.2,0.4,1271,1076.0,0.8465774980330448,0.15342250196695517
9,pilot,72000,0.5034965034965035,2,0.5,4,0.4,1.01,1490,1450.0,0.9731543624161074,0.02684563758389258
9,pilot,72000,0.5034965034965035,2,0.75,0,0.0,0.05,235,79.0,0.33617021276595743,0.6638297872340426
9,pilot,72000,0.5034965034965035,2,0.75,1,0.05,0.1,523,234.0,0.4474187380497132,0.5525812619502868
9,pilot,72000,0.5034965034965035,2,0.75,2,0.1,0.2,1089,645.0,0.5922865013774105,0.40771349862258954
9,pilot,72000,0.5034965034965035,2,0.75,3,0.2,0.4,1271,921.0,0.7246262785208497,0.2753737214791503
9,pilot,72000,0.5034965034965035,2,0.75,4,0.4,1.01,1490,1363.0,0.9147651006711409,0.08523489932885908
9,pilot,72000,0.5034965034965035,2,1.0,0,0.0,0.05,235,51.0,0.2170212765957447,0.7829787234042553
9,pilot,72000,0.5034965034965035,2,1.0,1,0.05,0.1,523,144.0,0.27533460803059273,0.7246653919694073
9,pilot,72000,0.5034965034965035,2,1.0,2,0.1,0.2,1089,455.0,0.41781450872359965,0.5821854912764004
9,pilot,72000,0.5034965034965035,2,1.0,3,0.2,0.4,1271,718.0,0.5649095200629426,0.4350904799370574
9,pilot,72000,0.5034965034965035,2,1.0,4,0.4,1.01,1490,1169.0,0.7845637583892617,0.21543624161073827
9,pilot,72000,0.5034965034965035,3,0.25,0,0.0,0.05,235,156.0,0.6638297872340425,0.3361702127659575
9,pilot,72000,0.5034965034965035,3,0.25,1,0.05,0.1,523,397.0,0.7590822179732314,0.2409177820267686
9,pilot,72000,0.5034965034965035,3,0.25,2,0.1,0.2,1089,933.0,0.8567493112947658,0.14325068870523416
9,pilot,72000,0.5034965034965035,3,0.25,3,0.2,0.4,1271,1178.0,0.926829268292683,0.07317073170731703
9,pilot,72000,0.5034965034965035,3,0.25,4,0.4,1.01,1490,1476.0,0.9906040268456375,0.00939597315436247
9,pilot,72000,0.5034965034965035,3,0.5,0,0.0,0.05,235,104.0,0.4425531914893617,0.5574468085106383
9,pilot,72000,0.5034965034965035,3,0.5,1,0.05,0.1,523,287.0,0.5487571701720841,0.45124282982791586
9,pilot,72000,0.5034965034965035,3,0.5,2,0.1,0.2,1089,739.0,0.6786042240587695,0.3213957759412305
9,pilot,72000,0.5034965034965035,3,0.5,3,0.2,0.4,1271,1029.0,0.8095987411487018,0.19040125885129822
9,pilot,72000,0.5034965034965035,3,0.5,4,0.4,1.01,1490,1428.0,0.9583892617449664,0.041610738255033586
9,pilot,72000,0.5034965034965035,3,0.75,0,0.0,0.05,235,62.0,0.26382978723404255,0.7361702127659575
9,pilot,72000,0.5034965034965035,3,0.75,1,0.05,0.1,523,180.0,0.3441682600382409,0.655831739961759
9,pilot,72000,0.5034965034965035,3,0.75,2,0.1,0.2,1089,510.0,0.46831955922865015,0.5316804407713498
9,pilot,72000,0.5034965034965035,3,0.75,3,0.2,0.4,1271,820.0,0.6451612903225806,0.3548387096774194
9,pilot,72000,0.5034965034965035,3,0.75,4,0.4,1.01,1490,1288.0,0.8644295302013423,0.13557046979865772
9,pilot,72000,0.5034965034965035,3,1.0,0,0.0,0.05,235,25.0,0.10638297872340426,0.8936170212765957
9,pilot,72000,0.5034965034965035,3,1.0,1,0.05,0.1,523,92.0,0.17590822179732313,0.8240917782026769
9,pilot,72000,0.5034965034965035,3,1.0,2,0.1,0.2,1089,284.0,0.26078971533516987,0.7392102846648301
9,pilot,72000,0.5034965034965035,3,1.0,3,0.2,0.4,1271,453.0,0.35641227380015733,0.6435877261998426
9,pilot,72000,0.5034965034965035,3,1.0,4,0.4,1.01,1490,806.0,0.5409395973154363,0.4590604026845637
9,pilot,72000,0.5034965034965035,4,0.25,0,0.0,0.05,235,174.0,0.7404255319148936,0.2595744680851064
9,pilot,72000,0.5034965034965035,4,0.25,1,0.05,0.1,523,429.0,0.8202676864244742,0.17973231357552577
9,pilot,72000,0.5034965034965035,4,0.25,2,0.1,0.2,1089,954.0,0.8760330578512396,0.12396694214876036
9,pilot,72000,0.5034965034965035,4,0.25,3,0.2,0.4,1271,1194.0,0.939417781274587,0.06058221872541303
9,pilot,72000,0.5034965034965035,4,0.25,4,0.4,1.01,1490,1484.0,0.9959731543624161,0.004026845637583931
9,pilot,72000,0.5034965034965035,4,0.5,0,0.0,0.05,235,135.0,0.574468085106383,0.42553191489361697
9,pilot,72000,0.5034965034965035,4,0.5,1,0.05,0.1,523,341.0,0.6520076481835564,0.3479923518164436
9,pilot,72000,0.5034965034965035,4,0.5,2,0.1,0.2,1089,829.0,0.761248852157943,0.23875114784205698
9,pilot,72000,0.5034965034965035,4,0.5,3,0.2,0.4,1271,1104.0,0.8686073957513769,0.1313926042486231
9,pilot,72000,0.5034965034965035,4,0.5,4,0.4,1.01,1490,1461.0,0.9805369127516779,0.01946308724832213
9,pilot,72000,0.5034965034965035,4,0.75,0,0.0,0.05,235,97.0,0.4127659574468085,0.5872340425531914
9,pilot,72000,0.5034965034965035,4,0.75,1,0.05,0.1,523,259.0,0.49521988527724664,0.5047801147227533
9,pilot,72000,0.5034965034965035,4,0.75,2,0.1,0.2,1089,699.0,0.6418732782369146,0.35812672176308535
9,pilot,72000,0.5034965034965035,4,0.75,3,0.2,0.4,1271,989.0,0.7781274586939417,0.22187254130605827
9,pilot,72000,0.5034965034965035,4,0.75,4,0.4,1.01,1490,1422.0,0.9543624161073826,0.045637583892617406
9,pilot,72000,0.5034965034965035,4,1.0,0,0.0,0.05,235,73.0,0.31063829787234043,0.6893617021276596
9,pilot,72000,0.5034965034965035,4,1.0,1,0.05,0.1,523,219.0,0.4187380497131931,0.5812619502868068
9,pilot,72000,0.5034965034965035,4,1.0,2,0.1,0.2,1089,576.0,0.5289256198347108,0.47107438016528924
9,pilot,72000,0.5034965034965035,4,1.0,3,0.2,0.4,1271,868.0,0.6829268292682927,0.31707317073170727
9,pilot,72000,0.5034965034965035,4,1.0,4,0.4,1.01,1490,1348.0,0.9046979865771813,0.09530201342281874
9,pilot,72000,0.5034965034965035,5,0.25,0,0.0,0.05,235,170.0,0.723404255319149,0.276595744680851
9,pilot,72000,0.5034965034965035,5,0.25,1,0.05,0.1,523,424.0,0.8107074569789675,0.1892925430210325
9,pilot,72000,0.5034965034965035,5,0.25,2,0.1,0.2,1089,935.0,0.8585858585858586,0.14141414141414144
9,pilot,72000,0.5034965034965035,5,0.25,3,0.2,0.4,1271,1206.0,0.9488591660110149,0.05114083398898506
9,pilot,72000,0.5034965034965035,5,0.25,4,0.4,1.01,1490,1479.0,0.9926174496644296,0.007382550335570448
9,pilot,72000,0.5034965034965035,5,0.5,0,0.0,0.05,235,122.0,0.5191489361702127,0.48085106382978726
9,pilot,72000,0.5034965034965035,5,0.5,1,0.05,0.1,523,351.0,0.6711281070745698,0.3288718929254302
9,pilot,72000,0.5034965034965035,5,0.5,2,0.1,0.2,1089,780.0,0.7162534435261708,0.2837465564738292
9,pilot,72000,0.5034965034965035,5,0.5,3,0.2,0.4,1271,1088.0,0.8560188827694729,0.1439811172305271
9,pilot,72000,0.5034965034965035,5,0.5,4,0.4,1.01,1490,1444.0,0.9691275167785235,0.03087248322147651
9,pilot,72000,0.5034965034965035,5,0.75,0,0.0,0.05,235,83.0,0.35319148936170214,0.6468085106382979
9,pilot,72000,0.5034965034965035,5,0.75,1,0.05,0.1,523,285.0,0.5449330783938815,0.4550669216061185
9,pilot,72000,0.5034965034965035,5,0.75,2,0.1,0.2,1089,641.0,0.588613406795225,0.411386593204775
9,pilot,72000,0.5034965034965035,5,0.75,3,0.2,0.4,1271,960.0,0.7553107789142408,0.2446892210857592
9,pilot,72000,0.5034965034965035,5,0.75,4,0.4,1.01,1490,1399.0,0.9389261744966443,0.061073825503355716
9,pilot,72000,0.5034965034965035,5,1.0,0,0.0,0.05,235,63.0,0.2680851063829787,0.7319148936170212
9,pilot,72000,0.5034965034965035,5,1.0,1,0.05,0.1,523,219.0,0.4187380497131931,0.5812619502868068
9,pilot,72000,0.5034965034965035,5,1.0,2,0.1,0.2,1089,528.0,0.48484848484848486,0.5151515151515151
9,pilot,72000,0.5034965034965035,5,1.0,3,0.2,0.4,1271,830.0,0.6530291109362707,0.3469708890637293
9,pilot,72000,0.5034965034965035,5,1.0,4,0.4,1.01,1490,1273.0,0.8543624161073825,0.1456375838926175
9,pilot,72000,0.5034965034965035,6,0.25,0,0.0,0.05,235,175.0,0.7446808510638298,0.25531914893617025
9,pilot,72000,0.5034965034965035,6,0.25,1,0.05,0.1,523,415.0,0.7934990439770554,0.2065009560229446
9,pilot,72000,0.5034965034965035,6,0.25,2,0.1,0.2,1089,960.0,0.8815426997245179,0.11845730027548207
9,pilot,72000,0.5034965034965035,6,0.25,3,0.2,0.4,1271,1196.0,0.940991345397325,0.059008654602675015
9,pilot,72000,0.5034965034965035,6,0.25,4,0.4,1.01,1490,1483.0,0.9953020134228188,0.004697986577181235
9,pilot,72000,0.5034965034965035,6,0.5,0,0.0,0.05,235,134.0,0.5702127659574469,0.42978723404255315
9,pilot,72000,0.5034965034965035,6,0.5,1,0.05,0.1,523,336.0,0.6424474187380497,0.35755258126195033
9,pilot,72000,0.5034965034965035,6,0.5,2,0.1,0.2,1089,841.0,0.7722681359044995,0.2277318640955005
9,pilot,72000,0.5034965034965035,6,0.5,3,0.2,0.4,1271,1119.0,0.8804091266719118,0.11959087332808815
9,pilot,72000,0.5034965034965035,6,0.5,4,0.4,1.01,1490,1466.0,0.9838926174496644,0.016107382550335614
9,pilot,72000,0.5034965034965035,6,0.75,0,0.0,0.05,235,106.0,0.451063829787234,0.548936170212766
9,pilot,72000,0.5034965034965035,6,0.75,1,0.05,0.1,523,269.0,0.51434034416826,0.48565965583174
9,pilot,72000,0.5034965034965035,6,0.75,2,0.1,0.2,1089,717.0,0.6584022038567493,0.3415977961432507
9,pilot,72000,0.5034965034965035,6,0.75,3,0.2,0.4,1271,1009.0,0.7938630999213218,0.20613690007867824
9,pilot,72000,0.5034965034965035,6,0.75,4,0.4,1.01,1490,1421.0,0.9536912751677852,0.04630872483221482
9,pilot,72000,0.5034965034965035,6,1.0,0,0.0,0.05,235,84.0,0.3574468085106383,0.6425531914893616
9,pilot,72000,0.5034965034965035,6,1.0,1,0.05,0.1,523,209.0,0.39961759082217974,0.6003824091778203
9,pilot,72000,0.5034965034965035,6,1.0,2,0.1,0.2,1089,615.0,0.5647382920110193,0.4352617079889807
9,pilot,72000,0.5034965034965035,6,1.0,3,0.2,0.4,1271,898.0,0.7065302911093627,0.2934697088906373
9,pilot,72000,0.5034965034965035,6,1.0,4,0.4,1.01,1490,1347.0,0.9040268456375838,0.09597315436241616
9,pilot,72000,0.5034965034965035,7,0.25,0,0.0,0.05,235,184.0,0.7829787234042553,0.21702127659574466
9,pilot,72000,0.5034965034965035,7,0.25,1,0.05,0.1,523,399.0,0.762906309751434,0.23709369024856597
9,pilot,72000,0.5034965034965035,7,0.25,2,0.1,0.2,1089,940.0,0.8631772268135904,0.13682277318640956
9,pilot,72000,0.5034965034965035,7,0.25,3,0.2,0.4,1271,1194.0,0.939417781274587,0.06058221872541303
9,pilot,72000,0.5034965034965035,7,0.25,4,0.4,1.01,1490,1484.0,0.9959731543624161,0.004026845637583931
9,pilot,72000,0.5034965034965035,7,0.5,0,0.0,0.05,235,137.0,0.5829787234042553,0.4170212765957447
9,pilot,72000,0.5034965034965035,7,0.5,1,0.05,0.1,523,318.0,0.6080305927342257,0.39196940726577434
9,pilot,72000,0.5034965034965035,7,0.5,2,0.1,0.2,1089,783.0,0.71900826446281,0.28099173553719003
9,pilot,72000,0.5034965034965035,7,0.5,3,0.2,0.4,1271,1080.0,0.8497246262785209,0.15027537372147914
9,pilot,72000,0.5034965034965035,7,0.5,4,0.4,1.01,1490,1449.0,0.9724832214765101,0.027516778523489882
9,pilot,72000,0.5034965034965035,7,0.75,0,0.0,0.05,235,110.0,0.46808510638297873,0.5319148936170213
9,pilot,72000,0.5034965034965035,7,0.75,1,0.05,0.1,523,253.0,0.4837476099426386,0.5162523900573615
9,pilot,72000,0.5034965034965035,7,0.75,2,0.1,0.2,1089,649.0,0.5959595959595959,0.4040404040404041
9,pilot,72000,0.5034965034965035,7,0.75,3,0.2,0.4,1271,945.0,0.7435090479937058,0.25649095200629424
9,pilot,72000,0.5034965034965035,7,0.75,4,0.4,1.01,1490,1384.0,0.9288590604026845,0.07114093959731549
9,pilot,72000,0.5034965034965035,7,1.0,0,0.0,0.05,235,83.0,0.35319148936170214,0.6468085106382979
9,pilot,72000,0.5034965034965035,7,1.0,1,0.05,0.1,523,181.0,0.34608030592734224,0.6539196940726577
9,pilot,72000,0.5034965034965035,7,1.0,2,0.1,0.2,1089,534.0,0.4903581267217631,0.5096418732782368
9,pilot,72000,0.5034965034965035,7,1.0,3,0.2,0.4,1271,804.0,0.6325727773406766,0.36742722265932337
9,pilot,72000,0.5034965034965035,7,1.0,4,0.4,1.01,1490,1246.0,0.836241610738255,0.16375838926174502
9,pilot,72000,0.5034965034965035,8,0.25,0,0.0,0.05,235,164.0,0.6978723404255319,0.3021276595744681
9,pilot,72000,0.5034965034965035,8,0.25,1,0.05,0.1,523,424.0,0.8107074569789675,0.1892925430210325
9,pilot,72000,0.5034965034965035,8,0.25,2,0.1,0.2,1089,950.0,0.8723599632690542,0.12764003673094582
9,pilot,72000,0.5034965034965035,8,0.25,3,0.2,0.4,1271,1177.0,0.9260424862313139,0.07395751376868609
9,pilot,72000,0.5034965034965035,8,0.25,4,0.4,1.01,1490,1479.0,0.9926174496644296,0.007382550335570448
9,pilot,72000,0.5034965034965035,8,0.5,0,0.0,0.05,235,119.0,0.5063829787234042,0.4936170212765958
9,pilot,72000,0.5034965034965035,8,0.5,1,0.05,0.1,523,346.0,0.6615678776290631,0.3384321223709369
9,pilot,72000,0.5034965034965035,8,0.5,2,0.1,0.2,1089,819.0,0.7520661157024794,0.2479338842975206
9,pilot,72000,0.5034965034965035,8,0.5,3,0.2,0.4,1271,1066.0,0.8387096774193549,0.16129032258064513
9,pilot,72000,0.5034965034965035,8,0.5,4,0.4,1.01,1490,1461.0,0.9805369127516779,0.01946308724832213
9,pilot,72000,0.5034965034965035,8,0.75,0,0.0,0.05,235,89.0,0.37872340425531914,0.6212765957446809
9,pilot,72000,0.5034965034965035,8,0.75,1,0.05,0.1,523,284.0,0.5430210325047801,0.45697896749521993
9,pilot,72000,0.5034965034965035,8,0.75,2,0.1,0.2,1089,696.0,0.6391184573002755,0.3608815426997245
9,pilot,72000,0.5034965034965035,8,0.75,3,0.2,0.4,1271,948.0,0.7458693941778127,0.25413060582218727
9,pilot,72000,0.5034965034965035,8,0.75,4,0.4,1.01,1490,1416.0,0.9503355704697987,0.04966442953020134
9,pilot,72000,0.5034965034965035,8,1.0,0,0.0,0.05,235,64.0,0.2723404255319149,0.7276595744680852
9,pilot,72000,0.5034965034965035,8,1.0,1,0.05,0.1,523,233.0,0.44550669216061184,0.5544933078393881
9,pilot,72000,0.5034965034965035,8,1.0,2,0.1,0.2,1089,590.0,0.54178145087236,0.45821854912764004
9,pilot,72000,0.5034965034965035,8,1.0,3,0.2,0.4,1271,835.0,0.6569630212431157,0.3430369787568843
9,pilot,72000,0.5034965034965035,8,1.0,4,0.4,1.01,1490,1339.0,0.8986577181208054,0.10134228187919458
9,pilot,72000,0.5034965034965035,9,0.25,0,0.0,0.05,235,176.0,0.7489361702127659,0.25106382978723407
9,pilot,72000,0.5034965034965035,9,0.25,1,0.05,0.1,523,417.0,0.7973231357552581,0.20267686424474185
9,pilot,72000,0.5034965034965035,9,0.25,2,0.1,0.2,1089,958.0,0.8797061524334252,0.1202938475665748
9,pilot,72000,0.5034965034965035,9,0.25,3,0.2,0.4,1271,1204.0,0.9472856018882769,0.05271439811172307
9,pilot,72000,0.5034965034965035,9,0.25,4,0.4,1.01,1490,1473.0,0.9885906040268456,0.01140939597315438
9,pilot,72000,0.5034965034965035,9,0.5,0,0.0,0.05,235,140.0,0.5957446808510638,0.4042553191489362
9,pilot,72000,0.5034965034965035,9,0.5,1,0.05,0.1,523,344.0,0.6577437858508605,0.34225621414913954
9,pilot,72000,0.5034965034965035,9,0.5,2,0.1,0.2,1089,817.0,0.7502295684113865,0.24977043158861345
9,pilot,72000,0.5034965034965035,9,0.5,3,0.2,0.4,1271,1108.0,0.8717545239968528,0.12824547600314717
9,pilot,72000,0.5034965034965035,9,0.5,4,0.4,1.01,1490,1458.0,0.978523489932886,0.02147651006711404
9,pilot,72000,0.5034965034965035,9,0.75,0,0.0,0.05,235,104.0,0.4425531914893617,0.5574468085106383
9,pilot,72000,0.5034965034965035,9,0.75,1,0.05,0.1,523,281.0,0.5372848948374761,0.4627151051625239
9,pilot,72000,0.5034965034965035,9,0.75,2,0.1,0.2,1089,698.0,0.6409550045913682,0.3590449954086318
9,pilot,72000,0.5034965034965035,9,0.75,3,0.2,0.4,1271,994.0,0.7820613690007868,0.21793863099921318
9,pilot,72000,0.5034965034965035,9,0.75,4,0.4,1.01,1490,1418.0,0.9516778523489933,0.04832214765100673
9,pilot,72000,0.5034965034965035,9,1.0,0,0.0,0.05,235,76.0,0.32340425531914896,0.676595744680851
9,pilot,72000,0.5034965034965035,9,1.0,1,0.05,0.1,523,225.0,0.43021032504780116,0.5697896749521989
9,pilot,72000,0.5034965034965035,9,1.0,2,0.1,0.2,1089,582.0,0.5344352617079889,0.46556473829201106
9,pilot,72000,0.5034965034965035,9,1.0,3,0.2,0.4,1271,886.0,0.6970889063729347,0.30291109362706525
9,pilot,72000,0.5034965034965035,9,1.0,4,0.4,1.01,1490,1342.0,0.9006711409395973,0.09932885906040267
9,pilot,72000,0.5034965034965035,10,0.25,0,0.0,0.05,235,162.0,0.6893617021276596,0.31063829787234043
9,pilot,72000,0.5034965034965035,10,0.25,1,0.05,0.1,523,425.0,0.8126195028680688,0.18738049713193117
9,pilot,72000,0.5034965034965035,10,0.25,2,0.1,0.2,1089,956.0,0.8778696051423324,0.12213039485766763
9,pilot,72000,0.5034965034965035,10,0.25,3,0.2,0.4,1271,1184.0,0.9315499606608969,0.0684500393391031
9,pilot,72000,0.5034965034965035,10,0.25,4,0.4,1.01,1490,1482.0,0.9946308724832215,0.005369127516778538
9,pilot,72000,0.5034965034965035,10,0.5,0,0.0,0.05,235,121.0,0.5148936170212766,0.48510638297872344
9,pilot,72000,0.5034965034965035,10,0.5,1,0.05,0.1,523,343.0,0.655831739961759,0.34416826003824097
9,pilot,72000,0.5034965034965035,10,0.5,2,0.1,0.2,1089,822.0,0.7548209366391184,0.24517906336088158
9,pilot,72000,0.5034965034965035,10,0.5,3,0.2,0.4,1271,1077.0,0.8473642800944139,0.1526357199055861
9,pilot,72000,0.5034965034965035,10,0.5,4,0.4,1.01,1490,1464.0,0.9825503355704698,0.01744966442953022
9,pilot,72000,0.5034965034965035,10,0.75,0,0.0,0.05,235,86.0,0.3659574468085106,0.6340425531914894
9,pilot,72000,0.5034965034965035,10,0.75,1,0.05,0.1,523,273.0,0.5219885277246654,0.4780114722753346
9,pilot,72000,0.5034965034965035,10,0.75,2,0.1,0.2,1089,701.0,0.6437098255280074,0.3562901744719926
9,pilot,72000,0.5034965034965035,10,0.75,3,0.2,0.4,1271,981.0,0.7718332022029898,0.2281667977970102
9,pilot,72000,0.5034965034965035,10,0.75,4,0.4,1.01,1490,1401.0,0.9402684563758389,0.05973154362416111
9,pilot,72000,0.5034965034965035,10,1.0,0,0.0,0.05,235,67.0,0.2851063829787234,0.7148936170212765
9,pilot,72000,0.5034965034965035,10,1.0,1,0.05,0.1,523,221.0,0.4225621414913958,0.5774378585086042
9,pilot,72000,0.5034965034965035,10,1.0,2,0.1,0.2,1089,592.0,0.5436179981634527,0.4563820018365473
9,pilot,72000,0.5034965034965035,10,1.0,3,0.2,0.4,1271,878.0,0.6907946498819827,0.3092053501180173
9,pilot,72000,0.5034965034965035,10,1.0,4,0.4,1.01,1490,1309.0,0.8785234899328859,0.12147651006711413
9,pilot,143000,1.0,1,0.25,0,0.0,0.05,233,136.0,0.5836909871244635,0.41630901287553645
9,pilot,143000,1.0,1,0.25,1,0.05,0.1,488,342.0,0.7008196721311475,0.2991803278688525
9,pilot,143000,1.0,1,0.25,2,0.1,0.2,1074,837.0,0.7793296089385475,0.22067039106145248
9,pilot,143000,1.0,1,0.25,3,0.2,0.4,1291,1156.0,0.895429899302866,0.10457010069713402
9,pilot,143000,1.0,1,0.25,4,0.4,1.01,1522,1507.0,0.9901445466491459,0.009855453350854138
9,pilot,143000,1.0,1,0.5,0,0.0,0.05,233,94.0,0.4034334763948498,0.5965665236051503
9,pilot,143000,1.0,1,0.5,1,0.05,0.1,488,253.0,0.5184426229508197,0.48155737704918034
9,pilot,143000,1.0,1,0.5,2,0.1,0.2,1074,662.0,0.6163873370577281,0.3836126629422719
9,pilot,143000,1.0,1,0.5,3,0.2,0.4,1291,1024.0,0.7931835786212239,0.2068164213787761
9,pilot,143000,1.0,1,0.5,4,0.4,1.01,1522,1460.0,0.9592641261498029,0.04073587385019706
9,pilot,143000,1.0,1,0.75,0,0.0,0.05,233,56.0,0.24034334763948498,0.759656652360515
9,pilot,143000,1.0,1,0.75,1,0.05,0.1,488,167.0,0.3422131147540984,0.6577868852459017
9,pilot,143000,1.0,1,0.75,2,0.1,0.2,1074,498.0,0.46368715083798884,0.5363128491620112
9,pilot,143000,1.0,1,0.75,3,0.2,0.4,1291,830.0,0.6429124709527498,0.35708752904725016
9,pilot,143000,1.0,1,0.75,4,0.4,1.01,1522,1335.0,0.8771353482260184,0.12286465177398165
9,pilot,143000,1.0,1,1.0,0,0.0,0.05,233,35.0,0.15021459227467812,0.8497854077253219
9,pilot,143000,1.0,1,1.0,1,0.05,0.1,488,117.0,0.23975409836065573,0.7602459016393442
9,pilot,143000,1.0,1,1.0,2,0.1,0.2,1074,335.0,0.31191806331471134,0.6880819366852886
9,pilot,143000,1.0,1,1.0,3,0.2,0.4,1291,587.0,0.4546862896979086,0.5453137103020914
9,pilot,143000,1.0,1,1.0,4,0.4,1.01,1522,1103.0,0.7247043363994744,0.2752956636005256
9,pilot,143000,1.0,2,0.25,0,0.0,0.05,233,110.0,0.4721030042918455,0.5278969957081545
9,pilot,143000,1.0,2,0.25,1,0.05,0.1,488,334.0,0.6844262295081968,0.31557377049180324
9,pilot,143000,1.0,2,0.25,2,0.1,0.2,1074,835.0,0.7774674115456238,0.22253258845437618
9,pilot,143000,1.0,2,0.25,3,0.2,0.4,1291,1155.0,0.8946553059643687,0.10534469403563129
9,pilot,143000,1.0,2,0.25,4,0.4,1.01,1522,1510.0,0.9921156373193167,0.007884362680683266
9,pilot,143000,1.0,2,0.5,0,0.0,0.05,233,81.0,0.34763948497854075,0.6523605150214593
9,pilot,143000,1.0,2,0.5,1,0.05,0.1,488,278.0,0.569672131147541,0.430327868852459
9,pilot,143000,1.0,2,0.5,2,0.1,0.2,1074,684.0,0.6368715083798883,0.36312849162011174
9,pilot,143000,1.0,2,0.5,3,0.2,0.4,1291,1046.0,0.8102246320681642,0.1897753679318358
9,pilot,143000,1.0,2,0.5,4,0.4,1.01,1522,1466.0,0.9632063074901446,0.036793692509855425
9,pilot,143000,1.0,2,0.75,0,0.0,0.05,233,51.0,0.21888412017167383,0.7811158798283262
9,pilot,143000,1.0,2,0.75,1,0.05,0.1,488,187.0,0.3831967213114754,0.6168032786885246
9,pilot,143000,1.0,2,0.75,2,0.1,0.2,1074,538.0,0.5009310986964618,0.4990689013035382
9,pilot,143000,1.0,2,0.75,3,0.2,0.4,1291,879.0,0.6808675445391169,0.3191324554608831
9,pilot,143000,1.0,2,0.75,4,0.4,1.01,1522,1349.0,0.8863337713534822,0.11366622864651776
9,pilot,143000,1.0,2,1.0,0,0.0,0.05,233,34.0,0.1459227467811159,0.8540772532188841
9,pilot,143000,1.0,2,1.0,1,0.05,0.1,488,116.0,0.23770491803278687,0.7622950819672132
9,pilot,143000,1.0,2,1.0,2,0.1,0.2,1074,363.0,0.33798882681564246,0.6620111731843575
9,pilot,143000,1.0,2,1.0,3,0.2,0.4,1291,640.0,0.4957397366382649,0.504260263361735
9,pilot,143000,1.0,2,1.0,4,0.4,1.01,1522,1099.0,0.7220762155059133,0.2779237844940867
9,pilot,143000,1.0,3,0.25,0,0.0,0.05,233,109.0,0.4678111587982833,0.5321888412017167
9,pilot,143000,1.0,3,0.25,1,0.05,0.1,488,315.0,0.6454918032786885,0.3545081967213115
9,pilot,143000,1.0,3,0.25,2,0.1,0.2,1074,784.0,0.7299813780260708,0.27001862197392923
9,pilot,143000,1.0,3,0.25,3,0.2,0.4,1291,1122.0,0.8690937257939582,0.13090627420604184
9,pilot,143000,1.0,3,0.25,4,0.4,1.01,1522,1496.0,0.9829172141918529,0.01708278580814715
9,pilot,143000,1.0,3,0.5,0,0.0,0.05,233,72.0,0.3090128755364807,0.6909871244635193
9,pilot,143000,1.0,3,0.5,1,0.05,0.1,488,216.0,0.4426229508196721,0.5573770491803278
9,pilot,143000,1.0,3,0.5,2,0.1,0.2,1074,588.0,0.547486033519553,0.45251396648044695
9,pilot,143000,1.0,3,0.5,3,0.2,0.4,1291,955.0,0.7397366382649109,0.2602633617350891
9,pilot,143000,1.0,3,0.5,4,0.4,1.01,1522,1416.0,0.9303547963206308,0.06964520367936922
9,pilot,143000,1.0,3,0.75,0,0.0,0.05,233,46.0,0.19742489270386265,0.8025751072961373
9,pilot,143000,1.0,3,0.75,1,0.05,0.1,488,134.0,0.27459016393442626,0.7254098360655737
9,pilot,143000,1.0,3,0.75,2,0.1,0.2,1074,374.0,0.34823091247672255,0.6517690875232774
9,pilot,143000,1.0,3,0.75,3,0.2,0.4,1291,697.0,0.5398915569326104,0.4601084430673896
9,pilot,143000,1.0,3,0.75,4,0.4,1.01,1522,1202.0,0.7897503285151117,0.21024967148488827
9,pilot,143000,1.0,3,1.0,0,0.0,0.05,233,17.0,0.07296137339055794,0.927038626609442
9,pilot,143000,1.0,3,1.0,1,0.05,0.1,488,68.0,0.13934426229508196,0.860655737704918
9,pilot,143000,1.0,3,1.0,2,0.1,0.2,1074,196.0,0.1824953445065177,0.8175046554934823
9,pilot,143000,1.0,3,1.0,3,0.2,0.4,1291,408.0,0.3160340821068939,0.6839659178931061
9,pilot,143000,1.0,3,1.0,4,0.4,1.01,1522,712.0,0.46780551905387646,0.5321944809461235
9,pilot,143000,1.0,4,0.25,0,0.0,0.05,233,115.0,0.49356223175965663,0.5064377682403434
9,pilot,143000,1.0,4,0.25,1,0.05,0.1,488,348.0,0.7131147540983607,0.28688524590163933
9,pilot,143000,1.0,4,0.25,2,0.1,0.2,1074,844.0,0.7858472998137802,0.2141527001862198
9,pilot,143000,1.0,4,0.25,3,0.2,0.4,1291,1146.0,0.8876839659178931,0.11231603408210689
9,pilot,143000,1.0,4,0.25,4,0.4,1.01,1522,1504.0,0.988173455978975,0.01182654402102501
9,pilot,143000,1.0,4,0.5,0,0.0,0.05,233,84.0,0.3605150214592275,0.6394849785407726
9,pilot,143000,1.0,4,0.5,1,0.05,0.1,488,294.0,0.6024590163934426,0.39754098360655743
9,pilot,143000,1.0,4,0.5,2,0.1,0.2,1074,717.0,0.6675977653631285,0.33240223463687146
9,pilot,143000,1.0,4,0.5,3,0.2,0.4,1291,1054.0,0.8164213787761425,0.18357862122385749
9,pilot,143000,1.0,4,0.5,4,0.4,1.01,1522,1480.0,0.9724047306176085,0.02759526938239154
9,pilot,143000,1.0,4,0.75,0,0.0,0.05,233,56.0,0.24034334763948498,0.759656652360515
9,pilot,143000,1.0,4,0.75,1,0.05,0.1,488,224.0,0.45901639344262296,0.540983606557377
9,pilot,143000,1.0,4,0.75,2,0.1,0.2,1074,582.0,0.5418994413407822,0.45810055865921784
9,pilot,143000,1.0,4,0.75,3,0.2,0.4,1291,939.0,0.7273431448489543,0.27265685515104565
9,pilot,143000,1.0,4,0.75,4,0.4,1.01,1522,1416.0,0.9303547963206308,0.06964520367936922
9,pilot,143000,1.0,4,1.0,0,0.0,0.05,233,46.0,0.19742489270386265,0.8025751072961373
9,pilot,143000,1.0,4,1.0,1,0.05,0.1,488,171.0,0.35040983606557374,0.6495901639344263
9,pilot,143000,1.0,4,1.0,2,0.1,0.2,1074,474.0,0.441340782122905,0.558659217877095
9,pilot,143000,1.0,4,1.0,3,0.2,0.4,1291,806.0,0.6243222308288149,0.3756777691711851
9,pilot,143000,1.0,4,1.0,4,0.4,1.01,1522,1327.0,0.8718791064388962,0.1281208935611038
9,pilot,143000,1.0,5,0.25,0,0.0,0.05,233,121.0,0.51931330472103,0.48068669527897
9,pilot,143000,1.0,5,0.25,1,0.05,0.1,488,341.0,0.6987704918032787,0.30122950819672134
9,pilot,143000,1.0,5,0.25,2,0.1,0.2,1074,781.0,0.7271880819366853,0.27281191806331473
9,pilot,143000,1.0,5,0.25,3,0.2,0.4,1291,1084.0,0.8396591789310612,0.16034082106893877
9,pilot,143000,1.0,5,0.25,4,0.4,1.01,1522,1501.0,0.9862023653088042,0.01379763469119577
9,pilot,143000,1.0,5,0.5,0,0.0,0.05,233,87.0,0.37339055793991416,0.6266094420600858
9,pilot,143000,1.0,5,0.5,1,0.05,0.1,488,253.0,0.5184426229508197,0.48155737704918034
9,pilot,143000,1.0,5,0.5,2,0.1,0.2,1074,646.0,0.6014897579143389,0.3985102420856611
9,pilot,143000,1.0,5,0.5,3,0.2,0.4,1291,941.0,0.7288923315259489,0.2711076684740511
9,pilot,143000,1.0,5,0.5,4,0.4,1.01,1522,1449.0,0.9520367936925098,0.04796320630749018
9,pilot,143000,1.0,5,0.75,0,0.0,0.05,233,58.0,0.24892703862660945,0.7510729613733905
9,pilot,143000,1.0,5,0.75,1,0.05,0.1,488,203.0,0.41598360655737704,0.584016393442623
9,pilot,143000,1.0,5,0.75,2,0.1,0.2,1074,504.0,0.4692737430167598,0.5307262569832403
9,pilot,143000,1.0,5,0.75,3,0.2,0.4,1291,809.0,0.6266460108443067,0.3733539891556933
9,pilot,143000,1.0,5,0.75,4,0.4,1.01,1522,1342.0,0.8817345597897503,0.11826544021024965
9,pilot,143000,1.0,5,1.0,0,0.0,0.05,233,39.0,0.16738197424892703,0.8326180257510729
9,pilot,143000,1.0,5,1.0,1,0.05,0.1,488,150.0,0.3073770491803279,0.6926229508196722
9,pilot,143000,1.0,5,1.0,2,0.1,0.2,1074,418.0,0.3891992551210428,0.6108007448789572
9,pilot,143000,1.0,5,1.0,3,0.2,0.4,1291,667.0,0.5166537567776918,0.48334624322230824
9,pilot,143000,1.0,5,1.0,4,0.4,1.01,1522,1203.0,0.790407358738502,0.20959264126149801
9,pilot,143000,1.0,6,0.25,0,0.0,0.05,233,119.0,0.5107296137339056,0.4892703862660944
9,pilot,143000,1.0,6,0.25,1,0.05,0.1,488,344.0,0.7049180327868853,0.29508196721311475
9,pilot,143000,1.0,6,0.25,2,0.1,0.2,1074,838.0,0.7802607076350093,0.21973929236499068
9,pilot,143000,1.0,6,0.25,3,0.2,0.4,1291,1163.0,0.900852052672347,0.09914794732765297
9,pilot,143000,1.0,6,0.25,4,0.4,1.01,1522,1510.0,0.9921156373193167,0.007884362680683266
9,pilot,143000,1.0,6,0.5,0,0.0,0.05,233,80.0,0.34334763948497854,0.6566523605150214
9,pilot,143000,1.0,6,0.5,1,0.05,0.1,488,273.0,0.5594262295081968,0.44057377049180324
9,pilot,143000,1.0,6,0.5,2,0.1,0.2,1074,742.0,0.6908752327746741,0.3091247672253259
9,pilot,143000,1.0,6,0.5,3,0.2,0.4,1291,1081.0,0.8373353989155693,0.1626646010844307
9,pilot,143000,1.0,6,0.5,4,0.4,1.01,1522,1481.0,0.9730617608409987,0.026938239159001287
9,pilot,143000,1.0,6,0.75,0,0.0,0.05,233,59.0,0.2532188841201717,0.7467811158798283
9,pilot,143000,1.0,6,0.75,1,0.05,0.1,488,217.0,0.444672131147541,0.555327868852459
9,pilot,143000,1.0,6,0.75,2,0.1,0.2,1074,608.0,0.5661080074487895,0.43389199255121047
9,pilot,143000,1.0,6,0.75,3,0.2,0.4,1291,934.0,0.7234701781564679,0.27652982184353214
9,pilot,143000,1.0,6,0.75,4,0.4,1.01,1522,1433.0,0.9415243101182654,0.05847568988173457
9,pilot,143000,1.0,6,1.0,0,0.0,0.05,233,44.0,0.1888412017167382,0.8111587982832618
9,pilot,143000,1.0,6,1.0,1,0.05,0.1,488,168.0,0.3442622950819672,0.6557377049180328
9,pilot,143000,1.0,6,1.0,2,0.1,0.2,1074,505.0,0.4702048417132216,0.5297951582867784
9,pilot,143000,1.0,6,1.0,3,0.2,0.4,1291,800.0,0.6196746707978311,0.3803253292021689
9,pilot,143000,1.0,6,1.0,4,0.4,1.01,1522,1318.0,0.8659658344283837,0.1340341655716163
9,pilot,143000,1.0,7,0.25,0,0.0,0.05,233,133.0,0.5708154506437768,0.4291845493562232
9,pilot,143000,1.0,7,0.25,1,0.05,0.1,488,326.0,0.6680327868852459,0.3319672131147541
9,pilot,143000,1.0,7,0.25,2,0.1,0.2,1074,794.0,0.7392923649906891,0.26070763500931093
9,pilot,143000,1.0,7,0.25,3,0.2,0.4,1291,1122.0,0.8690937257939582,0.13090627420604184
9,pilot,143000,1.0,7,0.25,4,0.4,1.01,1522,1512.0,0.9934296977660972,0.006570302233902758
9,pilot,143000,1.0,7,0.5,0,0.0,0.05,233,104.0,0.44635193133047213,0.5536480686695279
9,pilot,143000,1.0,7,0.5,1,0.05,0.1,488,264.0,0.5409836065573771,0.4590163934426229
9,pilot,143000,1.0,7,0.5,2,0.1,0.2,1074,667.0,0.6210428305400373,0.3789571694599627
9,pilot,143000,1.0,7,0.5,3,0.2,0.4,1291,988.0,0.7652982184353214,0.23470178156467858
9,pilot,143000,1.0,7,0.5,4,0.4,1.01,1522,1475.0,0.9691195795006571,0.03088042049934292
9,pilot,143000,1.0,7,0.75,0,0.0,0.05,233,73.0,0.3133047210300429,0.6866952789699571
9,pilot,143000,1.0,7,0.75,1,0.05,0.1,488,199.0,0.4077868852459016,0.5922131147540983
9,pilot,143000,1.0,7,0.75,2,0.1,0.2,1074,547.0,0.5093109869646183,0.4906890130353817
9,pilot,143000,1.0,7,0.75,3,0.2,0.4,1291,840.0,0.6506584043377227,0.3493415956622773
9,pilot,143000,1.0,7,0.75,4,0.4,1.01,1522,1388.0,0.911957950065703,0.08804204993429698
9,pilot,143000,1.0,7,1.0,0,0.0,0.05,233,46.0,0.19742489270386265,0.8025751072961373
9,pilot,143000,1.0,7,1.0,1,0.05,0.1,488,144.0,0.29508196721311475,0.7049180327868853
9,pilot,143000,1.0,7,1.0,2,0.1,0.2,1074,422.0,0.3929236499068901,0.6070763500931099
9,pilot,143000,1.0,7,1.0,3,0.2,0.4,1291,708.0,0.5484120836560805,0.4515879163439195
9,pilot,143000,1.0,7,1.0,4,0.4,1.01,1522,1212.0,0.7963206307490145,0.2036793692509855
9,pilot,143000,1.0,8,0.25,0,0.0,0.05,233,128.0,0.5493562231759657,0.45064377682403434
9,pilot,143000,1.0,8,0.25,1,0.05,0.1,488,340.0,0.6967213114754098,0.30327868852459017
9,pilot,143000,1.0,8,0.25,2,0.1,0.2,1074,839.0,0.7811918063314711,0.21880819366852888
9,pilot,143000,1.0,8,0.25,3,0.2,0.4,1291,1146.0,0.8876839659178931,0.11231603408210689
9,pilot,143000,1.0,8,0.25,4,0.4,1.01,1522,1508.0,0.9908015768725361,0.009198423127463884
9,pilot,143000,1.0,8,0.5,0,0.0,0.05,233,102.0,0.43776824034334766,0.5622317596566524
9,pilot,143000,1.0,8,0.5,1,0.05,0.1,488,294.0,0.6024590163934426,0.39754098360655743
9,pilot,143000,1.0,8,0.5,2,0.1,0.2,1074,721.0,0.6713221601489758,0.32867783985102417
9,pilot,143000,1.0,8,0.5,3,0.2,0.4,1291,1070.0,0.8288148721920992,0.17118512780790085
9,pilot,143000,1.0,8,0.5,4,0.4,1.01,1522,1488.0,0.9776609724047306,0.0223390275952694
9,pilot,143000,1.0,8,0.75,0,0.0,0.05,233,86.0,0.36909871244635195,0.630901287553648
9,pilot,143000,1.0,8,0.75,1,0.05,0.1,488,239.0,0.48975409836065575,0.5102459016393442
9,pilot,143000,1.0,8,0.75,2,0.1,0.2,1074,618.0,0.5754189944134078,0.4245810055865922
9,pilot,143000,1.0,8,0.75,3,0.2,0.4,1291,937.0,0.7257939581719597,0.2742060418280403
9,pilot,143000,1.0,8,0.75,4,0.4,1.01,1522,1422.0,0.9342969776609724,0.06570302233902758
9,pilot,143000,1.0,8,1.0,0,0.0,0.05,233,59.0,0.2532188841201717,0.7467811158798283
9,pilot,143000,1.0,8,1.0,1,0.05,0.1,488,184.0,0.3770491803278688,0.6229508196721312
9,pilot,143000,1.0,8,1.0,2,0.1,0.2,1074,512.0,0.4767225325884544,0.5232774674115457
9,pilot,143000,1.0,8,1.0,3,0.2,0.4,1291,829.0,0.6421378776142526,0.35786212238574744
9,pilot,143000,1.0,8,1.0,4,0.4,1.01,1522,1343.0,0.8823915900131406,0.1176084099868594
9,pilot,143000,1.0,9,0.25,0,0.0,0.05,233,117.0,0.5021459227467812,0.49785407725321884
9,pilot,143000,1.0,9,0.25,1,0.05,0.1,488,343.0,0.7028688524590164,0.2971311475409836
9,pilot,143000,1.0,9,0.25,2,0.1,0.2,1074,830.0,0.7728119180633147,0.22718808193668527
9,pilot,143000,1.0,9,0.25,3,0.2,0.4,1291,1156.0,0.895429899302866,0.10457010069713402
9,pilot,143000,1.0,9,0.25,4,0.4,1.01,1522,1509.0,0.9914586070959264,0.00854139290407363
9,pilot,143000,1.0,9,0.5,0,0.0,0.05,233,92.0,0.3948497854077253,0.6051502145922747
9,pilot,143000,1.0,9,0.5,1,0.05,0.1,488,295.0,0.6045081967213115,0.3954918032786885
9,pilot,143000,1.0,9,0.5,2,0.1,0.2,1074,734.0,0.6834264432029795,0.3165735567970205
9,pilot,143000,1.0,9,0.5,3,0.2,0.4,1291,1043.0,0.8079008520526724,0.19209914794732763
9,pilot,143000,1.0,9,0.5,4,0.4,1.01,1522,1480.0,0.9724047306176085,0.02759526938239154
9,pilot,143000,1.0,9,0.75,0,0.0,0.05,233,65.0,0.27896995708154504,0.721030042918455
9,pilot,143000,1.0,9,0.75,1,0.05,0.1,488,240.0,0.4918032786885246,0.5081967213114754
9,pilot,143000,1.0,9,0.75,2,0.1,0.2,1074,628.0,0.5847299813780261,0.4152700186219739
9,pilot,143000,1.0,9,0.75,3,0.2,0.4,1291,943.0,0.7304415182029435,0.26955848179705655
9,pilot,143000,1.0,9,0.75,4,0.4,1.01,1522,1421.0,0.9336399474375822,0.06636005256241784
9,pilot,143000,1.0,9,1.0,0,0.0,0.05,233,48.0,0.20600858369098712,0.7939914163090129
9,pilot,143000,1.0,9,1.0,1,0.05,0.1,488,184.0,0.3770491803278688,0.6229508196721312
9,pilot,143000,1.0,9,1.0,2,0.1,0.2,1074,518.0,0.4823091247672253,0.5176908752327747
9,pilot,143000,1.0,9,1.0,3,0.2,0.4,1291,817.0,0.632842757552285,0.36715724244771497
9,pilot,143000,1.0,9,1.0,4,0.4,1.01,1522,1331.0,0.8745072273324573,0.12549277266754266
9,pilot,143000,1.0,10,0.25,0,0.0,0.05,233,96.0,0.41201716738197425,0.5879828326180258
9,pilot,143000,1.0,10,0.25,1,0.05,0.1,488,296.0,0.6065573770491803,0.39344262295081966
9,pilot,143000,1.0,10,0.25,2,0.1,0.2,1074,711.0,0.6620111731843575,0.33798882681564246
9,pilot,143000,1.0,10,0.25,3,0.2,0.4,1291,1073.0,0.831138652207591,0.16886134779240902
9,pilot,143000,1.0,10,0.25,4,0.4,1.01,1522,1500.0,0.985545335085414,0.014454664914586024
9,pilot,143000,1.0,10,0.5,0,0.0,0.05,233,50.0,0.2145922746781116,0.7854077253218884
9,pilot,143000,1.0,10,0.5,1,0.05,0.1,488,219.0,0.4487704918032787,0.5512295081967213
9,pilot,143000,1.0,10,0.5,2,0.1,0.2,1074,553.0,0.5148975791433892,0.4851024208566108
9,pilot,143000,1.0,10,0.5,3,0.2,0.4,1291,886.0,0.686289697908598,0.31371030209140205
9,pilot,143000,1.0,10,0.5,4,0.4,1.01,1522,1427.0,0.9375821287779238,0.062417871222076204
9,pilot,143000,1.0,10,0.75,0,0.0,0.05,233,41.0,0.1759656652360515,0.8240343347639485
9,pilot,143000,1.0,10,0.75,1,0.05,0.1,488,174.0,0.35655737704918034,0.6434426229508197
9,pilot,143000,1.0,10,0.75,2,0.1,0.2,1074,426.0,0.39664804469273746,0.6033519553072626
9,pilot,143000,1.0,10,0.75,3,0.2,0.4,1291,729.0,0.5646785437645236,0.43532145623547636
9,pilot,143000,1.0,10,0.75,4,0.4,1.01,1522,1304.0,0.8567674113009198,0.14323258869908018
9,pilot,143000,1.0,10,1.0,0,0.0,0.05,233,26.0,0.11158798283261803,0.8884120171673819
9,pilot,143000,1.0,10,1.0,1,0.05,0.1,488,131.0,0.26844262295081966,0.7315573770491803
9,pilot,143000,1.0,10,1.0,2,0.1,0.2,1074,347.0,0.3230912476722533,0.6769087523277467
9,pilot,143000,1.0,10,1.0,3,0.2,0.4,1291,605.0,0.4686289697908598,0.5313710302091402
9,pilot,143000,1.0,10,1.0,4,0.4,1.01,1522,1149.0,0.7549277266754271,0.24507227332457293
