run_id,stage,step,progress,layer,alpha,top1_agreement,top1_damage,nll_damage,kl,activation_relative_magnitude,activation_absolute_rms,intact_update_rms,layer_parameter_l2,alpha_layer_parameter_l2_proxy,alpha_layer_parameter_l2_relative_model,baseline_nll,baseline_confidence
1,pilot,14000,0.0979020979020979,1,0.25,0.9194878472222222,0.08051215277777779,0.012498723136054194,0.01528988333625926,0.10547222528192733,0.11246023741033341,0.44984094964133364,97.44437854306734,24.361094635766836,0.04220479181932887,3.8918036090003123,0.34750964244206745
1,pilot,14000,0.0979020979020979,1,0.5,0.8218315972222222,0.1781684027777778,0.09075437651740155,0.08659533659617107,0.21094445056385466,0.22492047482066682,0.44984094964133364,97.44437854306734,48.72218927153367,0.08440958363865773,3.8918036090003123,0.34750964244206745
1,pilot,14000,0.0979020979020979,1,0.75,0.6857638888888888,0.3142361111111111,0.3360300064086916,0.3210617767439948,0.31641678015391034,0.3373807900481754,0.44984094964133364,97.44437854306734,73.08328390730051,0.12661437545798662,3.8918036090003123,0.34750964244206745
1,pilot,14000,0.0979020979020979,1,1.0,0.5755208333333334,0.4244791666666667,0.6822634538014728,0.6551088889439901,0.4218889011277093,0.44984094964133364,0.44984094964133364,97.44437854306734,97.44437854306734,0.16881916727731547,3.8918036090003123,0.34750964244206745
1,pilot,14000,0.0979020979020979,2,0.25,0.9184027777777777,0.08159722222222225,0.0012129677666556187,0.01705063258608182,0.10722088896565968,0.12842270731925964,0.5136908292770386,100.44130306930681,25.110325767326703,0.043502810007954036,3.8918036090003123,0.34750964244206745
1,pilot,14000,0.0979020979020979,2,0.5,0.827907986111111,0.17209201388888892,0.05075905058119027,0.08113291280137168,0.21444177793131936,0.2568454146385193,0.5136908292770386,100.44130306930681,50.220651534653406,0.08700562001590807,3.8918036090003123,0.34750964244206745
1,pilot,14000,0.0979020979020979,2,0.75,0.726345486111111,0.2736545138888889,0.1875983874003091,0.23040802280108133,0.32166267434755963,0.38526819811926943,0.5136908292770386,100.44130306930681,75.33097730198011,0.13050843002386212,3.8918036090003123,0.34750964244206745
1,pilot,14000,0.0979020979020979,2,1.0,0.6026475694444445,0.3973524305555555,0.48881491025288915,0.5368219614028931,0.4288835558626387,0.5136908292770386,0.5136908292770386,100.44130306930681,100.44130306930681,0.17401124003181614,3.8918036090003123,0.34750964244206745
1,pilot,14000,0.0979020979020979,3,0.25,0.904079861111111,0.09592013888888891,0.031903664271036636,0.02629991641475095,0.12864782247278425,0.19728108578258088,0.7891243431303235,99.9755638539496,24.9938909634874,0.04330109055609708,3.8918036090003123,0.34750964244206745
1,pilot,14000,0.0979020979020979,3,0.5,0.7934027777777778,0.2065972222222222,0.1271852387322321,0.12572730580965677,0.2572956449455685,0.39456217156516177,0.7891243431303235,99.9755638539496,49.9877819269748,0.08660218111219416,3.8918036090003123,0.34750964244206745
1,pilot,14000,0.0979020979020979,3,0.75,0.630859375,0.369140625,0.4477458794911701,0.45364171266555786,0.3859434790081448,0.5918451084030999,0.7891243431303235,99.9755638539496,74.98167289046219,0.12990327166829124,3.8918036090003123,0.34750964244206745
1,pilot,14000,0.0979020979020979,3,1.0,0.3776041666666667,0.6223958333333334,1.511812819374932,1.5203336344824896,0.514591289891137,0.7891243431303235,0.7891243431303235,99.9755638539496,99.9755638539496,0.17320436222438831,3.8918036090003123,0.34750964244206745
1,pilot,14000,0.0979020979020979,4,0.25,0.9292534722222222,0.07074652777777779,0.012839317321777344,0.012108095197214022,0.09823121047682232,0.1388198865784539,0.5552795463138156,100.72206732988495,25.180516832471238,0.04362441370993434,3.8918036090003123,0.34750964244206745
1,pilot,14000,0.0979020979020979,4,0.5,0.8556857638888888,0.14431423611111113,0.05745238727993426,0.054184952129920326,0.19646242095364463,0.2776397731569078,0.5552795463138156,100.72206732988495,50.361033664942475,0.08724882741986868,3.8918036090003123,0.34750964244206745
1,pilot,14000,0.0979020979020979,4,0.75,0.7810329861111112,0.21896701388888887,0.15395516819424104,0.1426354158255789,0.2946934898694356,0.41645945111910504,0.5552795463138156,100.72206732988495,75.54155049741371,0.13087324112980306,3.8918036090003123,0.34750964244206745
1,pilot,14000,0.0979020979020979,4,1.0,0.697265625,0.30273437499999994,0.3282493220435249,0.3031210336420271,0.39292484190728927,0.5552795463138156,0.5552795463138156,100.72206732988495,100.72206732988495,0.17449765483973737,3.8918036090003123,0.34750964244206745
1,pilot,14000,0.0979020979020979,5,0.25,0.9331597222222222,0.06684027777777779,0.01047454939948178,0.010464890653060542,0.09978272600306405,0.14849131140444013,0.5939652456177605,107.11425393537498,26.778563483843744,0.04639297675060041,3.8918036090003123,0.34750964244206745
1,pilot,14000,0.0979020979020979,5,0.5,0.8643663194444445,0.13563368055555555,0.051214271121554855,0.04579157920347319,0.1995654520061281,0.29698262280888027,0.5939652456177605,107.11425393537498,53.55712696768749,0.09278595350120082,3.8918036090003123,0.34750964244206745
1,pilot,14000,0.0979020979020979,5,0.75,0.794704861111111,0.20529513888888892,0.1321152846018475,0.11598465922805996,0.29934797353214687,0.4454736643367343,0.5939652456177605,107.11425393537498,80.33569045153124,0.13917893025180123,3.8918036090003123,0.34750964244206745
1,pilot,14000,0.0979020979020979,5,1.0,0.7176649305555555,0.2823350694444445,0.2689779334598117,0.2374751054578357,0.3991309040122562,0.5939652456177605,0.5939652456177605,107.11425393537498,107.11425393537498,0.18557190700240164,3.8918036090003123,0.34750964244206745
1,pilot,14000,0.0979020979020979,6,0.25,0.929470486111111,0.07052951388888891,0.021152284410264805,0.012503990075654454,0.10457691798607509,0.1728349725405375,0.69133989016215,107.94545854811359,26.986364637028398,0.04675298538490449,3.8918036090003123,0.34750964244206745
1,pilot,14000,0.0979020979020979,6,0.5,0.85546875,0.14453125,0.08199501037597672,0.05855323746800423,0.20915383597215018,0.345669945081075,0.69133989016215,107.94545854811359,53.972729274056796,0.09350597076980897,3.8918036090003123,0.34750964244206745
1,pilot,14000,0.0979020979020979,6,0.75,0.7664930555555555,0.23350694444444445,0.2045480675167508,0.15926946534050837,0.31373059418466354,0.5185045997301737,0.69133989016215,107.94545854811359,80.95909391108519,0.14025895615471345,3.8918036090003123,0.34750964244206745
1,pilot,14000,0.0979020979020979,6,1.0,0.677517361111111,0.3224826388888889,0.4224251641167534,0.3485499123732249,0.41830767194430035,0.69133989016215,0.69133989016215,107.94545854811359,107.94545854811359,0.18701194153961795,3.8918036090003123,0.34750964244206745
1,pilot,14000,0.0979020979020979,7,0.25,0.9396701388888888,0.060329861111111126,0.004861275355021159,0.009895693096849652,0.09481777333550984,0.17459492219818964,0.6983796887927586,109.17088195995571,27.292720489988927,0.04728373678134826,3.8918036090003123,0.34750964244206745
1,pilot,14000,0.0979020979020979,7,0.5,0.8700086805555557,0.12999131944444442,0.03759434488084586,0.04314808878633711,0.18963554667101967,0.3491898443963793,0.6983796887927586,109.17088195995571,54.585440979977854,0.09456747356269651,3.8918036090003123,0.34750964244206745
1,pilot,14000,0.0979020979020979,7,0.75,0.7986111111111112,0.20138888888888887,0.10725532637702084,0.10811818805005814,0.2844531834125519,0.5237845447328355,0.6983796887927586,109.17088195995571,81.87816146996678,0.14185121034404477,3.8918036090003123,0.34750964244206745
1,pilot,14000,0.0979020979020979,7,1.0,0.7261284722222222,0.2738715277777778,0.22636331452263722,0.21800638569725883,0.37927109334203934,0.6983796887927586,0.6983796887927586,109.17088195995571,109.17088195995571,0.18913494712539303,3.8918036090003123,0.34750964244206745
1,pilot,14000,0.0979020979020979,8,0.25,0.9301215277777778,0.06987847222222221,0.028110742568969577,0.009912839831991328,0.08562844081057441,0.17152878642082214,0.6861151456832886,120.93118367100402,30.232795917751005,0.05237732035043966,3.8918036090003123,0.34750964244206745
1,pilot,14000,0.0979020979020979,8,0.5,0.8650173611111112,0.13498263888888887,0.08088673485649951,0.04170981173714002,0.17125688162114883,0.3430575728416443,0.6861151456832886,120.93118367100402,60.46559183550201,0.10475464070087932,3.8918036090003123,0.34750964244206745
1,pilot,14000,0.0979020979020979,8,0.75,0.8014322916666666,0.19856770833333334,0.163419935438368,0.0998788658115599,0.2568851626581616,0.5145860380596585,0.6861151456832886,120.93118367100402,90.69838775325302,0.157131961051319,3.8918036090003123,0.34750964244206745
1,pilot,14000,0.0979020979020979,8,1.0,0.7300347222222222,0.2699652777777778,0.28213980462816,0.19049122598436144,0.34251376324229765,0.6861151456832886,0.6861151456832886,120.93118367100402,120.93118367100402,0.20950928140175865,3.8918036090003123,0.34750964244206745
1,pilot,14000,0.0979020979020979,9,0.25,0.9292534722222222,0.07074652777777779,0.007299794091118657,0.011571903920008078,0.09317203445567024,0.21877650254302553,0.8751060101721021,123.69027806256493,30.922569515641232,0.05357233032584056,3.8918036090003123,0.34750964244206745
1,pilot,14000,0.0979020979020979,9,0.5,0.8628472222222222,0.1371527777777778,0.04445197847154395,0.05020470834440655,0.18634406891134048,0.43755300508605105,0.8751060101721021,123.69027806256493,61.845139031282464,0.10714466065168111,3.8918036090003123,0.34750964244206745
1,pilot,14000,0.0979020979020979,9,0.75,0.7901475694444445,0.20985243055555555,0.11887836456298813,0.1233420620361964,0.2795162333382501,0.6563297642601861,0.8751060101721021,123.69027806256493,92.7677085469237,0.16071699097752168,3.8918036090003123,0.34750964244206745
1,pilot,14000,0.0979020979020979,9,1.0,0.7204861111111112,0.2795138888888889,0.2424730194939504,0.24270822604497275,0.37268813782268095,0.8751060101721021,0.8751060101721021,123.69027806256493,123.69027806256493,0.21428932130336223,3.8918036090003123,0.34750964244206745
1,pilot,14000,0.0979020979020979,10,0.25,0.9140625,0.08593750000000004,0.0343239307403563,0.01516330304245154,0.0999480245841874,0.2891023887528314,1.1564095550113256,132.49617644362272,33.12404411090568,0.05738631234831762,3.8918036090003123,0.34750964244206745
1,pilot,14000,0.0979020979020979,10,0.5,0.8309461805555555,0.16905381944444445,0.10226387447781023,0.06318408788906203,0.1998960491683748,0.5782047775056628,1.1564095550113256,132.49617644362272,66.24808822181136,0.11477262469663524,3.8918036090003123,0.34750964244206745
1,pilot,14000,0.0979020979020979,10,0.75,0.7452256944444445,0.2547743055555555,0.2125718063778348,0.15181958013110688,0.2998439437813229,0.8673067291577657,1.1564095550113256,132.49617644362272,99.37213233271704,0.17215893704495286,3.8918036090003123,0.34750964244206745
1,pilot,14000,0.0979020979020979,10,1.0,0.6649305555555556,0.3350694444444444,0.3773197068108452,0.2917170491483476,0.3997920983367496,1.1564095550113256,1.1564095550113256,132.49617644362272,132.49617644362272,0.22954524939327048,3.8918036090003123,0.34750964244206745
1,pilot,72000,0.5034965034965035,1,0.25,0.9138454861111112,0.08615451388888888,0.015605926513671875,0.01892381099363168,0.11736215485466851,0.0920954230758879,0.3683816923035516,106.89030021770925,26.722575054427313,0.02276806749114066,3.7492988109588623,0.362583382262124
1,pilot,72000,0.5034965034965035,1,0.5,0.8075086805555557,0.19249131944444442,0.11898872587415917,0.12448693232403861,0.23472430970933703,0.1841908461517758,0.3683816923035516,106.89030021770925,53.44515010885463,0.04553613498228132,3.7492988109588623,0.362583382262124
1,pilot,72000,0.5034965034965035,1,0.75,0.6631944444444445,0.3368055555555555,0.4246697690751818,0.4386652823951509,0.35208635197745425,0.2762861682309045,0.3683816923035516,106.89030021770925,80.16772516328194,0.06830420247342198,3.7492988109588623,0.362583382262124
1,pilot,72000,0.5034965034965035,1,1.0,0.5496961805555556,0.4503038194444444,0.8112180762820774,0.8050263259145948,0.46944861941867405,0.3683816923035516,0.3683816923035516,106.89030021770925,106.89030021770925,0.09107226996456264,3.7492988109588623,0.362583382262124
1,pilot,72000,0.5034965034965035,2,0.25,0.9086371527777777,0.09136284722222225,0.006296528710259282,0.021715084711710613,0.12070305479897392,0.10624508808056514,0.42498035232226056,105.59271200324095,26.398178000810237,0.022491675938468902,3.7492988109588623,0.362583382262124
1,pilot,72000,0.5034965034965035,2,0.5,0.8111979166666666,0.18880208333333334,0.07368747393290202,0.1040736445122295,0.24140610959794784,0.21249017616113028,0.42498035232226056,105.59271200324095,52.796356001620474,0.044983351876937805,3.7492988109588623,0.362583382262124
1,pilot,72000,0.5034965034965035,2,0.75,0.6901041666666666,0.3098958333333333,0.2642944388919406,0.3038085301717122,0.362109147840076,0.3187352650695377,0.42498035232226056,105.59271200324095,79.19453400243071,0.0674750278154067,3.7492988109588623,0.362583382262124
1,pilot,72000,0.5034965034965035,2,1.0,0.541015625,0.458984375,0.7629110813140869,0.7986855374442207,0.4828122191958957,0.42498035232226056,0.42498035232226056,105.59271200324095,105.59271200324095,0.08996670375387561,3.7492988109588623,0.362583382262124
1,pilot,72000,0.5034965034965035,3,0.25,0.9014756944444445,0.09852430555555554,0.03450669182671451,0.03770430634419123,0.14926321473386553,0.16163215372297499,0.6465286148918999,108.01218084845084,27.00304521211271,0.02300703261581243,3.7492988109588623,0.362583382262124
1,pilot,72000,0.5034965034965035,3,0.5,0.765842013888889,0.23415798611111108,0.1588870419396294,0.16146438486046263,0.29852642946773106,0.32326430744594997,0.6465286148918999,108.01218084845084,54.00609042422542,0.04601406523162486,3.7492988109588623,0.362583382262124
1,pilot,72000,0.5034965034965035,3,0.75,0.59375,0.40625,0.5834278530544704,0.5733332700199552,0.44778957962989807,0.4848961499002245,0.6465286148918999,108.01218084845084,81.00913563633813,0.06902109784743729,3.7492988109588623,0.362583382262124
1,pilot,72000,0.5034965034965035,3,1.0,0.3313802083333333,0.6686197916666666,1.8522934648725722,1.8324519660737781,0.5970528589354621,0.6465286148918999,0.6465286148918999,108.01218084845084,108.01218084845084,0.09202813046324972,3.7492988109588623,0.362583382262124
1,pilot,72000,0.5034965034965035,4,0.25,0.9225260416666666,0.07747395833333333,0.03170257144504118,0.01479097165995174,0.11017819659577477,0.10517107943693797,0.4206843177477519,169.13366292143846,42.283415730359614,0.03602615620478114,3.7492988109588623,0.362583382262124
1,pilot,72000,0.5034965034965035,4,0.5,0.8467881944444445,0.15321180555555555,0.09702518251207144,0.06568764729632272,0.22035639319154954,0.21034215887387595,0.4206843177477519,169.13366292143846,84.56683146071923,0.07205231240956228,3.7492988109588623,0.362583382262124
1,pilot,72000,0.5034965034965035,4,0.75,0.7621527777777778,0.2378472222222222,0.21069492234124074,0.16728678014543322,0.3305344747172462,0.31551312737994724,0.4206843177477519,169.13366292143846,126.85024719107884,0.1080784686143434,3.7492988109588623,0.362583382262124
1,pilot,72000,0.5034965034965035,4,1.0,0.6786024305555555,0.3213975694444445,0.3872364626990423,0.33526556359397036,0.4407127863830991,0.4206843177477519,0.4206843177477519,169.13366292143846,169.13366292143846,0.14410462481912456,3.7492988109588623,0.362583382262124
1,pilot,72000,0.5034965034965035,5,0.25,0.9244791666666666,0.07552083333333333,0.006838348176744298,0.015223321918812061,0.11119422813256581,0.10731899407174851,0.42927597628699404,234.6304506062272,58.6576126515568,0.04997723763520936,3.7492988109588623,0.362583382262124
1,pilot,72000,0.5034965034965035,5,0.5,0.8504774305555557,0.14952256944444442,0.05214715003967285,0.06294190304146872,0.22238845626513162,0.21463798814349702,0.42927597628699404,234.6304506062272,117.3152253031136,0.09995447527041872,3.7492988109588623,0.362583382262124
1,pilot,72000,0.5034965034965035,5,0.75,0.7721354166666666,0.22786458333333334,0.14148010147942433,0.14951271646552614,0.3335826165146298,0.3219569292333391,0.42927597628699404,234.6304506062272,175.97283795467038,0.14993171290562807,3.7492988109588623,0.362583382262124
1,pilot,72000,0.5034965034965035,5,1.0,0.6929253472222222,0.3070746527777778,0.28326426612006284,0.2841256592008803,0.44477691253026325,0.42927597628699404,0.42927597628699404,234.6304506062272,234.6304506062272,0.19990895054083743,3.7492988109588623,0.362583382262124
1,pilot,72000,0.5034965034965035,6,0.25,0.9162326388888888,0.08376736111111112,0.029461463292439777,0.016751303440994684,0.1135414797398779,0.12345078753100501,0.49380315012402004,195.20233746816106,48.800584367040265,0.041578889617218735,3.7492988109588623,0.362583382262124
1,pilot,72000,0.5034965034965035,6,0.5,0.8294270833333334,0.17057291666666666,0.10480790668063689,0.07688384089205001,0.2270829594797558,0.24690157506201002,0.49380315012402004,195.20233746816106,97.60116873408053,0.08315777923443747,3.7492988109588623,0.362583382262124
1,pilot,72000,0.5034965034965035,6,0.75,0.7282986111111112,0.2717013888888889,0.2537713050842287,0.20728510949346757,0.34062403771612376,0.3703519172138638,0.49380315012402004,195.20233746816106,146.4017531011208,0.12473666885165623,3.7492988109588623,0.362583382262124
1,pilot,72000,0.5034965034965035,6,1.0,0.6245659722222222,0.37543402777777773,0.5232586595747207,0.455051428741879,0.4541659189595116,0.49380315012402004,0.49380315012402004,195.20233746816106,195.20233746816106,0.16631555846887494,3.7492988109588623,0.362583382262124
1,pilot,72000,0.5034965034965035,7,0.25,0.9307725694444445,0.06922743055555554,0.006018055809868657,0.013879348006513385,0.10160171820057763,0.12905132439401415,0.5162052975760566,292.74517209757363,73.18629302439341,0.06235590902493196,3.7492988109588623,0.362583382262124
1,pilot,72000,0.5034965034965035,7,0.5,0.8513454861111112,0.14865451388888887,0.04897032843695737,0.05992735798160235,0.20320343640115526,0.2581026487880283,0.5162052975760566,292.74517209757363,146.37258604878681,0.12471181804986392,3.7492988109588623,0.362583382262124
1,pilot,72000,0.5034965034965035,7,0.75,0.7779947916666666,0.22200520833333334,0.14235403802659766,0.1505194240146213,0.3048050105571747,0.3871537744998932,0.5162052975760566,292.74517209757363,219.55887907318024,0.18706772707479588,3.7492988109588623,0.362583382262124
1,pilot,72000,0.5034965034965035,7,1.0,0.6957465277777778,0.3042534722222222,0.3028546704186332,0.30397084024217397,0.4064068728023105,0.5162052975760566,0.5162052975760566,292.74517209757363,292.74517209757363,0.24942363609972784,3.7492988109588623,0.362583382262124
1,pilot,72000,0.5034965034965035,8,0.25,0.9097222222222222,0.09027777777777779,0.03657862875196679,0.01752167826311456,0.09933370600144069,0.14620046979851195,0.5848018791940478,383.9011724618346,95.97529311545865,0.08177250682930488,3.7492988109588623,0.362583382262124
1,pilot,72000,0.5034965034965035,8,0.5,0.818576388888889,0.18142361111111108,0.11388487286037874,0.07374508844481574,0.19866741200288138,0.2924009395970239,0.5848018791940478,383.9011724618346,191.9505862309173,0.16354501365860977,3.7492988109588623,0.362583382262124
1,pilot,72000,0.5034965034965035,8,0.75,0.7315538194444445,0.2684461805555555,0.24115620719061978,0.17773313323656717,0.2980010277695126,0.438601275285085,0.5848018791940478,383.9011724618346,287.92587934637595,0.24531752048791466,3.7492988109588623,0.362583382262124
1,pilot,72000,0.5034965034965035,8,1.0,0.654296875,0.345703125,0.43461627430386035,0.34452547960811186,0.39733482400576275,0.5848018791940478,0.5848018791940478,383.9011724618346,383.9011724618346,0.32709002731721953,3.7492988109588623,0.362583382262124
1,pilot,72000,0.5034965034965035,9,0.25,0.916015625,0.08398437500000004,0.0067042774624293715,0.016932898201048374,0.11587592628267075,0.21676393184396955,0.8670557273758782,352.5736469098529,88.14341172746323,0.07509961682296004,3.7492988109588623,0.362583382262124
1,pilot,72000,0.5034965034965035,9,0.5,0.8328993055555555,0.16710069444444445,0.0588685671488444,0.07822118368413712,0.2317518525653415,0.4335278636879391,0.8670557273758782,352.5736469098529,176.28682345492646,0.15019923364592008,3.7492988109588623,0.362583382262124
1,pilot,72000,0.5034965034965035,9,0.75,0.7428385416666666,0.2571614583333333,0.1858238644070096,0.21259782877233294,0.34762756029764813,0.6502913965119256,0.8670557273758782,352.5736469098529,264.4302351823897,0.22529885046888012,3.7492988109588623,0.362583382262124
1,pilot,72000,0.5034965034965035,9,1.0,0.6553819444444445,0.3446180555555555,0.4445488452911377,0.47367902596791583,0.463503705130683,0.8670557273758782,0.8670557273758782,352.5736469098529,352.5736469098529,0.30039846729184017,3.7492988109588623,0.362583382262124
1,pilot,72000,0.5034965034965035,10,0.25,0.9069010416666666,0.09309895833333333,0.04286853472391764,0.02747731759316392,0.14091906613773772,0.31224743525187176,1.248989741007487,502.55134341045476,125.63783585261369,0.1070454744839134,3.7492988109588623,0.362583382262124
1,pilot,72000,0.5034965034965035,10,0.5,0.8192274305555555,0.18077256944444445,0.13992828792995882,0.1116549339559343,0.28183813227547544,0.6244948705037435,1.248989741007487,502.55134341045476,251.27567170522738,0.2140909489678268,3.7492988109588623,0.362583382262124
1,pilot,72000,0.5034965034965035,10,0.75,0.7261284722222222,0.2738715277777778,0.31379347377353256,0.27567857172754073,0.4227563209003873,0.9367408421304492,1.248989741007487,502.55134341045476,376.91350755784106,0.3211364234517402,3.7492988109588623,0.362583382262124
1,pilot,72000,0.5034965034965035,10,1.0,0.6343315972222222,0.36566840277777785,0.6036593384212919,0.5591999689737955,0.5636762645509509,1.248989741007487,1.248989741007487,502.55134341045476,502.55134341045476,0.4281818979356536,3.7492988109588623,0.362583382262124
1,pilot,143000,1.0,1,0.25,0.888888888888889,0.11111111111111109,0.021098322338528153,0.027700272699197132,0.12830648322900137,0.05099408618277973,0.20397634473111892,101.1164287917993,25.279107197949823,0.016444460788187246,3.721455468071832,0.3524272773000929
1,pilot,143000,1.0,1,0.5,0.7868923611111112,0.21310763888888887,0.15044909053378616,0.14689458078808257,0.25661296645800274,0.10198817236555946,0.20397634473111892,101.1164287917993,50.55821439589965,0.03288892157637449,3.721455468071832,0.3524272773000929
1,pilot,143000,1.0,1,0.75,0.6506076388888888,0.34939236111111116,0.45509730445014096,0.44118958380487233,0.3849192195468478,0.15298215713765886,0.20397634473111892,101.1164287917993,75.83732159384947,0.04933338236456173,3.721455468071832,0.3524272773000929
1,pilot,143000,1.0,1,1.0,0.5186631944444445,0.4813368055555555,0.87405973010593,0.8404084112909106,0.5132259329160055,0.20397634473111892,0.20397634473111892,101.1164287917993,101.1164287917993,0.06577784315274898,3.721455468071832,0.3524272773000929
1,pilot,143000,1.0,2,0.25,0.8780381944444443,0.12196180555555558,0.008625348409016928,0.03459042062362035,0.13550339473618403,0.06259215250611305,0.2503686100244522,95.80134411941033,23.950336029852583,0.01558007403595175,3.721455468071832,0.3524272773000929
1,pilot,143000,1.0,2,0.5,0.784939236111111,0.21506076388888892,0.10792777273390008,0.13725594679514566,0.27100678947236806,0.1251843050122261,0.2503686100244522,95.80134411941033,47.900672059705165,0.0311601480719035,3.721455468071832,0.3524272773000929
1,pilot,143000,1.0,2,0.75,0.6547309027777778,0.34526909722222215,0.35909716288248666,0.380551063352161,0.40651021401087445,0.18777660528818765,0.2503686100244522,95.80134411941033,71.85100808955775,0.04674022210785525,3.721455468071832,0.3524272773000929
1,pilot,143000,1.0,2,1.0,0.4889322916666667,0.5110677083333334,0.9589426782396101,0.9384966757562424,0.5420135789447361,0.2503686100244522,0.2503686100244522,95.80134411941033,95.80134411941033,0.062320296143807,3.721455468071832,0.3524272773000929
1,pilot,143000,1.0,3,0.25,0.8591579861111112,0.14084201388888887,0.05349871847364618,0.05776302019755045,0.1725408799118466,0.09669846213526195,0.3867938485410478,105.11069964655444,26.27767491163861,0.0170940449480834,3.721455468071832,0.3524272773000929
1,pilot,143000,1.0,3,0.5,0.7241753472222222,0.2758246527777778,0.23026945855882422,0.22494237456056806,0.3450817598236932,0.1933969242705239,0.3867938485410478,105.11069964655444,52.55534982327722,0.0341880898961668,3.721455468071832,0.3524272773000929
1,pilot,143000,1.0,3,0.75,0.5509982638888888,0.44900173611111116,0.7324049737718369,0.6907606323560079,0.5176223913828532,0.29009345836109585,0.3867938485410478,105.11069964655444,78.83302473491582,0.0512821348442502,3.721455468071832,0.3524272773000929
1,pilot,143000,1.0,3,1.0,0.2938368055555555,0.7061631944444445,2.107127136654324,1.998556825849745,0.6901635196473864,0.3867938485410478,0.3867938485410478,105.11069964655444,105.11069964655444,0.0683761797923336,3.721455468071832,0.3524272773000929
1,pilot,143000,1.0,4,0.25,0.8812934027777778,0.11870659722222221,0.03627792994181315,0.02615250171058708,0.12477588736348681,0.06443663355376984,0.25774653421507937,232.34982485035007,58.08745621258752,0.037786812979332944,3.721455468071832,0.3524272773000929
1,pilot,143000,1.0,4,0.5,0.798611111111111,0.20138888888888892,0.11966252326965332,0.09428943196932475,0.24955177472697362,0.12887326710753969,0.25774653421507937,232.34982485035007,116.17491242517504,0.07557362595866589,3.721455468071832,0.3524272773000929
1,pilot,143000,1.0,4,0.75,0.7152777777777778,0.2847222222222222,0.2821129428015814,0.23273383908801612,0.37432767616377943,0.19330991142325935,0.25774653421507937,232.34982485035007,174.26236863776253,0.11336043893799881,3.721455468071832,0.3524272773000929
1,pilot,143000,1.0,4,1.0,0.6048177083333334,0.3951822916666667,0.5570996602376302,0.47356700897216797,0.49910354945394725,0.25774653421507937,0.25774653421507937,232.34982485035007,232.34982485035007,0.15114725191733178,3.721455468071832,0.3524272773000929
1,pilot,143000,1.0,5,0.25,0.8860677083333334,0.11393229166666667,0.023671150207519382,0.02794749807152483,0.1292234824763404,0.06905415819750892,0.27621663279003567,323.7521009139525,80.93802522848813,0.05265147110302724,3.721455468071832,0.3524272773000929
1,pilot,143000,1.0,5,0.5,0.8131510416666666,0.18684895833333334,0.09635358386569548,0.09303257945511074,0.2584469649526808,0.13810831639501783,0.27621663279003567,323.7521009139525,161.87605045697626,0.10530294220605448,3.721455468071832,0.3524272773000929
1,pilot,143000,1.0,5,0.75,0.7398003472222222,0.2601996527777778,0.22701085938347706,0.21086408032311332,0.3876702619923486,0.20716237359576753,0.27621663279003567,323.7521009139525,242.81407568546442,0.15795441330908175,3.721455468071832,0.3524272773000929
1,pilot,143000,1.0,5,1.0,0.6499565972222222,0.35004340277777773,0.42194051212734635,0.39023393392562866,0.5168939299053616,0.27621663279003567,0.27621663279003567,323.7521009139525,323.7521009139525,0.21060588441210895,3.721455468071832,0.3524272773000929
1,pilot,143000,1.0,6,0.25,0.8821614583333334,0.1178385416666667,0.028136783175998215,0.03184187308781677,0.15718586411741045,0.1054790202114317,0.4219160808457268,305.41172359733054,76.35293089933263,0.04966879440817735,3.721455468071832,0.3524272773000929
1,pilot,143000,1.0,6,0.5,0.7838541666666666,0.21614583333333337,0.14883152643839503,0.1290870656569799,0.3143717282348209,0.2109580404228634,0.4219160808457268,305.41172359733054,152.70586179866527,0.0993375888163547,3.721455468071832,0.3524272773000929
1,pilot,143000,1.0,6,0.75,0.6651475694444444,0.3348524305555556,0.4140600363413493,0.36164676149686176,0.47155723306867814,0.31643681062592405,0.4219160808457268,305.41172359733054,229.0587926979979,0.14900638322453202,3.721455468071832,0.3524272773000929
1,pilot,143000,1.0,6,1.0,0.542751736111111,0.4572482638888889,0.87864875793457,0.7877564430236816,0.6287434564696418,0.4219160808457268,0.4219160808457268,305.41172359733054,305.41172359733054,0.1986751776327094,3.721455468071832,0.3524272773000929
1,pilot,143000,1.0,7,0.25,0.8901909722222223,0.10980902777777775,0.02071865399678548,0.021493862693508465,0.14457893206013572,0.10489914483494228,0.4195965793397691,441.30632770615813,110.32658192653953,0.07176919406919746,3.721455468071832,0.3524272773000929
1,pilot,143000,1.0,7,0.5,0.8246527777777778,0.1753472222222222,0.08578949504428435,0.07547464387284385,0.28915786412027145,0.20979828966988456,0.4195965793397691,441.30632770615813,220.65316385307906,0.14353838813839492,3.721455468071832,0.3524272773000929
1,pilot,143000,1.0,7,0.75,0.7506510416666666,0.24934895833333334,0.20081520080566392,0.1766539050473107,0.4337368309497833,0.31469746430714923,0.4195965793397691,441.30632770615813,330.9797457796186,0.21530758220759239,3.721455468071832,0.3524272773000929
1,pilot,143000,1.0,7,1.0,0.6566840277777778,0.34331597222222215,0.38899797863430435,0.3413412835862902,0.5783157282405429,0.4195965793397691,0.4195965793397691,441.30632770615813,441.30632770615813,0.28707677627678985,3.721455468071832,0.3524272773000929
1,pilot,143000,1.0,8,0.25,0.896484375,0.103515625,0.018564992480807785,0.02087015368872219,0.1491974542538325,0.1386531177494261,0.5546124709977044,540.0421543646216,135.0105385911554,0.08782649998154825,3.721455468071832,0.3524272773000929
1,pilot,143000,1.0,8,0.5,0.8305121527777777,0.16948784722222224,0.07731787363688152,0.07192535284492704,0.298394908507665,0.2773062354988522,0.5546124709977044,540.0421543646216,270.0210771823108,0.1756529999630965,3.721455468071832,0.3524272773000929
1,pilot,143000,1.0,8,0.75,0.7545572916666666,0.24544270833333334,0.18345838122897673,0.16704645587338343,0.4475923180580139,0.41595929529931813,0.5546124709977044,540.0421543646216,405.0316157734662,0.26347949994464476,3.721455468071832,0.3524272773000929
1,pilot,143000,1.0,8,1.0,0.6792534722222223,0.32074652777777773,0.3501515388488767,0.31908416748046875,0.59678981701533,0.5546124709977044,0.5546124709977044,540.0421543646216,540.0421543646216,0.351305999926193,3.721455468071832,0.3524272773000929
1,pilot,143000,1.0,9,0.25,0.8999565972222223,0.10004340277777775,0.018954012129041835,0.02343247561819024,0.18896493315696716,0.17747808992862701,0.7099123597145081,529.3144182721542,132.32860456803854,0.0860818592972749,3.721455468071832,0.3524272773000929
1,pilot,143000,1.0,9,0.5,0.8248697916666666,0.17513020833333334,0.08663052982754167,0.0867001149389479,0.3779298663139343,0.35495617985725403,0.7099123597145081,529.3144182721542,264.6572091360771,0.1721637185945498,3.721455468071832,0.3524272773000929
1,pilot,143000,1.0,9,0.75,0.7469618055555555,0.2530381944444445,0.2125800715552435,0.20523398286766478,0.5668944848908318,0.5324339866638184,0.7099123597145081,529.3144182721542,396.9858137041156,0.2582455778918247,3.721455468071832,0.3524272773000929
1,pilot,143000,1.0,9,1.0,0.6605902777777778,0.33940972222222215,0.42816397878858786,0.4021048612064786,0.7558597326278687,0.7099123597145081,0.7099123597145081,529.3144182721542,529.3144182721542,0.3443274371890996,3.721455468071832,0.3524272773000929
1,pilot,143000,1.0,10,0.25,0.835720486111111,0.16427951388888892,0.11113789346482994,0.06796572026279238,0.20485423339737785,0.2212799870305591,0.8851199481222364,676.6880692697781,169.17201731744453,0.1100490845444443,3.721455468071832,0.3524272773000929
1,pilot,143000,1.0,10,0.5,0.7035590277777778,0.2964409722222222,0.3399321503109401,0.25480154487821793,0.4097084667947557,0.4425599740611182,0.8851199481222364,676.6880692697781,338.34403463488906,0.2200981690888886,3.721455468071832,0.3524272773000929
1,pilot,143000,1.0,10,0.75,0.5792100694444445,0.4207899305555555,0.6647202703687878,0.5428343878851997,0.6145626968807645,0.6638400223520068,0.8851199481222364,676.6880692697781,507.51605195233356,0.33014725363333286,3.721455468071832,0.3524272773000929
1,pilot,143000,1.0,10,1.0,0.49240451388888884,0.5075954861111112,1.055728859371609,0.9052069253391689,0.8194169335895114,0.8851199481222364,0.8851199481222364,676.6880692697781,676.6880692697781,0.4401963381777772,3.721455468071832,0.3524272773000929
4,pilot,14000,0.0979020979020979,1,0.25,0.9255642361111112,0.07443576388888888,0.0027529663509791766,0.011954688881006507,0.10335957093371285,0.1100715200106303,0.4402860800425212,97.69728772265007,24.42432193066252,0.04235748381783769,3.886761744817098,0.3356744911935594
4,pilot,14000,0.0979020979020979,1,0.5,0.8461371527777778,0.1538628472222222,0.040472931332058426,0.056817690945333905,0.2067191418674257,0.2201430400212606,0.4402860800425212,97.69728772265007,48.84864386132504,0.08471496763567538,3.886761744817098,0.3356744911935594
4,pilot,14000,0.0979020979020979,1,0.75,0.7484809027777778,0.2515190972222222,0.15798566076490608,0.1781549702088038,0.31007864740159774,0.3302145037386153,0.4402860800425212,97.69728772265007,73.27296579198756,0.12707245145351306,3.886761744817098,0.3356744911935594
4,pilot,14000,0.0979020979020979,1,1.0,0.6462673611111112,0.35373263888888884,0.39822210205925845,0.4092512395646837,0.4134382837348514,0.4402860800425212,0.4402860800425212,97.69728772265007,97.69728772265007,0.16942993527135075,3.886761744817098,0.3356744911935594
4,pilot,14000,0.0979020979020979,2,0.25,0.9090711805555555,0.09092881944444446,0.022701342900594074,0.018287193237079512,0.12489691459470324,0.14959098233117,0.59836392932468,100.62960846992326,25.157402117480814,0.043628816231424616,3.886761744817098,0.3356744911935594
4,pilot,14000,0.0979020979020979,2,0.5,0.8103298611111112,0.18967013888888887,0.10209637218051466,0.09168209715021981,0.24979382918940649,0.29918196466234,0.59836392932468,100.62960846992326,50.31480423496163,0.08725763246284923,3.886761744817098,0.3356744911935594
4,pilot,14000,0.0979020979020979,2,0.75,0.6970486111111112,0.3029513888888889,0.29899371994866275,0.2831521663400862,0.3746906320254008,0.448772797981898,0.59836392932468,100.62960846992326,75.47220635244244,0.13088644869427385,3.886761744817098,0.3356744911935594
4,pilot,14000,0.0979020979020979,2,1.0,0.5583767361111112,0.44162326388888884,0.7172745333777533,0.6850358777576023,0.49958765837881297,0.59836392932468,0.59836392932468,100.62960846992326,100.62960846992326,0.17451526492569847,3.886761744817098,0.3356744911935594
4,pilot,14000,0.0979020979020979,3,0.25,0.9305555555555555,0.06944444444444446,0.01408166355556902,0.012019616241256395,0.1106023523542616,0.1462170531352361,0.5848682125409445,100.68493014346897,25.171232535867244,0.0436528014099962,3.886761744817098,0.3356744911935594
4,pilot,14000,0.0979020979020979,3,0.5,0.8493923611111112,0.15060763888888887,0.06029597918192545,0.05578224650687641,0.2212047047085232,0.2924341062704722,0.5848682125409445,100.68493014346897,50.34246507173449,0.0873056028199924,3.886761744817098,0.3356744911935594
4,pilot,14000,0.0979020979020979,3,0.75,0.7730034722222223,0.22699652777777776,0.16398255030314127,0.152447243531545,0.3318069014284346,0.4386509458223979,0.5848682125409445,100.68493014346897,75.51369760760173,0.13095840422998864,3.886761744817098,0.3356744911935594
4,pilot,14000,0.0979020979020979,3,1.0,0.665798611111111,0.3342013888888889,0.3790424399905736,0.3554160032007429,0.4424094094170464,0.5848682125409445,0.5848682125409445,100.68493014346897,100.68493014346897,0.1746112056399848,3.886761744817098,0.3356744911935594
4,pilot,14000,0.0979020979020979,4,0.25,0.9249131944444445,0.07508680555555554,-0.0030241277482775017,0.015047551546659736,0.1269281663828426,0.2111608617835575,0.84464344713423,101.72469609075239,25.431174022688097,0.044103600713774484,3.886761744817098,0.3356744911935594
4,pilot,14000,0.0979020979020979,4,0.5,0.8409288194444445,0.15907118055555555,0.0374332533942329,0.06983780860900879,0.2538563327656852,0.422321723567115,0.84464344713423,101.72469609075239,50.862348045376194,0.08820720142754897,3.886761744817098,0.3356744911935594
4,pilot,14000,0.0979020979020979,4,0.75,0.7356770833333334,0.2643229166666667,0.16763048701816116,0.20166695449087355,0.3807838161786397,0.6334790587425232,0.84464344713423,101.72469609075239,76.29352206806429,0.13231080214132346,3.886761744817098,0.3356744911935594
4,pilot,14000,0.0979020979020979,4,1.0,0.5462239583333334,0.4537760416666667,0.6756559213002523,0.6890197197596232,0.5077126655313704,0.84464344713423,0.84464344713423,101.72469609075239,101.72469609075239,0.17641440285509793,3.886761744817098,0.3356744911935594
4,pilot,14000,0.0979020979020979,5,0.25,0.9286024305555555,0.07139756944444446,0.00869313875834147,0.012132752790219255,0.09025238785478802,0.1396737645069758,0.5586950580279032,99.4469506001974,24.86173765004935,0.04311606492842875,3.886761744817098,0.3356744911935594
4,pilot,14000,0.0979020979020979,5,0.5,0.8639322916666666,0.13606770833333334,0.04402939478556315,0.05191762372851372,0.18050477570957604,0.2793475290139516,0.5586950580279032,99.4469506001974,49.7234753000987,0.0862321298568575,3.886761744817098,0.3356744911935594
4,pilot,14000,0.0979020979020979,5,0.75,0.7916666666666666,0.20833333333333334,0.11777096324496794,0.12431286689307956,0.27075710230403477,0.41902194089359707,0.5586950580279032,99.4469506001974,74.58521295014805,0.12934819478528622,3.886761744817098,0.3356744911935594
4,pilot,14000,0.0979020979020979,5,1.0,0.7202690972222223,0.27973090277777773,0.23345793618096256,0.23117907676431868,0.3610095514191521,0.5586950580279032,0.5586950580279032,99.4469506001974,99.4469506001974,0.172464259713715,3.886761744817098,0.3356744911935594
4,pilot,14000,0.0979020979020979,6,0.25,0.9177517361111112,0.08224826388888888,0.021477089987860836,0.012602221738133164,0.11036118037170833,0.17422138651212057,0.6968855460484823,114.32586043053038,28.581465107632596,0.04956694188782342,3.886761744817098,0.3356744911935594
4,pilot,14000,0.0979020979020979,6,0.5,0.8450520833333334,0.15494791666666666,0.08121358023749463,0.05877177003357145,0.22072236074341667,0.34844277302424115,0.6968855460484823,114.32586043053038,57.16293021526519,0.09913388377564684,3.886761744817098,0.3356744911935594
4,pilot,14000,0.0979020979020979,6,0.75,0.7595486111111112,0.24045138888888887,0.2061185042063395,0.1628918366299735,0.33108352290259463,0.5226641297340393,0.6968855460484823,114.32586043053038,85.74439532289779,0.14870082566347026,3.886761744817098,0.3356744911935594
4,pilot,14000,0.0979020979020979,6,1.0,0.661892361111111,0.3381076388888889,0.44860837194654685,0.37261678112877744,0.44144472148683334,0.6968855460484823,0.6968855460484823,114.32586043053038,114.32586043053038,0.1982677675512937,3.886761744817098,0.3356744911935594
4,pilot,14000,0.0979020979020979,7,0.25,0.9233940972222222,0.07660590277777779,0.025201665030585445,0.009732686604062716,0.08827192915810479,0.1550796346531974,0.6203185386127896,107.70316250140623,26.925790625351556,0.046695615294196115,3.886761744817098,0.3356744911935594
4,pilot,14000,0.0979020979020979,7,0.5,0.855685763888889,0.14431423611111108,0.07557400067647298,0.04142445532812013,0.17654385831620958,0.3101592693063948,0.6203185386127896,107.70316250140623,53.85158125070311,0.09339123058839223,3.886761744817098,0.3356744911935594
4,pilot,14000,0.0979020979020979,7,0.75,0.79296875,0.20703125,0.15728685590955957,0.10056057903501721,0.2648155887921651,0.4652385612328847,0.6203185386127896,107.70316250140623,80.77737187605467,0.14008684588258835,3.886761744817098,0.3356744911935594
4,pilot,14000,0.0979020979020979,7,1.0,0.7230902777777777,0.27690972222222227,0.2808573246002197,0.19607018099890816,0.35308771663241917,0.6203185386127896,0.6203185386127896,107.70316250140623,107.70316250140623,0.18678246117678446,3.886761744817098,0.3356744911935594
4,pilot,14000,0.0979020979020979,8,0.25,0.9309895833333334,0.06901041666666667,0.012771182590060715,0.008975754698945416,0.08517625017298591,0.1705339103937149,0.6821356415748596,117.81459896155583,29.453649740388958,0.051079513928636765,3.886761744817098,0.3356744911935594
4,pilot,14000,0.0979020979020979,8,0.5,0.8606770833333334,0.13932291666666666,0.04781479305691194,0.03895056868592898,0.17035250034597182,0.3410678207874298,0.6821356415748596,117.81459896155583,58.907299480777915,0.10215902785727353,3.886761744817098,0.3356744911935594
4,pilot,14000,0.0979020979020979,8,0.75,0.7944878472222223,0.20551215277777776,0.11196475558810774,0.0966351760758294,0.25552865862846375,0.5116015407774183,0.6821356415748596,117.81459896155583,88.36094922116688,0.1532385417859103,3.886761744817098,0.3356744911935594
4,pilot,14000,0.0979020979020979,8,1.0,0.7269965277777778,0.2730034722222222,0.21554711129930273,0.19218661553329888,0.34070500069194365,0.6821356415748596,0.6821356415748596,117.81459896155583,117.81459896155583,0.20431805571454706,3.886761744817098,0.3356744911935594
4,pilot,14000,0.0979020979020979,9,0.25,0.9309895833333334,0.06901041666666667,0.016785224278767902,0.01038376014265749,0.0869240015745163,0.2026270594861772,0.8105082379447088,121.07565649870902,30.268914124677256,0.05249337295255499,3.886761744817098,0.3356744911935594
4,pilot,14000,0.0979020979020979,9,0.5,0.863064236111111,0.13693576388888892,0.06074971622890901,0.04556460057695707,0.1738480031490326,0.4052541189723544,0.8105082379447088,121.07565649870902,60.53782824935451,0.10498674590510998,3.886761744817098,0.3356744911935594
4,pilot,14000,0.0979020979020979,9,0.75,0.7977430555555555,0.20225694444444445,0.14132444063822414,0.1142413392663002,0.2607719517416424,0.6078810095787048,0.8105082379447088,121.07565649870902,90.80674237403177,0.15748011885766497,3.886761744817098,0.3356744911935594
4,pilot,14000,0.0979020979020979,9,1.0,0.7293836805555555,0.2706163194444445,0.2732776535881891,0.23029044767220816,0.3476960062980652,0.8105082379447088,0.8105082379447088,121.07565649870902,121.07565649870902,0.20997349181021996,3.886761744817098,0.3356744911935594
4,pilot,14000,0.0979020979020979,10,0.25,0.918185763888889,0.08181423611111109,0.01290922694736052,0.01270150848560863,0.09473123566971885,0.2677198714680142,1.0708794858720567,134.76928075481473,33.69232018870368,0.05843035934548505,3.886761744817098,0.3356744911935594
4,pilot,14000,0.0979020979020979,10,0.5,0.8411458333333334,0.15885416666666666,0.05666987101236994,0.055593323790364794,0.1894624713394377,0.5354397429360284,1.0708794858720567,134.76928075481473,67.38464037740737,0.1168607186909701,3.886761744817098,0.3356744911935594
4,pilot,14000,0.0979020979020979,10,0.75,0.767578125,0.23242187500000003,0.14140958256191682,0.13612531705035105,0.2841934363047282,0.8031583825747172,1.0708794858720567,134.76928075481473,101.07696056611104,0.17529107803645513,3.886761744817098,0.3356744911935594
4,pilot,14000,0.0979020979020979,10,1.0,0.701171875,0.298828125,0.27625036239624023,0.2631688233878877,0.3789249426788754,1.0708794858720567,1.0708794858720567,134.76928075481473,134.76928075481473,0.2337214373819402,3.886761744817098,0.3356744911935594
4,pilot,72000,0.5034965034965035,1,0.25,0.9164496527777778,0.08355034722222221,0.014843304951985825,0.017633732511765424,0.1094209435913298,0.08598087065749697,0.3439234826299879,109.2963257029366,27.32408142573415,0.021042069186986184,3.738414446512858,0.34835444887479144
4,pilot,72000,0.5034965034965035,1,0.5,0.8114149305555555,0.18858506944444445,0.08545607990688753,0.08713556577761968,0.2188418871826596,0.17196174131499395,0.3439234826299879,109.2963257029366,54.6481628514683,0.04208413837397237,3.738414446512858,0.34835444887479144
4,pilot,72000,0.5034965034965035,1,0.75,0.6946614583333334,0.3053385416666667,0.27595538563198535,0.26928815576765275,0.3282627297772302,0.2579424778620402,0.3439234826299879,109.2963257029366,81.97224427720245,0.06312620756095853,3.738414446512858,0.34835444887479144
4,pilot,72000,0.5034965034965035,1,1.0,0.5572916666666666,0.4427083333333333,0.7003476884629992,0.6804670360353259,0.4376837743653192,0.3439234826299879,0.3439234826299879,109.2963257029366,109.2963257029366,0.08416827674794473,3.738414446512858,0.34835444887479144
4,pilot,72000,0.5034965034965035,2,0.25,0.9010416666666666,0.09895833333333333,0.0171002811855742,0.023627413022849292,0.13483387562963697,0.11606415030029087,0.46425660120116347,108.88887364028291,27.222218410070727,0.020963625246280964,3.738414446512858,0.34835444887479144
4,pilot,72000,0.5034965034965035,2,0.5,0.7899305555555557,0.21006944444444442,0.12170288297865135,0.12195314632521735,0.26966775125927395,0.23212830060058173,0.46425660120116347,108.88887364028291,54.444436820141455,0.04192725049256193,3.738414446512858,0.34835444887479144
4,pilot,72000,0.5034965034965035,2,0.75,0.6514756944444445,0.3485243055555555,0.4047839111751981,0.38148084614011973,0.4045016600026025,0.3481926454438103,0.46425660120116347,108.88887364028291,81.66665523021219,0.06289087573884289,3.738414446512858,0.34835444887479144
4,pilot,72000,0.5034965034965035,2,1.0,0.4904513888888889,0.509548611111111,0.9807112481858996,0.9297419720225865,0.5393355025185479,0.46425660120116347,0.46425660120116347,108.88887364028291,108.88887364028291,0.08385450098512386,3.738414446512858,0.34835444887479144
4,pilot,72000,0.5034965034965035,3,0.25,0.9181857638888888,0.08181423611111112,0.02370712492201088,0.01612351793381903,0.1187060210439894,0.1158222042851978,0.4632888171407912,127.63587189303688,31.90896797325922,0.024572855764742565,3.738414446512858,0.34835444887479144
4,pilot,72000,0.5034965034965035,3,0.5,0.830295138888889,0.16970486111111108,0.08159894413418245,0.07701020687818527,0.2374120420879788,0.2316444085703956,0.4632888171407912,127.63587189303688,63.81793594651844,0.04914571152948513,3.738414446512858,0.34835444887479144
4,pilot,72000,0.5034965034965035,3,0.75,0.7311197916666666,0.2688802083333333,0.2274188995361328,0.21782281332545814,0.3561178942521413,0.34746644894282025,0.4632888171407912,127.63587189303688,95.72690391977766,0.0737185672942277,3.738414446512858,0.34835444887479144
4,pilot,72000,0.5034965034965035,3,1.0,0.615234375,0.384765625,0.5231547090742326,0.496787663963106,0.4748240841759576,0.4632888171407912,0.4632888171407912,127.63587189303688,127.63587189303688,0.09829142305897026,3.738414446512858,0.34835444887479144
4,pilot,72000,0.5034965034965035,4,0.25,0.9051649305555555,0.09483506944444446,0.016641431384616528,0.02788558912773927,0.13724163174629211,0.17041798267099595,0.6816719306839838,136.07417593996797,34.01854398499199,0.02619742435325074,3.738414446512858,0.34835444887479144
4,pilot,72000,0.5034965034965035,4,0.5,0.7923177083333334,0.20768229166666666,0.09040305349561913,0.11118438508775498,0.27448326349258423,0.3408359653419919,0.6816719306839838,136.07417593996797,68.03708796998399,0.05239484870650148,3.738414446512858,0.34835444887479144
4,pilot,72000,0.5034965034965035,4,0.75,0.6727430555555557,0.3272569444444444,0.28660859002007405,0.30525174405839706,0.4117245309882694,0.5112483004728953,0.6816719306839838,136.07417593996797,102.05563195497598,0.07859227305975222,3.738414446512858,0.34835444887479144
4,pilot,72000,0.5034965034965035,4,1.0,0.4296875,0.5703125,1.1755172941419816,1.1868456999460857,0.5489665269851685,0.6816719306839838,0.6816719306839838,136.07417593996797,136.07417593996797,0.10478969741300297,3.738414446512858,0.34835444887479144
4,pilot,72000,0.5034965034965035,5,0.25,0.9144965277777778,0.08550347222222221,0.02050201098124201,0.015798395810027916,0.10046438127756119,0.10132485214206909,0.40529940856827634,244.73285462689537,61.183213656723844,0.04711673174983413,3.738414446512858,0.34835444887479144
4,pilot,72000,0.5034965034965035,5,0.5,0.8413628472222222,0.1586371527777778,0.07256786028544122,0.06349069832099809,0.20092876255512238,0.20264970428413817,0.40529940856827634,244.73285462689537,122.36642731344769,0.09423346349966825,3.738414446512858,0.34835444887479144
4,pilot,72000,0.5034965034965035,5,0.75,0.7610677083333334,0.23893229166666666,0.16478268305460628,0.1493183672428131,0.30139294266700745,0.30397436685032314,0.40529940856827634,244.73285462689537,183.5496409701715,0.14135019524950235,3.738414446512858,0.34835444887479144
4,pilot,72000,0.5034965034965035,5,1.0,0.6918402777777777,0.30815972222222227,0.29621436860826283,0.27040500442186993,0.40185752511024475,0.40529940856827634,0.40529940856827634,244.73285462689537,244.73285462689537,0.1884669269993365,3.738414446512858,0.34835444887479144
4,pilot,72000,0.5034965034965035,6,0.25,0.9064670138888888,0.09353298611111112,0.031072987450493805,0.019587890141540106,0.11982104347811805,0.12790785233179727,0.5116314093271891,317.48604206545116,79.37151051636279,0.06112340209131232,3.738414446512858,0.34835444887479144
4,pilot,72000,0.5034965034965035,6,0.5,0.8140190972222222,0.1859809027777778,0.11601347393459764,0.08782980756627189,0.2396420869562361,0.25581570466359455,0.5116314093271891,317.48604206545116,158.74302103272558,0.12224680418262464,3.738414446512858,0.34835444887479144
4,pilot,72000,0.5034965034965035,6,0.75,0.7083333333333334,0.2916666666666667,0.2912002669440376,0.2354945656326082,0.3594628969828288,0.3837233053313361,0.5116314093271891,317.48604206545116,238.11453154908838,0.18337020627393696,3.738414446512858,0.34835444887479144
4,pilot,72000,0.5034965034965035,6,1.0,0.5920138888888888,0.40798611111111116,0.6211645868089465,0.5213008787896899,0.4792841739124722,0.5116314093271891,0.5116314093271891,317.48604206545116,317.48604206545116,0.24449360836524928,3.738414446512858,0.34835444887479144
4,pilot,72000,0.5034965034965035,7,0.25,0.9231770833333334,0.07682291666666667,0.023967928356594708,0.012449146144919924,0.09469915264182621,0.11232302006747986,0.44929208026991946,341.93707603947064,85.48426900986766,0.0658307913403623,3.738414446512858,0.34835444887479144
4,pilot,72000,0.5034965034965035,7,0.5,0.8454861111111112,0.15451388888888887,0.07825009028116876,0.05290608232220014,0.18939830528365242,0.22464604013495973,0.44929208026991946,341.93707603947064,170.96853801973532,0.1316615826807246,3.738414446512858,0.34835444887479144
4,pilot,72000,0.5034965034965035,7,0.75,0.7721354166666666,0.22786458333333334,0.1736372311909995,0.13138683554199007,0.2840973767969343,0.336968955066469,0.44929208026991946,341.93707603947064,256.452807029603,0.19749237402108688,3.738414446512858,0.34835444887479144
4,pilot,72000,0.5034965034965035,7,1.0,0.687282986111111,0.3127170138888889,0.326657745573256,0.26386935346656376,0.37879661056730485,0.44929208026991946,0.44929208026991946,341.93707603947064,341.93707603947064,0.2633231653614492,3.738414446512858,0.34835444887479144
4,pilot,72000,0.5034965034965035,8,0.25,0.9157986111111112,0.08420138888888888,0.016036589940389145,0.013187280752592618,0.09758594383796056,0.13326199849446616,0.5330479939778646,450.26203879261834,112.56550969815459,0.08668585070552988,3.738414446512858,0.34835444887479144
4,pilot,72000,0.5034965034965035,8,0.5,0.8389756944444443,0.16102430555555558,0.06451537874009879,0.05650179419252607,0.1951718876759211,0.2665239969889323,0.5330479939778646,450.26203879261834,225.13101939630917,0.17337170141105976,3.738414446512858,0.34835444887479144
4,pilot,72000,0.5034965034965035,8,0.75,0.7688802083333334,0.2311197916666667,0.15360736846923842,0.14052809526522955,0.29275768995285034,0.39978580342398745,0.5330479939778646,450.26203879261834,337.69652909446376,0.26005755211658965,3.738414446512858,0.34835444887479144
4,pilot,72000,0.5034965034965035,8,1.0,0.6870659722222222,0.3129340277777778,0.3051502969529894,0.28268598185645205,0.3903437753518422,0.5330479939778646,0.5330479939778646,450.26203879261834,450.26203879261834,0.3467434028221195,3.738414446512858,0.34835444887479144
4,pilot,72000,0.5034965034965035,9,0.25,0.9138454861111112,0.08615451388888888,0.032430066002740045,0.018240728519029085,0.11719695975383122,0.21298272411028543,0.8519308964411417,448.5897652789542,112.14744131973855,0.08636389939794681,3.738414446512858,0.34835444887479144
4,pilot,72000,0.5034965034965035,9,0.5,0.8138020833333334,0.18619791666666666,0.11460778448316795,0.08334377987517251,0.23439391950766245,0.42596544822057086,0.8519308964411417,448.5897652789542,224.2948826394771,0.17272779879589362,3.738414446512858,0.34835444887479144
4,pilot,72000,0.5034965034965035,9,0.75,0.7122395833333334,0.2877604166666667,0.27371528413560675,0.2220627334382799,0.3515904810693529,0.6389474338955349,0.8519308964411417,448.5897652789542,336.4423239592156,0.2590916981938404,3.738414446512858,0.34835444887479144
4,pilot,72000,0.5034965034965035,9,1.0,0.6148003472222222,0.38519965277777785,0.5562727716233996,0.4814636839760675,0.4687878390153249,0.8519308964411417,0.8519308964411417,448.5897652789542,448.5897652789542,0.34545559759178723,3.738414446512858,0.34835444887479144
4,pilot,72000,0.5034965034965035,10,0.25,0.9077690972222222,0.09223090277777779,0.011283000310262045,0.02155000447399087,0.12304245680570602,0.278320140308804,1.113280561235216,571.822597300683,142.95564932517075,0.11008906820698201,3.738414446512858,0.34835444887479144
4,pilot,72000,0.5034965034965035,10,0.5,0.818359375,0.181640625,0.07322480943467902,0.09001168691449696,0.24608491361141205,0.556640280617608,1.113280561235216,571.822597300683,285.9112986503415,0.22017813641396403,3.738414446512858,0.34835444887479144
4,pilot,72000,0.5034965034965035,10,0.75,0.7384982638888888,0.2615017361111111,0.1931949721442329,0.21396647062566546,0.36912686294979524,0.834958016872406,1.113280561235216,571.822597300683,428.86694797551235,0.33026720462094605,3.738414446512858,0.34835444887479144
4,pilot,72000,0.5034965034965035,10,1.0,0.6625434027777778,0.33745659722222215,0.38556257883707695,0.4067664775583479,0.4921698272228241,1.113280561235216,1.113280561235216,571.822597300683,571.822597300683,0.44035627282792805,3.738414446512858,0.34835444887479144
4,pilot,143000,1.0,1,0.25,0.8589409722222222,0.1410590277777778,0.01385158962673616,0.029858653330140646,0.12007824745443134,0.05058175118433105,0.2023270047373242,99.15034639809714,24.787586599524285,0.014718454028788233,3.76750479804145,0.3473371167977651
4,pilot,143000,1.0,1,0.5,0.7803819444444443,0.21961805555555558,0.0873367256588405,0.11054578257931603,0.24015649490886268,0.1011635023686621,0.2023270047373242,99.15034639809714,49.57517319904857,0.029436908057576466,3.76750479804145,0.3473371167977651
4,pilot,143000,1.0,1,0.75,0.6608072916666666,0.3391927083333333,0.30452754762437584,0.3311455051104228,0.36023439301384824,0.15174509916040632,0.2023270047373242,99.15034639809714,74.36275979857285,0.0441553620863647,3.76750479804145,0.3473371167977651
4,pilot,143000,1.0,1,1.0,0.5206163194444444,0.4793836805555556,0.7809365060594348,0.8002589146296183,0.48031298981772536,0.2023270047373242,0.2023270047373242,99.15034639809714,99.15034639809714,0.05887381611515293,3.76750479804145,0.3473371167977651
4,pilot,143000,1.0,2,0.25,0.8465711805555555,0.15342881944444445,0.01712804370456252,0.03948048750559489,0.1537933647632599,0.07201374818881352,0.2880549927552541,95.87990047944112,23.96997511986028,0.014232970017324398,3.76750479804145,0.3473371167977651
4,pilot,143000,1.0,2,0.5,0.7504340277777778,0.2495659722222222,0.13797677887810597,0.15814007984267342,0.3075867295265198,0.14402749637762705,0.2880549927552541,95.87990047944112,47.93995023972056,0.028465940034648796,3.76750479804145,0.3473371167977651
4,pilot,143000,1.0,2,0.75,0.597439236111111,0.4025607638888889,0.4679838286505806,0.46820950508117676,0.4613800346851349,0.21604136791494158,0.2880549927552541,95.87990047944112,71.90992535958084,0.0426989100519732,3.76750479804145,0.3473371167977651
4,pilot,143000,1.0,2,1.0,0.443359375,0.556640625,1.0910951296488443,1.0870667497316997,0.6151734590530396,0.2880549927552541,0.2880549927552541,95.87990047944112,95.87990047944112,0.05693188006929759,3.76750479804145,0.3473371167977651
4,pilot,143000,1.0,3,0.25,0.859375,0.140625,0.015145884619818842,0.03174320153064198,0.13020559151967367,0.07121884905629687,0.2848753962251875,139.14175116175898,34.785437790439744,0.02065501072216874,3.76750479804145,0.3473371167977651
4,pilot,143000,1.0,3,0.5,0.7779947916666666,0.22200520833333334,0.09894106123182504,0.1142734967999988,0.26041118303934735,0.14243769811259374,0.2848753962251875,139.14175116175898,69.57087558087949,0.04131002144433748,3.76750479804145,0.3473371167977651
4,pilot,143000,1.0,3,0.75,0.681423611111111,0.3185763888888889,0.2898963027530246,0.29440540406439036,0.3906166652838389,0.21365662084685433,0.2848753962251875,139.14175116175898,104.35631337131923,0.06196503216650621,3.76750479804145,0.3473371167977651
4,pilot,143000,1.0,3,1.0,0.5596788194444445,0.4403211805555555,0.6761479377746583,0.6631738278600904,0.5208223660786947,0.2848753962251875,0.2848753962251875,139.14175116175898,139.14175116175898,0.08262004288867496,3.76750479804145,0.3473371167977651
4,pilot,143000,1.0,4,0.25,0.8474392361111112,0.15256076388888887,0.02106634775797526,0.05024119094014168,0.1536450468831592,0.10603238476647271,0.42412953906589085,156.8742239837906,39.21855599594765,0.023287322111176834,3.76750479804145,0.3473371167977651
4,pilot,143000,1.0,4,0.5,0.7560763888888888,0.24392361111111113,0.11203585730658643,0.15310019585821363,0.3072900937663184,0.21206476953294542,0.42412953906589085,156.8742239837906,78.4371119918953,0.04657464422235367,3.76750479804145,0.3473371167977651
4,pilot,143000,1.0,4,0.75,0.6325954861111112,0.36740451388888884,0.373453458150228,0.42160462008582217,0.46093469858169556,0.3180966642167833,0.42412953906589085,156.8742239837906,117.65566798784296,0.06986196633353052,3.76750479804145,0.3473371167977651
4,pilot,143000,1.0,4,1.0,0.40256076388888884,0.5974392361111112,1.3510966830783417,1.4160001542833118,0.6145801875326368,0.42412953906589085,0.42412953906589085,156.8742239837906,156.8742239837906,0.09314928844470734,3.76750479804145,0.3473371167977651
4,pilot,143000,1.0,5,0.25,0.8561197916666666,0.14388020833333334,0.03184586101108122,0.030064082187083035,0.1165877663426929,0.06800475551022424,0.27201902204089695,357.70679823333677,89.42669955833419,0.053100077375861164,3.76750479804145,0.3473371167977651
4,pilot,143000,1.0,5,0.5,0.7981770833333334,0.20182291666666666,0.10642494095696338,0.09383589029312134,0.2331755326853858,0.13600951102044848,0.27201902204089695,357.70679823333677,178.85339911666838,0.10620015475172233,3.76750479804145,0.3473371167977651
4,pilot,143000,1.0,5,0.75,0.7298177083333334,0.2701822916666667,0.2261756791008843,0.2029423846138848,0.34976322452227276,0.20401422182718912,0.27201902204089695,357.70679823333677,268.2800986750026,0.15930023212758349,3.76750479804145,0.3473371167977651
4,pilot,143000,1.0,5,1.0,0.654296875,0.345703125,0.39723136689927846,0.3572770290904575,0.4663510653707716,0.27201902204089695,0.27201902204089695,357.70679823333677,357.70679823333677,0.21240030950344466,3.76750479804145,0.3473371167977651
4,pilot,143000,1.0,6,0.25,0.8322482638888888,0.16775173611111113,0.038061088985866874,0.03663852935036024,0.15333886610137093,0.09657611035638386,0.38630444142553544,414.5419892108767,103.63549730271917,0.06153702364997297,3.76750479804145,0.3473371167977651
4,pilot,143000,1.0,6,0.5,0.7415364583333334,0.2584635416666667,0.1410832405090332,0.13218874235947928,0.30667773220274186,0.19315222071276772,0.38630444142553544,414.5419892108767,207.27099460543835,0.12307404729994594,3.76750479804145,0.3473371167977651
4,pilot,143000,1.0,6,0.75,0.6319444444444445,0.3680555555555555,0.3778248098161486,0.33798007170359295,0.460016409556071,0.28972822427749634,0.38630444142553544,414.5419892108767,310.90649190815753,0.1846110709499189,3.76750479804145,0.3473371167977651
4,pilot,143000,1.0,6,1.0,0.517361111111111,0.4826388888888889,0.8477967050340438,0.7498767177263895,0.6133554644054837,0.38630444142553544,0.38630444142553544,414.5419892108767,414.5419892108767,0.24614809459989187,3.76750479804145,0.3473371167977651
4,pilot,143000,1.0,7,0.25,0.8559027777777777,0.14409722222222224,0.02311751577589242,0.02547362219128344,0.13887175752056968,0.10999669465753768,0.43998677863015073,491.7625051897666,122.94062629744165,0.0730000861182692,3.76750479804145,0.3473371167977651
4,pilot,143000,1.0,7,0.5,0.7960069444444445,0.20399305555555555,0.08700129720899774,0.08008809718820785,0.27774351504113937,0.21999338931507537,0.43998677863015073,491.7625051897666,245.8812525948833,0.1460001722365384,3.76750479804145,0.3473371167977651
4,pilot,143000,1.0,7,0.75,0.7105034722222222,0.2894965277777778,0.20733986960517026,0.1866190019581053,0.4166153073310852,0.32999009225103587,0.43998677863015073,491.7625051897666,368.82187889232495,0.2190002583548076,3.76750479804145,0.3473371167977651
4,pilot,143000,1.0,7,1.0,0.6295572916666666,0.3704427083333333,0.4053575727674696,0.36364860998259657,0.5554870300822787,0.43998677863015073,0.43998677863015073,491.7625051897666,491.7625051897666,0.2920003444730768,3.76750479804145,0.3473371167977651
4,pilot,143000,1.0,8,0.25,0.8587239583333334,0.14127604166666666,0.014277776082356622,0.023540104015005957,0.1521730770667394,0.13218487136893803,0.5287394854757521,611.4993451643071,152.87483629107678,0.09077451897442583,3.76750479804145,0.3473371167977651
4,pilot,143000,1.0,8,0.5,0.8042534722222223,0.19574652777777776,0.06686846415201823,0.07405624124738905,0.3043461541334788,0.26436974273787606,0.5287394854757521,611.4993451643071,305.74967258215355,0.18154903794885166,3.76750479804145,0.3473371167977651
4,pilot,143000,1.0,8,0.75,0.7384982638888888,0.2615017361111111,0.16864326265123145,0.16961334149042764,0.4565188752280341,0.3965542713801066,0.5287394854757521,611.4993451643071,458.6245088732303,0.2723235569232774,3.76750479804145,0.3473371167977651
4,pilot,143000,1.0,8,1.0,0.6597222222222222,0.34027777777777785,0.33517501089307994,0.3316036628352271,0.6086923082669576,0.5287394854757521,0.5287394854757521,611.4993451643071,611.4993451643071,0.3630980758977033,3.76750479804145,0.3473371167977651
4,pilot,143000,1.0,9,0.25,0.8513454861111112,0.14865451388888887,0.03501478830973307,0.027103714024027187,0.16508587035867903,0.1611319796906577,0.6445279187626308,622.6277418583601,155.65693546459002,0.09242648289695106,3.76750479804145,0.3473371167977651
4,pilot,143000,1.0,9,0.5,0.7717013888888888,0.22829861111111113,0.11373970243665903,0.09635190003448062,0.33017174071735805,0.3222639593813154,0.6445279187626308,622.6277418583601,311.31387092918004,0.18485296579390212,3.76750479804145,0.3473371167977651
4,pilot,143000,1.0,9,0.75,0.6827256944444445,0.3172743055555555,0.2651466528574627,0.23549459874629974,0.49525784121619326,0.4833961162302229,0.6445279187626308,622.6277418583601,466.9708063937701,0.2772794486908532,3.76750479804145,0.3473371167977651
4,pilot,143000,1.0,9,1.0,0.5930989583333334,0.4069010416666667,0.5146903726789686,0.4713544514444139,0.6603434814347161,0.6445279187626308,0.6445279187626308,622.6277418583601,622.6277418583601,0.36970593158780424,3.76750479804145,0.3473371167977651
4,pilot,143000,1.0,10,0.25,0.806857638888889,0.19314236111111108,0.0706760618421766,0.06310768384072517,0.18316180010636648,0.21146163013246325,0.845846520529853,757.638226504098,189.4095566260245,0.11246822439207559,3.76750479804145,0.3473371167977651
4,pilot,143000,1.0,10,0.5,0.7046440972222223,0.29535590277777773,0.26074356502956836,0.24046586950620016,0.36632360021273297,0.4229232602649265,0.845846520529853,757.638226504098,378.819113252049,0.22493644878415117,3.76750479804145,0.3473371167977651
4,pilot,143000,1.0,10,0.75,0.607421875,0.392578125,0.5595377816094292,0.5238041480382284,0.5494852397176954,0.6343852082888285,0.845846520529853,757.638226504098,568.2286698780736,0.3374046731762268,3.76750479804145,0.3473371167977651
4,pilot,143000,1.0,10,1.0,0.5173611111111112,0.48263888888888884,0.9300764931572808,0.8876515825589498,0.7326472004254659,0.845846520529853,0.845846520529853,757.638226504098,757.638226504098,0.44987289756830234,3.76750479804145,0.3473371167977651
6,confirmatory,14000,0.0979020979020979,1,0.25,0.9301215277777778,0.06987847222222221,0.015213727951049805,0.015177707084351117,0.10790821330414878,0.11647985710038078,0.4659194284015231,97.88249620570268,24.47062405142567,0.042884390331692335,3.8302162488301597,0.34785329964425826
6,confirmatory,14000,0.0979020979020979,1,0.5,0.8381076388888888,0.16189236111111113,0.08382844924926758,0.07760333600971435,0.21581642660829756,0.23295971420076156,0.4659194284015231,97.88249620570268,48.94124810285134,0.08576878066338467,3.8302162488301597,0.34785329964425826
6,confirmatory,14000,0.0979020979020979,1,0.75,0.7176649305555555,0.2823350694444445,0.2654403315650091,0.24568103584978315,0.3237245778242747,0.34943950176239014,0.4659194284015231,97.88249620570268,73.411872154277,0.12865317099507703,3.8302162488301597,0.34785329964425826
6,confirmatory,14000,0.0979020979020979,1,1.0,0.5846354166666666,0.4153645833333333,0.6223341888851589,0.5865197479724884,0.4316328532165951,0.4659194284015231,0.4659194284015231,97.88249620570268,97.88249620570268,0.17153756132676934,3.8302162488301597,0.34785329964425826
6,confirmatory,14000,0.0979020979020979,2,0.25,0.9281684027777777,0.07183159722222225,0.006555557250976414,0.013933976491292318,0.10420690228541692,0.13015062941445243,0.5206025176578097,102.92760785747144,25.73190196436786,0.045094760374633856,3.8302162488301597,0.34785329964425826
6,confirmatory,14000,0.0979020979020979,2,0.5,0.8428819444444445,0.15711805555555555,0.059498760435316246,0.06727798407276471,0.20841380457083383,0.26030125882890487,0.5206025176578097,102.92760785747144,51.46380392873572,0.09018952074926771,3.8302162488301597,0.34785329964425826
6,confirmatory,14000,0.0979020979020979,2,0.75,0.74609375,0.25390625,0.19907522201538072,0.19453938802083334,0.31262072920799255,0.3904518749978807,0.5206025176578097,102.92760785747144,77.19570589310358,0.13528428112390153,3.8302162488301597,0.34785329964425826
6,confirmatory,14000,0.0979020979020979,2,1.0,0.6282552083333334,0.3717447916666667,0.48199033737182645,0.4509906868139903,0.41682760914166767,0.5206025176578097,0.5206025176578097,102.92760785747144,102.92760785747144,0.18037904149853543,3.8302162488301597,0.34785329964425826
6,confirmatory,14000,0.0979020979020979,3,0.25,0.9281684027777777,0.07183159722222225,0.014031277762519037,0.013763977214694023,0.10633298175202475,0.14526016844643488,0.5810406737857395,102.83974831572668,25.70993707893167,0.04505626725248637,3.8302162488301597,0.34785329964425826
6,confirmatory,14000,0.0979020979020979,3,0.5,0.8446180555555555,0.15538194444444445,0.06672128041585286,0.06687431285778682,0.2126659635040495,0.29052033689286977,0.5810406737857395,102.83974831572668,51.41987415786334,0.09011253450497274,3.8302162488301597,0.34785329964425826
6,confirmatory,14000,0.0979020979020979,3,0.75,0.7467447916666666,0.2532552083333333,0.20572031868828647,0.19133634203010133,0.31899886661105686,0.43578039275275343,0.5810406737857395,102.83974831572668,77.129811236795,0.1351688017574591,3.8302162488301597,0.34785329964425826
6,confirmatory,14000,0.0979020979020979,3,1.0,0.626953125,0.373046875,0.48837253782484275,0.4482773906654782,0.425331927008099,0.5810406737857395,0.5810406737857395,102.83974831572668,102.83974831572668,0.18022506900994548,3.8302162488301597,0.34785329964425826
6,confirmatory,14000,0.0979020979020979,4,0.25,0.9129774305555555,0.08702256944444446,0.012746307584974451,0.01940932994087537,0.12421782563130061,0.2082922591103448,0.8331690364413792,100.46288057123236,25.11572014280809,0.04401491125858636,3.8302162488301597,0.34785329964425826
6,confirmatory,14000,0.0979020979020979,4,0.5,0.8135850694444445,0.18641493055555555,0.08947592311435286,0.10101689232720268,0.24843565126260123,0.4165845182206896,0.8331690364413792,100.46288057123236,50.23144028561618,0.08802982251717272,3.8302162488301597,0.34785329964425826
6,confirmatory,14000,0.0979020979020979,4,0.75,0.6827256944444443,0.3172743055555556,0.3252704408433704,0.3250174952877893,0.37265340487162274,0.6248765521579318,0.8331690364413792,100.46288057123236,75.34716042842427,0.1320447337757591,3.8302162488301597,0.34785329964425826
6,confirmatory,14000,0.0979020979020979,4,1.0,0.4563802083333333,0.5436197916666666,1.0565301047431097,1.0445287028948467,0.49687130252520245,0.8331690364413792,0.8331690364413792,100.46288057123236,100.46288057123236,0.17605964503434543,3.8302162488301597,0.34785329964425826
6,confirmatory,14000,0.0979020979020979,5,0.25,0.9359809027777777,0.06401909722222225,0.015320168601142084,0.011178687007890807,0.09443171239561504,0.1492482821146647,0.5969931284586588,101.10979535123494,25.277448837808734,0.04429833829623229,3.8302162488301597,0.34785329964425826
6,confirmatory,14000,0.0979020979020979,5,0.5,0.865234375,0.134765625,0.05644530720180926,0.05008018306559986,0.18886342479123008,0.2984965642293294,0.5969931284586588,101.10979535123494,50.55489767561747,0.08859667659246458,3.8302162488301597,0.34785329964425826
6,confirmatory,14000,0.0979020979020979,5,0.75,0.7955729166666666,0.20442708333333337,0.1415035194820827,0.12891028655899897,0.28329505523045856,0.4477447205119663,0.5969931284586588,101.10979535123494,75.8323465134262,0.13289501488869687,3.8302162488301597,0.34785329964425826
6,confirmatory,14000,0.0979020979020979,5,1.0,0.7202690972222223,0.27973090277777773,0.2909433576795791,0.26503551999727887,0.37772684958246017,0.5969931284586588,0.5969931284586588,101.10979535123494,101.10979535123494,0.17719335318492915,3.8302162488301597,0.34785329964425826
6,confirmatory,14000,0.0979020979020979,6,0.25,0.9388020833333334,0.061197916666666664,0.00944662094116211,0.008537405739641851,0.08532176829046673,0.13376451200909084,0.5350580480363634,101.15678307528621,25.289195768821553,0.04431892461122346,3.8302162488301597,0.34785329964425826
6,confirmatory,14000,0.0979020979020979,6,0.5,0.8825954861111112,0.11740451388888888,0.04217269685533317,0.03616136333180798,0.17064353658093345,0.2675290240181817,0.5350580480363634,101.15678307528621,50.57839153764311,0.08863784922244693,3.8302162488301597,0.34785329964425826
6,confirmatory,14000,0.0979020979020979,6,0.75,0.8211805555555555,0.17881944444444445,0.10271101527743864,0.08720699118243325,0.255965252717336,0.4012934664885203,0.5350580480363634,101.15678307528621,75.86758730646466,0.13295677383367038,3.8302162488301597,0.34785329964425826
6,confirmatory,14000,0.0979020979020979,6,1.0,0.7562934027777778,0.2437065972222222,0.19716986020406072,0.1680924081140094,0.3412870731618669,0.5350580480363634,0.5350580480363634,101.15678307528621,101.15678307528621,0.17727569844489385,3.8302162488301597,0.34785329964425826
6,confirmatory,14000,0.0979020979020979,7,0.25,0.9266493055555555,0.07335069444444446,0.026137828826904148,0.011111398951874837,0.10730615672138001,0.1845631764994727,0.7382527059978908,112.73167665494627,28.182919163736567,0.04939013012354285,3.8302162488301597,0.34785329964425826
6,confirmatory,14000,0.0979020979020979,7,0.5,0.8506944444444445,0.14930555555555555,0.08723002009921614,0.04980473220348358,0.21461231344276002,0.3691263529989454,0.7382527059978908,112.73167665494627,56.365838327473135,0.0987802602470857,3.8302162488301597,0.34785329964425826
6,confirmatory,14000,0.0979020979020979,7,0.75,0.763671875,0.236328125,0.19788206948174367,0.12938554088274637,0.32191821932792664,0.5536890625953674,0.7382527059978908,112.73167665494627,84.5487574912097,0.14817039037062857,3.8302162488301597,0.34785329964425826
6,confirmatory,14000,0.0979020979020979,7,1.0,0.6861979166666666,0.3138020833333333,0.38871230019463443,0.2799248728487227,0.42922462688552004,0.7382527059978908,0.7382527059978908,112.73167665494627,112.73167665494627,0.1975605204941714,3.8302162488301597,0.34785329964425826
6,confirmatory,14000,0.0979020979020979,8,0.25,0.9259982638888888,0.07400173611111112,0.014097028308444504,0.010974765134354433,0.1022307922442754,0.20435534417629242,0.8174213767051697,115.99809641730313,28.999524104325783,0.05082121765712686,3.8302162488301597,0.34785329964425826
6,confirmatory,14000,0.0979020979020979,8,0.5,0.8480902777777777,0.15190972222222224,0.057553026411268395,0.04781374749210146,0.2044615844885508,0.40871068835258484,0.8174213767051697,115.99809641730313,57.999048208651566,0.10164243531425372,3.8302162488301597,0.34785329964425826
6,confirmatory,14000,0.0979020979020979,8,0.75,0.777560763888889,0.22243923611111108,0.1393519242604572,0.11788460777865516,0.30669262674119735,0.6130664149920145,0.8174213767051697,115.99809641730313,86.99857231297734,0.1524636529713806,3.8302162488301597,0.34785329964425826
6,confirmatory,14000,0.0979020979020979,8,1.0,0.7087673611111112,0.2912326388888889,0.27101831965976303,0.2307179205947452,0.4089231689771016,0.8174213767051697,0.8174213767051697,115.99809641730313,115.99809641730313,0.20328487062850745,3.8302162488301597,0.34785329964425826
6,confirmatory,14000,0.0979020979020979,9,0.25,0.9264322916666666,0.07356770833333333,0.005469878514607895,0.010470942594110966,0.09437626517481273,0.22396288481023574,0.895851539240943,121.46989312160325,30.367473280400812,0.05321852743955968,3.8302162488301597,0.34785329964425826
6,confirmatory,14000,0.0979020979020979,9,0.5,0.8556857638888888,0.14431423611111113,0.03794278038872608,0.04523221775889397,0.18875253034962547,0.4479257696204715,0.895851539240943,121.46989312160325,60.734946560801625,0.10643705487911936,3.8302162488301597,0.34785329964425826
6,confirmatory,14000,0.0979020979020979,9,0.75,0.78515625,0.21484375000000003,0.10434132152133528,0.11022041903601752,0.2831286357508765,0.6718882587220932,0.895851539240943,121.46989312160325,91.10241984120243,0.15965558231867905,3.8302162488301597,0.34785329964425826
6,confirmatory,14000,0.0979020979020979,9,1.0,0.7237413194444445,0.2762586805555555,0.2137982315487331,0.21340440213680267,0.37750506069925094,0.895851539240943,0.895851539240943,121.46989312160325,121.46989312160325,0.21287410975823873,3.8302162488301597,0.34785329964425826
6,confirmatory,14000,0.0979020979020979,10,0.25,0.9108072916666666,0.0891927083333333,0.03531792428758399,0.017464306722912524,0.09971101416481866,0.2759452263514201,1.1037809054056804,128.50290092624428,32.12572523156107,0.05629983680120725,3.8302162488301597,0.34785329964425826
6,confirmatory,14000,0.0979020979020979,10,0.5,0.8292100694444443,0.17078993055555558,0.11095719867282439,0.07248583767149185,0.19942202832963732,0.5518904527028402,1.1037809054056804,128.50290092624428,64.25145046312214,0.1125996736024145,3.8302162488301597,0.34785329964425826
6,confirmatory,14000,0.0979020979020979,10,0.75,0.7552083333333334,0.24479166666666666,0.23205304145812988,0.16903789838155112,0.2991328703032599,0.8278348180982801,1.1037809054056804,128.50290092624428,96.37717569468322,0.1688995104036218,3.8302162488301597,0.34785329964425826
6,confirmatory,14000,0.0979020979020979,10,1.0,0.6907552083333334,0.3092447916666667,0.4052749474843343,0.3138347069422404,0.39884405665927464,1.1037809054056804,1.1037809054056804,128.50290092624428,128.50290092624428,0.225199347204829,3.8302162488301597,0.34785329964425826
6,confirmatory,72000,0.5034965034965035,1,0.25,0.9203559027777778,0.07964409722222221,0.018186860614352707,0.016681220278971728,0.11188991036680009,0.08857453283336429,0.35429813133345717,106.7204375562266,26.68010938905665,0.023377017486043445,3.6699788835313587,0.37186567319764025
6,confirmatory,72000,0.5034965034965035,1,0.5,0.8359375,0.1640625,0.09218102031283903,0.08576086743010414,0.22377982073360017,0.17714906566672858,0.35429813133345717,106.7204375562266,53.3602187781133,0.04675403497208689,3.6699788835313587,0.37186567319764025
6,confirmatory,72000,0.5034965034965035,1,0.75,0.7233072916666666,0.2766927083333333,0.29331848356458873,0.282750752237108,0.335669434732861,0.2657233277956645,0.35429813133345717,106.7204375562266,80.04032816716995,0.07013105245813034,3.6699788835313587,0.37186567319764025
6,confirmatory,72000,0.5034965034965035,1,1.0,0.5733506944444444,0.4266493055555556,0.7929642995198569,0.7643024126688639,0.44755964146720034,0.35429813133345717,0.35429813133345717,106.7204375562266,106.7204375562266,0.09350806994417378,3.6699788835313587,0.37186567319764025
6,confirmatory,72000,0.5034965034965035,2,0.25,0.9181857638888888,0.08181423611111112,0.014060921139187332,0.015825032877425354,0.11141250862015618,0.10514944377872677,0.4205977751149071,107.3042163684391,26.826054092109775,0.023504893718689922,3.6699788835313587,0.37186567319764025
6,confirmatory,72000,0.5034965034965035,2,0.5,0.8372395833333334,0.16276041666666666,0.0781795978546141,0.07856735504335828,0.22282501724031237,0.21029888755745355,0.4205977751149071,107.3042163684391,53.65210818421955,0.047009787437379845,3.6699788835313587,0.37186567319764025
6,confirmatory,72000,0.5034965034965035,2,0.75,0.7398003472222222,0.2601996527777778,0.23544597625732408,0.23224264052179125,0.3342371947235531,0.3154480324851142,0.4205977751149071,107.3042163684391,80.47816227632933,0.07051468115606976,3.6699788835313587,0.37186567319764025
6,confirmatory,72000,0.5034965034965035,2,1.0,0.6095920138888888,0.39040798611111116,0.5819150341881646,0.5691659980350071,0.44565003448062473,0.4205977751149071,0.4205977751149071,107.3042163684391,107.3042163684391,0.09401957487475969,3.6699788835313587,0.37186567319764025
6,confirmatory,72000,0.5034965034965035,3,0.25,0.9114583333333334,0.08854166666666667,0.017815219031439938,0.018797494678033724,0.12008766747183271,0.11776973555485408,0.4710789422194163,108.58998505631764,27.14749626407941,0.023786540212911867,3.6699788835313587,0.37186567319764025
6,confirmatory,72000,0.5034965034965035,3,0.5,0.8257378472222222,0.1742621527777778,0.08525490760803207,0.088532868358824,0.24017533494366541,0.23553947110970816,0.4710789422194163,108.58998505631764,54.29499252815882,0.047573080425823734,3.6699788835313587,0.37186567319764025
6,confirmatory,72000,0.5034965034965035,3,0.75,0.7059461805555557,0.2940538194444444,0.2608305348290337,0.2649025585916307,0.36026305622524685,0.35330935981538564,0.4710789422194163,108.58998505631764,81.44248879223824,0.07135962063873562,3.6699788835313587,0.37186567319764025
6,confirmatory,72000,0.5034965034965035,3,1.0,0.5705295138888888,0.42947048611111116,0.652304967244466,0.6611291766166687,0.48035066988733083,0.4710789422194163,0.4710789422194163,108.58998505631764,108.58998505631764,0.09514616085164747,3.6699788835313587,0.37186567319764025
6,confirmatory,72000,0.5034965034965035,4,0.25,0.900173611111111,0.09982638888888891,0.018285274505615234,0.026125101579560175,0.143856363164054,0.1676189253727595,0.670475701491038,106.43007834236106,26.607519585590264,0.023313414556977566,3.6699788835313587,0.37186567319764025
6,confirmatory,72000,0.5034965034965035,4,0.5,0.7827690972222223,0.21723090277777776,0.1123171382480197,0.13609508673350015,0.287712726328108,0.335237850745519,0.670475701491038,106.43007834236106,53.21503917118053,0.04662682911395513,3.6699788835313587,0.37186567319764025
6,confirmatory,72000,0.5034965034965035,4,0.75,0.6219618055555555,0.3780381944444445,0.41783552699618864,0.4478893578052521,0.43156901001930237,0.5028577016459571,0.670475701491038,106.43007834236106,79.82255875677079,0.0699402436709327,3.6699788835313587,0.37186567319764025
6,confirmatory,72000,0.5034965034965035,4,1.0,0.3307291666666667,0.6692708333333334,1.7505127059088814,1.7777680026160347,0.575425452656216,0.670475701491038,0.670475701491038,106.43007834236106,106.43007834236106,0.09325365822791026,3.6699788835313587,0.37186567319764025
6,confirmatory,72000,0.5034965034965035,5,0.25,0.9288194444444445,0.07118055555555554,0.018343793021307953,0.014308606170945698,0.10608219024207856,0.11108055214087169,0.44432220856348675,146.3091500549373,36.577287513734326,0.032048889955126204,3.6699788835313587,0.37186567319764025
6,confirmatory,72000,0.5034965034965035,5,0.5,0.853515625,0.146484375,0.06014296743604867,0.06031849566433165,0.21216438048415712,0.22216110428174338,0.44432220856348675,146.3091500549373,73.15457502746865,0.06409777991025241,3.6699788835313587,0.37186567319764025
6,confirmatory,72000,0.5034965034965035,5,0.75,0.775390625,0.224609375,0.15257297621832944,0.15516787270704904,0.31824636459350586,0.3332414593961504,0.44432220856348675,146.3091500549373,109.73186254120299,0.09614666986537862,3.6699788835313587,0.37186567319764025
6,confirmatory,72000,0.5034965034965035,5,1.0,0.689670138888889,0.3103298611111111,0.32531163427564813,0.32503095600340104,0.42432876096831423,0.44432220856348675,0.44432220856348675,146.3091500549373,146.3091500549373,0.12819555982050482,3.6699788835313587,0.37186567319764025
6,confirmatory,72000,0.5034965034965035,6,0.25,0.9288194444444445,0.07118055555555554,0.006584988700019038,0.012121694059007697,0.09934987955623203,0.10321126133203506,0.41284504532814026,239.5380473957218,59.88451184893045,0.05247059748599934,3.6699788835313587,0.37186567319764025
6,confirmatory,72000,0.5034965034965035,6,0.5,0.865017361111111,0.13498263888888892,0.04036635822719988,0.04972470013631714,0.19869975911246407,0.20642252266407013,0.41284504532814026,239.5380473957218,119.7690236978609,0.10494119497199868,3.6699788835313587,0.37186567319764025
6,confirmatory,72000,0.5034965034965035,6,0.75,0.7931857638888888,0.20681423611111113,0.10663644472757976,0.11773910952938928,0.2980496419800653,0.3096337881353166,0.41284504532814026,239.5380473957218,179.65353554679135,0.15741179245799802,3.6699788835313587,0.37186567319764025
6,confirmatory,72000,0.5034965034965035,6,1.0,0.7293836805555555,0.2706163194444445,0.2139054139455158,0.22372630735238394,0.39739951822492814,0.41284504532814026,0.41284504532814026,239.5380473957218,239.5380473957218,0.20988238994399736,3.6699788835313587,0.37186567319764025
6,confirmatory,72000,0.5034965034965035,7,0.25,0.912109375,0.08789062500000004,0.031149281395806156,0.01760919950902462,0.12207434409194522,0.1440515932109621,0.5762063728438483,287.1226943234449,71.78067358086122,0.06289397232186913,3.6699788835313587,0.37186567319764025
6,confirmatory,72000,0.5034965034965035,7,0.5,0.8266059027777778,0.1733940972222222,0.10957752333747006,0.07820083283715779,0.24414868818389043,0.2881031864219242,0.5762063728438483,287.1226943234449,143.56134716172244,0.12578794464373827,3.6699788835313587,0.37186567319764025
6,confirmatory,72000,0.5034965034965035,7,0.75,0.7400173611111112,0.2599826388888889,0.257245937983195,0.20380615525775483,0.3662232723500993,0.43215500977304244,0.5762063728438483,287.1226943234449,215.34202074258368,0.1886819169656074,3.6699788835313587,0.37186567319764025
6,confirmatory,72000,0.5034965034965035,7,1.0,0.640842013888889,0.3591579861111111,0.5356436570485431,0.45307992564307314,0.48829737636778087,0.5762063728438483,0.5762063728438483,287.1226943234449,287.1226943234449,0.25157588928747654,3.6699788835313587,0.37186567319764025
6,confirmatory,72000,0.5034965034965035,8,0.25,0.908203125,0.091796875,0.030317571428086925,0.01710308901965618,0.11131137361129124,0.16239905688497755,0.6495962275399102,396.4149061554776,99.1037265388694,0.08683433468910277,3.6699788835313587,0.37186567319764025
6,confirmatory,72000,0.5034965034965035,8,0.5,0.8122829861111112,0.18771701388888887,0.10637315114339178,0.07611675229337479,0.2226227472225825,0.3247981137699551,0.6495962275399102,396.4149061554776,198.2074530777388,0.17366866937820555,3.6699788835313587,0.37186567319764025
6,confirmatory,72000,0.5034965034965035,8,0.75,0.7250434027777778,0.2749565972222222,0.24914860725402832,0.19736013809839884,0.33393396602736586,0.4871968891885545,0.6495962275399102,396.4149061554776,297.3111796166082,0.26050300406730825,3.6699788835313587,0.37186567319764025
6,confirmatory,72000,0.5034965034965035,8,1.0,0.6278211805555556,0.3721788194444444,0.48362999492221403,0.4070446689923604,0.445245494445165,0.6495962275399102,0.6495962275399102,396.4149061554776,396.4149061554776,0.3473373387564111,3.6699788835313587,0.37186567319764025
6,confirmatory,72000,0.5034965034965035,9,0.25,0.9214409722222222,0.07855902777777779,0.013778580559624517,0.015554646754430398,0.11027811881568698,0.21483995351526472,0.8593598140610589,424.0133951293462,106.00334878233654,0.09287975929664888,3.6699788835313587,0.37186567319764025
6,confirmatory,72000,0.5034965034965035,9,0.5,0.8381076388888888,0.16189236111111113,0.06928216086493588,0.06994271982047293,0.22055623763137397,0.42967990703052944,0.8593598140610589,424.0133951293462,212.0066975646731,0.18575951859329776,3.6699788835313587,0.37186567319764025
6,confirmatory,72000,0.5034965034965035,9,0.75,0.751953125,0.248046875,0.18364424175686297,0.18013125989172193,0.3308338522911072,0.6445189979341296,0.8593598140610589,424.0133951293462,318.0100463470096,0.2786392778899467,3.6699788835313587,0.37186567319764025
6,confirmatory,72000,0.5034965034965035,9,1.0,0.6603732638888888,0.33962673611111116,0.38378339343600815,0.37108295493655735,0.44111247526274794,0.8593598140610589,0.8593598140610589,424.0133951293462,424.0133951293462,0.3715190371865955,3.6699788835313587,0.37186567319764025
6,confirmatory,72000,0.5034965034965035,10,0.25,0.9116753472222222,0.08832465277777779,0.03034790356953924,0.020649071368906233,0.12154752926694024,0.2698732382721371,1.0794929530885484,489.1699967250952,122.2924991812738,0.1071522552656848,3.6699788835313587,0.37186567319764025
6,confirmatory,72000,0.5034965034965035,10,0.5,0.834201388888889,0.16579861111111108,0.10806094275580518,0.08649768763118319,0.24309505853388047,0.5397464765442742,1.0794929530885484,489.1699967250952,244.5849983625476,0.2143045105313696,3.6699788835313587,0.37186567319764025
6,confirmatory,72000,0.5034965034965035,10,0.75,0.755642361111111,0.24435763888888892,0.24349602063496908,0.2093086540699005,0.3646432061990102,0.8096209896935358,1.0794929530885484,489.1699967250952,366.8774975438214,0.3214567657970544,3.6699788835313587,0.37186567319764025
6,confirmatory,72000,0.5034965034965035,10,1.0,0.6729600694444445,0.3270399305555555,0.4598767492506239,0.4138943354288737,0.48619011706776094,1.0794929530885484,1.0794929530885484,489.1699967250952,489.1699967250952,0.4286090210627392,3.6699788835313587,0.37186567319764025
6,confirmatory,143000,1.0,1,0.25,0.8524305555555555,0.14756944444444445,0.020769834518432617,0.02952644063366784,0.12380164364973704,0.049115399519602455,0.19646159807840982,100.38406273556647,25.09601568389162,0.016485384304346127,3.6825049453311496,0.36142164137628346
6,confirmatory,143000,1.0,1,0.5,0.7784288194444443,0.22157118055555558,0.10385788811577701,0.11826714293824302,0.2476032872994741,0.09823079903920491,0.19646159807840982,100.38406273556647,50.19203136778324,0.032970768608692254,3.6825049453311496,0.36142164137628346
6,confirmatory,143000,1.0,1,0.75,0.666015625,0.333984375,0.3756732410854764,0.37394704421361286,0.37140483657519024,0.14734616544511583,0.19646159807840982,100.38406273556647,75.28804705167485,0.04945615291303838,3.6825049453311496,0.36142164137628346
6,confirmatory,143000,1.0,1,1.0,0.5499131944444445,0.4500868055555555,0.7725881205664741,0.7476856973436145,0.4952065745989482,0.19646159807840982,0.19646159807840982,100.38406273556647,100.38406273556647,0.06594153721738451,3.6825049453311496,0.36142164137628346
6,confirmatory,143000,1.0,2,0.25,0.8606770833333334,0.1393229166666667,0.02108984523349348,0.028659679823451575,0.12868950929906633,0.06352619578440984,0.25410478313763935,100.34330461498865,25.085826153747163,0.0164786908784881,3.6825049453311496,0.36142164137628346
6,confirmatory,143000,1.0,2,0.5,0.7838541666666666,0.21614583333333334,0.0921635627746582,0.1064620448483361,0.25737901859813267,0.12705239156881967,0.25410478313763935,100.34330461498865,50.17165230749433,0.0329573817569762,3.6825049453311496,0.36142164137628346
6,confirmatory,143000,1.0,2,0.75,0.6807725694444443,0.3192274305555556,0.28279566764831543,0.2898406618171268,0.3860684136549632,0.1905785451332728,0.25410478313763935,100.34330461498865,75.25747846124149,0.04943607263546431,3.6825049453311496,0.36142164137628346
6,confirmatory,143000,1.0,2,1.0,0.552734375,0.447265625,0.700036923090617,0.6894046068191528,0.5147580371962653,0.25410478313763935,0.25410478313763935,100.34330461498865,100.34330461498865,0.0659147635139524,3.6825049453311496,0.36142164137628346
6,confirmatory,143000,1.0,3,0.25,0.8487413194444445,0.15125868055555555,0.01834530300564256,0.034855388518836766,0.13766052822271982,0.07072767366965611,0.28291069467862445,100.86887070317512,25.21721767579378,0.01656500098295069,3.6825049453311496,0.36142164137628346
6,confirmatory,143000,1.0,3,0.5,0.7612847222222222,0.2387152777777778,0.10534575250413687,0.12901189757717982,0.27532105644543964,0.14145534733931223,0.28291069467862445,100.86887070317512,50.43443535158756,0.03313000196590138,3.6825049453311496,0.36142164137628346
6,confirmatory,143000,1.0,3,0.75,0.6553819444444445,0.3446180555555555,0.3347206910451252,0.35209298796123933,0.4129815465874142,0.21218300527996484,0.28291069467862445,100.86887070317512,75.65165302738134,0.04969500294885207,3.6825049453311496,0.36142164137628346
6,confirmatory,143000,1.0,3,1.0,0.5106336805555555,0.4893663194444445,0.8161831167009143,0.8249830868509079,0.5506421128908793,0.28291069467862445,0.28291069467862445,100.86887070317512,100.86887070317512,0.06626000393180276,3.6825049453311496,0.36142164137628346
6,confirmatory,143000,1.0,4,0.25,0.8348524305555555,0.16514756944444445,0.015600177976820303,0.04537136604388555,0.16833178036742744,0.09843555258380042,0.3937422103352017,97.94288694566086,24.485721736415215,0.016084486791789077,3.6825049453311496,0.36142164137628346
6,confirmatory,143000,1.0,4,0.5,0.7237413194444445,0.2762586805555555,0.14200634426540804,0.1891457306014167,0.33666356073485487,0.19687110516760084,0.3937422103352017,97.94288694566086,48.97144347283043,0.032168973583578155,3.6825049453311496,0.36142164137628346
6,confirmatory,143000,1.0,4,0.75,0.5598958333333334,0.4401041666666667,0.5449443658192951,0.5928106440438164,0.5049955480628544,0.29530470901065403,0.3937422103352017,97.94288694566086,73.45716520924564,0.04825346037536723,3.6825049453311496,0.36142164137628346
6,confirmatory,143000,1.0,4,1.0,0.3025173611111111,0.697482638888889,1.937442382176717,1.9717504978179932,0.6733271214697097,0.3937422103352017,0.3937422103352017,97.94288694566086,97.94288694566086,0.06433794716715631,3.6825049453311496,0.36142164137628346
6,confirmatory,143000,1.0,5,0.25,0.857421875,0.142578125,0.028514199786716137,0.03299830646978484,0.12732870711220637,0.07681147423055437,0.3072458969222175,194.80831421757114,48.702078554392784,0.031992029790806946,3.6825049453311496,0.36142164137628346
6,confirmatory,143000,1.0,5,0.5,0.7788628472222222,0.2211371527777778,0.11688756942749023,0.11797401143444909,0.25465741422441274,0.15362294846110874,0.3072458969222175,194.80831421757114,97.40415710878557,0.06398405958161389,3.6825049453311496,0.36142164137628346
6,confirmatory,143000,1.0,5,0.75,0.6794704861111112,0.3205295138888889,0.31487917900085466,0.30918338894844055,0.38198628028233844,0.23043451872136858,0.3072458969222175,194.80831421757114,146.10623566317835,0.09597608937242084,3.6825049453311496,0.36142164137628346
6,confirmatory,143000,1.0,5,1.0,0.5451388888888888,0.45486111111111116,0.7230224344465467,0.701086355580224,0.5093148284488255,0.3072458969222175,0.3072458969222175,194.80831421757114,194.80831421757114,0.12796811916322778,3.6825049453311496,0.36142164137628346
6,confirmatory,143000,1.0,6,0.25,0.8641493055555557,0.13585069444444442,0.02178796132405599,0.026728483951754037,0.13078771862718794,0.08709056592649883,0.3483622637059953,371.1367241020028,92.7841810255007,0.06094923197514548,3.6825049453311496,0.36142164137628346
6,confirmatory,143000,1.0,6,0.5,0.7940538194444443,0.20594618055555558,0.08198542065090593,0.08213618646065395,0.2615754372543759,0.17418113185299766,0.3483622637059953,371.1367241020028,185.5683620510014,0.12189846395029096,3.6825049453311496,0.36142164137628346
6,confirmatory,143000,1.0,6,0.75,0.7289496527777778,0.2710503472222222,0.19834725062052425,0.18120101756519744,0.39236300521426726,0.26127157277531093,0.3483622637059953,371.1367241020028,278.3525430765021,0.18284769592543645,3.6825049453311496,0.36142164137628346
6,confirmatory,143000,1.0,6,1.0,0.6592881944444444,0.3407118055555556,0.36049575275845,0.32916684945424396,0.5231508745087518,0.3483622637059953,0.3483622637059953,371.1367241020028,371.1367241020028,0.2437969279005819,3.6825049453311496,0.36142164137628346
6,confirmatory,143000,1.0,7,0.25,0.84375,0.15625,0.04355759090847444,0.032837553777628474,0.15434782207012177,0.11622573849227692,0.4649029539691077,431.7444860987617,107.93612152469042,0.07090242794186853,3.6825049453311496,0.36142164137628346
6,confirmatory,143000,1.0,7,0.5,0.7547743055555555,0.24522569444444445,0.14821979734632698,0.11969095882442261,0.30869564414024353,0.23245147698455385,0.4649029539691077,431.7444860987617,215.87224304938084,0.14180485588373706,3.6825049453311496,0.36142164137628346
6,confirmatory,143000,1.0,7,0.75,0.654079861111111,0.3459201388888889,0.363795730802748,0.3120988938543532,0.46304316984282595,0.3486770027213626,0.4649029539691077,431.7444860987617,323.8083645740713,0.21270728382560558,3.6825049453311496,0.36142164137628346
6,confirmatory,143000,1.0,7,1.0,0.5379774305555555,0.4620225694444445,0.8014676570892335,0.7113470170232986,0.6173912882804871,0.4649029539691077,0.4649029539691077,431.7444860987617,431.7444860987617,0.2836097117674741,3.6825049453311496,0.36142164137628346
6,confirmatory,143000,1.0,8,0.25,0.857204861111111,0.14279513888888892,0.025087065166897293,0.02426976462205251,0.1554704440964593,0.1333626690838072,0.5334506763352288,558.976851559385,139.74421288984624,0.09179692437298621,3.6825049453311496,0.36142164137628346
6,confirmatory,143000,1.0,8,0.5,0.7897135416666666,0.21028645833333334,0.09673608673943408,0.08478840274943246,0.3109408881929186,0.2667253381676144,0.5334506763352288,558.976851559385,279.4884257796925,0.18359384874597243,3.6825049453311496,0.36142164137628346
6,confirmatory,143000,1.0,8,0.75,0.7174479166666666,0.2825520833333333,0.23301861021253809,0.20775490999221802,0.4664113521575928,0.40008803539805937,0.5334506763352288,558.976851559385,419.23263866953874,0.27539077311895865,3.6825049453311496,0.36142164137628346
6,confirmatory,143000,1.0,8,1.0,0.6297743055555556,0.3702256944444444,0.4686655733320448,0.4219082163439856,0.6218817763858372,0.5334506763352288,0.5334506763352288,558.976851559385,558.976851559385,0.36718769749194485,3.6825049453311496,0.36142164137628346
6,confirmatory,143000,1.0,9,0.25,0.859157986111111,0.14084201388888892,0.02030817667643244,0.02512921392917633,0.162071007821295,0.14809691243701512,0.5923876497480605,590.6597989666311,147.66494974165778,0.09699999694914513,3.6825049453311496,0.36142164137628346
6,confirmatory,143000,1.0,9,0.5,0.7849392361111112,0.21506076388888887,0.08796628316243489,0.08900927752256393,0.32414201564259,0.29619382487403023,0.5923876497480605,590.6597989666311,295.32989948331556,0.19399999389829026,3.6825049453311496,0.36142164137628346
6,confirmatory,143000,1.0,9,0.75,0.7074652777777778,0.2925347222222222,0.22360748714870882,0.21357968780729505,0.4862125714619954,0.4442903796831767,0.5923876497480605,590.6597989666311,442.9948492249734,0.2909999908474354,3.6825049453311496,0.36142164137628346
6,confirmatory,143000,1.0,9,1.0,0.6195746527777778,0.38042534722222227,0.4493070708380806,0.42085370421409607,0.64828403128518,0.5923876497480605,0.5923876497480605,590.6597989666311,590.6597989666311,0.3879999877965805,3.6825049453311496,0.36142164137628346
6,confirmatory,143000,1.0,10,0.25,0.7894965277777778,0.2105034722222222,0.11502104335361067,0.08092939439747068,0.19671203361617196,0.20876285764906144,0.8350514305962458,642.5789904282142,160.64474760705355,0.10552632872622981,3.6825049453311496,0.36142164137628346
6,confirmatory,143000,1.0,10,0.5,0.666015625,0.333984375,0.37183764245775014,0.3040332860416836,0.3934240672323439,0.4175257152981229,0.8350514305962458,642.5789904282142,321.2894952141071,0.21105265745245963,3.6825049453311496,0.36142164137628346
6,confirmatory,143000,1.0,10,0.75,0.5661892361111112,0.43381076388888884,0.735377550125122,0.6327252056863573,0.590134839216868,0.626286784807841,0.8350514305962458,642.5789904282142,481.9342428211606,0.31657898617868946,3.6825049453311496,0.36142164137628346
6,confirmatory,143000,1.0,10,1.0,0.4754774305555555,0.5245225694444445,1.1513046953413224,1.0211710002687242,0.7868481344646878,0.8350514305962458,0.8350514305962458,642.5789904282142,642.5789904282142,0.42210531490491926,3.6825049453311496,0.36142164137628346
7,confirmatory,14000,0.0979020979020979,1,0.25,0.9097222222222223,0.09027777777777775,0.019554350111219716,0.017397048883140087,0.1142438401778539,0.12503876288731894,0.5001550515492758,97.57878311766035,24.394695779415088,0.04276630246436205,3.8511704338921438,0.3343757424089644
7,confirmatory,14000,0.0979020979020979,1,0.5,0.8081597222222223,0.19184027777777776,0.1183201736874051,0.10571427394946416,0.2284876803557078,0.2500775257746379,0.5001550515492758,97.57878311766035,48.789391558830175,0.0855326049287241,3.8511704338921438,0.3343757424089644
7,confirmatory,14000,0.0979020979020979,1,0.75,0.6714409722222222,0.3285590277777778,0.3860976696014406,0.3492112192842695,0.3427313764890035,0.3751161230934991,0.5001550515492758,97.57878311766035,73.18408733824526,0.1282989073930861,3.8511704338921438,0.3343757424089644
7,confirmatory,14000,0.0979020979020979,1,1.0,0.5299479166666666,0.4700520833333333,0.8122159639994305,0.7458337015575832,0.4569753607114156,0.5001550515492758,0.5001550515492758,97.57878311766035,97.57878311766035,0.1710652098574482,3.8511704338921438,0.3343757424089644
7,confirmatory,14000,0.0979020979020979,2,0.25,0.9151475694444443,0.08485243055555558,0.00979834132724348,0.018181302067306306,0.11195775204234654,0.13762906359301674,0.550516254372067,102.27887897266582,25.569719743166456,0.04482623511082972,3.8511704338921438,0.3343757424089644
7,confirmatory,14000,0.0979020979020979,2,0.5,0.829861111111111,0.17013888888888892,0.07517192098829491,0.08913793083694248,0.22391550408469307,0.2752581271860335,0.550516254372067,102.27887897266582,51.13943948633291,0.08965247022165944,3.8511704338921438,0.3343757424089644
7,confirmatory,14000,0.0979020979020979,2,0.75,0.7220052083333334,0.2779947916666667,0.24057616127861867,0.24538626273473105,0.3358731501632266,0.4128870169321696,0.550516254372067,102.27887897266582,76.70915922949936,0.13447870533248918,3.8511704338921438,0.3343757424089644
7,confirmatory,14000,0.0979020979020979,2,1.0,0.585720486111111,0.4142795138888889,0.6013518969217938,0.592582623163859,0.44783100816938615,0.550516254372067,0.550516254372067,102.27887897266582,102.27887897266582,0.17930494044331888,3.8511704338921438,0.3343757424089644
7,confirmatory,14000,0.0979020979020979,3,0.25,0.9197048611111112,0.08029513888888888,0.018071068657769196,0.020921166986227036,0.11956566323836644,0.1929036660326852,0.7716146641307408,101.23644463021645,25.309111157554113,0.044369362612894675,3.8511704338921438,0.3343757424089644
7,confirmatory,14000,0.0979020979020979,3,0.5,0.8200954861111112,0.17990451388888887,0.09786380661858463,0.0914091600312127,0.23913132647673288,0.3858073320653704,0.7716146641307408,101.23644463021645,50.61822231510823,0.08873872522578935,3.8511704338921438,0.3343757424089644
7,confirmatory,14000,0.0979020979020979,3,0.75,0.6931423611111112,0.3068576388888889,0.32020158237881136,0.2819429867797428,0.35869680510626895,0.5787082248263888,0.7716146641307408,101.23644463021645,75.92733347266234,0.13310808783868402,3.8511704338921438,0.3343757424089644
7,confirmatory,14000,0.0979020979020979,3,1.0,0.48090277777777773,0.5190972222222222,1.019178973303901,0.9309973319371542,0.47826265295346576,0.7716146641307408,0.7716146641307408,101.23644463021645,101.23644463021645,0.1774774504515787,3.8511704338921438,0.3343757424089644
7,confirmatory,14000,0.0979020979020979,4,0.25,0.920138888888889,0.07986111111111109,0.011822700500488429,0.02127444392277135,0.1044653339518441,0.15918977558612823,0.6367591023445129,99.42416486151969,24.85604121537992,0.04357508641614527,3.8511704338921438,0.3343757424089644
7,confirmatory,14000,0.0979020979020979,4,0.5,0.8305121527777778,0.1694878472222222,0.06936754120720752,0.0828325284851922,0.2089306679036882,0.31837955117225647,0.6367591023445129,99.42416486151969,49.71208243075984,0.08715017283229054,3.8511704338921438,0.3343757424089644
7,confirmatory,14000,0.0979020979020979,4,0.75,0.7473958333333334,0.2526041666666667,0.1847359869215223,0.1892746388912201,0.31339597702026367,0.47757019930415684,0.6367591023445129,99.42416486151969,74.56812364613977,0.1307252592484358,3.8511704338921438,0.3343757424089644
7,confirmatory,14000,0.0979020979020979,4,1.0,0.6547309027777778,0.34526909722222215,0.3747974501715767,0.3620299266444312,0.4178613358073764,0.6367591023445129,0.6367591023445129,99.42416486151969,99.42416486151969,0.17430034566458108,3.8511704338921438,0.3343757424089644
7,confirmatory,14000,0.0979020979020979,5,0.25,0.9273003472222222,0.07269965277777779,0.013744115829467921,0.010812978053258525,0.1040879918469323,0.1525600552558899,0.6102402210235596,107.27124472342457,26.817811180856143,0.047014262229924116,3.8511704338921438,0.3343757424089644
7,confirmatory,14000,0.0979020979020979,5,0.5,0.8530815972222222,0.1469184027777778,0.05985042783949105,0.04898134908742375,0.2081759836938646,0.3051201105117798,0.6102402210235596,107.27124472342457,53.63562236171229,0.09402852445984823,3.8511704338921438,0.3343757424089644
7,confirmatory,14000,0.0979020979020979,5,0.75,0.7868923611111112,0.21310763888888887,0.1535291936662464,0.1286474449767007,0.312263912624783,0.4576800763607025,0.6102402210235596,107.27124472342457,80.45343354256843,0.14104278668977235,3.8511704338921438,0.3343757424089644
7,confirmatory,14000,0.0979020979020979,5,1.0,0.7026909722222222,0.2973090277777778,0.3218555715348986,0.27487561768955654,0.4163519673877292,0.6102402210235596,0.6102402210235596,107.27124472342457,107.27124472342457,0.18805704891969646,3.8511704338921438,0.3343757424089644
7,confirmatory,14000,0.0979020979020979,6,0.25,0.931640625,0.068359375,0.016026602851019867,0.00948103382769558,0.1077935000260671,0.17334770990742576,0.693390839629703,107.41909756263813,26.854774390659532,0.04707906237438172,3.8511704338921438,0.3343757424089644
7,confirmatory,14000,0.0979020979020979,6,0.5,0.8621961805555557,0.13780381944444442,0.06270419226752393,0.04234292772081163,0.2155870000521342,0.3466954198148515,0.693390839629703,107.41909756263813,53.709548781319064,0.09415812474876344,3.8511704338921438,0.3343757424089644
7,confirmatory,14000,0.0979020979020979,6,0.75,0.7875434027777777,0.21245659722222224,0.1519776185353597,0.10922388980786006,0.3233804206053416,0.52004298236635,0.693390839629703,107.41909756263813,80.5643231719786,0.14123718712314517,3.8511704338921438,0.3343757424089644
7,confirmatory,14000,0.0979020979020979,6,1.0,0.7105034722222222,0.2894965277777778,0.30439956982930516,0.23039348092344072,0.4311740001042684,0.693390839629703,0.693390839629703,107.41909756263813,107.41909756263813,0.18831624949752687,3.8511704338921438,0.3343757424089644
7,confirmatory,14000,0.0979020979020979,7,0.25,0.9181857638888888,0.08181423611111112,0.0198386775122749,0.01061428307245175,0.09168597641918395,0.16320755084355673,0.6528302033742269,106.50124211101895,26.62531052775474,0.04667678964040863,3.8511704338921438,0.3343757424089644
7,confirmatory,14000,0.0979020979020979,7,0.5,0.8404947916666666,0.15950520833333334,0.06753569179111052,0.04412726312875748,0.1833719528383679,0.32641510168711346,0.6528302033742269,106.50124211101895,53.25062105550948,0.09335357928081726,3.8511704338921438,0.3343757424089644
7,confirmatory,14000,0.0979020979020979,7,0.75,0.7647569444444445,0.23524305555555555,0.14763911565144858,0.1043690558936861,0.2750576933224996,0.4896222220526801,0.6528302033742269,106.50124211101895,79.87593158326422,0.14003036892122586,3.8511704338921438,0.3343757424089644
7,confirmatory,14000,0.0979020979020979,7,1.0,0.697482638888889,0.3025173611111111,0.26638730367024754,0.1971954902013143,0.3667439056767358,0.6528302033742269,0.6528302033742269,106.50124211101895,106.50124211101895,0.18670715856163453,3.8511704338921438,0.3343757424089644
7,confirmatory,14000,0.0979020979020979,8,0.25,0.933376736111111,0.06662326388888891,0.008460680643717597,0.009227028323544396,0.09475881937477325,0.1979996893141005,0.791998757256402,111.51169879496364,27.87792469874091,0.04887274555606894,3.8511704338921438,0.3343757424089644
7,confirmatory,14000,0.0979020979020979,8,0.5,0.8641493055555555,0.13585069444444445,0.04299200905693912,0.04106929029027621,0.1895176387495465,0.395999378628201,0.791998757256402,111.51169879496364,55.75584939748182,0.09774549111213789,3.8511704338921438,0.3343757424089644
7,confirmatory,14000,0.0979020979020979,8,0.75,0.796657986111111,0.20334201388888892,0.11357227961222331,0.10486560066541036,0.28427642914983964,0.5939989884694418,0.791998757256402,111.51169879496364,83.63377409622272,0.14661823666820684,3.8511704338921438,0.3343757424089644
7,confirmatory,14000,0.0979020979020979,8,1.0,0.7224392361111112,0.2775607638888889,0.23633636368645558,0.21553976999388802,0.379035277499093,0.791998757256402,0.791998757256402,111.51169879496364,111.51169879496364,0.19549098222427577,3.8511704338921438,0.3343757424089644
7,confirmatory,14000,0.0979020979020979,9,0.25,0.9242621527777777,0.07573784722222225,0.02106952667236328,0.011400907093452081,0.09505151377783881,0.24193215701315138,0.9677286280526055,126.01719858330536,31.50429964582634,0.05523013772191456,3.8511704338921438,0.3343757424089644
7,confirmatory,14000,0.0979020979020979,9,0.5,0.8515625,0.14843749999999997,0.07248955302768294,0.05006667226552963,0.19010302755567762,0.48386431402630276,0.9677286280526055,126.01719858330536,63.00859929165268,0.11046027544382912,3.8511704338921438,0.3343757424089644
7,confirmatory,14000,0.0979020979020979,9,0.75,0.783203125,0.216796875,0.1648479037814671,0.1253293032447497,0.28515465060869855,0.7257967657513089,0.9677286280526055,126.01719858330536,94.51289893747902,0.16569041316574368,3.8511704338921438,0.3343757424089644
7,confirmatory,14000,0.0979020979020979,9,1.0,0.7154947916666666,0.2845052083333333,0.3128184212578667,0.2509244945314196,0.38020605511135525,0.9677286280526055,0.9677286280526055,126.01719858330536,126.01719858330536,0.22092055088765825,3.8511704338921438,0.3343757424089644
7,confirmatory,14000,0.0979020979020979,10,0.25,0.9242621527777778,0.07573784722222221,0.021876706017388337,0.014766810254918203,0.08326372587018542,0.24902812805440688,0.9961125122176275,127.8609157223753,31.965228930593824,0.05603819211969402,3.8511704338921438,0.3343757424089644
7,confirmatory,14000,0.0979020979020979,10,0.5,0.85546875,0.14453125000000003,0.07350452740987141,0.05669430270791054,0.16652745174037084,0.49805625610881377,0.9961125122176275,127.8609157223753,63.93045786118765,0.11207638423938804,3.8511704338921438,0.3343757424089644
7,confirmatory,14000,0.0979020979020979,10,0.75,0.785373263888889,0.21462673611111108,0.1578760412004261,0.12688425266080433,0.24979121651914382,0.7470844123098584,0.9961125122176275,127.8609157223753,95.89568679178147,0.16811457635908203,3.8511704338921438,0.3343757424089644
7,confirmatory,14000,0.0979020979020979,10,1.0,0.7211371527777778,0.2788628472222222,0.27857584423489046,0.23004416624704996,0.3330549034807417,0.9961125122176275,0.9961125122176275,127.8609157223753,127.8609157223753,0.22415276847877608,3.8511704338921438,0.3343757424089644
7,confirmatory,72000,0.5034965034965035,1,0.25,0.9079861111111112,0.09201388888888888,0.027404652701483734,0.017639366599420708,0.12179863452911377,0.09954687621858384,0.39818750487433535,104.95556028481684,26.23889007120421,0.02404459424222749,3.685131072998047,0.3641773859659831
7,confirmatory,72000,0.5034965034965035,1,0.5,0.8190104166666666,0.18098958333333334,0.1075874699486626,0.08628891656796138,0.24359726905822754,0.19909375243716768,0.39818750487433535,104.95556028481684,52.47778014240842,0.04808918848445498,3.685131072998047,0.3641773859659831
7,confirmatory,72000,0.5034965034965035,1,0.75,0.7078993055555555,0.2921006944444445,0.29143068525526256,0.2624085429641936,0.3653961618741353,0.29864092005623716,0.39818750487433535,104.95556028481684,78.71667021361263,0.07213378272668247,3.685131072998047,0.3641773859659831
7,confirmatory,72000,0.5034965034965035,1,1.0,0.5440538194444444,0.4559461805555556,0.810346603393555,0.774206433031294,0.4871945381164551,0.39818750487433535,0.39818750487433535,104.95556028481684,104.95556028481684,0.09617837696890996,3.685131072998047,0.3641773859659831
7,confirmatory,72000,0.5034965034965035,2,0.25,0.9147135416666666,0.08528645833333337,0.014881451924641928,0.01970951714449459,0.11977997091081406,0.1075456432170338,0.4301825728681352,110.02406708062443,27.50601677015611,0.025205754155894267,3.685131072998047,0.3641773859659831
7,confirmatory,72000,0.5034965034965035,2,0.5,0.8159722222222222,0.1840277777777778,0.08211443159315317,0.10060167892111672,0.23955994182162813,0.2150912864340676,0.4301825728681352,110.02406708062443,55.01203354031222,0.05041150831178853,3.685131072998047,0.3641773859659831
7,confirmatory,72000,0.5034965034965035,2,0.75,0.6875,0.3125,0.30731723043653697,0.3323075870672862,0.35933986637327403,0.3226369089550442,0.4301825728681352,110.02406708062443,82.51805031046833,0.0756172624676828,3.685131072998047,0.3641773859659831
7,confirmatory,72000,0.5034965034965035,2,1.0,0.5171440972222222,0.48285590277777773,0.8517787721421982,0.8607696294784546,0.47911988364325625,0.4301825728681352,0.4301825728681352,110.02406708062443,110.02406708062443,0.10082301662357707,3.685131072998047,0.3641773859659831
7,confirmatory,72000,0.5034965034965035,3,0.25,0.9125434027777777,0.08745659722222225,0.02613655726114909,0.028015606933169897,0.12905828323629168,0.16098411050107744,0.6439364420043098,106.84636540264741,26.711591350661852,0.024477764640498806,3.685131072998047,0.3641773859659831
7,confirmatory,72000,0.5034965034965035,3,0.5,0.800998263888889,0.19900173611111108,0.11578554577297624,0.12208958880768883,0.25811656647258335,0.3219682210021549,0.6439364420043098,106.84636540264741,53.423182701323704,0.04895552928099761,3.685131072998047,0.3641773859659831
7,confirmatory,72000,0.5034965034965035,3,0.75,0.6456163194444445,0.3543836805555555,0.37460046344333203,0.39056230253643465,0.3871749573283725,0.4829556842645009,0.6439364420043098,106.84636540264741,80.13477405198556,0.07343329392149642,3.685131072998047,0.3641773859659831
7,confirmatory,72000,0.5034965034965035,3,1.0,0.3743489583333333,0.6256510416666666,1.4113879733615449,1.4609590371449788,0.5162331329451667,0.6439364420043098,0.6439364420043098,106.84636540264741,106.84636540264741,0.09791105856199522,3.685131072998047,0.3641773859659831
7,confirmatory,72000,0.5034965034965035,4,0.25,0.912109375,0.087890625,0.01630793677435986,0.01897942688730028,0.11662089327971141,0.11573083615965313,0.4629233446386125,136.39415417904854,34.098538544762135,0.03124695904959565,3.685131072998047,0.3641773859659831
7,confirmatory,72000,0.5034965034965035,4,0.5,0.822265625,0.177734375,0.06666024525960272,0.08078305423259735,0.23324178655942282,0.23146167231930626,0.4629233446386125,136.39415417904854,68.19707708952427,0.0624939180991913,3.685131072998047,0.3641773859659831
7,confirmatory,72000,0.5034965034965035,4,0.75,0.7365451388888888,0.2634548611111111,0.18038328488667807,0.20276500284671783,0.3498625324832069,0.34719221128357786,0.4629233446386125,136.39415417904854,102.29561563428642,0.09374087714878694,3.685131072998047,0.3641773859659831
7,confirmatory,72000,0.5034965034965035,4,1.0,0.6451822916666666,0.3548177083333333,0.375767125023736,0.39921486377716064,0.46648357311884564,0.4629233446386125,0.4629233446386125,136.39415417904854,136.39415417904854,0.1249878361983826,3.685131072998047,0.3641773859659831
7,confirmatory,72000,0.5034965034965035,5,0.25,0.9207899305555555,0.07921006944444446,0.014359765582614573,0.01443469234638744,0.10962346775664222,0.10694216440121333,0.42776865760485333,237.45303389255136,59.36325847313784,0.05439885067583442,3.685131072998047,0.3641773859659831
7,confirmatory,72000,0.5034965034965035,5,0.5,0.8463541666666666,0.15364583333333334,0.06608965661790626,0.0628837715420458,0.21924693551328445,0.21388432880242667,0.42776865760485333,237.45303389255136,118.72651694627568,0.10879770135166884,3.685131072998047,0.3641773859659831
7,confirmatory,72000,0.5034965034965035,5,0.75,0.7706163194444445,0.22938368055555555,0.16614341735839844,0.15744988371928534,0.32887048853768247,0.3208265503247579,0.42776865760485333,237.45303389255136,178.0897754194135,0.16319655202750327,3.685131072998047,0.3641773859659831
7,confirmatory,72000,0.5034965034965035,5,1.0,0.6868489583333334,0.31315104166666663,0.3363188107808431,0.3207840654585096,0.4384938710265689,0.42776865760485333,0.42776865760485333,237.45303389255136,237.45303389255136,0.2175954027033377,3.685131072998047,0.3641773859659831
7,confirmatory,72000,0.5034965034965035,6,0.25,0.9194878472222222,0.08051215277777779,0.024455653296576507,0.014833920014401277,0.11359575142463048,0.11979171054230796,0.47916684216923183,188.94870374915806,47.237175937289514,0.04328684351657532,3.685131072998047,0.3641773859659831
7,confirmatory,72000,0.5034965034965035,6,0.5,0.8407118055555557,0.15928819444444442,0.0902262528737386,0.06641509922014342,0.22719150284926096,0.23958342108461592,0.47916684216923183,188.94870374915806,94.47435187457903,0.08657368703315065,3.685131072998047,0.3641773859659831
7,confirmatory,72000,0.5034965034965035,6,0.75,0.75,0.24999999999999997,0.2184403472476535,0.17381920251581404,0.34078729152679443,0.359375172191196,0.47916684216923183,188.94870374915806,141.71152781186854,0.12986053054972593,3.685131072998047,0.3641773859659831
7,confirmatory,72000,0.5034965034965035,6,1.0,0.6447482638888888,0.35525173611111116,0.4480004045698376,0.37278642588191563,0.4543830056985219,0.47916684216923183,0.47916684216923183,188.94870374915806,188.94870374915806,0.1731473740663013,3.685131072998047,0.3641773859659831
7,confirmatory,72000,0.5034965034965035,7,0.25,0.9279513888888888,0.07204861111111112,0.019457128312852696,0.014023641434808573,0.10027660181125005,0.115180518064234,0.460722072256936,246.06226562079948,61.51556640519987,0.05637116622616153,3.685131072998047,0.3641773859659831
7,confirmatory,72000,0.5034965034965035,7,0.5,0.853515625,0.146484375,0.0733670658535428,0.058892180936204054,0.2005532036225001,0.230361036128468,0.460722072256936,246.06226562079948,123.03113281039974,0.11274233245232305,3.685131072998047,0.3641773859659831
7,confirmatory,72000,0.5034965034965035,7,0.75,0.7799479166666666,0.22005208333333334,0.16800347963968912,0.14118403361903295,0.30082953969637555,0.3455412321620517,0.460722072256936,246.06226562079948,184.5466992155996,0.16911349867848455,3.685131072998047,0.3641773859659831
7,confirmatory,72000,0.5034965034965035,7,1.0,0.6990017361111112,0.3009982638888889,0.3102456198798286,0.2704747451676263,0.4011064072450002,0.460722072256936,0.460722072256936,246.06226562079948,246.06226562079948,0.2254846649046461,3.685131072998047,0.3641773859659831
7,confirmatory,72000,0.5034965034965035,8,0.25,0.9264322916666666,0.07356770833333337,0.012679921256171381,0.0161585102064742,0.1104140438967281,0.15190821058220333,0.6076328423288133,264.46372304937296,66.11593076234324,0.06058681307836244,3.685131072998047,0.3641773859659831
7,confirmatory,72000,0.5034965034965035,8,0.5,0.8407118055555555,0.15928819444444445,0.06952253977457697,0.0728675772746404,0.2208280877934562,0.30381642116440666,0.6076328423288133,264.46372304937296,132.23186152468648,0.12117362615672488,3.685131072998047,0.3641773859659831
7,confirmatory,72000,0.5034965034965035,8,0.75,0.7491319444444445,0.2508680555555555,0.19056635432773175,0.18950110839472875,0.3312418195936415,0.45572417312198216,0.6076328423288133,264.46372304937296,198.34779228702973,0.18176043923508733,3.685131072998047,0.3641773859659831
7,confirmatory,72000,0.5034965034965035,8,1.0,0.6558159722222222,0.34418402777777773,0.409976323445638,0.3988559775882297,0.4416561755869124,0.6076328423288133,0.6076328423288133,264.46372304937296,264.46372304937296,0.24234725231344975,3.685131072998047,0.3641773859659831
7,confirmatory,72000,0.5034965034965035,9,0.25,0.8923611111111112,0.10763888888888888,0.04348961512247721,0.022320555936959054,0.12163511746459538,0.22695886426501807,0.9078354570600723,419.5677009969338,104.89192524923345,0.09612006357966064,3.685131072998047,0.3641773859659831
7,confirmatory,72000,0.5034965034965035,9,0.5,0.7864583333333334,0.21354166666666666,0.14829307132297087,0.1032731905579567,0.24327023492919075,0.45391772853003615,0.9078354570600723,419.5677009969338,209.7838504984669,0.1922401271593213,3.685131072998047,0.3641773859659831
7,confirmatory,72000,0.5034965034965035,9,0.75,0.6775173611111112,0.3224826388888889,0.3470358053843179,0.27250581483046216,0.36490553286340505,0.6808770232730441,0.9078354570600723,419.5677009969338,314.67577574770036,0.2883601907389819,3.685131072998047,0.3641773859659831
7,confirmatory,72000,0.5034965034965035,9,1.0,0.5666232638888888,0.43337673611111116,0.6852783626980251,0.574964357746972,0.4865404698583815,0.9078354570600723,0.9078354570600723,419.5677009969338,419.5677009969338,0.3844802543186426,3.685131072998047,0.3641773859659831
7,confirmatory,72000,0.5034965034965035,10,0.25,0.9131944444444445,0.08680555555555554,0.020176198747423008,0.024768079320589702,0.09963559442096287,0.23495196799437204,0.9398078719774882,462.8153920007947,115.70384800019868,0.10602781100418178,3.685131072998047,0.3641773859659831
7,confirmatory,72000,0.5034965034965035,10,0.5,0.837673611111111,0.16232638888888892,0.0862721337212456,0.09244581974214977,0.19927118884192574,0.4699039359887441,0.9398078719774882,462.8153920007947,231.40769600039735,0.21205562200836356,3.685131072998047,0.3641773859659831
7,confirmatory,72000,0.5034965034965035,10,0.75,0.7482638888888888,0.2517361111111111,0.20348453521728502,0.20884674125247535,0.29890674352645874,0.7048566871219211,0.9398078719774882,462.8153920007947,347.11154400059604,0.3180834330125453,3.685131072998047,0.3641773859659831
7,confirmatory,72000,0.5034965034965035,10,1.0,0.6638454861111112,0.33615451388888884,0.37886487113104944,0.3821898301442464,0.3985423776838515,0.9398078719774882,0.9398078719774882,462.8153920007947,462.8153920007947,0.4241112440167271,3.685131072998047,0.3641773859659831
7,confirmatory,143000,1.0,1,0.25,0.8988715277777778,0.10112847222222221,0.03235973252190494,0.026768774208095338,0.1351653900411394,0.05536110740568903,0.22144442962275612,91.97120705672079,22.992801764180196,0.016464200623713357,3.703433805041843,0.35468757152557373
7,confirmatory,143000,1.0,1,0.5,0.8051215277777778,0.1948784722222222,0.13077203432718928,0.11189667714966668,0.2703307800822788,0.11072221481137806,0.22144442962275612,91.97120705672079,45.98560352836039,0.032928401247426714,3.703433805041843,0.35468757152557373
7,confirmatory,143000,1.0,1,0.75,0.673611111111111,0.3263888888888889,0.3929871188269722,0.35454633831977844,0.4054961336983575,0.16608332263098824,0.22144442962275612,91.97120705672079,68.97840529254059,0.049392601871140064,3.703433805041843,0.35468757152557373
7,confirmatory,143000,1.0,1,1.0,0.50390625,0.49609375,0.988185485204061,0.9071950515111288,0.5406615601645576,0.22144442962275612,0.22144442962275612,91.97120705672079,91.97120705672079,0.06585680249485343,3.703433805041843,0.35468757152557373
7,confirmatory,143000,1.0,2,0.25,0.8912760416666666,0.10872395833333333,0.024271090825398762,0.03013413544330332,0.1365382091866599,0.06263456410831876,0.25053825643327504,101.66039275362645,25.415098188406613,0.01819870756669483,3.703433805041843,0.35468757152557373
7,confirmatory,143000,1.0,2,0.5,0.779296875,0.220703125,0.13091182708740234,0.14031241254674065,0.2730764183733198,0.12526912821663752,0.25053825643327504,101.66039275362645,50.83019637681323,0.03639741513338966,3.703433805041843,0.35468757152557373
7,confirmatory,143000,1.0,2,0.75,0.6401909722222222,0.35980902777777773,0.4450598557790122,0.4353275729550256,0.4096145232518514,0.18790353006786772,0.25053825643327504,101.66039275362645,76.24529456521984,0.054596122700084494,3.703433805041843,0.35468757152557373
7,confirmatory,143000,1.0,2,1.0,0.48090277777777785,0.5190972222222222,1.1043230957455108,1.063103927506341,0.5461528367466396,0.25053825643327504,0.25053825643327504,101.66039275362645,101.66039275362645,0.07279483026677933,3.703433805041843,0.35468757152557373
7,confirmatory,143000,1.0,3,0.25,0.8882378472222222,0.11176215277777779,0.02285983827379005,0.04037998368342718,0.15184466044108072,0.0907919704914093,0.3631678819656372,95.1367473999306,23.78418684998265,0.01703087896752288,3.703433805041843,0.35468757152557373
7,confirmatory,143000,1.0,3,0.5,0.7680121527777777,0.23198784722222224,0.13460787137349461,0.16387761467032963,0.30368932088216144,0.1815839409828186,0.3631678819656372,95.1367473999306,47.5683736999653,0.03406175793504576,3.703433805041843,0.35468757152557373
7,confirmatory,143000,1.0,3,0.75,0.615234375,0.384765625,0.52047069867452,0.5462755461533865,0.4555337594615088,0.2723757492171393,0.3631678819656372,95.1367473999306,71.35256054994795,0.051092636902568635,3.703433805041843,0.35468757152557373
7,confirmatory,143000,1.0,3,1.0,0.3478732638888889,0.652126736111111,1.8177403608957927,1.785846432050069,0.6073786417643229,0.3631678819656372,0.3631678819656372,95.1367473999306,95.1367473999306,0.06812351587009152,3.703433805041843,0.35468757152557373
7,confirmatory,143000,1.0,4,0.25,0.8919270833333334,0.10807291666666667,0.02547857496473534,0.0304887139548858,0.14073555005921257,0.07151401456859376,0.286056058274375,148.2608857432083,37.06522143580207,0.026540882148259785,3.703433805041843,0.35468757152557373
7,confirmatory,143000,1.0,4,0.5,0.792751736111111,0.20724826388888892,0.1148465474446616,0.11609035233656566,0.28147110011842513,0.1430280291371875,0.286056058274375,148.2608857432083,74.13044287160415,0.05308176429651957,3.703433805041843,0.35468757152557373
7,confirmatory,143000,1.0,4,0.75,0.6924913194444443,0.3075086805555556,0.28406577640109604,0.2773219545682271,0.4222064481841194,0.2145420710245768,0.286056058274375,148.2608857432083,111.19566430740622,0.07962264644477936,3.703433805041843,0.35468757152557373
7,confirmatory,143000,1.0,4,1.0,0.587890625,0.412109375,0.5589057869381375,0.5381072726514604,0.5629422002368503,0.286056058274375,0.286056058274375,148.2608857432083,148.2608857432083,0.10616352859303914,3.703433805041843,0.35468757152557373
7,confirmatory,143000,1.0,5,0.25,0.8904079861111112,0.10959201388888888,0.018891387515597973,0.027435728245311316,0.13482433557510376,0.06577597475714153,0.2631038990285661,319.4106633980847,79.85266584952117,0.05717921305845419,3.703433805041843,0.35468757152557373
7,confirmatory,143000,1.0,5,0.5,0.8062065972222222,0.1937934027777778,0.09776194890340184,0.1026999685499403,0.2696486711502075,0.13155194951428306,0.2631038990285661,319.4106633980847,159.70533169904235,0.11435842611690838,3.703433805041843,0.35468757152557373
7,confirmatory,143000,1.0,5,0.75,0.708984375,0.291015625,0.2589308155907526,0.25724169611930847,0.4044728842046526,0.19732787708441415,0.2631038990285661,319.4106633980847,239.55799754856352,0.17153763917536258,3.703433805041843,0.35468757152557373
7,confirmatory,143000,1.0,5,1.0,0.6091579861111112,0.39084201388888884,0.5388714737362336,0.5239951842361026,0.539297342300415,0.2631038990285661,0.2631038990285661,319.4106633980847,319.4106633980847,0.22871685223381677,3.703433805041843,0.35468757152557373
7,confirmatory,143000,1.0,6,0.25,0.89453125,0.10546875,0.05265304777357308,0.029779544721047085,0.15580124987496272,0.09276002397139867,0.37104009588559467,261.1323386636114,65.28308466590285,0.04674653460235287,3.703433805041843,0.35468757152557373
7,confirmatory,143000,1.0,6,0.5,0.7866753472222222,0.2133246527777778,0.16100621223449707,0.11623481578297086,0.31160249974992543,0.18552004794279733,0.37104009588559467,261.1323386636114,130.5661693318057,0.09349306920470574,3.703433805041843,0.35468757152557373
7,confirmatory,143000,1.0,6,0.75,0.6662326388888888,0.33376736111111116,0.3775254090627036,0.3004904819859399,0.4674036105473836,0.27828000982602435,0.37104009588559467,261.1323386636114,195.8492539977086,0.14023960380705863,3.703433805041843,0.35468757152557373
7,confirmatory,143000,1.0,6,1.0,0.556423611111111,0.4435763888888889,0.7653486198849149,0.6434079342418246,0.6232049994998509,0.37104009588559467,0.37104009588559467,261.1323386636114,261.1323386636114,0.18698613840941147,3.703433805041843,0.35468757152557373
7,confirmatory,143000,1.0,7,0.25,0.908420138888889,0.09157986111111109,0.020851347181532216,0.02186023464633359,0.160172121392356,0.10808657523658542,0.4323463009463417,386.04466271628297,96.51116567907074,0.06910768032820094,3.703433805041843,0.35468757152557373
7,confirmatory,143000,1.0,7,0.5,0.8216145833333334,0.17838541666666663,0.08777072694566519,0.07733006775379181,0.320344242784712,0.21617315047317084,0.4323463009463417,386.04466271628297,193.02233135814149,0.1382153606564019,3.703433805041843,0.35468757152557373
7,confirmatory,143000,1.0,7,0.75,0.7450086805555555,0.2549913194444445,0.19911948839823404,0.1760903431309594,0.48051626152462434,0.3242596520317926,0.4323463009463417,386.04466271628297,289.5334970372122,0.20732304098460283,3.703433805041843,0.35468757152557373
7,confirmatory,143000,1.0,7,1.0,0.669921875,0.330078125,0.37079291873508025,0.3231693175103929,0.640688485569424,0.4323463009463417,0.4323463009463417,386.04466271628297,386.04466271628297,0.2764307213128038,3.703433805041843,0.35468757152557373
7,confirmatory,143000,1.0,8,0.25,0.9038628472222222,0.09613715277777779,0.006461673312717113,0.025584584515955713,0.16020528309875062,0.12961845762199825,0.518473830487993,386.4190345919829,96.60475864799572,0.06917469840773532,3.703433805041843,0.35468757152557373
7,confirmatory,143000,1.0,8,0.5,0.8172743055555557,0.18272569444444442,0.07639659775627979,0.10339664750629002,0.32041056619750125,0.2592369152439965,0.518473830487993,386.4190345919829,193.20951729599145,0.13834939681547065,3.703433805041843,0.35468757152557373
7,confirmatory,143000,1.0,8,0.75,0.7105034722222222,0.2894965277777778,0.24384731716579866,0.2718699955277973,0.4806155198150211,0.3888551129235162,0.518473830487993,386.4190345919829,289.8142759439872,0.20752409522320595,3.703433805041843,0.35468757152557373
7,confirmatory,143000,1.0,8,1.0,0.609375,0.390625,0.5562580956353081,0.5844654705789354,0.6408211323950025,0.518473830487993,0.518473830487993,386.4190345919829,386.4190345919829,0.2766987936309413,3.703433805041843,0.35468757152557373
7,confirmatory,143000,1.0,9,0.25,0.9010416666666666,0.09895833333333333,0.03244805335998535,0.024755656719207764,0.18139911691347757,0.18718499773078492,0.7487399909231397,587.1564104468881,146.78910261172203,0.1051096451646552,3.703433805041843,0.35468757152557373
7,confirmatory,143000,1.0,9,0.5,0.8094618055555555,0.19053819444444445,0.11764727698432065,0.09728617055548562,0.36279823382695514,0.37436999546156985,0.7487399909231397,587.1564104468881,293.57820522344406,0.2102192903293104,3.703433805041843,0.35468757152557373
7,confirmatory,143000,1.0,9,0.75,0.7109375,0.2890625,0.27221144570244676,0.23569893340269724,0.5441973076926337,0.5615549816025628,0.7487399909231397,587.1564104468881,440.36730783516606,0.31532893549396557,3.703433805041843,0.35468757152557373
7,confirmatory,143000,1.0,9,1.0,0.6321614583333334,0.3678385416666667,0.5114483038584393,0.4552181694242689,0.7255964676539103,0.7487399909231397,0.7487399909231397,587.1564104468881,587.1564104468881,0.4204385806586208,3.703433805041843,0.35468757152557373
7,confirmatory,143000,1.0,10,0.25,0.8741319444444445,0.12586805555555555,0.08921318584018294,0.06796607168184386,0.19316293630335066,0.2035399956835641,0.8141599827342564,635.352155764819,158.83803894120476,0.11373739340802047,3.703433805041843,0.35468757152557373
7,confirmatory,143000,1.0,10,0.5,0.7554253472222223,0.24457465277777776,0.2978058656056722,0.2517576068639755,0.3863258726067013,0.4070799913671282,0.8141599827342564,635.352155764819,317.6760778824095,0.22747478681604094,3.703433805041843,0.35468757152557373
7,confirmatory,143000,1.0,10,0.75,0.6473524305555555,0.3526475694444445,0.5950586795806886,0.5258294873767428,0.579488734404246,0.6106189886728922,0.8141599827342564,635.352155764819,476.5141168236143,0.34121218022406136,3.703433805041843,0.35468757152557373
7,confirmatory,143000,1.0,10,1.0,0.5596788194444444,0.4403211805555556,0.9507188532087537,0.8619134558571709,0.7726517452134026,0.8141599827342564,0.8141599827342564,635.352155764819,635.352155764819,0.4549495736320819,3.703433805041843,0.35468757152557373
8,confirmatory,14000,0.0979020979020979,1,0.25,0.9375,0.06250000000000004,0.007334020402696447,0.012181224922339121,0.10329336093531714,0.11390445960892571,0.45561783843570286,97.35648543505766,24.339121358764416,0.042207215242711475,3.8602281676398387,0.3488240970505609
8,confirmatory,14000,0.0979020979020979,1,0.5,0.8639322916666666,0.13606770833333337,0.04717421531677246,0.05567183800869518,0.2065867218706343,0.22780891921785143,0.45561783843570286,97.35648543505766,48.67824271752883,0.08441443048542295,3.8602281676398387,0.3488240970505609
8,confirmatory,14000,0.0979020979020979,1,0.75,0.765842013888889,0.23415798611111108,0.16958954599168571,0.18473815255694917,0.30987977981567383,0.3417130907376607,0.45561783843570286,97.35648543505766,73.01736407629325,0.12662164572813442,3.8602281676398387,0.3488240970505609
8,confirmatory,14000,0.0979020979020979,1,1.0,0.6597222222222222,0.34027777777777785,0.39173073238796635,0.4072243273258209,0.4131734437412686,0.45561783843570286,0.45561783843570286,97.35648543505766,97.35648543505766,0.1688288609708459,3.8602281676398387,0.3488240970505609
8,confirmatory,14000,0.0979020979020979,2,0.25,0.9255642361111112,0.07443576388888888,0.014050536685519699,0.015276019151012102,0.10620174722539055,0.1310741388135486,0.5242965552541944,101.43083010660713,25.357707526651783,0.043973576690093365,3.8602281676398387,0.3488240970505609
8,confirmatory,14000,0.0979020979020979,2,0.5,0.8385416666666666,0.16145833333333334,0.07202458381652832,0.07408656179904938,0.2124034944507811,0.2621482776270972,0.5242965552541944,101.43083010660713,50.715415053303566,0.08794715338018673,3.8602281676398387,0.3488240970505609
8,confirmatory,14000,0.0979020979020979,2,0.75,0.736328125,0.263671875,0.21235577265421565,0.21455214420954385,0.3186049792501661,0.3932221002048916,0.5242965552541944,101.43083010660713,76.07312257995535,0.1319207300702801,3.8602281676398387,0.3488240970505609
8,confirmatory,14000,0.0979020979020979,2,1.0,0.613498263888889,0.3865017361111111,0.5116835700141059,0.5077182418770261,0.4248069889015622,0.5242965552541944,0.5242965552541944,101.43083010660713,101.43083010660713,0.17589430676037346,3.8602281676398387,0.3488240970505609
8,confirmatory,14000,0.0979020979020979,3,0.25,0.916015625,0.083984375,0.0035971535576713918,0.01734346544577016,0.10360867861244415,0.14060769809616938,0.5624307923846775,102.56047632410724,25.64011908102681,0.04446331520969047,3.8602281676398387,0.3488240970505609
8,confirmatory,14000,0.0979020979020979,3,0.5,0.8268229166666666,0.17317708333333334,0.057084268993801444,0.0826967457930247,0.2072173572248883,0.28121539619233876,0.5624307923846775,102.56047632410724,51.28023816205362,0.08892663041938094,3.8602281676398387,0.3488240970505609
8,confirmatory,14000,0.0979020979020979,3,0.75,0.7311197916666666,0.2688802083333333,0.19934341642591683,0.2325643284453286,0.31082578831248814,0.4218227333492703,0.5624307923846775,102.56047632410724,76.92035724308043,0.13338994562907142,3.8602281676398387,0.3488240970505609
8,confirmatory,14000,0.0979020979020979,3,1.0,0.6102430555555555,0.3897569444444445,0.4941637251112196,0.5229583117696973,0.4144347144497766,0.5624307923846775,0.5624307923846775,102.56047632410724,102.56047632410724,0.17785326083876188,3.8602281676398387,0.3488240970505609
8,confirmatory,14000,0.0979020979020979,4,0.25,0.9142795138888888,0.08572048611111112,0.02033262782626677,0.02064560664196809,0.12371558282110427,0.2126801345083449,0.8507205380333795,101.74645265223087,25.436613163057718,0.04411040936907787,3.8602281676398387,0.3488240970505609
8,confirmatory,14000,0.0979020979020979,4,0.5,0.8101128472222222,0.1898871527777778,0.09912811385260678,0.10705169455872642,0.24743116564220854,0.4253602690166898,0.8507205380333795,101.74645265223087,50.873226326115436,0.08822081873815574,3.8602281676398387,0.3488240970505609
8,confirmatory,14000,0.0979020979020979,4,0.75,0.6751302083333334,0.3248697916666667,0.3511111471388075,0.35415169265535146,0.3711466623677148,0.6380403571658665,0.8507205380333795,101.74645265223087,76.30983948917316,0.1323312281072336,3.8602281676398387,0.3488240970505609
8,confirmatory,14000,0.0979020979020979,4,1.0,0.4283854166666667,0.5716145833333334,1.2176927460564504,1.222296569082472,0.4948623312844171,0.8507205380333795,0.8507205380333795,101.74645265223087,101.74645265223087,0.17644163747631147,3.8602281676398387,0.3488240970505609
8,confirmatory,14000,0.0979020979020979,5,0.25,0.9409722222222223,0.059027777777777755,0.022700203789604984,0.009980418305430146,0.08688489678833221,0.13663285308414033,0.5465314123365613,104.16502501851932,26.04125625462983,0.04515893945916729,3.8602281676398387,0.3488240970505609
8,confirmatory,14000,0.0979020979020979,5,0.5,0.8782552083333334,0.12174479166666667,0.06917794545491536,0.04328310117125511,0.17376979357666442,0.27326570616828066,0.5465314123365613,104.16502501851932,52.08251250925966,0.09031787891833458,3.8602281676398387,0.3488240970505609
8,confirmatory,14000,0.0979020979020979,5,0.75,0.8023003472222222,0.1976996527777778,0.14678666326734735,0.10806708948479758,0.2606545587380727,0.4098983705043793,0.5465314123365613,104.16502501851932,78.12376876388949,0.13547681837750186,3.8602281676398387,0.3488240970505609
8,confirmatory,14000,0.0979020979020979,5,1.0,0.722439236111111,0.2775607638888889,0.2745188872019451,0.2210980537864897,0.34753958715332883,0.5465314123365613,0.5465314123365613,104.16502501851932,104.16502501851932,0.18063575783666916,3.8602281676398387,0.3488240970505609
8,confirmatory,14000,0.0979020979020979,6,0.25,0.9418402777777778,0.05815972222222221,0.008356650670369467,0.008534900637136566,0.08578349732690388,0.13872345619731477,0.5548938247892591,110.50627418234843,27.62656854558711,0.04790807802111687,3.8602281676398387,0.3488240970505609
8,confirmatory,14000,0.0979020979020979,6,0.5,0.8860677083333334,0.11393229166666663,0.04068994522094712,0.03705063545041614,0.17156699465380776,0.27744691239462954,0.5548938247892591,110.50627418234843,55.25313709117422,0.09581615604223374,3.8602281676398387,0.3488240970505609
8,confirmatory,14000,0.0979020979020979,6,0.75,0.8138020833333334,0.18619791666666666,0.10457958115471729,0.09258459922340183,0.2573503918117947,0.4161701864666409,0.5548938247892591,110.50627418234843,82.87970563676133,0.1437242340633506,3.8602281676398387,0.3488240970505609
8,confirmatory,14000,0.0979020979020979,6,1.0,0.7456597222222223,0.25434027777777773,0.21310692363315184,0.18686280316776702,0.3431339893076155,0.5548938247892591,0.5548938247892591,110.50627418234843,110.50627418234843,0.1916323120844675,3.8602281676398387,0.3488240970505609
8,confirmatory,14000,0.0979020979020979,7,0.25,0.9214409722222222,0.07855902777777779,0.0220463010999891,0.011447280955811342,0.0907930119170083,0.15756603909863368,0.6302641563945347,109.57762040055108,27.39440510013777,0.047505476285042224,3.8602281676398387,0.3488240970505609
8,confirmatory,14000,0.0979020979020979,7,0.5,0.847873263888889,0.15212673611111108,0.07392292552524138,0.048284954908821315,0.1815860238340166,0.31513207819726735,0.6302641563945347,109.57762040055108,54.78881020027554,0.09501095257008445,3.8602281676398387,0.3488240970505609
8,confirmatory,14000,0.0979020979020979,7,0.75,0.773220486111111,0.22677951388888892,0.1627768410576714,0.11688872261179818,0.2723789115746816,0.472697913646698,0.6302641563945347,109.57762040055108,82.18321530041331,0.1425164288551267,3.8602281676398387,0.3488240970505609
8,confirmatory,14000,0.0979020979020979,7,1.0,0.7013888888888888,0.2986111111111111,0.3031896485222713,0.23135618534353042,0.3631720476680332,0.6302641563945347,0.6302641563945347,109.57762040055108,109.57762040055108,0.1900219051401689,3.8602281676398387,0.3488240970505609
8,confirmatory,14000,0.0979020979020979,8,0.25,0.9246961805555555,0.07530381944444446,0.03536669413248683,0.01288464106619358,0.09972213953733444,0.2039629734224743,0.8158518936898972,118.79316098519799,29.698290246299496,0.05150071402699621,3.8602281676398387,0.3488240970505609
8,confirmatory,14000,0.0979020979020979,8,0.5,0.8435329861111112,0.15646701388888887,0.10701023207770444,0.05772641425331434,0.19944427907466888,0.4079259468449486,0.8158518936898972,118.79316098519799,59.39658049259899,0.10300142805399241,3.8602281676398387,0.3488240970505609
8,confirmatory,14000,0.0979020979020979,8,0.75,0.7708333333333334,0.22916666666666666,0.23324950536092137,0.1506403254138099,0.2991663416226705,0.6118887530432807,0.8158518936898972,118.79316098519799,89.09487073889848,0.15450214208098864,3.8602281676398387,0.3488240970505609
8,confirmatory,14000,0.0979020979020979,8,1.0,0.6861979166666666,0.3138020833333333,0.44642938507927754,0.3236706985367669,0.39888855814933777,0.8158518936898972,0.8158518936898972,118.79316098519799,118.79316098519799,0.20600285610798483,3.8602281676398387,0.3488240970505609
8,confirmatory,14000,0.0979020979020979,9,0.25,0.933376736111111,0.06662326388888891,0.004734913508097331,0.011225823519958392,0.08588780793878766,0.20306040677759382,0.8122416271103753,124.56091297462224,31.14022824365556,0.05400122283846718,3.8602281676398387,0.3488240970505609
8,confirmatory,14000,0.0979020979020979,9,0.5,0.8663194444444443,0.13368055555555558,0.03516491254170736,0.04690185561776161,0.1717756158775753,0.40612081355518764,0.8122416271103753,124.56091297462224,62.28045648731112,0.10800244567693436,3.8602281676398387,0.3488240970505609
8,confirmatory,14000,0.0979020979020979,9,0.75,0.8001302083333334,0.19986979166666666,0.09505544768439389,0.11029448608557384,0.2576633443435033,0.6091810199949477,0.8122416271103753,124.56091297462224,93.42068473096668,0.16200366851540154,3.8602281676398387,0.3488240970505609
8,confirmatory,14000,0.0979020979020979,9,1.0,0.7369791666666666,0.2630208333333333,0.18868380122714568,0.20558327767584061,0.3435512317551506,0.8122416271103753,0.8122416271103753,124.56091297462224,124.56091297462224,0.21600489135386872,3.8602281676398387,0.3488240970505609
8,confirmatory,14000,0.0979020979020979,10,0.25,0.921875,0.078125,0.018086963229709152,0.014905183162126278,0.09400184369749492,0.27324668566385907,1.0929867426554363,132.35401146434944,33.08850286608736,0.05737978548782429,3.8602281676398387,0.3488240970505609
8,confirmatory,14000,0.0979020979020979,10,0.5,0.8413628472222222,0.1586371527777778,0.07083535194396973,0.06253314183817969,0.18800368739498985,0.5464933713277181,1.0929867426554363,132.35401146434944,66.17700573217472,0.11475957097564858,3.8602281676398387,0.3488240970505609
8,confirmatory,14000,0.0979020979020979,10,0.75,0.7660590277777777,0.23394097222222224,0.16583434740702327,0.14970859057373473,0.282005465692944,0.8197394278314379,1.0929867426554363,132.35401146434944,99.26550859826209,0.17213935646347286,3.8602281676398387,0.3488240970505609
8,confirmatory,14000,0.0979020979020979,10,1.0,0.691189236111111,0.3088107638888889,0.31545103920830614,0.28832231627570254,0.3760073747899797,1.0929867426554363,1.0929867426554363,132.35401146434944,132.35401146434944,0.22951914195129716,3.8602281676398387,0.3488240970505609
8,confirmatory,72000,0.5034965034965035,1,0.25,0.9223090277777778,0.07769097222222221,0.022479004330105152,0.017901601476801764,0.11404007259342407,0.09451844377650155,0.3780737751060062,107.54975019804579,26.887437549511446,0.022440635075786128,3.7941317558288574,0.34829436739285785
8,confirmatory,72000,0.5034965034965035,1,0.5,0.8402777777777777,0.15972222222222224,0.0840743117862277,0.08242583688762453,0.22808014518684813,0.1890368875530031,0.3780737751060062,107.54975019804579,53.77487509902289,0.044881270151572256,3.7941317558288574,0.34829436739285785
8,confirmatory,72000,0.5034965034965035,1,0.75,0.7063802083333334,0.2936197916666667,0.30130426088968915,0.3044878211286333,0.34211987919277614,0.2835550838046604,0.3780737751060062,107.54975019804579,80.66231264853434,0.06732190522735838,3.7941317558288574,0.34829436739285785
8,confirmatory,72000,0.5034965034965035,1,1.0,0.5616319444444445,0.4383680555555555,0.7441590627034506,0.741052296426561,0.45616029037369626,0.3780737751060062,0.3780737751060062,107.54975019804579,107.54975019804579,0.08976254030314451,3.7941317558288574,0.34829436739285785
8,confirmatory,72000,0.5034965034965035,2,0.25,0.9127604166666666,0.08723958333333333,0.004564020368788076,0.019926285992066067,0.11554446319739024,0.10863709284199607,0.4345483713679843,108.63327738728613,27.158319346821532,0.022666716849139023,3.7941317558288574,0.34829436739285785
8,confirmatory,72000,0.5034965034965035,2,0.5,0.8248697916666666,0.17513020833333334,0.06380812327067072,0.09294461210568745,0.2310889263947805,0.21727418568399215,0.4345483713679843,108.63327738728613,54.316638693643064,0.045333433698278046,3.7941317558288574,0.34829436739285785
8,confirmatory,72000,0.5034965034965035,2,0.75,0.7115885416666666,0.2884114583333333,0.2410239643520781,0.2790708276960585,0.3466333283318414,0.32591119408607483,0.4345483713679843,108.63327738728613,81.4749580404646,0.06800015054741707,3.7941317558288574,0.34829436739285785
8,confirmatory,72000,0.5034965034965035,2,1.0,0.5759548611111112,0.42404513888888884,0.6189210679796009,0.6622003846698337,0.462177852789561,0.4345483713679843,0.4345483713679843,108.63327738728613,108.63327738728613,0.09066686739655609,3.7941317558288574,0.34829436739285785
8,confirmatory,72000,0.5034965034965035,3,0.25,0.9105902777777777,0.08940972222222225,0.0027401712205673925,0.023910215124487877,0.11476976258887184,0.11622821622424656,0.46491286489698624,107.88443144272021,26.971107860680053,0.022510467499056466,3.7941317558288574,0.34829436739285785
8,confirmatory,72000,0.5034965034965035,3,0.5,0.8062065972222222,0.1937934027777778,0.06641075346204979,0.10968516104751164,0.22953952517774368,0.23245643244849312,0.46491286489698624,107.88443144272021,53.94221572136011,0.04502093499811293,3.7941317558288574,0.34829436739285785
8,confirmatory,72000,0.5034965034965035,3,0.75,0.6918402777777778,0.3081597222222222,0.2502738369835747,0.3064483602841695,0.3443091379271614,0.34868444005648297,0.46491286489698624,107.88443144272021,80.91332358204016,0.0675314024971694,3.7941317558288574,0.34829436739285785
8,confirmatory,72000,0.5034965034965035,3,1.0,0.5648871527777778,0.43511284722222215,0.6404398547278509,0.6975903709729513,0.45907905035548735,0.46491286489698624,0.46491286489698624,107.88443144272021,107.88443144272021,0.09004186999622586,3.7941317558288574,0.34829436739285785
8,confirmatory,72000,0.5034965034965035,4,0.25,0.9049479166666666,0.0950520833333333,0.02734796206156398,0.031835200678971075,0.13846617771519554,0.17084889941745338,0.6833955976698135,111.35092791006673,27.837731977516682,0.02323376422519464,3.7941317558288574,0.34829436739285785
8,confirmatory,72000,0.5034965034965035,4,0.5,0.7973090277777778,0.2026909722222222,0.1396147939893934,0.14507950511243609,0.2769323554303911,0.34169779883490675,0.6833955976698135,111.35092791006673,55.675463955033365,0.04646752845038928,3.7941317558288574,0.34829436739285785
8,confirmatory,72000,0.5034965034965035,4,0.75,0.6354166666666666,0.3645833333333333,0.4324395921495225,0.43133251203431017,0.4153982135984633,0.5125425193044874,0.6833955976698135,111.35092791006673,83.51319593255005,0.0697012926755839,3.7941317558288574,0.34829436739285785
8,confirmatory,72000,0.5034965034965035,4,1.0,0.3791232638888889,0.620876736111111,1.4285152753194172,1.43933990266588,0.5538647108607822,0.6833955976698135,0.6833955976698135,111.35092791006673,111.35092791006673,0.09293505690077856,3.7941317558288574,0.34829436739285785
8,confirmatory,72000,0.5034965034965035,5,0.25,0.9255642361111112,0.07443576388888888,0.011825985378689138,0.014084995931221379,0.10600042508708106,0.11377928654352824,0.455117146174113,211.88007548169193,52.97001887042298,0.0442095257772255,3.7941317558288574,0.34829436739285785
8,confirmatory,72000,0.5034965034965035,5,0.5,0.8600260416666666,0.13997395833333334,0.05869637595282651,0.05778245545095867,0.21200085017416212,0.2275585730870565,0.455117146174113,211.88007548169193,105.94003774084597,0.088419051554451,3.7941317558288574,0.34829436739285785
8,confirmatory,72000,0.5034965034965035,5,0.75,0.7760416666666666,0.2239583333333333,0.15138136015997997,0.1450964460770289,0.3180010782347785,0.3413376543256971,0.455117146174113,211.88007548169193,158.91005661126894,0.1326285773316765,3.7941317558288574,0.34829436739285785
8,confirmatory,72000,0.5034965034965035,5,1.0,0.693576388888889,0.3064236111111111,0.319316969977485,0.297220915555954,0.42400170034832424,0.455117146174113,0.455117146174113,211.88007548169193,211.88007548169193,0.176838103108902,3.7941317558288574,0.34829436739285785
8,confirmatory,72000,0.5034965034965035,6,0.25,0.9233940972222222,0.07660590277777779,0.019382185406155106,0.015437125642266536,0.10989646530813642,0.12452998591793907,0.49811994367175627,281.8301716130769,70.45754290326923,0.05880486028902143,3.7941317558288574,0.34829436739285785
8,confirmatory,72000,0.5034965034965035,6,0.5,0.8470052083333334,0.15299479166666666,0.07368387116326221,0.06376008606619306,0.21979293061627284,0.24905997183587814,0.49811994367175627,281.8301716130769,140.91508580653846,0.11760972057804286,3.7941317558288574,0.34829436739285785
8,confirmatory,72000,0.5034965034965035,6,0.75,0.7680121527777778,0.2319878472222222,0.1775123543209499,0.15889438821209803,0.329689148399565,0.37358965145217043,0.49811994367175627,281.8301716130769,211.37262870980769,0.1764145808670643,3.7941317558288574,0.34829436739285785
8,confirmatory,72000,0.5034965034965035,6,1.0,0.685546875,0.31445312499999994,0.3561698860592311,0.32367729478412205,0.43958586123254567,0.49811994367175627,0.49811994367175627,281.8301716130769,281.8301716130769,0.23521944115608573,3.7941317558288574,0.34829436739285785
8,confirmatory,72000,0.5034965034965035,7,0.25,0.9188368055555555,0.08116319444444446,0.013370699352688309,0.01671851033137904,0.1129911740620931,0.1426190071635776,0.5704760286543104,271.76783137570976,67.94195784392744,0.05670531747409765,3.7941317558288574,0.34829436739285785
8,confirmatory,72000,0.5034965034965035,7,0.5,0.8357204861111112,0.16427951388888887,0.06301482518513997,0.06946823249260585,0.2259823481241862,0.2852380143271552,0.5704760286543104,271.76783137570976,135.88391568785488,0.1134106349481953,3.7941317558288574,0.34829436739285785
8,confirmatory,72000,0.5034965034965035,7,0.75,0.7593315972222222,0.2406684027777778,0.16059104601542154,0.17005336615774366,0.338973386420144,0.42785682611995274,0.5704760286543104,271.76783137570976,203.82587353178232,0.17011595242229294,3.7941317558288574,0.34829436739285785
8,confirmatory,72000,0.5034965034965035,7,1.0,0.6653645833333334,0.3346354166666667,0.3360793325636123,0.3421697583463457,0.4519646962483724,0.5704760286543104,0.5704760286543104,271.76783137570976,271.76783137570976,0.2268212698963906,3.7941317558288574,0.34829436739285785
8,confirmatory,72000,0.5034965034965035,8,0.25,0.9016927083333334,0.0983072916666667,0.05319227112664112,0.022901226869887773,0.13488908112049103,0.22354431947072348,0.8941772778828939,376.11156833502486,94.02789208375621,0.07847700656901434,3.7941317558288574,0.34829436739285785
8,confirmatory,72000,0.5034965034965035,8,0.5,0.796875,0.203125,0.16285716162787534,0.10181913773218791,0.26977816224098206,0.44708863894144696,0.8941772778828939,376.11156833502486,188.05578416751243,0.15695401313802868,3.7941317558288574,0.34829436739285785
8,confirmatory,72000,0.5034965034965035,8,0.75,0.6935763888888888,0.3064236111111111,0.3627128071255156,0.26837876273526085,0.40466704633500844,0.6706326537662082,0.8941772778828939,376.11156833502486,282.0836762512686,0.23543101970704297,3.7941317558288574,0.34829436739285785
8,confirmatory,72000,0.5034965034965035,8,1.0,0.5828993055555555,0.4171006944444445,0.7138565911187067,0.5807838241259257,0.5395563244819641,0.8941772778828939,0.8941772778828939,376.11156833502486,376.11156833502486,0.31390802627605735,3.7941317558288574,0.34829436739285785
8,confirmatory,72000,0.5034965034965035,9,0.25,0.9273003472222222,0.07269965277777779,0.011714167065090653,0.014704933596981898,0.11256222426891327,0.22615842521190643,0.9046337008476257,444.94311642816086,111.23577910704022,0.09283895208367304,3.7941317558288574,0.34829436739285785
8,confirmatory,72000,0.5034965034965035,9,0.5,0.853732638888889,0.14626736111111108,0.05699194802178287,0.06268580092324151,0.22512444853782654,0.45231685042381287,0.9046337008476257,444.94311642816086,222.47155821408043,0.1856779041673461,3.7941317558288574,0.34829436739285785
8,confirmatory,72000,0.5034965034965035,9,0.75,0.7762586805555557,0.22374131944444442,0.14862272474500862,0.15446995861000487,0.33768715792232085,0.6784762210316129,0.9046337008476257,444.94311642816086,333.70733732112063,0.27851685625101913,3.7941317558288574,0.34829436739285785
8,confirmatory,72000,0.5034965034965035,9,1.0,0.697265625,0.30273437500000006,0.29945537779066306,0.30478105942408246,0.4502488970756531,0.9046337008476257,0.9046337008476257,444.94311642816086,444.94311642816086,0.3713558083346922,3.7941317558288574,0.34829436739285785
8,confirmatory,72000,0.5034965034965035,10,0.25,0.9223090277777778,0.07769097222222221,0.0339377191331652,0.023684784563051328,0.13419794042905173,0.3070438040627374,1.2281752162509496,503.76477758181846,125.94119439545462,0.10511229934919519,3.7941317558288574,0.34829436739285785
8,confirmatory,72000,0.5034965034965035,10,0.5,0.8480902777777777,0.15190972222222224,0.12006452348497183,0.10129796299669479,0.26839588085810345,0.6140876081254748,1.2281752162509496,503.76477758181846,251.88238879090923,0.21022459869839039,3.7941317558288574,0.34829436739285785
8,confirmatory,72000,0.5034965034965035,10,0.75,0.771484375,0.228515625,0.26929606331719275,0.24190000693003336,0.40259348683887053,0.921130571100447,1.2281752162509496,503.76477758181846,377.8235831863638,0.3153368980475856,3.7941317558288574,0.34829436739285785
8,confirmatory,72000,0.5034965034965035,10,1.0,0.6929253472222222,0.3070746527777778,0.48912805981106217,0.4546317756175995,0.5367917617162069,1.2281752162509496,1.2281752162509496,503.76477758181846,503.76477758181846,0.42044919739678077,3.7941317558288574,0.34829436739285785
8,confirmatory,143000,1.0,1,0.25,0.8897569444444443,0.11024305555555558,0.01123115751478417,0.02619004932542642,0.12258730580409367,0.04899464547634125,0.195978581905365,101.45344845855205,25.36336211463801,0.016507805414404816,3.7353227403428817,0.36120057106018066
8,confirmatory,143000,1.0,1,0.5,0.8031684027777777,0.19683159722222224,0.0691097047593859,0.09896795037719937,0.24517461160818735,0.0979892909526825,0.195978581905365,101.45344845855205,50.72672422927602,0.03301561082880963,3.7353227403428817,0.36120057106018066
8,confirmatory,143000,1.0,1,0.75,0.7018229166666666,0.2981770833333333,0.25790911250644283,0.2949145916435454,0.3677620655960507,0.14698398775524565,0.195978581905365,101.45344845855205,76.09008634391404,0.049523416243214456,3.7353227403428817,0.36120057106018066
8,confirmatory,143000,1.0,1,1.0,0.5670572916666666,0.4329427083333333,0.6730988290574818,0.6980229881074694,0.4903492232163747,0.195978581905365,0.195978581905365,101.45344845855205,101.45344845855205,0.06603122165761927,3.7353227403428817,0.36120057106018066
8,confirmatory,143000,1.0,2,0.25,0.8882378472222222,0.11176215277777779,0.016134394539727204,0.02697288017306063,0.12893996304935879,0.059465465446313225,0.2378618617852529,103.98549063733952,25.99637265933488,0.016919801854383548,3.7353227403428817,0.36120057106018066
8,confirmatory,143000,1.0,2,0.5,0.7938368055555557,0.20616319444444442,0.0937885443369549,0.11764602859814961,0.25787992609871757,0.11893093089262645,0.2378618617852529,103.98549063733952,51.99274531866976,0.033839603708767096,3.7353227403428817,0.36120057106018066
8,confirmatory,143000,1.0,2,0.75,0.6768663194444443,0.3231336805555556,0.30365864435831735,0.3418084383010864,0.3868198560343848,0.1783964104122586,0.2378618617852529,103.98549063733952,77.98911797800464,0.050759405563150645,3.7353227403428817,0.36120057106018066
8,confirmatory,143000,1.0,2,1.0,0.5414496527777778,0.45855034722222215,0.7439439031812881,0.7849934034877353,0.5157598521974351,0.2378618617852529,0.2378618617852529,103.98549063733952,103.98549063733952,0.06767920741753419,3.7353227403428817,0.36120057106018066
8,confirmatory,143000,1.0,3,0.25,0.8778211805555557,0.12217881944444442,0.007533762190077138,0.033030560447110065,0.12936332159572175,0.06594728761249119,0.26378915044996476,103.70401548285218,25.926003870713046,0.016874002158563797,3.7353227403428817,0.36120057106018066
8,confirmatory,143000,1.0,3,0.5,0.773220486111111,0.22677951388888892,0.10671793089972607,0.14750948713885415,0.2587266431914435,0.13189457522498238,0.26378915044996476,103.70401548285218,51.85200774142609,0.03374800431712759,3.7353227403428817,0.36120057106018066
8,confirmatory,143000,1.0,3,0.75,0.6471354166666666,0.3528645833333333,0.36575338575575095,0.41880733768145245,0.3880898654460907,0.19784188436137304,0.26378915044996476,103.70401548285218,77.77801161213914,0.05062200647569139,3.7353227403428817,0.36120057106018066
8,confirmatory,143000,1.0,3,1.0,0.5028211805555555,0.4971788194444445,0.9007845454745823,0.9562838276227316,0.517453286382887,0.26378915044996476,0.26378915044996476,103.70401548285218,103.70401548285218,0.06749600863425519,3.7353227403428817,0.36120057106018066
8,confirmatory,143000,1.0,4,0.25,0.87109375,0.12890625,0.02940294477674706,0.04310559315813912,0.1636685662799411,0.10085334380467732,0.4034133752187093,113.18526302551602,28.296315756379006,0.018416725367071007,3.7353227403428817,0.36120057106018066
8,confirmatory,143000,1.0,4,0.5,0.7486979166666666,0.2513020833333333,0.15352866384718147,0.18184995485676658,0.3273371325598822,0.20170668760935465,0.4034133752187093,113.18526302551602,56.59263151275801,0.036833450734142015,3.7353227403428817,0.36120057106018066
8,confirmatory,143000,1.0,4,0.75,0.5776909722222222,0.42230902777777773,0.5404562155405683,0.575807167424096,0.4910055332713657,0.30255843864546883,0.4034133752187093,113.18526302551602,84.88894726913702,0.05525017610121302,3.7353227403428817,0.36120057106018066
8,confirmatory,143000,1.0,4,1.0,0.3109809027777778,0.6890190972222222,1.764314068688287,1.8047940333684285,0.6546742651197645,0.4034133752187093,0.4034133752187093,113.18526302551602,113.18526302551602,0.07366690146828403,3.7353227403428817,0.36120057106018066
8,confirmatory,143000,1.0,5,0.25,0.8947482638888888,0.10525173611111112,0.023092985153198242,0.02404726545015971,0.11991688526339,0.06609844747516845,0.2643937899006738,295.96161769932473,73.99040442483118,0.048156833201277754,3.7353227403428817,0.36120057106018066
8,confirmatory,143000,1.0,5,0.5,0.8192274305555555,0.18077256944444445,0.09304685062832323,0.08975761300987667,0.23983377052678,0.1321968949503369,0.2643937899006738,295.96161769932473,147.98080884966237,0.09631366640255551,3.7353227403428817,0.36120057106018066
8,confirmatory,143000,1.0,5,0.75,0.744357638888889,0.2556423611111111,0.2298605706956652,0.21764641669061446,0.35975036356184215,0.1982951925860511,0.2643937899006738,295.96161769932473,221.97121327449358,0.14447049960383326,3.7353227403428817,0.36120057106018066
8,confirmatory,143000,1.0,5,1.0,0.6460503472222222,0.35394965277777785,0.4831451045142279,0.44762351446681553,0.47966754105356,0.2643937899006738,0.2643937899006738,295.96161769932473,295.96161769932473,0.19262733280511102,3.7353227403428817,0.36120057106018066
8,confirmatory,143000,1.0,6,0.25,0.886501736111111,0.11349826388888891,0.028199407789442226,0.027044692180222932,0.1273015116651853,0.07789244419998592,0.3115697767999437,402.57604174631075,100.64401043657769,0.065504396968472,3.7353227403428817,0.36120057106018066
8,confirmatory,143000,1.0,6,0.5,0.8057725694444443,0.19422743055555558,0.10310684310065395,0.0977211735314793,0.2546030233303706,0.15578488839997184,0.3115697767999437,402.57604174631075,201.28802087315538,0.131008793936944,3.7353227403428817,0.36120057106018066
8,confirmatory,143000,1.0,6,0.75,0.7252604166666666,0.2747395833333333,0.25396389431423616,0.23277047110928428,0.38190407554308575,0.23367703126536474,0.3115697767999437,402.57604174631075,301.9320313097331,0.196513190905416,3.7353227403428817,0.36120057106018066
8,confirmatory,143000,1.0,6,1.0,0.6375868055555556,0.3624131944444444,0.4873672591315377,0.4478689365916782,0.5092060466607412,0.3115697767999437,0.3115697767999437,402.57604174631075,402.57604174631075,0.262017587873888,3.7353227403428817,0.36120057106018066
8,confirmatory,143000,1.0,7,0.25,0.880642361111111,0.11935763888888891,0.02448076672024217,0.02669066997865836,0.12069812417030334,0.0830351213614146,0.3321404854456584,423.43496468900554,105.85874117225138,0.06889841704688013,3.7353227403428817,0.36120057106018066
8,confirmatory,143000,1.0,7,0.5,0.794921875,0.205078125,0.09952092170715347,0.10019881774981816,0.2413962483406067,0.1660702427228292,0.3321404854456584,423.43496468900554,211.71748234450277,0.13779683409376026,3.7353227403428817,0.36120057106018066
8,confirmatory,143000,1.0,7,0.75,0.7003038194444445,0.2996961805555555,0.24196606212192137,0.23843427499135336,0.36209423674477476,0.2491052895784378,0.3321404854456584,423.43496468900554,317.57622351675417,0.20669525114064044,3.7353227403428817,0.36120057106018066
8,confirmatory,143000,1.0,7,1.0,0.6082899305555555,0.3917100694444445,0.47159806887308786,0.45761813057793505,0.4827924966812134,0.3321404854456584,0.3321404854456584,423.43496468900554,423.43496468900554,0.2755936681875205,3.7353227403428817,0.36120057106018066
8,confirmatory,143000,1.0,8,0.25,0.8823784722222223,0.11762152777777775,0.044665601518419105,0.028459576475951404,0.14587747719552782,0.11145993984407848,0.4458397593763139,517.0115583071313,129.25288957678282,0.08412455496787892,3.7353227403428817,0.36120057106018066
8,confirmatory,143000,1.0,8,0.5,0.7823350694444445,0.21766493055555555,0.15823782814873585,0.11868832674291398,0.29175495439105564,0.22291987968815696,0.4458397593763139,517.0115583071313,258.50577915356564,0.16824910993575784,3.7353227403428817,0.36120057106018066
8,confirmatory,143000,1.0,8,0.75,0.6809895833333334,0.31901041666666663,0.39131927490234375,0.32048479384846157,0.4376326037777794,0.3343799908955892,0.4458397593763139,517.0115583071313,387.75866873034846,0.2523736649036368,3.7353227403428817,0.36120057106018066
8,confirmatory,143000,1.0,8,1.0,0.5494791666666666,0.4505208333333333,0.8426271544562448,0.7230100499259101,0.5835099087821113,0.4458397593763139,0.4458397593763139,517.0115583071313,517.0115583071313,0.3364982198715157,3.7353227403428817,0.36120057106018066
8,confirmatory,143000,1.0,9,0.25,0.8977864583333334,0.10221354166666667,0.01580561531914615,0.021763495066099692,0.14118905199898613,0.13065307173464033,0.5226122869385613,618.9449047698065,154.73622619245162,0.10071044607568491,3.7353227403428817,0.36120057106018066
8,confirmatory,143000,1.0,9,0.5,0.8203125,0.1796875,0.08332620726691357,0.08608398503727384,0.28237810399797225,0.26130614346928066,0.5226122869385613,618.9449047698065,309.47245238490325,0.20142089215136982,3.7353227403428817,0.36120057106018066
8,confirmatory,143000,1.0,9,0.75,0.7361111111111112,0.2638888888888889,0.20868460337320963,0.21171544988950095,0.4235665996869405,0.39195874333381653,0.5226122869385613,618.9449047698065,464.2086785773549,0.30213133822705474,3.7353227403428817,0.36120057106018066
8,confirmatory,143000,1.0,9,1.0,0.646267361111111,0.3537326388888889,0.4186571968926325,0.4151734941535526,0.5647562079959445,0.5226122869385613,0.5226122869385613,618.9449047698065,618.9449047698065,0.40284178430273965,3.7353227403428817,0.36120057106018066
8,confirmatory,143000,1.0,10,0.25,0.8470052083333334,0.15299479166666666,0.07541908158196353,0.06618299045496517,0.19125448498460984,0.2117355051967833,0.8469420207871332,680.2976419868633,170.0744104967158,0.11069334032924057,3.7353227403428817,0.36120057106018066
8,confirmatory,143000,1.0,10,0.5,0.7298177083333334,0.2701822916666667,0.28023791313171403,0.26391928891340893,0.3825089699692197,0.4234710103935666,0.8469420207871332,680.2976419868633,340.1488209934316,0.22138668065848113,3.7353227403428817,0.36120057106018066
8,confirmatory,143000,1.0,10,0.75,0.6260850694444445,0.3739149305555555,0.581024752722846,0.5602023402849833,0.5737636950280932,0.6352070834901599,0.8469420207871332,680.2976419868633,510.2232314901474,0.3320800209877217,3.7353227403428817,0.36120057106018066
8,confirmatory,143000,1.0,10,1.0,0.5394965277777778,0.46050347222222215,0.9312289555867513,0.9103376732932197,0.7650179399384394,0.8469420207871332,0.8469420207871332,680.2976419868633,680.2976419868633,0.44277336131696227,3.7353227403428817,0.36120057106018066
9,pilot,14000,0.0979020979020979,1,0.25,0.9216579861111112,0.07834201388888888,0.012130128012763178,0.015665347273978922,0.10358363307184643,0.11346047040488984,0.45384188161955935,97.34127538024653,24.335318845061632,0.042432412589856465,3.8900212181939016,0.35065497623549563
9,pilot,14000,0.0979020979020979,1,0.5,0.8209635416666666,0.17903645833333337,0.09104453192816846,0.10333249262637562,0.20716726614369285,0.22692094080977968,0.45384188161955935,97.34127538024653,48.670637690123264,0.08486482517971293,3.8900212181939016,0.35065497623549563
9,pilot,14000,0.0979020979020979,1,0.75,0.6710069444444443,0.3289930555555556,0.36710005336337614,0.38097160226768917,0.310750898387697,0.34038142694367307,0.45384188161955935,97.34127538024653,73.0059565351849,0.1272972377695694,3.8900212181939016,0.35065497623549563
9,pilot,14000,0.0979020979020979,1,1.0,0.5618489583333334,0.4381510416666667,0.6489635308583579,0.6667489873038398,0.4143345322873857,0.45384188161955935,0.45384188161955935,97.34127538024653,97.34127538024653,0.16972965035942586,3.8900212181939016,0.35065497623549563
9,pilot,14000,0.0979020979020979,2,0.25,0.9227430555555557,0.07725694444444442,0.009245978461371577,0.015140212658378815,0.10524429712030624,0.12388297335969077,0.4955318934387631,100.16926336892966,25.042315842232416,0.043665171793659883,3.8900212181939016,0.35065497623549563
9,pilot,14000,0.0979020979020979,2,0.5,0.8433159722222222,0.1566840277777778,0.06008187929789225,0.07141359978251988,0.21048859424061248,0.24776594671938154,0.4955318934387631,100.16926336892966,50.08463168446483,0.08733034358731977,3.8900212181939016,0.35065497623549563
9,pilot,14000,0.0979020979020979,2,0.75,0.746310763888889,0.2536892361111111,0.1815692583719891,0.19905064006646475,0.3157326446639167,0.37164866593148976,0.4955318934387631,100.16926336892966,75.12694752669725,0.13099551538097964,3.8900212181939016,0.35065497623549563
9,pilot,14000,0.0979020979020979,2,1.0,0.6265190972222222,0.37348090277777773,0.4407002660963273,0.4668336278862424,0.42097718848122495,0.4955318934387631,0.4955318934387631,100.16926336892966,100.16926336892966,0.17466068717463953,3.8900212181939016,0.35065497623549563
9,pilot,14000,0.0979020979020979,3,0.25,0.9092881944444445,0.09071180555555554,0.018789344363742504,0.022358778450224135,0.12798462311426798,0.19178541666931573,0.7671416666772629,99.08257516433069,24.770643791082673,0.043191469327014044,3.8900212181939016,0.35065497623549563
9,pilot,14000,0.0979020979020979,3,0.5,0.7955729166666666,0.20442708333333334,0.09627951516045459,0.10957185758484733,0.25596924622853595,0.38357083333863146,0.7671416666772629,99.08257516433069,49.541287582165346,0.08638293865402809,3.8900212181939016,0.35065497623549563
9,pilot,14000,0.0979020979020979,3,0.75,0.644314236111111,0.3556857638888889,0.3435156875186496,0.3673914571603139,0.38395370708571547,0.575354602601793,0.7671416666772629,99.08257516433069,74.31193137324802,0.12957440798104214,3.8900212181939016,0.35065497623549563
9,pilot,14000,0.0979020979020979,3,1.0,0.4249131944444444,0.5750868055555556,1.1605033344692655,1.1711541679170396,0.5119384924570719,0.7671416666772629,0.7671416666772629,99.08257516433069,99.08257516433069,0.17276587730805618,3.8900212181939016,0.35065497623549563
9,pilot,14000,0.0979020979020979,4,0.25,0.929470486111111,0.07052951388888891,0.018142435285780262,0.012109407223761082,0.10045886867576176,0.1377884828382068,0.5511539313528272,104.74256662593369,26.185641656483423,0.0456587381399162,3.8900212181939016,0.35065497623549563
9,pilot,14000,0.0979020979020979,4,0.5,0.8567708333333334,0.1432291666666667,0.06538020239936,0.05361708005269369,0.20091773735152352,0.2755769656764136,0.5511539313528272,104.74256662593369,52.371283312966845,0.0913174762798324,3.8900212181939016,0.35065497623549563
9,pilot,14000,0.0979020979020979,4,0.75,0.7795138888888888,0.22048611111111113,0.15888749228583446,0.13941510021686554,0.30137641562355894,0.4133651951948802,0.5511539313528272,104.74256662593369,78.55692496945026,0.1369762144197486,3.8900212181939016,0.35065497623549563
9,pilot,14000,0.0979020979020979,4,1.0,0.6946614583333334,0.3053385416666667,0.3307948642306857,0.2982384032673306,0.40183547470304704,0.5511539313528272,0.5511539313528272,104.74256662593369,104.74256662593369,0.1826349525596648,3.8900212181939016,0.35065497623549563
9,pilot,14000,0.0979020979020979,5,0.25,0.9296875,0.0703125,0.022332323922051422,0.01317398032794396,0.10120721906423569,0.14950005378988054,0.5980002151595222,104.22738719534136,26.05684679883534,0.04543416427778726,3.8900212181939016,0.35065497623549563
9,pilot,14000,0.0979020979020979,5,0.5,0.8569878472222223,0.14301215277777776,0.08118595017327213,0.057790350168943405,0.20241443812847137,0.2990001075797611,0.5980002151595222,104.22738719534136,52.11369359767068,0.09086832855557452,3.8900212181939016,0.35065497623549563
9,pilot,14000,0.0979020979020979,5,0.75,0.7758246527777778,0.2241753472222222,0.1880293422275119,0.1449504204922252,0.30362149741914535,0.4484999146726396,0.5980002151595222,104.22738719534136,78.17054039650603,0.13630249283336174,3.8900212181939016,0.35065497623549563
9,pilot,14000,0.0979020979020979,5,1.0,0.6896701388888888,0.3103298611111111,0.36238185564676906,0.29482561349868774,0.40482887625694275,0.5980002151595222,0.5980002151595222,104.22738719534136,104.22738719534136,0.18173665711114903,3.8900212181939016,0.35065497623549563
9,pilot,14000,0.0979020979020979,6,0.25,0.9283854166666666,0.07161458333333333,0.003778510623508128,0.011601394870214991,0.09684994899564318,0.15951363742351532,0.6380545496940613,104.63033606652637,26.157584016631592,0.045609815281823805,3.8900212181939016,0.35065497623549563
9,pilot,14000,0.0979020979020979,6,0.5,0.8556857638888888,0.14431423611111113,0.0377173158857557,0.050840333104133606,0.19369989799128637,0.31902727484703064,0.6380545496940613,104.63033606652637,52.315168033263184,0.09121963056364761,3.8900212181939016,0.35065497623549563
9,pilot,14000,0.0979020979020979,6,0.75,0.7786458333333334,0.22135416666666666,0.11209458774990495,0.1272012773487303,0.2905498676829868,0.47854092717170715,0.6380545496940613,104.63033606652637,78.47275204989478,0.13682944584547138,3.8900212181939016,0.35065497623549563
9,pilot,14000,0.0979020979020979,6,1.0,0.7035590277777778,0.2964409722222222,0.24283562766181102,0.2552596678336461,0.38739979598257274,0.6380545496940613,0.6380545496940613,104.63033606652637,104.63033606652637,0.18243926112729522,3.8900212181939016,0.35065497623549563
9,pilot,14000,0.0979020979020979,7,0.25,0.9281684027777778,0.07183159722222221,0.019197675916883632,0.011293375243743261,0.0944080783261193,0.17875143885612488,0.7150057554244995,113.37516385416727,28.343790963541817,0.049421807052662255,3.8900212181939016,0.35065497623549563
9,pilot,14000,0.0979020979020979,7,0.5,0.8543836805555557,0.14561631944444442,0.06709575653076187,0.04971812665462494,0.1888161566522386,0.35750287771224976,0.7150057554244995,113.37516385416727,56.687581927083635,0.09884361410532451,3.8900212181939016,0.35065497623549563
9,pilot,14000,0.0979020979020979,7,0.75,0.7816840277777777,0.21831597222222224,0.15511351161532927,0.12554006444083318,0.2832239833143022,0.536253829797109,0.7150057554244995,113.37516385416727,85.03137289062545,0.14826542115798677,3.8900212181939016,0.35065497623549563
9,pilot,14000,0.0979020979020979,7,1.0,0.6994357638888888,0.3005642361111111,0.30146100785997154,0.25594604346487254,0.3776323133044772,0.7150057554244995,0.7150057554244995,113.37516385416727,113.37516385416727,0.19768722821064902,3.8900212181939016,0.35065497623549563
9,pilot,14000,0.0979020979020979,8,0.25,0.933810763888889,0.06618923611111109,0.007130808300442215,0.009345556454112133,0.0806467549668418,0.17118807633717856,0.6847523053487142,114.19107751691665,28.547769379229162,0.04977747513940389,3.8900212181939016,0.35065497623549563
9,pilot,14000,0.0979020979020979,8,0.5,0.8671875,0.13281250000000003,0.03849339485168457,0.040285680856969625,0.1612935099336836,0.3423761526743571,0.6847523053487142,114.19107751691665,57.095538758458325,0.09955495027880779,3.8900212181939016,0.35065497623549563
9,pilot,14000,0.0979020979020979,8,0.75,0.8016493055555555,0.19835069444444445,0.10032508108350975,0.09824140783813266,0.24194016224808165,0.5135640071498023,0.6847523053487142,114.19107751691665,85.64330813768748,0.14933242541821168,3.8900212181939016,0.35065497623549563
9,pilot,14000,0.0979020979020979,8,1.0,0.7391493055555557,0.2608506944444444,0.2003705501556395,0.19034367303053537,0.3225870198673672,0.6847523053487142,0.6847523053487142,114.19107751691665,114.19107751691665,0.19910990055761557,3.8900212181939016,0.35065497623549563
9,pilot,14000,0.0979020979020979,9,0.25,0.9186197916666666,0.08138020833333333,0.01340561442905012,0.012667408006058799,0.08293036702606414,0.2009750703970591,0.8039002815882365,126.22922308530154,31.557305771325385,0.055025069827053914,3.8900212181939016,0.35065497623549563
9,pilot,14000,0.0979020979020979,9,0.5,0.8394097222222223,0.16059027777777776,0.05609864658779573,0.05372840000523461,0.16586073405212828,0.4019501407941182,0.8039002815882365,126.22922308530154,63.11461154265077,0.11005013965410783,3.8900212181939016,0.35065497623549563
9,pilot,14000,0.0979020979020979,9,0.75,0.7582465277777778,0.2417534722222222,0.13353718651665578,0.1283091116282675,0.24879107541508141,0.6029251548979017,0.8039002815882365,126.22922308530154,94.67191731397615,0.16507520948116175,3.8900212181939016,0.35065497623549563
9,pilot,14000,0.0979020979020979,9,1.0,0.6994357638888888,0.3005642361111111,0.25299003389146596,0.24290585683451757,0.33172146810425657,0.8039002815882365,0.8039002815882365,126.22922308530154,126.22922308530154,0.22010027930821566,3.8900212181939016,0.35065497623549563
9,pilot,14000,0.0979020979020979,10,0.25,0.9153645833333334,0.08463541666666663,0.03583857748243554,0.015541439151598347,0.08510169966353309,0.24372342228889465,0.9748936891555786,130.9843116113017,32.74607790282543,0.05709787889441361,3.8900212181939016,0.35065497623549563
9,pilot,14000,0.0979020979020979,10,0.5,0.831814236111111,0.16818576388888892,0.10789537429809586,0.06512739964657359,0.17020339932706618,0.4874468445777893,0.9748936891555786,130.9843116113017,65.49215580565085,0.11419575778882722,3.8900212181939016,0.35065497623549563
9,pilot,14000,0.0979020979020979,10,0.75,0.7582465277777778,0.2417534722222222,0.22231075498792885,0.15448984338177574,0.2553049872318904,0.7311698926819695,0.9748936891555786,130.9843116113017,98.23823370847629,0.17129363668324082,3.8900212181939016,0.35065497623549563
9,pilot,14000,0.0979020979020979,10,1.0,0.6846788194444445,0.3153211805555555,0.3880874845716688,0.2925313876734839,0.34040679865413237,0.9748936891555786,0.9748936891555786,130.9843116113017,130.9843116113017,0.22839151557765444,3.8900212181939016,0.35065497623549563
9,pilot,72000,0.5034965034965035,1,0.25,0.920138888888889,0.07986111111111109,0.01208413971794986,0.01605470809671614,0.11541994081603156,0.09347263475259145,0.3738905390103658,108.0588375478091,27.014709386952276,0.022716933501044038,3.7730061213175454,0.3533201018969218
9,pilot,72000,0.5034965034965035,1,0.5,0.8075086805555555,0.19249131944444445,0.1142418384552002,0.11311952604187858,0.23083988163206312,0.1869452695051829,0.3738905390103658,108.0588375478091,54.02941877390455,0.045433867002088076,3.7730061213175454,0.3533201018969218
9,pilot,72000,0.5034965034965035,1,0.75,0.6705729166666666,0.3294270833333333,0.388772487640381,0.3880306316746605,0.34625990854369265,0.2804179655181037,0.3738905390103658,108.0588375478091,81.04412816085683,0.06815080050313212,3.7730061213175454,0.3533201018969218
9,pilot,72000,0.5034965034965035,1,1.0,0.5023871527777778,0.49761284722222215,0.9848166041904028,0.9666035837597318,0.46167976326412624,0.3738905390103658,0.3738905390103658,108.0588375478091,108.0588375478091,0.09086773400417615,3.7730061213175454,0.3533201018969218
9,pilot,72000,0.5034965034965035,2,0.25,0.9184027777777778,0.08159722222222221,0.01156391037835025,0.018354673766427573,0.12125864293840198,0.10539029538631439,0.42156118154525757,112.61277452622353,28.153193631555883,0.023674296044027307,3.7730061213175454,0.3533201018969218
9,pilot,72000,0.5034965034965035,2,0.5,0.822265625,0.17773437500000003,0.07960393693712042,0.09228576719760895,0.24251728587680396,0.21078059077262878,0.42156118154525757,112.61277452622353,56.306387263111766,0.047348592088054614,3.7730061213175454,0.3533201018969218
9,pilot,72000,0.5034965034965035,2,0.75,0.7035590277777778,0.2964409722222222,0.27023331324259453,0.2868397831916809,0.36377638247278,0.31617089774873525,0.42156118154525757,112.61277452622353,84.45958089466765,0.07102288813208191,3.7730061213175454,0.3533201018969218
9,pilot,72000,0.5034965034965035,2,1.0,0.5505642361111112,0.44943576388888884,0.7246099578009711,0.7275491820441352,0.4850345717536079,0.42156118154525757,0.42156118154525757,112.61277452622353,112.61277452622353,0.09469718417610923,3.7730061213175454,0.3533201018969218
9,pilot,72000,0.5034965034965035,3,0.25,0.8984375,0.1015625,0.01900349722968227,0.032251410807172455,0.1430970380703608,0.1514247672425376,0.6056990689701504,127.67544820461103,31.918862051152757,0.026840883470515792,3.7730061213175454,0.3533201018969218
9,pilot,72000,0.5034965034965035,3,0.5,0.7784288194444445,0.22157118055555555,0.11669500668843602,0.14229620579216215,0.2861940761407216,0.3028495344850752,0.6056990689701504,127.67544820461103,63.837724102305515,0.053681766941031585,3.7730061213175454,0.3533201018969218
9,pilot,72000,0.5034965034965035,3,0.75,0.6206597222222222,0.37934027777777785,0.43393868870205354,0.4631110429763794,0.4292908310890198,0.4542750053935581,0.6056990689701504,127.67544820461103,95.75658615345827,0.0805226504115474,3.7730061213175454,0.3533201018969218
9,pilot,72000,0.5034965034965035,3,1.0,0.3602430555555556,0.6397569444444444,1.5374937057495117,1.5767401721742418,0.5723881522814432,0.6056990689701504,0.6056990689701504,127.67544820461103,127.67544820461103,0.10736353388206317,3.7730061213175454,0.3533201018969218
9,pilot,72000,0.5034965034965035,4,0.25,0.9190538194444445,0.08094618055555554,0.0287758244408504,0.015031807228095,0.11037319484684203,0.10103039857414035,0.4041215942965614,195.05435554297995,48.76358888574499,0.041005779115460377,3.7730061213175454,0.3533201018969218
9,pilot,72000,0.5034965034965035,4,0.5,0.83984375,0.16015624999999997,0.09292321734958235,0.06580181212888823,0.22074638969368407,0.2020607971482807,0.4041215942965614,195.05435554297995,97.52717777148997,0.08201155823092075,3.7730061213175454,0.3533201018969218
9,pilot,72000,0.5034965034965035,4,0.75,0.752170138888889,0.24782986111111108,0.2087664074367949,0.1687868999110328,0.33111944132381016,0.30309106575118167,0.4041215942965614,195.05435554297995,146.29076665723497,0.12301733734638114,3.7730061213175454,0.3533201018969218
9,pilot,72000,0.5034965034965035,4,1.0,0.6692708333333334,0.3307291666666667,0.4000275135040285,0.34449711441993713,0.44149277938736814,0.4041215942965614,0.4041215942965614,195.05435554297995,195.05435554297995,0.1640231164618415,3.7730061213175454,0.3533201018969218
9,pilot,72000,0.5034965034965035,5,0.25,0.9144965277777778,0.08550347222222221,0.03193267186482762,0.017641845883594617,0.1148255467414856,0.11542905701531303,0.4617162280612521,235.2063749815239,58.80159374538098,0.04944683563815775,3.7730061213175454,0.3533201018969218
9,pilot,72000,0.5034965034965035,5,0.5,0.8213975694444445,0.17860243055555555,0.10539415147569464,0.07696143123838636,0.2296510934829712,0.23085811403062606,0.4617162280612521,235.2063749815239,117.60318749076195,0.0988936712763155,3.7730061213175454,0.3533201018969218
9,pilot,72000,0.5034965034965035,5,0.75,0.7309027777777778,0.2690972222222222,0.23998912175496434,0.19669300814469656,0.3444764580991533,0.34628697236378986,0.4617162280612521,235.2063749815239,176.4047812361429,0.14834050691447326,3.7730061213175454,0.3533201018969218
9,pilot,72000,0.5034965034965035,5,1.0,0.6321614583333334,0.3678385416666667,0.47520388497246663,0.4115059806240929,0.4593021869659424,0.4617162280612521,0.4617162280612521,235.2063749815239,235.2063749815239,0.197787342552631,3.7730061213175454,0.3533201018969218
9,pilot,72000,0.5034965034965035,6,0.25,0.917751736111111,0.08224826388888891,0.008607546488444306,0.01634077282829417,0.10481697155369651,0.11358269717958237,0.4543307887183295,276.1929075200962,69.04822688002405,0.05806332971903455,3.7730061213175454,0.3533201018969218
9,pilot,72000,0.5034965034965035,6,0.5,0.8454861111111112,0.15451388888888887,0.05467242664761033,0.06848779486285315,0.20963394310739303,0.22716539435916475,0.4543307887183295,276.1929075200962,138.0964537600481,0.1161266594380691,3.7730061213175454,0.3533201018969218
9,pilot,72000,0.5034965034965035,6,0.75,0.7643229166666666,0.23567708333333334,0.15048093265957307,0.16566161811351776,0.31445079379611546,0.34074796570671934,0.4543307887183295,276.1929075200962,207.14468064007212,0.17418998915710363,3.7730061213175454,0.3533201018969218
9,pilot,72000,0.5034965034965035,6,1.0,0.6842447916666666,0.31575520833333337,0.3150691986083986,0.3249620795249939,0.41926788621478606,0.4543307887183295,0.4543307887183295,276.1929075200962,276.1929075200962,0.2322533188761382,3.7730061213175454,0.3533201018969218
9,pilot,72000,0.5034965034965035,7,0.25,0.9116753472222222,0.08832465277777779,0.027088271247016255,0.017141797683305208,0.11336538030041589,0.14665216538641188,0.5866086615456475,313.54812761808296,78.38703190452074,0.06591642225769322,3.7730061213175454,0.3533201018969218
9,pilot,72000,0.5034965034965035,7,0.5,0.8174913194444445,0.18250868055555555,0.097610049777561,0.07668398982948726,0.22673076060083178,0.29330433077282375,0.5866086615456475,313.54812761808296,156.77406380904148,0.13183284451538643,3.7730061213175454,0.3533201018969218
9,pilot,72000,0.5034965034965035,7,0.75,0.7250434027777777,0.27495659722222227,0.23725011613633917,0.20024704933166504,0.340095924006568,0.4399561848905351,0.5866086615456475,313.54812761808296,235.16109571356222,0.19774926677307966,3.7730061213175454,0.3533201018969218
9,pilot,72000,0.5034965034965035,7,1.0,0.6180555555555555,0.3819444444444445,0.49479699134826644,0.43450549907154506,0.45346152120166355,0.5866086615456475,0.5866086615456475,313.54812761808296,313.54812761808296,0.26366568903077287,3.7730061213175454,0.3533201018969218
9,pilot,72000,0.5034965034965035,8,0.25,0.91015625,0.08984375,0.024363305833604798,0.015260246996250419,0.0995540726515982,0.156055157383283,0.624220629533132,369.582367248018,92.3955918120045,0.07769635737768386,3.7730061213175454,0.3533201018969218
9,pilot,72000,0.5034965034965035,8,0.5,0.8270399305555555,0.17296006944444445,0.08526704046461327,0.06641765145791902,0.1991081453031964,0.312110314766566,0.624220629533132,369.582367248018,184.791183624009,0.15539271475536773,3.7730061213175454,0.3533201018969218
9,pilot,72000,0.5034965034965035,8,0.75,0.7450086805555555,0.2549913194444445,0.19666780365837955,0.1652695354488161,0.2986620002322727,0.46816513273451066,0.624220629533132,369.582367248018,277.1867754360135,0.2330890721330516,3.7730061213175454,0.3533201018969218
9,pilot,72000,0.5034965034965035,8,1.0,0.6642795138888888,0.33572048611111116,0.37176410357157375,0.3269477056132422,0.3982162906063928,0.624220629533132,0.624220629533132,369.582367248018,369.582367248018,0.31078542951073546,3.7730061213175454,0.3533201018969218
9,pilot,72000,0.5034965034965035,9,0.25,0.9175347222222222,0.08246527777777779,0.011758459938897273,0.014764851580063501,0.1011923369434145,0.19280297226376006,0.7712118890550402,419.75863504672657,104.93965876168164,0.08824478603729748,3.7730061213175454,0.3533201018969218
9,pilot,72000,0.5034965034965035,9,0.5,0.8391927083333334,0.16080729166666666,0.0596823427412246,0.06507416235076056,0.202384673886829,0.3856059445275201,0.7712118890550402,419.75863504672657,209.87931752336328,0.17648957207459495,3.7730061213175454,0.3533201018969218
9,pilot,72000,0.5034965034965035,9,0.75,0.7584635416666666,0.24153645833333334,0.15799482663472494,0.16534139547083113,0.30357707871331113,0.5784090956052145,0.7712118890550402,419.75863504672657,314.8189762850449,0.26473435811189244,3.7730061213175454,0.3533201018969218
9,pilot,72000,0.5034965034965035,9,1.0,0.6751302083333334,0.3248697916666667,0.32911607954237193,0.3375701275136736,0.404769347773658,0.7712118890550402,0.7712118890550402,419.75863504672657,419.75863504672657,0.3529791441491899,3.7730061213175454,0.3533201018969218
9,pilot,72000,0.5034965034965035,10,0.25,0.9134114583333334,0.08658854166666667,0.045587592654758126,0.02304034204118782,0.10039655284749137,0.22656680974695417,0.9062672389878167,481.1802816450343,120.29507041125858,0.10115730196808424,3.7730061213175454,0.3533201018969218
9,pilot,72000,0.5034965034965035,10,0.5,0.8305121527777777,0.16948784722222224,0.14270575841267918,0.0965229148666064,0.20079310569498274,0.45313361949390835,0.9062672389878167,481.1802816450343,240.59014082251716,0.20231460393616849,3.7730061213175454,0.3533201018969218
9,pilot,72000,0.5034965034965035,10,0.75,0.7469618055555555,0.2530381944444445,0.2995291550954187,0.22995108697149488,0.30118976698981387,0.6797006395128039,0.9062672389878167,481.1802816450343,360.8852112337757,0.30347190590425277,3.7730061213175454,0.3533201018969218
9,pilot,72000,0.5034965034965035,10,1.0,0.6655815972222222,0.33441840277777785,0.5241992208692765,0.4332308272520701,0.4015862113899655,0.9062672389878167,0.9062672389878167,481.1802816450343,481.1802816450343,0.40462920787233697,3.7730061213175454,0.3533201018969218
9,pilot,143000,1.0,1,0.25,0.86328125,0.13671875,0.025709840986463856,0.028047010716464784,0.12691087772448859,0.05363283430536588,0.21453133722146353,104.89530518704105,26.22382629676026,0.01641564348499576,3.750130388471815,0.36043439639939207
9,pilot,143000,1.0,1,0.5,0.758029513888889,0.24197048611111108,0.141405291027493,0.14559908045662776,0.25382175544897717,0.10726566861073177,0.21453133722146353,104.89530518704105,52.44765259352052,0.03283128696999152,3.750130388471815,0.36043439639939207
9,pilot,143000,1.0,1,0.75,0.6263020833333334,0.3736979166666667,0.41948204570346403,0.44176420238282943,0.3807326356569926,0.1608985165754954,0.21453133722146353,104.89530518704105,78.67147889028078,0.049246930454987285,3.750130388471815,0.36043439639939207
9,pilot,143000,1.0,1,1.0,0.4724392361111111,0.527560763888889,0.9845457606845435,1.0292101502418518,0.5076435108979543,0.21453133722146353,0.21453133722146353,104.89530518704105,104.89530518704105,0.06566257393998304,3.750130388471815,0.36043439639939207
9,pilot,143000,1.0,2,0.25,0.8559027777777778,0.1440972222222222,0.002520057890150381,0.032863789341515966,0.13675073451466033,0.06467450906833012,0.2586980362733205,118.6658019088372,29.6664504772093,0.01857066428781655,3.750130388471815,0.36043439639939207
9,pilot,143000,1.0,2,0.5,0.771484375,0.22851562499999997,0.08270870314704067,0.13100439227289623,0.27350146902932065,0.12934901813666025,0.2586980362733205,118.6658019088372,59.3329009544186,0.0371413285756331,3.750130388471815,0.36043439639939207
9,pilot,143000,1.0,2,0.75,0.6519097222222222,0.34809027777777785,0.3225907749599881,0.3860728310214148,0.4102517233954536,0.1940228392680486,0.2586980362733205,118.6658019088372,88.99935143162789,0.055711992863449654,3.750130388471815,0.36043439639939207
9,pilot,143000,1.0,2,1.0,0.48871527777777785,0.5112847222222222,0.8720647493998208,0.9383311867713928,0.5470029380586413,0.2586980362733205,0.2586980362733205,118.6658019088372,118.6658019088372,0.0742826571512662,3.750130388471815,0.36043439639939207
9,pilot,143000,1.0,3,0.25,0.8302951388888888,0.16970486111111113,0.03533042801751041,0.054690188831753195,0.16624056961801317,0.09339886903762817,0.3735954761505127,154.77515225767283,38.69378806441821,0.024221615212115147,3.750130388471815,0.36043439639939207
9,pilot,143000,1.0,3,0.5,0.7046440972222223,0.29535590277777773,0.18549307187398276,0.20734975569778022,0.33248113923602635,0.18679773807525635,0.3735954761505127,154.77515225767283,77.38757612883641,0.048443230424230294,3.750130388471815,0.36043439639939207
9,pilot,143000,1.0,3,0.75,0.5323350694444445,0.4676649305555555,0.648323482937283,0.6707386705610486,0.4987218677997589,0.28019795484013027,0.3735954761505127,154.77515225767283,116.08136419325461,0.07266484563634543,3.750130388471815,0.36043439639939207
9,pilot,143000,1.0,3,1.0,0.3040364583333333,0.6959635416666666,1.9059080547756622,1.9260479874081085,0.6649622784720527,0.3735954761505127,0.3735954761505127,154.77515225767283,154.77515225767283,0.09688646084846059,3.750130388471815,0.36043439639939207
9,pilot,143000,1.0,4,0.25,0.8587239583333334,0.14127604166666666,0.030626773834228516,0.02765512466430664,0.12454961240291595,0.06377862476640277,0.25511449906561107,248.93429637234343,62.233574093085856,0.03895709777620731,3.750130388471815,0.36043439639939207
9,pilot,143000,1.0,4,0.5,0.7875434027777777,0.21245659722222224,0.10498428344726578,0.09428703371021481,0.2490992248058319,0.12755724953280553,0.25511449906561107,248.93429637234343,124.46714818617171,0.07791419555241462,3.750130388471815,0.36043439639939207
9,pilot,143000,1.0,4,0.75,0.6981336805555555,0.3018663194444445,0.2480442788865833,0.2293103304174211,0.3736488918463389,0.19133590658505759,0.25511449906561107,248.93429637234343,186.70072227925758,0.11687129332862194,3.750130388471815,0.36043439639939207
9,pilot,143000,1.0,4,1.0,0.6128472222222222,0.38715277777777785,0.48747309048970555,0.45332717564370895,0.4981984496116638,0.25511449906561107,0.25511449906561107,248.93429637234343,248.93429637234343,0.15582839110482924,3.750130388471815,0.36043439639939207
9,pilot,143000,1.0,5,0.25,0.8307291666666666,0.16927083333333334,0.050869835747612946,0.03558210117949379,0.13449584444363913,0.0757791002591451,0.3031164010365804,341.8333753289055,85.45834383222638,0.05349538581032035,3.750130388471815,0.36043439639939207
9,pilot,143000,1.0,5,0.5,0.732638888888889,0.2673611111111111,0.1669627825419108,0.1288643346892463,0.26899168888727826,0.1515582005182902,0.3031164010365804,341.8333753289055,170.91668766445275,0.1069907716206407,3.750130388471815,0.36043439639939207
9,pilot,143000,1.0,5,0.75,0.6328125,0.3671875,0.37604204813639336,0.31109803915023804,0.40348737769656706,0.2273372146818373,0.3031164010365804,341.8333753289055,256.3750314966791,0.16048615743096106,3.750130388471815,0.36043439639939207
9,pilot,143000,1.0,5,1.0,0.5375434027777778,0.46245659722222227,0.7232337527804904,0.6214977105458578,0.5379833777745565,0.3031164010365804,0.3031164010365804,341.8333753289055,341.8333753289055,0.2139815432412814,3.750130388471815,0.36043439639939207
9,pilot,143000,1.0,6,0.25,0.8624131944444445,0.13758680555555555,0.008935266070895675,0.03153044875297281,0.1307907501856486,0.09428307248486413,0.3771322899394565,420.13914931392566,105.03478732848141,0.06574988725118705,3.750130388471815,0.36043439639939207
9,pilot,143000,1.0,6,0.5,0.7936197916666666,0.20638020833333337,0.07241500748528384,0.10754074239068562,0.2615815003712972,0.18856614496972826,0.3771322899394565,420.13914931392566,210.06957465696283,0.1314997745023741,3.750130388471815,0.36043439639939207
9,pilot,143000,1.0,6,0.75,0.7055121527777777,0.29448784722222227,0.21145394113328728,0.2551216334104538,0.3923719823360443,0.2828490237394969,0.3771322899394565,420.13914931392566,315.10436198544426,0.19724966175356118,3.750130388471815,0.36043439639939207
9,pilot,143000,1.0,6,1.0,0.615234375,0.384765625,0.4526754220326743,0.49686023261811996,0.5231630007425944,0.3771322899394565,0.3771322899394565,420.13914931392566,420.13914931392566,0.2629995490047482,3.750130388471815,0.36043439639939207
9,pilot,143000,1.0,7,0.25,0.843532986111111,0.15646701388888892,0.03414495786031102,0.028664133201042812,0.1333234277036455,0.09838288525740306,0.39353154102961224,494.340102981748,123.585025745437,0.0773620027742385,3.750130388471815,0.36043439639939207
9,pilot,143000,1.0,7,0.5,0.7591145833333334,0.24088541666666666,0.11946736441718227,0.10196854091352886,0.266646855407291,0.19676577051480612,0.39353154102961224,494.340102981748,247.170051490874,0.154724005548477,3.750130388471815,0.36043439639939207
9,pilot,143000,1.0,7,0.75,0.6612413194444444,0.3387586805555556,0.29737567901611345,0.25669268270333606,0.39996984269883895,0.2951483494705624,0.39353154102961224,494.340102981748,370.7550772363109,0.23208600832271553,3.750130388471815,0.36043439639939207
9,pilot,143000,1.0,7,1.0,0.5494791666666666,0.4505208333333333,0.6107290056016711,0.5443848305278355,0.533293710814582,0.39353154102961224,0.39353154102961224,494.340102981748,494.340102981748,0.309448011096954,3.750130388471815,0.36043439639939207
9,pilot,143000,1.0,8,0.25,0.859592013888889,0.14040798611111108,0.014368507597181631,0.023408441700869132,0.12156533698240916,0.10187914388047324,0.40751657552189297,533.0022251179324,133.2505562794831,0.0834124510019193,3.750130388471815,0.36043439639939207
9,pilot,143000,1.0,8,0.5,0.7975260416666666,0.20247395833333337,0.0654499265882705,0.07927926050292121,0.24313067396481833,0.20375828776094648,0.40751657552189297,533.0022251179324,266.5011125589662,0.1668249020038386,3.750130388471815,0.36043439639939207
9,pilot,143000,1.0,8,0.75,0.7165798611111112,0.2834201388888889,0.17394288380940756,0.19114934239122602,0.3646960424052344,0.3056374854511685,0.40751657552189297,533.0022251179324,399.75166883844923,0.2502373530057579,3.750130388471815,0.36043439639939207
9,pilot,143000,1.0,8,1.0,0.6351996527777778,0.36480034722222215,0.36279336611429863,0.3802722692489624,0.48626134792963666,0.40751657552189297,0.40751657552189297,533.0022251179324,533.0022251179324,0.3336498040076772,3.750130388471815,0.36043439639939207
9,pilot,143000,1.0,9,0.25,0.8582899305555557,0.14171006944444442,0.014897372987535315,0.025186010739869546,0.14516358905368382,0.14020091791947684,0.5608036716779073,586.3237193974547,146.58092984936368,0.09175702503808898,3.750130388471815,0.36043439639939207
9,pilot,143000,1.0,9,0.5,0.790798611111111,0.20920138888888892,0.07686503728230794,0.08872385240263408,0.29032717810736763,0.2804018358389537,0.5608036716779073,586.3237193974547,293.16185969872737,0.18351405007617796,3.750130388471815,0.36043439639939207
9,pilot,143000,1.0,9,0.75,0.7154947916666666,0.2845052083333333,0.19800337155659994,0.21186063687006632,0.43549055523342556,0.4206025567319658,0.5608036716779073,586.3237193974547,439.74278954809114,0.275271075114267,3.750130388471815,0.36043439639939207
9,pilot,143000,1.0,9,1.0,0.62890625,0.37109375,0.40060954623752165,0.41582440998819137,0.5806543562147353,0.5608036716779073,0.5608036716779073,586.3237193974547,586.3237193974547,0.36702810015235593,3.750130388471815,0.36043439639939207
9,pilot,143000,1.0,10,0.25,0.7977430555555555,0.20225694444444445,0.09528250164455827,0.07093791415294011,0.15992432004875606,0.17930792106522453,0.7172316842608981,663.1380233808891,165.78450584522227,0.10377811813173804,3.750130388471815,0.36043439639939207
9,pilot,143000,1.0,10,0.5,0.6803385416666666,0.3196614583333333,0.3177979787190754,0.2665749192237854,0.3198486400975121,0.35861584213044906,0.7172316842608981,663.1380233808891,331.56901169044454,0.20755623626347608,3.750130388471815,0.36043439639939207
9,pilot,143000,1.0,10,0.75,0.5802951388888888,0.41970486111111116,0.6384838951958552,0.5692511863178678,0.47977279954486424,0.5379228327009412,0.7172316842608981,663.1380233808891,497.35351753566675,0.3113343543952141,3.750130388471815,0.36043439639939207
9,pilot,143000,1.0,10,1.0,0.49001736111111116,0.5099826388888888,1.0283824072943795,0.9442145691977606,0.6396972801950243,0.7172316842608981,0.7172316842608981,663.1380233808891,663.1380233808891,0.41511247252695216,3.750130388471815,0.36043439639939207
