document_index,ind,source_id,split_type,activity_label,label,char_start,char_end_exclusive
0,24,activitynet~v_-JhWjGDPHMY,indomain,Roof shingle removal,3,0,67
1,92,activitynet~v_-lJS58hyo1c,zeroshot,Clean and jerk,3,69,182
2,106,activitynet~v_-xQvJmC2jhk,indomain,Canoeing,2,184,400
3,114,activitynet~v_-zHX3Gdx6I4,zeroshot,High jump,2,402,483
4,116,activitynet~v_-zHX3Gdx6I4,zeroshot,High jump,1,485,608
5,117,activitynet~v_-zHX3Gdx6I4,zeroshot,High jump,1,610,736
6,149,activitynet~v_0RUMAGGab1k,zeroshot,Playing harmonica,2,738,872
7,170,activitynet~v_0WVkoTBmhA0,indomain,Sumo,0,874,1023
8,180,activitynet~v_0bosp4-pyTM,zeroshot,Sharpening knives,1,1025,1187
9,182,activitynet~v_0bosp4-pyTM,zeroshot,Sharpening knives,1,1189,1371
10,185,activitynet~v_0bosp4-pyTM,zeroshot,Sharpening knives,3,1373,1561
11,186,activitynet~v_0bosp4-pyTM,zeroshot,Sharpening knives,3,1563,1755
12,187,activitynet~v_0bosp4-pyTM,zeroshot,Sharpening knives,2,1757,1935
13,188,activitynet~v_0bosp4-pyTM,zeroshot,Sharpening knives,2,1937,2134
14,192,activitynet~v_0dgmG3h9RLA,indomain,Playing bagpipes,0,2136,2288
15,200,activitynet~v_0hWGSkDnRHA,indomain,Playing water polo,3,2290,2496
16,225,activitynet~v_15vwVfNA99o,zeroshot,Having an ice cream,2,2498,2692
17,245,activitynet~v_1AZxtWKkRlo,indomain,Cheerleading,0,2694,2851
18,246,activitynet~v_1AZxtWKkRlo,indomain,Cheerleading,1,2853,3070
19,247,activitynet~v_1AZxtWKkRlo,indomain,Cheerleading,1,3072,3309
20,282,activitynet~v_1dM62Xpm9Ns,zeroshot,Sharpening knives,1,3311,3497
21,354,activitynet~v_2eep4G5Tgho,zeroshot,Cutting the grass,0,3499,3622
22,378,activitynet~v_2rA5pyel_NE,zeroshot,Having an ice cream,3,3624,3720
23,380,activitynet~v_2rA5pyel_NE,zeroshot,Having an ice cream,3,3722,3899
24,385,activitynet~v_33SI8z8PovA,zeroshot,Washing face,0,3901,4058
25,386,activitynet~v_33SI8z8PovA,zeroshot,Washing face,3,4060,4333
26,393,activitynet~v_3EuY86B4uTo,indomain,Paintball,0,4335,4451
27,398,activitynet~v_3HBAcaU552I,zeroshot,Gargling mouthwash,3,4453,4595
28,399,activitynet~v_3HBAcaU552I,zeroshot,Gargling mouthwash,1,4597,4789
29,400,activitynet~v_3HBAcaU552I,zeroshot,Gargling mouthwash,3,4791,4962
30,402,activitynet~v_3HBAcaU552I,zeroshot,Gargling mouthwash,1,4964,5109
31,478,activitynet~v_4U13LEMIdi4,zeroshot,Washing face,0,5111,5198
32,479,activitynet~v_4Xvn1xXvYdU,indomain,Archery,1,5200,5480
33,491,activitynet~v_4ksF9BUdQJM,zeroshot,Cutting the grass,2,5482,5609
34,492,activitynet~v_4ksF9BUdQJM,zeroshot,Cutting the grass,0,5611,5826
35,493,activitynet~v_4ksF9BUdQJM,zeroshot,Cutting the grass,0,5828,6102
36,503,activitynet~v_4uwtqRBE4Kk,indomain,Surfing,3,6104,6383
37,527,activitynet~v_5BuDj1xkpiI,zeroshot,Washing face,2,6385,6479
38,529,activitynet~v_5BuDj1xkpiI,zeroshot,Washing face,2,6481,6662
39,560,activitynet~v_5SzzJMuyC_M,indomain,Plastering,1,6664,6862
40,586,activitynet~v_5gc896my38M,indomain,Applying sunscreen,2,6864,7122
41,604,activitynet~v_5wkGeYBS7hQ,indomain,Beer pong,2,7124,7376
42,605,activitynet~v_5wkGeYBS7hQ,indomain,Beer pong,3,7378,7606
43,606,activitynet~v_5wkGeYBS7hQ,indomain,Beer pong,2,7608,7881
44,615,activitynet~v_63Zt34YuyRk,indomain,Grooming dog,0,7883,8135
45,616,activitynet~v_63Zt34YuyRk,indomain,Grooming dog,0,8137,8390
46,618,activitynet~v_674t-jyyKeg,zeroshot,Having an ice cream,0,8392,8619
47,619,activitynet~v_674t-jyyKeg,zeroshot,Having an ice cream,0,8621,8748
48,689,activitynet~v_7NMds32-lMc,zeroshot,Clean and jerk,3,8750,8926
49,708,activitynet~v_7n1L0evoi34,indomain,Grooming dog,2,8928,9084
50,712,activitynet~v_7uE2pMuAM8I,indomain,Polishing shoes,2,9086,9198
51,748,activitynet~v_8EGM3zcvjs8,indomain,Zumba,2,9200,9411
52,801,activitynet~v_8z29qtUWwdU,zeroshot,Sharpening knives,2,9413,9661
53,818,activitynet~v_99A2KqvfBLI,zeroshot,Playing harmonica,3,9663,9754
54,819,activitynet~v_99A2KqvfBLI,zeroshot,Playing harmonica,1,9756,9902
55,854,activitynet~v_9PvtW0Uvnl0,zeroshot,Running a marathon,1,9904,10068
56,855,activitynet~v_9PvtW0Uvnl0,zeroshot,Running a marathon,2,10070,10324
57,858,activitynet~v_9VGxxRNOdbM,indomain,Using the pommel horse,1,10326,10476
58,859,activitynet~v_9VGxxRNOdbM,indomain,Using the pommel horse,0,10478,10718
59,875,activitynet~v_9fnmcyUz5jg,indomain,Kayaking,1,10720,10902
60,876,activitynet~v_9fnmcyUz5jg,indomain,Kayaking,1,10904,11102
61,883,activitynet~v_9mL3eC5iizc,zeroshot,Playing harmonica,1,11104,11311
62,884,activitynet~v_9mL3eC5iizc,zeroshot,Playing harmonica,2,11313,11475
63,886,activitynet~v_9mL3eC5iizc,zeroshot,Playing harmonica,1,11477,11655
64,887,activitynet~v_9nh_6Hzg_aw,indomain,Cleaning windows,3,11657,11836
65,888,activitynet~v_9nh_6Hzg_aw,indomain,Cleaning windows,2,11838,12080
66,923,activitynet~v_9yiXv7Hu5Lw,zeroshot,Ice fishing,0,12082,12207
67,924,activitynet~v_9yiXv7Hu5Lw,zeroshot,Ice fishing,1,12209,12378
68,942,activitynet~v_AWAMhmc08Cw,zeroshot,Washing face,0,12380,12581
69,950,activitynet~v_AmW-O5MmJHk,indomain,Hitting a pinata,0,12583,12727
70,951,activitynet~v_AmW-O5MmJHk,indomain,Hitting a pinata,2,12729,12983
71,989,activitynet~v_B2HIj_QWaG0,zeroshot,Playing violin,2,12985,13215
72,992,activitynet~v_B3ZL18f1x4Y,indomain,Making a sandwich,3,13217,13419
73,1005,activitynet~v_BFICeyu5oMM,indomain,Making a lemonade,1,13421,13512
74,1012,activitynet~v_BJGACTBaU_Y,indomain,Hitting a pinata,3,13514,13686
75,1045,activitynet~v_BfsCKU69hHs,indomain,Ironing clothes,2,13688,13806
76,1046,activitynet~v_BfsCKU69hHs,indomain,Ironing clothes,3,13808,13985
77,1047,activitynet~v_BfsCKU69hHs,indomain,Ironing clothes,2,13987,14130
78,1050,activitynet~v_BnkUgUQBED0,indomain,Clipping cat claws,2,14132,14211
79,1052,activitynet~v_BnkUgUQBED0,indomain,Clipping cat claws,0,14213,14360
80,1053,activitynet~v_BnkUgUQBED0,indomain,Clipping cat claws,3,14362,14527
81,1065,activitynet~v_C1djGYqkhYI,indomain,Baton twirling,3,14529,14715
82,1066,activitynet~v_C1djGYqkhYI,indomain,Baton twirling,0,14717,14961
83,1067,activitynet~v_C1djGYqkhYI,indomain,Baton twirling,1,14963,15223
84,1084,activitynet~v_CJCONq_i1cQ,indomain,Removing ice from car,0,15225,15332
85,1085,activitynet~v_CJCONq_i1cQ,indomain,Removing ice from car,1,15334,15477
86,1087,activitynet~v_CJCONq_i1cQ,indomain,Removing ice from car,1,15479,15656
87,1112,activitynet~v_CcMic7jNIuE,zeroshot,Clean and jerk,0,15658,15861
88,1115,activitynet~v_Ck5i8CVEkJI,indomain,Throwing darts,2,15863,16017
89,1117,activitynet~v_Cof9eHf7VCI,indomain,Surfing,2,16019,16279
90,1119,activitynet~v_Cof9eHf7VCI,indomain,Surfing,1,16281,16567
91,1140,activitynet~v_DACWnbWrd18,zeroshot,Cutting the grass,3,16569,16646
92,1189,activitynet~v_DRK5oUhjwTg,indomain,Rollerblading,1,16648,16888
93,1199,activitynet~v_D_zM6YmlUnw,zeroshot,Sharpening knives,0,16890,17069
94,1200,activitynet~v_D_zM6YmlUnw,zeroshot,Sharpening knives,1,17071,17250
95,1201,activitynet~v_D_zM6YmlUnw,zeroshot,Sharpening knives,2,17252,17411
96,1203,activitynet~v_D_zM6YmlUnw,zeroshot,Sharpening knives,0,17413,17563
97,1204,activitynet~v_D_zM6YmlUnw,zeroshot,Sharpening knives,3,17565,17770
98,1248,activitynet~v_E3h0UHRsSQk,zeroshot,Sharpening knives,1,17772,18009
99,1277,activitynet~v_EKyV_WFsJH0,zeroshot,Layup drill in basketball,3,18011,18187
100,1283,activitynet~v_EVfTWz5GRGw,zeroshot,Washing face,0,18189,18349
101,1301,activitynet~v_EhxFw5Eb1VE,indomain,Using parallel bars,2,18351,18723
102,1321,activitynet~v_ErEr4Sxdprw,zeroshot,Clean and jerk,3,18725,18914
103,1322,activitynet~v_ErEr4Sxdprw,zeroshot,Clean and jerk,2,18916,19174
104,1486,activitynet~v_HV_yqsiFoKA,indomain,Doing a powerbomb,1,19176,19368
105,1493,activitynet~v_HW9c7WFW6q8,indomain,Paintball,2,19370,19548
106,1494,activitynet~v_HW9c7WFW6q8,indomain,Paintball,2,19550,19842
107,1515,activitynet~v_Ho0eNR4jvEg,indomain,Scuba diving,0,19844,19916
108,1516,activitynet~v_Ho0eNR4jvEg,indomain,Scuba diving,2,19918,20021
109,1517,activitynet~v_Ho0eNR4jvEg,indomain,Scuba diving,3,20023,20157
110,1519,activitynet~v_Ho0eNR4jvEg,indomain,Scuba diving,2,20159,20291
111,1549,activitynet~v_IAqNteMxXNk,indomain,Cleaning sink,0,20293,20520
112,1607,activitynet~v_IrO7Fgr102M,indomain,Playing polo,0,20522,20629
113,1608,activitynet~v_IrO7Fgr102M,indomain,Playing polo,3,20631,20791
114,1621,activitynet~v_J5wZTdD4XeU,indomain,Doing fencing,0,20793,20870
115,1622,activitynet~v_J5wZTdD4XeU,indomain,Doing fencing,0,20872,20996
116,1626,activitynet~v_JAZu9CWEVbQ,indomain,Surfing,1,20998,21235
117,1628,activitynet~v_JAZu9CWEVbQ,indomain,Surfing,3,21237,21497
118,1663,activitynet~v_JXucFXh58VE,zeroshot,Ice fishing,2,21499,21742
119,1701,activitynet~v_JuC7EY32Spg,indomain,Putting on shoes,2,21744,21920
120,1708,activitynet~v_K-eZfCs8yOc,zeroshot,Playing violin,2,21922,22033
121,1752,activitynet~v_KV0L45xelkE,zeroshot,Layup drill in basketball,3,22035,22246
122,1755,activitynet~v_KaGXQh-UHVU,indomain,Mooping floor,1,22248,22320
123,1756,activitynet~v_KaGXQh-UHVU,indomain,Mooping floor,0,22322,22452
124,1757,activitynet~v_KaGXQh-UHVU,indomain,Mooping floor,2,22454,22609
125,1758,activitynet~v_KaGXQh-UHVU,indomain,Mooping floor,2,22611,22775
126,1818,activitynet~v_KwY8nf4MqR4,indomain,Tennis serve with ball bouncing,3,22777,22972
127,1819,activitynet~v_KwY8nf4MqR4,indomain,Tennis serve with ball bouncing,0,22974,23229
128,1821,activitynet~v_KwY8nf4MqR4,indomain,Tennis serve with ball bouncing,2,23231,23416
129,1827,activitynet~v_L2oaUDyzWPA,zeroshot,Playing harmonica,1,23418,23525
130,1846,activitynet~v_L9cxYlPkUYs,zeroshot,Running a marathon,1,23527,23688
131,1855,activitynet~v_LKf1eTzmK14,zeroshot,Running a marathon,0,23690,23789
132,1858,activitynet~v_LKf1eTzmK14,zeroshot,Running a marathon,0,23791,24047
133,1860,activitynet~v_LKf1eTzmK14,zeroshot,Running a marathon,1,24049,24215
134,1872,activitynet~v_LaWCwEG6n3w,zeroshot,Ice fishing,2,24217,24375
135,1874,activitynet~v_LbGr5TjfTBY,zeroshot,Sharpening knives,1,24377,24532
136,1875,activitynet~v_LbGr5TjfTBY,zeroshot,Sharpening knives,2,24534,24728
137,1876,activitynet~v_LihSTWbJZJo,indomain,Blowing leaves,0,24730,24920
138,1931,activitynet~v_MJZjSHG6tBY,indomain,Drinking beer,0,24922,25186
139,1932,activitynet~v_MJZjSHG6tBY,indomain,Drinking beer,0,25188,25368
140,1962,activitynet~v_MhO48WnApoM,zeroshot,Ice fishing,1,25370,25672
141,1963,activitynet~v_MhO48WnApoM,zeroshot,Ice fishing,3,25674,25962
142,1998,activitynet~v_N3WVKg7Q2io,indomain,Playing water polo,2,25964,26115
143,2030,activitynet~v_NOGtIoZbEVg,indomain,Playing guitarra,3,26117,26186
144,2047,activitynet~v_NV2scxevYKk,indomain,Canoeing,2,26188,26420
145,2048,activitynet~v_NV2scxevYKk,indomain,Canoeing,3,26422,26647
146,2059,activitynet~v_Nkcc9kLDQz8,indomain,Skiing,3,26649,26732
147,2060,activitynet~v_Nkcc9kLDQz8,indomain,Skiing,2,26734,26848
148,2061,activitynet~v_Nkcc9kLDQz8,indomain,Skiing,1,26850,27005
149,2154,activitynet~v_PUzd4mfmzqo,zeroshot,Layup drill in basketball,1,27007,27301
150,2155,activitynet~v_PUzd4mfmzqo,zeroshot,Layup drill in basketball,1,27303,27507
151,2165,activitynet~v_PcSnU_nGi5E,indomain,Tennis serve with ball bouncing,3,27509,27651
152,2166,activitynet~v_PcSnU_nGi5E,indomain,Tennis serve with ball bouncing,3,27653,27873
153,2215,activitynet~v_Q8EoKJNm4mc,zeroshot,Playing violin,0,27875,28052
154,2216,activitynet~v_Q8EoKJNm4mc,zeroshot,Playing violin,2,28054,28215
155,2217,activitynet~v_QBJelFFVJu0,zeroshot,Playing harmonica,0,28217,28313
156,2218,activitynet~v_QBJelFFVJu0,zeroshot,Playing harmonica,1,28315,28468
157,2219,activitynet~v_QEaQzeB94N4,zeroshot,Playing violin,3,28470,28609
158,2241,activitynet~v_QJmoA3byOzo,indomain,Hand car wash,2,28611,28865
159,2242,activitynet~v_QJmoA3byOzo,indomain,Hand car wash,2,28867,29057
160,2263,activitynet~v_QaNQrUpmmgo,indomain,Using the rowing machine,2,29059,29168
161,2275,activitynet~v_QsfIM28uvHM,indomain,Kite flying,2,29170,29264
162,2278,activitynet~v_Quj1J31xQFM,zeroshot,Washing face,1,29266,29362
163,2281,activitynet~v_QvBG_Da97h8,indomain,Hand car wash,1,29364,29451
164,2282,activitynet~v_QvBG_Da97h8,indomain,Hand car wash,2,29453,29591
165,2284,activitynet~v_QvBG_Da97h8,indomain,Hand car wash,0,29593,29746
166,2301,activitynet~v_RA61jh8HwPI,indomain,Putting on makeup,3,29748,29996
167,2306,activitynet~v_RIaNmXzBQnE,zeroshot,Having an ice cream,1,29998,30131
168,2307,activitynet~v_RIaNmXzBQnE,zeroshot,Having an ice cream,2,30133,30328
169,2324,activitynet~v_RULNhPrXnfA,zeroshot,Playing harmonica,2,30330,30607
170,2361,activitynet~v_SEebwJMNMQs,zeroshot,Playing violin,0,30609,30721
171,2363,activitynet~v_SGdhHAZHwmI,indomain,Putting in contact lenses,0,30723,30813
172,2364,activitynet~v_SGdhHAZHwmI,indomain,Putting in contact lenses,1,30815,30941
173,2390,activitynet~v_SbY68ygmuEA,zeroshot,Running a marathon,2,30943,31054
174,2433,activitynet~v_TEkIJQljABs,zeroshot,Having an ice cream,1,31056,31227
175,2434,activitynet~v_TEkIJQljABs,zeroshot,Having an ice cream,0,31229,31471
176,2477,activitynet~v_Taw5ILRt9hI,indomain,Rollerblading,3,31473,31694
177,2478,activitynet~v_Taw5ILRt9hI,indomain,Rollerblading,3,31696,32023
178,2487,activitynet~v_TfFVoogTDJY,indomain,BMX,0,32025,32252
179,2497,activitynet~v_TssNxg5XJ-o,zeroshot,Ice fishing,2,32254,32409
180,2499,activitynet~v_TssNxg5XJ-o,zeroshot,Ice fishing,2,32411,32620
181,2513,activitynet~v_U0p4tW1LoPg,indomain,Playing water polo,0,32622,32810
182,2514,activitynet~v_U0p4tW1LoPg,indomain,Playing water polo,0,32812,33086
183,2518,activitynet~v_U2u9JboK97A,zeroshot,Layup drill in basketball,1,33088,33240
184,2522,activitynet~v_U2u9JboK97A,zeroshot,Layup drill in basketball,0,33242,33383
185,2533,activitynet~v_UFfi0gxL6_Y,zeroshot,Playing violin,2,33385,33552
186,2552,activitynet~v_UYzgXZIRUR8,indomain,Longboarding,0,33554,33661
187,2553,activitynet~v_UYzgXZIRUR8,indomain,Longboarding,3,33663,33859
188,2558,activitynet~v_U_ZW0tTvf0k,indomain,Getting a piercing,3,33861,34031
189,2581,activitynet~v_UoX2xhYPD38,indomain,Hand washing clothes,0,34033,34170
190,2582,activitynet~v_UoX2xhYPD38,indomain,Hand washing clothes,0,34172,34379
191,2583,activitynet~v_UoX2xhYPD38,indomain,Hand washing clothes,0,34381,34576
192,2611,activitynet~v_V4tqzi5uw9Y,zeroshot,Cutting the grass,2,34578,34666
193,2623,activitynet~v_VFVAkH9zPIM,indomain,Disc dog,1,34668,34749
194,2624,activitynet~v_VFVAkH9zPIM,indomain,Disc dog,2,34751,34869
195,2625,activitynet~v_VFVAkH9zPIM,indomain,Disc dog,1,34871,35051
196,2626,activitynet~v_VFVAkH9zPIM,indomain,Disc dog,3,35053,35244
197,2627,activitynet~v_VFVAkH9zPIM,indomain,Disc dog,0,35246,35408
198,2637,activitynet~v_VOGF4tBFEuw,zeroshot,Cutting the grass,0,35410,35515
199,2638,activitynet~v_VOGF4tBFEuw,zeroshot,Cutting the grass,0,35517,35666
200,2646,activitynet~v_VOyKKN3NdXM,indomain,Hand car wash,1,35668,35807
201,2647,activitynet~v_VOyKKN3NdXM,indomain,Hand car wash,1,35809,36062
202,2651,activitynet~v_VOyKKN3NdXM,indomain,Hand car wash,1,36064,36267
203,2666,activitynet~v_Vcxv3nyZpSs,zeroshot,Cutting the grass,2,36269,36476
204,2667,activitynet~v_Vcxv3nyZpSs,zeroshot,Cutting the grass,2,36478,36682
205,2678,activitynet~v_VuEy38XdUgA,indomain,Shuffleboard,3,36684,36809
206,2680,activitynet~v_VuEy38XdUgA,indomain,Shuffleboard,0,36811,36976
207,2683,activitynet~v_VufybWyvP98,indomain,Playing water polo,2,36978,37160
208,2685,activitynet~v_VufybWyvP98,indomain,Playing water polo,2,37162,37387
209,2716,activitynet~v_WLpjci5dN8s,zeroshot,Sharpening knives,0,37389,37529
210,2717,activitynet~v_WLpjci5dN8s,zeroshot,Sharpening knives,2,37531,37725
211,2722,activitynet~v_WQAVlmS5IWs,zeroshot,Washing face,2,37727,37887
212,2724,activitynet~v_WSpfyZuoi3A,indomain,Snow tubing,0,37889,38129
213,2734,activitynet~v_WVkOtMX9Gg8,indomain,Cricket,3,38131,38347
214,2735,activitynet~v_WVkOtMX9Gg8,indomain,Cricket,2,38349,38669
215,2752,activitynet~v_WnLYDJ8Jwv8,zeroshot,Washing face,3,38671,38837
216,2757,activitynet~v_Wr69bnB86d0,indomain,Drinking beer,1,38839,39026
217,2758,activitynet~v_Wr69bnB86d0,indomain,Drinking beer,2,39028,39296
218,2760,activitynet~v_Wr7YbcQ_Q9g,zeroshot,Cutting the grass,1,39298,39519
219,2763,activitynet~v_Wr_Eu2M7U9E,indomain,Hanging wallpaper,0,39521,39818
220,2764,activitynet~v_Wr_Eu2M7U9E,indomain,Hanging wallpaper,0,39820,39981
221,2765,activitynet~v_Wr_Eu2M7U9E,indomain,Hanging wallpaper,3,39983,40232
222,2766,activitynet~v_Wr_Eu2M7U9E,indomain,Hanging wallpaper,0,40234,40508
223,2770,activitynet~v_WsHzMciP5X8,indomain,Cricket,1,40510,40682
224,2795,activitynet~v_XKA2W2735WM,indomain,Drum corps,0,40684,40854
225,2797,activitynet~v_XKA2W2735WM,indomain,Drum corps,2,40856,41021
226,2815,activitynet~v_Xa1yH3vxlAk,indomain,Playing bagpipes,2,41023,41127
227,2892,activitynet~v_YcDlkZkPb6g,zeroshot,Layup drill in basketball,2,41129,41289
228,2893,activitynet~v_YcDlkZkPb6g,zeroshot,Layup drill in basketball,3,41291,41556
229,2894,activitynet~v_YcDlkZkPb6g,zeroshot,Layup drill in basketball,0,41558,41852
230,2921,activitynet~v_YoXZfvf5Teg,zeroshot,Playing violin,1,41854,42209
231,2922,activitynet~v_YoXZfvf5Teg,zeroshot,Playing violin,1,42211,42518
232,2923,activitynet~v_YoXZfvf5Teg,zeroshot,Playing violin,0,42520,42760
233,2953,activitynet~v_Z8yKTJeRMOE,indomain,Painting furniture,0,42762,42999
234,2954,activitynet~v_Z8yKTJeRMOE,indomain,Painting furniture,1,43001,43328
235,2955,activitynet~v_Z8yKTJeRMOE,indomain,Painting furniture,0,43330,43609
236,2968,activitynet~v_ZREEgMgSz_o,zeroshot,Washing face,0,43611,43735
237,2969,activitynet~v_ZREEgMgSz_o,zeroshot,Washing face,2,43737,43900
238,2970,activitynet~v_ZREEgMgSz_o,zeroshot,Washing face,1,43902,44068
239,3049,activitynet~v__akwfjIbsUA,indomain,Fun sliding down,3,44070,44228
240,3079,activitynet~v__rzxmgPv6Co,indomain,Doing motocross,3,44230,44470
241,3129,activitynet~v_aJbl1eVBzk0,indomain,Assembling bicycle,1,44472,44560
242,3130,activitynet~v_aJbl1eVBzk0,indomain,Assembling bicycle,3,44562,44680
243,3131,activitynet~v_aJbl1eVBzk0,indomain,Assembling bicycle,3,44682,44839
244,3146,activitynet~v_aXnllTmgeqg,indomain,Playing drums,0,44841,44924
245,3147,activitynet~v_aXnllTmgeqg,indomain,Playing drums,2,44926,45048
246,3158,activitynet~v_al_769KF6Qc,indomain,Spread mulch,1,45050,45211
247,3173,activitynet~v_b5E7-GxvCdk,zeroshot,Cutting the grass,0,45213,45346
248,3174,activitynet~v_b5E7-GxvCdk,zeroshot,Cutting the grass,2,45348,45547
249,3193,activitynet~v_bEniqIC5Ric,indomain,Camel ride,3,45549,45697
250,3289,activitynet~v_bxRZ-Lvjgzk,indomain,Painting,2,45699,45880
251,3295,activitynet~v_bz62JE0qMSk,indomain,Playing badminton,2,45882,46031
252,3317,activitynet~v_c8HFew22GnI,indomain,Wakeboarding,1,46033,46169
253,3373,activitynet~v_ciXArKhjAv8,zeroshot,Having an ice cream,2,46171,46281
254,3391,activitynet~v_cuyD4bT4Bvc,indomain,Rollerblading,3,46283,46471
255,3528,activitynet~v_ePAc9xK9fac,indomain,Rock climbing,2,46473,46586
256,3534,activitynet~v_eUvvxpAK3_8,indomain,Cleaning shoes,3,46588,46740
257,3547,activitynet~v_eg3oZ4XCEKk,zeroshot,Running a marathon,0,46742,47033
258,3577,activitynet~v_ezx7z-kx2v4,indomain,Discus throw,1,47035,47112
259,3623,activitynet~v_fY2IeYSxY4U,indomain,Rock climbing,2,47114,47368
260,3630,activitynet~v_fgEMvRrOCRI,indomain,Hurling,0,47370,47614
261,3631,activitynet~v_fgEMvRrOCRI,indomain,Hurling,0,47616,47893
262,3632,activitynet~v_fgEMvRrOCRI,indomain,Hurling,2,47895,48109
263,3659,activitynet~v_fwqDDFkOaCc,zeroshot,Playing violin,0,48111,48318
264,3660,activitynet~v_fwqDDFkOaCc,zeroshot,Playing violin,1,48320,48607
265,3662,activitynet~v_fwqDDFkOaCc,zeroshot,Playing violin,1,48609,48835
266,3670,activitynet~v_fzwNgtDwgKQ,zeroshot,Cutting the grass,2,48837,48993
267,3680,activitynet~v_g6tF83rCXh0,zeroshot,Clean and jerk,0,48995,49105
268,3743,activitynet~v_gx6QvOXwetM,zeroshot,Cutting the grass,3,49107,49289
269,3744,activitynet~v_gx6QvOXwetM,zeroshot,Cutting the grass,3,49291,49496
270,3802,activitynet~v_hUzsmIWojH0,zeroshot,High jump,2,49498,49586
271,3808,activitynet~v_hYj38k-VOFM,indomain,Raking leaves,0,49588,49801
272,3857,activitynet~v_i3H8cucgXEc,indomain,Rollerblading,3,49803,49998
273,3869,activitynet~v_iJPPWotXvV0,zeroshot,Clean and jerk,1,50000,50099
274,3886,activitynet~v_iVGGeRlJekQ,indomain,Wrapping presents,1,50101,50253
275,3890,activitynet~v_iXLXRHHFp60,indomain,Playing polo,1,50255,50367
276,3892,activitynet~v_iXLXRHHFp60,indomain,Playing polo,0,50369,50567
277,3894,activitynet~v_iXLXRHHFp60,indomain,Playing polo,0,50569,50771
278,3934,activitynet~v_j5Fq7Y8EJk8,indomain,Waterskiing,0,50773,50927
279,3957,activitynet~v_jHyWtrhNTTk,zeroshot,High jump,0,50929,51049
280,3959,activitynet~v_jHyWtrhNTTk,zeroshot,High jump,3,51051,51187
281,3974,activitynet~v_jYA_3BMF2d4,indomain,Tai chi,1,51189,51256
282,3976,activitynet~v_jYA_3BMF2d4,indomain,Tai chi,0,51258,51384
283,3978,activitynet~v_jYA_3BMF2d4,indomain,Tai chi,1,51386,51506
284,3991,activitynet~v_jfnFrt9nfSo,zeroshot,Layup drill in basketball,1,51508,51600
285,4008,activitynet~v_js9SDSngI7A,zeroshot,Layup drill in basketball,3,51602,51856
286,4009,activitynet~v_js9SDSngI7A,zeroshot,Layup drill in basketball,1,51858,52070
287,4010,activitynet~v_js9SDSngI7A,zeroshot,Layup drill in basketball,0,52072,52370
288,4011,activitynet~v_js9SDSngI7A,zeroshot,Layup drill in basketball,3,52372,52593
289,4061,activitynet~v_kMHMdqkGRB4,indomain,Using the pommel horse,3,52595,52782
290,4088,activitynet~v_kzeKQBi6Rhg,zeroshot,Playing violin,0,52784,52991
291,4089,activitynet~v_kzeKQBi6Rhg,zeroshot,Playing violin,2,52993,53198
292,4090,activitynet~v_kzeKQBi6Rhg,zeroshot,Playing violin,1,53200,53369
293,4091,activitynet~v_kzeKQBi6Rhg,zeroshot,Playing violin,2,53371,53605
294,4121,activitynet~v_lMYtmGRAn8k,indomain,Rope skipping,1,53607,53745
295,4122,activitynet~v_lO1r4df9uUc,indomain,Waterskiing,2,53747,53835
296,4123,activitynet~v_lO1r4df9uUc,indomain,Waterskiing,1,53837,53976
297,4126,activitynet~v_lSbbzsOjwno,indomain,Bathing dog,1,53978,54164
298,4133,activitynet~v_l_36uVP3LnI,indomain,Triple jump,2,54166,54331
299,4141,activitynet~v_leJM3mgm_gU,indomain,Playing kickball,0,54333,54415
300,4156,activitynet~v_lk2niPrG3y8,indomain,Rope skipping,2,54417,54575
301,4157,activitynet~v_lk2niPrG3y8,indomain,Rope skipping,3,54577,54830
302,4159,activitynet~v_lkCpF06uEmE,zeroshot,Clean and jerk,1,54832,55053
303,4160,activitynet~v_ll4HKY9ZBOA,indomain,Drum corps,3,55055,55212
304,4250,activitynet~v_mfq5Y7S3BWs,indomain,Spinning,2,55214,55393
305,4252,activitynet~v_mfq5Y7S3BWs,indomain,Spinning,1,55395,55614
306,4254,activitynet~v_mfq5Y7S3BWs,indomain,Spinning,1,55616,55799
307,4263,activitynet~v_mvomkmq32vU,zeroshot,High jump,3,55801,55933
308,4264,activitynet~v_mvomkmq32vU,zeroshot,High jump,0,55935,56167
309,4269,activitynet~v_n1LmL6_vxKs,zeroshot,Clean and jerk,3,56169,56297
310,4341,activitynet~v_nrC41oAR-F0,zeroshot,High jump,0,56299,56419
311,4342,activitynet~v_nrC41oAR-F0,zeroshot,High jump,1,56421,56595
312,4351,activitynet~v_nuEK3POl9jA,zeroshot,Clean and jerk,0,56597,56756
313,4377,activitynet~v_o8RIoxL9FDE,zeroshot,Gargling mouthwash,3,56758,57004
314,4378,activitynet~v_o8RIoxL9FDE,zeroshot,Gargling mouthwash,0,57006,57224
315,4428,activitynet~v_oXqzXQRqAhI,zeroshot,Washing face,1,57226,57436
316,4430,activitynet~v_oZa-yum3mcU,indomain,Horseback riding,3,57438,57785
317,4431,activitynet~v_oZa-yum3mcU,indomain,Horseback riding,1,57787,58130
318,4432,activitynet~v_oZa-yum3mcU,indomain,Horseback riding,1,58132,58400
319,4447,activitynet~v_ok6LTNirAPo,zeroshot,Having an ice cream,2,58402,58510
320,4448,activitynet~v_ok6LTNirAPo,zeroshot,Having an ice cream,3,58512,58702
321,4477,activitynet~v_p3-tF0riSpQ,zeroshot,Having an ice cream,1,58704,58927
322,4481,activitynet~v_p4RUPQAV0ro,zeroshot,Clean and jerk,0,58929,59022
323,4482,activitynet~v_p4RUPQAV0ro,zeroshot,Clean and jerk,0,59024,59166
324,4485,activitynet~v_p4qZGZenAoU,zeroshot,Washing face,0,59168,59259
325,4486,activitynet~v_p4qZGZenAoU,zeroshot,Washing face,1,59261,59410
326,4487,activitynet~v_p4qZGZenAoU,zeroshot,Washing face,2,59412,59621
327,4517,activitynet~v_po9uigsunAU,zeroshot,Running a marathon,1,59623,59789
328,4531,activitynet~v_pxb95-aSDYo,zeroshot,Playing harmonica,0,59791,59967
329,4534,activitynet~v_q0P0EvJOfRQ,indomain,Playing accordion,0,59969,60177
330,4579,activitynet~v_qpdREcmjhUw,indomain,Shuffleboard,1,60179,60427
331,4616,activitynet~v_rLCRgksVNE8,indomain,Getting a piercing,2,60429,60505
332,4643,activitynet~v_rhOtqArO-3Y,indomain,Slacklining,2,60507,60681
333,4646,activitynet~v_rhOtqArO-3Y,indomain,Slacklining,3,60683,60833
334,4649,activitynet~v_rhOtqArO-3Y,indomain,Slacklining,3,60835,61000
335,4658,activitynet~v_rojFvhZw_z8,indomain,Bathing dog,3,61002,61102
336,4659,activitynet~v_rojFvhZw_z8,indomain,Bathing dog,0,61104,61282
337,4660,activitynet~v_rojFvhZw_z8,indomain,Bathing dog,0,61284,61461
338,4661,activitynet~v_rojFvhZw_z8,indomain,Bathing dog,2,61463,61658
339,4662,activitynet~v_rojFvhZw_z8,indomain,Bathing dog,0,61660,61843
340,4663,activitynet~v_rojFvhZw_z8,indomain,Bathing dog,2,61845,62046
341,4664,activitynet~v_rojFvhZw_z8,indomain,Bathing dog,0,62048,62185
342,4744,activitynet~v_sgPkVKPp1dU,indomain,Snatch,3,62187,62474
343,4819,activitynet~v_tbKBKWCh6rs,zeroshot,Washing face,3,62476,62623
344,4848,activitynet~v_tmBTO0cA_qw,zeroshot,Sharpening knives,3,62625,62845
345,4881,activitynet~v_tww0AR8NanU,zeroshot,Playing harmonica,3,62847,63033
346,4891,activitynet~v_u3B3M17akWU,zeroshot,Having an ice cream,0,63035,63200
347,4948,activitynet~v_ursegSrjG1M,indomain,Spread mulch,1,63202,63400
348,4977,activitynet~v_vDaDT1vUOfI,indomain,Swimming,3,63402,63546
349,4980,activitynet~v_vH9gqDUaBQ0,indomain,Sailing,0,63548,63811
350,4990,activitynet~v_vV_d5bfNmBQ,indomain,Playing beach volleyball,3,63813,63936
351,4992,activitynet~v_vV_d5bfNmBQ,indomain,Playing beach volleyball,3,63938,64180
352,4998,activitynet~v_vaqswUFfvMY,zeroshot,Clean and jerk,1,64182,64312
353,5014,activitynet~v_vvdmMyyAtN0,indomain,Getting a haircut,2,64314,64503
354,5018,activitynet~v_vw64k9rIi_g,zeroshot,Washing face,3,64505,64635
355,5019,activitynet~v_vw64k9rIi_g,zeroshot,Washing face,1,64637,64780
356,5020,activitynet~v_vw64k9rIi_g,zeroshot,Washing face,3,64782,65005
357,5041,activitynet~v_wP0jr86MNOw,indomain,Powerbocking,2,65007,65135
358,5050,activitynet~v_wZZUcxhISyE,zeroshot,Having an ice cream,0,65137,65329
359,5059,activitynet~v_wmmOt79-Azo,indomain,Playing badminton,3,65331,65428
360,5060,activitynet~v_wmmOt79-Azo,indomain,Playing badminton,3,65430,65557
361,5071,activitynet~v_wsrSku74OpM,indomain,Beer pong,2,65559,65732
362,5072,activitynet~v_wsrSku74OpM,indomain,Beer pong,3,65734,65912
363,5096,activitynet~v_xAI1y9izXOM,indomain,Arm wrestling,1,65914,66042
364,5105,activitynet~v_xEnnIWce1ok,indomain,Doing a powerbomb,1,66044,66203
365,5119,activitynet~v_xS-F-9E3xKk,indomain,Arm wrestling,1,66205,66375
366,5120,activitynet~v_xS-F-9E3xKk,indomain,Arm wrestling,3,66377,66680
367,5145,activitynet~v_xg0OCQW8t2s,zeroshot,Cutting the grass,3,66682,66796
368,5150,activitynet~v_xlPpP0eVL9A,zeroshot,Washing face,3,66798,66945
369,5180,activitynet~v_y5wu5pysE14,zeroshot,High jump,0,66947,67267
370,5181,activitynet~v_y5wu5pysE14,zeroshot,High jump,2,67269,67516
371,5182,activitynet~v_y5wu5pysE14,zeroshot,High jump,0,67518,67824
372,5222,activitynet~v_yLS0UuNYXOI,indomain,Waterskiing,0,67826,67957
373,5230,activitynet~v_yUC6HXP9S8A,zeroshot,Ice fishing,3,67959,68120
374,5231,activitynet~v_yUC6HXP9S8A,zeroshot,Ice fishing,3,68122,68362
375,5232,activitynet~v_yUC6HXP9S8A,zeroshot,Ice fishing,3,68364,68613
376,5240,activitynet~v_yWCrbhU_X_U,zeroshot,Having an ice cream,2,68615,68821
377,5241,activitynet~v_yWCrbhU_X_U,zeroshot,Having an ice cream,3,68823,68969
378,5288,activitynet~v_yxZ4ouqcld4,zeroshot,Running a marathon,3,68971,69104
379,5289,activitynet~v_yxZ4ouqcld4,zeroshot,Running a marathon,1,69106,69298
380,5291,activitynet~v_yxZ4ouqcld4,zeroshot,Running a marathon,1,69300,69458
381,5292,activitynet~v_yxZ4ouqcld4,zeroshot,Running a marathon,3,69460,69610
382,5293,activitynet~v_yxZ4ouqcld4,zeroshot,Running a marathon,1,69612,69752
383,5295,activitynet~v_yxZ4ouqcld4,zeroshot,Running a marathon,0,69754,69899
384,5322,activitynet~v_zGT6EplIOHY,indomain,Futsal,3,69901,70038
385,5384,activitynet~v_zyi4NVylqB0,indomain,Beach soccer,0,70040,70317
386,5403,activitynet~v_-9l1Rh10bO8,indomain,Doing karate,3,70319,70460
387,5404,activitynet~v_-9l1Rh10bO8,indomain,Doing karate,1,70462,70681
388,5405,activitynet~v_-9l1Rh10bO8,indomain,Doing karate,0,70683,70907
389,5413,activitynet~v_-E2dqOULQgY,indomain,Playing drums,3,70909,71037
390,5460,activitynet~v_0YHCiC7IIg8,zeroshot,Playing harmonica,1,71039,71252
391,5461,activitynet~v_0YHCiC7IIg8,zeroshot,Playing harmonica,3,71254,71417
392,5471,activitynet~v_0czF2CCgq6I,zeroshot,Cutting the grass,1,71419,71577
393,5493,activitynet~v_1Se1ZqCSQvk,zeroshot,Sharpening knives,3,71579,71805
394,5494,activitynet~v_1Se1ZqCSQvk,zeroshot,Sharpening knives,0,71807,72106
395,5495,activitynet~v_1Se1ZqCSQvk,zeroshot,Sharpening knives,0,72108,72424
396,5504,activitynet~v_1gp-5iOIfVo,zeroshot,Running a marathon,3,72426,72622
397,5505,activitynet~v_1gp-5iOIfVo,zeroshot,Running a marathon,0,72624,72942
398,5506,activitynet~v_1gp-5iOIfVo,zeroshot,Running a marathon,0,72944,73171
399,5507,activitynet~v_1gp-5iOIfVo,zeroshot,Running a marathon,2,73173,73495
400,5529,activitynet~v_25Wxe9TQzY8,indomain,Windsurfing,3,73497,73614
401,5543,activitynet~v_2Sev8z4P7pE,indomain,Raking leaves,3,73616,73693
402,5544,activitynet~v_2Sev8z4P7pE,indomain,Raking leaves,2,73695,73830
403,5657,activitynet~v_62BPME-ikJU,zeroshot,Cutting the grass,1,73832,73990
404,5658,activitynet~v_62BPME-ikJU,zeroshot,Cutting the grass,3,73992,74185
405,5717,activitynet~v_7ih5UMIU7zE,indomain,Cheerleading,2,74187,74427
406,5813,activitynet~v_AFtFitXAFks,indomain,Tumbling,0,74429,74536
407,5814,activitynet~v_AFtFitXAFks,indomain,Tumbling,0,74538,74684
408,5816,activitynet~v_AOteP9srRpw,indomain,Windsurfing,0,74686,74811
409,5823,activitynet~v_ASXqlsSfZ5E,indomain,Powerbocking,0,74813,74944
410,5826,activitynet~v_Aa33vHLEXJA,indomain,Bullfighting,0,74946,75082
411,5831,activitynet~v_Auy0KGsXAIg,indomain,Fixing bicycle,2,75084,75231
412,5880,activitynet~v_C0MIMsY6okw,indomain,Making a lemonade,1,75233,75412
413,5881,activitynet~v_C0MIMsY6okw,indomain,Making a lemonade,2,75414,75590
414,5901,activitynet~v_CPnLc0MtBYc,zeroshot,High jump,3,75592,75730
415,5922,activitynet~v_CjPN7fw0B48,zeroshot,Cutting the grass,0,75732,75813
416,5997,activitynet~v_EXxckPa76vc,indomain,Table soccer,1,75815,76061
417,6005,activitynet~v_EpWZ_-hNKKs,indomain,Surfing,1,76063,76197
418,6016,activitynet~v_FEqLmpNzxdg,zeroshot,Ice fishing,3,76199,76290
419,6018,activitynet~v_FEqLmpNzxdg,zeroshot,Ice fishing,3,76292,76426
420,6028,activitynet~v_FMVECEaQ0Jo,zeroshot,Running a marathon,1,76428,76753
421,6034,activitynet~v_FRJLhGFpCGE,zeroshot,Running a marathon,1,76755,76920
422,6036,activitynet~v_FRJLhGFpCGE,zeroshot,Running a marathon,2,76922,77149
423,6099,activitynet~v_HW5QhCSKTsw,zeroshot,Layup drill in basketball,2,77151,77253
424,6139,activitynet~v_ILIpCfCWyT0,indomain,Skateboarding,0,77255,77351
425,6145,activitynet~v_Ihmu18WVMpk,indomain,Futsal,2,77353,77486
426,6159,activitynet~v_IqXaLlFSWwc,zeroshot,High jump,2,77488,77754
427,6180,activitynet~v_JMlNfZlOyX8,zeroshot,Washing face,1,77756,78006
428,6181,activitynet~v_JMlNfZlOyX8,zeroshot,Washing face,1,78008,78283
429,6182,activitynet~v_JMpwIWxoB5s,indomain,Making a lemonade,3,78285,78406
430,6183,activitynet~v_JMpwIWxoB5s,indomain,Making a lemonade,3,78408,78590
431,6184,activitynet~v_JQcN61A1MEU,indomain,Futsal,1,78592,78687
432,6185,activitynet~v_JQcN61A1MEU,indomain,Futsal,2,78689,78823
433,6189,activitynet~v_JXMD8Obk0yg,indomain,Arm wrestling,1,78825,78950
434,6190,activitynet~v_J_CJSmMFWlg,indomain,Doing kickboxing,2,78952,79071
435,6212,activitynet~v_JyfelXz6GaA,indomain,Futsal,1,79073,79226
436,6220,activitynet~v_K98WGaMR4eM,indomain,Doing a powerbomb,3,79228,79318
437,6223,activitynet~v_KFS_lGlO-Ew,zeroshot,Gargling mouthwash,2,79320,79451
438,6228,activitynet~v_KNyM0KvDHMM,indomain,Fixing bicycle,3,79453,79598
439,6230,activitynet~v_KU8VVtam3ig,zeroshot,Sharpening knives,1,79600,79684
440,6232,activitynet~v_KU8VVtam3ig,zeroshot,Sharpening knives,1,79686,79903
441,6233,activitynet~v_KU8VVtam3ig,zeroshot,Sharpening knives,3,79905,80193
442,6241,activitynet~v_KjUxjcpIG_Y,zeroshot,Gargling mouthwash,2,80195,80285
443,6298,activitynet~v_MjRsR_7ECi8,zeroshot,Gargling mouthwash,1,80287,80475
444,6302,activitynet~v_MkKUQ4MMHd8,indomain,Camel ride,1,80477,80605
445,6324,activitynet~v_NVR52Aed_7s,indomain,Kneeling,1,80607,80687
446,6374,activitynet~v_OzXD3WO6jrs,indomain,Using parallel bars,1,80689,80808
447,6406,activitynet~v_PwyvQ3BKziA,zeroshot,Washing face,2,80810,80984
448,6407,activitynet~v_Q2wd5aLtZ1E,indomain,Roof shingle removal,0,80986,81094
449,6436,activitynet~v_RF0ChBe9HHI,zeroshot,Playing violin,0,81096,81184
450,6449,activitynet~v_RTM6iJxc-G0,indomain,Drum corps,2,81186,81361
451,6451,activitynet~v_RVZprJDJz1U,indomain,Polishing forniture,2,81363,81555
452,6462,activitynet~v_RllrUfp2EIU,indomain,Starting a campfire,0,81557,81700
453,6464,activitynet~v_Rnux3rCLdmI,indomain,Polishing shoes,1,81702,81830
454,6500,activitynet~v_T3bTwmccIEQ,indomain,Canoeing,2,81832,81946
455,6501,activitynet~v_T3bTwmccIEQ,indomain,Canoeing,2,81948,82077
456,6510,activitynet~v_TEh6gfRUFZQ,indomain,Removing ice from car,1,82079,82270
457,6514,activitynet~v_TGvY7GtyTK4,indomain,Kneeling,3,82272,82543
458,6515,activitynet~v_TGvY7GtyTK4,indomain,Kneeling,3,82545,82858
459,6522,activitynet~v_TX8FGTL1flw,zeroshot,Ice fishing,1,82860,83022
460,6543,activitynet~v_Tw1vg9qWLx0,indomain,Croquet,3,83024,83095
461,6566,activitynet~v_UL_3QfD3ERM,indomain,Disc dog,2,83097,83191
462,6567,activitynet~v_UL_3QfD3ERM,indomain,Disc dog,0,83193,83349
463,6584,activitynet~v_Uj1QtIM8500,indomain,Putting in contact lenses,0,83351,83539
464,6587,activitynet~v_UodvUEkuVig,indomain,Removing curlers,0,83541,83620
465,6591,activitynet~v_Uqte3S_ErTM,indomain,Doing motocross,3,83622,83717
466,6592,activitynet~v_Uqte3S_ErTM,indomain,Doing motocross,0,83719,83863
467,6611,activitynet~v_VceicZDzH3U,indomain,Carving jack-o-lanterns,0,83865,83995
468,6613,activitynet~v_VceicZDzH3U,indomain,Carving jack-o-lanterns,1,83997,84169
469,6615,activitynet~v_VceicZDzH3U,indomain,Carving jack-o-lanterns,0,84171,84367
470,6617,activitynet~v_VceicZDzH3U,indomain,Carving jack-o-lanterns,3,84369,84544
471,6627,activitynet~v_VhzPqd0Su5I,zeroshot,Cutting the grass,2,84546,84790
472,6628,activitynet~v_VhzPqd0Su5I,zeroshot,Cutting the grass,1,84792,84970
473,6633,activitynet~v_VlLq4bAHCXI,zeroshot,Running a marathon,2,84972,85118
474,6673,activitynet~v_XASTWKClhPU,indomain,Rollerblading,2,85120,85275
475,6682,activitynet~v_Xjw9vUwILOE,indomain,Long jump,2,85277,85478
476,6697,activitynet~v_YIEv6_HQtAc,zeroshot,Layup drill in basketball,0,85480,85581
477,6706,activitynet~v_YfcxIgsqs5M,indomain,Cheerleading,1,85583,85729
478,6707,activitynet~v_YfcxIgsqs5M,indomain,Cheerleading,3,85731,85987
479,6708,activitynet~v_YfxK4HAp8jI,zeroshot,Layup drill in basketball,0,85989,86116
480,6709,activitynet~v_YfxK4HAp8jI,zeroshot,Layup drill in basketball,3,86118,86301
481,6724,activitynet~v_Z1N185E4gsk,indomain,Shoveling snow,0,86303,86402
482,6725,activitynet~v_Z1N185E4gsk,indomain,Shoveling snow,2,86404,86563
483,6742,activitynet~v_ZWzPz-LX9Qg,indomain,Washing hands,0,86565,86648
484,6782,activitynet~v_ZsicrMkZEN8,indomain,Baton twirling,1,86650,86741
485,6828,activitynet~v_altXks0a0qY,indomain,Camel ride,2,86743,86838
486,6829,activitynet~v_altXks0a0qY,indomain,Camel ride,0,86840,86994
487,6840,activitynet~v_bCEdkW675dQ,zeroshot,Playing violin,2,86996,87089
488,6841,activitynet~v_bCEdkW675dQ,zeroshot,Playing violin,3,87091,87225
489,6857,activitynet~v_bfk3xsTt0XA,indomain,Beach soccer,1,87227,87410
490,6863,activitynet~v_bpB0GiH6uDw,zeroshot,Cutting the grass,2,87412,87710
491,6864,activitynet~v_bpB0GiH6uDw,zeroshot,Cutting the grass,3,87712,87928
492,6887,activitynet~v_cXfflEWa83E,indomain,Wakeboarding,0,87930,88021
493,6902,activitynet~v_cr2lbZ6or1Q,zeroshot,Playing violin,0,88023,88136
494,6904,activitynet~v_cw0HRDIQ10I,zeroshot,Clean and jerk,1,88138,88218
495,6947,activitynet~v_e1_oskOyQoU,zeroshot,Sharpening knives,3,88220,88448
496,6955,activitynet~v_eUecHAdv1uU,indomain,Calf roping,0,88450,88547
497,6956,activitynet~v_eUecHAdv1uU,indomain,Calf roping,1,88549,88709
498,7012,activitynet~v_fxbEiZrQQzM,zeroshot,Cutting the grass,3,88711,88791
499,7013,activitynet~v_fxbEiZrQQzM,zeroshot,Cutting the grass,0,88793,88933
500,7028,activitynet~v_gdYr4E3qobI,zeroshot,Ice fishing,1,88935,89068
501,7029,activitynet~v_gdYr4E3qobI,zeroshot,Ice fishing,1,89070,89203
502,7044,activitynet~v_hDb19ih3jAA,indomain,Rollerblading,3,89205,89315
503,7045,activitynet~v_hDb19ih3jAA,indomain,Rollerblading,2,89317,89485
504,7060,activitynet~v_hZ0jI9U5Nws,indomain,Using uneven bars,1,89487,89556
505,7102,activitynet~v_iSJ87SnNLPc,zeroshot,Gargling mouthwash,3,89558,89723
506,7107,activitynet~v_ibjvKk93__g,indomain,Elliptical trainer,1,89725,89847
507,7108,activitynet~v_ibjvKk93__g,indomain,Elliptical trainer,2,89849,90073
508,7109,activitynet~v_ibjvKk93__g,indomain,Elliptical trainer,1,90075,90339
509,7129,activitynet~v_izZqZFVpW4c,zeroshot,Ice fishing,0,90341,90484
510,7187,activitynet~v_kfwwya1qzXM,indomain,Playing guitarra,0,90486,90693
511,7188,activitynet~v_kfwwya1qzXM,indomain,Playing guitarra,0,90695,90965
512,7204,activitynet~v_lCIJJgxTs2U,zeroshot,High jump,0,90967,91074
513,7208,activitynet~v_lDJpGI4BZ8k,zeroshot,Playing harmonica,2,91076,91264
514,7253,activitynet~v_mYHezmI0U6U,indomain,Skiing,1,91266,91410
515,7309,activitynet~v_ndJqptBTxAY,indomain,Hand car wash,2,91412,91512
516,7310,activitynet~v_ndJqptBTxAY,indomain,Hand car wash,0,91514,91683
517,7335,activitynet~v_oNrWO_VQQbk,indomain,Bathing dog,3,91685,91863
518,7336,activitynet~v_oNrWO_VQQbk,indomain,Bathing dog,3,91865,92064
519,7412,activitynet~v_rgAALWYnRrg,indomain,Hitting a pinata,0,92066,92220
520,7413,activitynet~v_rgAALWYnRrg,indomain,Hitting a pinata,3,92222,92535
521,7424,activitynet~v_sGFbsMKkoYs,zeroshot,Clean and jerk,2,92537,92670
522,7425,activitynet~v_sGFbsMKkoYs,zeroshot,Clean and jerk,3,92672,92848
523,7430,activitynet~v_sPSfixKrDc0,indomain,Making a cake,3,92850,93125
524,7431,activitynet~v_sPSfixKrDc0,indomain,Making a cake,3,93127,93456
525,7432,activitynet~v_sPSfixKrDc0,indomain,Making a cake,1,93458,93736
526,7433,activitynet~v_sPSfixKrDc0,indomain,Making a cake,0,93738,93995
527,7445,activitynet~v_sahQxLbmM0U,zeroshot,Clean and jerk,2,93997,94102
528,7452,activitynet~v_sfCfrWpHpu0,zeroshot,Having an ice cream,3,94104,94201
529,7453,activitynet~v_sfCfrWpHpu0,zeroshot,Having an ice cream,0,94203,94335
530,7456,activitynet~v_ssBiSN8XofA,zeroshot,Layup drill in basketball,2,94337,94449
531,7457,activitynet~v_ssBiSN8XofA,zeroshot,Layup drill in basketball,1,94451,94635
532,7469,activitynet~v_t6f_O8a4sSg,indomain,Skateboarding,0,94637,94775
533,7470,activitynet~v_t6f_O8a4sSg,indomain,Skateboarding,2,94777,95008
534,7477,activitynet~v_tBFX7g605Go,zeroshot,Washing face,1,95010,95080
535,7478,activitynet~v_tBFX7g605Go,zeroshot,Washing face,2,95082,95178
536,7479,activitynet~v_tBFX7g605Go,zeroshot,Washing face,0,95180,95301
537,7480,activitynet~v_tBGeBbO8gh0,zeroshot,Ice fishing,3,95303,95391
538,7481,activitynet~v_tBGeBbO8gh0,zeroshot,Ice fishing,1,95393,95521
539,7507,activitynet~v_tghS4UnuWzk,indomain,Cleaning shoes,3,95523,95652
540,7508,activitynet~v_tghS4UnuWzk,indomain,Cleaning shoes,2,95654,95830
541,7515,activitynet~v_txyXUXWybt4,zeroshot,Sharpening knives,1,95832,95942
542,7522,activitynet~v_u9aFICSj7zw,zeroshot,Ice fishing,2,95944,96141
543,7536,activitynet~v_ucsAN6pGv6w,indomain,Javelin throw,0,96143,96304
544,7546,activitynet~v_v-YKnFqX_L0,zeroshot,Running a marathon,3,96306,96427
545,7595,activitynet~v_wmrrBnxbHjk,indomain,Table soccer,0,96429,96622
546,7611,activitynet~v_xDD9rWISPpk,indomain,Powerbocking,2,96624,96727
547,7627,activitynet~v_xYu5luMTycc,indomain,Sailing,1,96729,96853
548,7646,activitynet~v_xsdrqauYhJs,indomain,Baking cookies,0,96855,97052
549,7648,activitynet~v_xsdrqauYhJs,indomain,Baking cookies,3,97054,97228
550,7649,activitynet~v_xsdrqauYhJs,indomain,Baking cookies,0,97230,97487
551,7650,activitynet~v_xsdrqauYhJs,indomain,Baking cookies,2,97489,97657
552,7651,activitynet~v_xsdrqauYhJs,indomain,Baking cookies,2,97659,97882
553,7652,activitynet~v_xsdrqauYhJs,indomain,Baking cookies,2,97884,98034
554,7653,activitynet~v_xsdrqauYhJs,indomain,Baking cookies,2,98036,98218
555,7724,activitynet~v_-9l1Rh10bO8,indomain,Doing karate,3,98220,98368
556,7733,activitynet~v_-E2dqOULQgY,indomain,Playing drums,0,98370,98587
557,7784,activitynet~v_0czF2CCgq6I,zeroshot,Cutting the grass,2,98589,98674
558,7785,activitynet~v_0czF2CCgq6I,zeroshot,Cutting the grass,0,98676,98807
559,7813,activitynet~v_1Se1ZqCSQvk,zeroshot,Sharpening knives,3,98809,98999
560,7816,activitynet~v_1Se1ZqCSQvk,zeroshot,Sharpening knives,0,99001,99168
561,7820,activitynet~v_1buoiCgXG1Q,indomain,Kayaking,3,99170,99308
562,7826,activitynet~v_1gp-5iOIfVo,zeroshot,Running a marathon,2,99310,99448
563,7870,activitynet~v_2Sev8z4P7pE,indomain,Raking leaves,3,99450,99528
564,7871,activitynet~v_2Sev8z4P7pE,indomain,Raking leaves,0,99530,99638
565,7891,activitynet~v_2tlLq9qvG-c,indomain,Baking cookies,1,99640,99780
566,7893,activitynet~v_2tlLq9qvG-c,indomain,Baking cookies,0,99782,100055
567,7894,activitynet~v_2tlLq9qvG-c,indomain,Baking cookies,3,100057,100262
568,7895,activitynet~v_2tlLq9qvG-c,indomain,Baking cookies,0,100264,100529
569,7896,activitynet~v_2tlLq9qvG-c,indomain,Baking cookies,1,100531,100790
570,7922,activitynet~v_3bi2XM3scQA,zeroshot,Clean and jerk,2,100792,100948
571,7924,activitynet~v_3bi2XM3scQA,zeroshot,Clean and jerk,3,100950,101253
572,7996,activitynet~v_62BPME-ikJU,zeroshot,Cutting the grass,1,101255,101501
573,7997,activitynet~v_62BPME-ikJU,zeroshot,Cutting the grass,2,101503,101676
574,8139,activitynet~v_AAfFlwaXW3c,indomain,Snatch,0,101678,101764
575,8151,activitynet~v_AFtFitXAFks,indomain,Tumbling,3,101766,102017
576,8155,activitynet~v_ASXqlsSfZ5E,indomain,Powerbocking,0,102019,102150
577,8166,activitynet~v_Aa33vHLEXJA,indomain,Bullfighting,0,102152,102282
578,8167,activitynet~v_Aa33vHLEXJA,indomain,Bullfighting,3,102284,102494
579,8171,activitynet~v_Auy0KGsXAIg,indomain,Fixing bicycle,1,102496,102714
580,8230,activitynet~v_C0MIMsY6okw,indomain,Making a lemonade,2,102716,102834
581,8231,activitynet~v_C0MIMsY6okw,indomain,Making a lemonade,3,102836,103023
582,8232,activitynet~v_C0MIMsY6okw,indomain,Making a lemonade,3,103025,103259
583,8234,activitynet~v_C0MIMsY6okw,indomain,Making a lemonade,0,103261,103447
584,8236,activitynet~v_C0MIMsY6okw,indomain,Making a lemonade,0,103449,103623
585,8238,activitynet~v_C0MIMsY6okw,indomain,Making a lemonade,2,103625,103817
586,8239,activitynet~v_C0MIMsY6okw,indomain,Making a lemonade,2,103819,104012
587,8280,activitynet~v_CjPN7fw0B48,zeroshot,Cutting the grass,2,104014,104147
588,8281,activitynet~v_CjPN7fw0B48,zeroshot,Cutting the grass,2,104149,104329
589,8298,activitynet~v_D7Oc3SLX0wo,indomain,Playing beach volleyball,0,104331,104400
590,8300,activitynet~v_D7Oc3SLX0wo,indomain,Playing beach volleyball,3,104402,104538
591,8301,activitynet~v_D7Oc3SLX0wo,indomain,Playing beach volleyball,1,104540,104682
592,8326,activitynet~v_E5FiPYZARLE,indomain,Playing beach volleyball,3,104684,104867
593,8347,activitynet~v_EbGq9gXcXLQ,indomain,Playing congas,2,104869,105085
594,8350,activitynet~v_EpWZ_-hNKKs,indomain,Surfing,3,105087,105186
595,8351,activitynet~v_EpWZ_-hNKKs,indomain,Surfing,2,105188,105326
596,8363,activitynet~v_FEqLmpNzxdg,zeroshot,Ice fishing,0,105328,105490
597,8366,activitynet~v_FEqLmpNzxdg,zeroshot,Ice fishing,1,105492,105672
598,8367,activitynet~v_FMVECEaQ0Jo,zeroshot,Running a marathon,1,105674,105830
599,8435,activitynet~v_HW5QhCSKTsw,zeroshot,Layup drill in basketball,3,105832,105918
600,8471,activitynet~v_ILIpCfCWyT0,indomain,Skateboarding,3,105920,106035
601,8486,activitynet~v_IqXaLlFSWwc,zeroshot,High jump,2,106037,106119
602,8515,activitynet~v_JMlNfZlOyX8,zeroshot,Washing face,2,106121,106266
603,8516,activitynet~v_JMlNfZlOyX8,zeroshot,Washing face,3,106268,106412
604,8519,activitynet~v_JQcN61A1MEU,indomain,Futsal,1,106414,106557
605,8520,activitynet~v_JQcN61A1MEU,indomain,Futsal,3,106559,106832
606,8525,activitynet~v_JXMD8Obk0yg,indomain,Arm wrestling,2,106834,106999
607,8527,activitynet~v_J_CJSmMFWlg,indomain,Doing kickboxing,0,107001,107201
608,8541,activitynet~v_JyfelXz6GaA,indomain,Futsal,0,107203,107460
609,8551,activitynet~v_K98WGaMR4eM,indomain,Doing a powerbomb,0,107462,107719
610,8553,activitynet~v_K98WGaMR4eM,indomain,Doing a powerbomb,2,107721,107909
611,8555,activitynet~v_K98WGaMR4eM,indomain,Doing a powerbomb,1,107911,108137
612,8557,activitynet~v_KFS_lGlO-Ew,zeroshot,Gargling mouthwash,2,108139,108287
613,8565,activitynet~v_KU8VVtam3ig,zeroshot,Sharpening knives,3,108289,108474
614,8569,activitynet~v_KhAtzEJxz9M,indomain,Zumba,3,108476,108562
615,8571,activitynet~v_KhAtzEJxz9M,indomain,Zumba,0,108564,108804
616,8572,activitynet~v_KhAtzEJxz9M,indomain,Zumba,3,108806,109040
617,8573,activitynet~v_KjUxjcpIG_Y,zeroshot,Gargling mouthwash,0,109042,109163
618,8649,activitynet~v_MkKUQ4MMHd8,indomain,Camel ride,3,109165,109279
619,8650,activitynet~v_MkKUQ4MMHd8,indomain,Camel ride,1,109281,109463
620,8733,activitynet~v_OzXD3WO6jrs,indomain,Using parallel bars,2,109465,109605
621,8742,activitynet~v_POYg9zju63U,indomain,Raking leaves,0,109607,109798
622,8758,activitynet~v_Q2wd5aLtZ1E,indomain,Roof shingle removal,0,109800,109880
623,8759,activitynet~v_Q2wd5aLtZ1E,indomain,Roof shingle removal,0,109882,110024
624,8798,activitynet~v_RF0ChBe9HHI,zeroshot,Playing violin,0,110026,110144
625,8799,activitynet~v_RF0ChBe9HHI,zeroshot,Playing violin,0,110146,110333
626,8815,activitynet~v_RVZprJDJz1U,indomain,Polishing forniture,0,110335,110473
627,8816,activitynet~v_RVZprJDJz1U,indomain,Polishing forniture,0,110475,110684
628,8817,activitynet~v_RVZprJDJz1U,indomain,Polishing forniture,2,110686,110857
629,8818,activitynet~v_RVZprJDJz1U,indomain,Polishing forniture,3,110859,111042
630,8821,activitynet~v_RVZprJDJz1U,indomain,Polishing forniture,2,111044,111196
631,8822,activitynet~v_RVZprJDJz1U,indomain,Polishing forniture,0,111198,111407
632,8825,activitynet~v_RVZprJDJz1U,indomain,Polishing forniture,0,111409,111573
633,8841,activitynet~v_RllrUfp2EIU,indomain,Starting a campfire,2,111575,111769
634,8843,activitynet~v_Rnux3rCLdmI,indomain,Polishing shoes,1,111771,111899
635,8844,activitynet~v_Rnux3rCLdmI,indomain,Polishing shoes,1,111901,112074
636,8863,activitynet~v_SBn1i9YqN1k,zeroshot,Sharpening knives,0,112076,112255
637,8864,activitynet~v_SBn1i9YqN1k,zeroshot,Sharpening knives,1,112257,112405
638,8871,activitynet~v_SO5KnbKienU,indomain,Baton twirling,3,112407,112664
639,8872,activitynet~v_SO5KnbKienU,indomain,Baton twirling,0,112666,112891
640,8901,activitynet~v_TGvY7GtyTK4,indomain,Kneeling,0,112893,112999
641,8904,activitynet~v_TGvY7GtyTK4,indomain,Kneeling,0,113001,113172
642,8906,activitynet~v_TGvY7GtyTK4,indomain,Kneeling,3,113174,113372
643,8909,activitynet~v_TX8FGTL1flw,zeroshot,Ice fishing,0,113374,113602
644,8926,activitynet~v_Tw1vg9qWLx0,indomain,Croquet,3,113604,113798
645,8940,activitynet~v_UE2mDvY9rew,indomain,Roof shingle removal,0,113800,114012
646,8941,activitynet~v_UE2mDvY9rew,indomain,Roof shingle removal,1,114014,114238
647,8942,activitynet~v_UE2mDvY9rew,indomain,Roof shingle removal,1,114240,114568
648,8955,activitynet~v_UL_3QfD3ERM,indomain,Disc dog,2,114570,114730
649,8973,activitynet~v_Uj1QtIM8500,indomain,Putting in contact lenses,0,114732,114914
650,8975,activitynet~v_UodvUEkuVig,indomain,Removing curlers,3,114916,115060
651,8976,activitynet~v_UodvUEkuVig,indomain,Removing curlers,1,115062,115340
652,8979,activitynet~v_Uqte3S_ErTM,indomain,Doing motocross,2,115342,115475
653,8998,activitynet~v_VceicZDzH3U,indomain,Carving jack-o-lanterns,0,115477,115758
654,9052,activitynet~v_Xjw9vUwILOE,indomain,Long jump,0,115760,115960
655,9053,activitynet~v_Xjw9vUwILOE,indomain,Long jump,3,115962,116230
656,9054,activitynet~v_Xjw9vUwILOE,indomain,Long jump,1,116232,116575
657,9057,activitynet~v_XncWGxekE30,indomain,Snow tubing,2,116577,116756
658,9059,activitynet~v_XoFikALe8Q0,indomain,Hand car wash,0,116758,116842
659,9061,activitynet~v_XoFikALe8Q0,indomain,Hand car wash,3,116844,116999
660,9075,activitynet~v_YfcxIgsqs5M,indomain,Cheerleading,0,117001,117099
661,9076,activitynet~v_YfcxIgsqs5M,indomain,Cheerleading,2,117101,117243
662,9094,activitynet~v_Z1N185E4gsk,indomain,Shoveling snow,2,117245,117387
663,9111,activitynet~v_ZWzPz-LX9Qg,indomain,Washing hands,0,117389,117505
664,9173,activitynet~v__nGlzZystmo,indomain,Futsal,2,117507,117734
665,9207,activitynet~v_altXks0a0qY,indomain,Camel ride,0,117736,117902
666,9208,activitynet~v_altXks0a0qY,indomain,Camel ride,2,117904,118094
667,9320,activitynet~v_e1_oskOyQoU,zeroshot,Sharpening knives,0,118096,118277
668,9321,activitynet~v_e1_oskOyQoU,zeroshot,Sharpening knives,2,118279,118576
669,9373,activitynet~v_fxbEiZrQQzM,zeroshot,Cutting the grass,0,118578,118811
670,9389,activitynet~v_gdYr4E3qobI,zeroshot,Ice fishing,2,118813,118973
671,9390,activitynet~v_gdYr4E3qobI,zeroshot,Ice fishing,3,118975,119159
672,9393,activitynet~v_gl_0jjJBUkc,indomain,Hand washing clothes,0,119161,119321
673,9434,activitynet~v_hZ0jI9U5Nws,indomain,Using uneven bars,0,119323,119475
674,9559,activitynet~v_kfwwya1qzXM,indomain,Playing guitarra,1,119477,119561
675,9560,activitynet~v_kfwwya1qzXM,indomain,Playing guitarra,3,119563,119774
676,9561,activitynet~v_kfwwya1qzXM,indomain,Playing guitarra,0,119776,119999
677,9639,activitynet~v_mYHezmI0U6U,indomain,Skiing,0,120001,120170
678,9640,activitynet~v_mYHezmI0U6U,indomain,Skiing,3,120172,120405
679,9677,activitynet~v_nLAm7USuYbA,zeroshot,High jump,3,120407,120678
680,9678,activitynet~v_nLAm7USuYbA,zeroshot,High jump,0,120680,120916
681,9679,activitynet~v_nLAm7USuYbA,zeroshot,High jump,3,120918,121217
682,9680,activitynet~v_nLAm7USuYbA,zeroshot,High jump,0,121219,121537
683,9691,activitynet~v_ndJqptBTxAY,indomain,Hand car wash,0,121539,121683
684,9692,activitynet~v_ndJqptBTxAY,indomain,Hand car wash,3,121685,121845
685,9693,activitynet~v_ndJqptBTxAY,indomain,Hand car wash,0,121847,122028
686,9737,activitynet~v_outMi06JZss,zeroshot,Running a marathon,3,122030,122167
687,9738,activitynet~v_outMi06JZss,zeroshot,Running a marathon,2,122169,122366
688,9778,activitynet~v_qmKSDwVvxVk,zeroshot,High jump,2,122368,122543
689,9779,activitynet~v_qmKSDwVvxVk,zeroshot,High jump,3,122545,122758
690,9780,activitynet~v_qmKSDwVvxVk,zeroshot,High jump,2,122760,122944
691,9783,activitynet~v_r8DXz1FOb90,indomain,Disc dog,3,122946,123035
692,9800,activitynet~v_rgAALWYnRrg,indomain,Hitting a pinata,0,123037,123202
693,9832,activitynet~v_sahQxLbmM0U,zeroshot,Clean and jerk,2,123204,123342
694,9837,activitynet~v_sfCfrWpHpu0,zeroshot,Having an ice cream,3,123344,123442
695,9840,activitynet~v_ssBiSN8XofA,zeroshot,Layup drill in basketball,1,123444,123652
696,9842,activitynet~v_ssBiSN8XofA,zeroshot,Layup drill in basketball,1,123654,123919
697,9843,activitynet~v_ssBiSN8XofA,zeroshot,Layup drill in basketball,1,123921,124203
698,9854,activitynet~v_t6f_O8a4sSg,indomain,Skateboarding,2,124205,124315
699,9855,activitynet~v_t6f_O8a4sSg,indomain,Skateboarding,3,124317,124486
700,9864,activitynet~v_tBFX7g605Go,zeroshot,Washing face,1,124488,124740
701,9865,activitynet~v_tBFX7g605Go,zeroshot,Washing face,3,124742,124974
702,9866,activitynet~v_tBFX7g605Go,zeroshot,Washing face,1,124976,125334
703,9867,activitynet~v_tBFX7g605Go,zeroshot,Washing face,3,125336,125528
704,9868,activitynet~v_tBGeBbO8gh0,zeroshot,Ice fishing,0,125530,125660
705,9886,activitynet~v_tghS4UnuWzk,indomain,Cleaning shoes,0,125662,125846
706,9887,activitynet~v_tghS4UnuWzk,indomain,Cleaning shoes,1,125848,126037
707,9895,activitynet~v_txyXUXWybt4,zeroshot,Sharpening knives,1,126039,126248
708,9900,activitynet~v_u9aFICSj7zw,zeroshot,Ice fishing,3,126250,126364
709,9914,activitynet~v_ucsAN6pGv6w,indomain,Javelin throw,3,126366,126607
710,9921,activitynet~v_v-YKnFqX_L0,zeroshot,Running a marathon,3,126609,126725
711,9922,activitynet~v_v-YKnFqX_L0,zeroshot,Running a marathon,3,126727,126887
712,9972,activitynet~v_wmrrBnxbHjk,indomain,Table soccer,3,126889,127036
713,9973,activitynet~v_wmrrBnxbHjk,indomain,Table soccer,0,127038,127214
714,9985,activitynet~v_xDD9rWISPpk,indomain,Powerbocking,0,127216,127310
715,10021,activitynet~v_xsdrqauYhJs,indomain,Baking cookies,2,127312,127515
716,10022,activitynet~v_xsdrqauYhJs,indomain,Baking cookies,1,127517,127692
717,10083,activitynet~v_-5K3KZ6fHuI,indomain,Snow tubing,3,127694,127827
718,10139,activitynet~v_-pLiSHAz4fo,indomain,Using the rowing machine,3,127829,127945
719,10141,activitynet~v_-pLiSHAz4fo,indomain,Using the rowing machine,2,127947,128125
720,10150,activitynet~v_-v-Zail6TNw,zeroshot,Playing harmonica,1,128127,128296
721,10152,activitynet~v_-vKXPND_mD8,indomain,Camel ride,0,128298,128390
722,10153,activitynet~v_-vKXPND_mD8,indomain,Camel ride,3,128392,128520
723,10173,activitynet~v_0AjYz-s4Rek,zeroshot,Ice fishing,1,128522,128672
724,10175,activitynet~v_0AjYz-s4Rek,zeroshot,Ice fishing,3,128674,128915
725,10218,activitynet~v_0vJfctL116Y,indomain,Preparing salad,0,128917,129078
726,10220,activitynet~v_0vJfctL116Y,indomain,Preparing salad,1,129080,129249
727,10221,activitynet~v_0vJfctL116Y,indomain,Preparing salad,3,129251,129408
728,10222,activitynet~v_0vJfctL116Y,indomain,Preparing salad,2,129410,129632
729,10223,activitynet~v_0vJfctL116Y,indomain,Preparing salad,3,129634,129801
730,10224,activitynet~v_0vJfctL116Y,indomain,Preparing salad,3,129803,129979
731,10242,activitynet~v_1BfYAuxv6Wk,indomain,Mixing drinks,0,129981,130090
732,10243,activitynet~v_1BfYAuxv6Wk,indomain,Mixing drinks,2,130092,130254
733,10245,activitynet~v_1BfYAuxv6Wk,indomain,Mixing drinks,1,130256,130414
734,10246,activitynet~v_1BfYAuxv6Wk,indomain,Mixing drinks,3,130416,130618
735,10314,activitynet~v_2FjaU9wfxaU,indomain,Grooming dog,2,130620,130837
736,10315,activitynet~v_2I9xymLVssI,indomain,Roof shingle removal,2,130839,130945
737,10319,activitynet~v_2I9xymLVssI,indomain,Roof shingle removal,0,130947,131075
738,10320,activitynet~v_2I9xymLVssI,indomain,Roof shingle removal,0,131077,131190
739,10321,activitynet~v_2I9xymLVssI,indomain,Roof shingle removal,1,131192,131340
740,10338,activitynet~v_2Ot4ZPYpNwI,zeroshot,Playing harmonica,0,131342,131435
741,10416,activitynet~v_3LrLgh2rlAM,zeroshot,Clean and jerk,2,131437,131583
742,10442,activitynet~v_3fAVDJyrSQs,indomain,Chopping wood,3,131585,131730
743,10443,activitynet~v_3fAVDJyrSQs,indomain,Chopping wood,1,131732,131893
744,10453,activitynet~v_3rqesp6F95Q,indomain,Table soccer,2,131895,132087
745,10535,activitynet~v_5CtecK635eI,zeroshot,Clean and jerk,3,132089,132256
746,10537,activitynet~v_5CtecK635eI,zeroshot,Clean and jerk,3,132258,132463
747,10552,activitynet~v_5JkN8t5k0jU,zeroshot,Clean and jerk,2,132465,132655
748,10553,activitynet~v_5JkN8t5k0jU,zeroshot,Clean and jerk,0,132657,132922
749,10559,activitynet~v_5MpJCKOxRVs,indomain,Fixing bicycle,2,132924,133118
750,10587,activitynet~v_5gBRDguUe8U,indomain,Assembling bicycle,2,133120,133297
751,10605,activitynet~v_5vlGKyxl22M,zeroshot,Running a marathon,1,133299,133446
752,10606,activitynet~v_5vlGKyxl22M,zeroshot,Running a marathon,3,133448,133663
753,10607,activitynet~v_5vlGKyxl22M,zeroshot,Running a marathon,1,133665,133843
754,10635,activitynet~v_6Ik0MQ53FBU,indomain,Playing beach volleyball,3,133845,134067
755,10637,activitynet~v_6QImnhUemH0,indomain,Mooping floor,2,134069,134194
756,10638,activitynet~v_6QImnhUemH0,indomain,Mooping floor,3,134196,134398
757,10639,activitynet~v_6QImnhUemH0,indomain,Mooping floor,1,134400,134568
758,10649,activitynet~v_6aj1njn541k,indomain,Getting a piercing,3,134570,134699
759,10650,activitynet~v_6aj1njn541k,indomain,Getting a piercing,1,134701,134848
760,10659,activitynet~v_6fI4gF_2VCk,indomain,Smoking a cigarette,1,134850,135024
761,10666,activitynet~v_6k5m4u5AchQ,zeroshot,Ice fishing,2,135026,135253
762,10667,activitynet~v_6k5m4u5AchQ,zeroshot,Ice fishing,0,135255,135517
763,10668,activitynet~v_6k5m4u5AchQ,zeroshot,Ice fishing,3,135519,135795
764,10669,activitynet~v_6k5m4u5AchQ,zeroshot,Ice fishing,3,135797,135919
765,10670,activitynet~v_6k5m4u5AchQ,zeroshot,Ice fishing,1,135921,136124
766,10671,activitynet~v_6k5m4u5AchQ,zeroshot,Ice fishing,1,136126,136324
767,10673,activitynet~v_6kUeZVukTEI,zeroshot,High jump,1,136326,136519
768,10691,activitynet~v_73zt29iKyL4,zeroshot,Ice fishing,3,136521,136747
769,10698,activitynet~v_76tyabobb_0,zeroshot,Having an ice cream,2,136749,136869
770,10699,activitynet~v_76tyabobb_0,zeroshot,Having an ice cream,1,136871,137041
771,10732,activitynet~v_7_5VT6QCqNI,indomain,Blow-drying hair,0,137043,137221
772,10733,activitynet~v_7_5VT6QCqNI,indomain,Blow-drying hair,3,137223,137394
773,10738,activitynet~v_7c5vvEn3uLk,indomain,Calf roping,2,137396,137633
774,10739,activitynet~v_7c5vvEn3uLk,indomain,Calf roping,0,137635,137996
775,10740,activitynet~v_7c5vvEn3uLk,indomain,Calf roping,2,137998,138336
776,10741,activitynet~v_7c5vvEn3uLk,indomain,Calf roping,0,138338,138602
777,10742,activitynet~v_7c5vvEn3uLk,indomain,Calf roping,1,138604,138957
778,10748,activitynet~v_7hEUl8lziZs,indomain,Laying tile,1,138959,139117
779,10749,activitynet~v_7iuU-zsauOY,indomain,Scuba diving,1,139119,139298
780,10750,activitynet~v_7iuU-zsauOY,indomain,Scuba diving,0,139300,139570
781,10761,activitynet~v_7xLL5okHSIU,indomain,Raking leaves,0,139572,139774
782,10763,activitynet~v_7xLL5okHSIU,indomain,Raking leaves,3,139776,140023
783,10823,activitynet~v_8eMjzrhxv2U,zeroshot,Ice fishing,3,140025,140114
784,10824,activitynet~v_8eMjzrhxv2U,zeroshot,Ice fishing,0,140116,140243
785,10825,activitynet~v_8eMjzrhxv2U,zeroshot,Ice fishing,2,140245,140383
786,10826,activitynet~v_8eMjzrhxv2U,zeroshot,Ice fishing,0,140385,140515
787,10827,activitynet~v_8gKV8f3qSOg,zeroshot,Washing face,3,140517,140682
788,10865,activitynet~v_96kej9yK8To,zeroshot,Playing violin,1,140684,140846
789,10866,activitynet~v_96kej9yK8To,zeroshot,Playing violin,2,140848,141062
790,10868,activitynet~v_96kej9yK8To,zeroshot,Playing violin,0,141064,141278
791,10890,activitynet~v_9YnYdsmjkIY,zeroshot,Playing harmonica,2,141280,141635
792,10894,activitynet~v_9ZQY-ZfimYo,indomain,Rock climbing,2,141637,141880
793,10945,activitynet~v_A6DBt7UgWEg,indomain,Playing badminton,3,141882,142124
794,10974,activitynet~v_ATBbNtNlBnY,zeroshot,Sharpening knives,1,142126,142275
795,10996,activitynet~v_An_CpsJkJMM,zeroshot,Washing face,0,142277,142429
796,11021,activitynet~v_BFrsZmuj4Ns,indomain,Capoeira,1,142431,142640
797,11025,activitynet~v_BKrUkWSo4Ig,zeroshot,Playing violin,0,142642,142824
798,11043,activitynet~v_BUqr7or97JA,indomain,Arm wrestling,2,142826,142964
799,11051,activitynet~v_BdKxwCdax_w,indomain,Breakdancing,2,142966,143124
800,11070,activitynet~v_Bri_myFFu4A,zeroshot,Playing violin,0,143126,143218
801,11071,activitynet~v_Bri_myFFu4A,zeroshot,Playing violin,3,143220,143371
802,11072,activitynet~v_Bri_myFFu4A,zeroshot,Playing violin,3,143373,143515
803,11073,activitynet~v_Bri_myFFu4A,zeroshot,Playing violin,3,143517,143667
804,11123,activitynet~v_CmEQjszPDrg,zeroshot,Running a marathon,2,143669,143959
805,11165,activitynet~v_D5hsFA2ZrIQ,indomain,Trimming branches or hedges,0,143961,144036
806,11177,activitynet~v_D9eo9NfFhkg,zeroshot,Having an ice cream,2,144038,144136
807,11180,activitynet~v_D9eo9NfFhkg,zeroshot,Having an ice cream,2,144138,144272
808,11181,activitynet~v_D9eo9NfFhkg,zeroshot,Having an ice cream,0,144274,144527
809,11188,activitynet~v_DF9CGVGiKXY,indomain,Rope skipping,2,144529,144615
810,11189,activitynet~v_DF9CGVGiKXY,indomain,Rope skipping,2,144617,144754
811,11198,activitynet~v_DOfpOkDHe_8,indomain,Doing karate,3,144756,144997
812,11199,activitynet~v_DOfpOkDHe_8,indomain,Doing karate,3,144999,145386
813,11200,activitynet~v_DOfpOkDHe_8,indomain,Doing karate,1,145388,145719
814,11265,activitynet~v_EOradtej9GU,indomain,Skiing,2,145721,145853
815,11267,activitynet~v_EOradtej9GU,indomain,Skiing,3,145855,146077
816,11287,activitynet~v_Eeq-noKrGwY,zeroshot,Gargling mouthwash,2,146079,146198
817,11290,activitynet~v_EmM2yXiiz5c,zeroshot,Running a marathon,0,146200,146459
818,11292,activitynet~v_EmM2yXiiz5c,zeroshot,Running a marathon,3,146461,146709
819,11312,activitynet~v_F1MKU9-yXg0,indomain,Spread mulch,3,146711,146898
820,11313,activitynet~v_F1MKU9-yXg0,indomain,Spread mulch,1,146900,147162
821,11342,activitynet~v_FNX7CeuIvIQ,indomain,Disc dog,1,147164,147247
822,11343,activitynet~v_FNX7CeuIvIQ,indomain,Disc dog,0,147249,147403
823,11346,activitynet~v_FRag7CCTP4k,zeroshot,High jump,0,147405,147579
824,11348,activitynet~v_FRzN9ApCxW8,zeroshot,Cutting the grass,2,147581,147778
825,11368,activitynet~v_Fi_ja3Urdtg,indomain,Mixing drinks,3,147780,147919
826,11385,activitynet~v_FpxVS1Xpl1U,indomain,Plataform diving,3,147921,148072
827,11386,activitynet~v_FpxVS1Xpl1U,indomain,Plataform diving,3,148074,148262
828,11405,activitynet~v_G2soQTiGL10,indomain,Preparing pasta,2,148264,148531
829,11411,activitynet~v_G6W6wen6n7w,zeroshot,High jump,0,148533,148696
830,11421,activitynet~v_GBdj6erXjDM,zeroshot,Having an ice cream,1,148698,148818
831,11422,activitynet~v_GBdj6erXjDM,zeroshot,Having an ice cream,0,148820,149002
832,11428,activitynet~v_GJz8FEFB70w,zeroshot,Clean and jerk,2,149004,149088
833,11435,activitynet~v_GWRqx0obKzA,indomain,River tubing,2,149090,149248
834,11437,activitynet~v_GWRqx0obKzA,indomain,River tubing,0,149250,149466
835,11438,activitynet~v_GWRqx0obKzA,indomain,River tubing,1,149468,149606
836,11504,activitynet~v_HeHQxObROwQ,indomain,Shaving legs,2,149608,149812
837,11506,activitynet~v_HeMpg3SAUUs,zeroshot,Washing face,3,149814,149932
838,11507,activitynet~v_HeMpg3SAUUs,zeroshot,Washing face,2,149934,150102
839,11533,activitynet~v_HwM3ionUBsg,indomain,Using uneven bars,2,150104,150328
840,11545,activitynet~v_I-C_fOUaknA,indomain,Laying tile,3,150330,150475
841,11549,activitynet~v_I4B52tt3mNM,zeroshot,Gargling mouthwash,3,150477,150702
842,11580,activitynet~v_ILwwD00q1ZY,indomain,Painting furniture,1,150704,150880
843,11581,activitynet~v_ILwwD00q1ZY,indomain,Painting furniture,3,150882,151141
844,11624,activitynet~v_Ix2vIutdeNQ,zeroshot,Gargling mouthwash,1,151143,151255
845,11626,activitynet~v_Ix2vIutdeNQ,zeroshot,Gargling mouthwash,3,151257,151401
846,11634,activitynet~v_J8WxSDLZwu0,indomain,Hurling,3,151403,151518
847,11652,activitynet~v_JSDZWq777Mc,zeroshot,Cutting the grass,3,151520,151671
848,11734,activitynet~v_Kbr2nr94EB0,zeroshot,Layup drill in basketball,3,151673,151771
849,11766,activitynet~v_L9gznB55hhE,indomain,Starting a campfire,3,151773,151966
850,11783,activitynet~v_LNlGgtg70uQ,indomain,Mixing drinks,2,151968,152226
851,11784,activitynet~v_LNlGgtg70uQ,indomain,Mixing drinks,1,152228,152496
852,11822,activitynet~v_Lmne5ZF0McI,indomain,Powerbocking,3,152498,152602
853,11858,activitynet~v_MEbEcvzdytY,indomain,Elliptical trainer,1,152604,152773
854,11859,activitynet~v_MEbEcvzdytY,indomain,Elliptical trainer,1,152775,153009
855,11860,activitynet~v_MEbEcvzdytY,indomain,Elliptical trainer,2,153011,153228
856,11861,activitynet~v_MEbEcvzdytY,indomain,Elliptical trainer,1,153230,153486
857,11862,activitynet~v_MEbEcvzdytY,indomain,Elliptical trainer,3,153488,153629
858,11877,activitynet~v_MNSDK-vCwTM,zeroshot,Gargling mouthwash,2,153631,153835
859,11904,activitynet~v_MZ4yIxM6snw,indomain,Plastering,0,153837,154044
860,11905,activitynet~v_MZ4yIxM6snw,indomain,Plastering,2,154046,154263
861,11918,activitynet~v_MbCIH5bay4Q,zeroshot,High jump,2,154265,154410
862,11920,activitynet~v_Mcutz37Bowg,indomain,Wrapping presents,0,154412,154529
863,11921,activitynet~v_Mcutz37Bowg,indomain,Wrapping presents,0,154531,154713
864,11931,activitynet~v_MkL-tApJgXc,indomain,Drinking coffee,1,154715,154990
865,11932,activitynet~v_MkL-tApJgXc,indomain,Drinking coffee,1,154992,155283
866,11933,activitynet~v_MkL-tApJgXc,indomain,Drinking coffee,1,155285,155449
867,11948,activitynet~v_MlkXsUDCoww,zeroshot,Cutting the grass,1,155451,155612
868,11949,activitynet~v_MlxMV7WH9-g,indomain,Baking cookies,3,155614,155809
869,11950,activitynet~v_MlxMV7WH9-g,indomain,Baking cookies,2,155811,156007
870,12020,activitynet~v_NyL7m4JV8vQ,zeroshot,High jump,2,156009,156142
871,12024,activitynet~v_NzL_uQyQjIw,indomain,Wakeboarding,0,156144,156258
872,12028,activitynet~v_NzL_uQyQjIw,indomain,Wakeboarding,2,156260,156504
873,12034,activitynet~v_O9qI26TB3R0,indomain,Bathing dog,1,156506,156695
874,12080,activitynet~v_Oj_PLXsWxL4,zeroshot,Clean and jerk,1,156697,157057
875,12081,activitynet~v_Oj_PLXsWxL4,zeroshot,Clean and jerk,0,157059,157299
876,12084,activitynet~v_OkEqcSlWMJg,indomain,Swimming,0,157301,157609
877,12110,activitynet~v_P14X14uarj0,zeroshot,Layup drill in basketball,3,157611,157814
878,12125,activitynet~v_PHIZza_xVog,indomain,Applying sunscreen,2,157816,157936
879,12131,activitynet~v_PKdQIdYuXo8,zeroshot,Playing harmonica,2,157938,158133
880,12146,activitynet~v_PVAHm5MjHdw,indomain,Baton twirling,2,158135,158342
881,12199,activitynet~v_Pyf_5Bffu5A,indomain,Beach soccer,3,158344,158535
882,12215,activitynet~v_Q9UovyMsTLc,indomain,Making a cake,3,158537,158755
883,12216,activitynet~v_Q9UovyMsTLc,indomain,Making a cake,3,158757,159071
884,12222,activitynet~v_QE80ROTC_fI,indomain,Disc dog,2,159073,159240
885,12223,activitynet~v_QE80ROTC_fI,indomain,Disc dog,2,159242,159483
886,12269,activitynet~v_QeH6IOAjy-4,zeroshot,Clean and jerk,3,159485,159746
887,12293,activitynet~v_Qwj7f4vqveo,zeroshot,Gargling mouthwash,2,159748,159835
888,12295,activitynet~v_Qwj7f4vqveo,zeroshot,Gargling mouthwash,1,159837,159995
889,12296,activitynet~v_Qwj7f4vqveo,zeroshot,Gargling mouthwash,0,159997,160150
890,12297,activitynet~v_Qwj7f4vqveo,zeroshot,Gargling mouthwash,0,160152,160319
891,12298,activitynet~v_Qwj7f4vqveo,zeroshot,Gargling mouthwash,1,160321,160455
892,12303,activitynet~v_R586XlFT7Go,zeroshot,Running a marathon,0,160457,160647
893,12406,activitynet~v_Rvqu079gCh0,indomain,Longboarding,0,160649,160744
894,12408,activitynet~v_Rvqu079gCh0,indomain,Longboarding,1,160746,160896
895,12441,activitynet~v_SIX51vtOOek,zeroshot,Cutting the grass,2,160898,161052
896,12442,activitynet~v_SIX51vtOOek,zeroshot,Cutting the grass,0,161054,161225
897,12443,activitynet~v_SIX51vtOOek,zeroshot,Cutting the grass,2,161227,161500
898,12457,activitynet~v_SQncxXAlBFE,zeroshot,Clean and jerk,3,161502,161651
899,12482,activitynet~v_Scjxbdh6b54,indomain,Hand car wash,1,161653,161896
900,12496,activitynet~v_ShozMaLUS20,indomain,Raking leaves,1,161898,161981
901,12497,activitynet~v_ShozMaLUS20,indomain,Raking leaves,3,161983,162108
902,12510,activitynet~v_SmBEf-g82Ew,indomain,Plastering,0,162110,162379
903,12512,activitynet~v_SnBTp7iV2kE,indomain,Playing pool,1,162381,162520
904,12513,activitynet~v_SnBTp7iV2kE,indomain,Playing pool,1,162522,162705
905,12534,activitynet~v_T0wmRC8Ka2Y,indomain,Playing beach volleyball,0,162707,162816
906,12583,activitynet~v_TrFoFWXLMFg,indomain,Shaving legs,0,162818,162978
907,12585,activitynet~v_U2aNQHCnVfI,zeroshot,Playing violin,2,162980,163223
908,12587,activitynet~v_U2aNQHCnVfI,zeroshot,Playing violin,1,163225,163499
909,12589,activitynet~v_U2aNQHCnVfI,zeroshot,Playing violin,0,163501,163688
910,12596,activitynet~v_U7x4eGLBITE,indomain,Snow tubing,3,163690,163915
911,12597,activitynet~v_U7x4eGLBITE,indomain,Snow tubing,3,163917,164101
912,12598,activitynet~v_U7x4eGLBITE,indomain,Snow tubing,2,164103,164359
913,12624,activitynet~v_UNPQdg_tWh4,indomain,Croquet,0,164361,164599
914,12712,activitynet~v_VCg6_fuipp8,zeroshot,High jump,2,164601,164811
915,12741,activitynet~v_Vfb3LmFDols,indomain,BMX,0,164813,164930
916,12751,activitynet~v_Vp63nbOfxgs,zeroshot,Playing violin,1,164932,165262
917,12793,activitynet~v_WSaGZOdrjtM,zeroshot,High jump,2,165264,165432
918,12824,activitynet~v_Wi9bm9omdoM,indomain,Rock-paper-scissors,3,165434,165669
919,12836,activitynet~v_WmQC309JCAI,indomain,Hurling,3,165671,165853
920,12837,activitynet~v_WmQC309JCAI,indomain,Hurling,2,165855,166037
921,12838,activitynet~v_WmQC309JCAI,indomain,Hurling,2,166039,166316
922,12860,activitynet~v_X7-1DRvX-LU,indomain,Wrapping presents,2,166318,166435
923,12861,activitynet~v_X7-1DRvX-LU,indomain,Wrapping presents,1,166437,166612
924,12865,activitynet~v_XFySa1Gc-yM,indomain,Removing curlers,0,166614,166805
925,12878,activitynet~v_XQ0_P0LpCFM,indomain,Hurling,3,166807,167067
926,12967,activitynet~v_YVSD611Zpvo,indomain,Cleaning windows,2,167069,167228
927,12970,activitynet~v_YVbMt3qsB3o,indomain,Shot put,2,167230,167464
928,12994,activitynet~v_Ye6_xb7h7jc,indomain,Decorating the Christmas tree,2,167466,167631
929,13018,activitynet~v_YtPZMBePf5c,zeroshot,Having an ice cream,3,167633,167823
930,13032,activitynet~v_Z8QrA66UVzI,indomain,Cleaning windows,2,167825,168040
931,13087,activitynet~v_ZdgWC6Jk2Nk,indomain,Spread mulch,3,168042,168197
932,13092,activitynet~v_Zf3RcqHO82M,indomain,Tango,1,168199,168287
933,13122,activitynet~v_ZwIu2pPxB3Y,indomain,Elliptical trainer,2,168289,168482
934,13160,activitynet~v__W8m7v1Ir5I,zeroshot,Running a marathon,1,168484,168736
935,13255,activitynet~v_aT-0XxCqV5E,indomain,Long jump,0,168738,168943
936,13263,activitynet~v_aYfWH960W0Q,zeroshot,Running a marathon,2,168945,169173
937,13277,activitynet~v_aeEMrTpNUss,indomain,Using parallel bars,0,169175,169392
938,13279,activitynet~v_afrMWrFkgDg,zeroshot,Having an ice cream,1,169394,169512
939,13281,activitynet~v_afrMWrFkgDg,zeroshot,Having an ice cream,2,169514,169685
940,13282,activitynet~v_agX22QLvOcU,zeroshot,Layup drill in basketball,0,169687,169811
941,13290,activitynet~v_assDWZW6zTA,zeroshot,Layup drill in basketball,0,169813,170024
942,13297,activitynet~v_avJNxcysMCk,zeroshot,Running a marathon,2,170026,170207
943,13358,activitynet~v_bhAVJ2uUw0U,zeroshot,Washing face,1,170209,170390
944,13408,activitynet~v_c-TD6-GESQk,zeroshot,Clean and jerk,3,170392,170462
945,13428,activitynet~v_c8iet_4ndU0,indomain,Using uneven bars,1,170464,170610
946,13435,activitynet~v_cS19K2310Lc,indomain,Braiding hair,0,170612,170722
947,13436,activitynet~v_cS19K2310Lc,indomain,Braiding hair,2,170724,170922
948,13460,activitynet~v_cnFw7hjmqJY,zeroshot,Layup drill in basketball,1,170924,171110
949,13461,activitynet~v_cnFw7hjmqJY,zeroshot,Layup drill in basketball,1,171112,171389
950,13485,activitynet~v_dN9ZPc7NMVQ,zeroshot,Washing face,0,171391,171606
951,13508,activitynet~v_dc9m-G9CKmQ,zeroshot,Sharpening knives,0,171608,171737
952,13509,activitynet~v_dc9m-G9CKmQ,zeroshot,Sharpening knives,2,171739,171932
953,13511,activitynet~v_dc9m-G9CKmQ,zeroshot,Sharpening knives,0,171934,172122
954,13524,activitynet~v_diBZlwUO8rc,zeroshot,Sharpening knives,0,172124,172291
955,13538,activitynet~v_dtT0BzjTStw,zeroshot,Layup drill in basketball,0,172293,172438
956,13560,activitynet~v_e0-lO2jb8vo,indomain,Baton twirling,0,172440,172542
957,13610,activitynet~v_eZdao9O8jrw,zeroshot,Washing face,0,172544,172614
958,13611,activitynet~v_eZdao9O8jrw,zeroshot,Washing face,2,172616,172755
959,13636,activitynet~v_eudqfH7Vz_c,indomain,Croquet,1,172757,172939
960,13653,activitynet~v_ez9uLqGV7AA,indomain,Longboarding,0,172941,173059
961,13698,activitynet~v_g8Yx4qWzNH0,zeroshot,Clean and jerk,3,173061,173144
962,13700,activitynet~v_g8Yx4qWzNH0,zeroshot,Clean and jerk,3,173146,173266
963,13712,activitynet~v_gHk4mjlJ5cg,indomain,Rope skipping,3,173268,173398
964,13775,activitynet~v_gqJE_SZyoIc,indomain,Elliptical trainer,3,173400,173482
965,13776,activitynet~v_gxuere-ofCU,zeroshot,Playing harmonica,2,173484,173628
966,13803,activitynet~v_hMUoeOFmquI,zeroshot,Running a marathon,1,173630,173977
967,13873,activitynet~v_iOpoR0UeJNg,indomain,Using uneven bars,3,173979,174152
968,13874,activitynet~v_iOpoR0UeJNg,indomain,Using uneven bars,1,174154,174386
969,13877,activitynet~v_iPXyExgGD5Q,zeroshot,Gargling mouthwash,1,174388,174548
970,13911,activitynet~v_iyGv338SnrQ,zeroshot,Playing harmonica,1,174550,174718
971,13921,activitynet~v_j4EFi_NoEbQ,indomain,Skateboarding,2,174720,174824
972,13948,activitynet~v_jUPbimyUndA,zeroshot,Having an ice cream,2,174826,174944
973,13949,activitynet~v_jUPbimyUndA,zeroshot,Having an ice cream,0,174946,175138
974,13998,activitynet~v_kH8o0M69KGc,zeroshot,Clean and jerk,2,175140,175286
975,13999,activitynet~v_kH8o0M69KGc,zeroshot,Clean and jerk,3,175288,175491
976,14075,activitynet~v_lHnSteuHdZ4,zeroshot,Ice fishing,3,175493,175694
977,14076,activitynet~v_lHnSteuHdZ4,zeroshot,Ice fishing,0,175696,175852
978,14078,activitynet~v_lHnSteuHdZ4,zeroshot,Ice fishing,2,175854,176067
979,14092,activitynet~v_lUrHCNqVl-A,indomain,Discus throw,0,176069,176266
980,14093,activitynet~v_lUrHCNqVl-A,indomain,Discus throw,1,176268,176504
981,14141,activitynet~v_lzcVvTHZlQo,indomain,Arm wrestling,1,176506,176691
982,14156,activitynet~v_mBAlD4A8swo,indomain,Spinning,0,176693,176761
983,14157,activitynet~v_mBAlD4A8swo,indomain,Spinning,1,176763,176878
984,14248,activitynet~v_n9MONPwq7x0,indomain,Tennis serve with ball bouncing,3,176880,177037
985,14250,activitynet~v_n9MONPwq7x0,indomain,Tennis serve with ball bouncing,3,177039,177309
986,14251,activitynet~v_n9MONPwq7x0,indomain,Tennis serve with ball bouncing,3,177311,177490
987,14252,activitynet~v_n9MONPwq7x0,indomain,Tennis serve with ball bouncing,1,177492,177735
988,14253,activitynet~v_n9MONPwq7x0,indomain,Tennis serve with ball bouncing,2,177737,177886
989,14285,activitynet~v_ni6VySdH0XY,zeroshot,Sharpening knives,1,177888,177986
990,14305,activitynet~v_oJ9BFy1KNlY,zeroshot,Clean and jerk,3,177988,178175
991,14306,activitynet~v_oJ9BFy1KNlY,zeroshot,Clean and jerk,2,178177,178449
992,14307,activitynet~v_oJ9BFy1KNlY,zeroshot,Clean and jerk,3,178451,178704
993,14317,activitynet~v_oT42qP2zIXo,zeroshot,Sharpening knives,3,178706,179102
994,14385,activitynet~v_pMXz0BKQOLQ,zeroshot,Having an ice cream,1,179104,179233
995,14387,activitynet~v_pMXz0BKQOLQ,zeroshot,Having an ice cream,1,179235,179384
996,14388,activitynet~v_pQof_-tUNtY,indomain,Wrapping presents,1,179386,179462
997,14389,activitynet~v_pQof_-tUNtY,indomain,Wrapping presents,1,179464,179598
998,14390,activitynet~v_pQof_-tUNtY,indomain,Wrapping presents,1,179600,179757
999,14401,activitynet~v_pYb8jzB5vs0,indomain,Scuba diving,2,179759,179976
1000,14423,activitynet~v_puwMWETdvL0,indomain,Carving jack-o-lanterns,1,179978,180098
1001,14424,activitynet~v_puwMWETdvL0,indomain,Carving jack-o-lanterns,3,180100,180237
1002,14429,activitynet~v_pw0A0Uv2TZM,zeroshot,Washing face,2,180239,180360
1003,14433,activitynet~v_pwoy7UXdnAE,indomain,Disc dog,2,180362,180500
1004,14442,activitynet~v_q8TBL7DBgXY,indomain,Rollerblading,2,180502,180705
1005,14445,activitynet~v_qBvQjv1XyfQ,indomain,Using uneven bars,1,180707,180911
1006,14446,activitynet~v_qBvQjv1XyfQ,indomain,Using uneven bars,1,180913,181117
1007,14451,activitynet~v_qHu0fz_anTQ,indomain,Wrapping presents,1,181119,181253
1008,14452,activitynet~v_qHu0fz_anTQ,indomain,Wrapping presents,2,181255,181455
1009,14519,activitynet~v_r10jGF9lQYM,zeroshot,Ice fishing,3,181457,181664
1010,14551,activitynet~v_rC24UspQv14,indomain,Hitting a pinata,1,181666,181820
1011,14553,activitynet~v_rC24UspQv14,indomain,Hitting a pinata,3,181822,181999
1012,14561,activitynet~v_rLH89pN9I84,indomain,Walking the dog,0,182001,182072
1013,14562,activitynet~v_rLH89pN9I84,indomain,Walking the dog,3,182074,182189
1014,14580,activitynet~v_ral5Oaib_vk,zeroshot,Playing harmonica,2,182191,182337
1015,14583,activitynet~v_ral5Oaib_vk,zeroshot,Playing harmonica,3,182339,182529
1016,14586,activitynet~v_rcpsp52nguY,indomain,Shoveling snow,0,182531,182626
1017,14587,activitynet~v_rcpsp52nguY,indomain,Shoveling snow,0,182628,182783
1018,14588,activitynet~v_rcpsp52nguY,indomain,Shoveling snow,3,182785,182920
1019,14590,activitynet~v_rcpsp52nguY,indomain,Shoveling snow,3,182922,183129
1020,14629,activitynet~v_s84BStnbfK8,indomain,Playing squash,1,183131,183255
1021,14694,activitynet~v_sanasW2azw4,indomain,Mowing the lawn,0,183257,183431
1022,14702,activitynet~v_sicaCRRCkiY,indomain,Baking cookies,1,183433,183642
1023,14709,activitynet~v_ssies4ErWus,indomain,Hand washing clothes,2,183644,183731
1024,14752,activitynet~v_tTIsHfF0UgA,zeroshot,Having an ice cream,2,183733,183873
1025,14773,activitynet~v_ttsZ4M-AKgY,indomain,Longboarding,3,183875,184097
1026,14801,activitynet~v_uIl5Tj74sLw,zeroshot,Washing face,0,184099,184202
1027,14802,activitynet~v_uIl5Tj74sLw,zeroshot,Washing face,1,184204,184363
1028,14803,activitynet~v_uIl5Tj74sLw,zeroshot,Washing face,3,184365,184562
1029,14843,activitynet~v_uxRBnIWE79s,indomain,Doing fencing,3,184564,184866
1030,14845,activitynet~v_uxRBnIWE79s,indomain,Doing fencing,2,184868,185148
1031,14856,activitynet~v_vEiQlqCy-rI,indomain,Futsal,2,185150,185335
1032,14857,activitynet~v_vEiQlqCy-rI,indomain,Futsal,3,185337,185530
1033,14876,activitynet~v_vbLxVuLLPek,indomain,Playing bagpipes,2,185532,185681
1034,14877,activitynet~v_vbLxVuLLPek,indomain,Playing bagpipes,1,185683,185890
1035,14925,activitynet~v_wEI_iPEfLNk,zeroshot,Washing face,2,185892,186044
1036,14926,activitynet~v_wEI_iPEfLNk,zeroshot,Washing face,0,186046,186273
1037,14948,activitynet~v_wiflxvRl04M,zeroshot,Gargling mouthwash,0,186275,186495
1038,14956,activitynet~v_woRQ2JxcVHA,indomain,Playing saxophone,2,186497,186612
1039,15003,activitynet~v_xKDHIyd_tWA,indomain,Rope skipping,0,186614,186700
1040,15004,activitynet~v_xKDHIyd_tWA,indomain,Rope skipping,0,186702,186883
1041,15007,activitynet~v_xOTW_-tiEjY,zeroshot,Having an ice cream,2,186885,186969
1042,15017,activitynet~v_x_BIktHkEc4,zeroshot,Playing harmonica,0,186971,187162
1043,15025,activitynet~v_xeOHoiH-dmo,indomain,Fixing the roof,0,187164,187356
1044,15034,activitynet~v_xhyCKLKaG0c,indomain,Rock-paper-scissors,0,187358,187571
1045,15043,activitynet~v_xpmXZBpYrM0,indomain,Shaving legs,0,187573,187738
1046,15044,activitynet~v_xpmXZBpYrM0,indomain,Shaving legs,0,187740,188069
1047,15054,activitynet~v_xwSeXFkTNlE,indomain,Using the pommel horse,0,188071,188324
1048,15059,activitynet~v_y1F_Hzpux48,zeroshot,Ice fishing,3,188326,188426
1049,15060,activitynet~v_y1F_Hzpux48,zeroshot,Ice fishing,0,188428,188608
1050,15063,activitynet~v_y3Wfx-RvTpk,zeroshot,Layup drill in basketball,0,188610,188695
1051,15064,activitynet~v_y3Wfx-RvTpk,zeroshot,Layup drill in basketball,2,188697,188822
1052,15065,activitynet~v_y3Wfx-RvTpk,zeroshot,Layup drill in basketball,2,188824,188994
1053,15107,activitynet~v_yN3e-giBxns,indomain,Calf roping,0,188996,189220
1054,15109,activitynet~v_yOKDaH8Go0A,indomain,Painting furniture,1,189222,189367
1055,15113,activitynet~v_yVQBdK8VQ_I,zeroshot,Gargling mouthwash,3,189369,189527
1056,15114,activitynet~v_yVQBdK8VQ_I,zeroshot,Gargling mouthwash,1,189529,189784
1057,15115,activitynet~v_yVQBdK8VQ_I,zeroshot,Gargling mouthwash,0,189786,189972
1058,15117,activitynet~v_yaWwad6WXVY,zeroshot,Layup drill in basketball,0,189974,190176
1059,15125,activitynet~v_yauw3CrvbtY,indomain,Plataform diving,0,190178,190355
1060,15159,activitynet~v_yrGietojx78,zeroshot,Cutting the grass,1,190357,190496
1061,15163,activitynet~v_yslzj3NGuLU,indomain,Removing ice from car,2,190498,190722
1062,15200,activitynet~v_z_ojmuWzMWo,indomain,Grooming dog,2,190724,190815
1063,15201,activitynet~v_z_ojmuWzMWo,indomain,Grooming dog,2,190817,190940
1064,15202,activitynet~v_z_ojmuWzMWo,indomain,Grooming dog,1,190942,191087
1065,15209,activitynet~v_zc-RT9tpoBA,zeroshot,Playing harmonica,3,191089,191160
1066,15210,activitynet~v_zc-RT9tpoBA,zeroshot,Playing harmonica,1,191162,191296
1067,15277,activitynet~v_-n0F3QTuxug,zeroshot,Washing face,0,191298,191393
1068,15278,activitynet~v_-n0F3QTuxug,zeroshot,Washing face,2,191395,191535
1069,15311,activitynet~v_0NgQr2-AieQ,zeroshot,Washing face,2,191537,191696
1070,15312,activitynet~v_0NgQr2-AieQ,zeroshot,Washing face,3,191698,191948
1071,15374,activitynet~v_2lUqeOw61QY,zeroshot,Layup drill in basketball,3,191950,192026
1072,15393,activitynet~v_3JcvtncHhLw,zeroshot,Running a marathon,3,192028,192186
1073,15410,activitynet~v_3cQg4XOkC5Y,indomain,Cheerleading,1,192188,192281
1074,15411,activitynet~v_3cQg4XOkC5Y,indomain,Cheerleading,0,192283,192465
1075,15441,activitynet~v_4Oug7S32B-4,zeroshot,Running a marathon,1,192467,192675
1076,15445,activitynet~v_4SSbyJ6pMuE,zeroshot,Playing violin,3,192677,192786
1077,15447,activitynet~v_4ZoBfU4b5Ko,indomain,Blow-drying hair,2,192788,192882
1078,15476,activitynet~v_5E2OdhrgG8s,zeroshot,Playing harmonica,3,192884,192991
1079,15557,activitynet~v_7AsHuXeoSpA,zeroshot,Washing face,2,192993,193131
1080,15582,activitynet~v_8Q-P5KEvXN0,indomain,Futsal,0,193133,193220
1081,15583,activitynet~v_8Q-P5KEvXN0,indomain,Futsal,1,193222,193357
1082,15640,activitynet~v_A0XGYLim9IU,indomain,Croquet,1,193359,193519
1083,15641,activitynet~v_A0XGYLim9IU,indomain,Croquet,3,193521,193762
1084,15697,activitynet~v_BH-kBRn84i8,zeroshot,Cutting the grass,2,193764,193943
1085,15714,activitynet~v_BWqsgYhgUbI,indomain,Starting a campfire,0,193945,194027
1086,15715,activitynet~v_BWqsgYhgUbI,indomain,Starting a campfire,2,194029,194154
1087,15716,activitynet~v_BgAiDS4fF_I,indomain,Doing crunches,0,194156,194419
1088,15717,activitynet~v_BgAiDS4fF_I,indomain,Doing crunches,3,194421,194673
1089,15727,activitynet~v_BwR1DPCVsP8,zeroshot,Layup drill in basketball,0,194675,194759
1090,15728,activitynet~v_BwR1DPCVsP8,zeroshot,Layup drill in basketball,3,194761,194914
1091,15750,activitynet~v_D0RDF1ez-8Y,indomain,Putting in contact lenses,3,194916,195123
1092,15751,activitynet~v_D0RDF1ez-8Y,indomain,Putting in contact lenses,2,195125,195319
1093,15768,activitynet~v_DWsO49YhWUI,zeroshot,Washing face,0,195321,195461
1094,15769,activitynet~v_DWsO49YhWUI,zeroshot,Washing face,2,195463,195672
1095,15772,activitynet~v_DZx2G-OZAPk,indomain,Playing piano,3,195674,195773
1096,15773,activitynet~v_DZx2G-OZAPk,indomain,Playing piano,0,195775,195926
1097,15781,activitynet~v_Dk3DiAp2yAU,indomain,Cleaning windows,2,195928,196102
1098,15789,activitynet~v_Dx4LpX-X9JY,zeroshot,Running a marathon,1,196104,196189
1099,15815,activitynet~v_EKfhRuD3x9s,indomain,Playing congas,1,196191,196287
1100,15817,activitynet~v_EKfhRuD3x9s,indomain,Playing congas,1,196289,196455
1101,15825,activitynet~v_EWWCQH6WbtQ,zeroshot,Having an ice cream,2,196457,196542
1102,15826,activitynet~v_EWWCQH6WbtQ,zeroshot,Having an ice cream,3,196544,196685
1103,15827,activitynet~v_EWWCQH6WbtQ,zeroshot,Having an ice cream,0,196687,196837
1104,15828,activitynet~v_EWWCQH6WbtQ,zeroshot,Having an ice cream,3,196839,196996
1105,15836,activitynet~v_EfjzkyLrnDg,indomain,Drinking beer,0,196998,197126
1106,15837,activitynet~v_El4QfhJ6RvE,indomain,Powerbocking,0,197128,197207
1107,15868,activitynet~v_G8OyFOhVGCI,indomain,Getting a piercing,1,197209,197346
1108,15880,activitynet~v_Gfsk28SzgXk,indomain,Waterskiing,1,197348,197504
1109,15881,activitynet~v_Gfsk28SzgXk,indomain,Waterskiing,2,197506,197712
1110,15923,activitynet~v_HzyTD2uZ8jI,indomain,Triple jump,3,197714,197921
1111,15924,activitynet~v_I5Q0DcmTs9c,zeroshot,Playing harmonica,0,197923,198029
1112,15925,activitynet~v_I5Q0DcmTs9c,zeroshot,Playing harmonica,1,198031,198208
1113,15927,activitynet~v_IJAR9ERJt4s,indomain,Playing bagpipes,3,198210,198403
1114,15930,activitynet~v_IN4nGNF9gi8,indomain,Getting a haircut,2,198405,198690
1115,16007,activitynet~v_KbEoaYhMZ6c,indomain,Installing carpet,2,198692,198798
1116,16008,activitynet~v_KbEoaYhMZ6c,indomain,Installing carpet,1,198800,199016
1117,16009,activitynet~v_KbEoaYhMZ6c,indomain,Installing carpet,1,199018,199216
1118,16014,activitynet~v_KwBuRjh_v9M,indomain,Getting a piercing,1,199218,199448
1119,16015,activitynet~v_KwBuRjh_v9M,indomain,Getting a piercing,2,199450,199603
1120,16016,activitynet~v_KyDcuYjDi_Y,indomain,Tumbling,2,199605,199683
1121,16017,activitynet~v_KyDcuYjDi_Y,indomain,Tumbling,0,199685,199812
1122,16033,activitynet~v_LB9-RIKxk6E,zeroshot,Running a marathon,2,199814,200049
1123,16051,activitynet~v_LYqfB7HsQwQ,zeroshot,Playing harmonica,3,200051,200252
1124,16078,activitynet~v_MMB5Cn3JCGI,zeroshot,High jump,1,200254,200377
1125,16087,activitynet~v_MYFVsllwDnc,zeroshot,Cutting the grass,3,200379,200537
1126,16120,activitynet~v_NBawYEfglow,zeroshot,Playing violin,0,200539,200689
1127,16121,activitynet~v_NCvNIKw4EZ4,indomain,Playing pool,3,200691,200781
1128,16167,activitynet~v_OqA83jGQtfg,zeroshot,Ice fishing,1,200783,200926
1129,16168,activitynet~v_OqA83jGQtfg,zeroshot,Ice fishing,3,200928,201161
1130,16169,activitynet~v_OqA83jGQtfg,zeroshot,Ice fishing,2,201163,201409
1131,16170,activitynet~v_OqA83jGQtfg,zeroshot,Ice fishing,1,201411,201658
1132,16173,activitynet~v_P2Fcv3cC8bI,indomain,Hanging wallpaper,0,201660,201790
1133,16174,activitynet~v_P2Fcv3cC8bI,indomain,Hanging wallpaper,1,201792,201998
1134,16203,activitynet~v_PsddM2OmOGo,indomain,Hanging wallpaper,1,202000,202085
1135,16204,activitynet~v_PsddM2OmOGo,indomain,Hanging wallpaper,3,202087,202223
1136,16208,activitynet~v_Q6uc1kl008o,zeroshot,Layup drill in basketball,2,202225,202360
1137,16265,activitynet~v_RjBXzs2XvbY,zeroshot,Sharpening knives,2,202362,202455
1138,16266,activitynet~v_RjBXzs2XvbY,zeroshot,Sharpening knives,1,202457,202597
1139,16267,activitynet~v_RjFoJggnfj4,indomain,Futsal,3,202599,202829
1140,16269,activitynet~v_RjFoJggnfj4,indomain,Futsal,0,202831,203046
1141,16288,activitynet~v_Sjx7K9Ybx9Q,zeroshot,Cutting the grass,1,203048,203154
1142,16289,activitynet~v_Sjx7K9Ybx9Q,zeroshot,Cutting the grass,3,203156,203296
1143,16294,activitynet~v_Snq0l-gKpWo,indomain,Doing a powerbomb,3,203298,203412
1144,16317,activitynet~v_T_q3f10pkOg,indomain,Playing water polo,0,203414,203664
1145,16318,activitynet~v_T_q3f10pkOg,indomain,Playing water polo,1,203666,204050
1146,16319,activitynet~v_TbLBu2TDey8,indomain,Disc dog,1,204052,204193
1147,16320,activitynet~v_TbLBu2TDey8,indomain,Disc dog,2,204195,204408
1148,16331,activitynet~v_U5wliityRuU,indomain,Scuba diving,1,204410,204576
1149,16338,activitynet~v_UKo5IFacUyE,indomain,Polishing shoes,1,204578,204728
1150,16345,activitynet~v_UajYunTsr70,zeroshot,Washing face,1,204730,204815
1151,16346,activitynet~v_UajYunTsr70,zeroshot,Washing face,2,204817,204941
1152,16352,activitynet~v_UfjR8ewF8xo,zeroshot,Layup drill in basketball,3,204943,205238
1153,16402,activitynet~v_WFbUBMgOMn8,indomain,Preparing pasta,2,205240,205317
1154,16403,activitynet~v_WFbUBMgOMn8,indomain,Preparing pasta,0,205319,205460
1155,16435,activitynet~v_X6CpfuJLx0U,indomain,Playing accordion,2,205462,205566
1156,16457,activitynet~v_Xz3F4x70qjQ,zeroshot,Having an ice cream,0,205568,205797
1157,16471,activitynet~v_YQfJWGJ75Pk,indomain,Painting furniture,2,205799,206117
1158,16472,activitynet~v_YQfJWGJ75Pk,indomain,Painting furniture,2,206119,206386
1159,16485,activitynet~v_YySTmiavdMc,zeroshot,Cutting the grass,1,206388,206467
1160,16501,activitynet~v_ZXlJIrRiXrA,zeroshot,Ice fishing,3,206469,206579
1161,16502,activitynet~v_ZXlJIrRiXrA,zeroshot,Ice fishing,0,206581,206730
1162,16506,activitynet~v_ZYwfvPJv4Rk,zeroshot,Cutting the grass,2,206732,206842
1163,16529,activitynet~v__RCe4Q0p1aA,zeroshot,Clean and jerk,0,206844,207000
1164,16530,activitynet~v__RCe4Q0p1aA,zeroshot,Clean and jerk,1,207002,207284
1165,16531,activitynet~v__RCe4Q0p1aA,zeroshot,Clean and jerk,0,207286,207568
1166,16534,activitynet~v__ZiTTLhXjZQ,indomain,Disc dog,3,207570,207656
1167,16535,activitynet~v__ZiTTLhXjZQ,indomain,Disc dog,2,207658,207795
1168,16570,activitynet~v_aDaazrgvjJg,zeroshot,Clean and jerk,1,207797,207871
1169,16571,activitynet~v_aDaazrgvjJg,zeroshot,Clean and jerk,3,207873,207998
1170,16575,activitynet~v_aNE5ZWD5E34,indomain,Applying sunscreen,2,208000,208268
1171,16620,activitynet~v_bZF4nakRNF4,zeroshot,High jump,0,208270,208623
1172,16621,activitynet~v_bZF4nakRNF4,zeroshot,High jump,3,208625,208868
1173,16716,activitynet~v_ez8ram5yd70,indomain,Rope skipping,2,208870,209104
1174,16717,activitynet~v_ez8ram5yd70,indomain,Rope skipping,1,209106,209469
1175,16718,activitynet~v_ez8ram5yd70,indomain,Rope skipping,3,209471,209727
1176,16769,activitynet~v_gLfvk2SSj1c,indomain,Rock climbing,3,209729,210003
1177,16770,activitynet~v_gLfvk2SSj1c,indomain,Rock climbing,0,210005,210240
1178,16771,activitynet~v_gLfvk2SSj1c,indomain,Rock climbing,2,210242,210454
1179,16784,activitynet~v_gXp3KSWhf1g,zeroshot,Running a marathon,1,210456,210532
1180,16785,activitynet~v_gXp3KSWhf1g,zeroshot,Running a marathon,1,210534,210657
1181,16838,activitynet~v_hwGvU9Csz98,indomain,Horseback riding,0,210659,210801
1182,16839,activitynet~v_hwGvU9Csz98,indomain,Horseback riding,3,210803,211055
1183,16915,activitynet~v_j0JsoWxrGh0,zeroshot,Sharpening knives,2,211057,211257
1184,16916,activitynet~v_j0JsoWxrGh0,zeroshot,Sharpening knives,2,211259,211441
1185,16923,activitynet~v_j5M9l0qxwnU,indomain,Doing fencing,0,211443,211569
1186,16931,activitynet~v_j9QPrMZuegY,zeroshot,Clean and jerk,2,211571,211779
1187,16955,activitynet~v_juLxWt_3omw,zeroshot,Clean and jerk,2,211781,212023
1188,16975,activitynet~v_kYkwA_lvqYc,indomain,Polishing shoes,0,212025,212196
1189,16977,activitynet~v_kaRZaCGzNzw,indomain,Shaving,2,212198,212297
1190,16978,activitynet~v_kaRZaCGzNzw,indomain,Shaving,3,212299,212443
1191,16979,activitynet~v_kaRZaCGzNzw,indomain,Shaving,1,212445,212589
1192,16980,activitynet~v_kaRZaCGzNzw,indomain,Shaving,1,212591,212790
1193,16994,activitynet~v_kqzIDPXbATw,zeroshot,Cutting the grass,3,212792,212901
1194,16995,activitynet~v_kqzIDPXbATw,zeroshot,Cutting the grass,3,212903,213049
1195,17028,activitynet~v_lkC_md7KKq0,zeroshot,Sharpening knives,3,213051,213123
1196,17042,activitynet~v_mDaZqz7lB0o,indomain,Playing piano,0,213125,213212
1197,17043,activitynet~v_mDaZqz7lB0o,indomain,Playing piano,0,213214,213363
1198,17232,activitynet~v_rRSTE1EsAUM,zeroshot,High jump,0,213365,213508
1199,17233,activitynet~v_rRkwB9EcEMs,zeroshot,Clean and jerk,1,213510,213591
1200,17234,activitynet~v_rRkwB9EcEMs,zeroshot,Clean and jerk,0,213593,213742
1201,17259,activitynet~v_s2ra7HNzIF0,zeroshot,Having an ice cream,2,213744,213853
1202,17273,activitynet~v_s_QH-5G33Fw,indomain,Playing beach volleyball,1,213855,213977
1203,17274,activitynet~v_sbr3HKm2Y9I,indomain,Drum corps,2,213979,214132
1204,17275,activitynet~v_sbr3HKm2Y9I,indomain,Drum corps,2,214134,214337
1205,17310,activitynet~v_tScqYRQ7zyo,indomain,Putting on makeup,3,214339,214410
1206,17351,activitynet~v_uTQyPHg8r0M,zeroshot,Gargling mouthwash,1,214412,214617
1207,17421,activitynet~v_wN2XnDS0aGc,zeroshot,High jump,3,214619,214749
1208,17489,activitynet~v_xftFhOCEqFs,indomain,Pole vault,1,214751,214825
1209,17505,activitynet~v_xuoWaq6XPZo,indomain,Playing drums,2,214827,214910
1210,17506,activitynet~v_xuoWaq6XPZo,indomain,Playing drums,1,214912,215065
1211,17507,activitynet~v_xuoWaq6XPZo,indomain,Playing drums,0,215067,215241
1212,17560,activitynet~v_zLZTqSaGxJo,indomain,Cricket,1,215243,215354
1213,17571,activitynet~v_zRNS_ebpi7o,zeroshot,Playing violin,2,215356,215468
1214,17646,activitynet~v_045Tkq12H_c,indomain,Rock climbing,0,215470,215584
1215,17727,activitynet~v_2lUqeOw61QY,zeroshot,Layup drill in basketball,0,215586,215766
1216,17728,activitynet~v_2lUqeOw61QY,zeroshot,Layup drill in basketball,0,215768,216033
1217,17739,activitynet~v_32z1yiC0Co0,zeroshot,Running a marathon,2,216035,216235
1218,17740,activitynet~v_32z1yiC0Co0,zeroshot,Running a marathon,1,216237,216527
1219,17749,activitynet~v_39dTxOhrW68,indomain,Trimming branches or hedges,2,216529,216823
1220,17750,activitynet~v_3JcvtncHhLw,zeroshot,Running a marathon,3,216825,216987
1221,17751,activitynet~v_3JcvtncHhLw,zeroshot,Running a marathon,1,216989,217215
1222,17762,activitynet~v_3cQg4XOkC5Y,indomain,Cheerleading,3,217217,217334
1223,17795,activitynet~v_4Oug7S32B-4,zeroshot,Running a marathon,3,217336,217495
1224,17830,activitynet~v_5E2OdhrgG8s,zeroshot,Playing harmonica,1,217497,217697
1225,17905,activitynet~v_7AsHuXeoSpA,zeroshot,Washing face,0,217699,217823
1226,17941,activitynet~v_8Q-P5KEvXN0,indomain,Futsal,0,217825,217947
1227,18045,activitynet~v_AZx_lm2XLHk,zeroshot,High jump,2,217949,218231
1228,18046,activitynet~v_AZx_lm2XLHk,zeroshot,High jump,3,218233,218467
1229,18098,activitynet~v_BWqsgYhgUbI,indomain,Starting a campfire,1,218469,218565
1230,18099,activitynet~v_BWqsgYhgUbI,indomain,Starting a campfire,2,218567,218698
1231,18100,activitynet~v_BWqsgYhgUbI,indomain,Starting a campfire,2,218700,218861
1232,18102,activitynet~v_BgAiDS4fF_I,indomain,Doing crunches,3,218863,218984
1233,18121,activitynet~v_CKjHXMoXye4,zeroshot,High jump,2,218986,219152
1234,18133,activitynet~v_D0RDF1ez-8Y,indomain,Putting in contact lenses,0,219154,219321
1235,18148,activitynet~v_DWsO49YhWUI,zeroshot,Washing face,0,219323,219554
1236,18149,activitynet~v_DWsO49YhWUI,zeroshot,Washing face,3,219556,219775
1237,18150,activitynet~v_DWsO49YhWUI,zeroshot,Washing face,2,219777,219920
1238,18163,activitynet~v_Dk3DiAp2yAU,indomain,Cleaning windows,0,219922,220017
1239,18164,activitynet~v_Dk3DiAp2yAU,indomain,Cleaning windows,1,220019,220155
1240,18165,activitynet~v_Dk3DiAp2yAU,indomain,Cleaning windows,3,220157,220312
1241,18166,activitynet~v_Dk3DiAp2yAU,indomain,Cleaning windows,3,220314,220488
1242,18173,activitynet~v_Dx4LpX-X9JY,zeroshot,Running a marathon,1,220490,220569
1243,18174,activitynet~v_Dx4LpX-X9JY,zeroshot,Running a marathon,3,220571,220698
1244,18185,activitynet~v_E7C91KoML-o,zeroshot,Clean and jerk,3,220700,220849
1245,18186,activitynet~v_E7C91KoML-o,zeroshot,Clean and jerk,0,220851,221053
1246,18187,activitynet~v_E7C91KoML-o,zeroshot,Clean and jerk,0,221055,221257
1247,18188,activitynet~v_EF74-5YIhAk,indomain,Canoeing,1,221259,221383
1248,18197,activitynet~v_EWWCQH6WbtQ,zeroshot,Having an ice cream,0,221385,221530
1249,18208,activitynet~v_EfjzkyLrnDg,indomain,Drinking beer,3,221532,221722
1250,18269,activitynet~v_Gfsk28SzgXk,indomain,Waterskiing,1,221724,221824
1251,18320,activitynet~v_I5Q0DcmTs9c,zeroshot,Playing harmonica,0,221826,221971
1252,18328,activitynet~v_IN4nGNF9gi8,indomain,Getting a haircut,0,221973,222103
1253,18430,activitynet~v_KwBuRjh_v9M,indomain,Getting a piercing,2,222105,222239
1254,18431,activitynet~v_KwBuRjh_v9M,indomain,Getting a piercing,2,222241,222396
1255,18432,activitynet~v_KyDcuYjDi_Y,indomain,Tumbling,0,222398,222515
1256,18444,activitynet~v_LB9-RIKxk6E,zeroshot,Running a marathon,1,222517,222614
1257,18445,activitynet~v_LB9-RIKxk6E,zeroshot,Running a marathon,0,222616,222765
1258,18446,activitynet~v_LGt_KpgXymU,zeroshot,Playing violin,1,222767,222966
1259,18460,activitynet~v_LYqfB7HsQwQ,zeroshot,Playing harmonica,2,222968,223067
1260,18461,activitynet~v_LYqfB7HsQwQ,zeroshot,Playing harmonica,0,223069,223219
1261,18462,activitynet~v_LYqfB7HsQwQ,zeroshot,Playing harmonica,1,223221,223429
1262,18499,activitynet~v_MMB5Cn3JCGI,zeroshot,High jump,0,223431,223559
1263,18506,activitynet~v_MYFVsllwDnc,zeroshot,Cutting the grass,0,223561,223641
1264,18528,activitynet~v_NBawYEfglow,zeroshot,Playing violin,2,223643,223799
1265,18529,activitynet~v_NBawYEfglow,zeroshot,Playing violin,3,223801,223957
1266,18530,activitynet~v_NBawYEfglow,zeroshot,Playing violin,1,223959,224114
1267,18532,activitynet~v_NCvNIKw4EZ4,indomain,Playing pool,2,224116,224275
1268,18533,activitynet~v_NCvNIKw4EZ4,indomain,Playing pool,0,224277,224498
1269,18541,activitynet~v_NIY1f2KcEe0,zeroshot,Cutting the grass,3,224500,224727
1270,18604,activitynet~v_OFKGyZxazQk,indomain,Applying sunscreen,1,224729,224945
1271,18605,activitynet~v_OFKGyZxazQk,indomain,Applying sunscreen,0,224947,225184
1272,18617,activitynet~v_OqA83jGQtfg,zeroshot,Ice fishing,3,225186,225480
1273,18642,activitynet~v_PRT0Z9HPF4U,indomain,Playing pool,2,225482,225594
1274,18652,activitynet~v_Pp5DCsgaALg,zeroshot,Sharpening knives,3,225596,225703
1275,18653,activitynet~v_Pp5DCsgaALg,zeroshot,Sharpening knives,1,225705,225904
1276,18654,activitynet~v_Pp5DCsgaALg,zeroshot,Sharpening knives,3,225906,226085
1277,18655,activitynet~v_Pp5DCsgaALg,zeroshot,Sharpening knives,0,226087,226349
1278,18657,activitynet~v_PsddM2OmOGo,indomain,Hanging wallpaper,1,226351,226531
1279,18723,activitynet~v_RjBXzs2XvbY,zeroshot,Sharpening knives,2,226533,226643
1280,18725,activitynet~v_RjBXzs2XvbY,zeroshot,Sharpening knives,1,226645,226810
1281,18726,activitynet~v_RjBXzs2XvbY,zeroshot,Sharpening knives,3,226812,226958
1282,18727,activitynet~v_RjBXzs2XvbY,zeroshot,Sharpening knives,2,226960,227107
1283,18729,activitynet~v_RjFoJggnfj4,indomain,Futsal,3,227109,227453
1284,18730,activitynet~v_RjFoJggnfj4,indomain,Futsal,1,227455,227722
1285,18732,activitynet~v_RpH774VD6Hw,indomain,Archery,1,227724,227913
1286,18751,activitynet~v_Sjx7K9Ybx9Q,zeroshot,Cutting the grass,1,227915,228086
1287,18757,activitynet~v_Snq0l-gKpWo,indomain,Doing a powerbomb,2,228088,228279
1288,18758,activitynet~v_Snq0l-gKpWo,indomain,Doing a powerbomb,3,228281,228545
1289,18769,activitynet~v_T7fzZX0qKKQ,indomain,Playing bagpipes,2,228547,228675
1290,18771,activitynet~v_T7fzZX0qKKQ,indomain,Playing bagpipes,0,228677,228805
1291,18794,activitynet~v_TbLBu2TDey8,indomain,Disc dog,1,228807,229072
1292,18810,activitynet~v_U5wliityRuU,indomain,Scuba diving,2,229074,229181
1293,18814,activitynet~v_U5wliityRuU,indomain,Scuba diving,1,229183,229354
1294,18816,activitynet~v_U5wliityRuU,indomain,Scuba diving,3,229356,229509
1295,18821,activitynet~v_UKo5IFacUyE,indomain,Polishing shoes,2,229511,229699
1296,18822,activitynet~v_UKo5IFacUyE,indomain,Polishing shoes,0,229701,229874
1297,18832,activitynet~v_UajYunTsr70,zeroshot,Washing face,2,229876,230017
1298,18836,activitynet~v_UfjR8ewF8xo,zeroshot,Layup drill in basketball,3,230019,230130
1299,18869,activitynet~v_Vnj0j648Emw,zeroshot,Sharpening knives,0,230132,230273
1300,18882,activitynet~v_WFbUBMgOMn8,indomain,Preparing pasta,3,230275,230457
1301,18883,activitynet~v_WFbUBMgOMn8,indomain,Preparing pasta,3,230459,230777
1302,18903,activitynet~v_WPM0vuERyfc,zeroshot,Washing face,2,230779,230976
1303,18922,activitynet~v_X6CpfuJLx0U,indomain,Playing accordion,1,230978,231169
1304,18945,activitynet~v_XyQSmMYbP6o,zeroshot,Washing face,1,231171,231343
1305,18958,activitynet~v_YQfJWGJ75Pk,indomain,Painting furniture,3,231345,231755
1306,18959,activitynet~v_YQfJWGJ75Pk,indomain,Painting furniture,1,231757,231970
1307,18973,activitynet~v_YySTmiavdMc,zeroshot,Cutting the grass,2,231972,232047
1308,18988,activitynet~v_ZXlJIrRiXrA,zeroshot,Ice fishing,3,232049,232324
1309,18991,activitynet~v_ZYwfvPJv4Rk,zeroshot,Cutting the grass,0,232326,232425
1310,18992,activitynet~v_ZYwfvPJv4Rk,zeroshot,Cutting the grass,2,232427,232618
1311,19020,activitynet~v__RCe4Q0p1aA,zeroshot,Clean and jerk,2,232620,232704
1312,19021,activitynet~v__RCe4Q0p1aA,zeroshot,Clean and jerk,2,232706,232829
1313,19022,activitynet~v__RCe4Q0p1aA,zeroshot,Clean and jerk,2,232831,232995
1314,19026,activitynet~v__ZiTTLhXjZQ,indomain,Disc dog,3,232997,233163
1315,19049,activitynet~v__vUE7PhDBcA,zeroshot,Running a marathon,2,233165,233325
1316,19063,activitynet~v_aAY_M6M26TI,indomain,Ping-pong,3,233327,233427
1317,19064,activitynet~v_aAY_M6M26TI,indomain,Ping-pong,2,233429,233564
1318,19072,activitynet~v_aDaazrgvjJg,zeroshot,Clean and jerk,2,233566,233720
1319,19076,activitynet~v_aNE5ZWD5E34,indomain,Applying sunscreen,0,233722,233942
1320,19077,activitynet~v_aNE5ZWD5E34,indomain,Applying sunscreen,3,233944,234260
1321,19084,activitynet~v_akJbB6LWP34,zeroshot,Layup drill in basketball,1,234262,234499
1322,19085,activitynet~v_akJbB6LWP34,zeroshot,Layup drill in basketball,0,234501,234705
1323,19112,activitynet~v_bH6KL0ai3Ww,indomain,Using the pommel horse,0,234707,234904
1324,19148,activitynet~v_bodOObk5K00,zeroshot,Playing harmonica,2,234906,235107
1325,19149,activitynet~v_bodOObk5K00,zeroshot,Playing harmonica,0,235109,235401
1326,19215,activitynet~v_ez8ram5yd70,indomain,Rope skipping,1,235403,235625
1327,19223,activitynet~v_fJNauQt9Di0,zeroshot,Playing violin,2,235627,235737
1328,19224,activitynet~v_fJNauQt9Di0,zeroshot,Playing violin,1,235739,235889
1329,19267,activitynet~v_gLfvk2SSj1c,indomain,Rock climbing,0,235891,236135
1330,19274,activitynet~v_gXp3KSWhf1g,zeroshot,Running a marathon,1,236137,236299
1331,19326,activitynet~v_ho8cKYrtufU,indomain,Archery,1,236301,236508
1332,19327,activitynet~v_ho8cKYrtufU,indomain,Archery,1,236510,236764
1333,19329,activitynet~v_hwGvU9Csz98,indomain,Horseback riding,0,236766,236902
1334,19372,activitynet~v_iiqaJGokpEw,indomain,Hitting a pinata,0,236904,237107
1335,19373,activitynet~v_iiqaJGokpEw,indomain,Hitting a pinata,1,237109,237291
1336,19411,activitynet~v_j5M9l0qxwnU,indomain,Doing fencing,0,237293,237373
1337,19418,activitynet~v_j9QPrMZuegY,zeroshot,Clean and jerk,3,237375,237512
1338,19468,activitynet~v_kYkwA_lvqYc,indomain,Polishing shoes,1,237514,237658
1339,19470,activitynet~v_kaRZaCGzNzw,indomain,Shaving,2,237660,237789
1340,19479,activitynet~v_kmWf36zfL7o,indomain,Getting a tattoo,1,237791,238064
1341,19480,activitynet~v_kmWf36zfL7o,indomain,Getting a tattoo,0,238066,238328
1342,19482,activitynet~v_kqzIDPXbATw,zeroshot,Cutting the grass,1,238330,238490
1343,19511,activitynet~v_lOtplLrtapE,indomain,Snatch,3,238492,238640
1344,19512,activitynet~v_lOtplLrtapE,indomain,Snatch,3,238642,238839
1345,19526,activitynet~v_lW4OZ8eP3ns,zeroshot,Playing violin,1,238841,239000
1346,19533,activitynet~v_lkC_md7KKq0,zeroshot,Sharpening knives,0,239002,239119
1347,19545,activitynet~v_mDaZqz7lB0o,indomain,Playing piano,1,239121,239209
1348,19565,activitynet~v_mjbzWcSeiwQ,indomain,Playing ice hockey,1,239211,239294
1349,19606,activitynet~v_o0gdMKlKLcU,indomain,Plastering,2,239296,239442
1350,19639,activitynet~v_p7j6yY99vEg,zeroshot,Layup drill in basketball,1,239444,239567
1351,19689,activitynet~v_qNE6ju5dRc0,indomain,Kayaking,1,239569,239731
1352,19690,activitynet~v_qNE6ju5dRc0,indomain,Kayaking,1,239733,239857
1353,19771,activitynet~v_s0swzu1jIpc,indomain,Shaving,3,239859,239993
1354,19773,activitynet~v_s0swzu1jIpc,indomain,Shaving,2,239995,240145
1355,19781,activitynet~v_s2ra7HNzIF0,zeroshot,Having an ice cream,0,240147,240308
1356,19782,activitynet~v_s2ra7HNzIF0,zeroshot,Having an ice cream,1,240310,240492
1357,19783,activitynet~v_s2ra7HNzIF0,zeroshot,Having an ice cream,3,240494,240703
1358,19800,activitynet~v_s_QH-5G33Fw,indomain,Playing beach volleyball,3,240705,240945
1359,19829,activitynet~v_tMM166j4YEw,indomain,Calf roping,1,240947,241024
1360,19837,activitynet~v_tScqYRQ7zyo,indomain,Putting on makeup,2,241026,241174
1361,19879,activitynet~v_uTQyPHg8r0M,zeroshot,Gargling mouthwash,3,241176,241533
1362,19881,activitynet~v_uTQyPHg8r0M,zeroshot,Gargling mouthwash,1,241535,241820
1363,19989,activitynet~v_wyNM_7YDgfo,indomain,Paintball,0,241822,242056
1364,20009,activitynet~v_xQljKBB3498,zeroshot,Washing face,2,242058,242261
1365,20010,activitynet~v_xQljKBB3498,zeroshot,Washing face,0,242263,242511
1366,20022,activitynet~v_xftFhOCEqFs,indomain,Pole vault,3,242513,242676
1367,20091,activitynet~v_zLZTqSaGxJo,indomain,Cricket,3,242678,242771
1368,20104,activitynet~v_zRNS_ebpi7o,zeroshot,Playing violin,0,242773,242904
1369,20115,activitynet~v_zzE2VrQMvbc,indomain,Paintball,3,242906,243074
1370,20182,activitynet~v_-ypKYhjrlXw,indomain,Applying sunscreen,1,243076,243261
1371,20183,activitynet~v_-ypKYhjrlXw,indomain,Applying sunscreen,0,243263,243461
1372,20190,activitynet~v_0-ReTddxkhg,zeroshot,Gargling mouthwash,2,243463,243600
1373,20233,activitynet~v_0bbL30qENMg,zeroshot,Washing face,1,243602,243704
1374,20235,activitynet~v_0bbL30qENMg,zeroshot,Washing face,3,243706,243863
1375,20300,activitynet~v_1KVxpHAC08g,zeroshot,Having an ice cream,2,243865,244003
1376,20334,activitynet~v_1sA-lEbrgak,zeroshot,Clean and jerk,2,244005,244158
1377,20427,activitynet~v_34eCEU2Y4T0,zeroshot,Washing face,1,244160,244339
1378,20428,activitynet~v_34eCEU2Y4T0,zeroshot,Washing face,0,244341,244695
1379,20429,activitynet~v_34eCEU2Y4T0,zeroshot,Washing face,0,244697,244921
1380,20431,activitynet~v_36K1e9WgEpU,indomain,River tubing,2,244923,245203
1381,20432,activitynet~v_36K1e9WgEpU,indomain,River tubing,3,245205,245382
1382,20433,activitynet~v_36K1e9WgEpU,indomain,River tubing,2,245384,245723
1383,20438,activitynet~v_37siIMJNG9Y,zeroshot,Gargling mouthwash,2,245725,245938
1384,20439,activitynet~v_37siIMJNG9Y,zeroshot,Gargling mouthwash,2,245940,246124
1385,20462,activitynet~v_3Vj0GcB_qh4,zeroshot,Playing violin,1,246126,246269
1386,20546,activitynet~v_3lla2AaJgNA,indomain,Ironing clothes,3,246271,246348
1387,20575,activitynet~v_4A49mkP6HsM,zeroshot,Playing violin,3,246350,246497
1388,20576,activitynet~v_4A49mkP6HsM,zeroshot,Playing violin,1,246499,246707
1389,20577,activitynet~v_4A49mkP6HsM,zeroshot,Playing violin,1,246709,246901
1390,20597,activitynet~v_4P0zJEfqCoM,indomain,Getting a piercing,0,246903,247065
1391,20598,activitynet~v_4R5KDUqBPcU,indomain,Shot put,0,247067,247225
1392,20599,activitynet~v_4R5KDUqBPcU,indomain,Shot put,0,247227,247437
1393,20621,activitynet~v_4o7Abew2ExY,zeroshot,Ice fishing,1,247439,247527
1394,20622,activitynet~v_4o7Abew2ExY,zeroshot,Ice fishing,0,247529,247682
1395,20623,activitynet~v_4o7Abew2ExY,zeroshot,Ice fishing,3,247684,247828
1396,20730,activitynet~v_61W153jXL3U,zeroshot,Washing face,2,247830,247998
1397,20732,activitynet~v_61W153jXL3U,zeroshot,Washing face,3,248000,248250
1398,20776,activitynet~v_6okx-34bDEg,zeroshot,Running a marathon,1,248252,248391
1399,20814,activitynet~v_74HRnmwIhfM,indomain,Preparing pasta,0,248393,248673
1400,20815,activitynet~v_74HRnmwIhfM,indomain,Preparing pasta,0,248675,248893
1401,20826,activitynet~v_7D5ItfgJFVw,zeroshot,Washing face,2,248895,249054
1402,20828,activitynet~v_7HKWppcWgeY,indomain,Assembling bicycle,2,249056,249129
1403,20829,activitynet~v_7HKWppcWgeY,indomain,Assembling bicycle,2,249131,249254
1404,20830,activitynet~v_7HKWppcWgeY,indomain,Assembling bicycle,3,249256,249370
1405,20842,activitynet~v_7VWp-Dfvqkg,zeroshot,Playing harmonica,2,249372,249526
1406,20868,activitynet~v_7uk4sqUBhks,indomain,Skiing,1,249528,249644
1407,20869,activitynet~v_7uk4sqUBhks,indomain,Skiing,0,249646,249833
1408,20870,activitynet~v_7vECSCWxbDk,indomain,Playing guitarra,2,249835,249901
1409,20873,activitynet~v_7vECSCWxbDk,indomain,Playing guitarra,0,249903,250085
1410,20892,activitynet~v_894d9_pty3o,indomain,Skiing,3,250087,250269
1411,20899,activitynet~v_8CAvjawFn3w,indomain,Horseback riding,0,250271,250514
1412,20924,activitynet~v_8LI3rnG6kMA,indomain,Carving jack-o-lanterns,1,250516,250574
1413,20925,activitynet~v_8LI3rnG6kMA,indomain,Carving jack-o-lanterns,3,250576,250727
1414,20926,activitynet~v_8LI3rnG6kMA,indomain,Carving jack-o-lanterns,2,250729,250936
1415,20927,activitynet~v_8LI3rnG6kMA,indomain,Carving jack-o-lanterns,2,250938,251119
1416,20944,activitynet~v_8YkCDiVc7RI,indomain,Tumbling,2,251121,251357
1417,20964,activitynet~v_8tI9IsSpgeI,zeroshot,Clean and jerk,2,251359,251460
1418,20987,activitynet~v_99dCcB5Unmo,indomain,Ballet,2,251462,251725
1419,21027,activitynet~v_9lX18LyTuAQ,zeroshot,Playing violin,2,251727,251927
1420,21040,activitynet~v_9tks__Y0mqI,zeroshot,Having an ice cream,2,251929,252060
1421,21043,activitynet~v_9tks__Y0mqI,zeroshot,Having an ice cream,0,252062,252266
1422,21052,activitynet~v_9xC9rVAJHm8,indomain,Smoking a cigarette,3,252268,252426
1423,21143,activitynet~v_AwoZxz8M8Jg,indomain,Making a lemonade,2,252428,252508
1424,21145,activitynet~v_AwoZxz8M8Jg,indomain,Making a lemonade,0,252510,252674
1425,21169,activitynet~v_BTG82umu8Ug,zeroshot,High jump,1,252676,252867
1426,21172,activitynet~v_BTG82umu8Ug,zeroshot,High jump,2,252869,253135
1427,21173,activitynet~v_BTG82umu8Ug,zeroshot,High jump,1,253137,253311
1428,21185,activitynet~v_BbFCkDdq3S0,indomain,Triple jump,0,253313,253378
1429,21231,activitynet~v_C3BBG_9Vo48,indomain,Making a cake,0,253380,253548
1430,21233,activitynet~v_C3BBG_9Vo48,indomain,Making a cake,1,253550,253842
1431,21234,activitynet~v_C3BBG_9Vo48,indomain,Making a cake,2,253844,254095
1432,21235,activitynet~v_C3BBG_9Vo48,indomain,Making a cake,3,254097,254421
1433,21236,activitynet~v_C3BBG_9Vo48,indomain,Making a cake,0,254423,254616
1434,21240,activitynet~v_C7rGK81C7SU,indomain,Making a cake,3,254618,254809
1435,21241,activitynet~v_C7rGK81C7SU,indomain,Making a cake,1,254811,255089
1436,21284,activitynet~v_CXb3Ce7s6G0,indomain,Swimming,1,255091,255270
1437,21285,activitynet~v_CXb3Ce7s6G0,indomain,Swimming,3,255272,255476
1438,21286,activitynet~v_CXb3Ce7s6G0,indomain,Swimming,1,255478,255637
1439,21287,activitynet~v_CXb3Ce7s6G0,indomain,Swimming,1,255639,255834
1440,21290,activitynet~v_CaDoaqs_5jE,zeroshot,Ice fishing,3,255836,256048
1441,21356,activitynet~v_DK271OQnNRA,indomain,River tubing,1,256050,256152
1442,21363,activitynet~v_DXluU6_7OXQ,zeroshot,Having an ice cream,0,256154,256243
1443,21388,activitynet~v_Dv2T0R7HVBQ,indomain,Swimming,1,256245,256350
1444,21389,activitynet~v_Dv2T0R7HVBQ,indomain,Swimming,0,256352,256504
1445,21408,activitynet~v_EEaLID3z9tM,zeroshot,Gargling mouthwash,1,256506,256682
1446,21409,activitynet~v_EEaLID3z9tM,zeroshot,Gargling mouthwash,3,256684,256947
1447,21416,activitynet~v_EVSuDXeNUYQ,indomain,Cheerleading,1,256949,257302
1448,21437,activitynet~v_F12ga-do744,zeroshot,Clean and jerk,2,257304,257515
1449,21468,activitynet~v_FOF8YgUhRNA,indomain,Mixing drinks,2,257517,257746
1450,21496,activitynet~v_FeXBmKYV8HY,zeroshot,Playing violin,0,257748,258045
1451,21526,activitynet~v_FmRLElPPWV8,indomain,Canoeing,0,258047,258137
1452,21558,activitynet~v_GCtrfXIBbwA,zeroshot,Playing harmonica,3,258139,258242
1453,21578,activitynet~v_GVn7MSMHXxk,indomain,Disc dog,3,258244,258397
1454,21622,activitynet~v_GtYf9VsPHO0,indomain,Making a sandwich,1,258399,258606
1455,21653,activitynet~v_HDhG0WkwGaU,indomain,Bullfighting,3,258608,258808
1456,21706,activitynet~v_HmqRZ4HPu1U,zeroshot,Cutting the grass,2,258810,258932
1457,21710,activitynet~v_HoybOj2Ro7o,indomain,Making a cake,3,258934,259128
1458,21711,activitynet~v_HoybOj2Ro7o,indomain,Making a cake,1,259130,259334
1459,21734,activitynet~v_I5setZ8js9I,indomain,Surfing,3,259336,259418
1460,21735,activitynet~v_I5setZ8js9I,indomain,Surfing,2,259420,259549
1461,21736,activitynet~v_I637SOXSbHY,zeroshot,Clean and jerk,3,259551,259637
1462,21742,activitynet~v_IFmtu3Sd7iI,indomain,Scuba diving,2,259639,259860
1463,21743,activitynet~v_IGXq7a7Jl7s,indomain,Javelin throw,2,259862,259982
1464,21744,activitynet~v_IGXq7a7Jl7s,indomain,Javelin throw,1,259984,260178
1465,21794,activitynet~v_Imui46JTe7s,indomain,Doing crunches,2,260180,260349
1466,21795,activitynet~v_Imui46JTe7s,indomain,Doing crunches,1,260351,260531
1467,21827,activitynet~v_J3coWVRd5do,zeroshot,High jump,2,260533,260624
1468,21828,activitynet~v_J3coWVRd5do,zeroshot,High jump,1,260626,260771
1469,21850,activitynet~v_JGRpVcxltKE,indomain,Making a lemonade,1,260773,260877
1470,21851,activitynet~v_JGRpVcxltKE,indomain,Making a lemonade,2,260879,261024
1471,21853,activitynet~v_JGRpVcxltKE,indomain,Making a lemonade,3,261026,261190
1472,21854,activitynet~v_JGRpVcxltKE,indomain,Making a lemonade,0,261192,261349
1473,21898,activitynet~v_Jm1y_W7RLSI,zeroshot,Washing face,1,261351,261551
1474,21959,activitynet~v_KX-vl2o8U1w,indomain,Playing drums,1,261553,261790
1475,21960,activitynet~v_KX-vl2o8U1w,indomain,Playing drums,2,261792,262058
1476,22020,activitynet~v_LFbW1KVHT8s,indomain,Wakeboarding,3,262060,262133
1477,22021,activitynet~v_LFbW1KVHT8s,indomain,Wakeboarding,2,262135,262249
1478,22022,activitynet~v_LFbW1KVHT8s,indomain,Wakeboarding,1,262251,262424
1479,22050,activitynet~v_Lg-mJS-BZZo,zeroshot,Cutting the grass,3,262426,262583
1480,22155,activitynet~v_N-6-MdxRg50,indomain,Zumba,3,262585,262711
1481,22156,activitynet~v_N-6-MdxRg50,indomain,Zumba,0,262713,262892
1482,22167,activitynet~v_NKQehrewXlM,zeroshot,Running a marathon,0,262894,263056
1483,22206,activitynet~v_NnEUVHhtLZs,zeroshot,Playing harmonica,0,263058,263151
1484,22207,activitynet~v_NnEUVHhtLZs,zeroshot,Playing harmonica,3,263153,263313
1485,22230,activitynet~v_OFn-c_XvIhU,indomain,Scuba diving,0,263315,263438
1486,22232,activitynet~v_OFn-c_XvIhU,indomain,Scuba diving,0,263440,263594
1487,22269,activitynet~v_Ouy1exEw_dI,indomain,Waterskiing,0,263596,263697
1488,22270,activitynet~v_Ouy1exEw_dI,indomain,Waterskiing,3,263699,263897
1489,22308,activitynet~v_PF0c0UIsG0E,indomain,Smoking hookah,3,263899,264133
1490,22310,activitynet~v_PIJd7_6RGpY,indomain,Starting a campfire,3,264135,264257
1491,22311,activitynet~v_PIJd7_6RGpY,indomain,Starting a campfire,3,264259,264391
1492,22371,activitynet~v_Q4UF7Z0ozCw,indomain,Ironing clothes,3,264393,264559
1493,22401,activitynet~v_QWFedtlPRYM,indomain,Hand washing clothes,3,264561,264696
1494,22453,activitynet~v_RNrxxPOyHo4,indomain,Ironing clothes,3,264698,264833
1495,22475,activitynet~v_RatbnDSuY7w,zeroshot,High jump,0,264835,264955
1496,22488,activitynet~v_RgeVltfPDXQ,indomain,Hitting a pinata,0,264957,265077
1497,22491,activitynet~v_RgeVltfPDXQ,indomain,Hitting a pinata,0,265079,265233
1498,22510,activitynet~v_S4ppfXBp5o0,zeroshot,Clean and jerk,2,265235,265464
1499,22511,activitynet~v_S4ppfXBp5o0,zeroshot,Clean and jerk,0,265466,265688
1500,22512,activitynet~v_S4ppfXBp5o0,zeroshot,Clean and jerk,0,265690,265861
1501,22524,activitynet~v_SHZ9fsusMGc,indomain,Playing rubik cube,3,265863,265949
1502,22525,activitynet~v_SHZ9fsusMGc,indomain,Playing rubik cube,3,265951,266081
1503,22593,activitynet~v_T5GVJRbvNb8,zeroshot,High jump,0,266083,266201
1504,22594,activitynet~v_T5GVJRbvNb8,zeroshot,High jump,0,266203,266418
1505,22602,activitynet~v_TDWbRqIEcts,indomain,Baking cookies,3,266420,266518
1506,22607,activitynet~v_TDWbRqIEcts,indomain,Baking cookies,2,266520,266647
1507,22608,activitynet~v_TDWbRqIEcts,indomain,Baking cookies,2,266649,266807
1508,22616,activitynet~v_TLQFjTXZ58E,indomain,Mowing the lawn,0,266809,266956
1509,22617,activitynet~v_TLQFjTXZ58E,indomain,Mowing the lawn,2,266958,267203
1510,22618,activitynet~v_TLQFjTXZ58E,indomain,Mowing the lawn,3,267205,267364
1511,22623,activitynet~v_TeXm2KTfkzo,zeroshot,Cutting the grass,0,267366,267476
1512,22626,activitynet~v_TeXm2KTfkzo,zeroshot,Cutting the grass,1,267478,267667
1513,22627,activitynet~v_TeXm2KTfkzo,zeroshot,Cutting the grass,1,267669,267837
1514,22649,activitynet~v_U-mwyUsNOMU,zeroshot,Ice fishing,0,267839,268061
1515,22664,activitynet~v_UIH5arBo3-Y,indomain,Playing guitarra,0,268063,268171
1516,22671,activitynet~v_UQXB3JOoxYE,indomain,Waterskiing,0,268173,268390
1517,22672,activitynet~v_UQXB3JOoxYE,indomain,Waterskiing,2,268392,268642
1518,22673,activitynet~v_UQXB3JOoxYE,indomain,Waterskiing,0,268644,268917
1519,22675,activitynet~v_UQXB3JOoxYE,indomain,Waterskiing,2,268919,269140
1520,22686,activitynet~v_UYHgieL5IKM,zeroshot,Sharpening knives,3,269142,269309
1521,22687,activitynet~v_UYHgieL5IKM,zeroshot,Sharpening knives,1,269311,269518
1522,22706,activitynet~v_UlGX-5x0Mak,zeroshot,Having an ice cream,1,269520,269625
1523,22712,activitynet~v_Uo9q4riquHM,zeroshot,Cutting the grass,2,269627,269776
1524,22763,activitynet~v_VRiUhsafjRM,indomain,Baking cookies,0,269778,269931
1525,22764,activitynet~v_VRiUhsafjRM,indomain,Baking cookies,1,269933,270091
1526,22767,activitynet~v_VRiUhsafjRM,indomain,Baking cookies,0,270093,270220
1527,22811,activitynet~v_WGHXYbCWvyU,indomain,Tai chi,2,270222,270415
1528,22816,activitynet~v_WaWkDf6b_j4,zeroshot,High jump,0,270417,270563
1529,22817,activitynet~v_WaWkDf6b_j4,zeroshot,High jump,2,270565,270781
1530,22854,activitynet~v_XHQLkc06XIc,zeroshot,Playing violin,3,270783,270927
1531,22877,activitynet~v_XiG7rgPoKKI,indomain,Canoeing,0,270929,271028
1532,22879,activitynet~v_XiG7rgPoKKI,indomain,Canoeing,1,271030,271192
1533,22882,activitynet~v_XiG7rgPoKKI,indomain,Canoeing,1,271194,271339
1534,22883,activitynet~v_XiG7rgPoKKI,indomain,Canoeing,2,271341,271494
1535,22911,activitynet~v_XxbuqeqOGaM,zeroshot,Sharpening knives,3,271496,271588
1536,22912,activitynet~v_XxbuqeqOGaM,zeroshot,Sharpening knives,0,271590,271749
1537,22913,activitynet~v_XxbuqeqOGaM,zeroshot,Sharpening knives,0,271751,272008
1538,22914,activitynet~v_XxbuqeqOGaM,zeroshot,Sharpening knives,3,272010,272186
1539,22970,activitynet~v_YmhbwAv0Xbc,indomain,Snow tubing,3,272188,272291
1540,22971,activitynet~v_YmhbwAv0Xbc,indomain,Snow tubing,0,272293,272443
1541,22974,activitynet~v_YmhbwAv0Xbc,indomain,Snow tubing,1,272445,272618
1542,22979,activitynet~v_Yr6Oyltj6Eo,zeroshot,High jump,2,272620,272839
1543,22980,activitynet~v_YrMrSXH8k6k,indomain,Welding,2,272841,272990
1544,22997,activitynet~v_ZIBWRRBft8g,indomain,Laying tile,3,272992,273161
1545,23105,activitynet~v__wqhA-Ceqwc,zeroshot,Sharpening knives,3,273163,273344
1546,23130,activitynet~v_aFlumCYsZgM,zeroshot,Having an ice cream,0,273346,273503
1547,23255,activitynet~v_bNvAqFcKzqU,indomain,Playing saxophone,1,273505,273697
1548,23310,activitynet~v_c-3fceLb7n4,indomain,Shuffleboard,0,273699,273822
1549,23332,activitynet~v_cJYtpnf5aOM,zeroshot,Cutting the grass,0,273824,273984
1550,23359,activitynet~v_caoMescJ1J4,zeroshot,Playing harmonica,1,273986,274295
1551,23360,activitynet~v_caoMescJ1J4,zeroshot,Playing harmonica,1,274297,274692
1552,23388,activitynet~v_cvEOK7xAPSs,indomain,Slacklining,1,274694,274873
1553,23408,activitynet~v_dAP7xalPRHo,indomain,Hand washing clothes,0,274875,275036
1554,23409,activitynet~v_dAP7xalPRHo,indomain,Hand washing clothes,1,275038,275265
1555,23466,activitynet~v_dufQjqa3v6w,zeroshot,Playing harmonica,2,275267,275401
1556,23484,activitynet~v_e6r-A-LAe2E,indomain,Playing kickball,2,275403,275564
1557,23513,activitynet~v_erXZ0pZEtGE,indomain,Powerbocking,2,275566,275768
1558,23514,activitynet~v_erXZ0pZEtGE,indomain,Powerbocking,1,275770,276011
1559,23536,activitynet~v_eyfUkLbsixg,zeroshot,Running a marathon,3,276013,276114
1560,23584,activitynet~v_fOGXvBAmTsY,zeroshot,Running a marathon,0,276116,276411
1561,23585,activitynet~v_fOGXvBAmTsY,zeroshot,Running a marathon,1,276413,276670
1562,23586,activitynet~v_fOGXvBAmTsY,zeroshot,Running a marathon,2,276672,277026
1563,23587,activitynet~v_fOGXvBAmTsY,zeroshot,Running a marathon,1,277028,277342
1564,23620,activitynet~v_fqOp0uhdEyM,indomain,Hula hoop,0,277344,277539
1565,23623,activitynet~v_fqOp0uhdEyM,indomain,Hula hoop,2,277541,277818
1566,23624,activitynet~v_fqOp0uhdEyM,indomain,Hula hoop,3,277820,278093
1567,23627,activitynet~v_fqOp0uhdEyM,indomain,Hula hoop,2,278095,278322
1568,23670,activitynet~v_g4vyzwiJYWw,zeroshot,Washing face,3,278324,278453
1569,23671,activitynet~v_g4vyzwiJYWw,zeroshot,Washing face,2,278455,278665
1570,23672,activitynet~v_g4vyzwiJYWw,zeroshot,Washing face,1,278667,278902
1571,23695,activitynet~v_gHhgZ0Bd4H4,indomain,Spinning,2,278904,279039
1572,23696,activitynet~v_gHhgZ0Bd4H4,indomain,Spinning,3,279041,279225
1573,23700,activitynet~v_gHhgZ0Bd4H4,indomain,Spinning,2,279227,279384
1574,23734,activitynet~v_goH-zdx5urM,indomain,Doing crunches,0,279386,279495
1575,23823,activitynet~v_i2u80Y3BMYs,zeroshot,Clean and jerk,2,279497,279699
1576,23834,activitynet~v_iBEUNOMTr8M,indomain,Roof shingle removal,2,279701,279900
1577,23836,activitynet~v_iBpyYbLv1WU,indomain,Playing guitarra,1,279902,280036
1578,23837,activitynet~v_iBpyYbLv1WU,indomain,Playing guitarra,2,280038,280222
1579,23838,activitynet~v_iBpyYbLv1WU,indomain,Playing guitarra,0,280224,280363
1580,23839,activitynet~v_iCveBOc8JzM,indomain,Applying sunscreen,2,280365,280478
1581,23844,activitynet~v_iGOGz6M_zcE,zeroshot,Washing face,3,280480,280557
1582,23845,activitynet~v_iGOGz6M_zcE,zeroshot,Washing face,2,280559,280667
1583,23855,activitynet~v_iL__89eDRzg,indomain,Waterskiing,1,280669,280804
1584,23880,activitynet~v_iZImXrduFlA,indomain,Blowing leaves,3,280806,280956
1585,23897,activitynet~v_iiQ6t0p9lik,indomain,Slacklining,0,280958,281126
1586,23898,activitynet~v_iiQ6t0p9lik,indomain,Slacklining,1,281128,281325
1587,23899,activitynet~v_iiQ6t0p9lik,indomain,Slacklining,3,281327,281600
1588,23927,activitynet~v_ivivR6ZdgRM,zeroshot,Playing harmonica,2,281602,281949
1589,23977,activitynet~v_jQgAdClKvDE,indomain,Wakeboarding,1,281951,282098
1590,24047,activitynet~v_kI6maggAugg,zeroshot,Clean and jerk,0,282100,282274
1591,24048,activitynet~v_kI6maggAugg,zeroshot,Clean and jerk,3,282276,282507
1592,24085,activitynet~v_ksvIIhvmSRM,indomain,River tubing,2,282509,282683
1593,24112,activitynet~v_l8aaaDY4ehA,zeroshot,Cutting the grass,3,282685,282839
1594,24118,activitynet~v_lGPUCwHjiK0,zeroshot,High jump,0,282841,282913
1595,24162,activitynet~v_lmYmYYXs1mo,zeroshot,Sharpening knives,3,282915,283007
1596,24163,activitynet~v_lmYmYYXs1mo,zeroshot,Sharpening knives,1,283009,283165
1597,24223,activitynet~v_mYrTrVCYSY0,zeroshot,Running a marathon,0,283167,283376
1598,24224,activitynet~v_mYrTrVCYSY0,zeroshot,Running a marathon,1,283378,283563
1599,24228,activitynet~v_maXU1lGguxs,zeroshot,Playing violin,2,283565,283719
1600,24233,activitynet~v_meMZuh8iNDs,indomain,Braiding hair,1,283721,283931
1601,24242,activitynet~v_mn1ozn0j7D8,indomain,Shaving,2,283933,284011
1602,24244,activitynet~v_mn1ozn0j7D8,indomain,Shaving,1,284013,284141
1603,24264,activitynet~v_mvl6wff267o,zeroshot,Running a marathon,2,284143,284350
1604,24265,activitynet~v_mvl6wff267o,zeroshot,Running a marathon,2,284352,284559
1605,24337,activitynet~v_nSR-JSqGoWQ,indomain,Beach soccer,3,284561,284841
1606,24338,activitynet~v_nSR-JSqGoWQ,indomain,Beach soccer,3,284843,285030
1607,24339,activitynet~v_nSR-JSqGoWQ,indomain,Beach soccer,2,285032,285329
1608,24340,activitynet~v_nSR-JSqGoWQ,indomain,Beach soccer,0,285331,285520
1609,24341,activitynet~v_nSR-JSqGoWQ,indomain,Beach soccer,2,285522,285777
1610,24353,activitynet~v_nd50oUKdygI,zeroshot,Sharpening knives,2,285779,285970
1611,24354,activitynet~v_nd50oUKdygI,zeroshot,Sharpening knives,2,285972,286143
1612,24469,activitynet~v_p1-APric9UM,indomain,Drinking beer,2,286145,286301
1613,24471,activitynet~v_p1-APric9UM,indomain,Drinking beer,2,286303,286524
1614,24492,activitynet~v_pAAGm-KEFW0,indomain,Applying sunscreen,0,286526,286673
1615,24493,activitynet~v_pAAGm-KEFW0,indomain,Applying sunscreen,3,286675,286878
1616,24501,activitynet~v_pAAGm-KEFW0,indomain,Applying sunscreen,3,286880,287037
1617,24511,activitynet~v_pOyP_kDaskY,zeroshot,Playing harmonica,2,287039,287120
1618,24532,activitynet~v_pmn8_4zKo7I,indomain,Smoking a cigarette,2,287122,287225
1619,24533,activitynet~v_pmn8_4zKo7I,indomain,Smoking a cigarette,3,287227,287390
1620,24534,activitynet~v_pmn8_4zKo7I,indomain,Smoking a cigarette,0,287392,287569
1621,24602,activitynet~v_qkHBMmMlEr8,zeroshot,Layup drill in basketball,0,287571,287716
1622,24631,activitynet~v_r4QPhlrqqP4,indomain,Spread mulch,2,287718,287971
1623,24661,activitynet~v_rI-Iq496Sgk,indomain,Trimming branches or hedges,0,287973,288064
1624,24662,activitynet~v_rI-Iq496Sgk,indomain,Trimming branches or hedges,0,288066,288204
1625,24664,activitynet~v_rMX2KeJa8qI,indomain,Croquet,1,288206,288400
1626,24746,activitynet~v_s3OxuR2zsZM,zeroshot,Cutting the grass,0,288402,288493
1627,24747,activitynet~v_s3OxuR2zsZM,zeroshot,Cutting the grass,3,288495,288632
1628,24780,activitynet~v_sn1OtmEJxng,zeroshot,Running a marathon,2,288634,288766
1629,24782,activitynet~v_snPtOKtIEA4,zeroshot,Layup drill in basketball,0,288768,288958
1630,24823,activitynet~v_tJcbG_HGZE8,indomain,Hanging wallpaper,2,288960,289027
1631,24838,activitynet~v_tRAntV9Om2o,zeroshot,Cutting the grass,2,289029,289187
1632,24879,activitynet~v_uHmoFLB-PLc,indomain,Playing guitarra,0,289189,289274
1633,24891,activitynet~v_uO2YgcdqoZg,indomain,Playing squash,0,289276,289523
1634,24906,activitynet~v_uTVjevTM6V0,indomain,Snatch,1,289525,289827
1635,24911,activitynet~v_uX-UwKfRvJY,indomain,Doing crunches,2,289829,290016
1636,24912,activitynet~v_uX-UwKfRvJY,indomain,Doing crunches,3,290018,290193
1637,24913,activitynet~v_uX-UwKfRvJY,indomain,Doing crunches,1,290195,290461
1638,24933,activitynet~v_uj0UBMgR2gk,zeroshot,Playing violin,3,290463,290547
1639,24935,activitynet~v_uj0UBMgR2gk,zeroshot,Playing violin,2,290549,290701
1640,24940,activitynet~v_ul9kg5QdvJo,zeroshot,Having an ice cream,0,290703,290880
1641,24958,activitynet~v_uy9Z2i8AmyY,indomain,Paintball,0,290882,291104
1642,24980,activitynet~v_v5KAaaZD6uk,zeroshot,Running a marathon,0,291106,291218
1643,24981,activitynet~v_v5KAaaZD6uk,zeroshot,Running a marathon,0,291220,291362
1644,25010,activitynet~v_vAzTt06gpgE,zeroshot,Running a marathon,0,291364,291598
1645,25072,activitynet~v_vr0Wi359kWM,indomain,Cleaning shoes,3,291600,291709
1646,25073,activitynet~v_vr0Wi359kWM,indomain,Cleaning shoes,2,291711,291858
1647,25172,activitynet~v_wjcCl0jPxO4,zeroshot,Washing face,0,291860,292025
1648,25209,activitynet~v_xMQcYD044z4,zeroshot,Clean and jerk,2,292027,292228
1649,25238,activitynet~v_xdl0lyO9ub0,zeroshot,Clean and jerk,0,292230,292487
1650,25241,activitynet~v_xfNYfCAlkM4,zeroshot,Gargling mouthwash,0,292489,292654
1651,25242,activitynet~v_xfNYfCAlkM4,zeroshot,Gargling mouthwash,3,292656,292896
1652,25262,activitynet~v_y5j9TqTy9Xw,zeroshot,High jump,2,292898,292960
1653,25268,activitynet~v_yRup8RDsCzk,indomain,Capoeira,2,292962,293162
1654,25281,activitynet~v_ycBFz2RdgoY,indomain,Windsurfing,2,293164,293321
1655,25307,activitynet~v_yzmPtZyuo4s,zeroshot,High jump,2,293323,293489
1656,25329,activitynet~v_zTnRo6yABtg,indomain,Disc dog,1,293491,293581
1657,25330,activitynet~v_zTnRo6yABtg,indomain,Disc dog,1,293583,293727
1658,25360,activitynet~v_-Lxv663IEaI,indomain,Horseback riding,2,293729,293849
1659,25362,activitynet~v_-Lxv663IEaI,indomain,Horseback riding,1,293851,294086
1660,25431,activitynet~v_1zEcIngghq4,indomain,Playing congas,3,294088,294197
1661,25432,activitynet~v_1zEcIngghq4,indomain,Playing congas,3,294199,294355
1662,25441,activitynet~v_224E-VtB4k4,zeroshot,Playing violin,2,294357,294497
1663,25471,activitynet~v_2tf414bkudE,zeroshot,Sharpening knives,0,294499,294636
1664,25486,activitynet~v_3Hbm8FdirRc,indomain,Mowing the lawn,2,294638,294749
1665,25497,activitynet~v_3hZjxdMcG6o,zeroshot,Layup drill in basketball,1,294751,294847
1666,25498,activitynet~v_3hZjxdMcG6o,zeroshot,Layup drill in basketball,3,294849,294995
1667,25500,activitynet~v_3hZjxdMcG6o,zeroshot,Layup drill in basketball,3,294997,295139
1668,25558,activitynet~v_5GZNSTv1rVs,zeroshot,Ice fishing,0,295141,295368
1669,25559,activitynet~v_5GZNSTv1rVs,zeroshot,Ice fishing,3,295370,295561
1670,25630,activitynet~v_6VUsbs84lCc,indomain,Knitting,0,295563,295680
1671,25639,activitynet~v_7-jcXxwqf5E,zeroshot,Ice fishing,0,295682,295761
1672,25640,activitynet~v_7-jcXxwqf5E,zeroshot,Ice fishing,2,295763,295883
1673,25641,activitynet~v_7GOPv-XegSc,zeroshot,Cutting the grass,1,295885,296035
1674,25643,activitynet~v_7GOPv-XegSc,zeroshot,Cutting the grass,2,296037,296199
1675,25653,activitynet~v_7LimgSQsHm0,indomain,Playing ice hockey,3,296201,296658
1676,25655,activitynet~v_7LimgSQsHm0,indomain,Playing ice hockey,1,296660,296958
1677,25668,activitynet~v_7ghaFHKMUZ0,zeroshot,Having an ice cream,1,296960,297071
1678,25669,activitynet~v_7ghaFHKMUZ0,zeroshot,Having an ice cream,0,297073,297239
1679,25693,activitynet~v_8Ny9NjNpQQA,indomain,Playing polo,3,297241,297320
1680,25717,activitynet~v_91XkPU8A5hs,zeroshot,Playing violin,1,297322,297416
1681,25740,activitynet~v_9WOvWFdA7lY,indomain,Getting a piercing,2,297418,297515
1682,25741,activitynet~v_9WOvWFdA7lY,indomain,Getting a piercing,3,297517,297649
1683,25815,activitynet~v_CAG75_XxmEE,zeroshot,Cutting the grass,0,297651,297762
1684,25840,activitynet~v_Cx3QGeQu7xM,indomain,Disc dog,0,297764,297877
1685,25911,activitynet~v_FLJzzot6F-s,indomain,Tai chi,0,297879,297969
1686,25917,activitynet~v_FU0EPNGKsv8,zeroshot,Layup drill in basketball,0,297971,298178
1687,25956,activitynet~v_GD9SfOn3irM,indomain,Calf roping,3,298180,298401
1688,26012,activitynet~v_I91LmNcwN4Y,indomain,Painting furniture,3,298403,298710
1689,26033,activitynet~v_IlCsGkFnRkc,indomain,Decorating the Christmas tree,2,298712,298845
1690,26043,activitynet~v_J8mSgO4r-kQ,zeroshot,Ice fishing,0,298847,298996
1691,26072,activitynet~v_K0MzjnMzbj4,zeroshot,Layup drill in basketball,0,298998,299184
1692,26073,activitynet~v_K0MzjnMzbj4,zeroshot,Layup drill in basketball,1,299186,299377
1693,26074,activitynet~v_K0MzjnMzbj4,zeroshot,Layup drill in basketball,3,299379,299619
1694,26079,activitynet~v_KLr1ZVJDFDs,indomain,Longboarding,0,299621,299802
1695,26136,activitynet~v_LM8C4FSpN0w,indomain,Playing water polo,0,299804,299960
1696,26190,activitynet~v_Mm-bwu8Q2IU,indomain,Disc dog,2,299962,300155
1697,26191,activitynet~v_Mm-bwu8Q2IU,indomain,Disc dog,2,300157,300348
1698,26201,activitynet~v_MtmQjudesdM,zeroshot,High jump,2,300350,300476
1699,26207,activitynet~v_N-LaOcSqZaM,indomain,Playing beach volleyball,2,300478,300713
1700,26216,activitynet~v_NHznDFD3V3k,indomain,Vacuuming floor,2,300715,300817
1701,26249,activitynet~v_OjV4UScwkU0,indomain,Welding,0,300819,300939
1702,26250,activitynet~v_OjV4UScwkU0,indomain,Welding,3,300941,301122
1703,26251,activitynet~v_OqLUp37WKMA,indomain,Futsal,3,301124,301249
1704,26252,activitynet~v_OqLUp37WKMA,indomain,Futsal,2,301251,301437
1705,26271,activitynet~v_PDjtB578yRk,indomain,Capoeira,0,301439,301876
1706,26317,activitynet~v_QMCHIR3nDLs,indomain,Chopping wood,1,301878,301970
1707,26318,activitynet~v_QMCHIR3nDLs,indomain,Chopping wood,2,301972,302123
1708,26329,activitynet~v_QXAs-KJj7K8,indomain,Croquet,3,302125,302356
1709,26369,activitynet~v_ROMy00dG8Ds,indomain,Walking the dog,0,302358,302558
1710,26371,activitynet~v_ROMy00dG8Ds,indomain,Walking the dog,2,302560,302797
1711,26372,activitynet~v_RSyk6rS8ay0,zeroshot,Clean and jerk,3,302799,302972
1712,26421,activitynet~v_SfQku6CicrU,zeroshot,Washing face,1,302974,303029
1713,26438,activitynet~v_SvYeqLg4dQU,indomain,Playing pool,1,303031,303109
1714,26439,activitynet~v_SvYeqLg4dQU,indomain,Playing pool,2,303111,303263
1715,26462,activitynet~v_TeLWp5sSxg0,indomain,Removing curlers,0,303265,303416
1716,26488,activitynet~v_U37UAWdI-vY,zeroshot,Playing harmonica,2,303418,303555
1717,26494,activitynet~v_U7vWTmVzWSc,indomain,Surfing,3,303557,303656
1718,26515,activitynet~v_Ujgmih4OtMs,indomain,Archery,2,303658,303858
1719,26516,activitynet~v_UnOzWl0EGCA,indomain,Mixing drinks,2,303860,303939
1720,26517,activitynet~v_UnOzWl0EGCA,indomain,Mixing drinks,0,303941,304067
1721,26522,activitynet~v_UrQ7Jq1s95o,zeroshot,Clean and jerk,1,304069,304165
1722,26569,activitynet~v_WCChCrg9eZU,indomain,Shoveling snow,2,304167,304263
1723,26579,activitynet~v_WebWWFKJ4b0,indomain,Welding,0,304265,304362
1724,26589,activitynet~v_WtWw-GNpr4E,indomain,Playing badminton,0,304364,304569
1725,26604,activitynet~v_Xc70KHd4zhI,zeroshot,Having an ice cream,1,304571,304773
1726,26651,activitynet~v_Z47QGlaQ1NE,zeroshot,High jump,2,304775,304975
1727,26652,activitynet~v_Z47QGlaQ1NE,zeroshot,High jump,3,304977,305197
1728,26653,activitynet~v_Z47QGlaQ1NE,zeroshot,High jump,2,305199,305447
1729,26659,activitynet~v_ZBoa0UN86Qw,zeroshot,Layup drill in basketball,2,305449,305571
1730,26666,activitynet~v_ZKkjR2VTb7Y,zeroshot,Cutting the grass,0,305573,305724
1731,26667,activitynet~v_ZKkjR2VTb7Y,zeroshot,Cutting the grass,0,305726,305884
1732,26680,activitynet~v_ZZ71FIfxX-c,indomain,Beer pong,0,305886,306052
1733,26681,activitynet~v_ZZ71FIfxX-c,indomain,Beer pong,1,306054,306289
1734,26693,activitynet~v_ZlwkO1oFBHw,zeroshot,Layup drill in basketball,3,306291,306383
1735,26695,activitynet~v_ZncidS9kQ-g,indomain,Playing saxophone,0,306385,306472
1736,26759,activitynet~v_afqUOlnLHX0,indomain,Playing pool,1,306474,306649
1737,26806,activitynet~v_cMuQUTKMc0k,zeroshot,Having an ice cream,1,306651,306802
1738,26807,activitynet~v_cMuQUTKMc0k,zeroshot,Having an ice cream,2,306804,307013
1739,26808,activitynet~v_cMuQUTKMc0k,zeroshot,Having an ice cream,1,307015,307212
1740,26865,activitynet~v_dd1LE0m_KVg,indomain,Drum corps,1,307214,307364
1741,26872,activitynet~v_e6J_ygZ779A,zeroshot,High jump,0,307366,307592
1742,26882,activitynet~v_eTVzSwuCfd8,indomain,Blow-drying hair,0,307594,307748
1743,26888,activitynet~v_eVTMUEYhwDE,zeroshot,Clean and jerk,3,307750,307976
1744,26889,activitynet~v_eVTMUEYhwDE,zeroshot,Clean and jerk,0,307978,308439
1745,26992,activitynet~v_hUynCsek8I0,zeroshot,Ice fishing,2,308441,308556
1746,26993,activitynet~v_hUynCsek8I0,zeroshot,Ice fishing,1,308558,308729
1747,27000,activitynet~v_hryx3zm06U8,indomain,Laying tile,0,308731,308897
1748,27001,activitynet~v_hryx3zm06U8,indomain,Laying tile,2,308899,309129
1749,27002,activitynet~v_hryx3zm06U8,indomain,Laying tile,0,309131,309392
1750,27012,activitynet~v_i0AsepC37Sk,indomain,Playing congas,0,309394,309467
1751,27024,activitynet~v_iFJaqDgYsp0,zeroshot,Clean and jerk,2,309469,309606
1752,27049,activitynet~v_ijChwOwYDWc,zeroshot,Ice fishing,0,309608,309794
1753,27050,activitynet~v_ijChwOwYDWc,zeroshot,Ice fishing,2,309796,309993
1754,27104,activitynet~v_kUQ4bTeoG-Y,zeroshot,Running a marathon,3,309995,310095
1755,27130,activitynet~v_l2MB-KxbVEs,indomain,Calf roping,3,310097,310209
1756,27172,activitynet~v_m3yLm_dJU94,indomain,Cheerleading,0,310211,310371
1757,27175,activitynet~v_m3yLm_dJU94,indomain,Cheerleading,1,310373,310582
1758,27211,activitynet~v_mpC_UTM1tWQ,indomain,Discus throw,2,310584,310804
1759,27212,activitynet~v_mpC_UTM1tWQ,indomain,Discus throw,3,310806,311140
1760,27220,activitynet~v_mzGbmHjdCM8,zeroshot,Cutting the grass,1,311142,311199
1761,27221,activitynet~v_mzGbmHjdCM8,zeroshot,Cutting the grass,2,311201,311307
1762,27224,activitynet~v_mzbhfWgJ2sU,indomain,Preparing salad,3,311309,311460
1763,27262,activitynet~v_o86qcfpzO0g,indomain,Smoking a cigarette,1,311462,311602
1764,27280,activitynet~v_ow9bWn5gOvg,zeroshot,Sharpening knives,3,311604,311800
1765,27283,activitynet~v_ox2AGCcE9a0,zeroshot,Clean and jerk,3,311802,311881
1766,27287,activitynet~v_p3PEMCN4h_g,zeroshot,Running a marathon,2,311883,312026
1767,27332,activitynet~v_qHRCGBIiNFg,zeroshot,Ice fishing,0,312028,312236
1768,27333,activitynet~v_qHRCGBIiNFg,zeroshot,Ice fishing,3,312238,312561
1769,27334,activitynet~v_qHRCGBIiNFg,zeroshot,Ice fishing,1,312563,312879
1770,27342,activitynet~v_qVHazdU4_vY,indomain,Breakdancing,0,312881,313037
1771,27352,activitynet~v_qaB0igbuKuQ,indomain,Clipping cat claws,0,313039,313205
1772,27354,activitynet~v_qdE6dbQOnt0,zeroshot,Washing face,2,313207,313414
1773,27355,activitynet~v_qdE6dbQOnt0,zeroshot,Washing face,3,313416,313598
1774,27369,activitynet~v_rCmpRDbS_O4,zeroshot,Washing face,3,313600,313793
1775,27372,activitynet~v_rQZIJBinOsw,zeroshot,Sharpening knives,1,313795,314060
1776,27373,activitynet~v_rQZIJBinOsw,zeroshot,Sharpening knives,2,314062,314276
1777,27408,activitynet~v_sR3_5j8pUdI,indomain,Using the rowing machine,0,314278,314445
1778,27410,activitynet~v_sRol1BJ9EUk,zeroshot,Layup drill in basketball,1,314447,314582
1779,27444,activitynet~v_tcGO-GHcQIQ,zeroshot,Sharpening knives,2,314584,314773
1780,27470,activitynet~v_uDpLB-JDjEA,indomain,Calf roping,1,314775,314931
1781,27489,activitynet~v_upoS4Jct7kE,zeroshot,Sharpening knives,1,314933,315096
1782,27513,activitynet~v_vCeaFAiokrU,indomain,Shoveling snow,3,315098,315209
1783,27514,activitynet~v_vCeaFAiokrU,indomain,Shoveling snow,1,315211,315380
1784,27517,activitynet~v_vc820BteGzY,indomain,Making a cake,1,315382,315564
1785,27518,activitynet~v_vc820BteGzY,indomain,Making a cake,0,315566,315693
1786,27519,activitynet~v_vc820BteGzY,indomain,Making a cake,3,315695,315890
1787,27520,activitynet~v_vc820BteGzY,indomain,Making a cake,2,315892,316080
1788,27521,activitynet~v_vc820BteGzY,indomain,Making a cake,0,316082,316260
1789,27522,activitynet~v_vc820BteGzY,indomain,Making a cake,3,316262,316421
1790,27524,activitynet~v_vc820BteGzY,indomain,Making a cake,1,316423,316590
1791,27525,activitynet~v_vc820BteGzY,indomain,Making a cake,2,316592,316811
1792,27540,activitynet~v_vvk6f13VO5c,indomain,Beach soccer,1,316813,317012
1793,27541,activitynet~v_vvk6f13VO5c,indomain,Beach soccer,3,317014,317247
1794,27558,activitynet~v_wBcP3SQ3Qg4,indomain,Washing hands,0,317249,317421
1795,27559,activitynet~v_wBcP3SQ3Qg4,indomain,Washing hands,0,317423,317599
1796,27593,activitynet~v_xOmfJGR5fBw,indomain,Clipping cat claws,2,317601,317755
1797,27594,activitynet~v_xOmfJGR5fBw,indomain,Clipping cat claws,2,317757,317973
1798,27634,activitynet~v_ycA2gqWhPGk,zeroshot,Washing face,2,317975,318184
1799,27637,activitynet~v_yl3bjdUZrmM,indomain,Applying sunscreen,3,318186,318299
1800,27654,activitynet~v_yxcikJ3Hp8w,indomain,Cheerleading,3,318301,318431
1801,27660,activitynet~v_z-ttrQ38mOc,zeroshot,Playing violin,1,318433,318551
1802,27661,activitynet~v_z-ttrQ38mOc,zeroshot,Playing violin,0,318553,318729
1803,27664,activitynet~v_z9l32VOM6wY,zeroshot,Sharpening knives,0,318731,318877
1804,27665,activitynet~v_z9l32VOM6wY,zeroshot,Sharpening knives,3,318879,319091
1805,27670,activitynet~v_zPV8s8ZuLBY,zeroshot,Playing harmonica,2,319093,319243
1806,27671,activitynet~v_zPV8s8ZuLBY,zeroshot,Playing harmonica,3,319245,319462
1807,27679,activitynet~v_zufK6CufVhA,indomain,Shuffleboard,2,319464,319721
1808,27687,activitynet~v_-Lxv663IEaI,indomain,Horseback riding,1,319723,319863
1809,27780,activitynet~v_224E-VtB4k4,zeroshot,Playing violin,1,319865,319970
1810,27796,activitynet~v_2Voht8wf3dQ,zeroshot,Sharpening knives,0,319972,320191
1811,27807,activitynet~v_2tf414bkudE,zeroshot,Sharpening knives,3,320193,320304
1812,27808,activitynet~v_2tf414bkudE,zeroshot,Sharpening knives,0,320306,320515
1813,27822,activitynet~v_3Hbm8FdirRc,indomain,Mowing the lawn,1,320517,320630
1814,27834,activitynet~v_3hZjxdMcG6o,zeroshot,Layup drill in basketball,0,320632,320845
1815,27835,activitynet~v_3hZjxdMcG6o,zeroshot,Layup drill in basketball,3,320847,320978
1816,27897,activitynet~v_5GZNSTv1rVs,zeroshot,Ice fishing,0,320980,321216
1817,27957,activitynet~v_6VUsbs84lCc,indomain,Knitting,2,321218,321291
1818,27958,activitynet~v_6VUsbs84lCc,indomain,Knitting,0,321293,321402
1819,27969,activitynet~v_7-jcXxwqf5E,zeroshot,Ice fishing,1,321404,321559
1820,27970,activitynet~v_7-jcXxwqf5E,zeroshot,Ice fishing,2,321561,321705
1821,27982,activitynet~v_7LimgSQsHm0,indomain,Playing ice hockey,1,321707,321944
1822,27993,activitynet~v_7ghaFHKMUZ0,zeroshot,Having an ice cream,1,321946,322158
1823,27994,activitynet~v_7ghaFHKMUZ0,zeroshot,Having an ice cream,2,322160,322351
1824,28016,activitynet~v_8Ny9NjNpQQA,indomain,Playing polo,0,322353,322514
1825,28040,activitynet~v_91XkPU8A5hs,zeroshot,Playing violin,1,322516,322598
1826,28054,activitynet~v_9R2wP-iceaw,indomain,Dodgeball,0,322600,322733
1827,28055,activitynet~v_9R2wP-iceaw,indomain,Dodgeball,3,322735,322905
1828,28064,activitynet~v_9WOvWFdA7lY,indomain,Getting a piercing,0,322907,323035
1829,28136,activitynet~v_CAG75_XxmEE,zeroshot,Cutting the grass,0,323037,323222
1830,28165,activitynet~v_Cx3QGeQu7xM,indomain,Disc dog,0,323224,323409
1831,28168,activitynet~v_Cx3QGeQu7xM,indomain,Disc dog,3,323411,323608
1832,28253,activitynet~v_FU0EPNGKsv8,zeroshot,Layup drill in basketball,1,323610,323699
1833,28370,activitynet~v_I91LmNcwN4Y,indomain,Painting furniture,1,323701,323911
1834,28390,activitynet~v_IlCsGkFnRkc,indomain,Decorating the Christmas tree,3,323913,324024
1835,28392,activitynet~v_IlCsGkFnRkc,indomain,Decorating the Christmas tree,0,324026,324147
1836,28393,activitynet~v_IlCsGkFnRkc,indomain,Decorating the Christmas tree,2,324149,324318
1837,28394,activitynet~v_IlCsGkFnRkc,indomain,Decorating the Christmas tree,1,324320,324453
1838,28395,activitynet~v_IlCsGkFnRkc,indomain,Decorating the Christmas tree,1,324455,324607
1839,28408,activitynet~v_J8mSgO4r-kQ,zeroshot,Ice fishing,2,324609,324784
1840,28409,activitynet~v_J8mSgO4r-kQ,zeroshot,Ice fishing,2,324786,324979
1841,28434,activitynet~v_K0MzjnMzbj4,zeroshot,Layup drill in basketball,2,324981,325203
1842,28465,activitynet~v_LCyLWiw7n5Q,zeroshot,Having an ice cream,2,325205,325478
1843,28481,activitynet~v_LM8C4FSpN0w,indomain,Playing water polo,3,325480,325573
1844,28482,activitynet~v_LM8C4FSpN0w,indomain,Playing water polo,3,325575,325713
1845,28531,activitynet~v_MdOAr_4FJvc,indomain,Playing piano,1,325715,325794
1846,28542,activitynet~v_Mm-bwu8Q2IU,indomain,Disc dog,2,325796,325991
1847,28565,activitynet~v_N-LaOcSqZaM,indomain,Playing beach volleyball,3,325993,326100
1848,28574,activitynet~v_NHznDFD3V3k,indomain,Vacuuming floor,2,326102,326255
1849,28576,activitynet~v_NHznDFD3V3k,indomain,Vacuuming floor,2,326257,326474
1850,28612,activitynet~v_OjV4UScwkU0,indomain,Welding,2,326476,326707
1851,28613,activitynet~v_OqLUp37WKMA,indomain,Futsal,1,326709,326993
1852,28614,activitynet~v_OqLUp37WKMA,indomain,Futsal,3,326995,327285
1853,28625,activitynet~v_PDjtB578yRk,indomain,Capoeira,3,327287,327457
1854,28626,activitynet~v_PDjtB578yRk,indomain,Capoeira,2,327459,327622
1855,28671,activitynet~v_QMCHIR3nDLs,indomain,Chopping wood,1,327624,327751
1856,28672,activitynet~v_QMCHIR3nDLs,indomain,Chopping wood,2,327753,327958
1857,28723,activitynet~v_ROMy00dG8Ds,indomain,Walking the dog,3,327960,328059
1858,28724,activitynet~v_ROMy00dG8Ds,indomain,Walking the dog,3,328061,328201
1859,28725,activitynet~v_ROMy00dG8Ds,indomain,Walking the dog,0,328203,328400
1860,28728,activitynet~v_RSyk6rS8ay0,zeroshot,Clean and jerk,0,328402,328615
1861,28785,activitynet~v_SfQku6CicrU,zeroshot,Washing face,2,328617,328689
1862,28789,activitynet~v_SokK_O2s9tQ,indomain,Camel ride,2,328691,328825
1863,28791,activitynet~v_SokK_O2s9tQ,indomain,Camel ride,1,328827,329024
1864,28802,activitynet~v_SvYeqLg4dQU,indomain,Playing pool,2,329026,329171
1865,28803,activitynet~v_SvYeqLg4dQU,indomain,Playing pool,1,329173,329395
1866,28804,activitynet~v_SvYeqLg4dQU,indomain,Playing pool,2,329397,329631
1867,28835,activitynet~v_TeLWp5sSxg0,indomain,Removing curlers,0,329633,329776
1868,28836,activitynet~v_TeLWp5sSxg0,indomain,Removing curlers,3,329778,329973
1869,28852,activitynet~v_TspdPLMqTx0,zeroshot,Playing violin,0,329975,330065
1870,28860,activitynet~v_U37UAWdI-vY,zeroshot,Playing harmonica,2,330067,330314
1871,28861,activitynet~v_U37UAWdI-vY,zeroshot,Playing harmonica,0,330316,330500
1872,28887,activitynet~v_UnOzWl0EGCA,indomain,Mixing drinks,2,330502,330620
1873,28898,activitynet~v_UrQ7Jq1s95o,zeroshot,Clean and jerk,1,330622,330716
1874,28965,activitynet~v_WebWWFKJ4b0,indomain,Welding,3,330718,330994
1875,28971,activitynet~v_WtWw-GNpr4E,indomain,Playing badminton,2,330996,331253
1876,28986,activitynet~v_Xc70KHd4zhI,zeroshot,Having an ice cream,0,331255,331371
1877,29051,activitynet~v_Z47QGlaQ1NE,zeroshot,High jump,0,331373,331466
1878,29058,activitynet~v_ZBoa0UN86Qw,zeroshot,Layup drill in basketball,1,331468,331668
1879,29060,activitynet~v_ZBoa0UN86Qw,zeroshot,Layup drill in basketball,1,331670,331818
1880,29065,activitynet~v_ZKkjR2VTb7Y,zeroshot,Cutting the grass,2,331820,331954
1881,29078,activitynet~v_ZZ71FIfxX-c,indomain,Beer pong,2,331956,332248
1882,29085,activitynet~v_ZlwkO1oFBHw,zeroshot,Layup drill in basketball,3,332250,332452
1883,29086,activitynet~v_ZncidS9kQ-g,indomain,Playing saxophone,0,332454,332585
1884,29096,activitynet~v_Zt9nALIsHPc,zeroshot,Playing harmonica,0,332587,332676
1885,29144,activitynet~v_aPzHheM0Egw,indomain,Fixing the roof,3,332678,332853
1886,29154,activitynet~v_afqUOlnLHX0,indomain,Playing pool,2,332855,333065
1887,29187,activitynet~v_c6nEk5N4fSU,indomain,Elliptical trainer,2,333067,333151
1888,29196,activitynet~v_cMuQUTKMc0k,zeroshot,Having an ice cream,1,333153,333280
1889,29199,activitynet~v_cMuQUTKMc0k,zeroshot,Having an ice cream,1,333282,333471
1890,29272,activitynet~v_e6J_ygZ779A,zeroshot,High jump,1,333473,333611
1891,29280,activitynet~v_eRHbpYeYtxo,zeroshot,Clean and jerk,3,333613,333775
1892,29281,activitynet~v_eTVzSwuCfd8,indomain,Blow-drying hair,3,333777,333894
1893,29309,activitynet~v_eeoQE0dbA6U,indomain,Baton twirling,3,333896,334105
1894,29384,activitynet~v_hUynCsek8I0,zeroshot,Ice fishing,2,334107,334284
1895,29413,activitynet~v_iFJaqDgYsp0,zeroshot,Clean and jerk,0,334286,334448
1896,29414,activitynet~v_iFJaqDgYsp0,zeroshot,Clean and jerk,1,334450,334639
1897,29415,activitynet~v_iFJaqDgYsp0,zeroshot,Clean and jerk,3,334641,334827
1898,29455,activitynet~v_ijChwOwYDWc,zeroshot,Ice fishing,3,334829,335020
1899,29456,activitynet~v_ijChwOwYDWc,zeroshot,Ice fishing,1,335022,335217
1900,29457,activitynet~v_ijChwOwYDWc,zeroshot,Ice fishing,2,335219,335530
1901,29525,activitynet~v_ke9gaIRnaEo,zeroshot,Running a marathon,3,335532,335641
1902,29526,activitynet~v_ke9gaIRnaEo,zeroshot,Running a marathon,1,335643,335836
1903,29527,activitynet~v_ke9gaIRnaEo,zeroshot,Running a marathon,3,335838,336021
1904,29548,activitynet~v_l2MB-KxbVEs,indomain,Calf roping,2,336023,336133
1905,29549,activitynet~v_l2MB-KxbVEs,indomain,Calf roping,1,336135,336289
1906,29550,activitynet~v_l2MB-KxbVEs,indomain,Calf roping,0,336291,336437
1907,29551,activitynet~v_l2MB-KxbVEs,indomain,Calf roping,2,336439,336545
1908,29590,activitynet~v_lyJpgvmTOpo,indomain,Drinking beer,1,336547,336621
1909,29591,activitynet~v_lyJpgvmTOpo,indomain,Drinking beer,2,336623,336724
1910,29593,activitynet~v_m3yLm_dJU94,indomain,Cheerleading,1,336726,336910
1911,29614,activitynet~v_mh_0QLZhrSY,indomain,Playing bagpipes,0,336912,337016
1912,29624,activitynet~v_mpC_UTM1tWQ,indomain,Discus throw,1,337018,337085
1913,29625,activitynet~v_mpC_UTM1tWQ,indomain,Discus throw,0,337087,337207
1914,29688,activitynet~v_oFc4uYTxEqs,indomain,Tango,3,337209,337380
1915,29689,activitynet~v_oFc4uYTxEqs,indomain,Tango,2,337382,337562
1916,29711,activitynet~v_ow9bWn5gOvg,zeroshot,Sharpening knives,1,337564,337746
1917,29715,activitynet~v_ox2AGCcE9a0,zeroshot,Clean and jerk,3,337748,337897
1918,29718,activitynet~v_p3PEMCN4h_g,zeroshot,Running a marathon,3,337899,338171
1919,29719,activitynet~v_p3PEMCN4h_g,zeroshot,Running a marathon,0,338173,338472
1920,29720,activitynet~v_p3PEMCN4h_g,zeroshot,Running a marathon,2,338474,338724
1921,29721,activitynet~v_p3PEMCN4h_g,zeroshot,Running a marathon,3,338726,338944
1922,29776,activitynet~v_qHRCGBIiNFg,zeroshot,Ice fishing,3,338946,339143
1923,29798,activitynet~v_qdE6dbQOnt0,zeroshot,Washing face,1,339145,339349
1924,29810,activitynet~v_rCmpRDbS_O4,zeroshot,Washing face,1,339351,339465
1925,29812,activitynet~v_rMWCaPh9UqE,zeroshot,Cutting the grass,0,339467,339665
1926,29813,activitynet~v_rMWCaPh9UqE,zeroshot,Cutting the grass,2,339667,340012
1927,29814,activitynet~v_rMWCaPh9UqE,zeroshot,Cutting the grass,1,340014,340296
1928,29816,activitynet~v_rQZIJBinOsw,zeroshot,Sharpening knives,0,340298,340603
1929,29818,activitynet~v_rQZIJBinOsw,zeroshot,Sharpening knives,3,340605,341010
1930,29819,activitynet~v_rQZIJBinOsw,zeroshot,Sharpening knives,2,341012,341346
1931,29850,activitynet~v_s9MNW35YCMw,zeroshot,Gargling mouthwash,3,341348,341426
1932,29851,activitynet~v_s9MNW35YCMw,zeroshot,Gargling mouthwash,3,341428,341566
1933,29860,activitynet~v_sR3_5j8pUdI,indomain,Using the rowing machine,2,341568,341677
1934,29861,activitynet~v_sR3_5j8pUdI,indomain,Using the rowing machine,1,341679,341832
1935,29958,activitynet~v_upoS4Jct7kE,zeroshot,Sharpening knives,0,341834,341948
1936,29961,activitynet~v_upoS4Jct7kE,zeroshot,Sharpening knives,3,341950,342235
1937,29982,activitynet~v_vCeaFAiokrU,indomain,Shoveling snow,1,342237,342377
1938,29983,activitynet~v_vCeaFAiokrU,indomain,Shoveling snow,1,342379,342589
1939,29986,activitynet~v_vc820BteGzY,indomain,Making a cake,1,342591,342731
1940,29987,activitynet~v_vc820BteGzY,indomain,Making a cake,3,342733,342968
1941,30002,activitynet~v_vvk6f13VO5c,indomain,Beach soccer,1,342970,343166
1942,30012,activitynet~v_w2HnFjJei7k,zeroshot,Gargling mouthwash,2,343168,343440
1943,30013,activitynet~v_w2HnFjJei7k,zeroshot,Gargling mouthwash,3,343442,343699
1944,30021,activitynet~v_wBcP3SQ3Qg4,indomain,Washing hands,0,343701,343924
1945,30054,activitynet~v_xOmfJGR5fBw,indomain,Clipping cat claws,3,343926,344038
1946,30055,activitynet~v_xOmfJGR5fBw,indomain,Clipping cat claws,3,344040,344186
1947,30056,activitynet~v_xOmfJGR5fBw,indomain,Clipping cat claws,3,344188,344315
1948,30057,activitynet~v_xOmfJGR5fBw,indomain,Clipping cat claws,2,344317,344454
1949,30068,activitynet~v_xsBFnpdLWkU,indomain,Playing blackjack,0,344456,344530
1950,30069,activitynet~v_xsBFnpdLWkU,indomain,Playing blackjack,2,344532,344666
1951,30071,activitynet~v_xsBFnpdLWkU,indomain,Playing blackjack,2,344668,344820
1952,30072,activitynet~v_xsBFnpdLWkU,indomain,Playing blackjack,0,344822,344957
1953,30105,activitynet~v_ycA2gqWhPGk,zeroshot,Washing face,2,344959,345132
1954,30110,activitynet~v_yl3bjdUZrmM,indomain,Applying sunscreen,1,345134,345318
1955,30130,activitynet~v_yxcikJ3Hp8w,indomain,Cheerleading,3,345320,345510
1956,30131,activitynet~v_yxcikJ3Hp8w,indomain,Cheerleading,2,345512,345769
1957,30141,activitynet~v_z9l32VOM6wY,zeroshot,Sharpening knives,1,345771,346145
1958,30147,activitynet~v_zPV8s8ZuLBY,zeroshot,Playing harmonica,3,346147,346226
1959,30165,activitynet~v_zufK6CufVhA,indomain,Shuffleboard,1,346228,346408
1960,30181,activitynet~v_-0i3BpAQAgE,indomain,Rock-paper-scissors,2,346410,346507
1961,30182,activitynet~v_-0i3BpAQAgE,indomain,Rock-paper-scissors,0,346509,346642
1962,30183,activitynet~v_-0i3BpAQAgE,indomain,Rock-paper-scissors,0,346644,346806
1963,30202,activitynet~v_-PbWrGLuHT8,indomain,Windsurfing,0,346808,346947
1964,30203,activitynet~v_-PbWrGLuHT8,indomain,Windsurfing,3,346949,347144
1965,30204,activitynet~v_-V5_GMuMzc8,indomain,Getting a haircut,3,347146,347219
1966,30205,activitynet~v_-V5_GMuMzc8,indomain,Getting a haircut,3,347221,347329
1967,30256,activitynet~v_-uICMT1yOcM,zeroshot,Having an ice cream,2,347331,347433
1968,30314,activitynet~v_0T7yANM5I5Y,zeroshot,Clean and jerk,0,347435,347528
1969,30315,activitynet~v_0T7yANM5I5Y,zeroshot,Clean and jerk,3,347530,347701
1970,30321,activitynet~v_0j9TxzwRr6E,indomain,Table soccer,1,347703,347826
1971,30322,activitynet~v_0j9TxzwRr6E,indomain,Table soccer,2,347828,348026
1972,30343,activitynet~v_18QVPZgjy8w,indomain,Playing badminton,2,348028,348110
1973,30344,activitynet~v_18QVPZgjy8w,indomain,Playing badminton,3,348112,348246
1974,30358,activitynet~v_1JeK3U_nUUc,indomain,Beach soccer,1,348248,348456
1975,30362,activitynet~v_1PpVSeE2BJ8,zeroshot,Having an ice cream,0,348458,348540
1976,30416,activitynet~v_2FcdD7WapJM,zeroshot,Gargling mouthwash,1,348542,348742
1977,30472,activitynet~v_38qpTblXDTw,zeroshot,Cutting the grass,0,348744,348846
1978,30473,activitynet~v_38qpTblXDTw,zeroshot,Cutting the grass,3,348848,349004
1979,30495,activitynet~v_3ROld-bSgPQ,zeroshot,Having an ice cream,3,349006,349232
1980,30496,activitynet~v_3ROld-bSgPQ,zeroshot,Having an ice cream,0,349234,349474
1981,30597,activitynet~v_4qONyTNaPOI,indomain,Waterskiing,2,349476,349696
1982,30601,activitynet~v_4qONyTNaPOI,indomain,Waterskiing,3,349698,349941
1983,30615,activitynet~v_55FFh89yqVw,zeroshot,Washing face,1,349943,350174
1984,30616,activitynet~v_55FFh89yqVw,zeroshot,Washing face,1,350176,350310
1985,30621,activitynet~v_58he7Xcwfws,zeroshot,Clean and jerk,0,350312,350423
1986,30623,activitynet~v_58he7Xcwfws,zeroshot,Clean and jerk,0,350425,350587
1987,30635,activitynet~v_5R3h6lxne90,indomain,Putting in contact lenses,0,350589,350878
1988,30637,activitynet~v_5R3h6lxne90,indomain,Putting in contact lenses,1,350880,351082
1989,30638,activitynet~v_5R3h6lxne90,indomain,Putting in contact lenses,0,351084,351276
1990,30660,activitynet~v_5Z-78AmLjFo,indomain,Welding,2,351278,351397
1991,30674,activitynet~v_5kXIZCs22l8,indomain,Getting a haircut,1,351399,351533
1992,30690,activitynet~v_6Bm-_hI5A9A,zeroshot,Playing violin,1,351535,351710
1993,30692,activitynet~v_6E4_XOsT89k,indomain,Plataform diving,3,351712,351806
1994,30694,activitynet~v_6Epn-R6sg5U,indomain,Playing pool,0,351808,351954
1995,30695,activitynet~v_6Epn-R6sg5U,indomain,Playing pool,0,351956,352174
1996,30747,activitynet~v_7-uMJ_5WsZM,zeroshot,Cutting the grass,1,352176,352374
1997,30751,activitynet~v_73ZdOEJcsUw,indomain,Knitting,0,352376,352528
1998,30757,activitynet~v_7KYj4FQUESo,indomain,Vacuuming floor,0,352530,352691
1999,30790,activitynet~v_7g3YO0-R4qk,indomain,Swimming,2,352693,352783
2000,30835,activitynet~v_88Mt7VfUQBU,indomain,Kneeling,3,352785,352873
2001,30858,activitynet~v_8NcRuVMSQLs,zeroshot,High jump,3,352875,353080
2002,30882,activitynet~v_8b3ZBE0n3V8,indomain,Arm wrestling,0,353082,353276
2003,30883,activitynet~v_8b3ZBE0n3V8,indomain,Arm wrestling,3,353278,353516
2004,30884,activitynet~v_8b3ZBE0n3V8,indomain,Arm wrestling,0,353518,353765
2005,30901,activitynet~v_8miqQQJEsO0,zeroshot,Clean and jerk,0,353767,353881
2006,30909,activitynet~v_8twDb4CdhE0,zeroshot,Having an ice cream,3,353883,354098
2007,30927,activitynet~v_90cHokbZy6A,zeroshot,Sharpening knives,0,354100,354179
2008,30945,activitynet~v_9Pv2hUyODK4,indomain,Triple jump,1,354181,354395
2009,30947,activitynet~v_9Pv2hUyODK4,indomain,Triple jump,1,354397,354630
2010,30965,activitynet~v_9ku5v_hSVMw,zeroshot,Clean and jerk,0,354632,354771
2011,30967,activitynet~v_9qJbSz-eCq0,zeroshot,Having an ice cream,3,354773,355001
2012,30969,activitynet~v_9rW35YTKYq8,zeroshot,Playing violin,3,355003,355195
2013,30970,activitynet~v_9rW35YTKYq8,zeroshot,Playing violin,2,355197,355468
2014,31044,activitynet~v_Ap7GCrt9C4w,zeroshot,Clean and jerk,0,355470,355593
2015,31057,activitynet~v_B0sXYJeZ8Xk,zeroshot,Cutting the grass,3,355595,355716
2016,31058,activitynet~v_B0sXYJeZ8Xk,zeroshot,Cutting the grass,1,355718,355931
2017,31070,activitynet~v_BAgUUUOGaxI,indomain,Playing accordion,3,355933,356077
2018,31119,activitynet~v_Bm6HrokioXU,indomain,Dodgeball,2,356079,356308
2019,31149,activitynet~v_C5KcdwGSvbw,indomain,Baking cookies,2,356310,356397
2020,31150,activitynet~v_C5KcdwGSvbw,indomain,Baking cookies,1,356399,356566
2021,31151,activitynet~v_C5KcdwGSvbw,indomain,Baking cookies,2,356568,356776
2022,31152,activitynet~v_C5KcdwGSvbw,indomain,Baking cookies,0,356778,357018
2023,31153,activitynet~v_C5KcdwGSvbw,indomain,Baking cookies,0,357020,357237
2024,31154,activitynet~v_C5KcdwGSvbw,indomain,Baking cookies,2,357239,357433
2025,31155,activitynet~v_C5KcdwGSvbw,indomain,Baking cookies,3,357435,357622
2026,31168,activitynet~v_CE93IieQkAg,zeroshot,Cutting the grass,0,357624,357706
2027,31198,activitynet~v_Ch_qHjUtOpE,indomain,Cheerleading,0,357708,357904
2028,31252,activitynet~v_DQXJ8OU7Ox4,zeroshot,Clean and jerk,2,357906,358107
2029,31253,activitynet~v_DQXJ8OU7Ox4,zeroshot,Clean and jerk,2,358109,358326
2030,31264,activitynet~v_Db6sq4DjW7E,zeroshot,Layup drill in basketball,2,358328,358411
2031,31267,activitynet~v_DmTI8y6Anvo,zeroshot,Layup drill in basketball,1,358413,358600
2032,31285,activitynet~v_E1-eVfnNfXI,zeroshot,Having an ice cream,2,358602,358727
2033,31286,activitynet~v_E1-eVfnNfXI,zeroshot,Having an ice cream,2,358729,358920
2034,31303,activitynet~v_EA58Fo2e0CI,zeroshot,Running a marathon,3,358922,359033
2035,31305,activitynet~v_EA58Fo2e0CI,zeroshot,Running a marathon,2,359035,359219
2036,31315,activitynet~v_EOSvdsejPQQ,zeroshot,Playing harmonica,3,359221,359311
2037,31322,activitynet~v_ERmsX91_7V4,zeroshot,Layup drill in basketball,2,359313,359446
2038,31323,activitynet~v_ERmsX91_7V4,zeroshot,Layup drill in basketball,0,359448,359635
2039,31335,activitynet~v_EcQ7DcVefdw,indomain,Polishing shoes,1,359637,359787
2040,31337,activitynet~v_EcQ7DcVefdw,indomain,Polishing shoes,2,359789,360006
2041,31338,activitynet~v_EcQ7DcVefdw,indomain,Polishing shoes,1,360008,360193
2042,31372,activitynet~v_EsVxUf4Ae2c,zeroshot,Ice fishing,1,360195,360340
2043,31373,activitynet~v_EsVxUf4Ae2c,zeroshot,Ice fishing,2,360342,360578
2044,31374,activitynet~v_EsVxUf4Ae2c,zeroshot,Ice fishing,3,360580,360801
2045,31375,activitynet~v_EsVxUf4Ae2c,zeroshot,Ice fishing,3,360803,360998
2046,31425,activitynet~v_FKl0077EUoY,zeroshot,Sharpening knives,3,361000,361169
2047,31455,activitynet~v_FZtIVsmpYcI,zeroshot,Cutting the grass,1,361171,361303
2048,31458,activitynet~v_FZtIVsmpYcI,zeroshot,Cutting the grass,0,361305,361468
2049,31459,activitynet~v_F_EHrfbYsRE,zeroshot,Running a marathon,2,361470,361611
2050,31460,activitynet~v_F_EHrfbYsRE,zeroshot,Running a marathon,1,361613,361922
2051,31479,activitynet~v_G-fsWVYrAgc,indomain,Making a cake,1,361924,362239
2052,31543,activitynet~v_GqWH2IYPw6U,zeroshot,Playing violin,1,362241,362424
2053,31636,activitynet~v_IJER0EpbxW4,zeroshot,Running a marathon,2,362426,362540
2054,31651,activitynet~v_IcDadC2tw5c,indomain,Blowing leaves,2,362542,362725
2055,31652,activitynet~v_IcDadC2tw5c,indomain,Blowing leaves,1,362727,362937
2056,31653,activitynet~v_IcDadC2tw5c,indomain,Blowing leaves,3,362939,363142
2057,31654,activitynet~v_Igm1Mx4Ng1k,zeroshot,Cutting the grass,1,363144,363253
2058,31706,activitynet~v_J8VMY1SPJaY,indomain,Kayaking,3,363255,363519
2059,31733,activitynet~v_JKFxKhCQPUs,indomain,Using the pommel horse,3,363521,363745
2060,31741,activitynet~v_JV4ss42WZG8,indomain,Making a lemonade,3,363747,363943
2061,31809,activitynet~v_KU4twxFnX5Q,zeroshot,Running a marathon,1,363945,364088
2062,31854,activitynet~v_Koxtbgzexmw,indomain,Ping-pong,1,364090,364336
2063,31858,activitynet~v_KwhqAV_0o40,zeroshot,Ice fishing,0,364338,364693
2064,31859,activitynet~v_KwhqAV_0o40,zeroshot,Ice fishing,0,364695,365074
2065,31883,activitynet~v_L5nqeFWufrE,indomain,Plataform diving,3,365076,365317
2066,31884,activitynet~v_L5nqeFWufrE,indomain,Plataform diving,3,365319,365551
2067,31885,activitynet~v_L5nqeFWufrE,indomain,Plataform diving,2,365553,365826
2068,31911,activitynet~v_LLLuBjEVHI8,zeroshot,Layup drill in basketball,0,365828,365937
2069,31913,activitynet~v_LLLuBjEVHI8,zeroshot,Layup drill in basketball,0,365939,366172
2070,31916,activitynet~v_LOhacn4jdT4,zeroshot,Clean and jerk,2,366174,366313
2071,31917,activitynet~v_LOhacn4jdT4,zeroshot,Clean and jerk,3,366315,366501
2072,31918,activitynet~v_LOhacn4jdT4,zeroshot,Clean and jerk,3,366503,366655
2073,31920,activitynet~v_LOhacn4jdT4,zeroshot,Clean and jerk,3,366657,366804
2074,31964,activitynet~v_LnqAgjTpi0k,zeroshot,Running a marathon,2,366806,366956
2075,31965,activitynet~v_LnqAgjTpi0k,zeroshot,Running a marathon,1,366958,367085
2076,31973,activitynet~v_Lou-YFz3kb0,zeroshot,Playing violin,2,367087,367284
2077,31989,activitynet~v_M0ygYlmTHy4,indomain,Playing water polo,1,367286,367530
2078,31993,activitynet~v_M6xFXdXOzzc,indomain,Playing badminton,2,367532,367835
2079,32007,activitynet~v_MKLwNTbEK4E,indomain,Playing blackjack,0,367837,368062
2080,32025,activitynet~v_McwVhHxdr5g,indomain,Rollerblading,0,368064,368164
2081,32044,activitynet~v_MyMYuXh8E0Y,zeroshot,Gargling mouthwash,1,368166,368274
2082,32047,activitynet~v_MyMYuXh8E0Y,zeroshot,Gargling mouthwash,1,368276,368432
2083,32051,activitynet~v_MyMYuXh8E0Y,zeroshot,Gargling mouthwash,2,368434,368616
2084,32099,activitynet~v_NbIxjYWSURI,zeroshot,High jump,0,368618,368746
2085,32110,activitynet~v_Ncfysce-svA,indomain,Playing guitarra,3,368748,368943
2086,32182,activitynet~v_OHwE8aA90IE,zeroshot,Cutting the grass,2,368945,369067
2087,32243,activitynet~v_OkMH4AlF8hQ,zeroshot,Having an ice cream,3,369069,369251
2088,32247,activitynet~v_OrF46J3HmSw,indomain,Hopscotch,1,369253,369446
2089,32250,activitynet~v_OrVgspx6Axs,indomain,BMX,1,369448,369693
2090,32269,activitynet~v_P4Z4sQNQtJM,indomain,Tai chi,3,369695,369808
2091,32299,activitynet~v_PLWeVDUH_Cw,indomain,Ping-pong,1,369810,369968
2092,32300,activitynet~v_PLWeVDUH_Cw,indomain,Ping-pong,3,369970,370154
2093,32302,activitynet~v_PLvg8riZZVw,zeroshot,Ice fishing,3,370156,370288
2094,32304,activitynet~v_PLvg8riZZVw,zeroshot,Ice fishing,1,370290,370442
2095,32305,activitynet~v_PLvg8riZZVw,zeroshot,Ice fishing,2,370444,370709
2096,32318,activitynet~v_PUqHiigzb7A,zeroshot,Clean and jerk,3,370711,370863
2097,32319,activitynet~v_PUqHiigzb7A,zeroshot,Clean and jerk,3,370865,371087
2098,32357,activitynet~v_PziLzNjG2bI,zeroshot,High jump,3,371089,371248
2099,32406,activitynet~v_QvP8tPp8Wog,indomain,Playing guitarra,0,371250,371388
2100,32407,activitynet~v_QvP8tPp8Wog,indomain,Playing guitarra,0,371390,371578
2101,32412,activitynet~v_R8-iriCwcyE,indomain,Using parallel bars,3,371580,371716
2102,32413,activitynet~v_R8-iriCwcyE,indomain,Using parallel bars,2,371718,371914
2103,32415,activitynet~v_R8-iriCwcyE,indomain,Using parallel bars,3,371916,372117
2104,32416,activitynet~v_R8-iriCwcyE,indomain,Using parallel bars,0,372119,372318
2105,32417,activitynet~v_R8-iriCwcyE,indomain,Using parallel bars,2,372320,372505
2106,32418,activitynet~v_R8-iriCwcyE,indomain,Using parallel bars,3,372507,372701
2107,32419,activitynet~v_RAaRFD5M8h4,indomain,Grooming dog,3,372703,372838
2108,32420,activitynet~v_RAaRFD5M8h4,indomain,Grooming dog,0,372840,373035
2109,32441,activitynet~v_RNxHKDlWAGQ,indomain,BMX,0,373037,373244
2110,32471,activitynet~v_RlC3n0VSGOU,indomain,Surfing,1,373246,373417
2111,32473,activitynet~v_RmTDHszp1v0,indomain,Using parallel bars,0,373419,373547
2112,32474,activitynet~v_RmTDHszp1v0,indomain,Using parallel bars,1,373549,373730
2113,32512,activitynet~v_SaBcTNvRA6g,zeroshot,Washing face,2,373732,373851
2114,32518,activitynet~v_SaBcTNvRA6g,zeroshot,Washing face,3,373853,374053
2115,32526,activitynet~v_SgkdciuEuKs,indomain,Cleaning sink,1,374055,374234
2116,32527,activitynet~v_SgkdciuEuKs,indomain,Cleaning sink,1,374236,374522
2117,32528,activitynet~v_SgkdciuEuKs,indomain,Cleaning sink,3,374524,374743
2118,32529,activitynet~v_SgkdciuEuKs,indomain,Cleaning sink,2,374745,374906
2119,32540,activitynet~v_SzCK4QuEG3c,zeroshot,Sharpening knives,2,374908,375070
2120,32541,activitynet~v_SzCK4QuEG3c,zeroshot,Sharpening knives,1,375072,375259
2121,32550,activitynet~v_TIue1jR51j8,zeroshot,High jump,2,375261,375338
2122,32559,activitynet~v_TQ22icNBoSI,indomain,Roof shingle removal,3,375340,375544
2123,32560,activitynet~v_TQ22icNBoSI,indomain,Roof shingle removal,0,375546,375732
2124,32587,activitynet~v_Te1d8H4VWYw,indomain,Playing water polo,2,375734,375910
2125,32588,activitynet~v_TexMXN2yegk,indomain,Carving jack-o-lanterns,3,375912,376014
2126,32614,activitynet~v_Tm1ebIrDyz0,zeroshot,High jump,2,376016,376164
2127,32616,activitynet~v_Tm7N2HU4noQ,zeroshot,Layup drill in basketball,1,376166,376251
2128,32617,activitynet~v_Tm7N2HU4noQ,zeroshot,Layup drill in basketball,3,376253,376408
2129,32620,activitynet~v_Tm7N2HU4noQ,zeroshot,Layup drill in basketball,1,376410,376546
2130,32641,activitynet~v_U0mKdo2-Gfc,zeroshot,Running a marathon,2,376548,376671
2131,32642,activitynet~v_U0mKdo2-Gfc,zeroshot,Running a marathon,2,376673,376833
2132,32643,activitynet~v_U0mKdo2-Gfc,zeroshot,Running a marathon,1,376835,377046
2133,32654,activitynet~v_UCZGbQFg6io,indomain,Long jump,3,377048,377168
2134,32671,activitynet~v_UPZm0tx77Vw,indomain,Ping-pong,1,377170,377286
2135,32672,activitynet~v_UPZm0tx77Vw,indomain,Ping-pong,2,377288,377519
2136,32673,activitynet~v_UPZm0tx77Vw,indomain,Ping-pong,0,377521,377750
2137,32674,activitynet~v_UPZm0tx77Vw,indomain,Ping-pong,2,377752,378004
2138,32701,activitynet~v_UwZbkuVsPno,zeroshot,Layup drill in basketball,2,378006,378113
2139,32710,activitynet~v_V-kMGMX-l2g,indomain,Zumba,3,378115,378246
2140,32711,activitynet~v_V-kMGMX-l2g,indomain,Zumba,2,378248,378490
2141,32727,activitynet~v_VNROQWtYhlw,zeroshot,Having an ice cream,2,378492,378646
2142,32728,activitynet~v_VNROQWtYhlw,zeroshot,Having an ice cream,1,378648,378872
2143,32729,activitynet~v_VNROQWtYhlw,zeroshot,Having an ice cream,3,378874,379103
2144,32730,activitynet~v_VNROQWtYhlw,zeroshot,Having an ice cream,1,379105,379302
2145,32821,activitynet~v_WDvsx_q2h-4,zeroshot,Playing violin,1,379304,379419
2146,32904,activitynet~v_XDFJFhaG_p0,zeroshot,Playing violin,2,379421,379548
2147,32908,activitynet~v_XKOeu8n7R7s,zeroshot,Layup drill in basketball,0,379550,379824
2148,32909,activitynet~v_XKuD0F-p6YA,indomain,Assembling bicycle,0,379826,379946
2149,32916,activitynet~v_XToVLTbQEm4,zeroshot,Layup drill in basketball,3,379948,380038
2150,32950,activitynet~v_XnUi1SG9jxA,zeroshot,High jump,2,380040,380240
2151,32951,activitynet~v_XnUi1SG9jxA,zeroshot,High jump,1,380242,380538
2152,32955,activitynet~v_XsqslHC79FQ,zeroshot,Playing violin,0,380540,380782
2153,32957,activitynet~v_XsqslHC79FQ,zeroshot,Playing violin,3,380784,380999
2154,32968,activitynet~v_Y9wrTRY3mUI,zeroshot,Ice fishing,2,381001,381252
2155,32970,activitynet~v_Y9wrTRY3mUI,zeroshot,Ice fishing,3,381254,381686
2156,32971,activitynet~v_YAPkcWlWmYg,indomain,Zumba,3,381688,381920
2157,32982,activitynet~v_YK5n3YTf8pI,zeroshot,Clean and jerk,3,381922,382154
2158,33018,activitynet~v_YnsusYE6i_0,indomain,Ballet,0,382156,382598
2159,33042,activitynet~v_Z47Ig2AqKfg,zeroshot,Playing violin,2,382600,382710
2160,33068,activitynet~v_ZLXhlWhrkno,indomain,Archery,0,382712,382829
2161,33070,activitynet~v_ZLXhlWhrkno,indomain,Archery,2,382831,382964
2162,33071,activitynet~v_ZLXhlWhrkno,indomain,Archery,0,382966,383159
2163,33073,activitynet~v_ZLXhlWhrkno,indomain,Archery,1,383161,383329
2164,33109,activitynet~v_ZbfYwmb39H0,indomain,Playing lacrosse,3,383331,383505
2165,33110,activitynet~v_ZbfYwmb39H0,indomain,Playing lacrosse,2,383507,383795
2166,33114,activitynet~v_ZlHaPkhGr_g,zeroshot,Playing harmonica,1,383797,383978
2167,33116,activitynet~v_ZlHaPkhGr_g,zeroshot,Playing harmonica,3,383980,384147
2168,33117,activitynet~v_ZlHaPkhGr_g,zeroshot,Playing harmonica,0,384149,384401
2169,33118,activitynet~v_ZlHaPkhGr_g,zeroshot,Playing harmonica,3,384403,384612
2170,33120,activitynet~v_ZlHaPkhGr_g,zeroshot,Playing harmonica,1,384614,384824
2171,33121,activitynet~v_ZlHaPkhGr_g,zeroshot,Playing harmonica,2,384826,385027
2172,33123,activitynet~v_ZoKZTceDTLA,indomain,Laying tile,2,385029,385163
2173,33157,activitynet~v__0sDAdyMtnk,zeroshot,Playing violin,0,385165,385274
2174,33158,activitynet~v__0sDAdyMtnk,zeroshot,Playing violin,3,385276,385446
2175,33159,activitynet~v__0sDAdyMtnk,zeroshot,Playing violin,1,385448,385618
2176,33160,activitynet~v__0sDAdyMtnk,zeroshot,Playing violin,1,385620,385753
2177,33165,activitynet~v__4CLYKFzmoY,zeroshot,Playing violin,0,385755,385911
2178,33167,activitynet~v__5by7Is4JEU,indomain,Rope skipping,0,385913,386061
2179,33171,activitynet~v__9e948mdwrs,indomain,Blowing leaves,0,386063,386139
2180,33184,activitynet~v__EKqIcXdW04,indomain,Kneeling,1,386141,386231
2181,33215,activitynet~v___c8enCfzqw,indomain,Blow-drying hair,3,386233,386533
2182,33216,activitynet~v___c8enCfzqw,indomain,Blow-drying hair,0,386535,386784
2183,33219,activitynet~v__g2D5oXLCZI,zeroshot,Layup drill in basketball,2,386786,386909
2184,33226,activitynet~v_a2k-AgrAppg,zeroshot,Having an ice cream,3,386911,387070
2185,33260,activitynet~v_aVJRaXUjsEE,indomain,Beer pong,0,387072,387192
2186,33261,activitynet~v_aVJRaXUjsEE,indomain,Beer pong,0,387194,387322
2187,33262,activitynet~v_aVJRaXUjsEE,indomain,Beer pong,0,387324,387662
2188,33294,activitynet~v_arfBwR8qgPw,zeroshot,High jump,0,387664,387846
2189,33340,activitynet~v_b8ftOk8tKxg,zeroshot,Washing face,3,387848,387986
2190,33374,activitynet~v_bQVMoeBK7XU,indomain,Applying sunscreen,1,387988,388200
2191,33395,activitynet~v_bru03d1k6DY,zeroshot,Ice fishing,1,388202,388380
2192,33396,activitynet~v_bru03d1k6DY,zeroshot,Ice fishing,1,388382,388543
2193,33397,activitynet~v_bru03d1k6DY,zeroshot,Ice fishing,1,388545,388684
2194,33432,activitynet~v_cGNkR-JvaJs,indomain,Playing pool,3,388686,388779
2195,33435,activitynet~v_cGNkR-JvaJs,indomain,Playing pool,0,388781,388926
2196,33437,activitynet~v_cGNkR-JvaJs,indomain,Playing pool,1,388928,389075
2197,33439,activitynet~v_cGNkR-JvaJs,indomain,Playing pool,0,389077,389244
2198,33440,activitynet~v_cGNkR-JvaJs,indomain,Playing pool,0,389246,389451
2199,33441,activitynet~v_cGNkR-JvaJs,indomain,Playing pool,0,389453,389685
2200,33442,activitynet~v_cGNkR-JvaJs,indomain,Playing pool,2,389687,389891
2201,33443,activitynet~v_cGNkR-JvaJs,indomain,Playing pool,0,389893,390070
2202,33444,activitynet~v_cGNkR-JvaJs,indomain,Playing pool,2,390072,390223
2203,33448,activitynet~v_cJyl4yqFuK0,zeroshot,Washing face,0,390225,390366
2204,33503,activitynet~v_d7gTlJhEwrM,indomain,Long jump,2,390368,390509
2205,33548,activitynet~v_dtvIQ9Pd-Bg,zeroshot,Sharpening knives,2,390511,390667
2206,33561,activitynet~v_e-Z9xiEQqPQ,indomain,Horseback riding,2,390669,390779
2207,33563,activitynet~v_e-Z9xiEQqPQ,indomain,Horseback riding,1,390781,390924
2208,33571,activitynet~v_e1tC-0BSwV4,indomain,Making a lemonade,0,390926,391103
2209,33600,activitynet~v_eElKkhIJXCs,indomain,Playing lacrosse,1,391105,391182
2210,33614,activitynet~v_eMQ5sazq-q0,zeroshot,Cutting the grass,0,391184,391280
2211,33617,activitynet~v_eNE8O5cgYuE,zeroshot,Running a marathon,1,391282,391437
2212,33619,activitynet~v_eNE8O5cgYuE,zeroshot,Running a marathon,2,391439,391643
2213,33663,activitynet~v_f0lxilPpXeM,zeroshot,Gargling mouthwash,1,391645,391794
2214,33715,activitynet~v_fU2mbWwVSXU,zeroshot,Sharpening knives,0,391796,392047
2215,33725,activitynet~v_fZc3tkvUJe0,zeroshot,Sharpening knives,2,392049,392215
2216,33726,activitynet~v_fZzswQaICfM,indomain,Hopscotch,2,392217,392358
2217,33728,activitynet~v_fZzswQaICfM,indomain,Hopscotch,3,392360,392655
2218,33751,activitynet~v_fvUQQF5S4Dg,zeroshot,Having an ice cream,0,392657,392838
2219,33764,activitynet~v_gC4B1Az2Mk0,zeroshot,Having an ice cream,1,392840,392967
2220,33830,activitynet~v_h15m87WsCHQ,indomain,Playing ice hockey,3,392969,393132
2221,33863,activitynet~v_hS7VEMlJ4N0,zeroshot,High jump,0,393134,393271
2222,33874,activitynet~v_hY73M6hJqgU,indomain,Baking cookies,1,393273,393476
2223,33875,activitynet~v_hY73M6hJqgU,indomain,Baking cookies,3,393478,393684
2224,33878,activitynet~v_hg-wVv7XSFo,indomain,Braiding hair,0,393686,393785
2225,33879,activitynet~v_hg-wVv7XSFo,indomain,Braiding hair,0,393787,393950
2226,33880,activitynet~v_hg-wVv7XSFo,indomain,Braiding hair,2,393952,394140
2227,33903,activitynet~v_hwY9jvSjC9I,indomain,Putting on shoes,1,394142,394324
2228,34029,activitynet~v_jkWqhnD8hyQ,indomain,Painting furniture,3,394326,394398
2229,34032,activitynet~v_jkWqhnD8hyQ,indomain,Painting furniture,3,394400,394552
2230,34033,activitynet~v_jkWqhnD8hyQ,indomain,Painting furniture,2,394554,394757
2231,34034,activitynet~v_jkWqhnD8hyQ,indomain,Painting furniture,2,394759,394902
2232,34074,activitynet~v_jsofzMPb0i4,zeroshot,Layup drill in basketball,3,394904,395140
2233,34075,activitynet~v_jsofzMPb0i4,zeroshot,Layup drill in basketball,2,395142,395377
2234,34076,activitynet~v_jsofzMPb0i4,zeroshot,Layup drill in basketball,1,395379,395617
2235,34077,activitynet~v_jsofzMPb0i4,zeroshot,Layup drill in basketball,1,395619,395845
2236,34140,activitynet~v_kliGNOFLJSk,indomain,Capoeira,2,395847,396047
2237,34161,activitynet~v_kuyuhXuMPX4,indomain,Shoveling snow,2,396049,396214
2238,34163,activitynet~v_kuyuhXuMPX4,indomain,Shoveling snow,1,396216,396349
2239,34167,activitynet~v_kyMsxlpBjlY,indomain,Mowing the lawn,0,396351,396524
2240,34168,activitynet~v_kyMsxlpBjlY,indomain,Mowing the lawn,2,396526,396757
2241,34169,activitynet~v_kyMsxlpBjlY,indomain,Mowing the lawn,0,396759,396950
2242,34178,activitynet~v_l5qCvYE1-tA,zeroshot,High jump,2,396952,397125
2243,34195,activitynet~v_lBXRkMZfIXk,zeroshot,Sharpening knives,2,397127,397385
2244,34218,activitynet~v_lTFCUuLtUJs,zeroshot,Running a marathon,1,397387,397591
2245,34360,activitynet~v_nA9MM4baSdc,zeroshot,Playing harmonica,1,397593,397695
2246,34366,activitynet~v_nEAypudaSFs,zeroshot,Playing harmonica,2,397697,397948
2247,34417,activitynet~v_nxNJNn8blDw,indomain,Installing carpet,2,397950,398172
2248,34418,activitynet~v_nxNJNn8blDw,indomain,Installing carpet,2,398174,398455
2249,34419,activitynet~v_nxNJNn8blDw,indomain,Installing carpet,1,398457,398685
2250,34420,activitynet~v_nxNJNn8blDw,indomain,Installing carpet,2,398687,398881
2251,34421,activitynet~v_nxNJNn8blDw,indomain,Installing carpet,2,398883,399180
2252,34422,activitynet~v_nxNir9CE3zI,indomain,Kayaking,0,399182,399290
2253,34475,activitynet~v_offWBoR4Ggg,indomain,Futsal,1,399292,399559
2254,34476,activitynet~v_ofrkSTRhCE4,zeroshot,Running a marathon,3,399561,399755
2255,34494,activitynet~v_om1vXrpctVE,indomain,Sumo,1,399757,399985
2256,34505,activitynet~v_opGZh9nUlWA,indomain,Ballet,3,399987,400053
2257,34507,activitynet~v_opGZh9nUlWA,indomain,Ballet,3,400055,400200
2258,34557,activitynet~v_pHAIrx_cRFU,zeroshot,Sharpening knives,3,400202,400327
2259,34558,activitynet~v_pHAIrx_cRFU,zeroshot,Sharpening knives,2,400329,400505
2260,34560,activitynet~v_pHAIrx_cRFU,zeroshot,Sharpening knives,2,400507,400671
2261,34561,activitynet~v_pHAIrx_cRFU,zeroshot,Sharpening knives,0,400673,400843
2262,34562,activitynet~v_pHAIrx_cRFU,zeroshot,Sharpening knives,1,400845,401006
2263,34669,activitynet~v_qemvXlRMQgM,indomain,Smoking hookah,3,401008,401162
2264,34670,activitynet~v_qemvXlRMQgM,indomain,Smoking hookah,1,401164,401358
2265,34677,activitynet~v_qlbuekEsXL4,indomain,Calf roping,3,401360,401445
2266,34720,activitynet~v_rBsRSdPFOww,zeroshot,Sharpening knives,3,401447,401772
2267,34783,activitynet~v_rt1kYX3slRI,indomain,Using parallel bars,3,401774,401983
2268,34834,activitynet~v_sHx5UcQQ1kU,zeroshot,Sharpening knives,0,401985,402240
2269,34871,activitynet~v_suwVnxHZtI8,indomain,Snow tubing,0,402242,402334
2270,34873,activitynet~v_suwVnxHZtI8,indomain,Snow tubing,1,402336,402529
2271,34961,activitynet~v_tjuYS-6UC_M,indomain,Hitting a pinata,0,402531,402636
2272,34962,activitynet~v_tjuYS-6UC_M,indomain,Hitting a pinata,1,402638,402781
2273,35083,activitynet~v_uu4_cV49pMI,zeroshot,Running a marathon,0,402783,402935
2274,35088,activitynet~v_uwGcEaW3z3Q,zeroshot,Clean and jerk,3,402937,403016
2275,35089,activitynet~v_uwGcEaW3z3Q,zeroshot,Clean and jerk,1,403018,403162
2276,35095,activitynet~v_v0mUPr68x2U,indomain,Swimming,1,403164,403321
2277,35127,activitynet~v_vPhAXENSjiw,indomain,Cheerleading,0,403323,403428
2278,35128,activitynet~v_vPhAXENSjiw,indomain,Cheerleading,0,403430,403604
2279,35131,activitynet~v_vPhAXENSjiw,indomain,Cheerleading,2,403606,403782
2280,35132,activitynet~v_vPhAXENSjiw,indomain,Cheerleading,3,403784,404012
2281,35138,activitynet~v_vdYFwqfqgJA,indomain,Playing ice hockey,2,404014,404157
2282,35139,activitynet~v_vdYFwqfqgJA,indomain,Playing ice hockey,3,404159,404401
2283,35147,activitynet~v_voaGOm-rl9Y,indomain,Shoveling snow,3,404403,404522
2284,35167,activitynet~v_wAt_OsQe-qM,zeroshot,Playing violin,2,404524,404645
2285,35240,activitynet~v_x2FfKHiN_3s,zeroshot,Ice fishing,2,404647,404922
2286,35259,activitynet~v_xF7etZzLFbY,zeroshot,Cutting the grass,2,404924,405049
2287,35260,activitynet~v_xF7etZzLFbY,zeroshot,Cutting the grass,1,405051,405218
2288,35338,activitynet~v_y7WO-8cQfO0,indomain,Rope skipping,2,405220,405358
2289,35340,activitynet~v_y7WO-8cQfO0,indomain,Rope skipping,3,405360,405579
2290,35342,activitynet~v_y7WO-8cQfO0,indomain,Rope skipping,2,405581,405811
2291,35357,activitynet~v_yGPzIGJ_2B8,zeroshot,Cutting the grass,2,405813,406024
2292,35362,activitynet~v_yNHc-xADBm8,indomain,Starting a campfire,1,406026,406097
2293,35364,activitynet~v_yNHc-xADBm8,indomain,Starting a campfire,0,406099,406248
2294,35403,activitynet~v_z5bc9KKiAGI,indomain,Throwing darts,3,406250,406350
2295,35416,activitynet~v_zBtmE0BAjGE,indomain,Cleaning sink,1,406352,406620
2296,35417,activitynet~v_zE1l4avJZaU,indomain,Wrapping presents,1,406622,406705
2297,35418,activitynet~v_zE1l4avJZaU,indomain,Wrapping presents,3,406707,406836
2298,35427,activitynet~v_zL0L9Faa5CA,zeroshot,High jump,2,406838,407014
2299,35445,activitynet~v_zUPadKgtYHw,zeroshot,Running a marathon,0,407016,407143
2300,35471,activitynet~v_zm8gZpwZkRE,indomain,Playing drums,2,407145,407205
2301,35516,activitynet~v_-TubttTNt90,zeroshot,Sharpening knives,2,407207,407307
2302,35537,activitynet~v_-jNouTszLJ0,indomain,Beer pong,0,407309,407416
2303,35564,activitynet~v_0GWJ-VHFlTk,zeroshot,Layup drill in basketball,3,407418,407529
2304,35565,activitynet~v_0GWJ-VHFlTk,zeroshot,Layup drill in basketball,1,407531,407694
2305,35607,activitynet~v_1X4hgrBjw-U,zeroshot,Having an ice cream,0,407696,407785
2306,35608,activitynet~v_1X4hgrBjw-U,zeroshot,Having an ice cream,3,407787,407922
2307,35612,activitynet~v_1dvrNvxw43Q,zeroshot,Ice fishing,3,407924,408005
2308,35613,activitynet~v_1dvrNvxw43Q,zeroshot,Ice fishing,2,408007,408167
2309,35616,activitynet~v_1hiyhNqakMI,zeroshot,Cutting the grass,2,408169,408283
2310,35617,activitynet~v_1hiyhNqakMI,zeroshot,Cutting the grass,3,408285,408436
2311,35643,activitynet~v_2sbF8W0_bbg,indomain,Smoking hookah,3,408438,408498
2312,35644,activitynet~v_2sbF8W0_bbg,indomain,Smoking hookah,3,408500,408597
2313,35710,activitynet~v_4T8uFygBeNo,indomain,Longboarding,2,408599,408749
2314,35718,activitynet~v_4YJ_L7jqgoA,zeroshot,Clean and jerk,0,408751,408881
2315,35749,activitynet~v_5OWJ7WqKWMU,indomain,Brushing teeth,0,408883,409097
2316,35776,activitynet~v_6Kp_fvkZWTE,zeroshot,High jump,2,409099,409163
2317,35815,activitynet~v_7RESODKApso,zeroshot,Ice fishing,1,409165,409254
2318,35816,activitynet~v_7RESODKApso,zeroshot,Ice fishing,2,409256,409432
2319,35890,activitynet~v_9njq_aC4AS4,indomain,Disc dog,1,409434,409624
2320,35901,activitynet~v_A8KtrGjBodw,indomain,Drinking beer,1,409626,409739
2321,35910,activitynet~v_AMMECm7Huhk,zeroshot,Having an ice cream,0,409741,409990
2322,35911,activitynet~v_AMMECm7Huhk,zeroshot,Having an ice cream,1,409992,410191
2323,35912,activitynet~v_AMMECm7Huhk,zeroshot,Having an ice cream,0,410193,410371
2324,35913,activitynet~v_AMMECm7Huhk,zeroshot,Having an ice cream,3,410373,410632
2325,35963,activitynet~v_BzxK6r4UG5k,zeroshot,Clean and jerk,2,410634,410724
2326,35964,activitynet~v_BzxK6r4UG5k,zeroshot,Clean and jerk,0,410726,410863
2327,35971,activitynet~v_CN01Gm2Yc4k,indomain,Doing crunches,3,410865,411038
2328,35972,activitynet~v_CN01Gm2Yc4k,indomain,Doing crunches,2,411040,411235
2329,35990,activitynet~v_CnrvRF_N7fU,indomain,Using the rowing machine,1,411237,411522
2330,36007,activitynet~v_D2TQ_RR2Q50,zeroshot,Running a marathon,0,411524,411693
2331,36014,activitynet~v_DJE9nX2qKYs,zeroshot,Clean and jerk,3,411695,411781
2332,36021,activitynet~v_DRSH-_Ye9eE,indomain,Playing lacrosse,1,411783,412155
2333,36043,activitynet~v_DjT4-5H3xDQ,zeroshot,Sharpening knives,1,412157,412299
2334,36044,activitynet~v_DjT4-5H3xDQ,zeroshot,Sharpening knives,3,412301,412433
2335,36045,activitynet~v_DjT4-5H3xDQ,zeroshot,Sharpening knives,0,412435,412647
2336,36048,activitynet~v_DjT4-5H3xDQ,zeroshot,Sharpening knives,2,412649,412910
2337,36051,activitynet~v_E0niuPtg16o,zeroshot,Layup drill in basketball,1,412912,413029
2338,36052,activitynet~v_E0niuPtg16o,zeroshot,Layup drill in basketball,2,413031,413215
2339,36095,activitynet~v_FIw076A69Oc,indomain,Using parallel bars,3,413217,413308
2340,36100,activitynet~v_FLZPaPf027E,zeroshot,Playing harmonica,2,413310,413463
2341,36114,activitynet~v_FZk40J_drws,zeroshot,Running a marathon,0,413465,413616
2342,36123,activitynet~v_FsS8cQbfKTQ,indomain,Pole vault,0,413618,413710
2343,36124,activitynet~v_FsS8cQbfKTQ,indomain,Pole vault,2,413712,413842
2344,36125,activitynet~v_G71xFbDSSno,zeroshot,Washing face,0,413844,413973
2345,36126,activitynet~v_G71xFbDSSno,zeroshot,Washing face,2,413975,414178
2346,36193,activitynet~v_HwRiUpC5mf4,indomain,Camel ride,2,414180,414242
2347,36196,activitynet~v_HwRiUpC5mf4,indomain,Camel ride,1,414244,414412
2348,36198,activitynet~v_HwRiUpC5mf4,indomain,Camel ride,1,414414,414569
2349,36203,activitynet~v_I4y6q9oIIQo,zeroshot,Washing face,2,414571,414681
2350,36205,activitynet~v_I52lhI6txNo,indomain,Snow tubing,2,414683,414771
2351,36228,activitynet~v_IjULOynkK5I,indomain,Spinning,2,414773,414856
2352,36238,activitynet~v_J2gJYNO2qh8,indomain,Making a cake,3,414858,415039
2353,36239,activitynet~v_J2gJYNO2qh8,indomain,Making a cake,3,415041,415261
2354,36240,activitynet~v_J2gJYNO2qh8,indomain,Making a cake,0,415263,415575
2355,36242,activitynet~v_J4hnBPgwDlw,zeroshot,Gargling mouthwash,1,415577,415734
2356,36248,activitynet~v_JHITVq5zJOM,indomain,Playing beach volleyball,0,415736,415829
2357,36249,activitynet~v_JHITVq5zJOM,indomain,Playing beach volleyball,0,415831,415971
2358,36288,activitynet~v_KiKZEKwn4Aw,indomain,Skiing,1,415973,416046
2359,36314,activitynet~v_Lf3oTCD4d08,indomain,Ironing clothes,1,416048,416220
2360,36357,activitynet~v_NiinNJg-uyg,indomain,Playing lacrosse,2,416222,416309
2361,36431,activitynet~v_PKYg6_rs3LQ,indomain,Chopping wood,0,416311,416370
2362,36433,activitynet~v_PKYg6_rs3LQ,indomain,Chopping wood,0,416372,416522
2363,36438,activitynet~v_PVdd6E1S0Yc,zeroshot,Washing face,0,416524,416637
2364,36439,activitynet~v_PVdd6E1S0Yc,zeroshot,Washing face,1,416639,416789
2365,36526,activitynet~v_RihO8i98QJg,indomain,Dodgeball,3,416791,416912
2366,36527,activitynet~v_Rj_SwlpOhNk,indomain,Canoeing,0,416914,417049
2367,36541,activitynet~v_S5MD51gg-vA,indomain,Tennis serve with ball bouncing,2,417051,417243
2368,36548,activitynet~v_SGQQSH88isc,indomain,Throwing darts,3,417245,417369
2369,36562,activitynet~v_S_1_ZSMxRfg,indomain,Making a sandwich,0,417371,417447
2370,36563,activitynet~v_S_1_ZSMxRfg,indomain,Making a sandwich,2,417449,417701
2371,36564,activitynet~v_S_1_ZSMxRfg,indomain,Making a sandwich,3,417703,417990
2372,36578,activitynet~v_TIEzvhv6xaI,indomain,Volleyball,2,417992,418082
2373,36579,activitynet~v_TIEzvhv6xaI,indomain,Volleyball,0,418084,418228
2374,36590,activitynet~v_TnvAN5iwpIw,indomain,Playing saxophone,2,418230,418451
2375,36591,activitynet~v_TnvAN5iwpIw,indomain,Playing saxophone,2,418453,418765
2376,36592,activitynet~v_TnvAN5iwpIw,indomain,Playing saxophone,2,418767,419006
2377,36615,activitynet~v_UIPTzsWiGSU,zeroshot,Having an ice cream,0,419008,419207
2378,36639,activitynet~v_Ue90f5r-2Qw,zeroshot,Playing violin,2,419209,419288
2379,36677,activitynet~v_VpZ3PaLi2RQ,zeroshot,Cutting the grass,0,419290,419522
2380,36774,activitynet~v_YveUW4bLL5A,indomain,Vacuuming floor,1,419524,419703
2381,36775,activitynet~v_YveUW4bLL5A,indomain,Vacuuming floor,2,419705,419898
2382,36778,activitynet~v_Z1img-5JbDo,zeroshot,High jump,2,419900,420050
2383,36783,activitynet~v_ZFJkIiqOErk,indomain,Dodgeball,0,420052,420205
2384,36789,activitynet~v_ZHOPn9lONHA,indomain,Doing crunches,1,420207,420402
2385,36802,activitynet~v_Zc7uU4Qwolc,zeroshot,Playing violin,0,420404,420477
2386,36803,activitynet~v_Zc7uU4Qwolc,zeroshot,Playing violin,2,420479,420619
2387,36820,activitynet~v_Zzj03Cew2vk,indomain,Applying sunscreen,0,420621,420697
2388,36821,activitynet~v_Zzj03Cew2vk,indomain,Applying sunscreen,1,420699,420802
2389,36822,activitynet~v_Zzj03Cew2vk,indomain,Applying sunscreen,2,420804,420954
2390,36833,activitynet~v__MR8G1jwM4o,indomain,Elliptical trainer,3,420956,421115
2391,36863,activitynet~v_aIXUWoP-L-E,zeroshot,Cutting the grass,3,421117,421329
2392,36890,activitynet~v_b4b6YkxsHk4,indomain,Shuffleboard,1,421331,421563
2393,36891,activitynet~v_b4b6YkxsHk4,indomain,Shuffleboard,3,421565,421739
2394,36901,activitynet~v_bBtzyRzk0UM,indomain,Ballet,0,421741,421894
2395,36918,activitynet~v_bZ4r3Y_qceE,indomain,Triple jump,0,421896,422020
2396,36919,activitynet~v_bZ4r3Y_qceE,indomain,Triple jump,3,422022,422183
2397,36960,activitynet~v_dEG-OgH9zmU,indomain,Scuba diving,3,422185,422263
2398,37007,activitynet~v_eUxFTEeNIGg,indomain,Rope skipping,2,422265,422365
2399,37012,activitynet~v_egT7FYHlWho,indomain,Cleaning windows,2,422367,422441
2400,37013,activitynet~v_egT7FYHlWho,indomain,Cleaning windows,0,422443,422564
2401,37028,activitynet~v_eyBSKNXo6Vo,indomain,Waterskiing,1,422566,422789
2402,37052,activitynet~v_fDPNV463JuE,indomain,Paintball,2,422791,423038
2403,37065,activitynet~v_ffUtqOyJ7fM,zeroshot,Washing face,0,423040,423164
2404,37066,activitynet~v_ffUtqOyJ7fM,zeroshot,Washing face,3,423166,423370
2405,37067,activitynet~v_fgIJnjuMyoc,indomain,Surfing,3,423372,423453
2406,37068,activitynet~v_fgIJnjuMyoc,indomain,Surfing,1,423455,423580
2407,37075,activitynet~v_fpIcr1RaEDc,indomain,Using parallel bars,3,423582,423742
2408,37081,activitynet~v_g7glOdM6BYo,indomain,Clipping cat claws,3,423744,423844
2409,37101,activitynet~v_gXAMD_KxXII,indomain,Polishing shoes,3,423846,423995
2410,37115,activitynet~v_gwZleaX_ZR8,indomain,Plataform diving,3,423997,424114
2411,37120,activitynet~v_h2xV6mTpUCM,zeroshot,Washing face,0,424116,424291
2412,37124,activitynet~v_h4SzYWJUqVQ,indomain,Installing carpet,2,424293,424509
2413,37129,activitynet~v_hGziyfXmotc,zeroshot,Playing violin,2,424511,424652
2414,37135,activitynet~v_hRuHqoXEvsI,indomain,Baton twirling,2,424654,424819
2415,37150,activitynet~v_hpZ5XnuiRPw,zeroshot,Playing harmonica,1,424821,424939
2416,37241,activitynet~v_kt3hzGla8r4,indomain,Playing guitarra,2,424941,425202
2417,37252,activitynet~v_l9HcwQPNvWo,zeroshot,Playing harmonica,0,425204,425352
2418,37328,activitynet~v_mwDQENGsvd8,indomain,Playing drums,2,425354,425472
2419,37342,activitynet~v_naCGjbEz1T8,indomain,Making a lemonade,2,425474,425624
2420,37351,activitynet~v_nw32dno_RcM,indomain,Spinning,3,425626,425759
2421,37363,activitynet~v_oA_uJ9gLvUQ,zeroshot,Sharpening knives,1,425761,425871
2422,37364,activitynet~v_oA_uJ9gLvUQ,zeroshot,Sharpening knives,3,425873,426042
2423,37365,activitynet~v_oA_uJ9gLvUQ,zeroshot,Sharpening knives,3,426044,426195
2424,37384,activitynet~v_ooCciCGrdcA,indomain,Playing badminton,0,426197,426350
2425,37385,activitynet~v_ooCciCGrdcA,indomain,Playing badminton,3,426352,426550
2426,37386,activitynet~v_ooCciCGrdcA,indomain,Playing badminton,1,426552,426838
2427,37394,activitynet~v_otWTm1_aAqI,indomain,Using the pommel horse,1,426840,426962
2428,37395,activitynet~v_oy1XjDer7o4,zeroshot,Cutting the grass,0,426964,427065
2429,37396,activitynet~v_oy1XjDer7o4,zeroshot,Cutting the grass,0,427067,427230
2430,37397,activitynet~v_oy1XjDer7o4,zeroshot,Cutting the grass,3,427232,427380
2431,37398,activitynet~v_oy1XjDer7o4,zeroshot,Cutting the grass,3,427382,427540
2432,37444,activitynet~v_q_nBBJS-eJo,indomain,Painting furniture,1,427542,427674
2433,37475,activitynet~v_rWdXyKZnL2U,zeroshot,Playing violin,2,427676,427794
2434,37508,activitynet~v_sQwx_m8Vghw,indomain,Fixing bicycle,2,427796,427929
2435,37509,activitynet~v_sQwx_m8Vghw,indomain,Fixing bicycle,2,427931,428198
2436,37527,activitynet~v_sgUMHHuAhZg,indomain,Capoeira,2,428200,428284
2437,37549,activitynet~v_swkSdgwCxHs,zeroshot,High jump,2,428286,428430
2438,37564,activitynet~v_t1U8fJVEztQ,zeroshot,Running a marathon,0,428432,428555
2439,37571,activitynet~v_tS2d90ZGmeA,zeroshot,Running a marathon,2,428557,428682
2440,37572,activitynet~v_tS2d90ZGmeA,zeroshot,Running a marathon,3,428684,428860
2441,37578,activitynet~v_tfPm9xAZ5z0,indomain,Clipping cat claws,1,428862,429002
2442,37579,activitynet~v_tfPm9xAZ5z0,indomain,Clipping cat claws,3,429004,429202
2443,37595,activitynet~v_uE9MHR27_gc,zeroshot,Sharpening knives,0,429204,429334
2444,37596,activitynet~v_uE9MHR27_gc,zeroshot,Sharpening knives,0,429336,429546
2445,37606,activitynet~v_uhiQp0GCeKg,zeroshot,Washing face,2,429548,429656
2446,37645,activitynet~v_vbnuIUgUVXA,indomain,Building sandcastles,3,429658,429726
2447,37661,activitynet~v_vqqoDYma9F8,indomain,Cleaning windows,1,429728,429934
2448,37662,activitynet~v_vqqoDYma9F8,indomain,Cleaning windows,0,429936,430136
2449,37665,activitynet~v_vuntaZJBcfI,zeroshot,Running a marathon,1,430138,430251
2450,37672,activitynet~v_wD-9KvI1-AI,zeroshot,Gargling mouthwash,3,430253,430448
2451,37685,activitynet~v_wtoKUYBw9f4,zeroshot,High jump,2,430450,430531
2452,37695,activitynet~v_x8AR0FD5Jqo,indomain,BMX,3,430533,430653
2453,37716,activitynet~v_xc0Wm-TH5K8,zeroshot,Clean and jerk,3,430655,430789
2454,37742,activitynet~v_y-X0DjEHD_k,zeroshot,Having an ice cream,3,430791,430934
2455,37765,activitynet~v_yzN9jN3qncA,indomain,Playing piano,0,430936,431027
2456,37766,activitynet~v_yzN9jN3qncA,indomain,Playing piano,3,431029,431161
2457,37798,activitynet~v_zb6WUBWwXfk,indomain,Spinning,2,431163,431305
2458,37819,activitynet~v_-E9YQ_Uhu50,zeroshot,Playing violin,0,431307,431411
2459,37829,activitynet~v_-TubttTNt90,zeroshot,Sharpening knives,2,431413,431606
2460,37841,activitynet~v_-jNouTszLJ0,indomain,Beer pong,2,431608,431716
2461,37843,activitynet~v_-jNouTszLJ0,indomain,Beer pong,3,431718,431897
2462,37844,activitynet~v_-jNouTszLJ0,indomain,Beer pong,2,431899,432089
2463,37872,activitynet~v_0GWJ-VHFlTk,zeroshot,Layup drill in basketball,0,432091,432295
2464,37904,activitynet~v_1X4hgrBjw-U,zeroshot,Having an ice cream,0,432297,432454
2465,37905,activitynet~v_1X4hgrBjw-U,zeroshot,Having an ice cream,1,432456,432672
2466,37910,activitynet~v_1dvrNvxw43Q,zeroshot,Ice fishing,3,432674,432848
2467,37911,activitynet~v_1dvrNvxw43Q,zeroshot,Ice fishing,0,432850,433054
2468,37942,activitynet~v_2sbF8W0_bbg,indomain,Smoking hookah,2,433056,433153
2469,37957,activitynet~v_3L0MnbQkLWM,indomain,Hopscotch,1,433155,433274
2470,37958,activitynet~v_3L0MnbQkLWM,indomain,Hopscotch,0,433276,433434
2471,37998,activitynet~v_4T8uFygBeNo,indomain,Longboarding,3,433436,433632
2472,38058,activitynet~v_6Kp_fvkZWTE,zeroshot,High jump,2,433634,433784
2473,38092,activitynet~v_7RESODKApso,zeroshot,Ice fishing,2,433786,433931
2474,38156,activitynet~v_9njq_aC4AS4,indomain,Disc dog,1,433933,434016
2475,38157,activitynet~v_9njq_aC4AS4,indomain,Disc dog,3,434018,434169
2476,38184,activitynet~v_AMMECm7Huhk,zeroshot,Having an ice cream,1,434171,434361
2477,38185,activitynet~v_AMMECm7Huhk,zeroshot,Having an ice cream,0,434363,434625
2478,38187,activitynet~v_AMMECm7Huhk,zeroshot,Having an ice cream,0,434627,434755
2479,38188,activitynet~v_AMMECm7Huhk,zeroshot,Having an ice cream,2,434757,434915
2480,38238,activitynet~v_BzxK6r4UG5k,zeroshot,Clean and jerk,0,434917,435014
2481,38246,activitynet~v_CN01Gm2Yc4k,indomain,Doing crunches,3,435016,435139
2482,38267,activitynet~v_CnrvRF_N7fU,indomain,Using the rowing machine,2,435141,435404
2483,38287,activitynet~v_D2TQ_RR2Q50,zeroshot,Running a marathon,2,435406,435659
2484,38295,activitynet~v_DJE9nX2qKYs,zeroshot,Clean and jerk,0,435661,435728
2485,38296,activitynet~v_DJE9nX2qKYs,zeroshot,Clean and jerk,0,435730,435836
2486,38301,activitynet~v_DRSH-_Ye9eE,indomain,Playing lacrosse,0,435838,436075
2487,38315,activitynet~v_DjT4-5H3xDQ,zeroshot,Sharpening knives,1,436077,436190
2488,38319,activitynet~v_E0niuPtg16o,zeroshot,Layup drill in basketball,2,436192,436319
2489,38320,activitynet~v_E0niuPtg16o,zeroshot,Layup drill in basketball,0,436321,436508
2490,38342,activitynet~v_EYIYohKR0Qo,indomain,Swimming,2,436510,436616
2491,38343,activitynet~v_EYIYohKR0Qo,indomain,Swimming,1,436618,436811
2492,38345,activitynet~v_EYIYohKR0Qo,indomain,Swimming,0,436813,436994
2493,38346,activitynet~v_EYIYohKR0Qo,indomain,Swimming,0,436996,437305
2494,38367,activitynet~v_F8K9WQfHth4,indomain,Croquet,1,437307,437564
2495,38377,activitynet~v_FIw076A69Oc,indomain,Using parallel bars,0,437566,437756
2496,38383,activitynet~v_FLZPaPf027E,zeroshot,Playing harmonica,1,437758,437907
2497,38405,activitynet~v_FZk40J_drws,zeroshot,Running a marathon,2,437909,438026
2498,38406,activitynet~v_FZk40J_drws,zeroshot,Running a marathon,2,438028,438236
2499,38410,activitynet~v_FsS8cQbfKTQ,indomain,Pole vault,1,438238,438666
2500,38411,activitynet~v_FsS8cQbfKTQ,indomain,Pole vault,0,438668,439057
2501,38412,activitynet~v_G71xFbDSSno,zeroshot,Washing face,3,439059,439148
2502,38416,activitynet~v_GGSY1Qvo990,zeroshot,Clean and jerk,2,439150,439226
2503,38417,activitynet~v_GGSY1Qvo990,zeroshot,Clean and jerk,0,439228,439378
2504,38424,activitynet~v_GP2S0V5NiPs,zeroshot,Ice fishing,1,439380,439520
2505,38425,activitynet~v_GP2S0V5NiPs,zeroshot,Ice fishing,1,439522,439670
2506,38426,activitynet~v_GP2S0V5NiPs,zeroshot,Ice fishing,2,439672,439834
2507,38450,activitynet~v_HM_rHjh-wqQ,zeroshot,Playing violin,0,439836,440030
2508,38451,activitynet~v_HM_rHjh-wqQ,zeroshot,Playing violin,0,440032,440194
2509,38474,activitynet~v_HwRiUpC5mf4,indomain,Camel ride,1,440196,440399
2510,38482,activitynet~v_I4y6q9oIIQo,zeroshot,Washing face,3,440401,440485
2511,38486,activitynet~v_I52lhI6txNo,indomain,Snow tubing,0,440487,440604
2512,38512,activitynet~v_J2gJYNO2qh8,indomain,Making a cake,1,440606,440997
2513,38516,activitynet~v_J4hnBPgwDlw,zeroshot,Gargling mouthwash,0,440999,441214
2514,38520,activitynet~v_JHITVq5zJOM,indomain,Playing beach volleyball,2,441216,441356
2515,38566,activitynet~v_KiKZEKwn4Aw,indomain,Skiing,2,441358,441467
2516,38568,activitynet~v_KiKZEKwn4Aw,indomain,Skiing,2,441469,441740
2517,38608,activitynet~v_Lf3oTCD4d08,indomain,Ironing clothes,0,441742,441846
2518,38609,activitynet~v_Lf3oTCD4d08,indomain,Ironing clothes,3,441848,441974
2519,38631,activitynet~v_MlnK2sa7mm4,zeroshot,Playing harmonica,0,441976,442071
2520,38728,activitynet~v_PKYg6_rs3LQ,indomain,Chopping wood,0,442073,442158
2521,38735,activitynet~v_PVdd6E1S0Yc,zeroshot,Washing face,2,442160,442246
2522,38737,activitynet~v_PVdd6E1S0Yc,zeroshot,Washing face,3,442248,442412
2523,38738,activitynet~v_PVdd6E1S0Yc,zeroshot,Washing face,1,442414,442584
2524,38823,activitynet~v_RihO8i98QJg,indomain,Dodgeball,1,442586,442737
2525,38838,activitynet~v_S5MD51gg-vA,indomain,Tennis serve with ball bouncing,0,442739,442917
2526,38848,activitynet~v_SGQQSH88isc,indomain,Throwing darts,3,442919,443068
2527,38864,activitynet~v_S_1_ZSMxRfg,indomain,Making a sandwich,3,443070,443265
2528,38865,activitynet~v_S_1_ZSMxRfg,indomain,Making a sandwich,2,443267,443469
2529,38876,activitynet~v_TIEzvhv6xaI,indomain,Volleyball,2,443471,443619
2530,38877,activitynet~v_TIEzvhv6xaI,indomain,Volleyball,3,443621,443821
2531,38888,activitynet~v_TnvAN5iwpIw,indomain,Playing saxophone,0,443823,443899
2532,38889,activitynet~v_TnvAN5iwpIw,indomain,Playing saxophone,0,443901,444014
2533,38890,activitynet~v_TomBet77rDc,zeroshot,Clean and jerk,2,444016,444100
2534,38892,activitynet~v_TomBet77rDc,zeroshot,Clean and jerk,3,444102,444230
2535,38907,activitynet~v_UIPTzsWiGSU,zeroshot,Having an ice cream,1,444232,444364
2536,38908,activitynet~v_UIPTzsWiGSU,zeroshot,Having an ice cream,2,444366,444580
2537,38909,activitynet~v_UIPTzsWiGSU,zeroshot,Having an ice cream,3,444582,444769
2538,38949,activitynet~v_V9LudLaWGOM,indomain,Javelin throw,0,444771,444970
2539,38977,activitynet~v_VpZ3PaLi2RQ,zeroshot,Cutting the grass,1,444972,445065
2540,38996,activitynet~v_WV-Sf5-aCcc,indomain,Capoeira,1,445067,445254
2541,38998,activitynet~v_WV-Sf5-aCcc,indomain,Capoeira,1,445256,445398
2542,39027,activitynet~v_XFijgUPprk4,indomain,Using parallel bars,2,445400,445616
2543,39028,activitynet~v_XFijgUPprk4,indomain,Using parallel bars,1,445618,445803
2544,39029,activitynet~v_XFijgUPprk4,indomain,Using parallel bars,0,445805,446057
2545,39030,activitynet~v_XFijgUPprk4,indomain,Using parallel bars,1,446059,446283
2546,39083,activitynet~v_YveUW4bLL5A,indomain,Vacuuming floor,1,446285,446468
2547,39084,activitynet~v_YveUW4bLL5A,indomain,Vacuuming floor,1,446470,446758
2548,39085,activitynet~v_YveUW4bLL5A,indomain,Vacuuming floor,0,446760,447077
2549,39090,activitynet~v_Z1img-5JbDo,zeroshot,High jump,3,447079,447189
2550,39091,activitynet~v_Z1img-5JbDo,zeroshot,High jump,2,447191,447407
2551,39102,activitynet~v_ZHOPn9lONHA,indomain,Doing crunches,3,447409,447694
2552,39104,activitynet~v_ZHOPn9lONHA,indomain,Doing crunches,2,447696,447929
2553,39138,activitynet~v__DlDtsPxdyY,indomain,Playing pool,0,447931,448087
2554,39143,activitynet~v__MR8G1jwM4o,indomain,Elliptical trainer,0,448089,448274
2555,39162,activitynet~v_aIXUWoP-L-E,zeroshot,Cutting the grass,1,448276,448394
2556,39165,activitynet~v_aUCdj7acYos,indomain,Hitting a pinata,1,448396,448507
2557,39166,activitynet~v_aUCdj7acYos,indomain,Hitting a pinata,3,448509,448689
2558,39183,activitynet~v_b4b6YkxsHk4,indomain,Shuffleboard,1,448691,448816
2559,39184,activitynet~v_b4b6YkxsHk4,indomain,Shuffleboard,0,448818,448989
2560,39191,activitynet~v_bBtzyRzk0UM,indomain,Ballet,0,448991,449126
2561,39269,activitynet~v_dEG-OgH9zmU,indomain,Scuba diving,3,449128,449327
2562,39270,activitynet~v_dEG-OgH9zmU,indomain,Scuba diving,1,449329,449528
2563,39314,activitynet~v_eUxFTEeNIGg,indomain,Rope skipping,2,449530,449680
2564,39315,activitynet~v_eUxFTEeNIGg,indomain,Rope skipping,0,449682,449866
2565,39318,activitynet~v_egT7FYHlWho,indomain,Cleaning windows,2,449868,450049
2566,39320,activitynet~v_egT7FYHlWho,indomain,Cleaning windows,2,450051,450298
2567,39335,activitynet~v_eyBSKNXo6Vo,indomain,Waterskiing,1,450300,450406
2568,39360,activitynet~v_fDPNV463JuE,indomain,Paintball,0,450408,450544
2569,39361,activitynet~v_fDPNV463JuE,indomain,Paintball,1,450546,450740
2570,39371,activitynet~v_ffUtqOyJ7fM,zeroshot,Washing face,3,450742,451044
2571,39372,activitynet~v_ffUtqOyJ7fM,zeroshot,Washing face,3,451046,451291
2572,39373,activitynet~v_ffUtqOyJ7fM,zeroshot,Washing face,3,451293,451434
2573,39375,activitynet~v_fgIJnjuMyoc,indomain,Surfing,2,451436,451609
2574,39394,activitynet~v_g7glOdM6BYo,indomain,Clipping cat claws,0,451611,451771
2575,39408,activitynet~v_gSkE0KCvves,indomain,Calf roping,0,451773,451962
2576,39414,activitynet~v_gXAMD_KxXII,indomain,Polishing shoes,3,451964,452159
2577,39420,activitynet~v_g_Cz69Q5bKM,indomain,Playing squash,0,452161,452290
2578,39431,activitynet~v_gwZleaX_ZR8,indomain,Plataform diving,1,452292,452436
2579,39435,activitynet~v_h2xV6mTpUCM,zeroshot,Washing face,2,452438,452541
2580,39439,activitynet~v_h4SzYWJUqVQ,indomain,Installing carpet,0,452543,452730
2581,39441,activitynet~v_h4SzYWJUqVQ,indomain,Installing carpet,1,452732,452991
2582,39446,activitynet~v_hGziyfXmotc,zeroshot,Playing violin,1,452993,453110
2583,39462,activitynet~v_hpZ5XnuiRPw,zeroshot,Playing harmonica,2,453112,453259
2584,39464,activitynet~v_hpZ5XnuiRPw,zeroshot,Playing harmonica,0,453261,453457
2585,39566,activitynet~v_kt3hzGla8r4,indomain,Playing guitarra,1,453459,453669
2586,39575,activitynet~v_l3EBfLkfAX8,zeroshot,High jump,3,453671,453788
2587,39576,activitynet~v_l3EBfLkfAX8,zeroshot,High jump,1,453790,453962
2588,39577,activitynet~v_l9HcwQPNvWo,zeroshot,Playing harmonica,3,453964,454092
2589,39593,activitynet~v_lh8ths6sKAE,indomain,Mooping floor,3,454094,454193
2590,39653,activitynet~v_mwDQENGsvd8,indomain,Playing drums,3,454195,454277
2591,39680,activitynet~v_nqB4Zn6UWdk,zeroshot,Running a marathon,2,454279,454459
2592,39681,activitynet~v_nw32dno_RcM,indomain,Spinning,3,454461,454547
2593,39682,activitynet~v_nw32dno_RcM,indomain,Spinning,3,454549,454692
2594,39691,activitynet~v_oA_uJ9gLvUQ,zeroshot,Sharpening knives,1,454694,454998
2595,39692,activitynet~v_oA_uJ9gLvUQ,zeroshot,Sharpening knives,0,455000,455308
2596,39693,activitynet~v_oA_uJ9gLvUQ,zeroshot,Sharpening knives,2,455310,455564
2597,39715,activitynet~v_ooCciCGrdcA,indomain,Playing badminton,1,455566,455778
2598,39722,activitynet~v_otWTm1_aAqI,indomain,Using the pommel horse,3,455780,456025
2599,39724,activitynet~v_oy1XjDer7o4,zeroshot,Cutting the grass,0,456027,456320
2600,39741,activitynet~v_pc5_pexVob8,indomain,Preparing salad,2,456322,456543
2601,39768,activitynet~v_q_nBBJS-eJo,indomain,Painting furniture,1,456545,456753
2602,39770,activitynet~v_q_nBBJS-eJo,indomain,Painting furniture,2,456755,457043
2603,39798,activitynet~v_rWdXyKZnL2U,zeroshot,Playing violin,3,457045,457155
2604,39800,activitynet~v_rWdXyKZnL2U,zeroshot,Playing violin,2,457157,457355
2605,39856,activitynet~v_sgUMHHuAhZg,indomain,Capoeira,0,457357,457439
2606,39873,activitynet~v_swkSdgwCxHs,zeroshot,High jump,1,457441,457632
2607,39874,activitynet~v_swkSdgwCxHs,zeroshot,High jump,0,457634,457836
2608,39875,activitynet~v_swkSdgwCxHs,zeroshot,High jump,0,457838,458196
2609,39889,activitynet~v_t1U8fJVEztQ,zeroshot,Running a marathon,2,458198,458286
2610,39890,activitynet~v_t1U8fJVEztQ,zeroshot,Running a marathon,3,458288,458437
2611,39902,activitynet~v_tS2d90ZGmeA,zeroshot,Running a marathon,3,458439,458568
2612,39903,activitynet~v_tS2d90ZGmeA,zeroshot,Running a marathon,3,458570,458750
2613,39904,activitynet~v_tS2d90ZGmeA,zeroshot,Running a marathon,3,458752,458929
2614,39910,activitynet~v_tfPm9xAZ5z0,indomain,Clipping cat claws,3,458931,459064
2615,39911,activitynet~v_tfPm9xAZ5z0,indomain,Clipping cat claws,3,459066,459259
2616,39912,activitynet~v_tfPm9xAZ5z0,indomain,Clipping cat claws,0,459261,459441
2617,39913,activitynet~v_tfPm9xAZ5z0,indomain,Clipping cat claws,1,459443,459641
2618,39930,activitynet~v_uE9MHR27_gc,zeroshot,Sharpening knives,1,459643,459745
2619,39941,activitynet~v_uhiQp0GCeKg,zeroshot,Washing face,1,459747,459877
2620,39970,activitynet~v_vYHtmvftHoU,indomain,Surfing,1,459879,460069
2621,39971,activitynet~v_vYHtmvftHoU,indomain,Surfing,0,460071,460290
2622,39972,activitynet~v_vbnuIUgUVXA,indomain,Building sandcastles,3,460292,460404
2623,39973,activitynet~v_vbnuIUgUVXA,indomain,Building sandcastles,1,460406,460578
2624,39985,activitynet~v_vqqoDYma9F8,indomain,Cleaning windows,3,460580,460818
2625,39991,activitynet~v_vuntaZJBcfI,zeroshot,Running a marathon,2,460820,461127
2626,40001,activitynet~v_wD-9KvI1-AI,zeroshot,Gargling mouthwash,3,461129,461322
2627,40011,activitynet~v_wtoKUYBw9f4,zeroshot,High jump,1,461324,461495
2628,40020,activitynet~v_x8AR0FD5Jqo,indomain,BMX,2,461497,461646
2629,40021,activitynet~v_x8AR0FD5Jqo,indomain,BMX,1,461648,461859
2630,40022,activitynet~v_x8AR0FD5Jqo,indomain,BMX,0,461861,462062
2631,40046,activitynet~v_xc0Wm-TH5K8,zeroshot,Clean and jerk,2,462064,462234
2632,40048,activitynet~v_xc0Wm-TH5K8,zeroshot,Clean and jerk,1,462236,462406
2633,40100,activitynet~v_yzN9jN3qncA,indomain,Playing piano,0,462408,462572
2634,40129,activitynet~v_zb6WUBWwXfk,indomain,Spinning,2,462574,462706
2635,40130,activitynet~v_zb6WUBWwXfk,indomain,Spinning,0,462708,462931
2636,40182,activitynet~v_-SYV9IB-36s,indomain,Putting on makeup,2,462933,463141
2637,40183,activitynet~v_-SYV9IB-36s,indomain,Putting on makeup,3,463143,463405
2638,40205,activitynet~v_0-F3q8Aj9Zk,zeroshot,High jump,0,463407,463597
2639,40207,activitynet~v_0-F3q8Aj9Zk,zeroshot,High jump,2,463599,463811
2640,40210,activitynet~v_0-F3q8Aj9Zk,zeroshot,High jump,2,463813,463978
2641,40211,activitynet~v_0-F3q8Aj9Zk,zeroshot,High jump,0,463980,464145
2642,40213,activitynet~v_0-F3q8Aj9Zk,zeroshot,High jump,0,464147,464316
2643,40236,activitynet~v_0Gr4aKQzGYk,indomain,Getting a piercing,0,464318,464501
2644,40237,activitynet~v_0Gr4aKQzGYk,indomain,Getting a piercing,2,464503,464739
2645,40273,activitynet~v_0YQPGAsZPgY,indomain,Playing congas,3,464741,465022
2646,40274,activitynet~v_0YQPGAsZPgY,indomain,Playing congas,3,465024,465227
2647,40284,activitynet~v_0_GpcrCLdag,zeroshot,Having an ice cream,3,465229,465336
2648,40293,activitynet~v_0_xap_BBDrw,zeroshot,Layup drill in basketball,1,465338,465625
2649,40294,activitynet~v_0bjHe_5nACw,zeroshot,Playing violin,2,465627,465851
2650,40295,activitynet~v_0fw8it7Gj7k,indomain,Polishing forniture,0,465853,466094
2651,40320,activitynet~v_0tJ7eW6TKKM,zeroshot,Running a marathon,2,466096,466260
2652,40384,activitynet~v_1RYEOaCeV4k,zeroshot,Cutting the grass,1,466262,466354
2653,40393,activitynet~v_1VDNFR3vQR4,indomain,Doing kickboxing,3,466356,466615
2654,40394,activitynet~v_1VDNFR3vQR4,indomain,Doing kickboxing,0,466617,466915
2655,40410,activitynet~v_1_PiNdPt6RU,zeroshot,Gargling mouthwash,3,466917,467064
2656,40436,activitynet~v_2DCeEAz8iO8,indomain,Playing polo,3,467066,467241
2657,40443,activitynet~v_2Dlfwnvz76Q,zeroshot,Playing harmonica,3,467243,467362
2658,40451,activitynet~v_2Q0WGQbJbso,zeroshot,Playing violin,1,467364,467474
2659,40458,activitynet~v_2X4-yp_EFVE,indomain,Arm wrestling,2,467476,467693
2660,40474,activitynet~v_2hgXJR5QdkU,indomain,Smoking hookah,3,467695,467770
2661,40475,activitynet~v_2hgXJR5QdkU,indomain,Smoking hookah,1,467772,467936
2662,40476,activitynet~v_2hgXJR5QdkU,indomain,Smoking hookah,1,467938,468173
2663,40477,activitynet~v_2hgXJR5QdkU,indomain,Smoking hookah,3,468175,468462
2664,40479,activitynet~v_2n6MvpNewpI,indomain,Mooping floor,3,468464,468544
2665,40486,activitynet~v_2vixXUJiNhk,indomain,Scuba diving,1,468546,468691
2666,40488,activitynet~v_2vixXUJiNhk,indomain,Scuba diving,0,468693,469062
2667,40490,activitynet~v_2vixXUJiNhk,indomain,Scuba diving,0,469064,469524
2668,40491,activitynet~v_2vixXUJiNhk,indomain,Scuba diving,2,469526,469817
2669,40515,activitynet~v_3J_-uEjb8UE,indomain,Removing ice from car,0,469819,470062
2670,40519,activitynet~v_3N1tbv5Z6Kk,indomain,Tango,3,470064,470186
2671,40565,activitynet~v_4E8rMLHIpag,zeroshot,Playing violin,1,470188,470333
2672,40569,activitynet~v_4KqjBUpLQk8,indomain,Calf roping,3,470335,470553
2673,40575,activitynet~v_4WNso9fVJG8,indomain,Putting in contact lenses,3,470555,470946
2674,40605,activitynet~v_4o4Vh49v-q4,zeroshot,Gargling mouthwash,3,470948,471146
2675,40606,activitynet~v_4o4Vh49v-q4,zeroshot,Gargling mouthwash,2,471148,471435
2676,40668,activitynet~v_5OhIRnEFMyw,zeroshot,Playing violin,3,471437,471680
2677,40674,activitynet~v_5aMigcn2cU8,indomain,Zumba,0,471682,471808
2678,40676,activitynet~v_5cTnHXcD7DE,zeroshot,Running a marathon,1,471810,471987
2679,40685,activitynet~v_5kdiJ2cC5_w,zeroshot,Playing violin,0,471989,472101
2680,40714,activitynet~v_6GIWY4-491k,zeroshot,Ice fishing,2,472103,472245
2681,40715,activitynet~v_6GIWY4-491k,zeroshot,Ice fishing,2,472247,472446
2682,40717,activitynet~v_6GIWY4-491k,zeroshot,Ice fishing,1,472448,472620
2683,40718,activitynet~v_6GIWY4-491k,zeroshot,Ice fishing,1,472622,472797
2684,40719,activitynet~v_6GIWY4-491k,zeroshot,Ice fishing,3,472799,472994
2685,40760,activitynet~v_6kBo1TR--dk,zeroshot,Running a marathon,2,472996,473278
2686,40787,activitynet~v_7LvEI5zhENk,zeroshot,High jump,1,473280,473469
2687,40788,activitynet~v_7LvEI5zhENk,zeroshot,High jump,3,473471,473738
2688,40789,activitynet~v_7LvEI5zhENk,zeroshot,High jump,3,473740,473976
2689,40790,activitynet~v_7LvEI5zhENk,zeroshot,High jump,1,473978,474137
2690,40791,activitynet~v_7LvEI5zhENk,zeroshot,High jump,2,474139,474345
2691,40800,activitynet~v_7UrJuhFvlQ4,indomain,Blowing leaves,0,474347,474608
2692,40868,activitynet~v_8ao9LZLn0Hs,zeroshot,Playing violin,1,474610,474928
2693,40884,activitynet~v_8jj-mhVrlGA,zeroshot,Layup drill in basketball,1,474930,475175
2694,40891,activitynet~v_8nj8tlvLyUo,indomain,Building sandcastles,0,475177,475421
2695,40892,activitynet~v_8nj8tlvLyUo,indomain,Building sandcastles,1,475423,475602
2696,40917,activitynet~v_92kGXXfm6ok,zeroshot,Clean and jerk,2,475604,475772
2697,40963,activitynet~v_9YxgMsdO9GE,indomain,Walking the dog,0,475774,475918
2698,41063,activitynet~v_Acogo5mgX4Q,indomain,Raking leaves,2,475920,476096
2699,41093,activitynet~v_B7Q1egUKmZg,zeroshot,Layup drill in basketball,0,476098,476336
2700,41179,activitynet~v_CKWWRS9CpTY,zeroshot,Running a marathon,1,476338,476481
2701,41180,activitynet~v_CKWWRS9CpTY,zeroshot,Running a marathon,0,476483,476659
2702,41195,activitynet~v_CV3pIbE8BnE,indomain,Shaving legs,2,476661,476846
2703,41236,activitynet~v_Cu8kOOnAjaw,zeroshot,Washing face,1,476848,476981
2704,41237,activitynet~v_Cu8kOOnAjaw,zeroshot,Washing face,2,476983,477196
2705,41258,activitynet~v_DU2hdNIS2WI,zeroshot,Clean and jerk,0,477198,477384
2706,41260,activitynet~v_DU2hdNIS2WI,zeroshot,Clean and jerk,2,477386,477602
2707,41261,activitynet~v_DU2hdNIS2WI,zeroshot,Clean and jerk,0,477604,477827
2708,41288,activitynet~v_EBOT5e2xAoQ,zeroshot,High jump,2,477829,478047
2709,41343,activitynet~v_F1-PnXa9SwQ,zeroshot,Cutting the grass,2,478049,478122
2710,41361,activitynet~v_FGdCWm4gI3M,indomain,Longboarding,2,478124,478370
2711,41362,activitynet~v_FGdCWm4gI3M,indomain,Longboarding,2,478372,478673
2712,41377,activitynet~v_FhGOGbL-A84,indomain,Blowing leaves,1,478675,478767
2713,41392,activitynet~v_FrvK75jGdjE,zeroshot,Playing violin,3,478769,478883
2714,41436,activitynet~v_G9m5zxl2f08,zeroshot,Washing face,2,478885,479081
2715,41481,activitynet~v_GdrutQ4RrDs,indomain,Removing curlers,1,479083,479153
2716,41482,activitynet~v_GdrutQ4RrDs,indomain,Removing curlers,1,479155,479288
2717,41506,activitynet~v_GwIHO7HpGkY,zeroshot,Ice fishing,3,479290,479609
2718,41507,activitynet~v_GwIHO7HpGkY,zeroshot,Ice fishing,3,479611,479901
2719,41509,activitynet~v_GwIHO7HpGkY,zeroshot,Ice fishing,1,479903,480176
2720,41644,activitynet~v_J3NhT51f0To,zeroshot,Playing violin,2,480178,480525
2721,41645,activitynet~v_J3NhT51f0To,zeroshot,Playing violin,3,480527,480789
2722,41661,activitynet~v_J80e9M4AQ5w,indomain,Shoveling snow,2,480791,480989
2723,41664,activitynet~v_J80e9M4AQ5w,indomain,Shoveling snow,1,480991,481155
2724,41666,activitynet~v_J80e9M4AQ5w,indomain,Shoveling snow,1,481157,481335
2725,41685,activitynet~v_JKCwcCMAnxg,indomain,Tango,1,481337,481491
2726,41745,activitynet~v_JxN0fchWCNI,indomain,Preparing salad,1,481493,481674
2727,41746,activitynet~v_JxN0fchWCNI,indomain,Preparing salad,2,481676,481990
2728,41770,activitynet~v_K4F8I74OM-Y,zeroshot,Running a marathon,2,481992,482257
2729,41771,activitynet~v_K4F8I74OM-Y,zeroshot,Running a marathon,2,482259,482588
2730,41772,activitynet~v_K4F8I74OM-Y,zeroshot,Running a marathon,1,482590,482891
2731,41805,activitynet~v_KK7g7udEPuo,zeroshot,Cutting the grass,1,482893,483065
2732,41806,activitynet~v_KK7g7udEPuo,zeroshot,Cutting the grass,3,483067,483255
2733,41807,activitynet~v_KK7g7udEPuo,zeroshot,Cutting the grass,0,483257,483446
2734,41822,activitynet~v_K_0DLTcFy-8,zeroshot,Ice fishing,2,483448,483816
2735,41823,activitynet~v_K_0DLTcFy-8,zeroshot,Ice fishing,2,483818,484138
2736,41853,activitynet~v_KuAVv3uS4zc,indomain,BMX,3,484140,484262
2737,41876,activitynet~v_LGj7_gw2GbQ,indomain,Wakeboarding,0,484264,484376
2738,41877,activitynet~v_LGj7_gw2GbQ,indomain,Wakeboarding,3,484378,484530
2739,41878,activitynet~v_LGj7_gw2GbQ,indomain,Wakeboarding,1,484532,484687
2740,41886,activitynet~v_LGj7_gw2GbQ,indomain,Wakeboarding,3,484689,484852
2741,41887,activitynet~v_LGj7_gw2GbQ,indomain,Wakeboarding,3,484854,484980
2742,41904,activitynet~v_Launtf-qjDM,indomain,Welding,2,484982,485066
2743,41915,activitynet~v_Lo0EQXmaeXM,zeroshot,Gargling mouthwash,3,485068,485324
2744,41916,activitynet~v_LpTVTiu8oro,zeroshot,Cutting the grass,3,485326,485459
2745,41917,activitynet~v_LpTVTiu8oro,zeroshot,Cutting the grass,1,485461,485663
2746,41918,activitynet~v_LpTVTiu8oro,zeroshot,Cutting the grass,2,485665,485900
2747,41975,activitynet~v_M_hfBH8xEig,zeroshot,Layup drill in basketball,2,485902,486072
2748,41982,activitynet~v_MinmayCk2Nk,indomain,Using the pommel horse,3,486074,486190
2749,41984,activitynet~v_MinmayCk2Nk,indomain,Using the pommel horse,1,486192,486338
2750,42023,activitynet~v_N1-TZnH0jy4,zeroshot,Having an ice cream,2,486340,486507
2751,42052,activitynet~v_NVeTGvwk8y0,indomain,Mixing drinks,3,486509,486605
2752,42054,activitynet~v_NVeTGvwk8y0,indomain,Mixing drinks,3,486607,486781
2753,42085,activitynet~v_Nn4sVR3__DQ,indomain,Fun sliding down,3,486783,486888
2754,42086,activitynet~v_Nn4sVR3__DQ,indomain,Fun sliding down,2,486890,487033
2755,42087,activitynet~v_Nn4sVR3__DQ,indomain,Fun sliding down,3,487035,487251
2756,42094,activitynet~v_NouHsmaE-xA,indomain,Calf roping,3,487253,487416
2757,42095,activitynet~v_NouHsmaE-xA,indomain,Calf roping,3,487418,487549
2758,42104,activitynet~v_NwfS7eZiMLg,indomain,Playing bagpipes,2,487551,487832
2759,42105,activitynet~v_NwfS7eZiMLg,indomain,Playing bagpipes,1,487834,488010
2760,42116,activitynet~v_OD5rJOPicoM,indomain,Windsurfing,0,488012,488151
2761,42127,activitynet~v_OTwG3OCsPoY,indomain,Using the rowing machine,0,488153,488312
2762,42130,activitynet~v_OUfVZuWyqJQ,indomain,Powerbocking,1,488314,488444
2763,42132,activitynet~v_OUfVZuWyqJQ,indomain,Powerbocking,3,488446,488592
2764,42134,activitynet~v_OUfVZuWyqJQ,indomain,Powerbocking,2,488594,488776
2765,42135,activitynet~v_OUfVZuWyqJQ,indomain,Powerbocking,0,488778,488949
2766,42136,activitynet~v_OUfVZuWyqJQ,indomain,Powerbocking,0,488951,489092
2767,42142,activitynet~v_OW_iCiS_U4Y,indomain,Plataform diving,1,489094,489277
2768,42143,activitynet~v_OW_iCiS_U4Y,indomain,Plataform diving,3,489279,489654
2769,42189,activitynet~v_P9jIpcRGeOk,indomain,Sumo,0,489656,489818
2770,42234,activitynet~v_PntiXZ692xM,zeroshot,Running a marathon,1,489820,489948
2771,42235,activitynet~v_PntiXZ692xM,zeroshot,Running a marathon,1,489950,490132
2772,42272,activitynet~v_Q3cc0HlO7so,zeroshot,Playing violin,0,490134,490305
2773,42275,activitynet~v_Q684UQhx7yI,indomain,Calf roping,3,490307,490453
2774,42276,activitynet~v_Q684UQhx7yI,indomain,Calf roping,1,490455,490610
2775,42302,activitynet~v_QOlSCBRmfWY,indomain,Ballet,2,490612,490753
2776,42382,activitynet~v_R3ffxWaI9QU,zeroshot,High jump,1,490755,490858
2777,42383,activitynet~v_R3ffxWaI9QU,zeroshot,High jump,1,490860,491017
2778,42416,activitynet~v_R_HDifqMHSY,indomain,Playing drums,1,491019,491240
2779,42433,activitynet~v_RoHYo2x9gbc,zeroshot,Cutting the grass,2,491242,491423
2780,42440,activitynet~v_Rx9SIyFMfcY,indomain,Spinning,0,491425,491689
2781,42442,activitynet~v_S-mMmPO6a9s,zeroshot,Cutting the grass,2,491691,491757
2782,42443,activitynet~v_S-mMmPO6a9s,zeroshot,Cutting the grass,2,491759,491863
2783,42445,activitynet~v_S24MDjduWIY,zeroshot,Layup drill in basketball,1,491865,492121
2784,42456,activitynet~v_SHT08nPhIb4,zeroshot,Layup drill in basketball,1,492123,492222
2785,42457,activitynet~v_SHT08nPhIb4,zeroshot,Layup drill in basketball,2,492224,492361
2786,42536,activitynet~v_TT2e7-NbUxo,indomain,Getting a haircut,2,492363,492451
2787,42537,activitynet~v_TT2e7-NbUxo,indomain,Getting a haircut,0,492453,492590
2788,42538,activitynet~v_TV8putYbiCU,indomain,Cleaning sink,1,492592,492674
2789,42543,activitynet~v_TV8putYbiCU,indomain,Cleaning sink,2,492676,492852
2790,42546,activitynet~v_TVbPV7X49tw,indomain,Doing motocross,3,492854,493018
2791,42547,activitynet~v_TVbPV7X49tw,indomain,Doing motocross,2,493020,493188
2792,42627,activitynet~v_U89hsv1dzuQ,indomain,Smoking a cigarette,0,493190,493315
2793,42669,activitynet~v_UOswYEzeJ-M,zeroshot,Layup drill in basketball,2,493317,493448
2794,42712,activitynet~v_UtErhcCYBZk,indomain,Snatch,1,493450,493591
2795,42718,activitynet~v_UzdI8PLRiXg,zeroshot,Sharpening knives,2,493593,493757
2796,42734,activitynet~v_V4_SJyhRGqA,indomain,Croquet,0,493759,493837
2797,42735,activitynet~v_V4_SJyhRGqA,indomain,Croquet,2,493839,493977
2798,42795,activitynet~v_W-poAYW1pb0,zeroshot,Running a marathon,2,493979,494209
2799,42817,activitynet~v_WJwLjPDvLrY,indomain,Playing beach volleyball,1,494211,494302
2800,42819,activitynet~v_WKLLTGbDI7w,indomain,Making a lemonade,2,494304,494400
2801,42848,activitynet~v_WVJEFQpO5jg,indomain,Shot put,0,494402,494637
2802,42849,activitynet~v_WVJEFQpO5jg,indomain,Shot put,2,494639,494864
2803,42850,activitynet~v_WVJEFQpO5jg,indomain,Shot put,0,494866,495092
2804,42856,activitynet~v_WWip1_lFvGg,indomain,Putting in contact lenses,1,495094,495210
2805,42875,activitynet~v_We0DJIKCBOw,zeroshot,Clean and jerk,2,495212,495316
2806,42876,activitynet~v_We0DJIKCBOw,zeroshot,Clean and jerk,3,495318,495459
2807,42877,activitynet~v_We0DJIKCBOw,zeroshot,Clean and jerk,2,495461,495648
2808,42878,activitynet~v_We0DJIKCBOw,zeroshot,Clean and jerk,1,495650,495804
2809,42888,activitynet~v_WmPkqkqAxyc,zeroshot,Cutting the grass,3,495806,495930
2810,42889,activitynet~v_WmPkqkqAxyc,zeroshot,Cutting the grass,1,495932,496131
2811,42914,activitynet~v_X2GUUIGudxs,indomain,Hanging wallpaper,0,496133,496240
2812,42937,activitynet~v_XP8pufIBsnM,zeroshot,Clean and jerk,2,496242,496384
2813,42982,activitynet~v_XtqTatsTGNY,indomain,Fun sliding down,0,496386,496558
2814,43035,activitynet~v_Yb5b_xx1P9I,indomain,Making a sandwich,0,496560,496706
2815,43036,activitynet~v_Yb5b_xx1P9I,indomain,Making a sandwich,2,496708,496920
2816,43047,activitynet~v_YdfWewUrcTw,indomain,Skateboarding,2,496922,497087
2817,43063,activitynet~v_YiMOKwzEf1k,zeroshot,Cutting the grass,0,497089,497195
2818,43113,activitynet~v_Z3noRsTXGt4,indomain,Elliptical trainer,1,497197,497273
2819,43122,activitynet~v_Z4OyG8ZzUpg,indomain,Playing lacrosse,2,497275,497460
2820,43123,activitynet~v_Z4OyG8ZzUpg,indomain,Playing lacrosse,1,497462,497677
2821,43125,activitynet~v_Z4OyG8ZzUpg,indomain,Playing lacrosse,2,497679,497880
2822,43190,activitynet~v__--nxrRXdPg,zeroshot,High jump,2,497882,497999
2823,43250,activitynet~v__sgg_QEjcEE,indomain,Discus throw,3,498001,498271
2824,43253,activitynet~v__sgg_QEjcEE,indomain,Discus throw,1,498273,498500
2825,43254,activitynet~v__sgg_QEjcEE,indomain,Discus throw,1,498502,498748
2826,43256,activitynet~v__sgg_QEjcEE,indomain,Discus throw,0,498750,499067
2827,43283,activitynet~v_aBmKEmXVCqM,indomain,Elliptical trainer,2,499069,499149
2828,43370,activitynet~v_asWvAGhlbdQ,zeroshot,Sharpening knives,2,499151,499348
2829,43371,activitynet~v_asWvAGhlbdQ,zeroshot,Sharpening knives,0,499350,499603
2830,43382,activitynet~v_b1PAqOmflgI,zeroshot,Layup drill in basketball,2,499605,499861
2831,43459,activitynet~v_boqfpo3YAps,zeroshot,Running a marathon,2,499863,500053
2832,43460,activitynet~v_boqfpo3YAps,zeroshot,Running a marathon,2,500055,500231
2833,43461,activitynet~v_bpfak_VIJ8o,indomain,Playing beach volleyball,1,500233,500394
2834,43477,activitynet~v_by4dS4tgkY0,zeroshot,Running a marathon,2,500396,500545
2835,43507,activitynet~v_cGEhbEHCQyE,indomain,Playing ice hockey,1,500547,500768
2836,43578,activitynet~v_crxqFzslD0Y,zeroshot,Playing harmonica,0,500770,500904
2837,43605,activitynet~v_cyJAifECfH0,zeroshot,Clean and jerk,2,500906,501112
2838,43612,activitynet~v_d3VVwwVkJBs,indomain,Blowing leaves,1,501114,501268
2839,43613,activitynet~v_d3VVwwVkJBs,indomain,Blowing leaves,3,501270,501572
2840,43614,activitynet~v_d3crFny-e3E,indomain,Rock climbing,1,501574,501679
2841,43627,activitynet~v_dAjhBWalWRM,indomain,Playing blackjack,2,501681,501786
2842,43656,activitynet~v_dXLhYjRSNcs,indomain,Using parallel bars,1,501788,501982
2843,43670,activitynet~v_doAvtD_jgiY,indomain,Baton twirling,3,501984,502100
2844,43672,activitynet~v_doAvtD_jgiY,indomain,Baton twirling,2,502102,502288
2845,43690,activitynet~v_e5XATG2IK6Q,indomain,Hand car wash,2,502290,502452
2846,43726,activitynet~v_eUCKEnKxG8w,zeroshot,Gargling mouthwash,2,502454,502637
2847,43727,activitynet~v_eW5W8dVB_I4,zeroshot,Layup drill in basketball,1,502639,502827
2848,43736,activitynet~v_efaYmJsTDJc,zeroshot,Gargling mouthwash,1,502829,502974
2849,43797,activitynet~v_feUoPtDWe1Y,zeroshot,Playing violin,1,502976,503069
2850,43798,activitynet~v_feUoPtDWe1Y,zeroshot,Playing violin,0,503071,503280
2851,43816,activitynet~v_fmdG9uPnWHQ,indomain,Grooming dog,0,503282,503478
2852,43820,activitynet~v_fmdG9uPnWHQ,indomain,Grooming dog,1,503480,503774
2853,43833,activitynet~v_fxyqt18d-jo,indomain,Making a sandwich,0,503776,504062
2854,43834,activitynet~v_fxyqt18d-jo,indomain,Making a sandwich,1,504064,504263
2855,43835,activitynet~v_fxyqt18d-jo,indomain,Making a sandwich,3,504265,504569
2856,43844,activitynet~v_g2uL6H3fP1c,indomain,Capoeira,1,504571,504741
2857,43845,activitynet~v_g2uL6H3fP1c,indomain,Capoeira,3,504743,504917
2858,43846,activitynet~v_g2uL6H3fP1c,indomain,Capoeira,2,504919,505057
2859,43847,activitynet~v_g2uL6H3fP1c,indomain,Capoeira,0,505059,505193
2860,43856,activitynet~v_gCx-ucvPhDY,indomain,Plataform diving,3,505195,505354
2861,43857,activitynet~v_gCx-ucvPhDY,indomain,Plataform diving,2,505356,505627
2862,43910,activitynet~v_gsfIHiBB6xE,zeroshot,Cutting the grass,1,505629,505724
2863,43911,activitynet~v_gsfIHiBB6xE,zeroshot,Cutting the grass,0,505726,505902
2864,43913,activitynet~v_gsfIHiBB6xE,zeroshot,Cutting the grass,3,505904,506143
2865,43938,activitynet~v_hJI5PEg2UuA,zeroshot,Sharpening knives,3,506145,506413
2866,43946,activitynet~v_hRMSh7vUmGY,zeroshot,Clean and jerk,1,506415,506552
2867,43947,activitynet~v_hRMSh7vUmGY,zeroshot,Clean and jerk,1,506554,506784
2868,43950,activitynet~v_hThdSxhMhDo,zeroshot,Washing face,3,506786,507020
2869,44027,activitynet~v_ikZwamRM5mo,indomain,Drum corps,3,507022,507161
2870,44042,activitynet~v_j0FMv4RDpEk,indomain,Fixing the roof,0,507163,507362
2871,44043,activitynet~v_j0FMv4RDpEk,indomain,Fixing the roof,0,507364,507552
2872,44047,activitynet~v_j8bfR_d_TlM,indomain,Carving jack-o-lanterns,3,507554,507673
2873,44048,activitynet~v_j8bfR_d_TlM,indomain,Carving jack-o-lanterns,2,507675,507832
2874,44049,activitynet~v_j8bfR_d_TlM,indomain,Carving jack-o-lanterns,3,507834,508042
2875,44050,activitynet~v_j8bfR_d_TlM,indomain,Carving jack-o-lanterns,0,508044,508238
2876,44051,activitynet~v_j8bfR_d_TlM,indomain,Carving jack-o-lanterns,3,508240,508425
2877,44052,activitynet~v_j8bfR_d_TlM,indomain,Carving jack-o-lanterns,1,508427,508623
2878,44071,activitynet~v_jOUwMAGYImE,indomain,Spinning,2,508625,508725
2879,44089,activitynet~v_jTMdMnbW9OI,zeroshot,Washing face,1,508727,508814
2880,44090,activitynet~v_jTMdMnbW9OI,zeroshot,Washing face,3,508816,508938
2881,44091,activitynet~v_jTMdMnbW9OI,zeroshot,Washing face,0,508940,509101
2882,44093,activitynet~v_jTMdMnbW9OI,zeroshot,Washing face,0,509103,509248
2883,44097,activitynet~v_jTMdMnbW9OI,zeroshot,Washing face,2,509250,509396
2884,44099,activitynet~v_jTMdMnbW9OI,zeroshot,Washing face,2,509398,509590
2885,44101,activitynet~v_jTMdMnbW9OI,zeroshot,Washing face,2,509592,509778
2886,44103,activitynet~v_jTMdMnbW9OI,zeroshot,Washing face,3,509780,509913
2887,44105,activitynet~v_jTMdMnbW9OI,zeroshot,Washing face,3,509915,510101
2888,44109,activitynet~v_j_IJQAywTuU,indomain,Shuffleboard,2,510103,510306
2889,44114,activitynet~v_jaaWdcA_COY,indomain,Hula hoop,3,510308,510484
2890,44115,activitynet~v_jaaWdcA_COY,indomain,Hula hoop,1,510486,510693
2891,44137,activitynet~v_jqrLD8zs7R4,indomain,Tango,3,510695,510860
2892,44295,activitynet~v_lZ2X-e33E0A,indomain,Plastering,1,510862,511039
2893,44296,activitynet~v_lZ2X-e33E0A,indomain,Plastering,2,511041,511186
2894,44299,activitynet~v_l_Y_Xns6SpE,indomain,Playing pool,0,511188,511335
2895,44300,activitynet~v_lcVkXTsnR7A,zeroshot,Playing harmonica,0,511337,511431
2896,44302,activitynet~v_lcVkXTsnR7A,zeroshot,Playing harmonica,2,511433,511600
2897,44315,activitynet~v_lpZytCK-g1M,zeroshot,Washing face,2,511602,511886
2898,44343,activitynet~v_m7XKITsRtVw,indomain,Drinking coffee,1,511888,512097
2899,44373,activitynet~v_makIgB4X3q8,indomain,Brushing teeth,1,512099,512337
2900,44374,activitynet~v_makIgB4X3q8,indomain,Brushing teeth,3,512339,512539
2901,44404,activitynet~v_mi_zRluISrE,indomain,Laying tile,1,512541,512688
2902,44405,activitynet~v_mi_zRluISrE,indomain,Laying tile,3,512690,512873
2903,44406,activitynet~v_mi_zRluISrE,indomain,Laying tile,3,512875,513102
2904,44419,activitynet~v_mtQUYdj2Ecg,zeroshot,Clean and jerk,0,513104,513185
2905,44435,activitynet~v_n1dboqahvZU,zeroshot,Clean and jerk,1,513187,513297
2906,44448,activitynet~v_nARkYpOZWyg,indomain,Blowing leaves,3,513299,513438
2907,44485,activitynet~v_nSuPseBeQI0,indomain,Skateboarding,1,513440,513580
2908,44523,activitynet~v_oD45QIOK4z0,indomain,Futsal,3,513582,513778
2909,44525,activitynet~v_oD45QIOK4z0,indomain,Futsal,0,513780,514029
2910,44543,activitynet~v_oTsTx2BhtgY,zeroshot,Sharpening knives,2,514031,514193
2911,44544,activitynet~v_oTsTx2BhtgY,zeroshot,Sharpening knives,3,514195,514337
2912,44559,activitynet~v_olFThb2_GHM,indomain,Discus throw,2,514339,514438
2913,44567,activitynet~v_oqX-n2KHWAM,zeroshot,Having an ice cream,0,514440,514584
2914,44568,activitynet~v_oqX-n2KHWAM,zeroshot,Having an ice cream,3,514586,514765
2915,44570,activitynet~v_oqX-n2KHWAM,zeroshot,Having an ice cream,1,514767,514944
2916,44593,activitynet~v_p800u2wCKbE,indomain,Making a lemonade,2,514946,515179
2917,44594,activitynet~v_p800u2wCKbE,indomain,Making a lemonade,3,515181,515353
2918,44595,activitynet~v_p800u2wCKbE,indomain,Making a lemonade,2,515355,515594
2919,44596,activitynet~v_p800u2wCKbE,indomain,Making a lemonade,0,515596,515807
2920,44597,activitynet~v_p8h3G0Tblqc,zeroshot,Layup drill in basketball,0,515809,515973
2921,44599,activitynet~v_p8h3G0Tblqc,zeroshot,Layup drill in basketball,3,515975,516183
2922,44603,activitynet~v_p9JNte3VMKQ,zeroshot,Sharpening knives,0,516185,516391
2923,44612,activitynet~v_pRGlbeqRfM0,zeroshot,Gargling mouthwash,0,516393,516499
2924,44684,activitynet~v_qI_Bo0D6p7I,indomain,Hula hoop,0,516501,516690
2925,44685,activitynet~v_qI_Bo0D6p7I,indomain,Hula hoop,1,516692,516903
2926,44715,activitynet~v_qcV3JtJDoV8,indomain,Skiing,3,516905,516986
2927,44716,activitynet~v_qcV3JtJDoV8,indomain,Skiing,0,516988,517143
2928,44746,activitynet~v_r3H_75-lRjE,zeroshot,Playing harmonica,3,517145,517288
2929,44759,activitynet~v_r82RY124wVY,indomain,Tennis serve with ball bouncing,2,517290,517376
2930,44835,activitynet~v_roTIeCtx94Q,indomain,Baking cookies,1,517378,517592
2931,44855,activitynet~v_s7HB851cCrg,indomain,Playing badminton,2,517594,517687
2932,44856,activitynet~v_s7HB851cCrg,indomain,Playing badminton,0,517689,517820
2933,44922,activitynet~v_sd2MhdKdQTo,zeroshot,Playing harmonica,3,517822,518018
2934,44926,activitynet~v_sjE-hHKFghc,indomain,Rollerblading,0,518020,518246
2935,44927,activitynet~v_sjHCZWdopsQ,indomain,Playing accordion,1,518248,518320
2936,44928,activitynet~v_sjHCZWdopsQ,indomain,Playing accordion,0,518322,518454
2937,44945,activitynet~v_soGmSXFO7wI,indomain,Shot put,1,518456,518580
2938,44947,activitynet~v_soGmSXFO7wI,indomain,Shot put,0,518582,518743
2939,44972,activitynet~v_tJLm2D4J3X0,indomain,Triple jump,1,518745,518865
2940,45043,activitynet~v_uWnlmM2uOs4,indomain,Applying sunscreen,1,518867,519062
2941,45047,activitynet~v_uZpVDAd7da8,zeroshot,Cutting the grass,1,519064,519157
2942,45086,activitynet~v_vKShqwBJrME,indomain,Playing rubik cube,0,519159,519339
2943,45089,activitynet~v_vREBYOCUCj0,indomain,Skiing,1,519341,519432
2944,45100,activitynet~v_vctal2m9Zvg,indomain,Calf roping,0,519434,519579
2945,45101,activitynet~v_vctal2m9Zvg,indomain,Calf roping,0,519581,519779
2946,45105,activitynet~v_vpvhtd7CqUA,indomain,Bullfighting,0,519781,519902
2947,45106,activitynet~v_vpvhtd7CqUA,indomain,Bullfighting,2,519904,520064
2948,45122,activitynet~v_w3DvA9405_o,zeroshot,Playing harmonica,2,520066,520206
2949,45164,activitynet~v_waTjpd7yDkc,indomain,Rollerblading,1,520208,520327
2950,45165,activitynet~v_waTjpd7yDkc,indomain,Rollerblading,0,520329,520538
2951,45176,activitynet~v_wideKBXF-60,indomain,Playing polo,1,520540,520972
2952,45177,activitynet~v_wideKBXF-60,indomain,Playing polo,1,520974,521255
2953,45178,activitynet~v_wideKBXF-60,indomain,Playing polo,1,521257,521575
2954,45179,activitynet~v_wideKBXF-60,indomain,Playing polo,2,521577,521924
2955,45196,activitynet~v_x2CZHFxoZaM,zeroshot,Running a marathon,2,521926,522045
2956,45226,activitynet~v_xIAq1OdWQM0,zeroshot,High jump,0,522047,522257
2957,45227,activitynet~v_xIAq1OdWQM0,zeroshot,High jump,2,522259,522474
2958,45237,activitynet~v_xRfSkg8j7Dg,zeroshot,Cutting the grass,0,522476,522578
2959,45238,activitynet~v_xRfSkg8j7Dg,zeroshot,Cutting the grass,0,522580,522720
2960,45249,activitynet~v_xXGc5_0_2QI,indomain,Calf roping,0,522722,522834
2961,45251,activitynet~v_xXGc5_0_2QI,indomain,Calf roping,3,522836,523053
2962,45313,activitynet~v_yIIDIQDKVhI,zeroshot,Sharpening knives,2,523055,523172
2963,45316,activitynet~v_yIIDIQDKVhI,zeroshot,Sharpening knives,1,523174,523481
2964,45319,activitynet~v_yIIDIQDKVhI,zeroshot,Sharpening knives,0,523483,523681
2965,45328,activitynet~v_yNwdhK5UKec,zeroshot,Playing harmonica,2,523683,523800
2966,45329,activitynet~v_yNwdhK5UKec,zeroshot,Playing harmonica,3,523802,524032
2967,45369,activitynet~v_yjd9UOJdes8,zeroshot,Playing violin,2,524034,524226
2968,45412,activitynet~v_zJX_Oh4yVnc,indomain,Doing motocross,3,524228,524512
2969,45451,activitynet~v_zlXvqnBqVvI,indomain,Shuffleboard,3,524514,524685
2970,45452,activitynet~v_zlXvqnBqVvI,indomain,Shuffleboard,3,524687,524870
2971,45496,activitynet~v_079MEwdDNjg,indomain,Rock-paper-scissors,2,524872,525031
2972,45511,activitynet~v_0_-Q1zOC3Kw,zeroshot,Playing harmonica,1,525033,525157
2973,45514,activitynet~v_0n3VRoYYYGU,zeroshot,Sharpening knives,1,525159,525409
2974,45515,activitynet~v_0n3VRoYYYGU,zeroshot,Sharpening knives,3,525411,525619
2975,45522,activitynet~v_1926p23ooUM,zeroshot,Layup drill in basketball,2,525621,525719
2976,45572,activitynet~v_2aHetC-N-P4,zeroshot,Cutting the grass,3,525721,525911
2977,45604,activitynet~v_3OcAjx8e4LU,indomain,River tubing,0,525913,526067
2978,45618,activitynet~v_4CSyAAoO18s,zeroshot,Washing face,1,526069,526140
2979,45619,activitynet~v_4CSyAAoO18s,zeroshot,Washing face,3,526142,526284
2980,45627,activitynet~v_4OCbTYrThtc,indomain,Bullfighting,0,526286,526366
2981,45629,activitynet~v_4OIkfJ_IkpA,zeroshot,Cutting the grass,1,526368,526512
2982,45630,activitynet~v_4OIkfJ_IkpA,zeroshot,Cutting the grass,1,526514,526706
2983,45641,activitynet~v_4oZtb0kglx4,indomain,Wrapping presents,1,526708,526829
2984,45642,activitynet~v_4oZtb0kglx4,indomain,Wrapping presents,3,526831,527036
2985,45662,activitynet~v_5kmGgH4xFW0,indomain,Snow tubing,0,527038,527216
2986,45663,activitynet~v_5kmGgH4xFW0,indomain,Snow tubing,3,527218,527377
2987,45665,activitynet~v_5kmGgH4xFW0,indomain,Snow tubing,2,527379,527599
2988,45666,activitynet~v_5kmGgH4xFW0,indomain,Snow tubing,1,527601,527864
2989,45673,activitynet~v_5rw6n16ILgY,zeroshot,High jump,2,527866,528024
2990,45688,activitynet~v_6O5UcjQMwoQ,indomain,Playing drums,1,528026,528197
2991,45703,activitynet~v_6b8h8ztnj9Q,indomain,Using the rowing machine,1,528199,528284
2992,45742,activitynet~v_70bS0DkAeDo,zeroshot,Clean and jerk,2,528286,528369
2993,45796,activitynet~v_8UXuHMmOYGI,zeroshot,Sharpening knives,2,528371,528461
2994,45823,activitynet~v_91WRZuT4c6E,indomain,Hand car wash,2,528463,528549
2995,45829,activitynet~v_993xtlhuVII,zeroshot,Playing violin,2,528551,528725
2996,45855,activitynet~v_A1EflBqBv14,indomain,Arm wrestling,1,528727,528857
2997,45856,activitynet~v_A1EflBqBv14,indomain,Arm wrestling,3,528859,529050
2998,45867,activitynet~v_AUHORHUgC-s,zeroshot,Sharpening knives,2,529052,529359
2999,45869,activitynet~v_Ad9jrt2bP1o,indomain,Triple jump,0,529361,529476
3000,45870,activitynet~v_Ad9jrt2bP1o,indomain,Triple jump,3,529478,529637
3001,45986,activitynet~v_DvIng_zQPyY,indomain,Dodgeball,1,529639,529786
3002,46010,activitynet~v_EbQJuDQdW8U,indomain,Ironing clothes,3,529788,529876
3003,46011,activitynet~v_EbQJuDQdW8U,indomain,Ironing clothes,3,529878,530005
3004,46012,activitynet~v_EbQJuDQdW8U,indomain,Ironing clothes,0,530007,530125
3005,46031,activitynet~v_F1xZKduLnWg,indomain,Doing fencing,2,530127,530309
3006,46032,activitynet~v_F1xZKduLnWg,indomain,Doing fencing,2,530311,530548
3007,46046,activitynet~v_FDvZUUc5tw4,indomain,Clipping cat claws,0,530550,530620
3008,46079,activitynet~v_G0DPDo44wt8,zeroshot,Clean and jerk,2,530622,530754
3009,46080,activitynet~v_G0DPDo44wt8,zeroshot,Clean and jerk,3,530756,530927
3010,46084,activitynet~v_G6ayznrS0tY,zeroshot,Gargling mouthwash,3,530929,531152
3011,46112,activitynet~v_GyBIC-DBoss,zeroshot,Clean and jerk,0,531154,531306
3012,46125,activitynet~v_HPNZi_WsUeY,indomain,Preparing pasta,2,531308,531418
3013,46126,activitynet~v_HPNZi_WsUeY,indomain,Preparing pasta,3,531420,531583
3014,46128,activitynet~v_HPNZi_WsUeY,indomain,Preparing pasta,2,531585,531799
3015,46130,activitynet~v_HPNZi_WsUeY,indomain,Preparing pasta,1,531801,531986
3016,46132,activitynet~v_HPNZi_WsUeY,indomain,Preparing pasta,3,531988,532148
3017,46135,activitynet~v_HWV_ccmZVPA,zeroshot,Running a marathon,0,532150,532440
3018,46142,activitynet~v_HlhQ3-WOdgI,indomain,Drinking coffee,1,532442,532618
3019,46144,activitynet~v_Hn3-SRXssY4,zeroshot,High jump,3,532620,532699
3020,46145,activitynet~v_Hn3-SRXssY4,zeroshot,High jump,2,532701,532817
3021,46220,activitynet~v_JE0xYYOp5_s,zeroshot,Sharpening knives,2,532819,532988
3022,46221,activitynet~v_JE0xYYOp5_s,zeroshot,Sharpening knives,0,532990,533219
3023,46260,activitynet~v_KBG7wrKsZAI,indomain,Doing karate,3,533221,533340
3024,46261,activitynet~v_KBG7wrKsZAI,indomain,Doing karate,3,533342,533502
3025,46262,activitynet~v_KBG7wrKsZAI,indomain,Doing karate,3,533504,533698
3026,46310,activitynet~v_LaWlIUKH3PU,indomain,Baton twirling,0,533700,533842
3027,46322,activitynet~v_M2wdIwZMNm8,zeroshot,Ice fishing,3,533844,533973
3028,46323,activitynet~v_M2wdIwZMNm8,zeroshot,Ice fishing,3,533975,534172
3029,46374,activitynet~v_Nj_rPQwzllA,zeroshot,Playing harmonica,2,534174,534266
3030,46390,activitynet~v_O5vpeIfQxLQ,zeroshot,Having an ice cream,2,534268,534442
3031,46391,activitynet~v_O5vpeIfQxLQ,zeroshot,Having an ice cream,0,534444,534644
3032,46393,activitynet~v_O5vpeIfQxLQ,zeroshot,Having an ice cream,0,534646,534795
3033,46399,activitynet~v_OHNH7IV0768,indomain,Playing water polo,3,534797,534885
3034,46425,activitynet~v_P1gGM89_T2g,indomain,Scuba diving,0,534887,534997
3035,46426,activitynet~v_P1gGM89_T2g,indomain,Scuba diving,1,534999,535172
3036,46454,activitynet~v_QQBmydn6--I,indomain,Starting a campfire,1,535174,535310
3037,46457,activitynet~v_QUJXOFPJ_YI,indomain,Playing squash,1,535312,535450
3038,46470,activitynet~v_R0B5bBr6t8w,zeroshot,Layup drill in basketball,2,535452,535605
3039,46472,activitynet~v_R0B5bBr6t8w,zeroshot,Layup drill in basketball,2,535607,535784
3040,46479,activitynet~v_RAluocUocdw,indomain,Surfing,3,535786,535881
3041,46480,activitynet~v_RAluocUocdw,indomain,Surfing,3,535883,536015
3042,46532,activitynet~v_SwIxaPdYIJE,indomain,Playing lacrosse,1,536017,536145
3043,46534,activitynet~v_SwIxaPdYIJE,indomain,Playing lacrosse,2,536147,536341
3044,46535,activitynet~v_SwIxaPdYIJE,indomain,Playing lacrosse,1,536343,536512
3045,46553,activitynet~v_TM4-Miytfv4,zeroshot,High jump,0,536514,536726
3046,46554,activitynet~v_TM4-Miytfv4,zeroshot,High jump,1,536728,536913
3047,46708,activitynet~v_XdqHO4x2FL0,indomain,Arm wrestling,3,536915,536995
3048,46709,activitynet~v_XdqHO4x2FL0,indomain,Arm wrestling,1,536997,537122
3049,46822,activitynet~v_agM7yjqVKo0,zeroshot,Layup drill in basketball,1,537124,537267
3050,46882,activitynet~v_cZZM3bgmXE4,zeroshot,Playing violin,3,537269,537362
3051,46883,activitynet~v_cZZM3bgmXE4,zeroshot,Playing violin,3,537364,537530
3052,46887,activitynet~v_coEvniePQLA,indomain,Making a lemonade,3,537532,537607
3053,46888,activitynet~v_coEvniePQLA,indomain,Making a lemonade,2,537609,537723
3054,46889,activitynet~v_coEvniePQLA,indomain,Making a lemonade,2,537725,537892
3055,46899,activitynet~v_d950IKYTYY0,zeroshot,Having an ice cream,2,537894,538100
3056,46912,activitynet~v_dJ0kxnyVzFI,zeroshot,Running a marathon,2,538102,538207
3057,46960,activitynet~v_e4bcTIoiMIk,zeroshot,Sharpening knives,0,538209,538360
3058,47007,activitynet~v_fSUwyioi_ws,zeroshot,Sharpening knives,1,538362,538501
3059,47039,activitynet~v_gIwTydKpIe4,indomain,Ironing clothes,3,538503,538680
3060,47061,activitynet~v_gtAl_FkXdR8,indomain,Paintball,1,538682,538934
3061,47072,activitynet~v_h4Cf5u1j0TU,zeroshot,Having an ice cream,2,538936,539137
3062,47073,activitynet~v_hHMqyl_Dugs,zeroshot,Ice fishing,0,539139,539225
3063,47074,activitynet~v_hHMqyl_Dugs,zeroshot,Ice fishing,0,539227,539352
3064,47142,activitynet~v_iddZ6YIWLWc,indomain,Slacklining,3,539354,539515
3065,47143,activitynet~v_iddZ6YIWLWc,indomain,Slacklining,3,539517,539750
3066,47176,activitynet~v_jVC3DZdphYM,zeroshot,Playing harmonica,2,539752,539865
3067,47178,activitynet~v_jVC3DZdphYM,zeroshot,Playing harmonica,2,539867,540042
3068,47190,activitynet~v_juIOpLYnW64,indomain,Getting a piercing,0,540044,540225
3069,47191,activitynet~v_juIOpLYnW64,indomain,Getting a piercing,0,540227,540528
3070,47193,activitynet~v_jzCnWUUUviE,zeroshot,Clean and jerk,0,540530,540630
3071,47200,activitynet~v_kElViDpjunQ,indomain,Cleaning shoes,1,540632,540806
3072,47201,activitynet~v_kElViDpjunQ,indomain,Cleaning shoes,3,540808,541097
3073,47202,activitynet~v_kElViDpjunQ,indomain,Cleaning shoes,2,541099,541305
3074,47225,activitynet~v_kdfJW8YV378,indomain,Sailing,2,541307,541450
3075,47248,activitynet~v_lAN2pe1lW-o,indomain,Shot put,1,541452,541536
3076,47249,activitynet~v_lAN2pe1lW-o,indomain,Shot put,3,541538,541667
3077,47293,activitynet~v_mUyMYnGXKgk,zeroshot,Layup drill in basketball,2,541669,541837
3078,47294,activitynet~v_mUyMYnGXKgk,zeroshot,Layup drill in basketball,3,541839,542023
3079,47297,activitynet~v_mbB7UFoTwpo,zeroshot,Washing face,3,542025,542119
3080,47338,activitynet~v_nNldj5g7W5o,zeroshot,Having an ice cream,3,542121,542199
3081,47359,activitynet~v_o9ghRI_Iddk,zeroshot,Playing violin,3,542201,542326
3082,47368,activitynet~v_oS7Twj3Pou0,indomain,Hopscotch,0,542328,542414
3083,47369,activitynet~v_oSoi5owiybU,zeroshot,Running a marathon,2,542416,542592
3084,47370,activitynet~v_oSoi5owiybU,zeroshot,Running a marathon,2,542594,542862
3085,47429,activitynet~v_phg81-nhqH4,indomain,Kneeling,1,542864,542995
3086,47438,activitynet~v_qMj2sCoRHqY,zeroshot,Playing harmonica,2,542997,543247
3087,47467,activitynet~v_r46Vy3p19a0,zeroshot,Cutting the grass,2,543249,543538
3088,47512,activitynet~v_rxfkWIGZtlQ,indomain,Blow-drying hair,3,543540,543679
3089,47576,activitynet~v_tOCFOu8eOkU,zeroshot,Having an ice cream,0,543681,543800
3090,47577,activitynet~v_tOCFOu8eOkU,zeroshot,Having an ice cream,1,543802,543967
3091,47593,activitynet~v_u3XYsINR-y4,zeroshot,Playing violin,0,543969,544091
3092,47598,activitynet~v_u7OvguFW-Hs,indomain,Doing a powerbomb,3,544093,544279
3093,47615,activitynet~v_ukPz_13Agis,zeroshot,Layup drill in basketball,1,544281,544398
3094,47617,activitynet~v_ukPz_13Agis,zeroshot,Layup drill in basketball,3,544400,544592
3095,47644,activitynet~v_vWde8sMxe1w,zeroshot,High jump,1,544594,544669
3096,47645,activitynet~v_vWde8sMxe1w,zeroshot,High jump,0,544671,544790
3097,47650,activitynet~v_vth3IYGHu5k,zeroshot,High jump,1,544792,544921
3098,47651,activitynet~v_vth3IYGHu5k,zeroshot,High jump,3,544923,545136
3099,47675,activitynet~v_wd7W8NTi_58,indomain,Canoeing,1,545138,545284
3100,47677,activitynet~v_wdD-UHM8rTg,zeroshot,Playing violin,0,545286,545421
3101,47704,activitynet~v_x768VAsOQSw,zeroshot,Ice fishing,1,545423,545598
3102,47781,activitynet~v_z-iuSgXKUcw,zeroshot,Playing violin,3,545600,545717
3103,47782,activitynet~v_z-iuSgXKUcw,zeroshot,Playing violin,1,545719,545924
3104,47811,activitynet~v_-F7QWQA8Eh8,indomain,Tango,2,545926,546066
3105,47812,activitynet~v_-F7QWQA8Eh8,indomain,Tango,1,546068,546265
3106,47820,activitynet~v_-uR5-jYe0Ag,indomain,Putting on makeup,1,546267,546390
3107,47821,activitynet~v_-uR5-jYe0Ag,indomain,Putting on makeup,1,546392,546587
3108,47841,activitynet~v_0_-Q1zOC3Kw,zeroshot,Playing harmonica,1,546589,546764
3109,47884,activitynet~v_2GCNxOKMtBo,zeroshot,Ice fishing,3,546766,547015
3110,47896,activitynet~v_2aHetC-N-P4,zeroshot,Cutting the grass,2,547017,547123
3111,47923,activitynet~v_3AsQjx1lxLU,zeroshot,Running a marathon,1,547125,547371
3112,47951,activitynet~v_4CSyAAoO18s,zeroshot,Washing face,0,547373,547490
3113,47952,activitynet~v_4CSyAAoO18s,zeroshot,Washing face,1,547492,547676
3114,47953,activitynet~v_4CSyAAoO18s,zeroshot,Washing face,2,547678,547833
3115,47958,activitynet~v_4OCbTYrThtc,indomain,Bullfighting,2,547835,547957
3116,47973,activitynet~v_4oZtb0kglx4,indomain,Wrapping presents,2,547959,548166
3117,47974,activitynet~v_4oZtb0kglx4,indomain,Wrapping presents,1,548168,548400
3118,47975,activitynet~v_4oZtb0kglx4,indomain,Wrapping presents,0,548402,548581
3119,47995,activitynet~v_5kmGgH4xFW0,indomain,Snow tubing,3,548583,548736
3120,47998,activitynet~v_5rw6n16ILgY,zeroshot,High jump,1,548738,548921
3121,48010,activitynet~v_6O5UcjQMwoQ,indomain,Playing drums,3,548923,549054
3122,48045,activitynet~v_70bS0DkAeDo,zeroshot,Clean and jerk,1,549056,549219
3123,48046,activitynet~v_70bS0DkAeDo,zeroshot,Clean and jerk,1,549221,549427
3124,48102,activitynet~v_8UXuHMmOYGI,zeroshot,Sharpening knives,0,549429,549636
3125,48122,activitynet~v_91WRZuT4c6E,indomain,Hand car wash,3,549638,549755
3126,48123,activitynet~v_91WRZuT4c6E,indomain,Hand car wash,0,549757,549921
3127,48124,activitynet~v_91WRZuT4c6E,indomain,Hand car wash,2,549923,550090
3128,48126,activitynet~v_91WRZuT4c6E,indomain,Hand car wash,1,550092,550262
3129,48127,activitynet~v_91WRZuT4c6E,indomain,Hand car wash,1,550264,550446
3130,48133,activitynet~v_993xtlhuVII,zeroshot,Playing violin,0,550448,550592
3131,48169,activitynet~v_AUHORHUgC-s,zeroshot,Sharpening knives,3,550594,550897
3132,48172,activitynet~v_Ad9jrt2bP1o,indomain,Triple jump,0,550899,550985
3133,48176,activitynet~v_Amgt0yzQido,indomain,Rope skipping,3,550987,551216
3134,48177,activitynet~v_AyicWbHhUWc,zeroshot,Clean and jerk,1,551218,551443
3135,48178,activitynet~v_AyicWbHhUWc,zeroshot,Clean and jerk,3,551445,551847
3136,48193,activitynet~v_BQRidRi2V1c,indomain,Rope skipping,2,551849,552066
3137,48240,activitynet~v_Cy3tUZIN8nk,zeroshot,Playing harmonica,2,552068,552240
3138,48241,activitynet~v_Cy3tUZIN8nk,zeroshot,Playing harmonica,0,552242,552465
3139,48274,activitynet~v_DvIng_zQPyY,indomain,Dodgeball,0,552467,552637
3140,48275,activitynet~v_DvIng_zQPyY,indomain,Dodgeball,2,552639,552834
3141,48310,activitynet~v_EbQJuDQdW8U,indomain,Ironing clothes,0,552836,552990
3142,48354,activitynet~v_FDvZUUc5tw4,indomain,Clipping cat claws,3,552992,553072
3143,48355,activitynet~v_FDvZUUc5tw4,indomain,Clipping cat claws,3,553074,553207
3144,48356,activitynet~v_FDvZUUc5tw4,indomain,Clipping cat claws,1,553209,553337
3145,48360,activitynet~v_FOm0uKw7dXc,indomain,Tango,3,553339,553535
3146,48396,activitynet~v_G6ayznrS0tY,zeroshot,Gargling mouthwash,0,553537,553676
3147,48400,activitynet~v_G6ayznrS0tY,zeroshot,Gargling mouthwash,1,553678,553841
3148,48401,activitynet~v_G6ayznrS0tY,zeroshot,Gargling mouthwash,0,553843,554028
3149,48430,activitynet~v_GyBIC-DBoss,zeroshot,Clean and jerk,3,554030,554155
3150,48431,activitynet~v_GyBIC-DBoss,zeroshot,Clean and jerk,3,554157,554391
3151,48451,activitynet~v_HWV_ccmZVPA,zeroshot,Running a marathon,2,554393,554556
3152,48459,activitynet~v_Hn3-SRXssY4,zeroshot,High jump,0,554558,554811
3153,48460,activitynet~v_Hn3-SRXssY4,zeroshot,High jump,0,554813,555063
3154,48461,activitynet~v_Hn3-SRXssY4,zeroshot,High jump,1,555065,555306
3155,48588,activitynet~v_K5wPwCFVkhU,zeroshot,Washing face,0,555308,555401
3156,48592,activitynet~v_KBG7wrKsZAI,indomain,Doing karate,0,555403,555660
3157,48639,activitynet~v_LaWlIUKH3PU,indomain,Baton twirling,1,555662,555839
3158,48651,activitynet~v_M2wdIwZMNm8,zeroshot,Ice fishing,1,555841,555969
3159,48652,activitynet~v_M2wdIwZMNm8,zeroshot,Ice fishing,3,555971,556141
3160,48653,activitynet~v_M2wdIwZMNm8,zeroshot,Ice fishing,2,556143,556279
3161,48713,activitynet~v_Nj_rPQwzllA,zeroshot,Playing harmonica,1,556281,556515
3162,48714,activitynet~v_Nj_rPQwzllA,zeroshot,Playing harmonica,3,556517,556832
3163,48724,activitynet~v_O5vpeIfQxLQ,zeroshot,Having an ice cream,3,556834,557004
3164,48733,activitynet~v_OHNH7IV0768,indomain,Playing water polo,3,557006,557076
3165,48765,activitynet~v_PKEw32TJRWs,indomain,Waterskiing,1,557078,557287
3166,48784,activitynet~v_QQBmydn6--I,indomain,Starting a campfire,0,557289,557367
3167,48878,activitynet~v_SwIxaPdYIJE,indomain,Playing lacrosse,1,557369,557499
3168,48879,activitynet~v_SwIxaPdYIJE,indomain,Playing lacrosse,3,557501,557663
3169,48881,activitynet~v_SwIxaPdYIJE,indomain,Playing lacrosse,2,557665,557797
3170,49019,activitynet~v_WQmJrfjOF7o,indomain,Laying tile,1,557799,557958
3171,49020,activitynet~v_WQmJrfjOF7o,indomain,Laying tile,0,557960,558196
3172,49044,activitynet~v_XBO6AIdaCzU,zeroshot,Playing harmonica,2,558198,558325
3173,49045,activitynet~v_XBO6AIdaCzU,zeroshot,Playing harmonica,3,558327,558514
3174,49064,activitynet~v_XdqHO4x2FL0,indomain,Arm wrestling,2,558516,558601
3175,49065,activitynet~v_XdqHO4x2FL0,indomain,Arm wrestling,0,558603,558716
3176,49066,activitynet~v_XdqHO4x2FL0,indomain,Arm wrestling,0,558718,558879
3177,49067,activitynet~v_XdqHO4x2FL0,indomain,Arm wrestling,2,558881,559009
3178,49084,activitynet~v_YWfLZFXwjTE,zeroshot,Gargling mouthwash,1,559011,559182
3179,49085,activitynet~v_YWfLZFXwjTE,zeroshot,Gargling mouthwash,1,559184,559419
3180,49157,activitynet~v_agM7yjqVKo0,zeroshot,Layup drill in basketball,2,559421,559493
3181,49183,activitynet~v_bjKd--KFl0E,indomain,Surfing,3,559495,559622
3182,49219,activitynet~v_cZZM3bgmXE4,zeroshot,Playing violin,3,559624,559823
3183,49227,activitynet~v_coEvniePQLA,indomain,Making a lemonade,1,559825,559909
3184,49229,activitynet~v_coEvniePQLA,indomain,Making a lemonade,0,559911,560109
3185,49230,activitynet~v_coEvniePQLA,indomain,Making a lemonade,2,560111,560259
3186,49258,activitynet~v_dJ0kxnyVzFI,zeroshot,Running a marathon,1,560261,560357
3187,49259,activitynet~v_dJ0kxnyVzFI,zeroshot,Running a marathon,3,560359,560492
3188,49263,activitynet~v_dJ0kxnyVzFI,zeroshot,Running a marathon,2,560494,560667
3189,49309,activitynet~v_e4bcTIoiMIk,zeroshot,Sharpening knives,3,560669,561022
3190,49387,activitynet~v_gEYutYXODs4,indomain,Knitting,0,561024,561180
3191,49388,activitynet~v_gIwTydKpIe4,indomain,Ironing clothes,2,561182,561340
3192,49424,activitynet~v_h4Cf5u1j0TU,zeroshot,Having an ice cream,1,561342,561586
3193,49426,activitynet~v_hHMqyl_Dugs,zeroshot,Ice fishing,3,561588,561793
3194,49491,activitynet~v_iddZ6YIWLWc,indomain,Slacklining,1,561795,562005
3195,49492,activitynet~v_iddZ6YIWLWc,indomain,Slacklining,0,562007,562245
3196,49493,activitynet~v_iddZ6YIWLWc,indomain,Slacklining,3,562247,562585
3197,49509,activitynet~v_jM3Buw2Kidk,indomain,Windsurfing,2,562587,562741
3198,49515,activitynet~v_jVC3DZdphYM,zeroshot,Playing harmonica,3,562743,562955
3199,49518,activitynet~v_jVC3DZdphYM,zeroshot,Playing harmonica,2,562957,563162
3200,49519,activitynet~v_jVC3DZdphYM,zeroshot,Playing harmonica,2,563164,563348
3201,49532,activitynet~v_juIOpLYnW64,indomain,Getting a piercing,3,563350,563626
3202,49544,activitynet~v_kElViDpjunQ,indomain,Cleaning shoes,0,563628,563818
3203,49565,activitynet~v_kdfJW8YV378,indomain,Sailing,1,563820,563994
3204,49583,activitynet~v_lAN2pe1lW-o,indomain,Shot put,2,563996,564192
3205,49584,activitynet~v_lAN2pe1lW-o,indomain,Shot put,1,564194,564363
3206,49641,activitynet~v_mUyMYnGXKgk,zeroshot,Layup drill in basketball,2,564365,564462
3207,49682,activitynet~v_nDJgThY8zi8,indomain,Spinning,3,564464,564633
3208,49694,activitynet~v_nNldj5g7W5o,zeroshot,Having an ice cream,1,564635,564841
3209,49695,activitynet~v_nNldj5g7W5o,zeroshot,Having an ice cream,0,564843,565035
3210,49705,activitynet~v_nezTU6Bq5hM,zeroshot,Cutting the grass,3,565037,565115
3211,49715,activitynet~v_o9ghRI_Iddk,zeroshot,Playing violin,1,565117,565230
3212,49716,activitynet~v_o9ghRI_Iddk,zeroshot,Playing violin,3,565232,565414
3213,49717,activitynet~v_o9ghRI_Iddk,zeroshot,Playing violin,0,565416,565723
3214,49718,activitynet~v_o9ghRI_Iddk,zeroshot,Playing violin,3,565725,565992
3215,49733,activitynet~v_oS7Twj3Pou0,indomain,Hopscotch,1,565994,566124
3216,49736,activitynet~v_oSoi5owiybU,zeroshot,Running a marathon,2,566126,566349
3217,49797,activitynet~v_phg81-nhqH4,indomain,Kneeling,3,566351,566441
3218,49798,activitynet~v_phg81-nhqH4,indomain,Kneeling,3,566443,566590
3219,49811,activitynet~v_qMj2sCoRHqY,zeroshot,Playing harmonica,3,566592,566725
3220,49812,activitynet~v_qMj2sCoRHqY,zeroshot,Playing harmonica,2,566727,566961
3221,49813,activitynet~v_qMj2sCoRHqY,zeroshot,Playing harmonica,1,566963,567180
3222,49837,activitynet~v_r46Vy3p19a0,zeroshot,Cutting the grass,2,567182,567372
3223,49847,activitynet~v_r97vYbzloD8,indomain,Kite flying,3,567374,567540
3224,49890,activitynet~v_rxfkWIGZtlQ,indomain,Blow-drying hair,0,567542,567716
3225,49900,activitynet~v_sGGnEgCnEt8,indomain,Arm wrestling,3,567718,567817
3226,49955,activitynet~v_tOCFOu8eOkU,zeroshot,Having an ice cream,1,567819,568025
3227,49974,activitynet~v_u7OvguFW-Hs,indomain,Doing a powerbomb,2,568027,568133
3228,49975,activitynet~v_u7OvguFW-Hs,indomain,Doing a powerbomb,2,568135,568282
3229,50023,activitynet~v_vth3IYGHu5k,zeroshot,High jump,1,568284,568390
3230,50024,activitynet~v_vth3IYGHu5k,zeroshot,High jump,0,568392,568548
3231,50026,activitynet~v_vth3IYGHu5k,zeroshot,High jump,0,568550,568749
3232,50045,activitynet~v_wd7W8NTi_58,indomain,Canoeing,3,568751,568967
3233,50048,activitynet~v_wdD-UHM8rTg,zeroshot,Playing violin,3,568969,569109
3234,50070,activitynet~v_x18x9BKMAlk,indomain,Tai chi,3,569111,569217
3235,50071,activitynet~v_x18x9BKMAlk,indomain,Tai chi,0,569219,569407
3236,50073,activitynet~v_x18x9BKMAlk,indomain,Tai chi,3,569409,569632
3237,50079,activitynet~v_x768VAsOQSw,zeroshot,Ice fishing,0,569634,569734
3238,50117,activitynet~v_yJSQmNSFlNI,indomain,River tubing,3,569736,569900
3239,50119,activitynet~v_yJSQmNSFlNI,indomain,River tubing,2,569902,570087
3240,50158,activitynet~v_z-iuSgXKUcw,zeroshot,Playing violin,0,570089,570192
3241,50159,activitynet~v_z-iuSgXKUcw,zeroshot,Playing violin,0,570194,570340
3242,50160,activitynet~v_z-iuSgXKUcw,zeroshot,Playing violin,0,570342,570489
3243,1,wikihow~4,zeroshot,Personal Care and Style,3,570491,570980
3244,11,wikihow~18,zeroshot,Personal Care and Style,3,570982,571505
3245,15,wikihow~23,zeroshot,Personal Care and Style,0,571507,571856
3246,18,wikihow~28,indomain,Health,1,571858,572408
3247,48,wikihow~77,indomain,Health,1,572410,572762
3248,60,wikihow~93,indomain,Food and Entertaining,2,572764,573124
3249,70,wikihow~108,indomain,Travel,1,573126,573594
3250,76,wikihow~118,indomain,Youth,2,573596,574036
3251,87,wikihow~143,indomain,Youth,3,574038,574461
3252,95,wikihow~159,indomain,Travel,0,574463,574967
3253,124,wikihow~206,zeroshot,Family Life,0,574969,575489
3254,132,wikihow~218,zeroshot,Personal Care and Style,1,575491,575900
3255,147,wikihow~238,indomain,Computers and Electronics,3,575902,576264
3256,159,wikihow~261,zeroshot,Family Life,0,576266,576759
3257,160,wikihow~262,zeroshot,Personal Care and Style,2,576761,577192
3258,168,wikihow~275,indomain,Pets and Animals,2,577194,577509
3259,172,wikihow~279,zeroshot,Personal Care and Style,2,577511,578001
3260,180,wikihow~299,indomain,Work World,1,578003,578467
3261,183,wikihow~302,indomain,Education and Communications,1,578469,578957
3262,196,wikihow~317,zeroshot,Personal Care and Style,3,578959,579347
3263,202,wikihow~328,indomain,Health,3,579349,579890
3264,206,wikihow~333,indomain,Food and Entertaining,0,579892,580262
3265,208,wikihow~335,zeroshot,Family Life,1,580264,580701
3266,211,wikihow~340,zeroshot,Personal Care and Style,0,580703,581110
3267,220,wikihow~353,zeroshot,Personal Care and Style,1,581112,581573
3268,236,wikihow~382,indomain,Finance and Business,0,581575,582236
3269,255,wikihow~413,zeroshot,Family Life,2,582238,582724
3270,258,wikihow~418,zeroshot,Personal Care and Style,2,582726,583183
3271,259,wikihow~419,zeroshot,Personal Care and Style,0,583185,583612
3272,261,wikihow~421,zeroshot,Personal Care and Style,0,583614,584066
3273,271,wikihow~435,indomain,Education and Communications,1,584068,584388
3274,273,wikihow~437,zeroshot,Personal Care and Style,3,584390,584841
3275,290,wikihow~467,indomain,Finance and Business,2,584843,585303
3276,294,wikihow~474,indomain,Home and Garden,0,585305,585866
3277,296,wikihow~478,zeroshot,Personal Care and Style,0,585868,586289
3278,303,wikihow~493,zeroshot,Personal Care and Style,3,586291,586704
3279,305,wikihow~497,zeroshot,Personal Care and Style,1,586706,587192
3280,307,wikihow~499,zeroshot,Personal Care and Style,3,587194,587638
3281,314,wikihow~506,zeroshot,Personal Care and Style,1,587640,588038
3282,315,wikihow~507,zeroshot,Personal Care and Style,2,588040,588458
3283,324,wikihow~520,zeroshot,Personal Care and Style,2,588460,589001
3284,327,wikihow~526,zeroshot,Personal Care and Style,1,589003,589418
3285,328,wikihow~528,indomain,Travel,0,589420,589870
3286,330,wikihow~531,indomain,Finance and Business,3,589872,590401
3287,335,wikihow~541,zeroshot,Personal Care and Style,3,590403,590843
3288,357,wikihow~580,zeroshot,Personal Care and Style,1,590845,591392
3289,359,wikihow~583,indomain,Food and Entertaining,1,591394,591745
3290,361,wikihow~586,zeroshot,Personal Care and Style,0,591747,592079
3291,362,wikihow~587,indomain,Food and Entertaining,3,592081,592535
3292,366,wikihow~593,zeroshot,Personal Care and Style,0,592537,592873
3293,381,wikihow~615,zeroshot,Personal Care and Style,2,592875,593334
3294,386,wikihow~625,zeroshot,Family Life,1,593336,593759
3295,390,wikihow~632,zeroshot,Personal Care and Style,3,593761,594304
3296,392,wikihow~634,indomain,Food and Entertaining,1,594306,594893
3297,398,wikihow~642,zeroshot,Personal Care and Style,2,594895,595241
3298,412,wikihow~662,indomain,Pets and Animals,0,595243,595705
3299,429,wikihow~690,zeroshot,Personal Care and Style,1,595707,596227
3300,437,wikihow~702,zeroshot,Family Life,3,596229,596496
3301,438,wikihow~703,indomain,Computers and Electronics,0,596498,597012
3302,443,wikihow~709,zeroshot,Personal Care and Style,2,597014,597503
3303,450,wikihow~721,zeroshot,Family Life,3,597505,597908
3304,454,wikihow~727,indomain,Education and Communications,1,597910,598297
3305,456,wikihow~729,zeroshot,Family Life,1,598299,598669
3306,479,wikihow~772,indomain,Finance and Business,0,598671,599150
3307,487,wikihow~784,zeroshot,Personal Care and Style,0,599152,599561
3308,495,wikihow~795,zeroshot,Personal Care and Style,1,599563,600016
3309,507,wikihow~826,indomain,Computers and Electronics,3,600018,600663
3310,513,wikihow~834,zeroshot,Family Life,3,600665,601018
3311,514,wikihow~835,zeroshot,Personal Care and Style,0,601020,601468
3312,519,wikihow~843,zeroshot,Personal Care and Style,3,601470,602007
3313,526,wikihow~855,zeroshot,Personal Care and Style,3,602009,602384
3314,538,wikihow~879,zeroshot,Personal Care and Style,1,602386,602864
3315,589,wikihow~961,indomain,Pets and Animals,3,602866,603395
3316,592,wikihow~966,indomain,Uncategorized,2,603397,603752
3317,594,wikihow~971,indomain,Food and Entertaining,2,603754,604231
3318,597,wikihow~975,zeroshot,Personal Care and Style,3,604233,604657
3319,609,wikihow~996,indomain,Food and Entertaining,1,604659,604975
3320,616,wikihow~1011,zeroshot,Family Life,1,604977,605398
3321,620,wikihow~1016,indomain,Youth,0,605400,605981
3322,631,wikihow~1039,zeroshot,Personal Care and Style,3,605983,606491
3323,639,wikihow~1055,indomain,Work World,2,606493,606830
3324,648,wikihow~1070,zeroshot,Personal Care and Style,2,606832,607253
3325,656,wikihow~1086,indomain,Work World,3,607255,607806
3326,669,wikihow~1105,zeroshot,Personal Care and Style,2,607808,608301
3327,670,wikihow~1106,indomain,Sports and Fitness,2,608303,608803
3328,674,wikihow~1111,indomain,Computers and Electronics,3,608805,609240
3329,682,wikihow~1121,zeroshot,Personal Care and Style,3,609242,609714
3330,685,wikihow~1132,zeroshot,Family Life,1,609716,610228
3331,687,wikihow~1138,indomain,Computers and Electronics,3,610230,610769
3332,701,wikihow~1162,indomain,Computers and Electronics,0,610771,611192
3333,703,wikihow~1164,zeroshot,Personal Care and Style,2,611194,611638
3334,706,wikihow~1169,zeroshot,Personal Care and Style,1,611640,612127
3335,719,wikihow~1189,indomain,Food and Entertaining,2,612129,612547
3336,731,wikihow~1208,indomain,Pets and Animals,2,612549,612952
3337,734,wikihow~1212,indomain,Health,2,612954,613487
3338,737,wikihow~1218,zeroshot,Personal Care and Style,0,613489,613962
3339,750,wikihow~1235,zeroshot,Personal Care and Style,2,613964,614288
3340,763,wikihow~1258,zeroshot,Personal Care and Style,0,614290,614738
3341,768,wikihow~1265,indomain,Finance and Business,3,614740,615333
3342,777,wikihow~1277,zeroshot,Personal Care and Style,0,615335,615770
3343,790,wikihow~1302,indomain,Computers and Electronics,1,615772,616184
3344,800,wikihow~1321,zeroshot,Personal Care and Style,1,616186,616812
3345,807,wikihow~1331,indomain,Computers and Electronics,1,616814,617255
3346,811,wikihow~1338,zeroshot,Personal Care and Style,0,617257,617733
3347,815,wikihow~1344,zeroshot,Personal Care and Style,0,617735,618338
3348,816,wikihow~1346,zeroshot,Personal Care and Style,3,618340,618844
3349,826,wikihow~1356,zeroshot,Personal Care and Style,2,618846,619228
3350,833,wikihow~1369,zeroshot,Personal Care and Style,0,619230,619551
3351,840,wikihow~1381,indomain,Food and Entertaining,3,619553,619874
3352,858,wikihow~1410,zeroshot,Personal Care and Style,3,619876,620322
3353,885,wikihow~1444,indomain,Computers and Electronics,1,620324,620698
3354,887,wikihow~1448,zeroshot,Family Life,1,620700,621281
3355,899,wikihow~1467,indomain,Cars & Other Vehicles,0,621283,621750
3356,903,wikihow~1471,zeroshot,Personal Care and Style,1,621752,622179
3357,908,wikihow~1476,zeroshot,Personal Care and Style,0,622181,622633
3358,924,wikihow~1509,zeroshot,Family Life,3,622635,623103
3359,940,wikihow~1535,zeroshot,Family Life,1,623105,623617
3360,954,wikihow~1565,zeroshot,Personal Care and Style,1,623619,624034
3361,962,wikihow~1578,indomain,Food and Entertaining,0,624036,624364
3362,986,wikihow~1617,indomain,Food and Entertaining,2,624366,624857
3363,993,wikihow~1630,indomain,Home and Garden,0,624859,625334
3364,1011,wikihow~1663,zeroshot,Family Life,2,625336,625820
3365,1018,wikihow~1677,zeroshot,Personal Care and Style,1,625822,626310
3366,1030,wikihow~1697,zeroshot,Personal Care and Style,1,626312,626719
3367,1055,wikihow~1739,indomain,Health,0,626721,627242
3368,1068,wikihow~1760,indomain,Home and Garden,2,627244,627637
3369,1076,wikihow~1771,zeroshot,Family Life,0,627639,628117
3370,1081,wikihow~1778,indomain,Pets and Animals,0,628119,628531
3371,1084,wikihow~1785,zeroshot,Family Life,0,628533,629042
3372,1103,wikihow~1813,indomain,Food and Entertaining,0,629044,629324
3373,1107,wikihow~1818,indomain,Youth,1,629326,629864
3374,1120,wikihow~1841,indomain,Pets and Animals,0,629866,630324
3375,1122,wikihow~1843,indomain,Computers and Electronics,3,630326,630697
3376,1129,wikihow~1855,indomain,Computers and Electronics,0,630699,631202
3377,1136,wikihow~1867,zeroshot,Personal Care and Style,2,631204,631566
3378,1146,wikihow~1881,zeroshot,Family Life,0,631568,632100
3379,1152,wikihow~1892,zeroshot,Family Life,3,632102,632544
3380,1155,wikihow~1897,zeroshot,Family Life,3,632546,632952
3381,1160,wikihow~1906,indomain,Finance and Business,3,632954,633448
3382,1162,wikihow~1908,zeroshot,Personal Care and Style,0,633450,633923
3383,1170,wikihow~1921,indomain,Finance and Business,1,633925,634299
3384,1210,wikihow~1991,zeroshot,Personal Care and Style,1,634301,634726
3385,1237,wikihow~2033,zeroshot,Family Life,3,634728,635171
3386,1246,wikihow~2047,zeroshot,Family Life,3,635173,635718
3387,1247,wikihow~2048,zeroshot,Personal Care and Style,0,635720,636139
3388,1269,wikihow~2085,zeroshot,Personal Care and Style,1,636141,636576
3389,1273,wikihow~2089,zeroshot,Family Life,2,636578,637004
3390,1278,wikihow~2096,zeroshot,Personal Care and Style,2,637006,637441
3391,1279,wikihow~2097,zeroshot,Family Life,2,637443,637842
3392,1282,wikihow~2106,indomain,Pets and Animals,2,637844,638284
3393,1288,wikihow~2118,indomain,Home and Garden,3,638286,638667
3394,1290,wikihow~2120,zeroshot,Personal Care and Style,2,638669,639157
3395,1292,wikihow~2123,zeroshot,Personal Care and Style,1,639159,639690
3396,1303,wikihow~2140,indomain,Youth,0,639692,640144
3397,1310,wikihow~2150,zeroshot,Personal Care and Style,3,640146,640570
3398,1312,wikihow~2152,indomain,Home and Garden,3,640572,640910
3399,1324,wikihow~2171,zeroshot,Personal Care and Style,1,640912,641268
3400,1325,wikihow~2172,zeroshot,Personal Care and Style,1,641270,641611
3401,1329,wikihow~2178,zeroshot,Personal Care and Style,2,641613,642095
3402,1339,wikihow~2192,indomain,Food and Entertaining,2,642097,642429
3403,1344,wikihow~2197,indomain,Work World,2,642431,642863
3404,1348,wikihow~2202,zeroshot,Personal Care and Style,2,642865,643252
3405,1354,wikihow~2213,zeroshot,Personal Care and Style,2,643254,643754
3406,1371,wikihow~2246,indomain,Home and Garden,2,643756,644190
3407,1385,wikihow~2271,zeroshot,Personal Care and Style,3,644192,644707
3408,1396,wikihow~2289,indomain,Pets and Animals,1,644709,645070
3409,1400,wikihow~2297,zeroshot,Personal Care and Style,1,645072,645475
3410,1401,wikihow~2299,indomain,Health,3,645477,645919
3411,1406,wikihow~2307,indomain,Home and Garden,3,645921,646345
3412,1407,wikihow~2309,indomain,Pets and Animals,2,646347,646927
3413,1419,wikihow~2326,zeroshot,Personal Care and Style,2,646929,647385
3414,1424,wikihow~2332,indomain,Computers and Electronics,1,647387,647827
3415,1425,wikihow~2333,indomain,Youth,0,647829,648233
3416,1428,wikihow~2338,zeroshot,Personal Care and Style,1,648235,648642
3417,1430,wikihow~2340,zeroshot,Personal Care and Style,0,648644,649044
3418,1439,wikihow~2356,zeroshot,Personal Care and Style,3,649046,649429
3419,1443,wikihow~2363,zeroshot,Family Life,1,649431,649933
3420,1451,wikihow~2375,indomain,Food and Entertaining,3,649935,650301
3421,1453,wikihow~2378,zeroshot,Family Life,1,650303,650832
3422,1485,wikihow~2432,zeroshot,Family Life,1,650834,651324
3423,1495,wikihow~2452,indomain,Education and Communications,2,651326,651855
3424,1500,wikihow~2458,zeroshot,Family Life,0,651857,652431
3425,1504,wikihow~2468,indomain,Youth,1,652433,652868
3426,1514,wikihow~2481,zeroshot,Personal Care and Style,3,652870,653284
3427,1531,wikihow~2510,zeroshot,Personal Care and Style,1,653286,653794
3428,1546,wikihow~2535,zeroshot,Personal Care and Style,0,653796,654110
3429,1547,wikihow~2536,zeroshot,Family Life,3,654112,654433
3430,1567,wikihow~2567,indomain,Health,3,654435,654996
3431,1587,wikihow~2599,zeroshot,Personal Care and Style,2,654998,655465
3432,1591,wikihow~2608,indomain,Home and Garden,3,655467,655921
3433,1593,wikihow~2611,indomain,Health,1,655923,656288
3434,1599,wikihow~2621,zeroshot,Family Life,3,656290,656663
3435,1604,wikihow~2629,indomain,Pets and Animals,2,656665,657033
3436,1615,wikihow~2645,indomain,Health,1,657035,657483
3437,1621,wikihow~2657,zeroshot,Family Life,0,657485,658018
3438,1622,wikihow~2659,zeroshot,Personal Care and Style,1,658020,658563
3439,1629,wikihow~2667,indomain,Food and Entertaining,0,658565,659087
3440,1639,wikihow~2682,indomain,Health,3,659089,659524
3441,1651,wikihow~2707,zeroshot,Personal Care and Style,2,659526,659930
3442,1655,wikihow~2712,indomain,Computers and Electronics,1,659932,660436
3443,1659,wikihow~2720,zeroshot,Personal Care and Style,1,660438,660850
3444,1660,wikihow~2721,indomain,Food and Entertaining,3,660852,661264
3445,1670,wikihow~2742,zeroshot,Personal Care and Style,2,661266,661766
3446,1682,wikihow~2762,indomain,Work World,1,661768,662182
3447,1685,wikihow~2774,zeroshot,Personal Care and Style,1,662184,662532
3448,1688,wikihow~2781,zeroshot,Family Life,0,662534,663199
3449,1689,wikihow~2783,indomain,Sports and Fitness,2,663201,663705
3450,1692,wikihow~2786,indomain,Finance and Business,0,663707,664207
3451,1713,wikihow~2826,indomain,Home and Garden,0,664209,664668
3452,1722,wikihow~2843,zeroshot,Family Life,0,664670,665131
3453,1729,wikihow~2852,zeroshot,Personal Care and Style,2,665133,665530
3454,1736,wikihow~2865,indomain,Food and Entertaining,2,665532,665876
3455,1747,wikihow~2881,zeroshot,Personal Care and Style,2,665878,666290
3456,1753,wikihow~2888,zeroshot,Personal Care and Style,2,666292,666813
3457,1754,wikihow~2890,indomain,Finance and Business,2,666815,667329
3458,1764,wikihow~2922,zeroshot,Personal Care and Style,3,667331,667832
3459,1765,wikihow~2925,zeroshot,Family Life,2,667834,668289
3460,1767,wikihow~2928,indomain,Health,2,668291,668809
3461,1769,wikihow~2930,indomain,Work World,0,668811,669307
3462,1774,wikihow~2937,zeroshot,Family Life,0,669309,669734
3463,1779,wikihow~2947,indomain,Food and Entertaining,3,669736,670146
3464,1782,wikihow~2951,indomain,Food and Entertaining,0,670148,670409
3465,1791,wikihow~2962,indomain,Sports and Fitness,1,670411,670883
3466,1794,wikihow~2968,indomain,Computers and Electronics,0,670885,671458
3467,1799,wikihow~2976,zeroshot,Personal Care and Style,1,671460,671983
3468,1800,wikihow~2979,indomain,Food and Entertaining,2,671985,672346
3469,1806,wikihow~2991,indomain,Food and Entertaining,1,672348,672639
3470,1809,wikihow~2996,zeroshot,Personal Care and Style,0,672641,673066
3471,1810,wikihow~2998,indomain,Finance and Business,3,673068,673534
3472,1813,wikihow~3002,indomain,Computers and Electronics,3,673536,673878
3473,1814,wikihow~3003,indomain,Food and Entertaining,0,673880,674211
3474,1826,wikihow~3019,indomain,Youth,0,674213,674604
3475,1828,wikihow~3023,indomain,Pets and Animals,2,674606,675162
3476,1830,wikihow~3025,indomain,Health,0,675164,675668
3477,1831,wikihow~3026,zeroshot,Personal Care and Style,1,675670,676089
3478,1839,wikihow~3041,zeroshot,Personal Care and Style,2,676091,676443
3479,1846,wikihow~3049,indomain,Finance and Business,1,676445,677072
3480,1850,wikihow~3055,indomain,Travel,0,677074,677631
3481,1860,wikihow~3068,indomain,Food and Entertaining,2,677633,678063
3482,1865,wikihow~3078,zeroshot,Personal Care and Style,2,678065,678553
3483,1868,wikihow~3085,indomain,Health,2,678555,679104
3484,1871,wikihow~3091,indomain,Health,0,679106,679581
3485,1874,wikihow~3098,indomain,Finance and Business,0,679583,680137
3486,1886,wikihow~3114,zeroshot,Personal Care and Style,1,680139,680599
3487,1891,wikihow~3119,indomain,Food and Entertaining,0,680601,681076
3488,1905,wikihow~3140,indomain,Home and Garden,1,681078,681552
3489,1908,wikihow~3145,zeroshot,Family Life,0,681554,682051
3490,1922,wikihow~3164,zeroshot,Family Life,1,682053,682536
3491,1935,wikihow~3182,zeroshot,Personal Care and Style,3,682538,682945
3492,1938,wikihow~3186,zeroshot,Personal Care and Style,0,682947,683351
3493,1947,wikihow~3202,indomain,Education and Communications,2,683353,683877
3494,1948,wikihow~3205,indomain,Home and Garden,1,683879,684344
3495,1966,wikihow~3230,zeroshot,Personal Care and Style,1,684346,684774
3496,1971,wikihow~3235,zeroshot,Personal Care and Style,1,684776,685155
3497,1979,wikihow~3250,zeroshot,Family Life,1,685157,685755
3498,1980,wikihow~3251,zeroshot,Personal Care and Style,2,685757,686171
3499,1988,wikihow~3263,indomain,Food and Entertaining,2,686173,686592
3500,1993,wikihow~3275,zeroshot,Personal Care and Style,3,686594,687147
3501,2001,wikihow~3285,indomain,Food and Entertaining,2,687149,687564
3502,2019,wikihow~3314,zeroshot,Personal Care and Style,0,687566,688107
3503,2020,wikihow~3315,zeroshot,Family Life,2,688109,688559
3504,2024,wikihow~3322,indomain,Food and Entertaining,2,688561,688995
3505,2025,wikihow~3324,zeroshot,Family Life,1,688997,689524
3506,2027,wikihow~3328,indomain,Computers and Electronics,1,689526,689954
3507,2038,wikihow~3343,indomain,Youth,1,689956,690473
3508,2041,wikihow~3346,zeroshot,Family Life,1,690475,691061
3509,2048,wikihow~3358,zeroshot,Personal Care and Style,0,691063,691471
3510,2073,wikihow~3397,indomain,Sports and Fitness,2,691473,691985
3511,2087,wikihow~3423,zeroshot,Personal Care and Style,1,691987,692407
3512,2098,wikihow~3443,indomain,Food and Entertaining,3,692409,692932
3513,2102,wikihow~3447,zeroshot,Family Life,2,692934,693357
3514,2105,wikihow~3451,indomain,Pets and Animals,2,693359,693845
3515,2116,wikihow~3466,zeroshot,Family Life,3,693847,694272
3516,2119,wikihow~3471,zeroshot,Personal Care and Style,2,694274,694752
3517,2120,wikihow~3472,zeroshot,Personal Care and Style,3,694754,695141
3518,2123,wikihow~3475,indomain,Pets and Animals,2,695143,695570
3519,2136,wikihow~3491,zeroshot,Personal Care and Style,0,695572,695978
3520,2150,wikihow~3517,zeroshot,Family Life,1,695980,696477
3521,2171,wikihow~3546,indomain,Finance and Business,2,696479,696873
3522,2175,wikihow~3553,indomain,Relationships,0,696875,697318
3523,2190,wikihow~3576,zeroshot,Personal Care and Style,1,697320,697698
3524,2195,wikihow~3582,zeroshot,Family Life,2,697700,698206
3525,2203,wikihow~3592,zeroshot,Personal Care and Style,2,698208,698657
3526,2211,wikihow~3606,zeroshot,Personal Care and Style,0,698659,699091
3527,2225,wikihow~3630,indomain,Pets and Animals,3,699093,699557
3528,2226,wikihow~3631,indomain,Travel,3,699559,700106
3529,2229,wikihow~3635,indomain,Pets and Animals,0,700108,700463
3530,2233,wikihow~3642,indomain,Work World,1,700465,701054
3531,2241,wikihow~3655,indomain,Health,2,701056,701417
3532,2244,wikihow~3660,indomain,Finance and Business,1,701419,702129
3533,2250,wikihow~3670,zeroshot,Family Life,1,702131,702505
3534,2253,wikihow~3676,indomain,Computers and Electronics,3,702507,702902
3535,2256,wikihow~3680,zeroshot,Family Life,0,702904,703350
3536,2264,wikihow~3694,zeroshot,Personal Care and Style,2,703352,703669
3537,2266,wikihow~3699,zeroshot,Family Life,3,703671,704187
3538,2288,wikihow~3741,indomain,Computers and Electronics,2,704189,704668
3539,2294,wikihow~3749,zeroshot,Family Life,1,704670,705161
3540,2298,wikihow~3755,zeroshot,Personal Care and Style,2,705163,705666
3541,2301,wikihow~3759,indomain,Health,3,705668,706134
3542,2308,wikihow~3774,zeroshot,Personal Care and Style,0,706136,706676
3543,2328,wikihow~3807,indomain,Education and Communications,3,706678,707204
3544,2351,wikihow~3852,indomain,Health,1,707206,707815
3545,2355,wikihow~3860,indomain,Food and Entertaining,2,707817,708241
3546,2358,wikihow~3863,zeroshot,Family Life,0,708243,708716
3547,2362,wikihow~3872,zeroshot,Personal Care and Style,3,708718,709181
3548,2367,wikihow~3877,zeroshot,Personal Care and Style,2,709183,709567
3549,2370,wikihow~3881,zeroshot,Family Life,1,709569,710145
3550,2374,wikihow~3885,indomain,Sports and Fitness,0,710147,710692
3551,2389,wikihow~3910,zeroshot,Personal Care and Style,0,710694,711127
3552,2404,wikihow~3929,indomain,Finance and Business,1,711129,711510
3553,2407,wikihow~3935,zeroshot,Personal Care and Style,0,711512,711864
3554,2409,wikihow~3937,indomain,Pets and Animals,2,711866,712343
3555,2433,wikihow~3973,indomain,Food and Entertaining,1,712345,712754
3556,2440,wikihow~3991,indomain,Computers and Electronics,2,712756,713112
3557,2446,wikihow~3999,indomain,Pets and Animals,0,713114,713563
3558,2451,wikihow~4008,zeroshot,Personal Care and Style,0,713565,714149
3559,2452,wikihow~4009,zeroshot,Family Life,1,714151,714735
3560,2458,wikihow~4021,zeroshot,Personal Care and Style,1,714737,715253
3561,2469,wikihow~4035,zeroshot,Personal Care and Style,2,715255,715624
3562,2502,wikihow~4092,zeroshot,Personal Care and Style,0,715626,716039
3563,2505,wikihow~4097,indomain,Food and Entertaining,2,716041,716397
3564,2522,wikihow~4130,indomain,Computers and Electronics,1,716399,716770
3565,2526,wikihow~4137,zeroshot,Personal Care and Style,3,716772,717268
3566,2530,wikihow~4143,zeroshot,Personal Care and Style,0,717270,717746
3567,2539,wikihow~4162,indomain,Health,0,717748,718172
3568,2542,wikihow~4167,indomain,Finance and Business,1,718174,718550
3569,2547,wikihow~4176,zeroshot,Family Life,0,718552,719043
3570,2568,wikihow~4228,indomain,Health,2,719045,719462
3571,2576,wikihow~4240,zeroshot,Family Life,0,719464,719893
3572,2578,wikihow~4242,zeroshot,Personal Care and Style,0,719895,720254
3573,2583,wikihow~4250,zeroshot,Family Life,2,720256,720671
3574,2585,wikihow~4253,indomain,Youth,3,720673,721103
3575,2589,wikihow~4259,zeroshot,Personal Care and Style,1,721105,721575
3576,2596,wikihow~4271,indomain,Computers and Electronics,0,721577,721928
3577,2597,wikihow~4272,indomain,Home and Garden,3,721930,722311
3578,2628,wikihow~4330,zeroshot,Personal Care and Style,1,722313,722880
3579,2632,wikihow~4334,zeroshot,Personal Care and Style,2,722882,723415
3580,2634,wikihow~4337,zeroshot,Personal Care and Style,3,723417,723967
3581,2638,wikihow~4343,zeroshot,Personal Care and Style,3,723969,724486
3582,2648,wikihow~4356,indomain,Food and Entertaining,1,724488,724870
3583,2656,wikihow~4366,indomain,Finance and Business,2,724872,725382
3584,2666,wikihow~4386,zeroshot,Family Life,3,725384,725779
3585,2668,wikihow~4389,zeroshot,Family Life,2,725781,726273
3586,2669,wikihow~4390,indomain,Computers and Electronics,0,726275,726715
3587,2674,wikihow~4397,indomain,Finance and Business,3,726717,727245
3588,2678,wikihow~4404,zeroshot,Family Life,2,727247,727743
3589,2698,wikihow~4433,indomain,Education and Communications,0,727745,728329
3590,2701,wikihow~4437,indomain,Computers and Electronics,2,728331,728857
3591,2709,wikihow~4448,indomain,Pets and Animals,1,728859,729211
3592,2725,wikihow~4479,zeroshot,Family Life,0,729213,729541
3593,2730,wikihow~4488,indomain,Computers and Electronics,3,729543,729963
3594,2736,wikihow~4496,zeroshot,Personal Care and Style,2,729965,730430
3595,2737,wikihow~4500,zeroshot,Personal Care and Style,0,730432,730988
3596,2739,wikihow~4504,zeroshot,Family Life,1,730990,731531
3597,2747,wikihow~4521,indomain,Finance and Business,0,731533,732002
3598,2751,wikihow~4526,zeroshot,Personal Care and Style,3,732004,732553
3599,2756,wikihow~4535,indomain,Pets and Animals,2,732555,733038
3600,2759,wikihow~4538,zeroshot,Personal Care and Style,0,733040,733485
3601,2764,wikihow~4545,indomain,Food and Entertaining,2,733487,733900
3602,2777,wikihow~4569,indomain,Youth,0,733902,734375
3603,2780,wikihow~4578,zeroshot,Personal Care and Style,1,734377,734854
3604,2790,wikihow~4593,zeroshot,Family Life,3,734856,735450
3605,2792,wikihow~4596,zeroshot,Family Life,3,735452,735955
3606,2809,wikihow~4624,zeroshot,Personal Care and Style,1,735957,736457
3607,2813,wikihow~4628,indomain,Sports and Fitness,0,736459,736918
3608,2817,wikihow~4634,zeroshot,Family Life,0,736920,737347
3609,2820,wikihow~4637,indomain,Pets and Animals,2,737349,737730
3610,2825,wikihow~4648,zeroshot,Personal Care and Style,0,737732,738217
3611,2829,wikihow~4653,indomain,Food and Entertaining,3,738219,738647
3612,2851,wikihow~4695,indomain,Home and Garden,1,738649,739130
3613,2864,wikihow~4717,zeroshot,Family Life,1,739132,739556
3614,2867,wikihow~4722,indomain,Computers and Electronics,1,739558,740111
3615,2879,wikihow~4745,indomain,Health,0,740113,740572
3616,2889,wikihow~4762,zeroshot,Personal Care and Style,2,740574,741128
3617,2896,wikihow~4771,indomain,Sports and Fitness,1,741130,741616
3618,2900,wikihow~4783,zeroshot,Personal Care and Style,3,741618,742092
3619,2910,wikihow~4796,indomain,Computers and Electronics,2,742094,742529
3620,2911,wikihow~4798,zeroshot,Personal Care and Style,0,742531,743069
3621,2925,wikihow~4820,indomain,Holidays and Traditions,0,743071,743575
3622,2926,wikihow~4821,indomain,Food and Entertaining,0,743577,743961
3623,2931,wikihow~4828,zeroshot,Personal Care and Style,0,743963,744604
3624,2935,wikihow~4835,indomain,Home and Garden,2,744606,744999
3625,2944,wikihow~4848,indomain,Pets and Animals,3,745001,745376
3626,2955,wikihow~4864,indomain,Home and Garden,0,745378,745902
3627,2957,wikihow~4869,indomain,Computers and Electronics,0,745904,746302
3628,2958,wikihow~4870,zeroshot,Personal Care and Style,3,746304,746755
3629,2965,wikihow~4882,indomain,Health,2,746757,747250
3630,2981,wikihow~4911,indomain,Sports and Fitness,1,747252,747672
3631,2985,wikihow~4916,indomain,Food and Entertaining,2,747674,748019
3632,2992,wikihow~4931,zeroshot,Personal Care and Style,0,748021,748574
3633,3009,wikihow~4960,zeroshot,Personal Care and Style,3,748576,749103
3634,3020,wikihow~4977,indomain,Food and Entertaining,1,749105,749570
3635,3025,wikihow~4983,zeroshot,Personal Care and Style,2,749572,749970
3636,3028,wikihow~4991,indomain,Computers and Electronics,3,749972,750613
3637,3030,wikihow~4993,zeroshot,Family Life,1,750615,751305
3638,3034,wikihow~4997,indomain,Computers and Electronics,0,751307,751718
3639,3035,wikihow~5000,zeroshot,Personal Care and Style,2,751720,752151
3640,3039,wikihow~5008,zeroshot,Personal Care and Style,0,752153,752477
3641,3048,wikihow~5018,indomain,Food and Entertaining,3,752479,752865
3642,3053,wikihow~5028,indomain,Computers and Electronics,1,752867,753288
3643,3055,wikihow~5030,indomain,Food and Entertaining,1,753290,753641
3644,3075,wikihow~5065,indomain,Food and Entertaining,2,753643,754089
3645,3081,wikihow~5073,zeroshot,Family Life,0,754091,754647
3646,3090,wikihow~5088,zeroshot,Personal Care and Style,3,754649,755045
3647,3101,wikihow~5108,indomain,Computers and Electronics,1,755047,755634
3648,3102,wikihow~5109,indomain,Sports and Fitness,2,755636,756198
3649,3107,wikihow~5122,zeroshot,Personal Care and Style,1,756200,756705
3650,3114,wikihow~5131,indomain,Relationships,2,756707,757152
3651,3122,wikihow~5143,zeroshot,Personal Care and Style,0,757154,757506
3652,3130,wikihow~5161,zeroshot,Personal Care and Style,2,757508,758039
3653,3160,wikihow~5215,zeroshot,Personal Care and Style,0,758041,758454
3654,3168,wikihow~5230,zeroshot,Personal Care and Style,3,758456,759006
3655,3171,wikihow~5236,zeroshot,Personal Care and Style,0,759008,759426
3656,3184,wikihow~5262,indomain,Pets and Animals,1,759428,759853
3657,3190,wikihow~5272,indomain,Pets and Animals,2,759855,760308
3658,3199,wikihow~5282,indomain,Finance and Business,1,760310,760726
3659,3207,wikihow~5295,indomain,Food and Entertaining,1,760728,761240
3660,3209,wikihow~5298,zeroshot,Personal Care and Style,2,761242,761704
3661,3210,wikihow~5299,zeroshot,Personal Care and Style,0,761706,762100
3662,3212,wikihow~5301,zeroshot,Personal Care and Style,0,762102,762471
3663,3219,wikihow~5313,zeroshot,Personal Care and Style,1,762473,762902
3664,3226,wikihow~5324,zeroshot,Family Life,0,762904,763514
3665,3227,wikihow~5325,zeroshot,Personal Care and Style,1,763516,763927
3666,3238,wikihow~5342,indomain,Relationships,3,763929,764412
3667,3244,wikihow~5348,zeroshot,Family Life,0,764414,764921
3668,3259,wikihow~5370,indomain,Health,0,764923,765486
3669,3265,wikihow~5389,indomain,Home and Garden,2,765488,766022
3670,3269,wikihow~5394,zeroshot,Family Life,2,766024,766647
3671,3274,wikihow~5405,indomain,Pets and Animals,1,766649,767173
3672,3278,wikihow~5410,indomain,Computers and Electronics,1,767175,767723
3673,3281,wikihow~5413,zeroshot,Personal Care and Style,2,767725,768098
3674,3299,wikihow~5441,indomain,Computers and Electronics,2,768100,768628
3675,3300,wikihow~5443,zeroshot,Personal Care and Style,2,768630,769012
3676,3301,wikihow~5444,zeroshot,Personal Care and Style,1,769014,769550
3677,3302,wikihow~5448,indomain,Travel,2,769552,770072
3678,3303,wikihow~5449,zeroshot,Personal Care and Style,1,770074,770667
3679,3332,wikihow~5506,zeroshot,Personal Care and Style,2,770669,771176
3680,3335,wikihow~5509,zeroshot,Personal Care and Style,1,771178,771572
3681,3337,wikihow~5513,zeroshot,Personal Care and Style,2,771574,772057
3682,3353,wikihow~5538,indomain,Relationships,0,772059,772565
3683,3358,wikihow~5545,zeroshot,Family Life,0,772567,773031
3684,3360,wikihow~5550,indomain,Work World,1,773033,773495
3685,3364,wikihow~5554,zeroshot,Personal Care and Style,3,773497,774089
3686,3376,wikihow~5575,zeroshot,Family Life,0,774091,774679
3687,3392,wikihow~5606,indomain,Health,3,774681,775092
3688,3395,wikihow~5612,indomain,Food and Entertaining,0,775094,775629
3689,3397,wikihow~5614,indomain,Home and Garden,2,775631,776051
3690,3416,wikihow~5642,zeroshot,Family Life,3,776053,776537
3691,3418,wikihow~5644,indomain,Computers and Electronics,2,776539,776988
3692,3419,wikihow~5645,zeroshot,Family Life,2,776990,777645
3693,3439,wikihow~5678,indomain,Home and Garden,3,777647,778066
3694,3446,wikihow~5700,indomain,Cars & Other Vehicles,0,778068,778495
3695,3447,wikihow~5702,indomain,Computers and Electronics,0,778497,778833
3696,3461,wikihow~5724,zeroshot,Personal Care and Style,0,778835,779367
3697,3465,wikihow~5729,zeroshot,Personal Care and Style,3,779369,779839
3698,3466,wikihow~5731,indomain,Home and Garden,3,779841,780378
3699,3474,wikihow~5743,zeroshot,Personal Care and Style,3,780380,780860
3700,3496,wikihow~5777,zeroshot,Personal Care and Style,3,780862,781273
3701,3503,wikihow~5787,zeroshot,Family Life,2,781275,781807
3702,3510,wikihow~5797,zeroshot,Personal Care and Style,3,781809,782327
3703,3537,wikihow~5840,zeroshot,Family Life,3,782329,782775
3704,3546,wikihow~5858,zeroshot,Personal Care and Style,3,782777,783187
3705,3555,wikihow~5878,zeroshot,Personal Care and Style,0,783189,783473
3706,3558,wikihow~5885,zeroshot,Personal Care and Style,1,783475,784049
3707,3566,wikihow~5897,indomain,Home and Garden,3,784051,784398
3708,3569,wikihow~5901,zeroshot,Family Life,3,784400,784831
3709,3595,wikihow~5939,zeroshot,Personal Care and Style,1,784833,785212
3710,3605,wikihow~5958,indomain,Home and Garden,2,785214,785639
3711,3608,wikihow~5961,zeroshot,Personal Care and Style,3,785641,786153
3712,3609,wikihow~5963,indomain,Education and Communications,3,786155,786778
3713,3618,wikihow~5978,zeroshot,Personal Care and Style,2,786780,787195
3714,3631,wikihow~6000,zeroshot,Personal Care and Style,1,787197,787619
3715,3635,wikihow~6006,zeroshot,Personal Care and Style,1,787621,787979
3716,3638,wikihow~6009,indomain,Finance and Business,1,787981,788617
3717,3647,wikihow~6027,indomain,Education and Communications,0,788619,789004
3718,3652,wikihow~6036,zeroshot,Personal Care and Style,2,789006,789556
3719,3653,wikihow~6037,zeroshot,Personal Care and Style,2,789558,790017
3720,3655,wikihow~6040,zeroshot,Personal Care and Style,2,790019,790573
3721,3657,wikihow~6043,indomain,Finance and Business,1,790575,791103
3722,3661,wikihow~6059,indomain,Food and Entertaining,2,791105,791480
3723,3671,wikihow~6075,zeroshot,Personal Care and Style,3,791482,791968
3724,3680,wikihow~6085,zeroshot,Personal Care and Style,2,791970,792475
3725,3683,wikihow~6089,zeroshot,Family Life,0,792477,792933
3726,3687,wikihow~6099,indomain,Food and Entertaining,2,792935,793484
3727,3691,wikihow~6106,zeroshot,Personal Care and Style,2,793486,793844
3728,3694,wikihow~6112,zeroshot,Family Life,2,793846,794190
3729,3696,wikihow~6121,indomain,Home and Garden,3,794192,794648
3730,3699,wikihow~6128,zeroshot,Personal Care and Style,3,794650,795053
3731,3701,wikihow~6130,indomain,Computers and Electronics,0,795055,795498
3732,3703,wikihow~6132,indomain,Health,2,795500,796032
3733,3710,wikihow~6145,zeroshot,Personal Care and Style,1,796034,796584
3734,3715,wikihow~6155,indomain,Health,3,796586,796897
3735,3729,wikihow~6179,indomain,Food and Entertaining,1,796899,797215
3736,3736,wikihow~6192,indomain,Food and Entertaining,0,797217,797727
3737,3751,wikihow~6222,zeroshot,Personal Care and Style,2,797729,798154
3738,3763,wikihow~6243,indomain,Home and Garden,3,798156,798577
3739,3767,wikihow~6252,indomain,Food and Entertaining,0,798579,799102
3740,3775,wikihow~6267,indomain,Finance and Business,1,799104,799619
3741,3776,wikihow~6268,zeroshot,Personal Care and Style,1,799621,799944
3742,3788,wikihow~6285,zeroshot,Personal Care and Style,2,799946,800275
3743,3789,wikihow~6286,indomain,Finance and Business,3,800277,800749
3744,3795,wikihow~6295,indomain,Education and Communications,3,800751,801290
3745,3799,wikihow~6303,zeroshot,Personal Care and Style,3,801292,801607
3746,3824,wikihow~6349,zeroshot,Personal Care and Style,3,801609,802205
3747,3852,wikihow~6397,zeroshot,Personal Care and Style,1,802207,802685
3748,3856,wikihow~6405,zeroshot,Family Life,2,802687,803054
3749,3858,wikihow~6409,indomain,Uncategorized,3,803056,803594
3750,3870,wikihow~6427,indomain,Health,3,803596,804080
3751,3881,wikihow~6448,zeroshot,Personal Care and Style,0,804082,804598
3752,3888,wikihow~6457,zeroshot,Family Life,2,804600,805188
3753,3889,wikihow~6461,indomain,Computers and Electronics,3,805190,805618
3754,3890,wikihow~6464,indomain,Finance and Business,1,805620,806221
3755,3898,wikihow~6481,indomain,Home and Garden,0,806223,806750
3756,3899,wikihow~6482,indomain,Youth,3,806752,807260
3757,3902,wikihow~6485,indomain,Pets and Animals,3,807262,807740
3758,3914,wikihow~6510,zeroshot,Family Life,0,807742,808073
3759,3922,wikihow~6520,zeroshot,Family Life,3,808075,808633
3760,3924,wikihow~6526,indomain,Food and Entertaining,0,808635,809115
3761,3926,wikihow~6529,indomain,Finance and Business,0,809117,809500
3762,3942,wikihow~6563,zeroshot,Family Life,2,809502,809990
3763,3957,wikihow~6587,indomain,Computers and Electronics,1,809992,810555
3764,3961,wikihow~6595,indomain,Education and Communications,3,810557,811094
3765,3970,wikihow~6616,indomain,Food and Entertaining,3,811096,811533
3766,3973,wikihow~6622,indomain,Home and Garden,3,811535,811860
3767,3989,wikihow~6659,zeroshot,Personal Care and Style,1,811862,812213
3768,4004,wikihow~6690,zeroshot,Personal Care and Style,0,812215,812610
3769,4009,wikihow~6697,indomain,Food and Entertaining,3,812612,813065
3770,4012,wikihow~6701,indomain,Education and Communications,3,813067,813537
3771,4014,wikihow~6703,indomain,Home and Garden,1,813539,814115
3772,4021,wikihow~6715,zeroshot,Personal Care and Style,1,814117,814593
3773,4032,wikihow~6738,indomain,Health,3,814595,815092
3774,4046,wikihow~6766,zeroshot,Personal Care and Style,2,815094,815431
3775,4051,wikihow~6774,indomain,Home and Garden,0,815433,815809
3776,4053,wikihow~6777,indomain,Computers and Electronics,2,815811,816198
3777,4056,wikihow~6784,zeroshot,Personal Care and Style,3,816200,816668
3778,4058,wikihow~6787,indomain,Food and Entertaining,1,816670,817007
3779,4073,wikihow~6814,zeroshot,Personal Care and Style,0,817009,817420
3780,4077,wikihow~6820,zeroshot,Family Life,3,817422,817760
3781,4091,wikihow~6840,zeroshot,Personal Care and Style,2,817762,818296
3782,4096,wikihow~6849,indomain,Home and Garden,0,818298,818765
3783,4105,wikihow~6861,indomain,Food and Entertaining,2,818767,819197
3784,4111,wikihow~6869,zeroshot,Personal Care and Style,0,819199,819497
3785,4118,wikihow~6877,indomain,Home and Garden,3,819499,819970
3786,4129,wikihow~6892,indomain,Food and Entertaining,0,819972,820324
3787,4142,wikihow~6911,zeroshot,Personal Care and Style,1,820326,820890
3788,4153,wikihow~6928,zeroshot,Family Life,2,820892,821430
3789,4156,wikihow~6934,indomain,Computers and Electronics,2,821432,821919
3790,4163,wikihow~6943,indomain,Health,3,821921,822435
3791,4165,wikihow~6946,indomain,Pets and Animals,1,822437,822774
3792,4170,wikihow~6952,indomain,Education and Communications,2,822776,823289
3793,4171,wikihow~6954,zeroshot,Family Life,3,823291,823741
3794,4188,wikihow~6980,zeroshot,Family Life,1,823743,824323
3795,4205,wikihow~7014,zeroshot,Personal Care and Style,0,824325,824808
3796,4222,wikihow~7037,zeroshot,Personal Care and Style,3,824810,825285
3797,4225,wikihow~7043,indomain,Finance and Business,1,825287,825769
3798,4229,wikihow~7047,indomain,Health,2,825771,826238
3799,4258,wikihow~7089,indomain,Home and Garden,1,826240,826687
3800,4264,wikihow~7098,indomain,Sports and Fitness,0,826689,827135
3801,4274,wikihow~7118,zeroshot,Family Life,3,827137,827612
3802,4292,wikihow~7142,zeroshot,Family Life,3,827614,828205
3803,4293,wikihow~7145,zeroshot,Personal Care and Style,2,828207,828694
3804,4295,wikihow~7148,zeroshot,Personal Care and Style,2,828696,829126
3805,4304,wikihow~7165,zeroshot,Personal Care and Style,1,829128,829557
3806,4311,wikihow~7174,zeroshot,Personal Care and Style,1,829559,829980
3807,4313,wikihow~7179,zeroshot,Personal Care and Style,1,829982,830482
3808,4314,wikihow~7180,indomain,Work World,2,830484,830930
3809,4321,wikihow~7189,zeroshot,Personal Care and Style,0,830932,831357
3810,4335,wikihow~7215,zeroshot,Personal Care and Style,3,831359,831836
3811,4343,wikihow~7231,indomain,Computers and Electronics,1,831838,832326
3812,4353,wikihow~7251,indomain,Food and Entertaining,3,832328,832904
3813,4355,wikihow~7254,zeroshot,Personal Care and Style,2,832906,833367
3814,4367,wikihow~7276,zeroshot,Personal Care and Style,2,833369,833867
3815,4384,wikihow~7301,zeroshot,Personal Care and Style,1,833869,834316
3816,4399,wikihow~7327,indomain,Food and Entertaining,1,834318,834704
3817,4410,wikihow~7347,zeroshot,Personal Care and Style,2,834706,835144
3818,4419,wikihow~7358,indomain,Finance and Business,3,835146,835641
3819,4420,wikihow~7359,zeroshot,Personal Care and Style,1,835643,836036
3820,4453,wikihow~7415,indomain,Health,3,836038,836506
3821,4473,wikihow~7454,indomain,Finance and Business,0,836508,837026
3822,4477,wikihow~7460,zeroshot,Personal Care and Style,1,837028,837404
3823,4493,wikihow~7490,zeroshot,Personal Care and Style,3,837406,837831
3824,4518,wikihow~7525,indomain,Food and Entertaining,0,837833,838408
3825,4520,wikihow~7528,zeroshot,Personal Care and Style,0,838410,838876
3826,4523,wikihow~7532,indomain,Computers and Electronics,1,838878,839400
3827,4524,wikihow~7533,indomain,Food and Entertaining,0,839402,839907
3828,4527,wikihow~7540,indomain,Health,3,839909,840279
3829,4529,wikihow~7542,zeroshot,Personal Care and Style,0,840281,840720
3830,4553,wikihow~7579,zeroshot,Personal Care and Style,1,840722,841177
3831,4562,wikihow~7591,zeroshot,Family Life,0,841179,841564
3832,4566,wikihow~7595,indomain,Education and Communications,0,841566,841984
3833,4574,wikihow~7605,zeroshot,Personal Care and Style,1,841986,842406
3834,4584,wikihow~7618,zeroshot,Family Life,1,842408,842887
3835,4589,wikihow~7624,zeroshot,Personal Care and Style,2,842889,843377
3836,4590,wikihow~7625,zeroshot,Personal Care and Style,0,843379,843840
3837,4596,wikihow~7637,zeroshot,Personal Care and Style,2,843842,844405
3838,4606,wikihow~7654,indomain,Computers and Electronics,3,844407,844782
3839,4607,wikihow~7658,zeroshot,Personal Care and Style,1,844784,845257
3840,4608,wikihow~7660,zeroshot,Family Life,3,845259,845873
3841,4610,wikihow~7662,zeroshot,Personal Care and Style,3,845875,846337
3842,4616,wikihow~7672,indomain,Food and Entertaining,1,846339,846743
3843,4619,wikihow~7676,zeroshot,Personal Care and Style,2,846745,847181
3844,4622,wikihow~7681,zeroshot,Family Life,1,847183,847639
3845,4624,wikihow~7684,zeroshot,Personal Care and Style,0,847641,848041
3846,4629,wikihow~7695,indomain,Computers and Electronics,3,848043,848474
3847,4630,wikihow~7696,zeroshot,Personal Care and Style,0,848476,848976
3848,4641,wikihow~7716,zeroshot,Personal Care and Style,0,848978,849479
3849,4645,wikihow~7725,zeroshot,Personal Care and Style,2,849481,850120
3850,4647,wikihow~7729,indomain,Health,3,850122,850542
3851,4658,wikihow~7747,indomain,Finance and Business,0,850544,851076
3852,4688,wikihow~7793,zeroshot,Personal Care and Style,3,851078,851442
3853,4721,wikihow~7856,indomain,Pets and Animals,3,851444,851929
3854,4731,wikihow~7869,zeroshot,Family Life,1,851931,852473
3855,4737,wikihow~7877,zeroshot,Personal Care and Style,0,852475,852862
3856,4739,wikihow~7879,indomain,Home and Garden,1,852864,853242
3857,4745,wikihow~7887,indomain,Finance and Business,1,853244,853667
3858,4754,wikihow~7904,indomain,Home and Garden,2,853669,854061
3859,4755,wikihow~7905,zeroshot,Personal Care and Style,1,854063,854444
3860,4763,wikihow~7915,zeroshot,Personal Care and Style,2,854446,854804
3861,4770,wikihow~7924,zeroshot,Family Life,3,854806,855289
3862,4777,wikihow~7931,zeroshot,Family Life,3,855291,855685
3863,4778,wikihow~7934,indomain,Pets and Animals,1,855687,856189
3864,4805,wikihow~7986,zeroshot,Family Life,3,856191,856613
3865,4836,wikihow~8039,zeroshot,Family Life,3,856615,857129
3866,4844,wikihow~8054,indomain,Food and Entertaining,2,857131,857463
3867,4847,wikihow~8058,zeroshot,Family Life,2,857465,857899
3868,4853,wikihow~8068,indomain,Computers and Electronics,0,857901,858235
3869,4854,wikihow~8069,zeroshot,Family Life,1,858237,858735
3870,4859,wikihow~8081,zeroshot,Family Life,1,858737,859190
3871,4867,wikihow~8093,zeroshot,Personal Care and Style,0,859192,859677
3872,4868,wikihow~8094,indomain,Home and Garden,2,859679,860126
3873,4874,wikihow~8101,zeroshot,Personal Care and Style,0,860128,860463
3874,4881,wikihow~8119,zeroshot,Personal Care and Style,0,860465,860894
3875,4893,wikihow~8145,zeroshot,Personal Care and Style,2,860896,861360
3876,4901,wikihow~8156,zeroshot,Personal Care and Style,1,861362,861774
3877,4909,wikihow~8167,zeroshot,Personal Care and Style,2,861776,862237
3878,4914,wikihow~8173,zeroshot,Personal Care and Style,2,862239,862642
3879,4929,wikihow~8195,indomain,Health,3,862644,863146
3880,4936,wikihow~8206,indomain,Home and Garden,2,863148,863651
3881,4940,wikihow~8213,zeroshot,Personal Care and Style,3,863653,864207
3882,4943,wikihow~8216,indomain,Health,2,864209,864808
3883,4948,wikihow~8224,zeroshot,Personal Care and Style,0,864810,865279
3884,4954,wikihow~8237,indomain,Computers and Electronics,3,865281,865613
3885,4979,wikihow~8276,zeroshot,Personal Care and Style,0,865615,866003
3886,4986,wikihow~8289,zeroshot,Personal Care and Style,1,866005,866541
3887,4997,wikihow~8308,indomain,Pets and Animals,3,866543,867042
3888,5002,wikihow~8315,indomain,Food and Entertaining,0,867044,867503
3889,5014,wikihow~8335,indomain,Pets and Animals,0,867505,867855
3890,5015,wikihow~8336,zeroshot,Personal Care and Style,2,867857,868448
3891,5018,wikihow~8342,indomain,Pets and Animals,2,868450,868894
3892,5019,wikihow~8343,zeroshot,Family Life,3,868896,869387
3893,5029,wikihow~8356,indomain,Food and Entertaining,1,869389,869715
3894,5033,wikihow~8361,indomain,Sports and Fitness,1,869717,870132
3895,5041,wikihow~8374,indomain,Finance and Business,0,870134,870716
3896,5045,wikihow~8380,indomain,Holidays and Traditions,2,870718,871277
3897,5050,wikihow~8388,zeroshot,Personal Care and Style,0,871279,871735
3898,5056,wikihow~8396,zeroshot,Personal Care and Style,3,871737,872318
3899,5066,wikihow~8413,zeroshot,Family Life,0,872320,872927
3900,5071,wikihow~8419,zeroshot,Personal Care and Style,1,872929,873344
3901,5079,wikihow~8430,zeroshot,Personal Care and Style,0,873346,873699
3902,5082,wikihow~8437,indomain,Food and Entertaining,2,873701,874100
3903,5083,wikihow~8441,zeroshot,Personal Care and Style,0,874102,874579
3904,5085,wikihow~8444,zeroshot,Family Life,0,874581,874949
3905,5086,wikihow~8448,zeroshot,Personal Care and Style,0,874951,875411
3906,5112,wikihow~8495,zeroshot,Personal Care and Style,0,875413,875827
3907,5140,wikihow~8545,zeroshot,Personal Care and Style,0,875829,876384
3908,5150,wikihow~8556,zeroshot,Personal Care and Style,0,876386,876794
3909,5153,wikihow~8560,zeroshot,Family Life,0,876796,877310
3910,5157,wikihow~8570,indomain,Home and Garden,3,877312,877871
3911,5175,wikihow~8608,indomain,Home and Garden,1,877873,878463
3912,5207,wikihow~8657,zeroshot,Family Life,0,878465,878981
3913,5214,wikihow~8666,indomain,Computers and Electronics,1,878983,879445
3914,5226,wikihow~8693,indomain,Pets and Animals,3,879447,879896
3915,5244,wikihow~8729,zeroshot,Personal Care and Style,3,879898,880282
3916,5246,wikihow~8731,zeroshot,Family Life,0,880284,880790
3917,5251,wikihow~8738,zeroshot,Personal Care and Style,3,880792,881342
3918,5282,wikihow~8796,zeroshot,Personal Care and Style,0,881344,881821
3919,5285,wikihow~8800,zeroshot,Personal Care and Style,0,881823,882233
3920,5286,wikihow~8801,zeroshot,Personal Care and Style,2,882235,882673
3921,5289,wikihow~8805,zeroshot,Personal Care and Style,1,882675,883019
3922,5291,wikihow~8810,indomain,Food and Entertaining,1,883021,883429
3923,5294,wikihow~8813,zeroshot,Family Life,2,883431,883905
3924,5301,wikihow~8824,zeroshot,Personal Care and Style,2,883907,884280
3925,5304,wikihow~8831,indomain,Health,0,884282,884708
3926,5311,wikihow~8842,indomain,Health,2,884710,885161
3927,5312,wikihow~8844,indomain,Sports and Fitness,1,885163,885653
3928,5319,wikihow~8853,zeroshot,Family Life,1,885655,886002
3929,5320,wikihow~8855,zeroshot,Personal Care and Style,1,886004,886374
3930,5325,wikihow~8860,zeroshot,Personal Care and Style,3,886376,886813
3931,5352,wikihow~8902,indomain,Sports and Fitness,0,886815,887234
3932,5374,wikihow~8935,zeroshot,Family Life,0,887236,887794
3933,5375,wikihow~8936,zeroshot,Personal Care and Style,3,887796,888220
3934,5376,wikihow~8938,indomain,Computers and Electronics,0,888222,888748
3935,5381,wikihow~8944,indomain,Computers and Electronics,3,888750,889094
3936,5391,wikihow~8960,indomain,Health,1,889096,889475
3937,5396,wikihow~8967,zeroshot,Family Life,1,889477,890064
3938,5405,wikihow~8982,zeroshot,Personal Care and Style,3,890066,890573
3939,5408,wikihow~8988,indomain,Health,1,890575,890974
3940,5415,wikihow~8996,zeroshot,Personal Care and Style,2,890976,891281
3941,5417,wikihow~8998,zeroshot,Personal Care and Style,3,891283,891810
3942,5424,wikihow~9010,indomain,Health,1,891812,892259
3943,5427,wikihow~9014,indomain,Finance and Business,3,892261,892737
3944,5428,wikihow~9017,indomain,Finance and Business,1,892739,893270
3945,5437,wikihow~9035,indomain,Health,1,893272,893563
3946,5453,wikihow~9062,zeroshot,Personal Care and Style,0,893565,894108
3947,5458,wikihow~9072,zeroshot,Personal Care and Style,2,894110,894634
3948,5465,wikihow~9082,zeroshot,Personal Care and Style,3,894636,895040
3949,5466,wikihow~9083,zeroshot,Personal Care and Style,0,895042,895400
3950,5482,wikihow~9107,indomain,Health,2,895402,895778
3951,5484,wikihow~9109,zeroshot,Personal Care and Style,0,895780,896158
3952,5493,wikihow~9125,zeroshot,Personal Care and Style,3,896160,896665
3953,5494,wikihow~9126,indomain,Sports and Fitness,1,896667,897052
3954,5495,wikihow~9127,zeroshot,Personal Care and Style,2,897054,897539
3955,5502,wikihow~9139,indomain,Pets and Animals,1,897541,897970
3956,5508,wikihow~9150,zeroshot,Family Life,3,897972,898405
3957,5513,wikihow~9159,indomain,Sports and Fitness,3,898407,898765
3958,5525,wikihow~9184,indomain,Pets and Animals,0,898767,899131
3959,5528,wikihow~9190,indomain,Sports and Fitness,0,899133,899633
3960,5533,wikihow~9195,indomain,Relationships,1,899635,900144
3961,5537,wikihow~9199,indomain,Pets and Animals,0,900146,900608
3962,5539,wikihow~9202,zeroshot,Personal Care and Style,2,900610,901041
3963,5542,wikihow~9207,zeroshot,Family Life,1,901043,901353
3964,5547,wikihow~9218,zeroshot,Personal Care and Style,2,901355,901821
3965,5550,wikihow~9221,zeroshot,Personal Care and Style,3,901823,902312
3966,5565,wikihow~9241,zeroshot,Personal Care and Style,1,902314,902773
3967,5573,wikihow~9254,zeroshot,Personal Care and Style,0,902775,903202
3968,5574,wikihow~9255,indomain,Health,0,903204,903660
3969,5588,wikihow~9281,zeroshot,Family Life,1,903662,904232
3970,5591,wikihow~9285,zeroshot,Personal Care and Style,1,904234,904813
3971,5598,wikihow~9300,zeroshot,Personal Care and Style,2,904815,905293
3972,5613,wikihow~9323,zeroshot,Personal Care and Style,1,905295,905670
3973,5614,wikihow~9328,zeroshot,Personal Care and Style,3,905672,906075
3974,5617,wikihow~9333,indomain,Health,1,906077,906585
3975,5619,wikihow~9339,zeroshot,Family Life,2,906587,907082
3976,5638,wikihow~9372,indomain,Food and Entertaining,1,907084,907559
3977,5640,wikihow~9374,zeroshot,Family Life,0,907561,907998
3978,5641,wikihow~9375,indomain,Food and Entertaining,3,908000,908331
3979,5651,wikihow~9389,zeroshot,Personal Care and Style,0,908333,908793
3980,5667,wikihow~9412,indomain,Relationships,1,908795,909408
3981,5669,wikihow~9414,zeroshot,Family Life,3,909410,909929
3982,5670,wikihow~9415,indomain,Pets and Animals,0,909931,910256
3983,5674,wikihow~9422,indomain,Finance and Business,3,910258,910765
3984,5676,wikihow~9425,zeroshot,Personal Care and Style,2,910767,911233
3985,5682,wikihow~9434,zeroshot,Family Life,2,911235,911649
3986,5687,wikihow~9443,indomain,Youth,3,911651,912243
3987,5694,wikihow~9454,indomain,Relationships,0,912245,912706
3988,5705,wikihow~9471,zeroshot,Personal Care and Style,3,912708,913103
3989,5714,wikihow~9486,zeroshot,Personal Care and Style,0,913105,913577
3990,5722,wikihow~9495,zeroshot,Family Life,3,913579,914074
3991,5723,wikihow~9499,zeroshot,Family Life,0,914076,914522
3992,5727,wikihow~9508,indomain,Pets and Animals,2,914524,914951
3993,5748,wikihow~9536,indomain,Food and Entertaining,3,914953,915461
3994,5749,wikihow~9537,indomain,Food and Entertaining,0,915463,915909
3995,5769,wikihow~9564,zeroshot,Personal Care and Style,0,915911,916246
3996,5780,wikihow~9582,zeroshot,Personal Care and Style,1,916248,916704
3997,5781,wikihow~9585,indomain,Food and Entertaining,1,916706,917190
3998,5782,wikihow~9588,indomain,Food and Entertaining,3,917192,917592
3999,5790,wikihow~9600,zeroshot,Family Life,0,917594,918079
4000,5795,wikihow~9608,zeroshot,Personal Care and Style,1,918081,918570
4001,5797,wikihow~9610,zeroshot,Personal Care and Style,2,918572,919007
4002,5811,wikihow~9633,zeroshot,Family Life,0,919009,919615
4003,5812,wikihow~9635,zeroshot,Family Life,0,919617,919960
4004,5816,wikihow~9639,indomain,Sports and Fitness,0,919962,920311
4005,5828,wikihow~9660,zeroshot,Personal Care and Style,2,920313,920791
4006,5830,wikihow~9662,zeroshot,Family Life,1,920793,921308
4007,5835,wikihow~9671,zeroshot,Family Life,2,921310,921720
4008,5842,wikihow~9684,indomain,Relationships,0,921722,922066
4009,5849,wikihow~9697,zeroshot,Personal Care and Style,1,922068,922630
4010,5861,wikihow~9710,zeroshot,Personal Care and Style,2,922632,923033
4011,5864,wikihow~9715,indomain,Education and Communications,3,923035,923415
4012,5867,wikihow~9720,indomain,Health,3,923417,923845
4013,5870,wikihow~9724,zeroshot,Family Life,3,923847,924224
4014,5906,wikihow~9781,indomain,Youth,3,924226,924755
4015,5926,wikihow~9818,zeroshot,Personal Care and Style,3,924757,925090
4016,5929,wikihow~9821,zeroshot,Personal Care and Style,3,925092,925585
4017,5943,wikihow~9835,zeroshot,Family Life,3,925587,926167
4018,5964,wikihow~9866,zeroshot,Personal Care and Style,2,926169,926733
4019,5971,wikihow~9874,indomain,Education and Communications,0,926735,927253
4020,5975,wikihow~9881,indomain,Food and Entertaining,2,927255,927722
4021,5977,wikihow~9887,indomain,Computers and Electronics,2,927724,928062
4022,6004,wikihow~9938,indomain,Finance and Business,0,928064,928527
4023,6012,wikihow~9947,zeroshot,Personal Care and Style,2,928529,929071
4024,6023,wikihow~9960,zeroshot,Family Life,0,929073,929525
4025,6025,wikihow~9962,indomain,Finance and Business,2,929527,930075
4026,6049,wikihow~10006,indomain,Computers and Electronics,0,930077,930518
4027,6053,wikihow~10011,indomain,Health,0,930520,931140
4028,6064,wikihow~10031,zeroshot,Personal Care and Style,1,931142,931717
4029,6069,wikihow~10038,indomain,Work World,1,931719,932075
4030,6085,wikihow~10063,zeroshot,Family Life,2,932077,932615
4031,6106,wikihow~10095,indomain,Finance and Business,3,932617,933142
4032,6115,wikihow~10109,zeroshot,Family Life,1,933144,933609
4033,6122,wikihow~10123,zeroshot,Family Life,1,933611,934100
4034,6128,wikihow~10133,indomain,Computers and Electronics,2,934102,934472
4035,6134,wikihow~10142,indomain,Education and Communications,3,934474,935020
4036,6145,wikihow~10159,indomain,Finance and Business,2,935022,935627
4037,6160,wikihow~10189,indomain,Health,2,935629,936148
4038,6166,wikihow~10197,indomain,Computers and Electronics,1,936150,936663
4039,6179,wikihow~10220,indomain,Cars & Other Vehicles,1,936665,937104
4040,6183,wikihow~10224,indomain,Pets and Animals,2,937106,937521
4041,6199,wikihow~10249,indomain,Finance and Business,0,937523,937948
4042,6206,wikihow~10261,zeroshot,Personal Care and Style,0,937950,938478
4043,6207,wikihow~10262,zeroshot,Family Life,1,938480,938964
4044,6218,wikihow~10277,zeroshot,Personal Care and Style,3,938966,939447
4045,6220,wikihow~10281,zeroshot,Personal Care and Style,2,939449,939897
4046,6223,wikihow~10285,indomain,Home and Garden,0,939899,940298
4047,6233,wikihow~10301,zeroshot,Family Life,1,940300,940633
4048,6237,wikihow~10309,indomain,Home and Garden,3,940635,941160
4049,6253,wikihow~10328,indomain,Food and Entertaining,1,941162,941608
4050,6256,wikihow~10331,zeroshot,Personal Care and Style,1,941610,942076
4051,6264,wikihow~10347,zeroshot,Personal Care and Style,3,942078,942530
4052,6267,wikihow~10350,zeroshot,Family Life,3,942532,942948
4053,6277,wikihow~10364,indomain,Food and Entertaining,1,942950,943274
4054,6278,wikihow~10365,indomain,Computers and Electronics,0,943276,943677
4055,6280,wikihow~10371,indomain,Finance and Business,2,943679,944024
4056,6281,wikihow~10374,zeroshot,Personal Care and Style,2,944026,944481
4057,6283,wikihow~10377,zeroshot,Family Life,1,944483,945078
4058,6286,wikihow~10384,indomain,Sports and Fitness,1,945080,945509
4059,6290,wikihow~10389,zeroshot,Personal Care and Style,1,945511,945917
4060,6295,wikihow~10400,indomain,Food and Entertaining,2,945919,946467
4061,6302,wikihow~10409,zeroshot,Personal Care and Style,0,946469,946976
4062,6311,wikihow~10421,indomain,Food and Entertaining,3,946978,947442
4063,6315,wikihow~10425,indomain,Computers and Electronics,2,947444,947957
4064,6316,wikihow~10426,indomain,Food and Entertaining,0,947959,948535
4065,6320,wikihow~10431,indomain,Finance and Business,3,948537,949062
4066,6325,wikihow~10439,indomain,Finance and Business,3,949064,949530
4067,6327,wikihow~10444,indomain,Home and Garden,2,949532,949898
4068,6330,wikihow~10447,zeroshot,Personal Care and Style,0,949900,950466
4069,6331,wikihow~10452,zeroshot,Personal Care and Style,0,950468,951017
4070,6339,wikihow~10471,zeroshot,Personal Care and Style,1,951019,951492
4071,6340,wikihow~10472,indomain,Pets and Animals,0,951494,951872
4072,6346,wikihow~10482,zeroshot,Personal Care and Style,0,951874,952380
4073,6350,wikihow~10488,indomain,Holidays and Traditions,1,952382,952722
4074,6358,wikihow~10501,zeroshot,Personal Care and Style,2,952724,953196
4075,6359,wikihow~10502,zeroshot,Family Life,0,953198,953677
4076,6361,wikihow~10505,indomain,Finance and Business,1,953679,954199
4077,6369,wikihow~10519,zeroshot,Personal Care and Style,1,954201,954723
4078,6400,wikihow~10564,indomain,Computers and Electronics,3,954725,955117
4079,6403,wikihow~10570,zeroshot,Personal Care and Style,3,955119,955590
4080,6412,wikihow~10582,indomain,Cars & Other Vehicles,2,955592,955974
4081,6415,wikihow~10587,zeroshot,Family Life,2,955976,956421
4082,6423,wikihow~10605,zeroshot,Personal Care and Style,2,956423,956844
4083,6435,wikihow~10624,zeroshot,Family Life,2,956846,957204
4084,6436,wikihow~10628,zeroshot,Personal Care and Style,2,957206,957708
4085,6441,wikihow~10638,indomain,Health,1,957710,958140
4086,6454,wikihow~10657,zeroshot,Personal Care and Style,1,958142,958709
4087,6457,wikihow~10660,indomain,Work World,3,958711,959108
4088,6464,wikihow~10667,zeroshot,Family Life,0,959110,959466
4089,6467,wikihow~10672,indomain,Health,2,959468,959954
4090,6474,wikihow~10685,zeroshot,Personal Care and Style,0,959956,960401
4091,6492,wikihow~10719,indomain,Health,2,960403,960938
4092,6496,wikihow~10723,zeroshot,Personal Care and Style,3,960940,961266
4093,6498,wikihow~10726,zeroshot,Personal Care and Style,1,961268,961712
4094,6505,wikihow~10738,zeroshot,Family Life,2,961714,962110
4095,6506,wikihow~10741,indomain,Philosophy and Religion,2,962112,962530
4096,6511,wikihow~10748,zeroshot,Personal Care and Style,1,962532,962987
4097,6514,wikihow~10757,zeroshot,Personal Care and Style,1,962989,963449
4098,6516,wikihow~10760,indomain,Health,0,963451,963839
4099,6532,wikihow~10785,indomain,Food and Entertaining,2,963841,964317
4100,6537,wikihow~10795,indomain,Food and Entertaining,1,964319,964779
4101,6542,wikihow~10800,indomain,Home and Garden,2,964781,965323
4102,6552,wikihow~10815,zeroshot,Personal Care and Style,3,965325,965779
4103,6556,wikihow~10821,zeroshot,Family Life,0,965781,966332
4104,6559,wikihow~10825,zeroshot,Personal Care and Style,0,966334,966810
4105,6560,wikihow~10826,zeroshot,Personal Care and Style,1,966812,967335
4106,6561,wikihow~10827,indomain,Pets and Animals,3,967337,967914
4107,6565,wikihow~10833,indomain,Philosophy and Religion,3,967916,968509
4108,6569,wikihow~10838,zeroshot,Personal Care and Style,2,968511,968943
4109,6571,wikihow~10840,zeroshot,Personal Care and Style,3,968945,969402
4110,6573,wikihow~10842,indomain,Health,0,969404,969813
4111,6587,wikihow~10864,zeroshot,Personal Care and Style,2,969815,970210
4112,6601,wikihow~10894,indomain,Computers and Electronics,0,970212,970651
4113,6604,wikihow~10899,zeroshot,Personal Care and Style,2,970653,971091
4114,6609,wikihow~10907,zeroshot,Family Life,2,971093,971462
4115,6613,wikihow~10920,zeroshot,Family Life,2,971464,971926
4116,6621,wikihow~10936,indomain,Home and Garden,1,971928,972375
4117,6626,wikihow~10944,indomain,Food and Entertaining,2,972377,972701
4118,6640,wikihow~10964,indomain,Food and Entertaining,3,972703,973028
4119,6642,wikihow~10967,zeroshot,Personal Care and Style,1,973030,973622
4120,6643,wikihow~10968,zeroshot,Personal Care and Style,3,973624,974097
4121,6647,wikihow~10973,indomain,Health,2,974099,974518
4122,6654,wikihow~10992,indomain,Food and Entertaining,2,974520,974999
4123,6660,wikihow~11007,zeroshot,Personal Care and Style,0,975001,975462
4124,6662,wikihow~11010,zeroshot,Personal Care and Style,2,975464,975940
4125,6667,wikihow~11020,indomain,Finance and Business,1,975942,976271
4126,6671,wikihow~11025,zeroshot,Personal Care and Style,2,976273,976655
4127,6673,wikihow~11028,zeroshot,Personal Care and Style,3,976657,977148
4128,6674,wikihow~11029,zeroshot,Personal Care and Style,2,977150,977697
4129,6675,wikihow~11031,indomain,Food and Entertaining,3,977699,978113
4130,6679,wikihow~11042,zeroshot,Personal Care and Style,0,978115,978548
4131,6680,wikihow~11043,zeroshot,Family Life,3,978550,978988
4132,6686,wikihow~11051,zeroshot,Personal Care and Style,0,978990,979322
4133,6711,wikihow~11094,indomain,Youth,3,979324,979716
4134,6716,wikihow~11101,zeroshot,Personal Care and Style,0,979718,980149
4135,6728,wikihow~11119,zeroshot,Family Life,0,980151,980685
4136,6731,wikihow~11122,zeroshot,Personal Care and Style,3,980687,981095
4137,6732,wikihow~11124,indomain,Pets and Animals,2,981097,981570
4138,6737,wikihow~11133,indomain,Health,2,981572,982075
4139,6746,wikihow~11146,zeroshot,Family Life,0,982077,982498
4140,6754,wikihow~11157,indomain,Youth,0,982500,983026
4141,6761,wikihow~11171,zeroshot,Personal Care and Style,3,983028,983538
4142,6765,wikihow~11180,zeroshot,Personal Care and Style,3,983540,983887
4143,6778,wikihow~11201,zeroshot,Family Life,0,983889,984441
4144,6782,wikihow~11211,zeroshot,Personal Care and Style,0,984443,984774
4145,6791,wikihow~11225,zeroshot,Personal Care and Style,1,984776,985288
4146,6792,wikihow~11226,zeroshot,Personal Care and Style,2,985290,985697
4147,6793,wikihow~11228,indomain,Home and Garden,1,985699,986287
4148,6795,wikihow~11230,indomain,Computers and Electronics,2,986289,986777
4149,6805,wikihow~11247,zeroshot,Family Life,1,986779,987367
4150,6806,wikihow~11248,zeroshot,Personal Care and Style,2,987369,987803
4151,6808,wikihow~11251,indomain,Food and Entertaining,0,987805,988261
4152,6821,wikihow~11282,zeroshot,Family Life,0,988263,988668
4153,6829,wikihow~11293,zeroshot,Family Life,2,988670,989183
4154,6837,wikihow~11309,indomain,Pets and Animals,2,989185,989547
4155,6847,wikihow~11325,zeroshot,Personal Care and Style,2,989549,989943
4156,6853,wikihow~11331,indomain,Home and Garden,3,989945,990387
4157,6859,wikihow~11338,indomain,Sports and Fitness,2,990389,990819
4158,6886,wikihow~11380,indomain,Food and Entertaining,0,990821,991279
4159,6887,wikihow~11381,indomain,Education and Communications,0,991281,991706
4160,6894,wikihow~11391,zeroshot,Family Life,3,991708,992317
4161,6895,wikihow~11392,indomain,Health,3,992319,992887
4162,6908,wikihow~11412,zeroshot,Personal Care and Style,3,992889,993151
4163,6917,wikihow~11431,zeroshot,Family Life,2,993153,993745
4164,6926,wikihow~11443,indomain,Work World,1,993747,994297
4165,6939,wikihow~11464,zeroshot,Personal Care and Style,0,994299,994766
4166,6949,wikihow~11484,indomain,Finance and Business,0,994768,995349
4167,6953,wikihow~11488,indomain,Youth,3,995351,995813
4168,6977,wikihow~11520,zeroshot,Personal Care and Style,0,995815,996227
4169,6980,wikihow~11525,zeroshot,Personal Care and Style,1,996229,996725
4170,6981,wikihow~11527,zeroshot,Personal Care and Style,1,996727,997163
4171,6983,wikihow~11534,zeroshot,Personal Care and Style,1,997165,997605
4172,6986,wikihow~11540,zeroshot,Personal Care and Style,1,997607,998039
4173,6991,wikihow~11552,indomain,Home and Garden,1,998041,998536
4174,7001,wikihow~11565,indomain,Pets and Animals,2,998538,998990
4175,7011,wikihow~11580,indomain,Pets and Animals,0,998992,999480
4176,7021,wikihow~11592,zeroshot,Personal Care and Style,3,999482,1000022
4177,7029,wikihow~11604,indomain,Pets and Animals,1,1000024,1000632
4178,7030,wikihow~11607,indomain,Food and Entertaining,0,1000634,1001003
4179,7057,wikihow~11655,indomain,Pets and Animals,2,1001005,1001416
4180,7065,wikihow~11673,zeroshot,Family Life,1,1001418,1001909
4181,7067,wikihow~11676,indomain,Food and Entertaining,3,1001911,1002262
4182,7073,wikihow~11683,indomain,Health,3,1002264,1002654
4183,7084,wikihow~11702,zeroshot,Personal Care and Style,2,1002656,1003031
4184,7092,wikihow~11716,zeroshot,Personal Care and Style,3,1003033,1003470
4185,7122,wikihow~11772,indomain,Health,3,1003472,1003907
4186,7131,wikihow~11784,zeroshot,Personal Care and Style,3,1003909,1004398
4187,7134,wikihow~11788,zeroshot,Personal Care and Style,2,1004400,1004965
4188,7137,wikihow~11791,zeroshot,Personal Care and Style,3,1004967,1005291
4189,7140,wikihow~11801,zeroshot,Family Life,2,1005293,1005869
4190,7142,wikihow~11804,zeroshot,Family Life,3,1005871,1006323
4191,7144,wikihow~11807,zeroshot,Personal Care and Style,2,1006325,1006883
4192,7145,wikihow~11808,indomain,Sports and Fitness,0,1006885,1007336
4193,7149,wikihow~11814,indomain,Education and Communications,3,1007338,1007726
4194,7169,wikihow~11843,zeroshot,Personal Care and Style,0,1007728,1008138
4195,7204,wikihow~11903,zeroshot,Personal Care and Style,3,1008140,1008528
4196,7210,wikihow~11910,zeroshot,Family Life,3,1008530,1008928
4197,7211,wikihow~11912,indomain,Travel,1,1008930,1009344
4198,7216,wikihow~11922,zeroshot,Family Life,0,1009346,1009857
4199,7219,wikihow~11925,indomain,Sports and Fitness,3,1009859,1010384
4200,7225,wikihow~11934,zeroshot,Personal Care and Style,0,1010386,1010801
4201,7234,wikihow~11949,zeroshot,Family Life,0,1010803,1011270
4202,7236,wikihow~11952,indomain,Youth,0,1011272,1011873
4203,7252,wikihow~11975,zeroshot,Family Life,3,1011875,1012478
4204,7263,wikihow~11990,zeroshot,Personal Care and Style,3,1012480,1013035
4205,7283,wikihow~12025,zeroshot,Personal Care and Style,3,1013037,1013577
4206,7286,wikihow~12031,zeroshot,Family Life,1,1013579,1014136
4207,7289,wikihow~12037,indomain,Pets and Animals,2,1014138,1014558
4208,7290,wikihow~12038,indomain,Sports and Fitness,3,1014560,1015079
4209,7295,wikihow~12043,zeroshot,Family Life,2,1015081,1015538
4210,7297,wikihow~12045,zeroshot,Family Life,0,1015540,1015949
4211,7315,wikihow~12075,indomain,Food and Entertaining,0,1015951,1016400
4212,7318,wikihow~12080,indomain,Home and Garden,1,1016402,1016727
4213,7324,wikihow~12091,indomain,Finance and Business,0,1016729,1017330
4214,7342,wikihow~12128,indomain,Computers and Electronics,3,1017332,1017909
4215,7346,wikihow~12132,indomain,Finance and Business,0,1017911,1018305
4216,7354,wikihow~12141,zeroshot,Family Life,2,1018307,1018722
4217,7360,wikihow~12152,indomain,Pets and Animals,0,1018724,1019213
4218,7370,wikihow~12166,zeroshot,Family Life,1,1019215,1019798
4219,7376,wikihow~12175,indomain,Health,2,1019800,1020340
4220,7388,wikihow~12196,indomain,Pets and Animals,1,1020342,1020819
4221,7390,wikihow~12199,indomain,Computers and Electronics,2,1020821,1021249
4222,7405,wikihow~12223,zeroshot,Personal Care and Style,3,1021251,1021611
4223,7430,wikihow~12258,indomain,Education and Communications,2,1021613,1022102
4224,7433,wikihow~12265,indomain,Computers and Electronics,3,1022104,1022569
4225,7435,wikihow~12271,zeroshot,Family Life,1,1022571,1023017
4226,7445,wikihow~12289,zeroshot,Personal Care and Style,1,1023019,1023347
4227,7449,wikihow~12298,indomain,Education and Communications,2,1023349,1023822
4228,7450,wikihow~12300,zeroshot,Personal Care and Style,1,1023824,1024280
4229,7457,wikihow~12310,indomain,Health,3,1024282,1024761
4230,7466,wikihow~12322,zeroshot,Personal Care and Style,1,1024763,1025267
4231,7472,wikihow~12335,zeroshot,Family Life,3,1025269,1025727
4232,7477,wikihow~12345,zeroshot,Personal Care and Style,3,1025729,1026286
4233,7486,wikihow~12357,indomain,Finance and Business,2,1026288,1026673
4234,7488,wikihow~12359,indomain,Food and Entertaining,1,1026675,1027092
4235,7509,wikihow~12407,zeroshot,Personal Care and Style,1,1027094,1027518
4236,7515,wikihow~12419,zeroshot,Personal Care and Style,1,1027520,1027893
4237,7517,wikihow~12421,zeroshot,Family Life,1,1027895,1028193
4238,7519,wikihow~12423,zeroshot,Personal Care and Style,2,1028195,1028656
4239,7527,wikihow~12433,indomain,Computers and Electronics,1,1028658,1029082
4240,7540,wikihow~12453,zeroshot,Family Life,2,1029084,1029606
4241,7541,wikihow~12454,indomain,Health,3,1029608,1030134
4242,7555,wikihow~12473,zeroshot,Personal Care and Style,0,1030136,1030523
4243,7557,wikihow~12477,zeroshot,Personal Care and Style,2,1030525,1031021
4244,7564,wikihow~12486,zeroshot,Personal Care and Style,3,1031023,1031380
4245,7569,wikihow~12492,indomain,Health,3,1031382,1031938
4246,7591,wikihow~12528,indomain,Food and Entertaining,2,1031940,1032351
4247,7609,wikihow~12553,indomain,Cars & Other Vehicles,1,1032353,1032889
4248,7621,wikihow~12570,indomain,Finance and Business,3,1032891,1033534
4249,7632,wikihow~12594,indomain,Finance and Business,0,1033536,1034170
4250,7644,wikihow~12611,zeroshot,Personal Care and Style,3,1034172,1034601
4251,7649,wikihow~12617,indomain,Pets and Animals,3,1034603,1035137
4252,7652,wikihow~12622,zeroshot,Personal Care and Style,2,1035139,1035663
4253,7657,wikihow~12629,zeroshot,Personal Care and Style,3,1035665,1036109
4254,7669,wikihow~12643,zeroshot,Personal Care and Style,0,1036111,1036601
4255,7683,wikihow~12675,zeroshot,Personal Care and Style,1,1036603,1037104
4256,7685,wikihow~12678,indomain,Home and Garden,0,1037106,1037404
4257,7691,wikihow~12687,zeroshot,Personal Care and Style,1,1037406,1037732
4258,7712,wikihow~12728,zeroshot,Personal Care and Style,2,1037734,1038158
4259,7714,wikihow~12730,indomain,Finance and Business,0,1038160,1038602
4260,7718,wikihow~12735,zeroshot,Personal Care and Style,3,1038604,1038987
4261,7723,wikihow~12743,indomain,Home and Garden,3,1038989,1039516
4262,7729,wikihow~12749,zeroshot,Personal Care and Style,3,1039518,1039966
4263,7731,wikihow~12753,zeroshot,Personal Care and Style,0,1039968,1040525
4264,7737,wikihow~12767,zeroshot,Personal Care and Style,0,1040527,1040783
4265,7739,wikihow~12770,indomain,Home and Garden,3,1040785,1041260
4266,7745,wikihow~12781,zeroshot,Personal Care and Style,0,1041262,1041773
4267,7754,wikihow~12798,zeroshot,Family Life,3,1041775,1042215
4268,7758,wikihow~12802,zeroshot,Personal Care and Style,1,1042217,1042774
4269,7759,wikihow~12804,indomain,Philosophy and Religion,0,1042776,1043327
4270,7764,wikihow~12821,indomain,Computers and Electronics,1,1043329,1043861
4271,7778,wikihow~12841,indomain,Home and Garden,2,1043863,1044328
4272,7786,wikihow~12857,indomain,Home and Garden,1,1044330,1044733
4273,7796,wikihow~12871,zeroshot,Personal Care and Style,1,1044735,1045084
4274,7801,wikihow~12879,indomain,Home and Garden,3,1045086,1045602
4275,7802,wikihow~12880,zeroshot,Personal Care and Style,1,1045604,1046174
4276,7808,wikihow~12891,indomain,Health,1,1046176,1046612
4277,7813,wikihow~12899,indomain,Food and Entertaining,1,1046614,1047102
4278,7823,wikihow~12910,indomain,Home and Garden,0,1047104,1047457
4279,7824,wikihow~12911,indomain,Computers and Electronics,3,1047459,1047826
4280,7825,wikihow~12917,indomain,Sports and Fitness,1,1047828,1048247
4281,7832,wikihow~12932,indomain,Computers and Electronics,1,1048249,1048669
4282,7854,wikihow~12969,indomain,Home and Garden,0,1048671,1049247
4283,7862,wikihow~12990,zeroshot,Family Life,1,1049249,1049802
4284,7865,wikihow~12994,indomain,Food and Entertaining,2,1049804,1050277
4285,7873,wikihow~13011,indomain,Education and Communications,2,1050279,1050773
4286,7875,wikihow~13016,zeroshot,Personal Care and Style,3,1050775,1051155
4287,7881,wikihow~13022,indomain,Computers and Electronics,0,1051157,1051568
4288,7883,wikihow~13025,indomain,Sports and Fitness,3,1051570,1052029
4289,7899,wikihow~13045,indomain,Computers and Electronics,1,1052031,1052460
4290,7904,wikihow~13050,zeroshot,Personal Care and Style,2,1052462,1052918
4291,7912,wikihow~13068,indomain,Computers and Electronics,0,1052920,1053450
4292,7913,wikihow~13070,zeroshot,Personal Care and Style,2,1053452,1053742
4293,7915,wikihow~13072,indomain,Computers and Electronics,0,1053744,1054124
4294,7920,wikihow~13079,indomain,Relationships,2,1054126,1054617
4295,7922,wikihow~13081,zeroshot,Personal Care and Style,2,1054619,1055122
4296,7933,wikihow~13100,zeroshot,Family Life,0,1055124,1055820
4297,7944,wikihow~13115,indomain,Education and Communications,0,1055822,1056135
4298,7948,wikihow~13124,zeroshot,Personal Care and Style,1,1056137,1056554
4299,7951,wikihow~13127,indomain,Youth,3,1056556,1056938
4300,7953,wikihow~13129,indomain,Pets and Animals,0,1056940,1057336
4301,7966,wikihow~13151,indomain,Finance and Business,3,1057338,1057803
4302,7978,wikihow~13175,indomain,Home and Garden,3,1057805,1058312
4303,7981,wikihow~13182,zeroshot,Personal Care and Style,3,1058314,1058906
4304,7989,wikihow~13203,indomain,Computers and Electronics,3,1058908,1059281
4305,7995,wikihow~13214,zeroshot,Family Life,2,1059283,1059750
4306,8000,wikihow~13220,indomain,Home and Garden,1,1059752,1060234
4307,8001,wikihow~13223,indomain,Computers and Electronics,0,1060236,1060658
4308,8002,wikihow~13224,zeroshot,Personal Care and Style,0,1060660,1061069
4309,8005,wikihow~13227,indomain,Food and Entertaining,0,1061071,1061348
4310,8008,wikihow~13230,zeroshot,Family Life,0,1061350,1061839
4311,8014,wikihow~13237,indomain,Food and Entertaining,2,1061841,1062216
4312,8025,wikihow~13255,zeroshot,Personal Care and Style,0,1062218,1062573
4313,8034,wikihow~13271,indomain,Health,2,1062575,1063109
4314,8043,wikihow~13285,indomain,Relationships,2,1063111,1063536
4315,8058,wikihow~13308,zeroshot,Personal Care and Style,3,1063538,1063788
4316,8061,wikihow~13317,indomain,Education and Communications,2,1063790,1064204
4317,8063,wikihow~13325,indomain,Relationships,0,1064206,1064676
4318,8072,wikihow~13336,indomain,Work World,3,1064678,1065144
4319,8091,wikihow~13367,zeroshot,Family Life,3,1065146,1065634
4320,8106,wikihow~13388,zeroshot,Family Life,1,1065636,1066089
4321,8115,wikihow~13399,zeroshot,Family Life,1,1066091,1066483
4322,8119,wikihow~13404,zeroshot,Personal Care and Style,1,1066485,1066867
4323,8123,wikihow~13408,zeroshot,Personal Care and Style,3,1066869,1067253
4324,8130,wikihow~13415,zeroshot,Family Life,3,1067255,1067715
4325,8131,wikihow~13416,zeroshot,Personal Care and Style,1,1067717,1068160
4326,8143,wikihow~13437,zeroshot,Personal Care and Style,2,1068162,1068678
4327,8148,wikihow~13443,zeroshot,Personal Care and Style,2,1068680,1069159
4328,8173,wikihow~13478,zeroshot,Personal Care and Style,0,1069161,1069673
4329,8182,wikihow~13489,indomain,Sports and Fitness,3,1069675,1070064
4330,8184,wikihow~13494,zeroshot,Personal Care and Style,3,1070066,1070556
4331,8203,wikihow~13526,zeroshot,Personal Care and Style,1,1070558,1071017
4332,8207,wikihow~13538,indomain,Health,0,1071019,1071494
4333,8227,wikihow~13571,indomain,Computers and Electronics,1,1071496,1072029
4334,8231,wikihow~13577,indomain,Computers and Electronics,0,1072031,1072544
4335,8237,wikihow~13585,zeroshot,Family Life,1,1072546,1073086
4336,8240,wikihow~13590,zeroshot,Personal Care and Style,1,1073088,1073543
4337,8253,wikihow~13609,zeroshot,Family Life,1,1073545,1074043
4338,8280,wikihow~13650,indomain,Computers and Electronics,3,1074045,1074514
4339,8287,wikihow~13667,indomain,Travel,1,1074516,1075098
4340,8288,wikihow~13669,indomain,Computers and Electronics,1,1075100,1075639
4341,8294,wikihow~13675,indomain,Sports and Fitness,3,1075641,1076173
4342,8318,wikihow~13716,indomain,Finance and Business,3,1076175,1076616
4343,8325,wikihow~13725,indomain,Computers and Electronics,1,1076618,1077188
4344,8349,wikihow~13761,zeroshot,Family Life,0,1077190,1077774
4345,8351,wikihow~13763,zeroshot,Personal Care and Style,0,1077776,1078236
4346,8355,wikihow~13768,indomain,Finance and Business,1,1078238,1078804
4347,8362,wikihow~13777,zeroshot,Family Life,2,1078806,1079333
4348,8366,wikihow~13783,zeroshot,Personal Care and Style,0,1079335,1079752
4349,8367,wikihow~13785,indomain,Health,0,1079754,1080216
4350,8373,wikihow~13791,zeroshot,Family Life,1,1080218,1080710
4351,8377,wikihow~13797,indomain,Work World,2,1080712,1081344
4352,8387,wikihow~13808,zeroshot,Personal Care and Style,1,1081346,1081883
4353,8388,wikihow~13809,zeroshot,Personal Care and Style,0,1081885,1082315
4354,8404,wikihow~13833,indomain,Finance and Business,2,1082317,1082689
4355,8405,wikihow~13834,zeroshot,Personal Care and Style,3,1082691,1083114
4356,8424,wikihow~13861,indomain,Youth,0,1083116,1083442
4357,8430,wikihow~13869,zeroshot,Family Life,1,1083444,1083825
4358,8446,wikihow~13897,indomain,Computers and Electronics,3,1083827,1084125
4359,8455,wikihow~13913,indomain,Health,3,1084127,1084592
4360,8475,wikihow~13951,zeroshot,Personal Care and Style,0,1084594,1084974
4361,8493,wikihow~13981,indomain,Health,3,1084976,1085404
4362,8497,wikihow~13988,zeroshot,Personal Care and Style,0,1085406,1085772
4363,8507,wikihow~14005,zeroshot,Family Life,1,1085774,1086234
4364,8508,wikihow~14009,indomain,Health,2,1086236,1086683
4365,8510,wikihow~14012,zeroshot,Personal Care and Style,1,1086685,1087149
4366,8514,wikihow~14016,indomain,Food and Entertaining,2,1087151,1087519
4367,8517,wikihow~14023,zeroshot,Personal Care and Style,1,1087521,1088041
4368,8522,wikihow~14033,indomain,Sports and Fitness,3,1088043,1088538
4369,8523,wikihow~14034,zeroshot,Personal Care and Style,0,1088540,1088979
4370,8538,wikihow~14055,zeroshot,Personal Care and Style,1,1088981,1089382
4371,8539,wikihow~14056,zeroshot,Family Life,2,1089384,1089922
4372,8547,wikihow~14067,indomain,Pets and Animals,0,1089924,1090488
4373,8548,wikihow~14069,indomain,Health,2,1090490,1090948
4374,8561,wikihow~14092,indomain,Sports and Fitness,3,1090950,1091424
4375,8592,wikihow~14137,indomain,Food and Entertaining,0,1091426,1091776
4376,8608,wikihow~14170,zeroshot,Personal Care and Style,2,1091778,1092180
4377,8609,wikihow~14172,indomain,Computers and Electronics,0,1092182,1092628
4378,8613,wikihow~14177,indomain,Youth,3,1092630,1092967
4379,8614,wikihow~14178,zeroshot,Personal Care and Style,1,1092969,1093402
4380,8615,wikihow~14182,indomain,Youth,0,1093404,1093725
4381,8621,wikihow~14193,zeroshot,Personal Care and Style,1,1093727,1094112
4382,8627,wikihow~14202,zeroshot,Family Life,3,1094114,1094637
4383,8630,wikihow~14205,zeroshot,Personal Care and Style,0,1094639,1095218
4384,8636,wikihow~14216,indomain,Health,0,1095220,1095604
4385,8647,wikihow~14231,indomain,Sports and Fitness,2,1095606,1096154
4386,8655,wikihow~14246,indomain,Food and Entertaining,0,1096156,1096576
4387,8667,wikihow~14264,indomain,Pets and Animals,2,1096578,1097022
4388,8668,wikihow~14265,indomain,Computers and Electronics,1,1097024,1097314
4389,8673,wikihow~14273,zeroshot,Personal Care and Style,1,1097316,1097699
4390,8679,wikihow~14289,zeroshot,Personal Care and Style,1,1097701,1098283
4391,8684,wikihow~14296,zeroshot,Personal Care and Style,0,1098285,1098732
4392,8695,wikihow~14310,indomain,Food and Entertaining,3,1098734,1099248
4393,8708,wikihow~14333,zeroshot,Personal Care and Style,0,1099250,1099668
4394,8721,wikihow~14357,zeroshot,Personal Care and Style,2,1099670,1100082
4395,8731,wikihow~14374,indomain,Food and Entertaining,3,1100084,1100549
4396,8742,wikihow~14396,indomain,Health,3,1100551,1101019
4397,8753,wikihow~14417,zeroshot,Personal Care and Style,2,1101021,1101389
4398,8759,wikihow~14427,zeroshot,Personal Care and Style,2,1101391,1101793
4399,8770,wikihow~14442,indomain,Home and Garden,2,1101795,1102160
4400,8772,wikihow~14445,indomain,Food and Entertaining,1,1102162,1102580
4401,8781,wikihow~14458,zeroshot,Personal Care and Style,3,1102582,1103025
4402,8794,wikihow~14480,zeroshot,Personal Care and Style,2,1103027,1103530
4403,8795,wikihow~14482,zeroshot,Family Life,3,1103532,1104043
4404,8803,wikihow~14500,zeroshot,Personal Care and Style,2,1104045,1104500
4405,8823,wikihow~14535,zeroshot,Personal Care and Style,2,1104502,1104962
4406,8828,wikihow~14542,zeroshot,Personal Care and Style,2,1104964,1105487
4407,8831,wikihow~14545,indomain,Home and Garden,2,1105489,1105883
4408,8836,wikihow~14553,indomain,Youth,2,1105885,1106310
4409,8843,wikihow~14564,indomain,Health,1,1106312,1106925
4410,8845,wikihow~14568,zeroshot,Family Life,2,1106927,1107469
4411,8858,wikihow~14583,indomain,Work World,1,1107471,1107931
4412,8879,wikihow~14613,zeroshot,Personal Care and Style,0,1107933,1108382
4413,8894,wikihow~14637,indomain,Computers and Electronics,2,1108384,1108764
4414,8912,wikihow~14669,zeroshot,Family Life,1,1108766,1109231
4415,8914,wikihow~14676,indomain,Health,3,1109233,1109782
4416,8919,wikihow~14688,indomain,Travel,1,1109784,1110221
4417,8937,wikihow~14724,zeroshot,Personal Care and Style,0,1110223,1110713
4418,8945,wikihow~14735,zeroshot,Personal Care and Style,1,1110715,1111256
4419,8947,wikihow~14739,indomain,Computers and Electronics,0,1111258,1111575
4420,8959,wikihow~14755,zeroshot,Family Life,1,1111577,1112137
4421,8963,wikihow~14765,indomain,Relationships,0,1112139,1112519
4422,8978,wikihow~14787,zeroshot,Personal Care and Style,1,1112521,1112984
4423,8987,wikihow~14806,zeroshot,Personal Care and Style,3,1112986,1113423
4424,8994,wikihow~14817,indomain,Education and Communications,2,1113425,1113958
4425,9003,wikihow~14834,zeroshot,Personal Care and Style,2,1113960,1114287
4426,9007,wikihow~14841,zeroshot,Family Life,3,1114289,1114765
4427,9012,wikihow~14850,indomain,Pets and Animals,1,1114767,1115202
4428,9021,wikihow~14863,indomain,Food and Entertaining,0,1115204,1115630
4429,9023,wikihow~14865,indomain,Youth,2,1115632,1115998
4430,9028,wikihow~14870,indomain,Finance and Business,3,1116000,1116478
4431,9049,wikihow~14902,zeroshot,Family Life,1,1116480,1116954
4432,9054,wikihow~14907,indomain,Health,2,1116956,1117476
4433,9059,wikihow~14912,zeroshot,Personal Care and Style,1,1117478,1117989
4434,9065,wikihow~14925,zeroshot,Personal Care and Style,2,1117991,1118339
4435,9070,wikihow~14935,zeroshot,Personal Care and Style,1,1118341,1118853
4436,9072,wikihow~14939,zeroshot,Family Life,2,1118855,1119470
4437,9082,wikihow~14954,indomain,Relationships,3,1119472,1120040
4438,9100,wikihow~14988,indomain,Computers and Electronics,0,1120042,1120473
4439,9102,wikihow~14993,zeroshot,Personal Care and Style,1,1120475,1120768
4440,9109,wikihow~15001,indomain,Food and Entertaining,3,1120770,1121175
4441,9111,wikihow~15004,indomain,Youth,1,1121177,1121574
4442,9112,wikihow~15005,indomain,Home and Garden,1,1121576,1122115
4443,9122,wikihow~15021,indomain,Education and Communications,3,1122117,1122595
4444,9123,wikihow~15022,indomain,Food and Entertaining,2,1122597,1123086
4445,9157,wikihow~15081,zeroshot,Personal Care and Style,0,1123088,1123555
4446,9161,wikihow~15087,indomain,Food and Entertaining,0,1123557,1123993
4447,9166,wikihow~15096,zeroshot,Personal Care and Style,0,1123995,1124376
4448,9171,wikihow~15102,zeroshot,Family Life,0,1124378,1124858
4449,9176,wikihow~15112,indomain,Health,2,1124860,1125359
4450,9188,wikihow~15134,zeroshot,Personal Care and Style,2,1125361,1125852
4451,9197,wikihow~15154,indomain,Health,2,1125854,1126299
4452,9199,wikihow~15156,zeroshot,Personal Care and Style,1,1126301,1126704
4453,9233,wikihow~15226,indomain,Health,3,1126706,1127237
4454,9238,wikihow~15234,indomain,Food and Entertaining,2,1127239,1127628
4455,9241,wikihow~15241,indomain,Pets and Animals,0,1127630,1128077
4456,9242,wikihow~15242,zeroshot,Personal Care and Style,3,1128079,1128544
4457,9244,wikihow~15245,zeroshot,Personal Care and Style,2,1128546,1128910
4458,9248,wikihow~15249,indomain,Relationships,0,1128912,1129288
4459,9255,wikihow~15270,zeroshot,Personal Care and Style,2,1129290,1129787
4460,9280,wikihow~15312,zeroshot,Personal Care and Style,2,1129789,1130111
4461,9296,wikihow~15345,zeroshot,Family Life,2,1130113,1130493
4462,9302,wikihow~15353,zeroshot,Personal Care and Style,3,1130495,1130979
4463,9310,wikihow~15365,indomain,Finance and Business,1,1130981,1131615
4464,9316,wikihow~15374,indomain,Work World,3,1131617,1132164
4465,9322,wikihow~15380,indomain,Health,1,1132166,1132550
4466,9336,wikihow~15401,indomain,Health,0,1132552,1132971
4467,9353,wikihow~15432,indomain,Food and Entertaining,1,1132973,1133483
4468,9379,wikihow~15470,zeroshot,Personal Care and Style,2,1133485,1134007
4469,9392,wikihow~15492,zeroshot,Personal Care and Style,0,1134009,1134384
4470,9413,wikihow~15537,zeroshot,Family Life,2,1134386,1134806
4471,9433,wikihow~15569,zeroshot,Family Life,1,1134808,1135272
4472,9450,wikihow~15596,zeroshot,Personal Care and Style,0,1135274,1135677
4473,9462,wikihow~15614,indomain,Sports and Fitness,1,1135679,1136232
4474,9473,wikihow~15629,indomain,Cars & Other Vehicles,2,1136234,1136663
4475,9485,wikihow~15653,indomain,Sports and Fitness,3,1136665,1137097
4476,9490,wikihow~15663,indomain,Cars & Other Vehicles,1,1137099,1137521
4477,9491,wikihow~15664,zeroshot,Personal Care and Style,3,1137523,1137872
4478,9492,wikihow~15665,zeroshot,Personal Care and Style,0,1137874,1138433
4479,9502,wikihow~15679,indomain,Home and Garden,1,1138435,1138908
4480,9505,wikihow~15684,indomain,Finance and Business,3,1138910,1139379
4481,9510,wikihow~15692,indomain,Home and Garden,0,1139381,1139918
4482,9515,wikihow~15702,indomain,Finance and Business,0,1139920,1140291
4483,9516,wikihow~15704,zeroshot,Family Life,2,1140293,1140703
4484,9517,wikihow~15705,zeroshot,Personal Care and Style,0,1140705,1141204
4485,9519,wikihow~15710,zeroshot,Personal Care and Style,1,1141206,1141554
4486,9525,wikihow~15720,zeroshot,Personal Care and Style,2,1141556,1142027
4487,9546,wikihow~15752,zeroshot,Personal Care and Style,0,1142029,1142456
4488,9549,wikihow~15757,zeroshot,Family Life,3,1142458,1142783
4489,9551,wikihow~15759,zeroshot,Personal Care and Style,2,1142785,1143302
4490,9552,wikihow~15761,indomain,Sports and Fitness,3,1143304,1143731
4491,9561,wikihow~15771,indomain,Food and Entertaining,2,1143733,1144340
4492,9563,wikihow~15775,zeroshot,Family Life,3,1144342,1144919
4493,9577,wikihow~15797,indomain,Pets and Animals,3,1144921,1145374
4494,9596,wikihow~15828,zeroshot,Personal Care and Style,1,1145376,1145749
4495,9603,wikihow~15838,zeroshot,Personal Care and Style,3,1145751,1146000
4496,9618,wikihow~15867,zeroshot,Personal Care and Style,3,1146002,1146327
4497,9629,wikihow~15886,zeroshot,Personal Care and Style,1,1146329,1146817
4498,9630,wikihow~15890,zeroshot,Personal Care and Style,1,1146819,1147204
4499,9653,wikihow~15929,zeroshot,Personal Care and Style,1,1147206,1147718
4500,9655,wikihow~15931,zeroshot,Personal Care and Style,1,1147720,1148302
4501,9665,wikihow~15943,zeroshot,Personal Care and Style,0,1148304,1148830
4502,9676,wikihow~15961,zeroshot,Personal Care and Style,3,1148832,1149264
4503,9679,wikihow~15965,zeroshot,Personal Care and Style,1,1149266,1149643
4504,9682,wikihow~15970,zeroshot,Personal Care and Style,3,1149645,1150029
4505,9687,wikihow~15979,zeroshot,Personal Care and Style,1,1150031,1150541
4506,9715,wikihow~16024,zeroshot,Personal Care and Style,3,1150543,1150964
4507,9728,wikihow~16043,zeroshot,Personal Care and Style,1,1150966,1151318
4508,9731,wikihow~16047,indomain,Home and Garden,0,1151320,1151783
4509,9734,wikihow~16051,zeroshot,Personal Care and Style,3,1151785,1152186
4510,9735,wikihow~16052,zeroshot,Personal Care and Style,2,1152188,1152577
4511,9739,wikihow~16060,indomain,Work World,1,1152579,1153009
4512,9748,wikihow~16069,zeroshot,Personal Care and Style,3,1153011,1153588
4513,9755,wikihow~16080,indomain,Health,0,1153590,1154004
4514,9771,wikihow~16101,indomain,Computers and Electronics,2,1154006,1154445
4515,9806,wikihow~16163,zeroshot,Family Life,0,1154447,1155096
4516,9810,wikihow~16170,zeroshot,Personal Care and Style,0,1155098,1155578
4517,9814,wikihow~16175,zeroshot,Personal Care and Style,3,1155580,1156034
4518,9822,wikihow~16186,indomain,Food and Entertaining,2,1156036,1156526
4519,9842,wikihow~16217,zeroshot,Personal Care and Style,0,1156528,1157053
4520,9849,wikihow~16227,indomain,Food and Entertaining,0,1157055,1157432
4521,9850,wikihow~16228,indomain,Finance and Business,1,1157434,1157931
4522,9860,wikihow~16240,indomain,Computers and Electronics,3,1157933,1158393
4523,9861,wikihow~16243,indomain,Computers and Electronics,0,1158395,1158757
4524,9863,wikihow~16246,zeroshot,Personal Care and Style,2,1158759,1159169
4525,9865,wikihow~16249,indomain,Youth,0,1159171,1159585
4526,9867,wikihow~16258,indomain,Food and Entertaining,3,1159587,1160053
4527,9892,wikihow~16298,zeroshot,Family Life,3,1160055,1160527
4528,9904,wikihow~16315,zeroshot,Family Life,3,1160529,1160978
4529,9906,wikihow~16318,zeroshot,Personal Care and Style,2,1160980,1161350
4530,9908,wikihow~16325,indomain,Computers and Electronics,1,1161352,1161833
4531,9913,wikihow~16332,zeroshot,Family Life,2,1161835,1162440
4532,9916,wikihow~16335,indomain,Computers and Electronics,2,1162442,1162800
4533,9920,wikihow~16341,zeroshot,Personal Care and Style,2,1162802,1163258
4534,9926,wikihow~16353,zeroshot,Family Life,0,1163260,1163678
4535,9928,wikihow~16356,indomain,Home and Garden,1,1163680,1164114
4536,9932,wikihow~16365,indomain,Computers and Electronics,1,1164116,1164660
4537,9942,wikihow~16378,indomain,Finance and Business,0,1164662,1165143
4538,9957,wikihow~16412,indomain,Home and Garden,2,1165145,1165587
4539,9966,wikihow~16430,indomain,Relationships,2,1165589,1165960
4540,9978,wikihow~16449,zeroshot,Personal Care and Style,0,1165962,1166416
4541,9987,wikihow~16467,zeroshot,Personal Care and Style,2,1166418,1166928
4542,9989,wikihow~16469,indomain,Pets and Animals,3,1166930,1167412
4543,9991,wikihow~16471,zeroshot,Personal Care and Style,1,1167414,1167815
4544,9993,wikihow~16474,indomain,Finance and Business,1,1167817,1168325
4545,9997,wikihow~16479,zeroshot,Personal Care and Style,3,1168327,1168694
4546,10002,wikihow~16485,zeroshot,Personal Care and Style,1,1168696,1169176
4547,10006,wikihow~16490,indomain,Education and Communications,1,1169178,1169695
4548,10008,wikihow~16493,zeroshot,Personal Care and Style,0,1169697,1170063
4549,10009,wikihow~16494,zeroshot,Personal Care and Style,2,1170065,1170437
4550,10018,wikihow~16510,indomain,Pets and Animals,2,1170439,1170820
4551,10028,wikihow~16529,indomain,Holidays and Traditions,2,1170822,1171369
4552,10040,wikihow~16544,indomain,Finance and Business,1,1171371,1171930
4553,10054,wikihow~16566,zeroshot,Personal Care and Style,1,1171932,1172370
4554,10059,wikihow~16577,zeroshot,Personal Care and Style,1,1172372,1172762
4555,10071,wikihow~16593,zeroshot,Personal Care and Style,2,1172764,1173117
4556,10075,wikihow~16599,indomain,Food and Entertaining,1,1173119,1173569
4557,10105,wikihow~16648,zeroshot,Personal Care and Style,0,1173571,1173931
4558,10109,wikihow~16662,zeroshot,Personal Care and Style,3,1173933,1174220
4559,10120,wikihow~16683,zeroshot,Personal Care and Style,2,1174222,1174742
4560,10122,wikihow~16686,indomain,Home and Garden,1,1174744,1175294
4561,10123,wikihow~16689,zeroshot,Family Life,1,1175296,1175867
4562,10124,wikihow~16690,indomain,Pets and Animals,2,1175869,1176288
4563,10129,wikihow~16696,zeroshot,Personal Care and Style,3,1176290,1176761
4564,10132,wikihow~16699,zeroshot,Personal Care and Style,3,1176763,1177306
4565,10136,wikihow~16703,zeroshot,Personal Care and Style,3,1177308,1177831
4566,10138,wikihow~16706,zeroshot,Personal Care and Style,0,1177833,1178150
4567,10148,wikihow~16719,zeroshot,Personal Care and Style,2,1178152,1178713
4568,10158,wikihow~16734,indomain,Home and Garden,0,1178715,1179110
4569,10160,wikihow~16736,indomain,Sports and Fitness,2,1179112,1179505
4570,10174,wikihow~16760,zeroshot,Family Life,2,1179507,1179955
4571,10175,wikihow~16761,indomain,Education and Communications,1,1179957,1180358
4572,10187,wikihow~16780,zeroshot,Personal Care and Style,2,1180360,1180807
4573,10195,wikihow~16794,zeroshot,Personal Care and Style,1,1180809,1181174
4574,10196,wikihow~16795,indomain,Food and Entertaining,1,1181176,1181527
4575,10204,wikihow~16807,zeroshot,Personal Care and Style,1,1181529,1181902
4576,10206,wikihow~16810,indomain,Work World,2,1181904,1182489
4577,10224,wikihow~16839,indomain,Computers and Electronics,1,1182491,1182873
4578,10236,wikihow~16861,zeroshot,Family Life,0,1182875,1183313
4579,10244,wikihow~16871,zeroshot,Family Life,1,1183315,1183674
4580,10246,wikihow~16873,indomain,Pets and Animals,3,1183676,1184032
4581,10252,wikihow~16885,zeroshot,Family Life,3,1184034,1184441
4582,10254,wikihow~16888,indomain,Health,3,1184443,1184929
4583,10267,wikihow~16904,zeroshot,Personal Care and Style,1,1184931,1185456
4584,10269,wikihow~16906,indomain,Computers and Electronics,2,1185458,1185939
4585,10271,wikihow~16910,indomain,Education and Communications,1,1185941,1186224
4586,10274,wikihow~16914,indomain,Finance and Business,1,1186226,1186793
4587,10277,wikihow~16919,zeroshot,Personal Care and Style,3,1186795,1187169
4588,10278,wikihow~16920,zeroshot,Personal Care and Style,1,1187171,1187585
4589,10295,wikihow~16947,indomain,Home and Garden,3,1187587,1188049
4590,10296,wikihow~16948,indomain,Work World,0,1188051,1188540
4591,10300,wikihow~16957,indomain,Food and Entertaining,1,1188542,1188905
4592,10306,wikihow~16964,zeroshot,Personal Care and Style,3,1188907,1189451
4593,10308,wikihow~16967,zeroshot,Personal Care and Style,2,1189453,1189921
4594,10309,wikihow~16969,zeroshot,Family Life,0,1189923,1190306
4595,10311,wikihow~16973,zeroshot,Personal Care and Style,2,1190308,1190850
4596,10318,wikihow~16990,zeroshot,Family Life,1,1190852,1191415
4597,10328,wikihow~17008,zeroshot,Personal Care and Style,0,1191417,1191784
4598,10331,wikihow~17014,indomain,Sports and Fitness,3,1191786,1192249
4599,10337,wikihow~17025,zeroshot,Personal Care and Style,0,1192251,1192757
4600,10338,wikihow~17026,indomain,Computers and Electronics,3,1192759,1193090
4601,10343,wikihow~17032,zeroshot,Personal Care and Style,2,1193092,1193595
4602,10344,wikihow~17033,zeroshot,Family Life,1,1193597,1194091
4603,10347,wikihow~17038,indomain,Home and Garden,1,1194093,1194363
4604,10349,wikihow~17040,zeroshot,Family Life,0,1194365,1194979
4605,10353,wikihow~17047,indomain,Finance and Business,1,1194981,1195496
4606,10359,wikihow~17062,indomain,Finance and Business,2,1195498,1196089
4607,10385,wikihow~17109,indomain,Work World,2,1196091,1196407
4608,10391,wikihow~17121,indomain,Sports and Fitness,2,1196409,1196960
4609,10399,wikihow~17134,indomain,Relationships,1,1196962,1197303
4610,10401,wikihow~17137,indomain,Food and Entertaining,1,1197305,1197682
4611,10414,wikihow~17155,indomain,Food and Entertaining,2,1197684,1198094
4612,10418,wikihow~17168,zeroshot,Personal Care and Style,3,1198096,1198503
4613,10423,wikihow~17178,zeroshot,Family Life,0,1198505,1198920
4614,10430,wikihow~17189,indomain,Work World,2,1198922,1199412
4615,10442,wikihow~17210,zeroshot,Personal Care and Style,1,1199414,1199991
4616,10448,wikihow~17217,zeroshot,Personal Care and Style,0,1199993,1200306
4617,10450,wikihow~17219,zeroshot,Personal Care and Style,0,1200308,1200655
4618,10461,wikihow~17239,zeroshot,Personal Care and Style,2,1200657,1201197
4619,10464,wikihow~17243,indomain,Work World,0,1201199,1201814
4620,10483,wikihow~17275,indomain,Food and Entertaining,0,1201816,1202227
4621,10485,wikihow~17277,indomain,Sports and Fitness,1,1202229,1202514
4622,10489,wikihow~17282,zeroshot,Personal Care and Style,0,1202516,1203021
4623,10496,wikihow~17298,zeroshot,Personal Care and Style,1,1203023,1203497
4624,10508,wikihow~17314,indomain,Computers and Electronics,1,1203499,1204101
4625,10511,wikihow~17317,zeroshot,Personal Care and Style,0,1204103,1204666
4626,10512,wikihow~17318,indomain,Education and Communications,2,1204668,1205211
4627,10518,wikihow~17327,zeroshot,Personal Care and Style,2,1205213,1205812
4628,10519,wikihow~17328,zeroshot,Personal Care and Style,1,1205814,1206218
4629,10534,wikihow~17350,indomain,Education and Communications,3,1206220,1206638
4630,10542,wikihow~17362,indomain,Computers and Electronics,0,1206640,1207189
4631,10551,wikihow~17381,indomain,Finance and Business,1,1207191,1207608
4632,10553,wikihow~17384,indomain,Health,2,1207610,1208077
4633,10557,wikihow~17390,zeroshot,Personal Care and Style,2,1208079,1208606
4634,10559,wikihow~17395,indomain,Health,1,1208608,1209038
4635,10586,wikihow~17434,zeroshot,Personal Care and Style,3,1209040,1209423
4636,10587,wikihow~17435,indomain,Relationships,0,1209425,1209941
4637,10593,wikihow~17444,indomain,Work World,0,1209943,1210559
4638,10605,wikihow~17465,indomain,Health,0,1210561,1210953
4639,10606,wikihow~17466,zeroshot,Personal Care and Style,1,1210955,1211383
4640,10624,wikihow~17492,indomain,Food and Entertaining,2,1211385,1211920
4641,10627,wikihow~17495,indomain,Health,0,1211922,1212345
4642,10641,wikihow~17511,indomain,Youth,0,1212347,1212690
4643,10671,wikihow~17564,indomain,Computers and Electronics,0,1212692,1213242
4644,10673,wikihow~17567,zeroshot,Personal Care and Style,2,1213244,1213631
4645,10681,wikihow~17582,indomain,Work World,2,1213633,1214146
4646,10689,wikihow~17594,indomain,Work World,0,1214148,1214671
4647,10700,wikihow~17617,indomain,Youth,1,1214673,1214944
4648,10703,wikihow~17625,zeroshot,Family Life,0,1214946,1215363
4649,10713,wikihow~17639,indomain,Computers and Electronics,3,1215365,1215966
4650,10756,wikihow~17716,indomain,Sports and Fitness,1,1215968,1216385
4651,10757,wikihow~17720,indomain,Relationships,1,1216387,1216885
4652,10758,wikihow~17722,zeroshot,Personal Care and Style,1,1216887,1217242
4653,10772,wikihow~17746,indomain,Food and Entertaining,3,1217244,1217685
4654,10777,wikihow~17757,zeroshot,Personal Care and Style,3,1217687,1218101
4655,10792,wikihow~17782,indomain,Food and Entertaining,1,1218103,1218493
4656,10794,wikihow~17785,zeroshot,Personal Care and Style,0,1218495,1218977
4657,10796,wikihow~17787,zeroshot,Family Life,0,1218979,1219526
4658,10810,wikihow~17807,zeroshot,Personal Care and Style,1,1219528,1219975
4659,10820,wikihow~17824,zeroshot,Personal Care and Style,1,1219977,1220389
4660,10830,wikihow~17841,indomain,Computers and Electronics,1,1220391,1220722
4661,10846,wikihow~17864,zeroshot,Family Life,1,1220724,1221329
4662,10855,wikihow~17877,indomain,Home and Garden,3,1221331,1221789
4663,10870,wikihow~17903,zeroshot,Personal Care and Style,1,1221791,1222110
4664,10893,wikihow~17948,zeroshot,Personal Care and Style,0,1222112,1222460
4665,10901,wikihow~17961,zeroshot,Personal Care and Style,3,1222462,1222912
4666,10910,wikihow~17973,indomain,Relationships,2,1222914,1223262
4667,10915,wikihow~17985,zeroshot,Personal Care and Style,1,1223264,1223581
4668,10923,wikihow~17997,indomain,Finance and Business,1,1223583,1224058
4669,10928,wikihow~18005,indomain,Computers and Electronics,1,1224060,1224597
4670,10938,wikihow~18029,zeroshot,Personal Care and Style,3,1224599,1225117
4671,10962,wikihow~18068,zeroshot,Family Life,1,1225119,1225498
4672,10967,wikihow~18079,zeroshot,Family Life,2,1225500,1226055
4673,10969,wikihow~18083,indomain,Health,0,1226057,1226482
4674,10979,wikihow~18098,indomain,Sports and Fitness,3,1226484,1226883
4675,10981,wikihow~18106,zeroshot,Personal Care and Style,1,1226885,1227269
4676,10987,wikihow~18113,zeroshot,Personal Care and Style,0,1227271,1227723
4677,11004,wikihow~18143,indomain,Computers and Electronics,0,1227725,1228166
4678,11008,wikihow~18150,indomain,Education and Communications,1,1228168,1228694
4679,11032,wikihow~18184,zeroshot,Personal Care and Style,3,1228696,1229203
4680,11050,wikihow~18215,indomain,Home and Garden,1,1229205,1229712
4681,11065,wikihow~18240,indomain,Computers and Electronics,0,1229714,1230196
4682,11067,wikihow~18242,indomain,Work World,3,1230198,1230715
4683,11068,wikihow~18245,indomain,Food and Entertaining,2,1230717,1231255
4684,11094,wikihow~18292,zeroshot,Personal Care and Style,0,1231257,1231703
4685,11096,wikihow~18299,indomain,Computers and Electronics,3,1231705,1232319
4686,11099,wikihow~18305,zeroshot,Personal Care and Style,3,1232321,1232699
4687,11101,wikihow~18313,indomain,Relationships,2,1232701,1233297
4688,11116,wikihow~18338,indomain,Food and Entertaining,2,1233299,1233696
4689,11125,wikihow~18354,indomain,Food and Entertaining,2,1233698,1234040
4690,11132,wikihow~18370,zeroshot,Personal Care and Style,0,1234042,1234402
4691,11135,wikihow~18376,indomain,Health,2,1234404,1235021
4692,11156,wikihow~18410,indomain,Pets and Animals,3,1235023,1235572
4693,11159,wikihow~18417,zeroshot,Personal Care and Style,2,1235574,1236037
4694,11162,wikihow~18421,indomain,Home and Garden,2,1236039,1236458
4695,11185,wikihow~18464,indomain,Pets and Animals,2,1236460,1236949
4696,11193,wikihow~18475,zeroshot,Personal Care and Style,1,1236951,1237480
4697,11197,wikihow~18481,indomain,Food and Entertaining,0,1237482,1237953
4698,11206,wikihow~18496,zeroshot,Personal Care and Style,3,1237955,1238418
4699,11215,wikihow~18510,zeroshot,Personal Care and Style,1,1238420,1238812
4700,11216,wikihow~18513,indomain,Home and Garden,2,1238814,1239220
4701,11241,wikihow~18553,zeroshot,Family Life,0,1239222,1239779
4702,11242,wikihow~18555,indomain,Work World,1,1239781,1240136
4703,11243,wikihow~18557,indomain,Finance and Business,3,1240138,1240534
4704,11244,wikihow~18558,zeroshot,Family Life,2,1240536,1241082
4705,11245,wikihow~18560,zeroshot,Personal Care and Style,1,1241084,1241401
4706,11254,wikihow~18572,indomain,Food and Entertaining,0,1241403,1241906
4707,11271,wikihow~18595,indomain,Health,3,1241908,1242307
4708,11274,wikihow~18600,zeroshot,Personal Care and Style,3,1242309,1242786
4709,11289,wikihow~18617,indomain,Food and Entertaining,2,1242788,1243119
4710,11294,wikihow~18634,indomain,Home and Garden,0,1243121,1243672
4711,11300,wikihow~18644,indomain,Home and Garden,2,1243674,1244152
4712,11302,wikihow~18646,zeroshot,Family Life,1,1244154,1244683
4713,11307,wikihow~18654,zeroshot,Personal Care and Style,0,1244685,1245159
4714,11310,wikihow~18658,zeroshot,Personal Care and Style,1,1245161,1245641
4715,11312,wikihow~18660,zeroshot,Personal Care and Style,3,1245643,1246021
4716,11319,wikihow~18669,indomain,Food and Entertaining,3,1246023,1246424
4717,11322,wikihow~18676,indomain,Pets and Animals,3,1246426,1246906
4718,11327,wikihow~18686,indomain,Sports and Fitness,3,1246908,1247379
4719,11336,wikihow~18702,indomain,Home and Garden,2,1247381,1247938
4720,11367,wikihow~18749,zeroshot,Family Life,1,1247940,1248306
4721,11377,wikihow~18763,zeroshot,Personal Care and Style,3,1248308,1248633
4722,11383,wikihow~18775,zeroshot,Personal Care and Style,3,1248635,1249163
4723,11389,wikihow~18785,indomain,Food and Entertaining,3,1249165,1249461
4724,11391,wikihow~18788,indomain,Food and Entertaining,2,1249463,1250030
4725,11394,wikihow~18792,zeroshot,Personal Care and Style,3,1250032,1250493
4726,11397,wikihow~18796,zeroshot,Family Life,0,1250495,1250925
4727,11403,wikihow~18809,indomain,Food and Entertaining,3,1250927,1251396
4728,11406,wikihow~18813,indomain,Relationships,2,1251398,1251775
4729,11408,wikihow~18815,indomain,Work World,1,1251777,1252277
4730,11409,wikihow~18816,indomain,Holidays and Traditions,2,1252279,1252706
4731,11417,wikihow~18828,zeroshot,Personal Care and Style,2,1252708,1253074
4732,11438,wikihow~18864,zeroshot,Personal Care and Style,1,1253076,1253506
4733,11441,wikihow~18869,indomain,Travel,2,1253508,1253971
4734,11450,wikihow~18885,zeroshot,Family Life,0,1253973,1254480
4735,11473,wikihow~18929,zeroshot,Family Life,1,1254482,1254919
4736,11489,wikihow~18953,zeroshot,Personal Care and Style,1,1254921,1255327
4737,11492,wikihow~18961,zeroshot,Personal Care and Style,2,1255329,1255709
4738,11494,wikihow~18963,indomain,Food and Entertaining,0,1255711,1256272
4739,11497,wikihow~18970,zeroshot,Personal Care and Style,2,1256274,1256844
4740,11500,wikihow~18973,indomain,Sports and Fitness,3,1256846,1257313
4741,11502,wikihow~18976,indomain,Home and Garden,3,1257315,1257857
4742,11510,wikihow~18989,zeroshot,Personal Care and Style,2,1257859,1258372
4743,11512,wikihow~18992,indomain,Computers and Electronics,2,1258374,1258796
4744,11514,wikihow~18994,indomain,Computers and Electronics,0,1258798,1259300
4745,11517,wikihow~18997,zeroshot,Family Life,2,1259302,1259806
4746,11520,wikihow~19005,zeroshot,Personal Care and Style,2,1259808,1260198
4747,11523,wikihow~19009,indomain,Food and Entertaining,2,1260200,1260586
4748,11529,wikihow~19018,zeroshot,Personal Care and Style,3,1260588,1261080
4749,11531,wikihow~19021,zeroshot,Personal Care and Style,1,1261082,1261460
4750,11540,wikihow~19037,indomain,Health,0,1261462,1261872
4751,11542,wikihow~19039,indomain,Health,2,1261874,1262303
4752,11546,wikihow~19045,zeroshot,Family Life,2,1262305,1262721
4753,11563,wikihow~19072,indomain,Youth,0,1262723,1263038
4754,11565,wikihow~19074,indomain,Home and Garden,3,1263040,1263486
4755,11568,wikihow~19077,indomain,Pets and Animals,2,1263488,1263862
4756,11575,wikihow~19088,zeroshot,Personal Care and Style,3,1263864,1264376
4757,11583,wikihow~19099,indomain,Computers and Electronics,0,1264378,1264832
4758,11585,wikihow~19101,zeroshot,Personal Care and Style,0,1264834,1265168
4759,11589,wikihow~19108,indomain,Health,3,1265170,1265696
4760,11592,wikihow~19112,zeroshot,Personal Care and Style,2,1265698,1266155
4761,11607,wikihow~19134,zeroshot,Personal Care and Style,0,1266157,1266568
4762,11608,wikihow~19135,indomain,Relationships,2,1266570,1266977
4763,11609,wikihow~19136,indomain,Computers and Electronics,1,1266979,1267486
4764,11614,wikihow~19141,zeroshot,Personal Care and Style,0,1267488,1267975
4765,11632,wikihow~19175,indomain,Finance and Business,2,1267977,1268340
4766,11644,wikihow~19203,zeroshot,Personal Care and Style,0,1268342,1268858
4767,11650,wikihow~19212,zeroshot,Personal Care and Style,1,1268860,1269273
4768,11663,wikihow~19229,indomain,Pets and Animals,3,1269275,1269797
4769,11673,wikihow~19246,zeroshot,Personal Care and Style,1,1269799,1270281
4770,11688,wikihow~19273,zeroshot,Personal Care and Style,0,1270283,1270625
4771,11708,wikihow~19316,zeroshot,Family Life,2,1270627,1271093
4772,11711,wikihow~19321,indomain,Relationships,1,1271095,1271651
4773,11725,wikihow~19347,zeroshot,Personal Care and Style,2,1271653,1272202
4774,11729,wikihow~19354,zeroshot,Personal Care and Style,1,1272204,1272550
4775,11731,wikihow~19357,zeroshot,Family Life,3,1272552,1272881
4776,11737,wikihow~19366,indomain,Finance and Business,1,1272883,1273402
4777,11756,wikihow~19398,zeroshot,Personal Care and Style,0,1273404,1273793
4778,11760,wikihow~19403,zeroshot,Family Life,2,1273795,1274277
4779,11775,wikihow~19425,zeroshot,Personal Care and Style,2,1274279,1274722
4780,11777,wikihow~19430,zeroshot,Personal Care and Style,0,1274724,1275313
4781,11789,wikihow~19454,zeroshot,Personal Care and Style,3,1275315,1275760
4782,11797,wikihow~19465,zeroshot,Personal Care and Style,2,1275762,1276197
4783,11799,wikihow~19469,indomain,Pets and Animals,3,1276199,1276635
4784,11806,wikihow~19482,indomain,Food and Entertaining,1,1276637,1277129
4785,11810,wikihow~19489,zeroshot,Personal Care and Style,1,1277131,1277677
4786,11834,wikihow~19525,zeroshot,Family Life,2,1277679,1278083
4787,11843,wikihow~19543,indomain,Youth,2,1278085,1278546
4788,11847,wikihow~19551,zeroshot,Personal Care and Style,0,1278548,1279054
4789,11848,wikihow~19552,zeroshot,Family Life,2,1279056,1279628
4790,11853,wikihow~19558,indomain,Pets and Animals,2,1279630,1280189
4791,11857,wikihow~19562,zeroshot,Personal Care and Style,1,1280191,1280645
4792,11858,wikihow~19563,zeroshot,Family Life,1,1280647,1281047
4793,11863,wikihow~19570,zeroshot,Personal Care and Style,2,1281049,1281503
4794,11866,wikihow~19574,zeroshot,Personal Care and Style,3,1281505,1281945
4795,11868,wikihow~19579,zeroshot,Family Life,1,1281947,1282520
4796,11877,wikihow~19595,indomain,Computers and Electronics,1,1282522,1282972
4797,11889,wikihow~19619,zeroshot,Personal Care and Style,2,1282974,1283403
4798,11896,wikihow~19631,zeroshot,Personal Care and Style,3,1283405,1283822
4799,11909,wikihow~19647,zeroshot,Personal Care and Style,2,1283824,1284284
4800,11924,wikihow~19668,indomain,Computers and Electronics,0,1284286,1284858
4801,11933,wikihow~19685,zeroshot,Personal Care and Style,3,1284860,1285288
4802,11934,wikihow~19686,zeroshot,Personal Care and Style,3,1285290,1285643
4803,11944,wikihow~19699,indomain,Computers and Electronics,0,1285645,1286082
4804,11975,wikihow~19749,indomain,Home and Garden,2,1286084,1286508
4805,11978,wikihow~19754,zeroshot,Personal Care and Style,3,1286510,1287028
4806,11980,wikihow~19757,zeroshot,Family Life,0,1287030,1287443
4807,12005,wikihow~19805,zeroshot,Personal Care and Style,0,1287445,1288009
4808,12006,wikihow~19806,zeroshot,Personal Care and Style,3,1288011,1288369
4809,12017,wikihow~19822,indomain,Philosophy and Religion,2,1288371,1288871
4810,12020,wikihow~19825,indomain,Travel,0,1288873,1289355
4811,12021,wikihow~19826,zeroshot,Personal Care and Style,0,1289357,1289925
4812,12037,wikihow~19850,indomain,Finance and Business,2,1289927,1290215
4813,12045,wikihow~19864,zeroshot,Personal Care and Style,0,1290217,1290598
4814,12048,wikihow~19867,zeroshot,Family Life,2,1290600,1291234
4815,12053,wikihow~19873,zeroshot,Family Life,2,1291236,1291773
4816,12065,wikihow~19892,zeroshot,Family Life,3,1291775,1292269
4817,12079,wikihow~19913,zeroshot,Personal Care and Style,3,1292271,1292685
4818,12091,wikihow~19933,zeroshot,Personal Care and Style,0,1292687,1293072
4819,12101,wikihow~19954,indomain,Home and Garden,0,1293074,1293353
4820,12102,wikihow~19955,zeroshot,Family Life,0,1293355,1293903
4821,12107,wikihow~19963,indomain,Food and Entertaining,1,1293905,1294420
4822,12110,wikihow~19970,indomain,Sports and Fitness,1,1294422,1294942
4823,12113,wikihow~19975,zeroshot,Family Life,1,1294944,1295309
4824,12119,wikihow~19988,indomain,Computers and Electronics,0,1295311,1295805
4825,12120,wikihow~19990,indomain,Home and Garden,0,1295807,1296358
4826,12125,wikihow~20005,indomain,Computers and Electronics,2,1296360,1296808
4827,12127,wikihow~20007,zeroshot,Personal Care and Style,3,1296810,1297341
4828,12134,wikihow~20021,indomain,Health,2,1297343,1297751
4829,12145,wikihow~20036,indomain,Home and Garden,3,1297753,1298088
4830,12147,wikihow~20040,indomain,Pets and Animals,1,1298090,1298522
4831,12150,wikihow~20043,indomain,Work World,3,1298524,1299049
4832,12154,wikihow~20047,indomain,Computers and Electronics,3,1299051,1299413
4833,12162,wikihow~20064,zeroshot,Family Life,1,1299415,1299865
4834,12175,wikihow~20091,indomain,Computers and Electronics,2,1299867,1300500
4835,12179,wikihow~20098,zeroshot,Personal Care and Style,0,1300502,1301052
4836,12182,wikihow~20102,zeroshot,Personal Care and Style,3,1301054,1301478
4837,12184,wikihow~20104,indomain,Finance and Business,1,1301480,1301914
4838,12189,wikihow~20112,zeroshot,Personal Care and Style,0,1301916,1302297
4839,12198,wikihow~20128,indomain,Sports and Fitness,2,1302299,1302601
4840,12201,wikihow~20136,zeroshot,Personal Care and Style,1,1302603,1303021
4841,12205,wikihow~20140,zeroshot,Personal Care and Style,0,1303023,1303553
4842,12209,wikihow~20147,zeroshot,Personal Care and Style,1,1303555,1304172
4843,12230,wikihow~20188,zeroshot,Family Life,0,1304174,1304546
4844,12246,wikihow~20213,indomain,Computers and Electronics,1,1304548,1304939
4845,12247,wikihow~20218,zeroshot,Family Life,0,1304941,1305308
4846,12251,wikihow~20224,indomain,Sports and Fitness,1,1305310,1305674
4847,12264,wikihow~20250,zeroshot,Personal Care and Style,3,1305676,1305975
4848,12268,wikihow~20257,indomain,Relationships,0,1305977,1306398
4849,12274,wikihow~20266,indomain,Cars & Other Vehicles,2,1306400,1306759
4850,12275,wikihow~20267,zeroshot,Personal Care and Style,0,1306761,1307222
4851,12278,wikihow~20272,zeroshot,Family Life,0,1307224,1307705
4852,12285,wikihow~20281,indomain,Health,0,1307707,1308131
4853,12295,wikihow~20297,indomain,Health,1,1308133,1308493
4854,12306,wikihow~20310,zeroshot,Personal Care and Style,3,1308495,1308983
4855,12310,wikihow~20316,zeroshot,Personal Care and Style,3,1308985,1309463
4856,12314,wikihow~20327,zeroshot,Personal Care and Style,1,1309465,1309994
4857,12315,wikihow~20329,zeroshot,Personal Care and Style,2,1309996,1310444
4858,12317,wikihow~20332,zeroshot,Personal Care and Style,3,1310446,1310872
4859,12333,wikihow~20365,indomain,Food and Entertaining,3,1310874,1311269
4860,12335,wikihow~20368,indomain,Home and Garden,0,1311271,1311699
4861,12343,wikihow~20384,indomain,Relationships,1,1311701,1312158
4862,12346,wikihow~20388,zeroshot,Personal Care and Style,2,1312160,1312685
4863,12347,wikihow~20389,indomain,Computers and Electronics,3,1312687,1313152
4864,12365,wikihow~20418,indomain,Education and Communications,2,1313154,1313670
4865,12373,wikihow~20427,zeroshot,Personal Care and Style,1,1313672,1314168
4866,12377,wikihow~20436,zeroshot,Personal Care and Style,1,1314170,1314534
4867,12379,wikihow~20443,indomain,Health,3,1314536,1314889
4868,12385,wikihow~20451,zeroshot,Personal Care and Style,2,1314891,1315309
4869,12386,wikihow~20452,zeroshot,Personal Care and Style,1,1315311,1315720
4870,12393,wikihow~20465,indomain,Food and Entertaining,1,1315722,1316317
4871,12394,wikihow~20468,zeroshot,Personal Care and Style,3,1316319,1316709
4872,12400,wikihow~20475,zeroshot,Personal Care and Style,1,1316711,1317173
4873,12403,wikihow~20479,indomain,Health,2,1317175,1317566
4874,12406,wikihow~20484,indomain,Food and Entertaining,1,1317568,1317990
4875,12408,wikihow~20488,zeroshot,Personal Care and Style,1,1317992,1318483
4876,12414,wikihow~20496,indomain,Holidays and Traditions,1,1318485,1318902
4877,12415,wikihow~20498,zeroshot,Personal Care and Style,1,1318904,1319280
4878,12423,wikihow~20516,zeroshot,Family Life,1,1319282,1319674
4879,12432,wikihow~20529,indomain,Computers and Electronics,2,1319676,1320136
4880,12434,wikihow~20534,indomain,Food and Entertaining,3,1320138,1320578
4881,12448,wikihow~20562,zeroshot,Personal Care and Style,2,1320580,1320979
4882,12451,wikihow~20566,indomain,Food and Entertaining,2,1320981,1321306
4883,12460,wikihow~20586,indomain,Food and Entertaining,1,1321308,1321779
4884,12463,wikihow~20590,zeroshot,Personal Care and Style,0,1321781,1322335
4885,12471,wikihow~20601,indomain,Relationships,0,1322337,1322849
4886,12473,wikihow~20603,zeroshot,Personal Care and Style,1,1322851,1323396
4887,12477,wikihow~20610,zeroshot,Personal Care and Style,2,1323398,1323811
4888,12481,wikihow~20619,indomain,Food and Entertaining,1,1323813,1324208
4889,12482,wikihow~20621,zeroshot,Family Life,1,1324210,1324656
4890,12488,wikihow~20630,zeroshot,Personal Care and Style,2,1324658,1325130
4891,12492,wikihow~20635,indomain,Food and Entertaining,1,1325132,1325508
4892,12495,wikihow~20639,zeroshot,Personal Care and Style,0,1325510,1326092
4893,12504,wikihow~20659,indomain,Finance and Business,2,1326094,1326648
4894,12509,wikihow~20666,indomain,Health,2,1326650,1327155
4895,12516,wikihow~20678,indomain,Pets and Animals,0,1327157,1327719
4896,12517,wikihow~20679,indomain,Sports and Fitness,2,1327721,1328067
4897,12522,wikihow~20688,indomain,Home and Garden,3,1328069,1328547
4898,12524,wikihow~20700,indomain,Computers and Electronics,1,1328549,1328984
4899,12540,wikihow~20730,zeroshot,Personal Care and Style,1,1328986,1329346
4900,12545,wikihow~20736,indomain,Health,2,1329348,1329816
4901,12546,wikihow~20738,zeroshot,Personal Care and Style,0,1329818,1330352
4902,12547,wikihow~20739,indomain,Travel,0,1330354,1330816
4903,12554,wikihow~20753,zeroshot,Family Life,1,1330818,1331374
4904,12579,wikihow~20798,indomain,Pets and Animals,0,1331376,1331776
4905,12583,wikihow~20804,zeroshot,Personal Care and Style,3,1331778,1332175
4906,12585,wikihow~20809,indomain,Food and Entertaining,0,1332177,1332580
4907,12591,wikihow~20823,indomain,Home and Garden,1,1332582,1333034
4908,12594,wikihow~20828,zeroshot,Personal Care and Style,2,1333036,1333443
4909,12597,wikihow~20831,zeroshot,Family Life,1,1333445,1333913
4910,12608,wikihow~20856,zeroshot,Family Life,1,1333915,1334410
4911,12611,wikihow~20859,indomain,Finance and Business,2,1334412,1334965
4912,12619,wikihow~20871,zeroshot,Family Life,2,1334967,1335463
4913,12622,wikihow~20878,zeroshot,Personal Care and Style,2,1335465,1335998
4914,12628,wikihow~20885,zeroshot,Personal Care and Style,2,1336000,1336447
4915,12630,wikihow~20887,zeroshot,Family Life,2,1336449,1336852
4916,12637,wikihow~20897,indomain,Education and Communications,3,1336854,1337423
4917,12644,wikihow~20909,zeroshot,Personal Care and Style,3,1337425,1337802
4918,12650,wikihow~20919,zeroshot,Personal Care and Style,3,1337804,1338286
4919,12658,wikihow~20933,indomain,Health,0,1338288,1338704
4920,12662,wikihow~20940,zeroshot,Personal Care and Style,1,1338706,1339179
4921,12672,wikihow~20966,zeroshot,Personal Care and Style,2,1339181,1339547
4922,12674,wikihow~20969,indomain,Relationships,3,1339549,1340095
4923,12675,wikihow~20973,zeroshot,Family Life,1,1340097,1340710
4924,12676,wikihow~20976,zeroshot,Personal Care and Style,0,1340712,1341209
4925,12681,wikihow~20982,indomain,Food and Entertaining,1,1341211,1341620
4926,12684,wikihow~20987,zeroshot,Personal Care and Style,3,1341622,1342196
4927,12686,wikihow~20989,indomain,Health,0,1342198,1342564
4928,12687,wikihow~20990,zeroshot,Family Life,0,1342566,1342992
4929,12694,wikihow~21003,zeroshot,Personal Care and Style,2,1342994,1343487
4930,12696,wikihow~21007,zeroshot,Personal Care and Style,3,1343489,1343920
4931,12697,wikihow~21008,indomain,Youth,1,1343922,1344457
4932,12701,wikihow~21012,indomain,Education and Communications,3,1344459,1344912
4933,12720,wikihow~21037,zeroshot,Personal Care and Style,1,1344914,1345385
4934,12727,wikihow~21048,zeroshot,Personal Care and Style,1,1345387,1345731
4935,12737,wikihow~21061,zeroshot,Family Life,1,1345733,1346185
4936,12745,wikihow~21079,zeroshot,Personal Care and Style,1,1346187,1346618
4937,12746,wikihow~21081,zeroshot,Personal Care and Style,1,1346620,1346989
4938,12764,wikihow~21115,indomain,Pets and Animals,2,1346991,1347491
4939,12772,wikihow~21133,indomain,Cars & Other Vehicles,3,1347493,1347934
4940,12785,wikihow~21151,zeroshot,Family Life,0,1347936,1348465
4941,12820,wikihow~21216,zeroshot,Personal Care and Style,3,1348467,1348857
4942,12827,wikihow~21228,indomain,Relationships,2,1348859,1349226
4943,12840,wikihow~21243,zeroshot,Family Life,3,1349228,1349605
4944,12843,wikihow~21247,zeroshot,Personal Care and Style,0,1349607,1350010
4945,12850,wikihow~21255,zeroshot,Personal Care and Style,3,1350012,1350422
4946,12852,wikihow~21257,indomain,Home and Garden,2,1350424,1350767
4947,12856,wikihow~21270,zeroshot,Personal Care and Style,3,1350769,1351257
4948,12862,wikihow~21276,zeroshot,Personal Care and Style,2,1351259,1351741
4949,12865,wikihow~21281,zeroshot,Personal Care and Style,1,1351743,1352181
4950,12878,wikihow~21302,zeroshot,Family Life,3,1352183,1352714
4951,12880,wikihow~21304,zeroshot,Personal Care and Style,3,1352716,1353093
4952,12881,wikihow~21305,indomain,Food and Entertaining,2,1353095,1353497
4953,12884,wikihow~21310,zeroshot,Personal Care and Style,0,1353499,1353941
4954,12887,wikihow~21314,zeroshot,Personal Care and Style,2,1353943,1354281
4955,12891,wikihow~21319,indomain,Home and Garden,1,1354283,1354849
4956,12904,wikihow~21350,zeroshot,Personal Care and Style,1,1354851,1355407
4957,12909,wikihow~21356,zeroshot,Personal Care and Style,2,1355409,1355874
4958,12914,wikihow~21365,indomain,Education and Communications,2,1355876,1356291
4959,12915,wikihow~21367,indomain,Home and Garden,0,1356293,1356775
4960,12916,wikihow~21368,indomain,Sports and Fitness,1,1356777,1357083
4961,12921,wikihow~21379,indomain,Cars & Other Vehicles,0,1357085,1357673
4962,12925,wikihow~21387,zeroshot,Personal Care and Style,0,1357675,1358091
4963,12930,wikihow~21395,zeroshot,Personal Care and Style,1,1358093,1358488
4964,12940,wikihow~21418,zeroshot,Personal Care and Style,1,1358490,1358918
4965,12949,wikihow~21437,zeroshot,Family Life,2,1358920,1359519
4966,12955,wikihow~21446,zeroshot,Family Life,1,1359521,1359913
4967,12957,wikihow~21449,zeroshot,Family Life,0,1359915,1360370
4968,12959,wikihow~21451,zeroshot,Family Life,0,1360372,1361002
4969,12965,wikihow~21459,zeroshot,Personal Care and Style,2,1361004,1361555
4970,12979,wikihow~21477,indomain,Holidays and Traditions,1,1361557,1362013
4971,12984,wikihow~21484,indomain,Home and Garden,1,1362015,1362379
4972,13004,wikihow~21521,zeroshot,Personal Care and Style,1,1362381,1362799
4973,13010,wikihow~21529,indomain,Food and Entertaining,2,1362801,1363099
4974,13015,wikihow~21541,indomain,Health,0,1363101,1363467
4975,13024,wikihow~21560,indomain,Health,0,1363469,1363987
4976,13031,wikihow~21572,zeroshot,Personal Care and Style,2,1363989,1364391
4977,13034,wikihow~21578,indomain,Health,2,1364393,1364835
4978,13038,wikihow~21584,indomain,Food and Entertaining,2,1364837,1365176
4979,13040,wikihow~21586,indomain,Pets and Animals,0,1365178,1365568
4980,13060,wikihow~21617,indomain,Relationships,3,1365570,1366051
4981,13065,wikihow~21625,indomain,Health,0,1366053,1366585
4982,13082,wikihow~21649,indomain,Pets and Animals,1,1366587,1366936
4983,13088,wikihow~21659,zeroshot,Family Life,3,1366938,1367512
4984,13097,wikihow~21679,indomain,Food and Entertaining,0,1367514,1368060
4985,13103,wikihow~21693,zeroshot,Personal Care and Style,3,1368062,1368362
4986,13119,wikihow~21714,zeroshot,Family Life,1,1368364,1368799
4987,13139,wikihow~21750,zeroshot,Family Life,1,1368801,1369380
4988,13146,wikihow~21767,zeroshot,Family Life,0,1369382,1369893
4989,13167,wikihow~21798,indomain,Finance and Business,2,1369895,1370319
4990,13174,wikihow~21812,zeroshot,Personal Care and Style,0,1370321,1370839
4991,13188,wikihow~21831,zeroshot,Personal Care and Style,2,1370841,1371302
4992,13192,wikihow~21838,indomain,Youth,3,1371304,1371695
4993,13197,wikihow~21847,indomain,Computers and Electronics,0,1371697,1372122
4994,13202,wikihow~21860,zeroshot,Personal Care and Style,0,1372124,1372652
4995,13204,wikihow~21864,indomain,Pets and Animals,1,1372654,1373113
4996,13207,wikihow~21868,zeroshot,Personal Care and Style,1,1373115,1373636
4997,13209,wikihow~21870,indomain,Food and Entertaining,2,1373638,1373992
4998,13220,wikihow~21893,indomain,Sports and Fitness,1,1373994,1374396
4999,13237,wikihow~21932,indomain,Health,0,1374398,1374791
5000,13249,wikihow~21950,zeroshot,Personal Care and Style,1,1374793,1375374
5001,13250,wikihow~21952,indomain,Youth,3,1375376,1375856
5002,13251,wikihow~21954,indomain,Computers and Electronics,2,1375858,1376400
5003,13274,wikihow~21991,zeroshot,Family Life,1,1376402,1376909
5004,13280,wikihow~22009,zeroshot,Family Life,1,1376911,1377469
5005,13290,wikihow~22024,zeroshot,Personal Care and Style,2,1377471,1377959
5006,13291,wikihow~22025,zeroshot,Personal Care and Style,3,1377961,1378424
5007,13309,wikihow~22063,zeroshot,Personal Care and Style,0,1378426,1378827
5008,13310,wikihow~22065,zeroshot,Family Life,2,1378829,1379224
5009,13315,wikihow~22073,indomain,Health,0,1379226,1379670
5010,13316,wikihow~22075,indomain,Youth,2,1379672,1380227
5011,13318,wikihow~22077,indomain,Home and Garden,0,1380229,1380572
5012,13320,wikihow~22081,indomain,Health,2,1380574,1381010
5013,13322,wikihow~22083,zeroshot,Personal Care and Style,2,1381012,1381552
5014,13324,wikihow~22088,indomain,Home and Garden,1,1381554,1382061
5015,13329,wikihow~22096,indomain,Computers and Electronics,0,1382063,1382354
5016,13336,wikihow~22108,zeroshot,Personal Care and Style,1,1382356,1382689
5017,13346,wikihow~22118,indomain,Home and Garden,2,1382691,1383099
5018,13348,wikihow~22120,indomain,Youth,2,1383101,1383576
5019,13355,wikihow~22131,zeroshot,Family Life,1,1383578,1384001
5020,13359,wikihow~22137,zeroshot,Personal Care and Style,2,1384003,1384605
5021,13364,wikihow~22145,zeroshot,Personal Care and Style,1,1384607,1385144
5022,13370,wikihow~22153,indomain,Pets and Animals,3,1385146,1385560
5023,13371,wikihow~22156,zeroshot,Family Life,1,1385562,1386131
5024,13402,wikihow~22207,indomain,Health,0,1386133,1386672
5025,13405,wikihow~22213,zeroshot,Personal Care and Style,2,1386674,1387102
5026,13407,wikihow~22220,zeroshot,Personal Care and Style,1,1387104,1387465
5027,13408,wikihow~22221,indomain,Home and Garden,0,1387467,1387955
5028,13411,wikihow~22225,indomain,Philosophy and Religion,1,1387957,1388357
5029,13416,wikihow~22233,zeroshot,Family Life,0,1388359,1388753
5030,13421,wikihow~22242,indomain,Relationships,2,1388755,1389264
5031,13422,wikihow~22243,zeroshot,Family Life,1,1389266,1389643
5032,13427,wikihow~22251,indomain,Cars & Other Vehicles,3,1389645,1390150
5033,13429,wikihow~22253,indomain,Finance and Business,0,1390152,1390699
5034,13432,wikihow~22258,zeroshot,Personal Care and Style,1,1390701,1391237
5035,13434,wikihow~22260,indomain,Relationships,1,1391239,1391714
5036,13435,wikihow~22261,indomain,Food and Entertaining,2,1391716,1392085
5037,13453,wikihow~22289,indomain,Finance and Business,1,1392087,1392593
5038,13455,wikihow~22291,zeroshot,Personal Care and Style,2,1392595,1393036
5039,13461,wikihow~22301,zeroshot,Personal Care and Style,3,1393038,1393571
5040,13466,wikihow~22307,zeroshot,Personal Care and Style,0,1393573,1394060
5041,13469,wikihow~22310,indomain,Youth,1,1394062,1394448
5042,13470,wikihow~22311,zeroshot,Personal Care and Style,1,1394450,1394850
5043,13479,wikihow~22325,indomain,Uncategorized,0,1394852,1395323
5044,13484,wikihow~22333,indomain,Work World,1,1395325,1395751
5045,13487,wikihow~22338,zeroshot,Personal Care and Style,1,1395753,1396318
5046,13490,wikihow~22341,indomain,Health,1,1396320,1396776
5047,13493,wikihow~22350,zeroshot,Family Life,0,1396778,1397224
5048,13511,wikihow~22379,zeroshot,Family Life,2,1397226,1397773
5049,13513,wikihow~22382,indomain,Finance and Business,2,1397775,1398253
5050,13514,wikihow~22383,zeroshot,Personal Care and Style,0,1398255,1398742
5051,13521,wikihow~22393,indomain,Youth,2,1398744,1399095
5052,13528,wikihow~22401,indomain,Pets and Animals,2,1399097,1399546
5053,13529,wikihow~22402,indomain,Pets and Animals,3,1399548,1399964
5054,13545,wikihow~22440,zeroshot,Personal Care and Style,2,1399966,1400584
5055,13548,wikihow~22444,zeroshot,Personal Care and Style,0,1400586,1400939
5056,13561,wikihow~22467,zeroshot,Personal Care and Style,1,1400941,1401386
5057,13563,wikihow~22469,zeroshot,Personal Care and Style,0,1401388,1401829
5058,13571,wikihow~22477,zeroshot,Personal Care and Style,1,1401831,1402183
5059,13579,wikihow~22490,zeroshot,Personal Care and Style,2,1402185,1402635
5060,13584,wikihow~22498,zeroshot,Personal Care and Style,0,1402637,1403175
5061,13588,wikihow~22505,zeroshot,Personal Care and Style,0,1403177,1403598
5062,13593,wikihow~22511,zeroshot,Personal Care and Style,3,1403600,1404094
5063,13599,wikihow~22517,indomain,Home and Garden,1,1404096,1404524
5064,13602,wikihow~22520,zeroshot,Personal Care and Style,2,1404526,1404928
5065,13613,wikihow~22534,indomain,Sports and Fitness,1,1404930,1405324
5066,13617,wikihow~22538,indomain,Pets and Animals,1,1405326,1405680
5067,13621,wikihow~22545,zeroshot,Personal Care and Style,2,1405682,1406229
5068,13629,wikihow~22556,zeroshot,Personal Care and Style,0,1406231,1406710
5069,13642,wikihow~22570,zeroshot,Family Life,2,1406712,1407229
5070,13649,wikihow~22580,indomain,Food and Entertaining,1,1407231,1407591
5071,13656,wikihow~22590,indomain,Youth,1,1407593,1408162
5072,13657,wikihow~22591,zeroshot,Personal Care and Style,1,1408164,1408781
5073,13664,wikihow~22602,indomain,Finance and Business,0,1408783,1409337
5074,13669,wikihow~22608,indomain,Education and Communications,1,1409339,1409750
5075,13672,wikihow~22612,zeroshot,Personal Care and Style,2,1409752,1410220
5076,13676,wikihow~22617,indomain,Health,0,1410222,1410680
5077,13679,wikihow~22620,zeroshot,Family Life,1,1410682,1411234
5078,13688,wikihow~22634,indomain,Work World,2,1411236,1411704
5079,13693,wikihow~22644,indomain,Computers and Electronics,1,1411706,1412215
5080,13711,wikihow~22676,zeroshot,Personal Care and Style,3,1412217,1412692
5081,13712,wikihow~22680,indomain,Health,1,1412694,1413148
5082,13715,wikihow~22684,indomain,Pets and Animals,3,1413150,1413629
5083,13724,wikihow~22695,zeroshot,Personal Care and Style,1,1413631,1414188
5084,13731,wikihow~22709,zeroshot,Personal Care and Style,0,1414190,1414748
5085,13732,wikihow~22711,indomain,Food and Entertaining,0,1414750,1415281
5086,13733,wikihow~22713,zeroshot,Personal Care and Style,2,1415283,1415661
5087,13736,wikihow~22719,indomain,Health,1,1415663,1416201
5088,13737,wikihow~22720,zeroshot,Personal Care and Style,3,1416203,1416699
5089,13739,wikihow~22722,zeroshot,Personal Care and Style,3,1416701,1417170
5090,13744,wikihow~22734,zeroshot,Personal Care and Style,3,1417172,1417666
5091,13790,wikihow~22810,zeroshot,Family Life,1,1417668,1418088
5092,13816,wikihow~22860,zeroshot,Family Life,2,1418090,1418488
5093,13823,wikihow~22872,zeroshot,Family Life,3,1418490,1418997
5094,13833,wikihow~22893,zeroshot,Personal Care and Style,3,1418999,1419516
5095,13842,wikihow~22909,indomain,Home and Garden,0,1419518,1419944
5096,13844,wikihow~22911,zeroshot,Personal Care and Style,2,1419946,1420381
5097,13853,wikihow~22922,indomain,Health,0,1420383,1420829
5098,13855,wikihow~22924,indomain,Home and Garden,1,1420831,1421374
5099,13856,wikihow~22925,zeroshot,Family Life,0,1421376,1421860
5100,13870,wikihow~22948,indomain,Education and Communications,3,1421862,1422253
5101,13872,wikihow~22952,indomain,Travel,3,1422255,1422778
5102,13881,wikihow~22967,indomain,Food and Entertaining,2,1422780,1423242
5103,13895,wikihow~22991,indomain,Education and Communications,3,1423244,1423692
5104,13898,wikihow~22995,zeroshot,Personal Care and Style,0,1423694,1424070
5105,13901,wikihow~23000,indomain,Food and Entertaining,2,1424072,1424627
5106,13902,wikihow~23004,zeroshot,Family Life,0,1424629,1425165
5107,13919,wikihow~23027,zeroshot,Family Life,1,1425167,1425666
5108,13921,wikihow~23031,indomain,Health,2,1425668,1426168
5109,13922,wikihow~23032,zeroshot,Personal Care and Style,2,1426170,1426546
5110,13923,wikihow~23034,zeroshot,Personal Care and Style,1,1426548,1427056
5111,13924,wikihow~23036,indomain,Education and Communications,2,1427058,1427558
5112,13950,wikihow~23089,indomain,Education and Communications,3,1427560,1427893
5113,13956,wikihow~23097,zeroshot,Personal Care and Style,3,1427895,1428288
5114,13961,wikihow~23108,indomain,Sports and Fitness,2,1428290,1428697
5115,13971,wikihow~23124,zeroshot,Family Life,3,1428699,1429118
5116,13982,wikihow~23140,indomain,Health,0,1429120,1429620
5117,13985,wikihow~23145,indomain,Work World,1,1429622,1430167
5118,13992,wikihow~23161,zeroshot,Family Life,1,1430169,1430572
5119,13994,wikihow~23164,zeroshot,Personal Care and Style,3,1430574,1431060
5120,14007,wikihow~23180,indomain,Food and Entertaining,1,1431062,1431459
5121,14018,wikihow~23199,indomain,Sports and Fitness,2,1431461,1431962
5122,14019,wikihow~23200,zeroshot,Personal Care and Style,2,1431964,1432317
5123,14020,wikihow~23202,zeroshot,Personal Care and Style,1,1432319,1432706
5124,14032,wikihow~23227,indomain,Computers and Electronics,3,1432708,1433117
5125,14037,wikihow~23233,zeroshot,Personal Care and Style,2,1433119,1433599
5126,14053,wikihow~23265,zeroshot,Family Life,3,1433601,1433949
5127,14061,wikihow~23275,indomain,Education and Communications,0,1433951,1434431
5128,14062,wikihow~23277,indomain,Education and Communications,1,1434433,1434886
5129,14068,wikihow~23284,indomain,Finance and Business,3,1434888,1435421
5130,14072,wikihow~23289,indomain,Computers and Electronics,1,1435423,1435918
5131,14083,wikihow~23305,indomain,Home and Garden,3,1435920,1436393
5132,14091,wikihow~23315,zeroshot,Personal Care and Style,3,1436395,1436952
5133,14109,wikihow~23338,zeroshot,Personal Care and Style,2,1436954,1437369
5134,14116,wikihow~23348,indomain,Health,2,1437371,1437989
5135,14121,wikihow~23356,indomain,Uncategorized,0,1437991,1438570
5136,14122,wikihow~23357,zeroshot,Personal Care and Style,1,1438572,1439088
5137,14134,wikihow~23377,indomain,Sports and Fitness,1,1439090,1439543
5138,14138,wikihow~23383,zeroshot,Personal Care and Style,1,1439545,1440013
5139,14143,wikihow~23390,indomain,Health,3,1440015,1440375
5140,14155,wikihow~23409,indomain,Computers and Electronics,0,1440377,1440983
5141,14156,wikihow~23410,indomain,Food and Entertaining,1,1440985,1441369
5142,14157,wikihow~23412,indomain,Food and Entertaining,1,1441371,1441781
5143,14161,wikihow~23416,zeroshot,Personal Care and Style,1,1441783,1442211
5144,14163,wikihow~23419,indomain,Education and Communications,3,1442213,1442679
5145,14184,wikihow~23450,indomain,Computers and Electronics,0,1442681,1442989
5146,14207,wikihow~23487,indomain,Food and Entertaining,3,1442991,1443340
5147,14220,wikihow~23510,indomain,Youth,1,1443342,1443836
5148,14223,wikihow~23515,indomain,Home and Garden,2,1443838,1444338
5149,14226,wikihow~23519,indomain,Education and Communications,3,1444340,1444704
5150,14227,wikihow~23524,indomain,Health,1,1444706,1445200
5151,14234,wikihow~23539,indomain,Food and Entertaining,0,1445202,1445693
5152,14236,wikihow~23544,zeroshot,Personal Care and Style,2,1445695,1446064
5153,14242,wikihow~23557,indomain,Computers and Electronics,2,1446066,1446551
5154,14263,wikihow~23592,indomain,Youth,3,1446553,1447133
5155,14266,wikihow~23595,zeroshot,Personal Care and Style,1,1447135,1447592
5156,14270,wikihow~23601,indomain,Home and Garden,3,1447594,1447984
5157,14277,wikihow~23614,zeroshot,Personal Care and Style,2,1447986,1448444
5158,14291,wikihow~23641,zeroshot,Personal Care and Style,2,1448446,1448887
5159,14300,wikihow~23655,indomain,Health,1,1448889,1449524
5160,14303,wikihow~23658,zeroshot,Personal Care and Style,1,1449526,1450106
5161,14306,wikihow~23661,indomain,Education and Communications,3,1450108,1450677
5162,14322,wikihow~23683,zeroshot,Personal Care and Style,3,1450679,1451234
5163,14327,wikihow~23691,indomain,Finance and Business,1,1451236,1451771
5164,14333,wikihow~23703,indomain,Education and Communications,2,1451773,1452183
5165,14347,wikihow~23723,zeroshot,Personal Care and Style,2,1452185,1452611
5166,14358,wikihow~23744,zeroshot,Family Life,0,1452613,1452956
5167,14374,wikihow~23767,indomain,Finance and Business,0,1452958,1453381
5168,14377,wikihow~23772,indomain,Home and Garden,2,1453383,1453943
5169,14388,wikihow~23787,indomain,Sports and Fitness,3,1453945,1454398
5170,14390,wikihow~23796,zeroshot,Personal Care and Style,2,1454400,1454875
5171,14395,wikihow~23803,zeroshot,Personal Care and Style,1,1454877,1455352
5172,14396,wikihow~23805,zeroshot,Family Life,1,1455354,1455855
5173,14402,wikihow~23817,indomain,Education and Communications,3,1455857,1456438
5174,14411,wikihow~23834,indomain,Finance and Business,3,1456440,1456966
5175,14416,wikihow~23841,indomain,Youth,1,1456968,1457538
5176,14432,wikihow~23865,zeroshot,Personal Care and Style,2,1457540,1457966
5177,14440,wikihow~23883,zeroshot,Personal Care and Style,2,1457968,1458400
5178,14441,wikihow~23885,indomain,Home and Garden,1,1458402,1458893
5179,14443,wikihow~23887,zeroshot,Personal Care and Style,1,1458895,1459404
5180,14447,wikihow~23900,zeroshot,Family Life,2,1459406,1459972
5181,14449,wikihow~23904,indomain,Philosophy and Religion,1,1459974,1460558
5182,14457,wikihow~23917,indomain,Sports and Fitness,2,1460560,1461046
5183,14463,wikihow~23924,zeroshot,Family Life,0,1461048,1461471
5184,14468,wikihow~23935,indomain,Home and Garden,3,1461473,1461876
5185,14472,wikihow~23940,zeroshot,Family Life,3,1461878,1462490
5186,14475,wikihow~23945,indomain,Computers and Electronics,0,1462492,1462907
5187,14481,wikihow~23954,zeroshot,Family Life,0,1462909,1463449
5188,14485,wikihow~23960,zeroshot,Personal Care and Style,0,1463451,1463800
5189,14487,wikihow~23962,zeroshot,Family Life,2,1463802,1464305
5190,14496,wikihow~23980,zeroshot,Family Life,1,1464307,1464715
5191,14503,wikihow~23991,zeroshot,Personal Care and Style,2,1464717,1465028
5192,14527,wikihow~24028,zeroshot,Family Life,2,1465030,1465411
5193,14530,wikihow~24035,indomain,Home and Garden,0,1465413,1465879
5194,14538,wikihow~24055,indomain,Pets and Animals,3,1465881,1466458
5195,14543,wikihow~24061,indomain,Food and Entertaining,2,1466460,1466864
5196,14544,wikihow~24062,zeroshot,Personal Care and Style,2,1466866,1467254
5197,14553,wikihow~24078,indomain,Health,3,1467256,1467701
5198,14554,wikihow~24080,zeroshot,Personal Care and Style,3,1467703,1468215
5199,14558,wikihow~24087,zeroshot,Personal Care and Style,3,1468217,1468574
5200,14565,wikihow~24100,zeroshot,Family Life,3,1468576,1469047
5201,14570,wikihow~24108,indomain,Home and Garden,3,1469049,1469492
5202,14579,wikihow~24123,zeroshot,Family Life,1,1469494,1469988
5203,14589,wikihow~24142,zeroshot,Personal Care and Style,2,1469990,1470358
5204,14591,wikihow~24144,zeroshot,Personal Care and Style,0,1470360,1470802
5205,14595,wikihow~24150,indomain,Home and Garden,0,1470804,1471333
5206,14597,wikihow~24154,indomain,Food and Entertaining,1,1471335,1471784
5207,14615,wikihow~24183,indomain,Work World,0,1471786,1472312
5208,14642,wikihow~24225,indomain,Home and Garden,2,1472314,1472682
5209,14644,wikihow~24227,zeroshot,Family Life,1,1472684,1473181
5210,14646,wikihow~24229,indomain,Pets and Animals,0,1473183,1473732
5211,14673,wikihow~24274,zeroshot,Personal Care and Style,3,1473734,1474103
5212,14676,wikihow~24278,indomain,Food and Entertaining,3,1474105,1474415
5213,14680,wikihow~24284,indomain,Health,2,1474417,1474863
5214,14682,wikihow~24286,indomain,Relationships,2,1474865,1475332
5215,14690,wikihow~24297,indomain,Pets and Animals,2,1475334,1475792
5216,14699,wikihow~24308,zeroshot,Personal Care and Style,1,1475794,1476099
5217,14712,wikihow~24326,zeroshot,Family Life,1,1476101,1476474
5218,14713,wikihow~24327,indomain,Uncategorized,0,1476476,1477006
5219,14720,wikihow~24338,zeroshot,Personal Care and Style,0,1477008,1477433
5220,14730,wikihow~24356,indomain,Food and Entertaining,0,1477435,1478000
5221,14731,wikihow~24362,indomain,Computers and Electronics,3,1478002,1478423
5222,14734,wikihow~24366,zeroshot,Personal Care and Style,1,1478425,1478878
5223,14735,wikihow~24367,zeroshot,Family Life,3,1478880,1479391
5224,14750,wikihow~24388,zeroshot,Personal Care and Style,2,1479393,1479886
5225,14758,wikihow~24402,zeroshot,Personal Care and Style,1,1479888,1480315
5226,14764,wikihow~24410,indomain,Youth,1,1480317,1480662
5227,14771,wikihow~24424,zeroshot,Family Life,0,1480664,1481095
5228,14787,wikihow~24453,indomain,Home and Garden,3,1481097,1481431
5229,14793,wikihow~24465,indomain,Computers and Electronics,2,1481433,1481924
5230,14828,wikihow~24527,zeroshot,Family Life,1,1481926,1482462
5231,14848,wikihow~24561,zeroshot,Family Life,2,1482464,1482877
5232,14858,wikihow~24579,indomain,Food and Entertaining,0,1482879,1483214
5233,14865,wikihow~24590,zeroshot,Personal Care and Style,1,1483216,1483721
5234,14870,wikihow~24605,indomain,Computers and Electronics,1,1483723,1484090
5235,14897,wikihow~24644,indomain,Health,1,1484092,1484725
5236,14902,wikihow~24654,indomain,Sports and Fitness,2,1484727,1485296
5237,14914,wikihow~24676,zeroshot,Personal Care and Style,2,1485298,1485646
5238,14916,wikihow~24680,zeroshot,Personal Care and Style,1,1485648,1486049
5239,14917,wikihow~24681,zeroshot,Personal Care and Style,0,1486051,1486535
5240,14919,wikihow~24684,indomain,Home and Garden,0,1486537,1486999
5241,14923,wikihow~24691,indomain,Home and Garden,3,1487001,1487421
5242,14935,wikihow~24707,zeroshot,Personal Care and Style,2,1487423,1487701
5243,14953,wikihow~24735,indomain,Health,1,1487703,1488220
5244,14964,wikihow~24749,zeroshot,Personal Care and Style,3,1488222,1488576
5245,14965,wikihow~24751,zeroshot,Personal Care and Style,1,1488578,1489169
5246,14975,wikihow~24771,zeroshot,Personal Care and Style,0,1489171,1489720
5247,14990,wikihow~24791,indomain,Food and Entertaining,3,1489722,1490204
5248,15001,wikihow~24807,zeroshot,Personal Care and Style,3,1490206,1490602
5249,15011,wikihow~24821,indomain,Home and Garden,3,1490604,1491155
5250,15023,wikihow~24843,zeroshot,Personal Care and Style,3,1491157,1491643
5251,15027,wikihow~24848,zeroshot,Personal Care and Style,0,1491645,1492161
5252,15035,wikihow~24863,indomain,Health,3,1492163,1492790
5253,15039,wikihow~24869,zeroshot,Personal Care and Style,2,1492792,1493220
5254,15053,wikihow~24892,indomain,Computers and Electronics,3,1493222,1493813
5255,15056,wikihow~24896,indomain,Finance and Business,3,1493815,1494373
5256,15059,wikihow~24905,zeroshot,Personal Care and Style,1,1494375,1494877
5257,15065,wikihow~24911,zeroshot,Personal Care and Style,2,1494879,1495256
5258,15066,wikihow~24912,zeroshot,Personal Care and Style,2,1495258,1495582
5259,15067,wikihow~24913,zeroshot,Personal Care and Style,0,1495584,1496015
5260,15071,wikihow~24918,zeroshot,Personal Care and Style,3,1496017,1496415
5261,15076,wikihow~24927,zeroshot,Personal Care and Style,2,1496417,1496838
5262,15081,wikihow~24936,zeroshot,Personal Care and Style,3,1496840,1497266
5263,15098,wikihow~24959,indomain,Computers and Electronics,0,1497268,1497753
5264,15117,wikihow~24993,zeroshot,Family Life,2,1497755,1498084
5265,15122,wikihow~24999,zeroshot,Personal Care and Style,2,1498086,1498477
5266,15123,wikihow~25001,indomain,Food and Entertaining,0,1498479,1498995
5267,15128,wikihow~25009,indomain,Pets and Animals,1,1498997,1499308
5268,15135,wikihow~25019,zeroshot,Personal Care and Style,2,1499310,1499704
5269,15144,wikihow~25034,zeroshot,Family Life,2,1499706,1500225
5270,15165,wikihow~25076,zeroshot,Personal Care and Style,0,1500227,1500754
5271,15166,wikihow~25077,indomain,Relationships,2,1500756,1501255
5272,15167,wikihow~25078,zeroshot,Family Life,1,1501257,1501843
5273,15171,wikihow~25090,zeroshot,Family Life,0,1501845,1502289
5274,15175,wikihow~25095,indomain,Home and Garden,1,1502291,1502724
5275,15181,wikihow~25104,indomain,Computers and Electronics,1,1502726,1503105
5276,15187,wikihow~25115,indomain,Food and Entertaining,2,1503107,1503509
5277,15192,wikihow~25122,zeroshot,Personal Care and Style,0,1503511,1504048
5278,15196,wikihow~25127,zeroshot,Personal Care and Style,2,1504050,1504491
5279,15197,wikihow~25128,indomain,Computers and Electronics,0,1504493,1504969
5280,15198,wikihow~25129,indomain,Education and Communications,0,1504971,1505480
5281,15199,wikihow~25130,zeroshot,Family Life,0,1505482,1505973
5282,15205,wikihow~25146,zeroshot,Personal Care and Style,1,1505975,1506450
5283,15207,wikihow~25151,indomain,Pets and Animals,2,1506452,1507006
5284,15208,wikihow~25152,zeroshot,Personal Care and Style,1,1507008,1507529
5285,15215,wikihow~25160,zeroshot,Personal Care and Style,2,1507531,1507935
5286,15226,wikihow~25182,indomain,Pets and Animals,0,1507937,1508482
5287,15241,wikihow~25212,zeroshot,Family Life,3,1508484,1508792
5288,15250,wikihow~25231,zeroshot,Personal Care and Style,1,1508794,1509275
5289,15268,wikihow~25266,indomain,Finance and Business,1,1509277,1509655
5290,15269,wikihow~25267,indomain,Health,3,1509657,1510115
5291,15278,wikihow~25279,indomain,Food and Entertaining,2,1510117,1510506
5292,15290,wikihow~25295,zeroshot,Personal Care and Style,0,1510508,1510907
5293,15302,wikihow~25309,zeroshot,Personal Care and Style,1,1510909,1511226
5294,15325,wikihow~25354,zeroshot,Personal Care and Style,0,1511228,1511745
5295,15339,wikihow~25370,zeroshot,Personal Care and Style,3,1511747,1512111
5296,15350,wikihow~25388,zeroshot,Personal Care and Style,1,1512113,1512673
5297,15352,wikihow~25392,zeroshot,Personal Care and Style,1,1512675,1513072
5298,15371,wikihow~25423,zeroshot,Personal Care and Style,3,1513074,1513438
5299,15377,wikihow~25431,indomain,Home and Garden,2,1513440,1513771
5300,15379,wikihow~25433,indomain,Relationships,0,1513773,1514397
5301,15398,wikihow~25468,zeroshot,Personal Care and Style,3,1514399,1514766
5302,15403,wikihow~25478,indomain,Home and Garden,0,1514768,1515214
5303,15409,wikihow~25486,zeroshot,Family Life,2,1515216,1515621
5304,15417,wikihow~25499,indomain,Sports and Fitness,0,1515623,1516042
5305,15421,wikihow~25505,zeroshot,Personal Care and Style,0,1516044,1516524
5306,15433,wikihow~25525,indomain,Education and Communications,3,1516526,1516903
5307,15440,wikihow~25535,indomain,Computers and Electronics,1,1516905,1517307
5308,15443,wikihow~25539,zeroshot,Family Life,3,1517309,1517788
5309,15455,wikihow~25560,zeroshot,Personal Care and Style,0,1517790,1518095
5310,15458,wikihow~25563,zeroshot,Family Life,3,1518097,1518647
5311,15471,wikihow~25585,zeroshot,Personal Care and Style,0,1518649,1519081
5312,15479,wikihow~25601,zeroshot,Personal Care and Style,0,1519083,1519476
5313,15482,wikihow~25604,zeroshot,Personal Care and Style,0,1519478,1520085
5314,15486,wikihow~25611,indomain,Home and Garden,0,1520087,1520580
5315,15492,wikihow~25620,indomain,Home and Garden,3,1520582,1521039
5316,15496,wikihow~25625,zeroshot,Personal Care and Style,2,1521041,1521355
5317,15506,wikihow~25639,zeroshot,Family Life,0,1521357,1521803
5318,15508,wikihow~25641,indomain,Computers and Electronics,3,1521805,1522358
5319,15510,wikihow~25644,zeroshot,Personal Care and Style,3,1522360,1522735
5320,15514,wikihow~25653,indomain,Computers and Electronics,3,1522737,1523396
5321,15519,wikihow~25659,indomain,Education and Communications,2,1523398,1523818
5322,15522,wikihow~25663,zeroshot,Family Life,3,1523820,1524297
5323,15524,wikihow~25665,indomain,Travel,1,1524299,1524768
5324,15529,wikihow~25673,zeroshot,Personal Care and Style,1,1524770,1525127
5325,15532,wikihow~25679,indomain,Home and Garden,0,1525129,1525695
5326,15535,wikihow~25684,indomain,Home and Garden,1,1525697,1526094
5327,15539,wikihow~25690,zeroshot,Personal Care and Style,2,1526096,1526543
5328,15542,wikihow~25694,indomain,Computers and Electronics,3,1526545,1527124
5329,15546,wikihow~25699,zeroshot,Personal Care and Style,2,1527126,1527464
5330,15550,wikihow~25711,indomain,Health,3,1527466,1527956
5331,15560,wikihow~25732,indomain,Food and Entertaining,0,1527958,1528391
5332,15564,wikihow~25736,indomain,Finance and Business,1,1528393,1528900
5333,15570,wikihow~25745,indomain,Food and Entertaining,3,1528902,1529280
5334,15571,wikihow~25746,zeroshot,Personal Care and Style,2,1529282,1529769
5335,15578,wikihow~25756,indomain,Travel,3,1529771,1530263
5336,15592,wikihow~25777,indomain,Health,1,1530265,1530729
5337,15598,wikihow~25787,zeroshot,Personal Care and Style,2,1530731,1531191
5338,15604,wikihow~25796,zeroshot,Personal Care and Style,2,1531193,1531552
5339,15610,wikihow~25807,zeroshot,Personal Care and Style,0,1531554,1531933
5340,15611,wikihow~25810,zeroshot,Personal Care and Style,0,1531935,1532546
5341,15620,wikihow~25826,indomain,Health,2,1532548,1533158
5342,15645,wikihow~25871,indomain,Cars & Other Vehicles,2,1533160,1533606
5343,15646,wikihow~25872,zeroshot,Family Life,3,1533608,1533953
5344,15659,wikihow~25902,zeroshot,Family Life,3,1533955,1534421
5345,15672,wikihow~25925,zeroshot,Family Life,1,1534423,1535022
5346,15675,wikihow~25928,zeroshot,Personal Care and Style,3,1535024,1535386
5347,15678,wikihow~25933,indomain,Health,1,1535388,1535732
5348,15681,wikihow~25937,zeroshot,Family Life,2,1535734,1536234
5349,15682,wikihow~25938,zeroshot,Family Life,3,1536236,1536665
5350,15688,wikihow~25951,zeroshot,Personal Care and Style,1,1536667,1537087
5351,15700,wikihow~25972,indomain,Computers and Electronics,0,1537089,1537498
5352,15706,wikihow~25983,zeroshot,Personal Care and Style,3,1537500,1537976
5353,15741,wikihow~26048,zeroshot,Personal Care and Style,3,1537978,1538487
5354,15742,wikihow~26049,indomain,Home and Garden,2,1538489,1538858
5355,15758,wikihow~26073,zeroshot,Personal Care and Style,3,1538860,1539327
5356,15764,wikihow~26084,zeroshot,Personal Care and Style,3,1539329,1539646
5357,15768,wikihow~26096,zeroshot,Family Life,0,1539648,1540150
5358,15791,wikihow~26134,zeroshot,Family Life,3,1540152,1540745
5359,15801,wikihow~26154,zeroshot,Personal Care and Style,1,1540747,1541116
5360,15807,wikihow~26162,zeroshot,Personal Care and Style,1,1541118,1541708
5361,15808,wikihow~26163,indomain,Health,1,1541710,1542170
5362,15816,wikihow~26177,indomain,Food and Entertaining,2,1542172,1542488
5363,15828,wikihow~26203,zeroshot,Personal Care and Style,0,1542490,1543042
5364,15836,wikihow~26220,zeroshot,Personal Care and Style,1,1543044,1543433
5365,15851,wikihow~26247,zeroshot,Personal Care and Style,3,1543435,1543929
5366,15859,wikihow~26259,indomain,Home and Garden,2,1543931,1544327
5367,15861,wikihow~26261,indomain,Relationships,2,1544329,1544835
5368,15862,wikihow~26263,zeroshot,Personal Care and Style,3,1544837,1545357
5369,15873,wikihow~26286,zeroshot,Personal Care and Style,1,1545359,1545680
5370,15892,wikihow~26313,zeroshot,Personal Care and Style,0,1545682,1546126
5371,15905,wikihow~26339,zeroshot,Family Life,3,1546128,1546627
5372,15913,wikihow~26352,zeroshot,Personal Care and Style,1,1546629,1547107
5373,15923,wikihow~26371,zeroshot,Personal Care and Style,2,1547109,1547596
5374,15924,wikihow~26373,zeroshot,Personal Care and Style,2,1547598,1548101
5375,15927,wikihow~26377,indomain,Relationships,0,1548103,1548686
5376,15930,wikihow~26380,zeroshot,Family Life,2,1548688,1549228
5377,15938,wikihow~26392,zeroshot,Family Life,1,1549230,1549620
5378,15947,wikihow~26405,zeroshot,Family Life,2,1549622,1550149
5379,15953,wikihow~26412,zeroshot,Family Life,1,1550151,1550691
5380,15975,wikihow~26442,indomain,Computers and Electronics,2,1550693,1551079
5381,16002,wikihow~26487,zeroshot,Personal Care and Style,0,1551081,1551614
5382,16010,wikihow~26501,zeroshot,Personal Care and Style,1,1551616,1552098
5383,16012,wikihow~26505,zeroshot,Personal Care and Style,1,1552100,1552523
5384,16016,wikihow~26512,indomain,Pets and Animals,3,1552525,1552914
5385,16022,wikihow~26519,indomain,Education and Communications,1,1552916,1553356
5386,16023,wikihow~26520,indomain,Home and Garden,2,1553358,1553665
5387,16026,wikihow~26524,zeroshot,Family Life,2,1553667,1554074
5388,16029,wikihow~26529,zeroshot,Personal Care and Style,0,1554076,1554601
5389,16030,wikihow~26532,zeroshot,Personal Care and Style,2,1554603,1555092
5390,16037,wikihow~26548,indomain,Home and Garden,2,1555094,1555551
5391,16049,wikihow~26562,zeroshot,Family Life,2,1555553,1556105
5392,16056,wikihow~26575,zeroshot,Family Life,3,1556107,1556633
5393,16073,wikihow~26601,indomain,Health,0,1556635,1557026
5394,16075,wikihow~26609,zeroshot,Family Life,0,1557028,1557520
5395,16083,wikihow~26621,zeroshot,Family Life,3,1557522,1558019
5396,16088,wikihow~26629,indomain,Pets and Animals,3,1558021,1558461
5397,16093,wikihow~26643,zeroshot,Personal Care and Style,0,1558463,1558837
5398,16094,wikihow~26644,zeroshot,Family Life,0,1558839,1559267
5399,16109,wikihow~26663,indomain,Health,3,1559269,1559700
5400,16124,wikihow~26685,indomain,Home and Garden,0,1559702,1560061
5401,16134,wikihow~26700,indomain,Finance and Business,2,1560063,1560578
5402,16166,wikihow~26757,zeroshot,Family Life,1,1560580,1561025
5403,16191,wikihow~26795,zeroshot,Family Life,1,1561027,1561384
5404,16193,wikihow~26799,zeroshot,Personal Care and Style,3,1561386,1561805
5405,16200,wikihow~26811,indomain,Health,1,1561807,1562378
5406,16205,wikihow~26819,zeroshot,Family Life,2,1562380,1562925
5407,16214,wikihow~26842,indomain,Home and Garden,1,1562927,1563387
5408,16221,wikihow~26853,indomain,Home and Garden,3,1563389,1563872
5409,16278,wikihow~26955,zeroshot,Personal Care and Style,3,1563874,1564501
5410,16279,wikihow~26956,zeroshot,Personal Care and Style,0,1564503,1564792
5411,16304,wikihow~27005,zeroshot,Personal Care and Style,2,1564794,1565335
5412,16318,wikihow~27035,indomain,Computers and Electronics,0,1565337,1565821
5413,16328,wikihow~27049,indomain,Education and Communications,3,1565823,1566161
5414,16331,wikihow~27053,zeroshot,Personal Care and Style,0,1566163,1566642
5415,16335,wikihow~27061,zeroshot,Personal Care and Style,0,1566644,1567020
5416,16343,wikihow~27075,indomain,Youth,2,1567022,1567471
5417,16351,wikihow~27088,zeroshot,Personal Care and Style,0,1567473,1567942
5418,16356,wikihow~27096,zeroshot,Personal Care and Style,0,1567944,1568487
5419,16357,wikihow~27097,zeroshot,Personal Care and Style,3,1568489,1569000
5420,16362,wikihow~27104,zeroshot,Family Life,0,1569002,1569522
5421,16379,wikihow~27140,zeroshot,Personal Care and Style,1,1569524,1570114
5422,16387,wikihow~27155,zeroshot,Personal Care and Style,3,1570116,1570575
5423,16391,wikihow~27160,zeroshot,Personal Care and Style,2,1570577,1570984
5424,16392,wikihow~27162,zeroshot,Personal Care and Style,2,1570986,1571494
5425,16399,wikihow~27169,zeroshot,Family Life,1,1571496,1572078
5426,16407,wikihow~27184,zeroshot,Family Life,0,1572080,1572610
5427,16416,wikihow~27201,indomain,Food and Entertaining,2,1572612,1573087
5428,16417,wikihow~27202,indomain,Home and Garden,3,1573089,1573579
5429,16419,wikihow~27209,indomain,Finance and Business,1,1573581,1573994
5430,16438,wikihow~27238,indomain,Health,3,1573996,1574350
5431,16439,wikihow~27241,zeroshot,Personal Care and Style,1,1574352,1574801
5432,16442,wikihow~27246,zeroshot,Personal Care and Style,1,1574803,1575213
5433,16449,wikihow~27260,indomain,Computers and Electronics,3,1575215,1575674
5434,16458,wikihow~27272,zeroshot,Family Life,3,1575676,1576116
5435,16464,wikihow~27287,indomain,Health,2,1576118,1576514
5436,16465,wikihow~27288,zeroshot,Personal Care and Style,0,1576516,1576963
5437,16472,wikihow~27296,indomain,Health,2,1576965,1577493
5438,16474,wikihow~27299,zeroshot,Family Life,3,1577495,1577920
5439,16475,wikihow~27300,indomain,Computers and Electronics,3,1577922,1578356
5440,16481,wikihow~27306,indomain,Food and Entertaining,1,1578358,1578845
5441,16485,wikihow~27310,zeroshot,Personal Care and Style,0,1578847,1579199
5442,16492,wikihow~27317,zeroshot,Personal Care and Style,1,1579201,1579797
5443,16498,wikihow~27324,indomain,Pets and Animals,2,1579799,1580209
5444,16504,wikihow~27336,zeroshot,Personal Care and Style,3,1580211,1580698
5445,16521,wikihow~27365,zeroshot,Personal Care and Style,2,1580700,1581114
5446,16527,wikihow~27377,indomain,Education and Communications,0,1581116,1581542
5447,16539,wikihow~27398,zeroshot,Family Life,3,1581544,1582045
5448,16542,wikihow~27401,indomain,Health,3,1582047,1582583
5449,16554,wikihow~27417,zeroshot,Personal Care and Style,0,1582585,1583017
5450,16561,wikihow~27426,indomain,Home and Garden,1,1583019,1583473
5451,16562,wikihow~27427,zeroshot,Personal Care and Style,1,1583475,1583850
5452,16568,wikihow~27435,zeroshot,Personal Care and Style,0,1583852,1584390
5453,16577,wikihow~27450,zeroshot,Personal Care and Style,0,1584392,1584899
5454,16594,wikihow~27477,indomain,Youth,2,1584901,1585367
5455,16600,wikihow~27486,indomain,Food and Entertaining,1,1585369,1585712
5456,16612,wikihow~27502,zeroshot,Personal Care and Style,0,1585714,1586187
5457,16613,wikihow~27503,zeroshot,Personal Care and Style,3,1586189,1586703
5458,16621,wikihow~27519,indomain,Food and Entertaining,2,1586705,1587162
5459,16623,wikihow~27521,zeroshot,Personal Care and Style,1,1587164,1587583
5460,16625,wikihow~27524,zeroshot,Family Life,0,1587585,1588070
5461,16631,wikihow~27531,zeroshot,Personal Care and Style,1,1588072,1588482
5462,16637,wikihow~27541,zeroshot,Personal Care and Style,0,1588484,1588765
5463,16648,wikihow~27556,zeroshot,Personal Care and Style,1,1588767,1589086
5464,16649,wikihow~27557,zeroshot,Personal Care and Style,1,1589088,1589517
5465,16656,wikihow~27569,indomain,Finance and Business,3,1589519,1590018
5466,16669,wikihow~27590,indomain,Pets and Animals,3,1590020,1590611
5467,16698,wikihow~27638,zeroshot,Personal Care and Style,1,1590613,1590929
5468,16709,wikihow~27661,zeroshot,Personal Care and Style,0,1590931,1591387
5469,16717,wikihow~27672,zeroshot,Personal Care and Style,0,1591389,1591878
5470,16724,wikihow~27684,indomain,Education and Communications,0,1591880,1592322
5471,16728,wikihow~27690,indomain,Education and Communications,3,1592324,1592817
5472,16729,wikihow~27692,indomain,Youth,3,1592819,1593204
5473,16735,wikihow~27702,indomain,Home and Garden,3,1593206,1593626
5474,16742,wikihow~27712,indomain,Relationships,0,1593628,1594153
5475,16763,wikihow~27744,indomain,Pets and Animals,0,1594155,1594577
5476,16773,wikihow~27756,indomain,Home and Garden,3,1594579,1595082
5477,16801,wikihow~27803,indomain,Education and Communications,0,1595084,1595435
5478,16808,wikihow~27820,zeroshot,Personal Care and Style,2,1595437,1595791
5479,16810,wikihow~27822,indomain,Health,1,1595793,1596195
5480,16812,wikihow~27824,indomain,Health,0,1596197,1596752
5481,16813,wikihow~27825,indomain,Education and Communications,2,1596754,1597274
5482,16819,wikihow~27834,zeroshot,Personal Care and Style,3,1597276,1597546
5483,16820,wikihow~27835,zeroshot,Personal Care and Style,0,1597548,1598056
5484,16823,wikihow~27842,zeroshot,Personal Care and Style,2,1598058,1598507
5485,16825,wikihow~27846,indomain,Relationships,2,1598509,1599024
5486,16837,wikihow~27864,zeroshot,Personal Care and Style,2,1599026,1599514
5487,16840,wikihow~27867,zeroshot,Personal Care and Style,0,1599516,1599937
5488,16841,wikihow~27870,indomain,Home and Garden,0,1599939,1600363
5489,16854,wikihow~27886,zeroshot,Family Life,0,1600365,1600825
5490,16857,wikihow~27889,zeroshot,Personal Care and Style,0,1600827,1601145
5491,16861,wikihow~27900,indomain,Home and Garden,2,1601147,1601656
5492,16874,wikihow~27921,indomain,Education and Communications,3,1601658,1602207
5493,16882,wikihow~27932,indomain,Pets and Animals,3,1602209,1602623
5494,16883,wikihow~27935,zeroshot,Personal Care and Style,3,1602625,1602963
5495,16887,wikihow~27940,zeroshot,Personal Care and Style,3,1602965,1603403
5496,16888,wikihow~27941,zeroshot,Personal Care and Style,0,1603405,1603889
5497,16889,wikihow~27943,zeroshot,Personal Care and Style,2,1603891,1604246
5498,16894,wikihow~27952,zeroshot,Personal Care and Style,0,1604248,1604663
5499,16906,wikihow~27968,indomain,Cars & Other Vehicles,3,1604665,1605221
5500,16911,wikihow~27974,indomain,Food and Entertaining,1,1605223,1605616
5501,16912,wikihow~27975,indomain,Computers and Electronics,1,1605618,1606117
5502,16914,wikihow~27977,indomain,Holidays and Traditions,0,1606119,1606646
5503,16921,wikihow~27987,zeroshot,Personal Care and Style,2,1606648,1607185
5504,16926,wikihow~27993,indomain,Home and Garden,3,1607187,1607533
5505,16928,wikihow~27999,indomain,Food and Entertaining,1,1607535,1608004
5506,16939,wikihow~28020,indomain,Pets and Animals,0,1608006,1608466
5507,16945,wikihow~28031,zeroshot,Personal Care and Style,3,1608468,1608959
5508,16950,wikihow~28038,zeroshot,Personal Care and Style,0,1608961,1609455
5509,16956,wikihow~28047,zeroshot,Family Life,2,1609457,1609983
5510,16976,wikihow~28078,indomain,Home and Garden,0,1609985,1610619
5511,16992,wikihow~28105,zeroshot,Family Life,2,1610621,1611092
5512,17001,wikihow~28118,indomain,Computers and Electronics,0,1611094,1611573
5513,17007,wikihow~28128,zeroshot,Personal Care and Style,3,1611575,1611995
5514,17024,wikihow~28157,indomain,Food and Entertaining,1,1611997,1612447
5515,17031,wikihow~28169,zeroshot,Family Life,2,1612449,1613035
5516,17037,wikihow~28177,zeroshot,Personal Care and Style,3,1613037,1613595
5517,17045,wikihow~28193,zeroshot,Personal Care and Style,0,1613597,1614070
5518,17048,wikihow~28198,indomain,Work World,1,1614072,1614620
5519,17050,wikihow~28203,indomain,Home and Garden,0,1614622,1614988
5520,17053,wikihow~28208,zeroshot,Family Life,0,1614990,1615613
5521,17055,wikihow~28210,zeroshot,Family Life,1,1615615,1616120
5522,17063,wikihow~28225,zeroshot,Personal Care and Style,3,1616122,1616517
5523,17074,wikihow~28239,zeroshot,Personal Care and Style,1,1616519,1617035
5524,17084,wikihow~28255,indomain,Computers and Electronics,3,1617037,1617492
5525,17088,wikihow~28260,indomain,Health,1,1617494,1617997
5526,17097,wikihow~28273,indomain,Food and Entertaining,2,1617999,1618457
5527,17099,wikihow~28277,indomain,Finance and Business,0,1618459,1618873
5528,17102,wikihow~28280,indomain,Health,1,1618875,1619363
5529,17104,wikihow~28283,zeroshot,Personal Care and Style,2,1619365,1619879
5530,17105,wikihow~28284,indomain,Computers and Electronics,3,1619881,1620262
5531,17107,wikihow~28286,indomain,Computers and Electronics,1,1620264,1620848
5532,17111,wikihow~28290,zeroshot,Personal Care and Style,2,1620850,1621265
5533,17112,wikihow~28291,indomain,Home and Garden,3,1621267,1621647
5534,17118,wikihow~28302,zeroshot,Personal Care and Style,0,1621649,1622233
5535,17129,wikihow~28319,zeroshot,Personal Care and Style,2,1622235,1622699
5536,17140,wikihow~28334,zeroshot,Personal Care and Style,3,1622701,1623208
5537,17143,wikihow~28338,indomain,Home and Garden,0,1623210,1623520
5538,17151,wikihow~28355,zeroshot,Personal Care and Style,3,1623522,1624052
5539,17152,wikihow~28356,indomain,Home and Garden,1,1624054,1624509
5540,17155,wikihow~28360,zeroshot,Personal Care and Style,2,1624511,1624928
5541,17168,wikihow~28381,zeroshot,Personal Care and Style,1,1624930,1625438
5542,17178,wikihow~28396,indomain,Holidays and Traditions,2,1625440,1625779
5543,17182,wikihow~28401,zeroshot,Personal Care and Style,1,1625781,1626237
5544,17185,wikihow~28406,zeroshot,Family Life,0,1626239,1626734
5545,17190,wikihow~28417,zeroshot,Personal Care and Style,1,1626736,1627267
5546,17197,wikihow~28430,zeroshot,Personal Care and Style,2,1627269,1627679
5547,17210,wikihow~28447,zeroshot,Personal Care and Style,3,1627681,1628015
5548,17217,wikihow~28459,indomain,Computers and Electronics,2,1628017,1628375
5549,17219,wikihow~28461,zeroshot,Family Life,0,1628377,1628874
5550,17226,wikihow~28472,indomain,Health,3,1628876,1629262
5551,17227,wikihow~28473,zeroshot,Family Life,1,1629264,1629718
5552,17234,wikihow~28483,zeroshot,Personal Care and Style,0,1629720,1630031
5553,17237,wikihow~28490,indomain,Cars & Other Vehicles,2,1630033,1630508
5554,17239,wikihow~28493,indomain,Health,2,1630510,1631136
5555,17240,wikihow~28494,zeroshot,Personal Care and Style,1,1631138,1631607
5556,17244,wikihow~28503,zeroshot,Personal Care and Style,3,1631609,1632030
5557,17247,wikihow~28508,zeroshot,Personal Care and Style,1,1632032,1632418
5558,17252,wikihow~28520,zeroshot,Personal Care and Style,3,1632420,1632795
5559,17253,wikihow~28521,indomain,Food and Entertaining,3,1632797,1633166
5560,17260,wikihow~28535,zeroshot,Family Life,0,1633168,1633590
5561,17266,wikihow~28541,zeroshot,Personal Care and Style,1,1633592,1633975
5562,17289,wikihow~28570,zeroshot,Personal Care and Style,0,1633977,1634379
5563,17290,wikihow~28571,zeroshot,Personal Care and Style,0,1634381,1634866
5564,17293,wikihow~28574,zeroshot,Family Life,0,1634868,1635293
5565,17300,wikihow~28586,indomain,Health,3,1635295,1635813
5566,17303,wikihow~28589,indomain,Food and Entertaining,2,1635815,1636171
5567,17310,wikihow~28601,zeroshot,Personal Care and Style,3,1636173,1636531
5568,17313,wikihow~28609,indomain,Cars & Other Vehicles,3,1636533,1636917
5569,17314,wikihow~28610,indomain,Home and Garden,1,1636919,1637385
5570,17320,wikihow~28617,zeroshot,Personal Care and Style,2,1637387,1637912
5571,17323,wikihow~28620,indomain,Health,0,1637914,1638356
5572,17328,wikihow~28625,zeroshot,Family Life,2,1638358,1638814
5573,17345,wikihow~28652,zeroshot,Family Life,2,1638816,1639177
5574,17348,wikihow~28656,indomain,Sports and Fitness,0,1639179,1639626
5575,17368,wikihow~28690,zeroshot,Personal Care and Style,2,1639628,1640115
5576,17379,wikihow~28711,indomain,Food and Entertaining,0,1640117,1640634
5577,17391,wikihow~28727,zeroshot,Personal Care and Style,1,1640636,1641018
5578,17392,wikihow~28728,indomain,Health,1,1641020,1641618
5579,17402,wikihow~28741,indomain,Computers and Electronics,0,1641620,1642035
5580,17409,wikihow~28752,zeroshot,Personal Care and Style,1,1642037,1642430
5581,17416,wikihow~28763,indomain,Relationships,0,1642432,1642894
5582,17419,wikihow~28767,zeroshot,Personal Care and Style,3,1642896,1643174
5583,17422,wikihow~28771,indomain,Sports and Fitness,2,1643176,1643531
5584,17449,wikihow~28816,indomain,Sports and Fitness,0,1643533,1643949
5585,17458,wikihow~28832,zeroshot,Personal Care and Style,3,1643951,1644462
5586,17462,wikihow~28836,zeroshot,Personal Care and Style,1,1644464,1644952
5587,17464,wikihow~28842,indomain,Holidays and Traditions,3,1644954,1645294
5588,17478,wikihow~28861,zeroshot,Personal Care and Style,3,1645296,1645715
5589,17507,wikihow~28905,zeroshot,Family Life,2,1645717,1646179
5590,17509,wikihow~28907,zeroshot,Personal Care and Style,2,1646181,1646725
5591,17525,wikihow~28932,zeroshot,Personal Care and Style,3,1646727,1647147
5592,17528,wikihow~28936,zeroshot,Personal Care and Style,3,1647149,1647547
5593,17535,wikihow~28948,zeroshot,Personal Care and Style,0,1647549,1648010
5594,17537,wikihow~28955,zeroshot,Personal Care and Style,3,1648012,1648461
5595,17546,wikihow~28969,zeroshot,Personal Care and Style,2,1648463,1649003
5596,17559,wikihow~28992,indomain,Finance and Business,2,1649005,1649560
5597,17568,wikihow~29003,zeroshot,Personal Care and Style,2,1649562,1650026
5598,17573,wikihow~29011,indomain,Food and Entertaining,3,1650028,1650436
5599,17579,wikihow~29026,zeroshot,Personal Care and Style,3,1650438,1650878
5600,17581,wikihow~29032,zeroshot,Family Life,1,1650880,1651393
5601,17591,wikihow~29048,indomain,Computers and Electronics,1,1651395,1651884
5602,17592,wikihow~29049,indomain,Health,1,1651886,1652325
5603,17597,wikihow~29057,indomain,Finance and Business,3,1652327,1652855
5604,17609,wikihow~29076,indomain,Home and Garden,0,1652857,1653381
5605,17615,wikihow~29087,zeroshot,Personal Care and Style,2,1653383,1653886
5606,17616,wikihow~29088,zeroshot,Personal Care and Style,2,1653888,1654249
5607,17621,wikihow~29094,indomain,Education and Communications,2,1654251,1654553
5608,17622,wikihow~29095,zeroshot,Personal Care and Style,0,1654555,1655128
5609,17627,wikihow~29104,zeroshot,Personal Care and Style,3,1655130,1655434
5610,17638,wikihow~29124,zeroshot,Personal Care and Style,0,1655436,1655815
5611,17642,wikihow~29131,indomain,Home and Garden,1,1655817,1656323
5612,17645,wikihow~29141,zeroshot,Personal Care and Style,1,1656325,1656769
5613,17646,wikihow~29143,indomain,Home and Garden,3,1656771,1657229
5614,17654,wikihow~29156,zeroshot,Personal Care and Style,3,1657231,1657564
5615,17656,wikihow~29160,indomain,Home and Garden,0,1657566,1657976
5616,17659,wikihow~29163,indomain,Finance and Business,2,1657978,1658528
5617,17663,wikihow~29168,indomain,Computers and Electronics,1,1658530,1659004
5618,17669,wikihow~29178,zeroshot,Personal Care and Style,3,1659006,1659413
5619,17680,wikihow~29195,indomain,Finance and Business,0,1659415,1659842
5620,17702,wikihow~29236,zeroshot,Personal Care and Style,3,1659844,1660273
5621,17706,wikihow~29240,zeroshot,Personal Care and Style,0,1660275,1660710
5622,17708,wikihow~29244,zeroshot,Family Life,1,1660712,1661140
5623,17713,wikihow~29252,indomain,Pets and Animals,2,1661142,1661638
5624,17722,wikihow~29264,zeroshot,Personal Care and Style,3,1661640,1662288
5625,17731,wikihow~29281,indomain,Finance and Business,2,1662290,1662882
5626,17732,wikihow~29282,indomain,Sports and Fitness,1,1662884,1663290
5627,17734,wikihow~29284,zeroshot,Family Life,0,1663292,1663844
5628,17736,wikihow~29287,zeroshot,Personal Care and Style,0,1663846,1664323
5629,17758,wikihow~29316,indomain,Food and Entertaining,1,1664325,1664745
5630,17774,wikihow~29346,indomain,Pets and Animals,0,1664747,1665327
5631,17775,wikihow~29348,zeroshot,Personal Care and Style,2,1665329,1665864
5632,17781,wikihow~29357,indomain,Home and Garden,3,1665866,1666434
5633,17792,wikihow~29374,zeroshot,Personal Care and Style,2,1666436,1666807
5634,17801,wikihow~29391,indomain,Holidays and Traditions,1,1666809,1667347
5635,17816,wikihow~29419,zeroshot,Family Life,1,1667349,1667735
5636,17818,wikihow~29421,indomain,Relationships,3,1667737,1668273
5637,17820,wikihow~29423,indomain,Youth,2,1668275,1668762
5638,17823,wikihow~29431,zeroshot,Personal Care and Style,3,1668764,1669067
5639,17824,wikihow~29432,zeroshot,Family Life,1,1669069,1669652
5640,17842,wikihow~29458,zeroshot,Personal Care and Style,1,1669654,1670111
5641,17846,wikihow~29465,zeroshot,Personal Care and Style,3,1670113,1670527
5642,17852,wikihow~29473,zeroshot,Family Life,0,1670529,1670995
5643,17853,wikihow~29474,indomain,Education and Communications,1,1670997,1671401
5644,17858,wikihow~29481,zeroshot,Family Life,2,1671403,1671854
5645,17865,wikihow~29492,zeroshot,Personal Care and Style,3,1671856,1672169
5646,17885,wikihow~29528,zeroshot,Personal Care and Style,3,1672171,1672586
5647,17886,wikihow~29529,zeroshot,Personal Care and Style,0,1672588,1673000
5648,17893,wikihow~29540,indomain,Home and Garden,3,1673002,1673531
5649,17900,wikihow~29552,zeroshot,Personal Care and Style,2,1673533,1674082
5650,17958,wikihow~29645,zeroshot,Personal Care and Style,3,1674084,1674535
5651,17960,wikihow~29647,indomain,Computers and Electronics,3,1674537,1674942
5652,17962,wikihow~29650,zeroshot,Family Life,3,1674944,1675402
5653,17964,wikihow~29652,indomain,Home and Garden,0,1675404,1675848
5654,17982,wikihow~29679,indomain,Health,2,1675850,1676237
5655,17987,wikihow~29686,zeroshot,Family Life,0,1676239,1676750
5656,17989,wikihow~29689,zeroshot,Personal Care and Style,0,1676752,1677190
5657,17993,wikihow~29700,zeroshot,Personal Care and Style,2,1677192,1677619
5658,18005,wikihow~29718,zeroshot,Personal Care and Style,2,1677621,1677938
5659,18007,wikihow~29720,zeroshot,Personal Care and Style,0,1677940,1678454
5660,18013,wikihow~29730,zeroshot,Family Life,2,1678456,1679048
5661,18027,wikihow~29750,zeroshot,Personal Care and Style,0,1679050,1679398
5662,18030,wikihow~29759,indomain,Food and Entertaining,1,1679400,1679920
5663,18032,wikihow~29761,zeroshot,Personal Care and Style,2,1679922,1680380
5664,18033,wikihow~29763,zeroshot,Personal Care and Style,0,1680382,1680758
5665,18037,wikihow~29768,zeroshot,Personal Care and Style,1,1680760,1681172
5666,18039,wikihow~29771,zeroshot,Family Life,0,1681174,1681616
5667,18040,wikihow~29772,zeroshot,Family Life,3,1681618,1682048
5668,18047,wikihow~29782,zeroshot,Personal Care and Style,1,1682050,1682476
5669,18084,wikihow~29846,indomain,Finance and Business,3,1682478,1682902
5670,18097,wikihow~29865,zeroshot,Personal Care and Style,1,1682904,1683246
5671,18098,wikihow~29867,zeroshot,Family Life,0,1683248,1683778
5672,18099,wikihow~29868,indomain,Sports and Fitness,2,1683780,1684173
5673,18101,wikihow~29872,indomain,Sports and Fitness,3,1684175,1684667
5674,18108,wikihow~29881,zeroshot,Family Life,3,1684669,1685065
5675,18109,wikihow~29882,zeroshot,Personal Care and Style,2,1685067,1685425
5676,18110,wikihow~29883,indomain,Home and Garden,3,1685427,1685844
5677,18114,wikihow~29887,indomain,Home and Garden,1,1685846,1686364
5678,18117,wikihow~29893,zeroshot,Personal Care and Style,0,1686366,1686771
5679,18139,wikihow~29932,indomain,Computers and Electronics,3,1686773,1687202
5680,18141,wikihow~29937,indomain,Food and Entertaining,3,1687204,1687571
5681,18142,wikihow~29939,zeroshot,Family Life,0,1687573,1688076
5682,18143,wikihow~29940,indomain,Pets and Animals,2,1688078,1688442
5683,18152,wikihow~29955,indomain,Education and Communications,2,1688444,1688888
5684,18163,wikihow~29969,indomain,Computers and Electronics,1,1688890,1689238
5685,18185,wikihow~30001,indomain,Food and Entertaining,3,1689240,1689736
5686,18191,wikihow~30008,zeroshot,Personal Care and Style,1,1689738,1690203
5687,18206,wikihow~30031,indomain,Food and Entertaining,2,1690205,1690615
5688,18215,wikihow~30042,zeroshot,Personal Care and Style,2,1690617,1691046
5689,18216,wikihow~30043,indomain,Food and Entertaining,3,1691048,1691542
5690,18222,wikihow~30056,zeroshot,Personal Care and Style,1,1691544,1691820
5691,18232,wikihow~30071,indomain,Youth,1,1691822,1692349
5692,18233,wikihow~30072,zeroshot,Personal Care and Style,2,1692351,1692804
5693,18244,wikihow~30086,indomain,Home and Garden,3,1692806,1693183
5694,18255,wikihow~30101,indomain,Health,3,1693185,1693660
5695,18261,wikihow~30111,indomain,Food and Entertaining,2,1693662,1694058
5696,18272,wikihow~30129,zeroshot,Personal Care and Style,3,1694060,1694523
5697,18273,wikihow~30131,zeroshot,Personal Care and Style,3,1694525,1694974
5698,18281,wikihow~30144,zeroshot,Personal Care and Style,3,1694976,1695524
5699,18285,wikihow~30150,indomain,Home and Garden,2,1695526,1695963
5700,18286,wikihow~30151,zeroshot,Personal Care and Style,3,1695965,1696428
5701,18291,wikihow~30158,indomain,Computers and Electronics,0,1696430,1696886
5702,18292,wikihow~30161,zeroshot,Personal Care and Style,0,1696888,1697480
5703,18300,wikihow~30173,indomain,Food and Entertaining,0,1697482,1697909
5704,18304,wikihow~30179,zeroshot,Personal Care and Style,3,1697911,1698317
5705,18306,wikihow~30183,zeroshot,Family Life,0,1698319,1698743
5706,18324,wikihow~30207,indomain,Finance and Business,0,1698745,1699262
5707,18336,wikihow~30226,zeroshot,Family Life,3,1699264,1699624
5708,18339,wikihow~30230,zeroshot,Personal Care and Style,2,1699626,1700150
5709,18340,wikihow~30231,indomain,Home and Garden,1,1700152,1700627
5710,18342,wikihow~30235,indomain,Youth,2,1700629,1701179
5711,18351,wikihow~30249,zeroshot,Personal Care and Style,2,1701181,1701626
5712,18357,wikihow~30262,indomain,Health,3,1701628,1702184
5713,18361,wikihow~30267,indomain,Health,1,1702186,1702618
5714,18372,wikihow~30284,zeroshot,Family Life,0,1702620,1702993
5715,18375,wikihow~30287,indomain,Home and Garden,3,1702995,1703357
5716,18395,wikihow~30317,zeroshot,Personal Care and Style,1,1703359,1703821
5717,18396,wikihow~30320,indomain,Home and Garden,2,1703823,1704396
5718,18401,wikihow~30326,indomain,Health,2,1704398,1704931
5719,18405,wikihow~30332,zeroshot,Family Life,2,1704933,1705266
5720,18407,wikihow~30334,indomain,Health,3,1705268,1705695
5721,18411,wikihow~30343,zeroshot,Personal Care and Style,1,1705697,1706173
5722,18415,wikihow~30354,indomain,Computers and Electronics,3,1706175,1706668
5723,18416,wikihow~30355,zeroshot,Personal Care and Style,2,1706670,1707132
5724,18421,wikihow~30361,zeroshot,Personal Care and Style,3,1707134,1707534
5725,18433,wikihow~30378,zeroshot,Personal Care and Style,2,1707536,1707951
5726,18434,wikihow~30381,zeroshot,Personal Care and Style,1,1707953,1708388
5727,18466,wikihow~30426,zeroshot,Personal Care and Style,0,1708390,1708785
5728,18495,wikihow~30481,indomain,Finance and Business,1,1708787,1709208
5729,18510,wikihow~30503,indomain,Food and Entertaining,1,1709210,1709624
5730,18519,wikihow~30517,indomain,Work World,2,1709626,1710246
5731,18534,wikihow~30537,zeroshot,Personal Care and Style,0,1710248,1710626
5732,18551,wikihow~30558,zeroshot,Personal Care and Style,0,1710628,1711129
5733,18557,wikihow~30567,indomain,Home and Garden,2,1711131,1711712
5734,18559,wikihow~30572,zeroshot,Family Life,2,1711714,1712140
5735,18560,wikihow~30578,indomain,Food and Entertaining,0,1712142,1712685
5736,18580,wikihow~30608,zeroshot,Personal Care and Style,1,1712687,1713066
5737,18590,wikihow~30624,zeroshot,Personal Care and Style,1,1713068,1713620
5738,18593,wikihow~30628,indomain,Health,0,1713622,1714151
5739,18601,wikihow~30638,zeroshot,Personal Care and Style,3,1714153,1714658
5740,18616,wikihow~30663,indomain,Health,1,1714660,1715056
5741,18617,wikihow~30664,indomain,Relationships,0,1715058,1715504
5742,18629,wikihow~30683,zeroshot,Family Life,0,1715506,1716047
5743,18637,wikihow~30697,indomain,Food and Entertaining,3,1716049,1716442
5744,18640,wikihow~30703,indomain,Pets and Animals,1,1716444,1716903
5745,18650,wikihow~30717,indomain,Health,3,1716905,1717509
5746,18661,wikihow~30739,zeroshot,Family Life,1,1717511,1717916
5747,18700,wikihow~30809,indomain,Computers and Electronics,3,1717918,1718286
5748,18701,wikihow~30810,indomain,Home and Garden,1,1718288,1718808
5749,18715,wikihow~30831,indomain,Computers and Electronics,0,1718810,1719155
5750,18717,wikihow~30833,indomain,Youth,2,1719157,1719559
5751,18718,wikihow~30834,zeroshot,Family Life,2,1719561,1720149
5752,18720,wikihow~30837,zeroshot,Family Life,1,1720151,1720593
5753,18722,wikihow~30839,indomain,Home and Garden,1,1720595,1721166
5754,18726,wikihow~30854,indomain,Education and Communications,3,1721168,1721555
5755,18730,wikihow~30862,zeroshot,Personal Care and Style,3,1721557,1722110
5756,18741,wikihow~30885,indomain,Youth,0,1722112,1722731
5757,18751,wikihow~30904,indomain,Home and Garden,3,1722733,1723195
5758,18761,wikihow~30920,zeroshot,Family Life,1,1723197,1723771
5759,18766,wikihow~30932,indomain,Sports and Fitness,0,1723773,1724254
5760,18776,wikihow~30947,zeroshot,Personal Care and Style,1,1724256,1724684
5761,18781,wikihow~30954,indomain,Travel,2,1724686,1725311
5762,18787,wikihow~30966,indomain,Health,0,1725313,1725785
5763,18790,wikihow~30970,zeroshot,Personal Care and Style,0,1725787,1726216
5764,18791,wikihow~30971,zeroshot,Personal Care and Style,1,1726218,1726655
5765,18795,wikihow~30975,zeroshot,Personal Care and Style,3,1726657,1727140
5766,18799,wikihow~30982,zeroshot,Family Life,2,1727142,1727629
5767,18801,wikihow~30985,zeroshot,Personal Care and Style,2,1727631,1728054
5768,18805,wikihow~30991,indomain,Computers and Electronics,1,1728056,1728411
5769,18814,wikihow~31009,zeroshot,Personal Care and Style,2,1728413,1728902
5770,18828,wikihow~31034,indomain,Computers and Electronics,0,1728904,1729375
5771,18833,wikihow~31045,indomain,Computers and Electronics,3,1729377,1729835
5772,18836,wikihow~31052,zeroshot,Personal Care and Style,1,1729837,1730183
5773,18844,wikihow~31065,zeroshot,Personal Care and Style,3,1730185,1730599
5774,18864,wikihow~31095,indomain,Youth,0,1730601,1731035
5775,18876,wikihow~31114,indomain,Home and Garden,2,1731037,1731472
5776,18878,wikihow~31120,indomain,Education and Communications,3,1731474,1731985
5777,18879,wikihow~31123,zeroshot,Personal Care and Style,0,1731987,1732411
5778,18882,wikihow~31128,zeroshot,Family Life,2,1732413,1732861
5779,18893,wikihow~31144,zeroshot,Personal Care and Style,1,1732863,1733394
5780,18895,wikihow~31149,indomain,Finance and Business,1,1733396,1733806
5781,18899,wikihow~31156,zeroshot,Personal Care and Style,3,1733808,1734272
5782,18901,wikihow~31158,indomain,Youth,3,1734274,1734732
5783,18903,wikihow~31160,indomain,Health,1,1734734,1735106
5784,18912,wikihow~31170,indomain,Cars & Other Vehicles,0,1735108,1735570
5785,18921,wikihow~31184,zeroshot,Personal Care and Style,1,1735572,1736151
5786,18939,wikihow~31220,indomain,Health,2,1736153,1736659
5787,18949,wikihow~31243,zeroshot,Personal Care and Style,0,1736661,1736996
5788,18951,wikihow~31247,indomain,Sports and Fitness,1,1736998,1737399
5789,18963,wikihow~31265,zeroshot,Personal Care and Style,1,1737401,1737850
5790,18964,wikihow~31266,indomain,Relationships,3,1737852,1738296
5791,18975,wikihow~31282,zeroshot,Personal Care and Style,0,1738298,1738733
5792,18976,wikihow~31286,zeroshot,Personal Care and Style,2,1738735,1739311
5793,18977,wikihow~31288,zeroshot,Personal Care and Style,2,1739313,1739833
5794,18978,wikihow~31289,zeroshot,Personal Care and Style,3,1739835,1740258
5795,18981,wikihow~31296,indomain,Health,2,1740260,1740742
5796,18983,wikihow~31299,zeroshot,Personal Care and Style,1,1740744,1741293
5797,18984,wikihow~31303,indomain,Home and Garden,3,1741295,1741845
5798,18985,wikihow~31306,indomain,Pets and Animals,2,1741847,1742245
5799,18988,wikihow~31312,indomain,Education and Communications,3,1742247,1742579
5800,19004,wikihow~31340,zeroshot,Personal Care and Style,3,1742581,1743010
5801,19011,wikihow~31351,zeroshot,Family Life,2,1743012,1743366
5802,19021,wikihow~31371,zeroshot,Personal Care and Style,0,1743368,1743861
5803,19032,wikihow~31390,indomain,Health,2,1743863,1744294
5804,19037,wikihow~31397,zeroshot,Personal Care and Style,3,1744296,1744657
5805,19042,wikihow~31408,indomain,Youth,0,1744659,1745129
5806,19051,wikihow~31420,indomain,Food and Entertaining,3,1745131,1745528
5807,19057,wikihow~31429,indomain,Finance and Business,0,1745530,1745990
5808,19069,wikihow~31446,zeroshot,Personal Care and Style,0,1745992,1746411
5809,19073,wikihow~31450,zeroshot,Personal Care and Style,1,1746413,1747024
5810,19077,wikihow~31455,indomain,Sports and Fitness,1,1747026,1747520
5811,19090,wikihow~31476,indomain,Computers and Electronics,2,1747522,1747892
5812,19095,wikihow~31488,indomain,Food and Entertaining,3,1747894,1748426
5813,19101,wikihow~31497,indomain,Health,1,1748428,1748785
5814,19146,wikihow~31571,indomain,Health,0,1748787,1749367
5815,19152,wikihow~31581,indomain,Education and Communications,0,1749369,1749822
5816,19155,wikihow~31589,indomain,Computers and Electronics,1,1749824,1750209
5817,19162,wikihow~31609,zeroshot,Personal Care and Style,2,1750211,1750594
5818,19165,wikihow~31614,zeroshot,Personal Care and Style,1,1750596,1750966
5819,19169,wikihow~31621,zeroshot,Personal Care and Style,1,1750968,1751416
5820,19186,wikihow~31648,indomain,Work World,0,1751418,1751937
5821,19188,wikihow~31650,zeroshot,Personal Care and Style,3,1751939,1752354
5822,19199,wikihow~31666,zeroshot,Personal Care and Style,2,1752356,1752884
5823,19201,wikihow~31673,zeroshot,Personal Care and Style,1,1752886,1753426
5824,19222,wikihow~31703,zeroshot,Personal Care and Style,0,1753428,1753953
5825,19237,wikihow~31726,zeroshot,Family Life,2,1753955,1754399
5826,19241,wikihow~31732,zeroshot,Personal Care and Style,2,1754401,1754839
5827,19249,wikihow~31748,zeroshot,Personal Care and Style,0,1754841,1755330
5828,19253,wikihow~31752,zeroshot,Family Life,0,1755332,1755822
5829,19257,wikihow~31760,indomain,Health,2,1755824,1756409
5830,19275,wikihow~31788,zeroshot,Personal Care and Style,2,1756411,1756874
5831,19282,wikihow~31798,indomain,Health,1,1756876,1757248
5832,19288,wikihow~31808,indomain,Home and Garden,3,1757250,1757883
5833,19298,wikihow~31831,zeroshot,Family Life,0,1757885,1758367
5834,19318,wikihow~31863,zeroshot,Personal Care and Style,0,1758369,1758682
5835,19320,wikihow~31866,zeroshot,Family Life,2,1758684,1759142
5836,19322,wikihow~31868,indomain,Computers and Electronics,1,1759144,1759599
5837,19323,wikihow~31869,zeroshot,Personal Care and Style,0,1759601,1760135
5838,19334,wikihow~31894,indomain,Education and Communications,0,1760137,1760578
5839,19335,wikihow~31895,zeroshot,Personal Care and Style,3,1760580,1760927
5840,19353,wikihow~31927,indomain,Computers and Electronics,2,1760929,1761303
5841,19354,wikihow~31933,indomain,Education and Communications,2,1761305,1761833
5842,19355,wikihow~31934,zeroshot,Personal Care and Style,1,1761835,1762234
5843,19360,wikihow~31943,indomain,Health,3,1762236,1762778
5844,19363,wikihow~31947,indomain,Health,2,1762780,1763308
5845,19373,wikihow~31968,zeroshot,Personal Care and Style,3,1763310,1763599
5846,19378,wikihow~31978,indomain,Pets and Animals,3,1763601,1764029
5847,19379,wikihow~31979,zeroshot,Personal Care and Style,0,1764031,1764411
5848,19381,wikihow~31982,indomain,Food and Entertaining,3,1764413,1764671
5849,19385,wikihow~31987,zeroshot,Personal Care and Style,0,1764673,1765171
5850,19386,wikihow~31988,indomain,Youth,1,1765173,1765545
5851,19390,wikihow~31992,indomain,Cars & Other Vehicles,3,1765547,1766162
5852,19391,wikihow~31993,zeroshot,Personal Care and Style,0,1766164,1766617
5853,19394,wikihow~31998,zeroshot,Personal Care and Style,3,1766619,1767007
5854,19402,wikihow~32011,indomain,Travel,3,1767009,1767444
5855,19404,wikihow~32016,indomain,Food and Entertaining,2,1767446,1767854
5856,19416,wikihow~32033,zeroshot,Family Life,1,1767856,1768278
5857,19421,wikihow~32038,indomain,Youth,0,1768280,1768701
5858,19423,wikihow~32040,zeroshot,Family Life,3,1768703,1769081
5859,19429,wikihow~32050,zeroshot,Personal Care and Style,0,1769083,1769507
5860,19434,wikihow~32058,zeroshot,Personal Care and Style,3,1769509,1770017
5861,19452,wikihow~32101,indomain,Finance and Business,0,1770019,1770603
5862,19454,wikihow~32105,zeroshot,Personal Care and Style,2,1770605,1770998
5863,19493,wikihow~32164,zeroshot,Personal Care and Style,0,1771000,1771425
5864,19498,wikihow~32170,zeroshot,Personal Care and Style,0,1771427,1771849
5865,19514,wikihow~32193,indomain,Food and Entertaining,3,1771851,1772186
5866,19516,wikihow~32196,zeroshot,Personal Care and Style,1,1772188,1772517
5867,19519,wikihow~32203,zeroshot,Personal Care and Style,0,1772519,1772962
5868,19523,wikihow~32214,indomain,Computers and Electronics,3,1772964,1773370
5869,19536,wikihow~32235,indomain,Finance and Business,2,1773372,1773911
5870,19555,wikihow~32267,indomain,Sports and Fitness,0,1773913,1774414
5871,19577,wikihow~32308,zeroshot,Family Life,3,1774416,1774942
5872,19599,wikihow~32356,zeroshot,Family Life,2,1774944,1775250
5873,19615,wikihow~32381,zeroshot,Personal Care and Style,2,1775252,1775609
5874,19627,wikihow~32406,zeroshot,Personal Care and Style,2,1775611,1776143
5875,19630,wikihow~32412,indomain,Sports and Fitness,3,1776145,1776760
5876,19634,wikihow~32416,indomain,Uncategorized,2,1776762,1777170
5877,19635,wikihow~32417,zeroshot,Family Life,3,1777172,1777641
5878,19638,wikihow~32420,indomain,Home and Garden,3,1777643,1778203
5879,19662,wikihow~32459,zeroshot,Personal Care and Style,3,1778205,1778601
5880,19665,wikihow~32463,indomain,Computers and Electronics,0,1778603,1779000
5881,19682,wikihow~32491,zeroshot,Personal Care and Style,0,1779002,1779524
5882,19698,wikihow~32520,zeroshot,Family Life,2,1779526,1779901
5883,19703,wikihow~32529,indomain,Education and Communications,3,1779903,1780434
5884,19705,wikihow~32532,zeroshot,Personal Care and Style,0,1780436,1780888
5885,19706,wikihow~32533,indomain,Food and Entertaining,2,1780890,1781385
5886,19710,wikihow~32539,zeroshot,Family Life,0,1781387,1781922
5887,19711,wikihow~32540,zeroshot,Personal Care and Style,0,1781924,1782351
5888,19717,wikihow~32551,zeroshot,Family Life,0,1782353,1782865
5889,19726,wikihow~32570,zeroshot,Family Life,0,1782867,1783274
5890,19727,wikihow~32571,zeroshot,Personal Care and Style,1,1783276,1783779
5891,19730,wikihow~32576,zeroshot,Personal Care and Style,2,1783781,1784156
5892,19734,wikihow~32582,zeroshot,Family Life,0,1784158,1784737
5893,19738,wikihow~32589,indomain,Health,0,1784739,1785197
5894,19743,wikihow~32594,indomain,Travel,3,1785199,1785749
5895,19755,wikihow~32617,zeroshot,Personal Care and Style,0,1785751,1786187
5896,19769,wikihow~32636,zeroshot,Personal Care and Style,2,1786189,1786722
5897,19774,wikihow~32643,indomain,Health,1,1786724,1787144
5898,19779,wikihow~32651,zeroshot,Family Life,2,1787146,1787695
5899,19794,wikihow~32683,indomain,Pets and Animals,2,1787697,1788188
5900,19796,wikihow~32686,indomain,Pets and Animals,2,1788190,1788695
5901,19799,wikihow~32690,zeroshot,Personal Care and Style,2,1788697,1789155
5902,19800,wikihow~32692,zeroshot,Personal Care and Style,1,1789157,1789683
5903,19807,wikihow~32714,indomain,Food and Entertaining,3,1789685,1790045
5904,19821,wikihow~32737,indomain,Home and Garden,1,1790047,1790551
5905,19823,wikihow~32741,zeroshot,Family Life,3,1790553,1791033
5906,19829,wikihow~32750,indomain,Pets and Animals,0,1791035,1791482
5907,19835,wikihow~32759,zeroshot,Family Life,3,1791484,1791895
5908,19838,wikihow~32762,indomain,Home and Garden,3,1791897,1792392
5909,19858,wikihow~32799,zeroshot,Personal Care and Style,0,1792394,1792849
5910,19859,wikihow~32800,indomain,Education and Communications,3,1792851,1793363
5911,19860,wikihow~32801,indomain,Sports and Fitness,3,1793365,1793852
5912,19876,wikihow~32820,indomain,Health,0,1793854,1794400
5913,19887,wikihow~32838,indomain,Food and Entertaining,3,1794402,1794833
5914,19891,wikihow~32845,zeroshot,Personal Care and Style,0,1794835,1795281
5915,19909,wikihow~32876,zeroshot,Personal Care and Style,2,1795283,1795780
5916,19911,wikihow~32879,indomain,Finance and Business,3,1795782,1796265
5917,19916,wikihow~32885,indomain,Computers and Electronics,3,1796267,1796817
5918,19921,wikihow~32892,indomain,Youth,1,1796819,1797353
5919,19940,wikihow~32920,indomain,Home and Garden,1,1797355,1797860
5920,19941,wikihow~32923,indomain,Food and Entertaining,1,1797862,1798355
5921,19943,wikihow~32928,zeroshot,Personal Care and Style,3,1798357,1798753
5922,19953,wikihow~32943,indomain,Education and Communications,0,1798755,1799215
5923,19954,wikihow~32944,indomain,Food and Entertaining,1,1799217,1799577
5924,19955,wikihow~32946,zeroshot,Personal Care and Style,2,1799579,1799933
5925,19957,wikihow~32948,indomain,Finance and Business,1,1799935,1800499
5926,19960,wikihow~32953,zeroshot,Personal Care and Style,1,1800501,1800926
5927,19967,wikihow~32964,indomain,Pets and Animals,0,1800928,1801363
5928,19971,wikihow~32973,zeroshot,Personal Care and Style,1,1801365,1801735
5929,19974,wikihow~32978,indomain,Health,0,1801737,1802210
5930,19977,wikihow~32983,zeroshot,Personal Care and Style,3,1802212,1802564
5931,19988,wikihow~33005,indomain,Food and Entertaining,3,1802566,1803037
5932,19992,wikihow~33012,indomain,Finance and Business,0,1803039,1803505
5933,20003,wikihow~33033,indomain,Education and Communications,3,1803507,1803877
5934,20007,wikihow~33043,indomain,Health,2,1803879,1804377
5935,20008,wikihow~33046,zeroshot,Personal Care and Style,1,1804379,1804710
5936,20009,wikihow~33048,indomain,Food and Entertaining,0,1804712,1805109
5937,20014,wikihow~33059,indomain,Education and Communications,2,1805111,1805547
5938,20017,wikihow~33062,zeroshot,Personal Care and Style,1,1805549,1806093
5939,20020,wikihow~33066,zeroshot,Family Life,3,1806095,1806573
5940,20021,wikihow~33069,zeroshot,Family Life,3,1806575,1807134
5941,20026,wikihow~33079,zeroshot,Family Life,3,1807136,1807618
5942,20034,wikihow~33089,indomain,Travel,1,1807620,1808156
5943,20036,wikihow~33091,zeroshot,Family Life,1,1808158,1808634
5944,20050,wikihow~33115,zeroshot,Family Life,2,1808636,1808999
5945,20063,wikihow~33136,indomain,Relationships,0,1809001,1809529
5946,20078,wikihow~33157,zeroshot,Personal Care and Style,3,1809531,1810037
5947,20087,wikihow~33169,indomain,Health,0,1810039,1810475
5948,20089,wikihow~33172,indomain,Food and Entertaining,1,1810477,1811035
5949,20093,wikihow~33178,zeroshot,Personal Care and Style,0,1811037,1811499
5950,20103,wikihow~33195,zeroshot,Family Life,3,1811501,1812063
5951,20110,wikihow~33208,zeroshot,Family Life,0,1812065,1812599
5952,20112,wikihow~33214,indomain,Home and Garden,2,1812601,1813071
5953,20123,wikihow~33234,indomain,Computers and Electronics,2,1813073,1813660
5954,20140,wikihow~33259,zeroshot,Personal Care and Style,2,1813662,1814170
5955,20143,wikihow~33262,zeroshot,Personal Care and Style,3,1814172,1814536
5956,20149,wikihow~33270,indomain,Computers and Electronics,2,1814538,1815016
5957,20154,wikihow~33276,zeroshot,Family Life,2,1815018,1815466
5958,20162,wikihow~33287,indomain,Pets and Animals,3,1815468,1815904
5959,20166,wikihow~33293,indomain,Health,3,1815906,1816415
5960,20170,wikihow~33301,zeroshot,Family Life,2,1816417,1816776
5961,20184,wikihow~33317,zeroshot,Personal Care and Style,1,1816778,1817190
5962,20186,wikihow~33321,zeroshot,Family Life,0,1817192,1817734
5963,20192,wikihow~33331,zeroshot,Personal Care and Style,3,1817736,1818150
5964,20197,wikihow~33341,indomain,Food and Entertaining,1,1818152,1818641
5965,20199,wikihow~33347,zeroshot,Family Life,1,1818643,1819069
5966,20201,wikihow~33352,indomain,Food and Entertaining,2,1819071,1819401
5967,20204,wikihow~33356,indomain,Sports and Fitness,1,1819403,1819840
5968,20210,wikihow~33365,zeroshot,Personal Care and Style,3,1819842,1820256
5969,20211,wikihow~33366,indomain,Food and Entertaining,2,1820258,1820715
5970,20214,wikihow~33370,zeroshot,Personal Care and Style,0,1820717,1821229
5971,20233,wikihow~33399,zeroshot,Personal Care and Style,0,1821231,1821654
5972,20241,wikihow~33410,zeroshot,Personal Care and Style,0,1821656,1822117
5973,20249,wikihow~33427,indomain,Computers and Electronics,3,1822119,1822582
5974,20253,wikihow~33434,zeroshot,Personal Care and Style,1,1822584,1823117
5975,20258,wikihow~33442,zeroshot,Personal Care and Style,2,1823119,1823598
5976,20259,wikihow~33443,indomain,Home and Garden,1,1823600,1824031
5977,20260,wikihow~33446,indomain,Food and Entertaining,0,1824033,1824574
5978,20271,wikihow~33464,zeroshot,Personal Care and Style,1,1824576,1825047
5979,20272,wikihow~33466,indomain,Relationships,3,1825049,1825617
5980,20274,wikihow~33468,zeroshot,Personal Care and Style,2,1825619,1826037
5981,20275,wikihow~33470,zeroshot,Personal Care and Style,1,1826039,1826412
5982,20278,wikihow~33474,indomain,Health,0,1826414,1826794
5983,20287,wikihow~33491,indomain,Computers and Electronics,2,1826796,1827357
5984,20289,wikihow~33495,zeroshot,Personal Care and Style,2,1827359,1827787
5985,20297,wikihow~33508,indomain,Finance and Business,2,1827789,1828341
5986,20298,wikihow~33509,zeroshot,Family Life,2,1828343,1828827
5987,20309,wikihow~33528,indomain,Health,2,1828829,1829265
5988,20319,wikihow~33550,indomain,Home and Garden,1,1829267,1829553
5989,20324,wikihow~33558,zeroshot,Personal Care and Style,0,1829555,1830022
5990,20330,wikihow~33566,indomain,Computers and Electronics,0,1830024,1830391
5991,20334,wikihow~33571,zeroshot,Personal Care and Style,3,1830393,1830742
5992,20352,wikihow~33606,indomain,Computers and Electronics,3,1830744,1831299
5993,20363,wikihow~33621,indomain,Pets and Animals,1,1831301,1831768
5994,20374,wikihow~33637,zeroshot,Family Life,3,1831770,1832219
5995,20377,wikihow~33643,zeroshot,Personal Care and Style,2,1832221,1832735
5996,20383,wikihow~33652,zeroshot,Personal Care and Style,1,1832737,1833130
5997,20393,wikihow~33669,indomain,Computers and Electronics,2,1833132,1833544
5998,20400,wikihow~33678,zeroshot,Family Life,2,1833546,1833973
5999,20401,wikihow~33679,indomain,Food and Entertaining,1,1833975,1834338
6000,20405,wikihow~33685,zeroshot,Personal Care and Style,2,1834340,1834799
6001,20408,wikihow~33689,zeroshot,Personal Care and Style,0,1834801,1835238
6002,20411,wikihow~33692,indomain,Finance and Business,2,1835240,1835603
6003,20417,wikihow~33699,indomain,Food and Entertaining,3,1835605,1836142
6004,20419,wikihow~33706,indomain,Home and Garden,1,1836144,1836755
6005,20454,wikihow~33759,zeroshot,Family Life,0,1836757,1837260
6006,20471,wikihow~33786,zeroshot,Family Life,2,1837262,1837845
6007,20474,wikihow~33791,indomain,Education and Communications,0,1837847,1838231
6008,20477,wikihow~33798,zeroshot,Personal Care and Style,0,1838233,1838693
6009,20481,wikihow~33804,zeroshot,Personal Care and Style,3,1838695,1839239
6010,20483,wikihow~33810,zeroshot,Family Life,1,1839241,1839744
6011,20486,wikihow~33814,zeroshot,Personal Care and Style,3,1839746,1840219
6012,20487,wikihow~33815,indomain,Finance and Business,0,1840221,1840836
6013,20496,wikihow~33827,indomain,Youth,3,1840838,1841204
6014,20501,wikihow~33833,zeroshot,Personal Care and Style,3,1841206,1841806
6015,20515,wikihow~33850,indomain,Health,0,1841808,1842173
6016,20529,wikihow~33875,zeroshot,Personal Care and Style,2,1842175,1842626
6017,20530,wikihow~33876,indomain,Health,2,1842628,1842987
6018,20536,wikihow~33893,indomain,Youth,0,1842989,1843521
6019,20541,wikihow~33900,indomain,Computers and Electronics,0,1843523,1843858
6020,20550,wikihow~33916,zeroshot,Family Life,1,1843860,1844278
6021,20552,wikihow~33918,indomain,Computers and Electronics,2,1844280,1844711
6022,20553,wikihow~33919,indomain,Holidays and Traditions,0,1844713,1845110
6023,20554,wikihow~33920,indomain,Health,3,1845112,1845566
6024,20589,wikihow~33977,zeroshot,Personal Care and Style,3,1845568,1846007
6025,20592,wikihow~33981,zeroshot,Family Life,2,1846009,1846312
6026,20598,wikihow~33994,zeroshot,Personal Care and Style,3,1846314,1846855
6027,20600,wikihow~33997,indomain,Home and Garden,1,1846857,1847356
6028,20604,wikihow~34004,zeroshot,Personal Care and Style,2,1847358,1847860
6029,20606,wikihow~34008,indomain,Computers and Electronics,2,1847862,1848247
6030,20625,wikihow~34037,zeroshot,Personal Care and Style,1,1848249,1848622
6031,20632,wikihow~34048,zeroshot,Personal Care and Style,2,1848624,1848930
6032,20642,wikihow~34062,indomain,Finance and Business,3,1848932,1849511
6033,20643,wikihow~34063,indomain,Home and Garden,3,1849513,1850096
6034,20645,wikihow~34067,indomain,Pets and Animals,1,1850098,1850605
6035,20671,wikihow~34109,zeroshot,Personal Care and Style,2,1850607,1851033
6036,20682,wikihow~34131,zeroshot,Personal Care and Style,3,1851035,1851519
6037,20692,wikihow~34148,zeroshot,Personal Care and Style,2,1851521,1851983
6038,20707,wikihow~34175,indomain,Finance and Business,2,1851985,1852558
6039,20709,wikihow~34179,zeroshot,Family Life,0,1852560,1852998
6040,20723,wikihow~34200,zeroshot,Personal Care and Style,2,1853000,1853383
6041,20729,wikihow~34215,indomain,Health,3,1853385,1853930
6042,20732,wikihow~34218,indomain,Food and Entertaining,0,1853932,1854477
6043,20735,wikihow~34224,indomain,Sports and Fitness,0,1854479,1855015
6044,20742,wikihow~34240,zeroshot,Family Life,2,1855017,1855594
6045,20752,wikihow~34258,indomain,Food and Entertaining,2,1855596,1856048
6046,20762,wikihow~34271,zeroshot,Family Life,1,1856050,1856477
6047,20767,wikihow~34280,indomain,Relationships,1,1856479,1856861
6048,20776,wikihow~34291,zeroshot,Personal Care and Style,1,1856863,1857389
6049,20779,wikihow~34300,zeroshot,Personal Care and Style,0,1857391,1857868
6050,20782,wikihow~34304,zeroshot,Family Life,3,1857870,1858482
6051,20785,wikihow~34313,indomain,Home and Garden,1,1858484,1858736
6052,20788,wikihow~34316,zeroshot,Family Life,3,1858738,1859168
6053,20822,wikihow~34370,zeroshot,Family Life,2,1859170,1859508
6054,20824,wikihow~34372,indomain,Home and Garden,2,1859510,1859954
6055,20827,wikihow~34377,indomain,Holidays and Traditions,1,1859956,1860380
6056,20830,wikihow~34383,zeroshot,Personal Care and Style,0,1860382,1860845
6057,20849,wikihow~34409,zeroshot,Personal Care and Style,0,1860847,1861213
6058,20856,wikihow~34418,indomain,Education and Communications,2,1861215,1861686
6059,20858,wikihow~34426,indomain,"Home,Categories",1,1861688,1862213
6060,20860,wikihow~34429,indomain,Travel,1,1862215,1862738
6061,20864,wikihow~34435,zeroshot,Personal Care and Style,2,1862740,1863183
6062,20870,wikihow~34445,zeroshot,Personal Care and Style,3,1863185,1863712
6063,20871,wikihow~34450,indomain,Computers and Electronics,0,1863714,1864183
6064,20872,wikihow~34452,zeroshot,Personal Care and Style,1,1864185,1864750
6065,20884,wikihow~34467,zeroshot,Personal Care and Style,0,1864752,1865084
6066,20887,wikihow~34477,indomain,Education and Communications,3,1865086,1865492
6067,20892,wikihow~34488,zeroshot,Family Life,3,1865494,1866082
6068,20910,wikihow~34516,indomain,Pets and Animals,3,1866084,1866504
6069,20911,wikihow~34519,indomain,Work World,3,1866506,1866940
6070,20944,wikihow~34567,zeroshot,Family Life,0,1866942,1867496
6071,20945,wikihow~34569,zeroshot,Personal Care and Style,1,1867498,1868090
6072,20946,wikihow~34570,zeroshot,Personal Care and Style,1,1868092,1868558
6073,20953,wikihow~34580,indomain,Home and Garden,3,1868560,1868978
6074,20986,wikihow~34629,indomain,Computers and Electronics,0,1868980,1869548
6075,20991,wikihow~34639,zeroshot,Personal Care and Style,1,1869550,1869946
6076,20992,wikihow~34641,zeroshot,Personal Care and Style,2,1869948,1870372
6077,21011,wikihow~34671,indomain,Computers and Electronics,1,1870374,1870826
6078,21025,wikihow~34701,zeroshot,Personal Care and Style,1,1870828,1871292
6079,21034,wikihow~34715,indomain,Food and Entertaining,2,1871294,1871780
6080,21037,wikihow~34718,indomain,Finance and Business,2,1871782,1872339
6081,21042,wikihow~34729,zeroshot,Personal Care and Style,0,1872341,1872842
6082,21045,wikihow~34733,zeroshot,Personal Care and Style,0,1872844,1873286
6083,21071,wikihow~34772,indomain,Home and Garden,1,1873288,1873691
6084,21079,wikihow~34783,indomain,Pets and Animals,1,1873693,1874284
6085,21081,wikihow~34786,indomain,Work World,2,1874286,1874799
6086,21089,wikihow~34802,zeroshot,Personal Care and Style,0,1874801,1875126
6087,21102,wikihow~34828,indomain,Youth,0,1875128,1875653
6088,21105,wikihow~34833,zeroshot,Family Life,0,1875655,1876202
6089,21115,wikihow~34849,indomain,Work World,3,1876204,1876645
6090,21117,wikihow~34853,indomain,Pets and Animals,0,1876647,1877080
6091,21125,wikihow~34864,zeroshot,Personal Care and Style,3,1877082,1877625
6092,21139,wikihow~34883,zeroshot,Personal Care and Style,3,1877627,1878216
6093,21141,wikihow~34887,zeroshot,Personal Care and Style,2,1878218,1878703
6094,21174,wikihow~34938,zeroshot,Personal Care and Style,2,1878705,1879074
6095,21176,wikihow~34940,zeroshot,Personal Care and Style,2,1879076,1879506
6096,21185,wikihow~34956,zeroshot,Personal Care and Style,0,1879508,1879956
6097,21194,wikihow~34970,indomain,Work World,2,1879958,1880409
6098,21203,wikihow~34995,indomain,Work World,2,1880411,1880854
6099,21213,wikihow~35012,zeroshot,Personal Care and Style,2,1880856,1881206
6100,21221,wikihow~35025,indomain,Relationships,2,1881208,1881512
6101,21243,wikihow~35066,indomain,Pets and Animals,1,1881514,1882011
6102,21247,wikihow~35072,zeroshot,Family Life,2,1882013,1882440
6103,21252,wikihow~35087,zeroshot,Personal Care and Style,0,1882442,1882829
6104,21253,wikihow~35089,zeroshot,Personal Care and Style,3,1882831,1883414
6105,21258,wikihow~35096,zeroshot,Family Life,0,1883416,1883936
6106,21260,wikihow~35102,zeroshot,Personal Care and Style,0,1883938,1884386
6107,21267,wikihow~35114,indomain,Health,0,1884388,1884957
6108,21278,wikihow~35134,zeroshot,Personal Care and Style,1,1884959,1885420
6109,21286,wikihow~35150,zeroshot,Personal Care and Style,0,1885422,1885710
6110,21289,wikihow~35155,zeroshot,Personal Care and Style,3,1885712,1886185
6111,21295,wikihow~35163,zeroshot,Family Life,2,1886187,1886683
6112,21301,wikihow~35171,zeroshot,Family Life,3,1886685,1887235
6113,21304,wikihow~35176,indomain,Youth,3,1887237,1887556
6114,21309,wikihow~35187,zeroshot,Family Life,2,1887558,1888171
6115,21312,wikihow~35191,zeroshot,Personal Care and Style,3,1888173,1888594
6116,21314,wikihow~35194,zeroshot,Family Life,2,1888596,1889110
6117,21327,wikihow~35216,indomain,Pets and Animals,0,1889112,1889616
6118,21329,wikihow~35219,indomain,Health,2,1889618,1890161
6119,21331,wikihow~35221,zeroshot,Personal Care and Style,2,1890163,1890578
6120,21335,wikihow~35233,zeroshot,Personal Care and Style,2,1890580,1891036
6121,21337,wikihow~35240,zeroshot,Personal Care and Style,1,1891038,1891434
6122,21340,wikihow~35244,zeroshot,Personal Care and Style,1,1891436,1891803
6123,21352,wikihow~35266,zeroshot,Personal Care and Style,3,1891805,1892322
6124,21364,wikihow~35285,zeroshot,Personal Care and Style,3,1892324,1892905
6125,21365,wikihow~35286,indomain,Education and Communications,2,1892907,1893550
6126,21368,wikihow~35290,indomain,Finance and Business,3,1893552,1893901
6127,21375,wikihow~35303,zeroshot,Personal Care and Style,2,1893903,1894374
6128,21376,wikihow~35304,indomain,Health,2,1894376,1894861
6129,21389,wikihow~35329,indomain,Computers and Electronics,2,1894863,1895212
6130,21397,wikihow~35340,zeroshot,Personal Care and Style,1,1895214,1895605
6131,21400,wikihow~35345,zeroshot,Personal Care and Style,3,1895607,1896008
6132,21415,wikihow~35377,indomain,Youth,2,1896010,1896340
6133,21423,wikihow~35391,indomain,Computers and Electronics,3,1896342,1896864
6134,21426,wikihow~35395,zeroshot,Family Life,0,1896866,1897310
6135,21440,wikihow~35415,zeroshot,Personal Care and Style,3,1897312,1897690
6136,21441,wikihow~35416,indomain,Food and Entertaining,3,1897692,1898218
6137,21443,wikihow~35418,zeroshot,Personal Care and Style,1,1898220,1898632
6138,21449,wikihow~35429,indomain,Holidays and Traditions,1,1898634,1898937
6139,21459,wikihow~35448,indomain,Finance and Business,2,1898939,1899361
6140,21463,wikihow~35456,zeroshot,Personal Care and Style,3,1899363,1899801
6141,21470,wikihow~35473,zeroshot,Family Life,0,1899803,1900224
6142,21472,wikihow~35476,zeroshot,Personal Care and Style,0,1900226,1900719
6143,21475,wikihow~35484,indomain,Education and Communications,2,1900721,1901183
6144,21483,wikihow~35494,indomain,Health,1,1901185,1901643
6145,21490,wikihow~35505,zeroshot,Family Life,0,1901645,1902139
6146,21503,wikihow~35519,zeroshot,Personal Care and Style,3,1902141,1902514
6147,21507,wikihow~35524,zeroshot,Personal Care and Style,0,1902516,1902935
6148,21515,wikihow~35535,indomain,Food and Entertaining,1,1902937,1903422
6149,21520,wikihow~35542,indomain,Cars & Other Vehicles,2,1903424,1903841
6150,21547,wikihow~35582,zeroshot,Personal Care and Style,0,1903843,1904417
6151,21550,wikihow~35586,zeroshot,Personal Care and Style,1,1904419,1904898
6152,21560,wikihow~35605,indomain,Youth,3,1904900,1905381
6153,21580,wikihow~35641,zeroshot,Personal Care and Style,2,1905383,1905868
6154,21582,wikihow~35643,zeroshot,Personal Care and Style,1,1905870,1906324
6155,21590,wikihow~35654,zeroshot,Personal Care and Style,0,1906326,1906712
6156,21610,wikihow~35692,zeroshot,Family Life,1,1906714,1907164
6157,21611,wikihow~35693,indomain,Relationships,3,1907166,1907647
6158,21618,wikihow~35702,zeroshot,Personal Care and Style,1,1907649,1908009
6159,21660,wikihow~35777,zeroshot,Personal Care and Style,3,1908011,1908406
6160,21664,wikihow~35781,zeroshot,Family Life,1,1908408,1908851
6161,21668,wikihow~35786,indomain,Pets and Animals,2,1908853,1909347
6162,21677,wikihow~35797,indomain,Food and Entertaining,0,1909349,1909736
6163,21687,wikihow~35815,indomain,Health,0,1909738,1910197
6164,21695,wikihow~35829,zeroshot,Personal Care and Style,1,1910199,1910608
6165,21698,wikihow~35834,indomain,Computers and Electronics,0,1910610,1910947
6166,21715,wikihow~35857,indomain,Finance and Business,3,1910949,1911405
6167,21720,wikihow~35863,indomain,Sports and Fitness,2,1911407,1911826
6168,21722,wikihow~35865,zeroshot,Personal Care and Style,3,1911828,1912223
6169,21723,wikihow~35866,indomain,Youth,2,1912225,1912706
6170,21727,wikihow~35874,zeroshot,Personal Care and Style,2,1912708,1913129
6171,21746,wikihow~35906,indomain,Food and Entertaining,0,1913131,1913607
6172,21757,wikihow~35924,indomain,Food and Entertaining,0,1913609,1913927
6173,21774,wikihow~35950,zeroshot,Personal Care and Style,3,1913929,1914436
6174,21781,wikihow~35957,indomain,Home and Garden,1,1914438,1914814
6175,21790,wikihow~35974,indomain,Computers and Electronics,0,1914816,1915351
6176,21792,wikihow~35976,indomain,Food and Entertaining,2,1915353,1915814
6177,21796,wikihow~35981,indomain,Work World,2,1915816,1916376
6178,21806,wikihow~36003,indomain,Travel,2,1916378,1916838
6179,21820,wikihow~36034,indomain,Food and Entertaining,2,1916840,1917339
6180,21823,wikihow~36039,zeroshot,Personal Care and Style,1,1917341,1917780
6181,21826,wikihow~36043,indomain,Pets and Animals,1,1917782,1918338
6182,21837,wikihow~36062,indomain,Food and Entertaining,2,1918340,1918854
6183,21839,wikihow~36064,indomain,Pets and Animals,3,1918856,1919311
6184,21847,wikihow~36086,zeroshot,Personal Care and Style,3,1919313,1919850
6185,21851,wikihow~36091,zeroshot,Personal Care and Style,2,1919852,1920312
6186,21857,wikihow~36097,indomain,Health,1,1920314,1920747
6187,21859,wikihow~36101,zeroshot,Personal Care and Style,3,1920749,1921170
6188,21864,wikihow~36109,zeroshot,Personal Care and Style,0,1921172,1921601
6189,21875,wikihow~36127,indomain,Computers and Electronics,2,1921603,1922106
6190,21877,wikihow~36130,zeroshot,Personal Care and Style,2,1922108,1922513
6191,21878,wikihow~36133,zeroshot,Personal Care and Style,1,1922515,1923045
6192,21884,wikihow~36142,indomain,Cars & Other Vehicles,2,1923047,1923411
6193,21893,wikihow~36158,zeroshot,Personal Care and Style,0,1923413,1923853
6194,21896,wikihow~36164,indomain,Health,2,1923855,1924357
6195,21913,wikihow~36194,indomain,Health,3,1924359,1924930
6196,21915,wikihow~36197,zeroshot,Family Life,3,1924932,1925395
6197,21917,wikihow~36200,zeroshot,Family Life,3,1925397,1925793
6198,21923,wikihow~36207,zeroshot,Personal Care and Style,3,1925795,1926340
6199,21935,wikihow~36231,indomain,Health,3,1926342,1926833
6200,21937,wikihow~36233,zeroshot,Personal Care and Style,1,1926835,1927331
6201,21938,wikihow~36234,indomain,Work World,0,1927333,1927872
6202,21950,wikihow~36252,zeroshot,Personal Care and Style,1,1927874,1928394
6203,21951,wikihow~36253,zeroshot,Family Life,0,1928396,1929012
6204,21954,wikihow~36259,indomain,Finance and Business,3,1929014,1929473
6205,21960,wikihow~36270,zeroshot,Personal Care and Style,2,1929475,1930007
6206,21963,wikihow~36275,zeroshot,Family Life,2,1930009,1930513
6207,21973,wikihow~36294,zeroshot,Personal Care and Style,3,1930515,1930892
6208,21974,wikihow~36295,zeroshot,Personal Care and Style,0,1930894,1931342
6209,21982,wikihow~36307,zeroshot,Family Life,2,1931344,1931871
6210,21992,wikihow~36325,zeroshot,Personal Care and Style,2,1931873,1932232
6211,22000,wikihow~36335,zeroshot,Personal Care and Style,3,1932234,1932640
6212,22001,wikihow~36336,indomain,Finance and Business,1,1932642,1933214
6213,22016,wikihow~36360,zeroshot,Personal Care and Style,1,1933216,1933822
6214,22017,wikihow~36361,indomain,Finance and Business,0,1933824,1934328
6215,22032,wikihow~36381,zeroshot,Personal Care and Style,1,1934330,1934884
6216,22042,wikihow~36395,zeroshot,Personal Care and Style,0,1934886,1935431
6217,22043,wikihow~36398,indomain,Computers and Electronics,2,1935433,1935809
6218,22046,wikihow~36402,zeroshot,Personal Care and Style,3,1935811,1936275
6219,22059,wikihow~36423,zeroshot,Family Life,2,1936277,1936698
6220,22062,wikihow~36429,indomain,Sports and Fitness,2,1936700,1937301
6221,22067,wikihow~36434,indomain,Health,2,1937303,1937829
6222,22070,wikihow~36437,indomain,Home and Garden,2,1937831,1938363
6223,22076,wikihow~36450,zeroshot,Personal Care and Style,0,1938365,1938818
6224,22086,wikihow~36466,indomain,Food and Entertaining,1,1938820,1939258
6225,22107,wikihow~36502,indomain,Food and Entertaining,3,1939260,1939716
6226,22112,wikihow~36515,zeroshot,Personal Care and Style,3,1939718,1940120
6227,22115,wikihow~36520,zeroshot,Personal Care and Style,0,1940122,1940534
6228,22119,wikihow~36530,zeroshot,Personal Care and Style,2,1940536,1940959
6229,22120,wikihow~36531,zeroshot,Personal Care and Style,1,1940961,1941445
6230,22127,wikihow~36546,zeroshot,Personal Care and Style,1,1941447,1941942
6231,22155,wikihow~36596,zeroshot,Personal Care and Style,3,1941944,1942425
6232,22175,wikihow~36631,indomain,Philosophy and Religion,3,1942427,1942792
6233,22178,wikihow~36634,indomain,Sports and Fitness,3,1942794,1943196
6234,22183,wikihow~36640,indomain,Food and Entertaining,2,1943198,1943744
6235,22186,wikihow~36644,indomain,Health,1,1943746,1944139
6236,22200,wikihow~36666,zeroshot,Family Life,1,1944141,1944670
6237,22201,wikihow~36669,zeroshot,Family Life,2,1944672,1945211
6238,22207,wikihow~36677,zeroshot,Personal Care and Style,1,1945213,1945566
6239,22208,wikihow~36678,zeroshot,Personal Care and Style,0,1945568,1946135
6240,22220,wikihow~36696,indomain,Computers and Electronics,2,1946137,1946724
6241,22221,wikihow~36700,indomain,Health,0,1946726,1947261
6242,22223,wikihow~36702,indomain,Work World,0,1947263,1947735
6243,22239,wikihow~36729,zeroshot,Personal Care and Style,3,1947737,1948086
6244,22245,wikihow~36735,zeroshot,Family Life,1,1948088,1948468
6245,22249,wikihow~36740,indomain,Education and Communications,0,1948470,1949000
6246,22269,wikihow~36778,zeroshot,Personal Care and Style,0,1949002,1949521
6247,22270,wikihow~36779,zeroshot,Personal Care and Style,2,1949523,1949988
6248,22283,wikihow~36802,zeroshot,Family Life,1,1949990,1950399
6249,22293,wikihow~36818,zeroshot,Personal Care and Style,0,1950401,1950855
6250,22307,wikihow~36842,indomain,Food and Entertaining,2,1950857,1951297
6251,22309,wikihow~36844,indomain,Education and Communications,3,1951299,1951613
6252,22333,wikihow~36886,indomain,Youth,3,1951615,1951975
6253,22334,wikihow~36887,zeroshot,Personal Care and Style,2,1951977,1952439
6254,22345,wikihow~36902,indomain,Computers and Electronics,1,1952441,1952825
6255,22357,wikihow~36923,indomain,Cars & Other Vehicles,3,1952827,1953229
6256,22366,wikihow~36935,indomain,Holidays and Traditions,3,1953231,1953639
6257,22374,wikihow~36951,indomain,Relationships,3,1953641,1954082
6258,22385,wikihow~36964,indomain,Food and Entertaining,0,1954084,1954503
6259,22392,wikihow~36974,indomain,Education and Communications,1,1954505,1954892
6260,22396,wikihow~36980,indomain,Education and Communications,0,1954894,1955313
6261,22399,wikihow~36987,indomain,Computers and Electronics,1,1955315,1955695
6262,22400,wikihow~36988,indomain,Computers and Electronics,1,1955697,1956054
6263,22401,wikihow~36990,indomain,Home and Garden,0,1956056,1956558
6264,22406,wikihow~37000,indomain,Sports and Fitness,3,1956560,1957064
6265,22410,wikihow~37009,indomain,Youth,2,1957066,1957608
6266,22421,wikihow~37026,indomain,Food and Entertaining,3,1957610,1957996
6267,22430,wikihow~37050,indomain,Youth,1,1957998,1958398
6268,22431,wikihow~37052,indomain,Philosophy and Religion,0,1958400,1958867
6269,22433,wikihow~37056,indomain,Health,3,1958869,1959279
6270,22438,wikihow~37061,zeroshot,Personal Care and Style,3,1959281,1959861
6271,22446,wikihow~37075,zeroshot,Family Life,2,1959863,1960383
6272,22450,wikihow~37079,indomain,Holidays and Traditions,1,1960385,1960904
6273,22453,wikihow~37082,indomain,Computers and Electronics,1,1960906,1961289
6274,22464,wikihow~37105,zeroshot,Personal Care and Style,2,1961291,1961772
6275,22469,wikihow~37112,indomain,Youth,0,1961774,1962375
6276,22485,wikihow~37141,zeroshot,Personal Care and Style,0,1962377,1962841
6277,22488,wikihow~37145,indomain,Home and Garden,3,1962843,1963238
6278,22496,wikihow~37156,indomain,Youth,0,1963240,1963768
6279,22499,wikihow~37164,zeroshot,Family Life,2,1963770,1964130
6280,22500,wikihow~37165,zeroshot,Family Life,2,1964132,1964688
6281,22513,wikihow~37194,indomain,Pets and Animals,2,1964690,1965154
6282,22514,wikihow~37197,zeroshot,Personal Care and Style,2,1965156,1965444
6283,22525,wikihow~37211,indomain,Pets and Animals,0,1965446,1965931
6284,22533,wikihow~37224,indomain,Health,0,1965933,1966394
6285,22544,wikihow~37245,indomain,Health,3,1966396,1966951
6286,22551,wikihow~37257,zeroshot,Personal Care and Style,1,1966953,1967493
6287,22554,wikihow~37262,zeroshot,Personal Care and Style,1,1967495,1967924
6288,22557,wikihow~37270,zeroshot,Family Life,2,1967926,1968548
6289,22560,wikihow~37273,indomain,Pets and Animals,3,1968550,1968960
6290,22584,wikihow~37310,indomain,Computers and Electronics,1,1968962,1969283
6291,22596,wikihow~37331,indomain,Finance and Business,3,1969285,1969677
6292,22603,wikihow~37345,zeroshot,Personal Care and Style,3,1969679,1970218
6293,22608,wikihow~37352,zeroshot,Personal Care and Style,3,1970220,1970640
6294,22624,wikihow~37385,zeroshot,Personal Care and Style,0,1970642,1971100
6295,22625,wikihow~37386,zeroshot,Personal Care and Style,1,1971102,1971569
6296,22652,wikihow~37422,indomain,Pets and Animals,0,1971571,1971990
6297,22654,wikihow~37425,indomain,Home and Garden,2,1971992,1972384
6298,22657,wikihow~37428,zeroshot,Family Life,3,1972386,1972866
6299,22667,wikihow~37449,zeroshot,Family Life,0,1972868,1973277
6300,22674,wikihow~37456,indomain,Education and Communications,3,1973279,1973753
6301,22706,wikihow~37503,zeroshot,Personal Care and Style,3,1973755,1974112
6302,22732,wikihow~37559,indomain,Cars & Other Vehicles,0,1974114,1974554
6303,22736,wikihow~37566,indomain,Computers and Electronics,2,1974556,1975057
6304,22757,wikihow~37614,zeroshot,Personal Care and Style,3,1975059,1975507
6305,22761,wikihow~37622,zeroshot,Personal Care and Style,3,1975509,1976053
6306,22764,wikihow~37626,zeroshot,Personal Care and Style,1,1976055,1976546
6307,22776,wikihow~37646,zeroshot,Personal Care and Style,2,1976548,1976922
6308,22780,wikihow~37653,zeroshot,Personal Care and Style,3,1976924,1977427
6309,22801,wikihow~37689,indomain,Home and Garden,1,1977429,1977920
6310,22812,wikihow~37703,zeroshot,Family Life,2,1977922,1978330
6311,22823,wikihow~37719,indomain,Food and Entertaining,0,1978332,1978777
6312,22824,wikihow~37720,indomain,Finance and Business,2,1978779,1979135
6313,22832,wikihow~37733,zeroshot,Personal Care and Style,1,1979137,1979574
6314,22838,wikihow~37744,indomain,Health,0,1979576,1979940
6315,22844,wikihow~37754,zeroshot,Personal Care and Style,0,1979942,1980360
6316,22850,wikihow~37765,zeroshot,Personal Care and Style,3,1980362,1980770
6317,22851,wikihow~37768,zeroshot,Family Life,3,1980772,1981205
6318,22853,wikihow~37770,zeroshot,Family Life,3,1981207,1981744
6319,22868,wikihow~37794,indomain,Home and Garden,1,1981746,1982155
6320,22874,wikihow~37805,zeroshot,Personal Care and Style,0,1982157,1982733
6321,22875,wikihow~37806,zeroshot,Personal Care and Style,2,1982735,1983224
6322,22877,wikihow~37808,indomain,Computers and Electronics,0,1983226,1983765
6323,22902,wikihow~37849,indomain,Home and Garden,1,1983767,1984196
6324,22906,wikihow~37854,zeroshot,Personal Care and Style,2,1984198,1984719
6325,22913,wikihow~37864,zeroshot,Personal Care and Style,3,1984721,1985243
6326,22919,wikihow~37874,zeroshot,Personal Care and Style,0,1985245,1985619
6327,22925,wikihow~37888,zeroshot,Personal Care and Style,3,1985621,1986049
6328,22930,wikihow~37894,zeroshot,Family Life,1,1986051,1986478
6329,22941,wikihow~37910,indomain,Finance and Business,1,1986480,1987088
6330,22943,wikihow~37912,indomain,Travel,1,1987090,1987603
6331,22951,wikihow~37926,zeroshot,Personal Care and Style,0,1987605,1988182
6332,22956,wikihow~37936,zeroshot,Personal Care and Style,0,1988184,1988510
6333,22964,wikihow~37948,indomain,Pets and Animals,3,1988512,1988935
6334,22969,wikihow~37953,zeroshot,Personal Care and Style,3,1988937,1989302
6335,22970,wikihow~37954,indomain,Home and Garden,1,1989304,1989680
6336,22976,wikihow~37965,zeroshot,Personal Care and Style,3,1989682,1990150
6337,22996,wikihow~37997,zeroshot,Personal Care and Style,1,1990152,1990496
6338,22997,wikihow~37999,zeroshot,Family Life,0,1990498,1990958
6339,23000,wikihow~38005,zeroshot,Personal Care and Style,3,1990960,1991498
6340,23012,wikihow~38026,zeroshot,Personal Care and Style,0,1991500,1991842
6341,23020,wikihow~38043,zeroshot,Personal Care and Style,3,1991844,1992292
6342,23023,wikihow~38047,zeroshot,Personal Care and Style,1,1992294,1992906
6343,23030,wikihow~38060,indomain,Finance and Business,3,1992908,1993463
6344,23038,wikihow~38070,indomain,Computers and Electronics,2,1993465,1993859
6345,23045,wikihow~38080,indomain,Finance and Business,2,1993861,1994325
6346,23056,wikihow~38097,zeroshot,Personal Care and Style,3,1994327,1994839
6347,23059,wikihow~38104,zeroshot,Personal Care and Style,0,1994841,1995209
6348,23061,wikihow~38106,zeroshot,Personal Care and Style,1,1995211,1995550
6349,23071,wikihow~38123,indomain,Home and Garden,1,1995552,1996031
6350,23073,wikihow~38128,indomain,Health,0,1996033,1996507
6351,23079,wikihow~38137,zeroshot,Personal Care and Style,0,1996509,1996951
6352,23084,wikihow~38144,indomain,Pets and Animals,2,1996953,1997387
6353,23093,wikihow~38158,indomain,Relationships,0,1997389,1997995
6354,23106,wikihow~38179,zeroshot,Personal Care and Style,1,1997997,1998388
6355,23108,wikihow~38183,zeroshot,Personal Care and Style,2,1998390,1998733
6356,23117,wikihow~38199,zeroshot,Personal Care and Style,1,1998735,1999165
6357,23119,wikihow~38204,zeroshot,Family Life,2,1999167,1999711
6358,23122,wikihow~38210,indomain,Holidays and Traditions,0,1999713,2000127
6359,23131,wikihow~38221,zeroshot,Personal Care and Style,1,2000129,2000612
6360,23133,wikihow~38224,indomain,Home and Garden,2,2000614,2000980
6361,23136,wikihow~38231,zeroshot,Personal Care and Style,0,2000982,2001539
6362,23139,wikihow~38235,zeroshot,Personal Care and Style,1,2001541,2001971
6363,23142,wikihow~38241,indomain,Health,1,2001973,2002342
6364,23148,wikihow~38252,zeroshot,Family Life,3,2002344,2002941
6365,23154,wikihow~38260,indomain,Finance and Business,2,2002943,2003319
6366,23163,wikihow~38270,zeroshot,Personal Care and Style,1,2003321,2003748
6367,23164,wikihow~38271,zeroshot,Personal Care and Style,2,2003750,2004248
6368,23165,wikihow~38272,zeroshot,Personal Care and Style,3,2004250,2004576
6369,23177,wikihow~38291,indomain,Holidays and Traditions,3,2004578,2004935
6370,23178,wikihow~38292,zeroshot,Personal Care and Style,3,2004937,2005260
6371,23185,wikihow~38304,indomain,Computers and Electronics,1,2005262,2005718
6372,23191,wikihow~38317,zeroshot,Personal Care and Style,3,2005720,2006205
6373,23208,wikihow~38342,zeroshot,Personal Care and Style,3,2006207,2006675
6374,23232,wikihow~38381,indomain,Computers and Electronics,0,2006677,2007341
6375,23236,wikihow~38388,indomain,Health,0,2007343,2007834
6376,23237,wikihow~38390,indomain,Holidays and Traditions,1,2007836,2008167
6377,23239,wikihow~38394,zeroshot,Personal Care and Style,0,2008169,2008699
6378,23250,wikihow~38412,indomain,Food and Entertaining,3,2008701,2009030
6379,23251,wikihow~38416,zeroshot,Personal Care and Style,3,2009032,2009412
6380,23255,wikihow~38423,indomain,Youth,2,2009414,2009946
6381,23285,wikihow~38476,zeroshot,Personal Care and Style,1,2009948,2010479
6382,23290,wikihow~38482,zeroshot,Personal Care and Style,2,2010481,2011029
6383,23291,wikihow~38484,zeroshot,Family Life,3,2011031,2011446
6384,23296,wikihow~38493,indomain,Computers and Electronics,3,2011448,2011871
6385,23301,wikihow~38499,zeroshot,Personal Care and Style,1,2011873,2012215
6386,23307,wikihow~38506,zeroshot,Personal Care and Style,0,2012217,2012760
6387,23308,wikihow~38508,indomain,Pets and Animals,1,2012762,2013305
6388,23318,wikihow~38521,indomain,Finance and Business,3,2013307,2013691
6389,23321,wikihow~38524,indomain,Philosophy and Religion,0,2013693,2014242
6390,23329,wikihow~38532,indomain,Health,1,2014244,2014696
6391,23332,wikihow~38537,zeroshot,Personal Care and Style,0,2014698,2015069
6392,23341,wikihow~38551,zeroshot,Family Life,2,2015071,2015604
6393,23354,wikihow~38571,indomain,Work World,0,2015606,2016206
6394,23365,wikihow~38586,indomain,Computers and Electronics,1,2016208,2016702
6395,23366,wikihow~38589,zeroshot,Personal Care and Style,1,2016704,2017211
6396,23377,wikihow~38605,zeroshot,Personal Care and Style,1,2017213,2017708
6397,23379,wikihow~38612,zeroshot,Personal Care and Style,1,2017710,2018082
6398,23380,wikihow~38613,zeroshot,Family Life,3,2018084,2018556
6399,23386,wikihow~38623,indomain,Home and Garden,1,2018558,2018956
6400,23394,wikihow~38635,zeroshot,Personal Care and Style,0,2018958,2019353
6401,23410,wikihow~38664,zeroshot,Family Life,3,2019355,2019858
6402,23452,wikihow~38735,zeroshot,Family Life,1,2019860,2020497
6403,23453,wikihow~38736,indomain,Food and Entertaining,2,2020499,2020937
6404,23457,wikihow~38742,zeroshot,Personal Care and Style,3,2020939,2021302
6405,23460,wikihow~38747,indomain,Food and Entertaining,2,2021304,2021744
6406,23464,wikihow~38753,zeroshot,Personal Care and Style,3,2021746,2022036
6407,23466,wikihow~38762,zeroshot,Family Life,1,2022038,2022501
6408,23480,wikihow~38783,zeroshot,Personal Care and Style,1,2022503,2022994
6409,23485,wikihow~38789,zeroshot,Personal Care and Style,1,2022996,2023509
6410,23490,wikihow~38795,zeroshot,Family Life,1,2023511,2024008
6411,23491,wikihow~38796,indomain,Health,0,2024010,2024393
6412,23495,wikihow~38802,indomain,Home and Garden,3,2024395,2024846
6413,23497,wikihow~38806,zeroshot,Family Life,0,2024848,2025306
6414,23512,wikihow~38832,indomain,Home and Garden,2,2025308,2025890
6415,23517,wikihow~38844,zeroshot,Family Life,1,2025892,2026499
6416,23525,wikihow~38856,zeroshot,Personal Care and Style,1,2026501,2026883
6417,23537,wikihow~38879,zeroshot,Family Life,0,2026885,2027361
6418,23540,wikihow~38883,zeroshot,Family Life,3,2027363,2027745
6419,23543,wikihow~38886,zeroshot,Personal Care and Style,3,2027747,2028152
6420,23549,wikihow~38894,zeroshot,Personal Care and Style,3,2028154,2028711
6421,23560,wikihow~38914,zeroshot,Personal Care and Style,0,2028713,2029101
6422,23564,wikihow~38920,zeroshot,Personal Care and Style,2,2029103,2029583
6423,23574,wikihow~38941,indomain,Sports and Fitness,0,2029585,2029972
6424,23586,wikihow~38960,indomain,Home and Garden,3,2029974,2030429
6425,23601,wikihow~38983,indomain,Computers and Electronics,3,2030431,2030877
6426,23604,wikihow~38986,zeroshot,Personal Care and Style,1,2030879,2031313
6427,23608,wikihow~38993,zeroshot,Personal Care and Style,1,2031315,2031839
6428,23620,wikihow~39010,indomain,Health,3,2031841,2032220
6429,23621,wikihow~39011,indomain,Pets and Animals,2,2032222,2032781
6430,23622,wikihow~39012,indomain,Pets and Animals,3,2032783,2033231
6431,23649,wikihow~39067,zeroshot,Personal Care and Style,0,2033233,2033530
6432,23654,wikihow~39073,indomain,Food and Entertaining,3,2033532,2034053
6433,23656,wikihow~39079,zeroshot,Family Life,0,2034055,2034655
6434,23659,wikihow~39082,zeroshot,Personal Care and Style,3,2034657,2035157
6435,23667,wikihow~39092,zeroshot,Personal Care and Style,2,2035159,2035686
6436,23671,wikihow~39096,zeroshot,Personal Care and Style,0,2035688,2036092
6437,23684,wikihow~39116,indomain,Home and Garden,0,2036094,2036589
6438,23693,wikihow~39131,zeroshot,Personal Care and Style,0,2036591,2036952
6439,23699,wikihow~39138,zeroshot,Personal Care and Style,2,2036954,2037407
6440,23710,wikihow~39151,zeroshot,Family Life,0,2037409,2037803
6441,23713,wikihow~39156,indomain,Food and Entertaining,1,2037805,2038159
6442,23721,wikihow~39167,zeroshot,Personal Care and Style,0,2038161,2038628
6443,23722,wikihow~39168,zeroshot,Family Life,3,2038630,2038974
6444,23730,wikihow~39178,indomain,Food and Entertaining,2,2038976,2039387
6445,23732,wikihow~39180,indomain,Pets and Animals,2,2039389,2039767
6446,23733,wikihow~39182,zeroshot,Personal Care and Style,2,2039769,2040173
6447,23737,wikihow~39187,indomain,Food and Entertaining,1,2040175,2040526
6448,23744,wikihow~39197,zeroshot,Personal Care and Style,0,2040528,2040998
6449,23752,wikihow~39209,zeroshot,Personal Care and Style,2,2041000,2041402
6450,23753,wikihow~39212,indomain,Food and Entertaining,2,2041404,2041770
6451,23760,wikihow~39223,indomain,Pets and Animals,2,2041772,2042119
6452,23762,wikihow~39226,zeroshot,Personal Care and Style,2,2042121,2042715
6453,23764,wikihow~39231,indomain,Home and Garden,0,2042717,2043208
6454,23766,wikihow~39233,zeroshot,Family Life,2,2043210,2043691
6455,23782,wikihow~39256,zeroshot,Family Life,1,2043693,2044208
6456,23783,wikihow~39259,zeroshot,Personal Care and Style,1,2044210,2044627
6457,23794,wikihow~39278,indomain,Pets and Animals,3,2044629,2045031
6458,23803,wikihow~39295,zeroshot,Personal Care and Style,0,2045033,2045541
6459,23810,wikihow~39307,zeroshot,Personal Care and Style,3,2045543,2046033
6460,23814,wikihow~39314,indomain,Food and Entertaining,2,2046035,2046521
6461,23822,wikihow~39326,indomain,Food and Entertaining,0,2046523,2046860
6462,23831,wikihow~39341,indomain,Philosophy and Religion,2,2046862,2047382
6463,23846,wikihow~39362,indomain,Pets and Animals,1,2047384,2047895
6464,23850,wikihow~39368,zeroshot,Personal Care and Style,0,2047897,2048231
6465,23862,wikihow~39387,indomain,Food and Entertaining,0,2048233,2048622
6466,23866,wikihow~39393,indomain,Health,2,2048624,2049037
6467,23873,wikihow~39405,zeroshot,Family Life,3,2049039,2049524
6468,23886,wikihow~39425,indomain,Food and Entertaining,3,2049526,2049943
6469,23893,wikihow~39436,zeroshot,Personal Care and Style,3,2049945,2050325
6470,23904,wikihow~39455,indomain,Food and Entertaining,3,2050327,2050710
6471,23905,wikihow~39457,zeroshot,Family Life,2,2050712,2051141
6472,23912,wikihow~39465,indomain,Health,2,2051143,2051524
6473,23913,wikihow~39466,zeroshot,Personal Care and Style,3,2051526,2051942
6474,23925,wikihow~39481,indomain,Pets and Animals,1,2051944,2052420
6475,23928,wikihow~39484,indomain,Food and Entertaining,0,2052422,2052833
6476,23930,wikihow~39487,zeroshot,Personal Care and Style,1,2052835,2053180
6477,23936,wikihow~39495,indomain,Pets and Animals,1,2053182,2053716
6478,23943,wikihow~39507,zeroshot,Family Life,1,2053718,2054360
6479,23951,wikihow~39522,zeroshot,Personal Care and Style,0,2054362,2054875
6480,23968,wikihow~39555,indomain,Youth,1,2054877,2055370
6481,23979,wikihow~39575,zeroshot,Personal Care and Style,2,2055372,2055853
6482,23981,wikihow~39577,zeroshot,Personal Care and Style,2,2055855,2056320
6483,23990,wikihow~39587,indomain,Pets and Animals,3,2056322,2056672
6484,23992,wikihow~39591,indomain,Holidays and Traditions,0,2056674,2057136
6485,23995,wikihow~39596,indomain,Sports and Fitness,3,2057138,2057575
6486,23996,wikihow~39598,zeroshot,Personal Care and Style,0,2057577,2058010
6487,24010,wikihow~39623,zeroshot,Family Life,2,2058012,2058484
6488,24021,wikihow~39649,zeroshot,Family Life,3,2058486,2058984
6489,24023,wikihow~39651,indomain,Home and Garden,3,2058986,2059402
6490,24027,wikihow~39656,zeroshot,Personal Care and Style,2,2059404,2059782
6491,24033,wikihow~39664,zeroshot,Family Life,0,2059784,2060259
6492,24037,wikihow~39668,indomain,Health,3,2060261,2060632
6493,24041,wikihow~39673,indomain,Relationships,1,2060634,2061266
6494,24049,wikihow~39683,indomain,Sports and Fitness,2,2061268,2061655
6495,24054,wikihow~39690,zeroshot,Personal Care and Style,3,2061657,2062017
6496,24055,wikihow~39691,zeroshot,Personal Care and Style,2,2062019,2062387
6497,24071,wikihow~39717,zeroshot,Personal Care and Style,0,2062389,2062889
6498,24073,wikihow~39720,zeroshot,Personal Care and Style,2,2062891,2063398
6499,24081,wikihow~39737,zeroshot,Personal Care and Style,3,2063400,2063965
6500,24085,wikihow~39742,indomain,Youth,3,2063967,2064348
6501,24097,wikihow~39766,indomain,Computers and Electronics,1,2064350,2064852
6502,24107,wikihow~39777,indomain,Education and Communications,1,2064854,2065333
6503,24108,wikihow~39778,indomain,Relationships,0,2065335,2065863
6504,24111,wikihow~39783,indomain,Home and Garden,1,2065865,2066313
6505,24117,wikihow~39790,zeroshot,Personal Care and Style,0,2066315,2066775
6506,24124,wikihow~39800,zeroshot,Personal Care and Style,2,2066777,2067355
6507,24129,wikihow~39808,indomain,Food and Entertaining,3,2067357,2067773
6508,24131,wikihow~39811,zeroshot,Personal Care and Style,2,2067775,2068319
6509,24136,wikihow~39818,indomain,Pets and Animals,2,2068321,2068691
6510,24144,wikihow~39829,indomain,Travel,0,2068693,2069271
6511,24154,wikihow~39849,zeroshot,Personal Care and Style,0,2069273,2069688
6512,24156,wikihow~39851,zeroshot,Family Life,3,2069690,2070157
6513,24164,wikihow~39865,zeroshot,Personal Care and Style,3,2070159,2070598
6514,24186,wikihow~39894,zeroshot,Personal Care and Style,1,2070600,2071147
6515,24202,wikihow~39920,zeroshot,Personal Care and Style,2,2071149,2071653
6516,24215,wikihow~39947,indomain,Health,3,2071655,2072092
6517,24222,wikihow~39957,zeroshot,Personal Care and Style,1,2072094,2072564
6518,24228,wikihow~39967,indomain,Health,3,2072566,2072907
6519,24252,wikihow~39995,zeroshot,Personal Care and Style,3,2072909,2073327
6520,24262,wikihow~40008,zeroshot,Personal Care and Style,3,2073329,2073748
6521,24278,wikihow~40037,indomain,Education and Communications,1,2073750,2074207
6522,24281,wikihow~40041,indomain,Home and Garden,3,2074209,2074742
6523,24282,wikihow~40042,zeroshot,Personal Care and Style,3,2074744,2075221
6524,24295,wikihow~40062,zeroshot,Personal Care and Style,1,2075223,2075651
6525,24297,wikihow~40065,zeroshot,Personal Care and Style,1,2075653,2075966
6526,24298,wikihow~40068,indomain,Health,3,2075968,2076434
6527,24300,wikihow~40070,zeroshot,Personal Care and Style,1,2076436,2076868
6528,24304,wikihow~40079,zeroshot,Family Life,3,2076870,2077440
6529,24305,wikihow~40080,indomain,Computers and Electronics,2,2077442,2077964
6530,24312,wikihow~40089,indomain,Travel,1,2077966,2078373
6531,24315,wikihow~40095,indomain,Youth,2,2078375,2078694
6532,24322,wikihow~40105,indomain,Finance and Business,1,2078696,2079245
6533,24324,wikihow~40108,zeroshot,Family Life,2,2079247,2079751
6534,24325,wikihow~40110,indomain,Computers and Electronics,0,2079753,2080210
6535,24326,wikihow~40111,zeroshot,Family Life,0,2080212,2080627
6536,24331,wikihow~40121,indomain,Home and Garden,1,2080629,2081200
6537,24333,wikihow~40123,zeroshot,Personal Care and Style,2,2081202,2081775
6538,24335,wikihow~40125,zeroshot,Personal Care and Style,0,2081777,2082257
6539,24342,wikihow~40134,zeroshot,Personal Care and Style,2,2082259,2082760
6540,24351,wikihow~40148,zeroshot,Family Life,3,2082762,2083147
6541,24353,wikihow~40151,zeroshot,Personal Care and Style,3,2083149,2083695
6542,24373,wikihow~40191,zeroshot,Personal Care and Style,3,2083697,2084254
6543,24375,wikihow~40193,indomain,Finance and Business,2,2084256,2084801
6544,24392,wikihow~40220,zeroshot,Personal Care and Style,1,2084803,2085269
6545,24400,wikihow~40238,zeroshot,Personal Care and Style,3,2085271,2085629
6546,24402,wikihow~40242,indomain,Work World,1,2085631,2085968
6547,24405,wikihow~40245,zeroshot,Family Life,2,2085970,2086599
6548,24422,wikihow~40274,indomain,Food and Entertaining,3,2086601,2087159
6549,24427,wikihow~40282,indomain,Home and Garden,3,2087161,2087577
6550,24432,wikihow~40289,indomain,Youth,0,2087579,2088033
6551,24433,wikihow~40291,zeroshot,Family Life,3,2088035,2088426
6552,24447,wikihow~40307,indomain,Home and Garden,2,2088428,2088837
6553,24448,wikihow~40308,indomain,Food and Entertaining,0,2088839,2089411
6554,24455,wikihow~40320,indomain,Health,3,2089413,2089850
6555,24456,wikihow~40323,zeroshot,Family Life,0,2089852,2090344
6556,24465,wikihow~40338,zeroshot,Personal Care and Style,1,2090346,2090764
6557,24466,wikihow~40340,indomain,Food and Entertaining,3,2090766,2091069
6558,24475,wikihow~40353,zeroshot,Personal Care and Style,3,2091071,2091508
6559,24479,wikihow~40358,zeroshot,Personal Care and Style,3,2091510,2091971
6560,24485,wikihow~40370,indomain,Finance and Business,3,2091973,2092360
6561,24491,wikihow~40386,zeroshot,Personal Care and Style,0,2092362,2092790
6562,24496,wikihow~40392,zeroshot,Family Life,1,2092792,2093321
6563,24518,wikihow~40423,zeroshot,Family Life,0,2093323,2093909
6564,24520,wikihow~40429,zeroshot,Personal Care and Style,3,2093911,2094369
6565,24523,wikihow~40433,zeroshot,Personal Care and Style,3,2094371,2094856
6566,24528,wikihow~40441,zeroshot,Personal Care and Style,0,2094858,2095401
6567,24538,wikihow~40458,indomain,Food and Entertaining,0,2095403,2095828
6568,24544,wikihow~40472,zeroshot,Personal Care and Style,2,2095830,2096269
6569,24563,wikihow~40507,zeroshot,Personal Care and Style,1,2096271,2096726
6570,24564,wikihow~40508,indomain,Holidays and Traditions,3,2096728,2097236
6571,24566,wikihow~40514,zeroshot,Family Life,1,2097238,2097735
6572,24580,wikihow~40534,indomain,Health,2,2097737,2098347
6573,24582,wikihow~40537,zeroshot,Personal Care and Style,1,2098349,2098730
6574,24595,wikihow~40553,indomain,Sports and Fitness,1,2098732,2099211
6575,24603,wikihow~40565,indomain,Computers and Electronics,3,2099213,2099648
6576,24633,wikihow~40620,zeroshot,Family Life,1,2099650,2100090
6577,24637,wikihow~40628,indomain,Education and Communications,0,2100092,2100645
6578,24651,wikihow~40654,zeroshot,Personal Care and Style,1,2100647,2101005
6579,24654,wikihow~40657,indomain,Finance and Business,2,2101007,2101470
6580,24664,wikihow~40679,zeroshot,Family Life,1,2101472,2102036
6581,24666,wikihow~40683,zeroshot,Personal Care and Style,2,2102038,2102489
6582,24671,wikihow~40690,indomain,Youth,0,2102491,2103000
6583,24692,wikihow~40722,zeroshot,Family Life,3,2103002,2103427
6584,24708,wikihow~40750,zeroshot,Personal Care and Style,0,2103429,2103869
6585,24710,wikihow~40752,zeroshot,Personal Care and Style,2,2103871,2104206
6586,24725,wikihow~40787,indomain,Travel,2,2104208,2104768
6587,24731,wikihow~40793,zeroshot,Family Life,0,2104770,2105361
6588,24738,wikihow~40805,zeroshot,Personal Care and Style,2,2105363,2105770
6589,24751,wikihow~40826,indomain,Health,0,2105772,2106202
6590,24754,wikihow~40832,zeroshot,Family Life,3,2106204,2106590
6591,24759,wikihow~40842,indomain,Computers and Electronics,1,2106592,2107025
6592,24760,wikihow~40843,zeroshot,Personal Care and Style,2,2107027,2107450
6593,24766,wikihow~40850,zeroshot,Personal Care and Style,0,2107452,2107991
6594,24767,wikihow~40851,indomain,Food and Entertaining,3,2107993,2108288
6595,24768,wikihow~40853,zeroshot,Personal Care and Style,3,2108290,2108869
6596,24774,wikihow~40860,indomain,Youth,2,2108871,2109346
6597,24789,wikihow~40883,zeroshot,Personal Care and Style,0,2109348,2109839
6598,24804,wikihow~40906,indomain,Food and Entertaining,1,2109841,2110267
6599,24817,wikihow~40927,indomain,Finance and Business,0,2110269,2110770
6600,24822,wikihow~40935,indomain,Computers and Electronics,0,2110772,2111092
6601,24823,wikihow~40936,zeroshot,Personal Care and Style,0,2111094,2111503
6602,24848,wikihow~40976,zeroshot,Personal Care and Style,3,2111505,2111937
6603,24855,wikihow~40986,indomain,Education and Communications,0,2111939,2112373
6604,24864,wikihow~40997,zeroshot,Personal Care and Style,2,2112375,2112895
6605,24867,wikihow~41000,indomain,Sports and Fitness,0,2112897,2113289
6606,24873,wikihow~41011,zeroshot,Personal Care and Style,0,2113291,2113876
6607,24880,wikihow~41020,indomain,Sports and Fitness,3,2113878,2114445
6608,24888,wikihow~41032,zeroshot,Personal Care and Style,1,2114447,2114937
6609,24899,wikihow~41051,indomain,Cars & Other Vehicles,2,2114939,2115425
6610,24900,wikihow~41052,indomain,Education and Communications,0,2115427,2115957
6611,24903,wikihow~41057,indomain,Health,0,2115959,2116428
6612,24904,wikihow~41058,zeroshot,Personal Care and Style,2,2116430,2116919
6613,24914,wikihow~41071,zeroshot,Personal Care and Style,3,2116921,2117430
6614,24915,wikihow~41072,indomain,Education and Communications,3,2117432,2117962
6615,24943,wikihow~41114,indomain,Education and Communications,0,2117964,2118388
6616,24946,wikihow~41118,zeroshot,Personal Care and Style,3,2118390,2118807
6617,24952,wikihow~41124,zeroshot,Family Life,3,2118809,2119427
6618,24967,wikihow~41148,zeroshot,Family Life,2,2119429,2119875
6619,24975,wikihow~41163,zeroshot,Personal Care and Style,2,2119877,2120315
6620,24982,wikihow~41172,zeroshot,Personal Care and Style,2,2120317,2120802
6621,24996,wikihow~41197,zeroshot,Family Life,3,2120804,2121182
6622,25003,wikihow~41209,zeroshot,Personal Care and Style,3,2121184,2121702
6623,25009,wikihow~41218,indomain,Food and Entertaining,0,2121704,2122245
6624,25013,wikihow~41225,zeroshot,Personal Care and Style,3,2122247,2122770
6625,25017,wikihow~41230,indomain,Computers and Electronics,1,2122772,2123100
6626,25032,wikihow~41258,indomain,Sports and Fitness,3,2123102,2123573
6627,25033,wikihow~41259,indomain,Home and Garden,1,2123575,2123993
6628,25037,wikihow~41266,zeroshot,Personal Care and Style,1,2123995,2124320
6629,25038,wikihow~41268,indomain,Pets and Animals,3,2124322,2124723
6630,25039,wikihow~41269,indomain,Computers and Electronics,2,2124725,2125258
6631,25047,wikihow~41285,indomain,Food and Entertaining,2,2125260,2125720
6632,25066,wikihow~41324,indomain,Home and Garden,1,2125722,2126165
6633,25073,wikihow~41332,indomain,Relationships,0,2126167,2126542
6634,25074,wikihow~41333,zeroshot,Family Life,2,2126544,2127047
6635,25075,wikihow~41334,indomain,Education and Communications,1,2127049,2127507
6636,25083,wikihow~41348,indomain,Food and Entertaining,1,2127509,2127900
6637,25086,wikihow~41352,indomain,Education and Communications,1,2127902,2128260
6638,25088,wikihow~41354,zeroshot,Personal Care and Style,0,2128262,2128789
6639,25095,wikihow~41367,indomain,Cars & Other Vehicles,3,2128791,2129239
6640,25096,wikihow~41368,indomain,Computers and Electronics,3,2129241,2129712
6641,25101,wikihow~41374,indomain,Pets and Animals,2,2129714,2130225
6642,25104,wikihow~41380,indomain,Computers and Electronics,3,2130227,2130704
6643,25105,wikihow~41382,zeroshot,Family Life,1,2130706,2131248
6644,25109,wikihow~41391,indomain,Sports and Fitness,3,2131250,2131701
6645,25118,wikihow~41404,zeroshot,Personal Care and Style,2,2131703,2132267
6646,25125,wikihow~41418,indomain,Computers and Electronics,0,2132269,2132777
6647,25130,wikihow~41427,zeroshot,Personal Care and Style,0,2132779,2133168
6648,25137,wikihow~41437,indomain,Education and Communications,2,2133170,2133709
6649,25142,wikihow~41446,zeroshot,Family Life,2,2133711,2134171
6650,25159,wikihow~41477,zeroshot,Personal Care and Style,0,2134173,2134619
6651,25167,wikihow~41490,zeroshot,Personal Care and Style,3,2134621,2134998
6652,25171,wikihow~41502,zeroshot,Personal Care and Style,3,2135000,2135415
6653,25180,wikihow~41517,zeroshot,Personal Care and Style,0,2135417,2135891
6654,25190,wikihow~41534,indomain,Computers and Electronics,2,2135893,2136425
6655,25204,wikihow~41552,indomain,Computers and Electronics,3,2136427,2136786
6656,25208,wikihow~41557,zeroshot,Personal Care and Style,3,2136788,2137255
6657,25223,wikihow~41584,zeroshot,Family Life,1,2137257,2137752
6658,25232,wikihow~41600,indomain,Home and Garden,0,2137754,2138216
6659,25238,wikihow~41607,indomain,Cars & Other Vehicles,2,2138218,2138704
6660,25255,wikihow~41638,zeroshot,Personal Care and Style,2,2138706,2139218
6661,25268,wikihow~41663,zeroshot,Family Life,2,2139220,2139651
6662,25271,wikihow~41669,zeroshot,Personal Care and Style,1,2139653,2140100
6663,25273,wikihow~41672,indomain,Health,2,2140102,2140528
6664,25278,wikihow~41678,indomain,Food and Entertaining,1,2140530,2141038
6665,25284,wikihow~41686,indomain,Sports and Fitness,3,2141040,2141630
6666,25286,wikihow~41689,zeroshot,Family Life,2,2141632,2142229
6667,25291,wikihow~41697,indomain,Computers and Electronics,2,2142231,2142819
6668,25308,wikihow~41725,zeroshot,Family Life,1,2142821,2143243
6669,25316,wikihow~41736,indomain,Holidays and Traditions,3,2143245,2143768
6670,25319,wikihow~41742,zeroshot,Personal Care and Style,2,2143770,2144128
6671,25320,wikihow~41744,indomain,Work World,0,2144130,2144690
6672,25321,wikihow~41745,zeroshot,Personal Care and Style,3,2144692,2145026
6673,25328,wikihow~41755,zeroshot,Personal Care and Style,1,2145028,2145527
6674,25329,wikihow~41756,zeroshot,Family Life,0,2145529,2145875
6675,25332,wikihow~41761,indomain,Home and Garden,1,2145877,2146140
6676,25335,wikihow~41766,zeroshot,Family Life,1,2146142,2146623
6677,25337,wikihow~41768,zeroshot,Personal Care and Style,3,2146625,2147210
6678,25349,wikihow~41786,zeroshot,Personal Care and Style,2,2147212,2147688
6679,25356,wikihow~41793,indomain,Education and Communications,0,2147690,2148016
6680,25360,wikihow~41802,indomain,Health,2,2148018,2148253
6681,25364,wikihow~41815,zeroshot,Family Life,3,2148255,2148702
6682,25370,wikihow~41828,indomain,Education and Communications,3,2148704,2149092
6683,25380,wikihow~41839,zeroshot,Personal Care and Style,0,2149094,2149537
6684,25391,wikihow~41854,zeroshot,Family Life,3,2149539,2150125
6685,25408,wikihow~41877,indomain,Finance and Business,0,2150127,2150693
6686,25417,wikihow~41894,indomain,Health,3,2150695,2151151
6687,25430,wikihow~41911,indomain,Health,0,2151153,2151618
6688,25435,wikihow~41922,indomain,Computers and Electronics,0,2151620,2152003
6689,25436,wikihow~41923,indomain,Computers and Electronics,2,2152005,2152441
6690,25439,wikihow~41929,indomain,Finance and Business,1,2152443,2153074
6691,25456,wikihow~41953,zeroshot,Personal Care and Style,1,2153076,2153637
6692,25463,wikihow~41964,indomain,Food and Entertaining,0,2153639,2154156
6693,25465,wikihow~41967,indomain,Home and Garden,0,2154158,2154653
6694,25466,wikihow~41969,zeroshot,Personal Care and Style,0,2154655,2155079
6695,25469,wikihow~41974,indomain,Work World,0,2155081,2155610
6696,25487,wikihow~42004,zeroshot,Personal Care and Style,1,2155612,2155985
6697,25494,wikihow~42021,zeroshot,Personal Care and Style,0,2155987,2156379
6698,25500,wikihow~42028,indomain,Food and Entertaining,3,2156381,2156956
6699,25503,wikihow~42033,zeroshot,Personal Care and Style,0,2156958,2157583
6700,25507,wikihow~42041,zeroshot,Personal Care and Style,2,2157585,2158026
6701,25527,wikihow~42079,indomain,Pets and Animals,0,2158028,2158602
6702,25535,wikihow~42099,zeroshot,Personal Care and Style,2,2158604,2159088
6703,25538,wikihow~42104,zeroshot,Family Life,0,2159090,2159630
6704,25547,wikihow~42123,indomain,Food and Entertaining,3,2159632,2160052
6705,25555,wikihow~42135,indomain,Pets and Animals,3,2160054,2160516
6706,25556,wikihow~42136,zeroshot,Personal Care and Style,3,2160518,2160898
6707,25571,wikihow~42164,indomain,Finance and Business,2,2160900,2161423
6708,25574,wikihow~42167,indomain,Computers and Electronics,0,2161425,2161811
6709,25578,wikihow~42176,indomain,Health,3,2161813,2162281
6710,25580,wikihow~42181,indomain,Food and Entertaining,0,2162283,2162768
6711,25582,wikihow~42184,zeroshot,Personal Care and Style,2,2162770,2163274
6712,25607,wikihow~42222,indomain,Food and Entertaining,0,2163276,2163683
6713,25609,wikihow~42226,zeroshot,Personal Care and Style,3,2163685,2164036
6714,25618,wikihow~42237,indomain,Relationships,0,2164038,2164389
6715,25622,wikihow~42243,zeroshot,Personal Care and Style,3,2164391,2164815
6716,25645,wikihow~42277,zeroshot,Personal Care and Style,3,2164817,2165318
6717,25646,wikihow~42278,zeroshot,Personal Care and Style,3,2165320,2165761
6718,25647,wikihow~42279,indomain,Finance and Business,3,2165763,2166097
6719,25654,wikihow~42289,zeroshot,Personal Care and Style,0,2166099,2166584
6720,25655,wikihow~42290,indomain,Education and Communications,1,2166586,2167146
6721,25662,wikihow~42300,indomain,Education and Communications,0,2167148,2167678
6722,25663,wikihow~42301,indomain,Work World,1,2167680,2167944
6723,25664,wikihow~42302,indomain,Philosophy and Religion,2,2167946,2168322
6724,25665,wikihow~42303,zeroshot,Personal Care and Style,2,2168324,2168693
6725,25672,wikihow~42316,indomain,Health,0,2168695,2169158
6726,25678,wikihow~42322,zeroshot,Personal Care and Style,3,2169160,2169725
6727,25692,wikihow~42343,indomain,Work World,1,2169727,2170211
6728,25693,wikihow~42345,zeroshot,Personal Care and Style,3,2170213,2170690
6729,25702,wikihow~42357,zeroshot,Personal Care and Style,2,2170692,2171076
6730,25722,wikihow~42389,indomain,Health,0,2171078,2171564
6731,25727,wikihow~42401,indomain,Holidays and Traditions,3,2171566,2171925
6732,25734,wikihow~42414,zeroshot,Personal Care and Style,0,2171927,2172266
6733,25742,wikihow~42424,indomain,Health,0,2172268,2172730
6734,25751,wikihow~42436,indomain,Home and Garden,2,2172732,2173077
6735,25753,wikihow~42438,indomain,Sports and Fitness,3,2173079,2173563
6736,25754,wikihow~42439,indomain,Pets and Animals,0,2173565,2174039
6737,25756,wikihow~42441,indomain,Computers and Electronics,0,2174041,2174453
6738,25761,wikihow~42446,indomain,Food and Entertaining,2,2174455,2174869
6739,25764,wikihow~42450,zeroshot,Personal Care and Style,1,2174871,2175359
6740,25769,wikihow~42457,zeroshot,Personal Care and Style,2,2175361,2175904
6741,25795,wikihow~42499,zeroshot,Personal Care and Style,3,2175906,2176363
6742,25818,wikihow~42535,zeroshot,Personal Care and Style,3,2176365,2176810
6743,25821,wikihow~42539,zeroshot,Personal Care and Style,2,2176812,2177319
6744,25824,wikihow~42543,zeroshot,Personal Care and Style,0,2177321,2177831
6745,25835,wikihow~42568,zeroshot,Personal Care and Style,2,2177833,2178303
6746,25843,wikihow~42584,zeroshot,Personal Care and Style,0,2178305,2178786
6747,25850,wikihow~42596,indomain,Home and Garden,2,2178788,2179243
6748,25852,wikihow~42598,zeroshot,Personal Care and Style,2,2179245,2179694
6749,25863,wikihow~42619,zeroshot,Personal Care and Style,2,2179696,2180266
6750,25866,wikihow~42623,indomain,Pets and Animals,1,2180268,2180779
6751,25867,wikihow~42624,indomain,Health,1,2180781,2181401
6752,25887,wikihow~42662,indomain,Sports and Fitness,3,2181403,2181757
6753,25889,wikihow~42664,indomain,Computers and Electronics,1,2181759,2182201
6754,25891,wikihow~42666,indomain,Health,0,2182203,2182707
6755,25894,wikihow~42670,indomain,Food and Entertaining,3,2182709,2183185
6756,25903,wikihow~42686,zeroshot,Personal Care and Style,1,2183187,2183744
6757,25910,wikihow~42695,zeroshot,Personal Care and Style,3,2183746,2184087
6758,25917,wikihow~42703,indomain,Food and Entertaining,1,2184089,2184458
6759,25925,wikihow~42715,indomain,Finance and Business,3,2184460,2184948
6760,25930,wikihow~42723,zeroshot,Personal Care and Style,0,2184950,2185405
6761,25954,wikihow~42759,indomain,Food and Entertaining,0,2185407,2185902
6762,25977,wikihow~42790,indomain,Food and Entertaining,3,2185904,2186343
6763,25986,wikihow~42802,zeroshot,Personal Care and Style,1,2186345,2186789
6764,25992,wikihow~42810,indomain,Education and Communications,1,2186791,2187319
6765,25996,wikihow~42815,indomain,Youth,3,2187321,2187816
6766,26000,wikihow~42823,indomain,Food and Entertaining,3,2187818,2188137
6767,26010,wikihow~42839,indomain,Computers and Electronics,0,2188139,2188577
6768,26032,wikihow~42883,zeroshot,Personal Care and Style,0,2188579,2189007
6769,26038,wikihow~42895,indomain,Sports and Fitness,1,2189009,2189414
6770,26041,wikihow~42898,zeroshot,Personal Care and Style,1,2189416,2189949
6771,26050,wikihow~42917,zeroshot,Personal Care and Style,2,2189951,2190444
6772,26055,wikihow~42924,indomain,Home and Garden,0,2190446,2190906
6773,26081,wikihow~42967,zeroshot,Personal Care and Style,2,2190908,2191371
6774,26091,wikihow~42983,indomain,Food and Entertaining,2,2191373,2191796
6775,26118,wikihow~43030,zeroshot,Personal Care and Style,3,2191798,2192293
6776,26124,wikihow~43045,zeroshot,Personal Care and Style,1,2192295,2192862
6777,26125,wikihow~43047,zeroshot,Personal Care and Style,0,2192864,2193357
6778,26141,wikihow~43074,zeroshot,Personal Care and Style,0,2193359,2193898
6779,26142,wikihow~43077,indomain,Food and Entertaining,3,2193900,2194177
6780,26159,wikihow~43111,indomain,Relationships,2,2194179,2194713
6781,26167,wikihow~43130,zeroshot,Personal Care and Style,2,2194715,2195220
6782,26169,wikihow~43134,indomain,Computers and Electronics,1,2195222,2195728
6783,26179,wikihow~43150,indomain,Health,2,2195730,2196342
6784,26181,wikihow~43155,zeroshot,Personal Care and Style,1,2196344,2196823
6785,26202,wikihow~43192,zeroshot,Family Life,3,2196825,2197368
6786,26203,wikihow~43193,zeroshot,Personal Care and Style,3,2197370,2197758
6787,26208,wikihow~43201,indomain,Finance and Business,3,2197760,2198243
6788,26225,wikihow~43224,zeroshot,Personal Care and Style,3,2198245,2198782
6789,26229,wikihow~43233,indomain,Home and Garden,2,2198784,2199302
6790,26240,wikihow~43245,indomain,Health,1,2199304,2199767
6791,26242,wikihow~43248,zeroshot,Family Life,3,2199769,2200294
6792,26248,wikihow~43258,zeroshot,Family Life,0,2200296,2200778
6793,26249,wikihow~43260,zeroshot,Personal Care and Style,3,2200780,2201376
6794,26254,wikihow~43268,zeroshot,Personal Care and Style,3,2201378,2201820
6795,26255,wikihow~43269,indomain,Health,0,2201822,2202268
6796,26270,wikihow~43292,indomain,Finance and Business,0,2202270,2202950
6797,26271,wikihow~43293,zeroshot,Family Life,3,2202952,2203405
6798,26276,wikihow~43299,indomain,Home and Garden,0,2203407,2203931
6799,26280,wikihow~43304,zeroshot,Personal Care and Style,3,2203933,2204325
6800,26289,wikihow~43321,indomain,Health,0,2204327,2204728
6801,26291,wikihow~43323,indomain,Home and Garden,2,2204730,2205148
6802,26295,wikihow~43330,indomain,Health,0,2205150,2205635
6803,26297,wikihow~43333,zeroshot,Personal Care and Style,2,2205637,2206029
6804,26302,wikihow~43343,zeroshot,Personal Care and Style,0,2206031,2206408
6805,26316,wikihow~43367,zeroshot,Family Life,3,2206410,2206859
6806,26317,wikihow~43368,zeroshot,Personal Care and Style,2,2206861,2207322
6807,26335,wikihow~43405,indomain,Food and Entertaining,1,2207324,2207741
6808,26348,wikihow~43427,indomain,Home and Garden,3,2207743,2208333
6809,26350,wikihow~43429,zeroshot,Personal Care and Style,0,2208335,2208772
6810,26351,wikihow~43431,indomain,Education and Communications,2,2208774,2209227
6811,26360,wikihow~43444,indomain,Computers and Electronics,3,2209229,2209641
6812,26369,wikihow~43456,indomain,Home and Garden,0,2209643,2210032
6813,26380,wikihow~43480,indomain,Food and Entertaining,2,2210034,2210522
6814,26381,wikihow~43482,zeroshot,Personal Care and Style,2,2210524,2210916
6815,26392,wikihow~43505,zeroshot,Personal Care and Style,1,2210918,2211322
6816,26396,wikihow~43513,zeroshot,Personal Care and Style,2,2211324,2211770
6817,26401,wikihow~43518,zeroshot,Family Life,1,2211772,2212255
6818,26409,wikihow~43528,indomain,Health,0,2212257,2212829
6819,26410,wikihow~43529,indomain,Computers and Electronics,2,2212831,2213132
6820,26416,wikihow~43539,indomain,Youth,2,2213134,2213664
6821,26419,wikihow~43543,zeroshot,Personal Care and Style,3,2213666,2214061
6822,26432,wikihow~43562,zeroshot,Personal Care and Style,1,2214063,2214534
6823,26446,wikihow~43586,indomain,Pets and Animals,2,2214536,2214900
6824,26449,wikihow~43592,indomain,Food and Entertaining,1,2214902,2215397
6825,26452,wikihow~43603,zeroshot,Family Life,2,2215399,2215830
6826,26456,wikihow~43612,zeroshot,Personal Care and Style,1,2215832,2216324
6827,26462,wikihow~43623,zeroshot,Personal Care and Style,0,2216326,2216724
6828,26468,wikihow~43633,indomain,Education and Communications,1,2216726,2217336
6829,26469,wikihow~43634,zeroshot,Family Life,2,2217338,2217901
6830,26473,wikihow~43641,indomain,Food and Entertaining,2,2217903,2218280
6831,26474,wikihow~43642,indomain,Health,1,2218282,2218804
6832,26491,wikihow~43674,indomain,Computers and Electronics,0,2218806,2219264
6833,26503,wikihow~43689,indomain,Food and Entertaining,3,2219266,2219620
6834,26512,wikihow~43702,zeroshot,Family Life,1,2219622,2220233
6835,26528,wikihow~43728,zeroshot,Personal Care and Style,3,2220235,2220731
6836,26532,wikihow~43735,indomain,Computers and Electronics,1,2220733,2221197
6837,26543,wikihow~43749,zeroshot,Family Life,1,2221199,2221651
6838,26560,wikihow~43772,zeroshot,Personal Care and Style,1,2221653,2222194
6839,26570,wikihow~43790,indomain,Education and Communications,3,2222196,2222761
6840,26574,wikihow~43798,indomain,Computers and Electronics,0,2222763,2223164
6841,26576,wikihow~43800,zeroshot,Personal Care and Style,2,2223166,2223465
6842,26578,wikihow~43803,zeroshot,Personal Care and Style,1,2223467,2224038
6843,26596,wikihow~43833,zeroshot,Personal Care and Style,3,2224040,2224407
6844,26598,wikihow~43840,indomain,Cars & Other Vehicles,0,2224409,2224919
6845,26600,wikihow~43844,indomain,Computers and Electronics,0,2224921,2225398
6846,26623,wikihow~43877,zeroshot,Personal Care and Style,2,2225400,2225686
6847,26630,wikihow~43888,indomain,Cars & Other Vehicles,1,2225688,2226116
6848,26648,wikihow~43919,indomain,Home and Garden,0,2226118,2226450
6849,26651,wikihow~43923,zeroshot,Family Life,0,2226452,2227001
6850,26652,wikihow~43924,zeroshot,Personal Care and Style,0,2227003,2227503
6851,26692,wikihow~43988,indomain,Relationships,0,2227505,2228032
6852,26714,wikihow~44019,indomain,Health,1,2228034,2228533
6853,26716,wikihow~44021,zeroshot,Family Life,1,2228535,2228956
6854,26724,wikihow~44039,zeroshot,Personal Care and Style,2,2228958,2229374
6855,26735,wikihow~44055,indomain,Computers and Electronics,1,2229376,2229770
6856,26740,wikihow~44060,zeroshot,Personal Care and Style,0,2229772,2230069
6857,26746,wikihow~44072,zeroshot,Family Life,0,2230071,2230656
6858,26749,wikihow~44076,zeroshot,Personal Care and Style,0,2230658,2231106
6859,26751,wikihow~44079,zeroshot,Personal Care and Style,2,2231108,2231613
6860,26758,wikihow~44094,zeroshot,Personal Care and Style,0,2231615,2231927
6861,26770,wikihow~44114,indomain,Computers and Electronics,3,2231929,2232393
6862,26803,wikihow~44167,zeroshot,Personal Care and Style,2,2232395,2232803
6863,26807,wikihow~44173,zeroshot,Personal Care and Style,2,2232805,2233160
6864,26809,wikihow~44175,zeroshot,Personal Care and Style,1,2233162,2233614
6865,26810,wikihow~44178,indomain,Education and Communications,2,2233616,2233968
6866,26815,wikihow~44185,indomain,Home and Garden,2,2233970,2234414
6867,26816,wikihow~44188,indomain,Food and Entertaining,0,2234416,2234809
6868,26826,wikihow~44204,indomain,Health,3,2234811,2235353
6869,26832,wikihow~44212,zeroshot,Family Life,3,2235355,2235694
6870,26840,wikihow~44226,indomain,Home and Garden,1,2235696,2236258
6871,26843,wikihow~44234,indomain,Health,2,2236260,2236658
6872,26854,wikihow~44256,indomain,Health,0,2236660,2237142
6873,26875,wikihow~44289,indomain,Finance and Business,3,2237144,2237510
6874,26877,wikihow~44291,indomain,Cars & Other Vehicles,1,2237512,2237937
6875,26890,wikihow~44319,indomain,Health,3,2237939,2238451
6876,26898,wikihow~44330,indomain,Computers and Electronics,3,2238453,2238892
6877,26911,wikihow~44345,indomain,Health,2,2238894,2239241
6878,26926,wikihow~44367,zeroshot,Personal Care and Style,1,2239243,2239775
6879,26927,wikihow~44368,zeroshot,Personal Care and Style,1,2239777,2240348
6880,26933,wikihow~44375,indomain,Youth,2,2240350,2240806
6881,26941,wikihow~44388,zeroshot,Personal Care and Style,1,2240808,2241232
6882,26950,wikihow~44397,zeroshot,Personal Care and Style,2,2241234,2241649
6883,26959,wikihow~44413,indomain,Food and Entertaining,1,2241651,2242168
6884,26971,wikihow~44438,indomain,Home and Garden,2,2242170,2242746
6885,26982,wikihow~44456,indomain,Home and Garden,1,2242748,2243220
6886,26995,wikihow~44482,zeroshot,Family Life,2,2243222,2243656
6887,27000,wikihow~44487,indomain,Cars & Other Vehicles,3,2243658,2244135
6888,27003,wikihow~44490,zeroshot,Personal Care and Style,1,2244137,2244580
6889,27013,wikihow~44507,zeroshot,Family Life,3,2244582,2245039
6890,27015,wikihow~44511,indomain,Home and Garden,3,2245041,2245554
6891,27025,wikihow~44527,zeroshot,Family Life,2,2245556,2246034
6892,27028,wikihow~44531,indomain,Cars & Other Vehicles,1,2246036,2246621
6893,27031,wikihow~44535,zeroshot,Personal Care and Style,0,2246623,2247020
6894,27033,wikihow~44537,indomain,Computers and Electronics,1,2247022,2247463
6895,27047,wikihow~44562,indomain,Education and Communications,1,2247465,2247973
6896,27048,wikihow~44563,zeroshot,Family Life,1,2247975,2248396
6897,27050,wikihow~44565,indomain,Food and Entertaining,2,2248398,2248819
6898,27057,wikihow~44577,indomain,Work World,2,2248821,2249331
6899,27088,wikihow~44629,indomain,Youth,0,2249333,2249767
6900,27094,wikihow~44643,zeroshot,Family Life,0,2249769,2250127
6901,27100,wikihow~44652,indomain,Work World,1,2250129,2250623
6902,27112,wikihow~44667,zeroshot,Family Life,0,2250625,2251139
6903,27116,wikihow~44675,indomain,Home and Garden,1,2251141,2251630
6904,27137,wikihow~44709,zeroshot,Family Life,3,2251632,2252122
6905,27146,wikihow~44728,indomain,Food and Entertaining,0,2252124,2252475
6906,27147,wikihow~44729,indomain,Relationships,0,2252477,2252987
6907,27178,wikihow~44774,zeroshot,Personal Care and Style,1,2252989,2253413
6908,27180,wikihow~44778,indomain,Food and Entertaining,3,2253415,2253926
6909,27185,wikihow~44785,indomain,Sports and Fitness,2,2253928,2254481
6910,27196,wikihow~44802,indomain,Home and Garden,1,2254483,2255035
6911,27209,wikihow~44819,indomain,Health,3,2255037,2255450
6912,27210,wikihow~44820,zeroshot,Personal Care and Style,1,2255452,2255996
6913,27211,wikihow~44822,zeroshot,Family Life,2,2255998,2256507
6914,27212,wikihow~44823,indomain,Health,3,2256509,2256886
6915,27213,wikihow~44828,zeroshot,Personal Care and Style,2,2256888,2257415
6916,27234,wikihow~44865,zeroshot,Personal Care and Style,1,2257417,2257753
6917,27236,wikihow~44867,zeroshot,Personal Care and Style,0,2257755,2258088
6918,27245,wikihow~44882,zeroshot,Personal Care and Style,3,2258090,2258565
6919,27247,wikihow~44884,indomain,Finance and Business,0,2258567,2259096
6920,27248,wikihow~44885,indomain,Pets and Animals,0,2259098,2259623
6921,27251,wikihow~44894,zeroshot,Personal Care and Style,1,2259625,2260140
6922,27253,wikihow~44897,zeroshot,Personal Care and Style,1,2260142,2260622
6923,27258,wikihow~44906,zeroshot,Family Life,2,2260624,2261138
6924,27262,wikihow~44912,indomain,Youth,3,2261140,2261557
6925,27264,wikihow~44914,zeroshot,Personal Care and Style,1,2261559,2261966
6926,27285,wikihow~44947,indomain,Finance and Business,0,2261968,2262442
6927,27286,wikihow~44951,zeroshot,Family Life,2,2262444,2262973
6928,27291,wikihow~44959,zeroshot,Personal Care and Style,1,2262975,2263375
6929,27305,wikihow~44980,indomain,Computers and Electronics,1,2263377,2263832
6930,27309,wikihow~44987,zeroshot,Personal Care and Style,2,2263834,2264365
6931,27319,wikihow~45001,zeroshot,Personal Care and Style,0,2264367,2264805
6932,27320,wikihow~45004,zeroshot,Personal Care and Style,0,2264807,2265325
6933,27367,wikihow~45084,zeroshot,Personal Care and Style,1,2265327,2265710
6934,27369,wikihow~45086,indomain,Health,2,2265712,2266153
6935,27372,wikihow~45091,zeroshot,Personal Care and Style,0,2266155,2266634
6936,27376,wikihow~45097,zeroshot,Personal Care and Style,2,2266636,2267108
6937,27379,wikihow~45101,zeroshot,Personal Care and Style,0,2267110,2267563
6938,27385,wikihow~45110,indomain,Pets and Animals,2,2267565,2268040
6939,27392,wikihow~45121,zeroshot,Personal Care and Style,1,2268042,2268489
6940,27396,wikihow~45129,zeroshot,Personal Care and Style,3,2268491,2268974
6941,27402,wikihow~45139,indomain,Computers and Electronics,2,2268976,2269382
6942,27410,wikihow~45153,indomain,Sports and Fitness,2,2269384,2269790
6943,27419,wikihow~45168,zeroshot,Personal Care and Style,1,2269792,2270313
6944,27421,wikihow~45171,indomain,Philosophy and Religion,1,2270315,2270759
6945,27422,wikihow~45172,indomain,Finance and Business,3,2270761,2271391
6946,27434,wikihow~45194,zeroshot,Personal Care and Style,3,2271393,2271850
6947,27446,wikihow~45214,zeroshot,Personal Care and Style,3,2271852,2272319
6948,27449,wikihow~45220,zeroshot,Family Life,1,2272321,2272732
6949,27450,wikihow~45221,indomain,Computers and Electronics,1,2272734,2273404
6950,27456,wikihow~45235,zeroshot,Personal Care and Style,2,2273406,2273820
6951,27457,wikihow~45237,zeroshot,Personal Care and Style,1,2273822,2274183
6952,27460,wikihow~45242,indomain,Finance and Business,0,2274185,2274704
6953,27467,wikihow~45251,indomain,Pets and Animals,2,2274706,2275059
6954,27472,wikihow~45260,indomain,Sports and Fitness,2,2275061,2275613
6955,27489,wikihow~45288,zeroshot,Family Life,0,2275615,2276155
6956,27527,wikihow~45369,zeroshot,Family Life,3,2276157,2276517
6957,27533,wikihow~45375,indomain,Health,2,2276519,2276939
6958,27552,wikihow~45420,indomain,Food and Entertaining,2,2276941,2277372
6959,27559,wikihow~45429,indomain,Pets and Animals,2,2277374,2277895
6960,27565,wikihow~45437,indomain,Computers and Electronics,2,2277897,2278303
6961,27581,wikihow~45462,indomain,Philosophy and Religion,3,2278305,2278737
6962,27582,wikihow~45465,zeroshot,Family Life,2,2278739,2279227
6963,27585,wikihow~45470,zeroshot,Personal Care and Style,2,2279229,2279761
6964,27598,wikihow~45487,indomain,Youth,2,2279763,2280257
6965,27601,wikihow~45493,zeroshot,Family Life,3,2280259,2280714
6966,27635,wikihow~45544,indomain,Health,2,2280716,2281158
6967,27655,wikihow~45575,zeroshot,Personal Care and Style,3,2281160,2281725
6968,27657,wikihow~45579,zeroshot,Family Life,3,2281727,2282209
6969,27662,wikihow~45587,zeroshot,Family Life,3,2282211,2282646
6970,27673,wikihow~45601,indomain,Computers and Electronics,3,2282648,2283146
6971,27688,wikihow~45626,zeroshot,Family Life,0,2283148,2283698
6972,27692,wikihow~45633,indomain,Health,1,2283700,2284114
6973,27697,wikihow~45641,indomain,Education and Communications,3,2284116,2284496
6974,27712,wikihow~45670,zeroshot,Family Life,2,2284498,2285007
6975,27715,wikihow~45674,zeroshot,Personal Care and Style,3,2285009,2285379
6976,27716,wikihow~45675,indomain,Education and Communications,2,2285381,2285658
6977,27725,wikihow~45694,zeroshot,Personal Care and Style,2,2285660,2286079
6978,27726,wikihow~45695,indomain,Education and Communications,3,2286081,2286512
6979,27734,wikihow~45706,zeroshot,Personal Care and Style,0,2286514,2287046
6980,27737,wikihow~45716,indomain,Holidays and Traditions,1,2287048,2287443
6981,27745,wikihow~45726,zeroshot,Family Life,2,2287445,2287991
6982,27747,wikihow~45728,zeroshot,Personal Care and Style,3,2287993,2288273
6983,27748,wikihow~45729,zeroshot,Personal Care and Style,1,2288275,2288701
6984,27749,wikihow~45730,zeroshot,Personal Care and Style,0,2288703,2289233
6985,27752,wikihow~45733,indomain,Finance and Business,3,2289235,2289874
6986,27761,wikihow~45746,zeroshot,Personal Care and Style,1,2289876,2290454
6987,27766,wikihow~45753,zeroshot,Personal Care and Style,1,2290456,2291015
6988,27778,wikihow~45767,zeroshot,Family Life,1,2291017,2291432
6989,27786,wikihow~45776,zeroshot,Personal Care and Style,2,2291434,2291832
6990,27787,wikihow~45777,indomain,Finance and Business,1,2291834,2292286
6991,27790,wikihow~45781,indomain,Home and Garden,1,2292288,2292720
6992,27799,wikihow~45799,zeroshot,Personal Care and Style,2,2292722,2293211
6993,27804,wikihow~45806,zeroshot,Personal Care and Style,1,2293213,2293721
6994,27805,wikihow~45808,indomain,Education and Communications,0,2293723,2294259
6995,27807,wikihow~45815,zeroshot,Family Life,3,2294261,2294850
6996,27829,wikihow~45849,zeroshot,Family Life,3,2294852,2295347
6997,27835,wikihow~45856,zeroshot,Personal Care and Style,0,2295349,2295854
6998,27845,wikihow~45869,indomain,Health,2,2295856,2296463
6999,27866,wikihow~45907,indomain,Finance and Business,2,2296465,2296877
7000,27867,wikihow~45909,zeroshot,Family Life,1,2296879,2297219
7001,27883,wikihow~45942,zeroshot,Personal Care and Style,0,2297221,2297572
7002,27885,wikihow~45944,zeroshot,Family Life,1,2297574,2298061
7003,27886,wikihow~45945,indomain,Travel,3,2298063,2298381
7004,27888,wikihow~45947,zeroshot,Personal Care and Style,0,2298383,2298848
7005,27890,wikihow~45951,indomain,Work World,3,2298850,2299256
7006,27899,wikihow~45966,zeroshot,Personal Care and Style,1,2299258,2299646
7007,27909,wikihow~45982,indomain,Education and Communications,0,2299648,2300213
7008,27927,wikihow~46010,indomain,Pets and Animals,2,2300215,2300690
7009,27931,wikihow~46017,indomain,Relationships,0,2300692,2301302
7010,27933,wikihow~46026,zeroshot,Personal Care and Style,0,2301304,2301874
7011,27938,wikihow~46032,indomain,Finance and Business,1,2301876,2302321
7012,27941,wikihow~46037,zeroshot,Personal Care and Style,1,2302323,2302796
7013,27943,wikihow~46040,indomain,Relationships,2,2302798,2303234
7014,27947,wikihow~46046,indomain,Pets and Animals,1,2303236,2303591
7015,27951,wikihow~46051,zeroshot,Family Life,1,2303593,2303981
7016,27953,wikihow~46053,zeroshot,Personal Care and Style,1,2303983,2304421
7017,27959,wikihow~46062,indomain,Health,1,2304423,2304882
7018,27973,wikihow~46085,zeroshot,Personal Care and Style,2,2304884,2305327
7019,27991,wikihow~46114,indomain,Finance and Business,1,2305329,2305746
7020,28002,wikihow~46133,indomain,Food and Entertaining,0,2305748,2306106
7021,28006,wikihow~46141,indomain,Relationships,3,2306108,2306570
7022,28038,wikihow~46191,indomain,Food and Entertaining,0,2306572,2306968
7023,28047,wikihow~46200,zeroshot,Personal Care and Style,3,2306970,2307345
7024,28064,wikihow~46240,zeroshot,Family Life,0,2307347,2307877
7025,28065,wikihow~46241,indomain,Sports and Fitness,1,2307879,2308352
7026,28106,wikihow~46315,indomain,Relationships,3,2308354,2308851
7027,28112,wikihow~46325,indomain,Computers and Electronics,1,2308853,2309300
7028,28130,wikihow~46353,zeroshot,Personal Care and Style,3,2309302,2309687
7029,28133,wikihow~46357,zeroshot,Personal Care and Style,2,2309689,2310052
7030,28144,wikihow~46375,zeroshot,Family Life,1,2310054,2310610
7031,28147,wikihow~46379,zeroshot,Family Life,2,2310612,2311104
7032,28151,wikihow~46386,zeroshot,Personal Care and Style,1,2311106,2311438
7033,28152,wikihow~46387,zeroshot,Personal Care and Style,2,2311440,2311804
7034,28173,wikihow~46421,zeroshot,Personal Care and Style,0,2311806,2312129
7035,28177,wikihow~46430,indomain,Cars & Other Vehicles,2,2312131,2312486
7036,28181,wikihow~46436,zeroshot,Personal Care and Style,2,2312488,2313034
7037,28187,wikihow~46446,indomain,Home and Garden,2,2313036,2313525
7038,28202,wikihow~46466,zeroshot,Personal Care and Style,1,2313527,2313875
7039,28211,wikihow~46480,indomain,Computers and Electronics,0,2313877,2314437
7040,28225,wikihow~46508,zeroshot,Personal Care and Style,3,2314439,2314961
7041,28227,wikihow~46510,zeroshot,Personal Care and Style,2,2314963,2315429
7042,28232,wikihow~46520,zeroshot,Personal Care and Style,2,2315431,2315805
7043,28249,wikihow~46548,zeroshot,Personal Care and Style,0,2315807,2316172
7044,28255,wikihow~46556,indomain,Pets and Animals,3,2316174,2316664
7045,28258,wikihow~46559,indomain,Health,2,2316666,2317113
7046,28259,wikihow~46560,zeroshot,Personal Care and Style,1,2317115,2317483
7047,28261,wikihow~46563,indomain,Travel,0,2317485,2317988
7048,28271,wikihow~46583,indomain,Home and Garden,0,2317990,2318343
7049,28277,wikihow~46593,indomain,Work World,1,2318345,2318821
7050,28287,wikihow~46608,indomain,Food and Entertaining,3,2318823,2319223
7051,28303,wikihow~46629,zeroshot,Personal Care and Style,1,2319225,2319764
7052,28308,wikihow~46637,zeroshot,Personal Care and Style,2,2319766,2320252
7053,28312,wikihow~46644,indomain,Pets and Animals,0,2320254,2320697
7054,28325,wikihow~46666,zeroshot,Family Life,1,2320699,2321258
7055,28326,wikihow~46667,indomain,Relationships,3,2321260,2321738
7056,28335,wikihow~46683,zeroshot,Personal Care and Style,2,2321740,2322116
7057,28337,wikihow~46687,zeroshot,Personal Care and Style,0,2322118,2322593
7058,28338,wikihow~46688,indomain,Pets and Animals,3,2322595,2323025
7059,28340,wikihow~46690,indomain,Computers and Electronics,3,2323027,2323542
7060,28345,wikihow~46698,indomain,Home and Garden,3,2323544,2324024
7061,28349,wikihow~46706,zeroshot,Personal Care and Style,0,2324026,2324535
7062,28351,wikihow~46709,indomain,Food and Entertaining,3,2324537,2325007
7063,28358,wikihow~46718,zeroshot,Family Life,0,2325009,2325608
7064,28372,wikihow~46738,indomain,Sports and Fitness,1,2325610,2326119
7065,28378,wikihow~46745,zeroshot,Personal Care and Style,0,2326121,2326447
7066,28388,wikihow~46769,zeroshot,Personal Care and Style,0,2326449,2326950
7067,28396,wikihow~46786,indomain,Pets and Animals,0,2326952,2327375
7068,28404,wikihow~46798,zeroshot,Personal Care and Style,0,2327377,2327828
7069,28405,wikihow~46799,indomain,Holidays and Traditions,0,2327830,2328392
7070,28409,wikihow~46807,indomain,Education and Communications,2,2328394,2328912
7071,28411,wikihow~46810,zeroshot,Family Life,3,2328914,2329396
7072,28415,wikihow~46820,indomain,Health,0,2329398,2330011
7073,28451,wikihow~46874,zeroshot,Personal Care and Style,3,2330013,2330538
7074,28455,wikihow~46878,indomain,Finance and Business,2,2330540,2331080
7075,28467,wikihow~46896,indomain,Home and Garden,3,2331082,2331410
7076,28468,wikihow~46897,indomain,Holidays and Traditions,3,2331412,2331885
7077,28470,wikihow~46899,indomain,Computers and Electronics,2,2331887,2332450
7078,28482,wikihow~46916,zeroshot,Personal Care and Style,3,2332452,2333032
7079,28492,wikihow~46926,zeroshot,Personal Care and Style,1,2333034,2333503
7080,28493,wikihow~46927,indomain,Computers and Electronics,2,2333505,2333985
7081,28506,wikihow~46952,zeroshot,Family Life,3,2333987,2334417
7082,28508,wikihow~46954,indomain,Computers and Electronics,0,2334419,2334757
7083,28510,wikihow~46959,indomain,Finance and Business,0,2334759,2335292
7084,28513,wikihow~46965,zeroshot,Personal Care and Style,3,2335294,2335820
7085,28514,wikihow~46968,indomain,Computers and Electronics,3,2335822,2336187
7086,28521,wikihow~46978,zeroshot,Family Life,3,2336189,2336673
7087,28522,wikihow~46979,zeroshot,Personal Care and Style,1,2336675,2337161
7088,28523,wikihow~46980,zeroshot,Family Life,3,2337163,2337480
7089,28552,wikihow~47020,zeroshot,Personal Care and Style,2,2337482,2337959
7090,28556,wikihow~47024,zeroshot,Personal Care and Style,1,2337961,2338356
7091,28559,wikihow~47028,zeroshot,Family Life,2,2338358,2338858
7092,28560,wikihow~47029,indomain,Sports and Fitness,0,2338860,2339266
7093,28562,wikihow~47031,zeroshot,Personal Care and Style,1,2339268,2339825
7094,28569,wikihow~47040,zeroshot,Personal Care and Style,0,2339827,2340412
7095,28579,wikihow~47054,indomain,Computers and Electronics,2,2340414,2340951
7096,28581,wikihow~47056,indomain,Home and Garden,1,2340953,2341442
7097,28589,wikihow~47076,indomain,Cars & Other Vehicles,2,2341444,2341947
7098,28602,wikihow~47103,zeroshot,Family Life,1,2341949,2342479
7099,28603,wikihow~47105,indomain,Sports and Fitness,2,2342481,2342901
7100,28608,wikihow~47113,zeroshot,Personal Care and Style,0,2342903,2343480
7101,28622,wikihow~47146,zeroshot,Personal Care and Style,1,2343482,2343865
7102,28631,wikihow~47163,zeroshot,Family Life,1,2343867,2344371
7103,28646,wikihow~47197,zeroshot,Personal Care and Style,0,2344373,2344715
7104,28658,wikihow~47213,zeroshot,Personal Care and Style,0,2344717,2345147
7105,28661,wikihow~47219,indomain,Home and Garden,1,2345149,2345571
7106,28681,wikihow~47248,indomain,Finance and Business,1,2345573,2346077
7107,28699,wikihow~47280,zeroshot,Personal Care and Style,1,2346079,2346509
7108,28705,wikihow~47290,indomain,Food and Entertaining,2,2346511,2346900
7109,28707,wikihow~47294,indomain,Work World,2,2346902,2347224
7110,28717,wikihow~47309,indomain,Home and Garden,2,2347226,2347608
7111,28720,wikihow~47316,zeroshot,Personal Care and Style,2,2347610,2348100
7112,28724,wikihow~47321,indomain,Education and Communications,1,2348102,2348553
7113,28739,wikihow~47347,indomain,Computers and Electronics,2,2348555,2349065
7114,28742,wikihow~47350,indomain,Health,0,2349067,2349448
7115,28744,wikihow~47354,indomain,Health,3,2349450,2349987
7116,28747,wikihow~47358,indomain,Home and Garden,3,2349989,2350407
7117,28761,wikihow~47383,indomain,Youth,3,2350409,2350854
7118,28775,wikihow~47413,zeroshot,Personal Care and Style,2,2350856,2351235
7119,28779,wikihow~47423,indomain,Food and Entertaining,1,2351237,2351758
7120,28797,wikihow~47457,zeroshot,Personal Care and Style,0,2351760,2352064
7121,28800,wikihow~47464,zeroshot,Personal Care and Style,0,2352066,2352501
7122,28807,wikihow~47475,indomain,Food and Entertaining,2,2352503,2353033
7123,28818,wikihow~47490,zeroshot,Personal Care and Style,0,2353035,2353422
7124,28824,wikihow~47498,zeroshot,Personal Care and Style,2,2353424,2353895
7125,28828,wikihow~47503,indomain,Food and Entertaining,3,2353897,2354367
7126,28832,wikihow~47512,indomain,Health,2,2354369,2354854
7127,28840,wikihow~47524,indomain,Health,2,2354856,2355295
7128,28845,wikihow~47532,zeroshot,Personal Care and Style,0,2355297,2355698
7129,28848,wikihow~47537,zeroshot,Family Life,0,2355700,2356122
7130,28862,wikihow~47559,zeroshot,Family Life,3,2356124,2356716
7131,28866,wikihow~47567,zeroshot,Personal Care and Style,3,2356718,2357210
7132,28869,wikihow~47571,indomain,Sports and Fitness,0,2357212,2357720
7133,28877,wikihow~47580,zeroshot,Personal Care and Style,0,2357722,2358293
7134,28891,wikihow~47607,zeroshot,Personal Care and Style,1,2358295,2358802
7135,28892,wikihow~47609,zeroshot,Personal Care and Style,3,2358804,2359131
7136,28899,wikihow~47619,zeroshot,Personal Care and Style,1,2359133,2359539
7137,28908,wikihow~47634,zeroshot,Family Life,0,2359541,2359923
7138,28919,wikihow~47652,indomain,Health,0,2359925,2360372
7139,28926,wikihow~47662,indomain,Health,3,2360374,2360811
7140,28927,wikihow~47666,indomain,Computers and Electronics,1,2360813,2361453
7141,28934,wikihow~47679,indomain,Health,2,2361455,2361874
7142,28938,wikihow~47687,zeroshot,Personal Care and Style,2,2361876,2362249
7143,28949,wikihow~47703,indomain,Finance and Business,2,2362251,2362863
7144,28964,wikihow~47733,zeroshot,Personal Care and Style,3,2362865,2363287
7145,28971,wikihow~47743,zeroshot,Personal Care and Style,2,2363289,2363624
7146,28979,wikihow~47754,indomain,Computers and Electronics,3,2363626,2364142
7147,28983,wikihow~47762,indomain,Travel,2,2364144,2364567
7148,28985,wikihow~47766,zeroshot,Personal Care and Style,3,2364569,2365189
7149,28987,wikihow~47768,zeroshot,Personal Care and Style,2,2365191,2365581
7150,28992,wikihow~47779,indomain,Education and Communications,3,2365583,2365938
7151,29005,wikihow~47809,zeroshot,Personal Care and Style,3,2365940,2366320
7152,29007,wikihow~47816,zeroshot,Family Life,3,2366322,2366675
7153,29008,wikihow~47818,zeroshot,Personal Care and Style,2,2366677,2367210
7154,29032,wikihow~47864,zeroshot,Family Life,1,2367212,2367640
7155,29057,wikihow~47908,zeroshot,Personal Care and Style,1,2367642,2368094
7156,29060,wikihow~47911,indomain,Health,2,2368096,2368675
7157,29069,wikihow~47927,indomain,Youth,0,2368677,2369125
7158,29073,wikihow~47932,indomain,Youth,1,2369127,2369582
7159,29075,wikihow~47936,indomain,Health,2,2369584,2369970
7160,29078,wikihow~47940,indomain,Finance and Business,0,2369972,2370513
7161,29082,wikihow~47950,indomain,Computers and Electronics,2,2370515,2370829
7162,29086,wikihow~47955,zeroshot,Personal Care and Style,2,2370831,2371304
7163,29108,wikihow~47996,zeroshot,Personal Care and Style,1,2371306,2371787
7164,29110,wikihow~48002,indomain,Finance and Business,0,2371789,2372216
7165,29112,wikihow~48004,indomain,Health,0,2372218,2372696
7166,29122,wikihow~48016,indomain,Pets and Animals,1,2372698,2373114
7167,29134,wikihow~48035,zeroshot,Personal Care and Style,3,2373116,2373448
7168,29138,wikihow~48044,zeroshot,Personal Care and Style,2,2373450,2373945
7169,29158,wikihow~48075,indomain,Computers and Electronics,0,2373947,2374412
7170,29175,wikihow~48101,zeroshot,Personal Care and Style,0,2374414,2374799
7171,29187,wikihow~48123,indomain,Home and Garden,3,2374801,2375255
7172,29192,wikihow~48133,indomain,Youth,3,2375257,2375683
7173,29199,wikihow~48142,zeroshot,Personal Care and Style,1,2375685,2376056
7174,29210,wikihow~48156,indomain,Health,2,2376058,2376428
7175,29231,wikihow~48183,zeroshot,Personal Care and Style,2,2376430,2376902
7176,29247,wikihow~48220,zeroshot,Personal Care and Style,3,2376904,2377394
7177,29251,wikihow~48229,indomain,Youth,0,2377396,2377886
7178,29257,wikihow~48239,indomain,Health,1,2377888,2378457
7179,29266,wikihow~48254,indomain,Computers and Electronics,0,2378459,2378840
7180,29275,wikihow~48270,indomain,Health,2,2378842,2379464
7181,29286,wikihow~48291,indomain,Youth,2,2379466,2379834
7182,29288,wikihow~48294,indomain,Pets and Animals,2,2379836,2380384
7183,29301,wikihow~48313,indomain,Work World,1,2380386,2380864
7184,29308,wikihow~48322,indomain,Home and Garden,3,2380866,2381213
7185,29324,wikihow~48350,zeroshot,Personal Care and Style,0,2381215,2381700
7186,29327,wikihow~48355,indomain,Food and Entertaining,0,2381702,2382001
7187,29328,wikihow~48356,indomain,Finance and Business,0,2382003,2382715
7188,29333,wikihow~48363,indomain,Finance and Business,1,2382717,2383101
7189,29359,wikihow~48401,indomain,Health,0,2383103,2383606
7190,29366,wikihow~48416,zeroshot,Personal Care and Style,0,2383608,2384036
7191,29371,wikihow~48424,zeroshot,Personal Care and Style,0,2384038,2384447
7192,29373,wikihow~48427,zeroshot,Personal Care and Style,1,2384449,2384962
7193,29378,wikihow~48434,zeroshot,Family Life,3,2384964,2385370
7194,29379,wikihow~48435,indomain,Home and Garden,1,2385372,2385841
7195,29382,wikihow~48441,zeroshot,Personal Care and Style,3,2385843,2386218
7196,29383,wikihow~48442,zeroshot,Personal Care and Style,1,2386220,2386638
7197,29385,wikihow~48446,zeroshot,Family Life,2,2386640,2387072
7198,29388,wikihow~48451,zeroshot,Personal Care and Style,0,2387074,2387523
7199,29389,wikihow~48452,zeroshot,Personal Care and Style,0,2387525,2388037
7200,29390,wikihow~48453,zeroshot,Personal Care and Style,2,2388039,2388397
7201,29391,wikihow~48454,zeroshot,Personal Care and Style,1,2388399,2388713
7202,29396,wikihow~48464,zeroshot,Family Life,1,2388715,2389224
7203,29404,wikihow~48480,zeroshot,Personal Care and Style,1,2389226,2389536
7204,29410,wikihow~48488,zeroshot,Family Life,2,2389538,2390042
7205,29412,wikihow~48491,zeroshot,Family Life,0,2390044,2390503
7206,29419,wikihow~48501,zeroshot,Personal Care and Style,0,2390505,2390965
7207,29420,wikihow~48503,indomain,Health,0,2390967,2391444
7208,29423,wikihow~48510,zeroshot,Personal Care and Style,2,2391446,2391998
7209,29426,wikihow~48516,indomain,Computers and Electronics,3,2392000,2392428
7210,29432,wikihow~48526,indomain,Computers and Electronics,1,2392430,2392811
7211,29446,wikihow~48553,indomain,Youth,2,2392813,2393330
7212,29452,wikihow~48563,zeroshot,Family Life,0,2393332,2393731
7213,29459,wikihow~48571,zeroshot,Personal Care and Style,3,2393733,2394256
7214,29462,wikihow~48574,zeroshot,Family Life,0,2394258,2394641
7215,29477,wikihow~48597,zeroshot,Personal Care and Style,0,2394643,2395253
7216,29484,wikihow~48610,indomain,Food and Entertaining,2,2395255,2395684
7217,29487,wikihow~48613,indomain,Computers and Electronics,1,2395686,2396209
7218,29512,wikihow~48657,indomain,Food and Entertaining,3,2396211,2396734
7219,29518,wikihow~48667,indomain,Home and Garden,3,2396736,2397284
7220,29519,wikihow~48668,indomain,Finance and Business,3,2397286,2397852
7221,29531,wikihow~48684,indomain,Finance and Business,3,2397854,2398194
7222,29540,wikihow~48698,zeroshot,Family Life,2,2398196,2398672
7223,29541,wikihow~48699,indomain,Cars & Other Vehicles,3,2398674,2399201
7224,29544,wikihow~48703,indomain,Home and Garden,3,2399203,2399627
7225,29547,wikihow~48708,zeroshot,Personal Care and Style,1,2399629,2400083
7226,29550,wikihow~48714,zeroshot,Family Life,3,2400085,2400392
7227,29551,wikihow~48717,zeroshot,Family Life,2,2400394,2400842
7228,29558,wikihow~48728,zeroshot,Personal Care and Style,0,2400844,2401372
7229,29559,wikihow~48730,zeroshot,Personal Care and Style,2,2401374,2401844
7230,29562,wikihow~48740,zeroshot,Personal Care and Style,1,2401846,2402284
7231,29577,wikihow~48765,indomain,Computers and Electronics,3,2402286,2402620
7232,29578,wikihow~48766,indomain,Home and Garden,3,2402622,2403085
7233,29586,wikihow~48779,zeroshot,Personal Care and Style,2,2403087,2403540
7234,29587,wikihow~48780,zeroshot,Personal Care and Style,0,2403542,2403940
7235,29605,wikihow~48811,indomain,Pets and Animals,3,2403942,2404469
7236,29609,wikihow~48817,zeroshot,Personal Care and Style,3,2404471,2404974
7237,29621,wikihow~48834,zeroshot,Family Life,3,2404976,2405490
7238,29622,wikihow~48836,zeroshot,Family Life,3,2405492,2406009
7239,29638,wikihow~48876,indomain,Education and Communications,2,2406011,2406536
7240,29643,wikihow~48882,indomain,Travel,1,2406538,2407056
7241,29654,wikihow~48899,indomain,Food and Entertaining,0,2407058,2407445
7242,29659,wikihow~48908,indomain,Home and Garden,3,2407447,2407965
7243,29680,wikihow~48941,zeroshot,Personal Care and Style,1,2407967,2408415
7244,29681,wikihow~48942,zeroshot,Family Life,1,2408417,2409004
7245,29683,wikihow~48947,indomain,Home and Garden,3,2409006,2409457
7246,29684,wikihow~48948,zeroshot,Family Life,0,2409459,2410032
7247,29694,wikihow~48961,zeroshot,Personal Care and Style,0,2410034,2410590
7248,29700,wikihow~48971,zeroshot,Personal Care and Style,3,2410592,2410930
7249,29703,wikihow~48977,indomain,Computers and Electronics,2,2410932,2411427
7250,29708,wikihow~48984,zeroshot,Personal Care and Style,3,2411429,2411911
7251,29716,wikihow~49003,indomain,Health,3,2411913,2412485
7252,29720,wikihow~49012,indomain,Home and Garden,1,2412487,2413001
7253,29721,wikihow~49015,indomain,Computers and Electronics,3,2413003,2413528
7254,29722,wikihow~49017,zeroshot,Family Life,0,2413530,2413977
7255,29741,wikihow~49048,zeroshot,Family Life,2,2413979,2414547
7256,29758,wikihow~49078,indomain,Food and Entertaining,0,2414549,2414943
7257,29767,wikihow~49090,zeroshot,Personal Care and Style,3,2414945,2415358
7258,29770,wikihow~49093,zeroshot,Personal Care and Style,3,2415360,2415891
7259,29786,wikihow~49113,zeroshot,Personal Care and Style,3,2415893,2416400
7260,29787,wikihow~49114,zeroshot,Family Life,2,2416402,2416927
7261,29801,wikihow~49133,indomain,Health,3,2416929,2417507
7262,29803,wikihow~49137,indomain,Pets and Animals,3,2417509,2417987
7263,29818,wikihow~49159,indomain,Work World,2,2417989,2418480
7264,29833,wikihow~49180,indomain,Computers and Electronics,1,2418482,2418943
7265,29843,wikihow~49197,indomain,Cars & Other Vehicles,2,2418945,2419271
7266,29844,wikihow~49198,zeroshot,Personal Care and Style,2,2419273,2419742
7267,29848,wikihow~49204,zeroshot,Personal Care and Style,2,2419744,2420064
7268,29872,wikihow~49240,indomain,Computers and Electronics,0,2420066,2420557
7269,29883,wikihow~49252,indomain,Computers and Electronics,1,2420559,2420850
7270,29891,wikihow~49265,zeroshot,Personal Care and Style,2,2420852,2421208
7271,29900,wikihow~49275,zeroshot,Family Life,2,2421210,2421556
7272,29905,wikihow~49282,zeroshot,Personal Care and Style,2,2421558,2422049
7273,29912,wikihow~49297,zeroshot,Family Life,0,2422051,2422423
7274,29914,wikihow~49299,indomain,Pets and Animals,2,2422425,2422872
7275,29922,wikihow~49310,zeroshot,Personal Care and Style,0,2422874,2423395
7276,29923,wikihow~49312,zeroshot,Personal Care and Style,2,2423397,2423922
7277,29953,wikihow~49351,indomain,Pets and Animals,1,2423924,2424326
7278,29958,wikihow~49358,indomain,Home and Garden,0,2424328,2424661
7279,29961,wikihow~49362,zeroshot,Personal Care and Style,3,2424663,2425142
7280,29963,wikihow~49366,indomain,Relationships,2,2425144,2425480
7281,29967,wikihow~49372,zeroshot,Personal Care and Style,3,2425482,2426064
7282,29972,wikihow~49380,zeroshot,Personal Care and Style,2,2426066,2426535
7283,29985,wikihow~49407,zeroshot,Family Life,1,2426537,2426837
7284,29992,wikihow~49420,zeroshot,Family Life,0,2426839,2427364
7285,29994,wikihow~49422,indomain,Youth,1,2427366,2427830
7286,30001,wikihow~49432,zeroshot,Family Life,1,2427832,2428306
7287,30010,wikihow~49447,zeroshot,Family Life,3,2428308,2428677
7288,30020,wikihow~49466,zeroshot,Personal Care and Style,1,2428679,2429093
7289,30021,wikihow~49467,indomain,Food and Entertaining,1,2429095,2429482
7290,30023,wikihow~49472,indomain,Youth,1,2429484,2429868
7291,30024,wikihow~49477,indomain,Pets and Animals,2,2429870,2430142
7292,30033,wikihow~49492,indomain,Computers and Electronics,2,2430144,2430583
7293,30038,wikihow~49498,zeroshot,Personal Care and Style,3,2430585,2431037
7294,30054,wikihow~49521,indomain,Pets and Animals,3,2431039,2431551
7295,30058,wikihow~49527,zeroshot,Personal Care and Style,3,2431553,2432102
7296,30059,wikihow~49528,indomain,Youth,0,2432104,2432562
7297,30064,wikihow~49540,zeroshot,Family Life,3,2432564,2433062
7298,30089,wikihow~49591,zeroshot,Family Life,2,2433064,2433718
7299,30107,wikihow~49629,zeroshot,Personal Care and Style,0,2433720,2434257
7300,30111,wikihow~49635,indomain,Health,1,2434259,2434710
7301,30116,wikihow~49643,zeroshot,Personal Care and Style,0,2434712,2435152
7302,30117,wikihow~49644,zeroshot,Personal Care and Style,2,2435154,2435664
7303,30122,wikihow~49653,zeroshot,Personal Care and Style,3,2435666,2436034
7304,30133,wikihow~49683,zeroshot,Personal Care and Style,1,2436036,2436392
7305,30169,wikihow~49740,indomain,Computers and Electronics,1,2436394,2436916
7306,30171,wikihow~49742,indomain,Health,2,2436918,2437491
7307,30191,wikihow~49778,indomain,Food and Entertaining,0,2437493,2437878
7308,30204,wikihow~49795,zeroshot,Personal Care and Style,2,2437880,2438322
7309,30218,wikihow~49817,zeroshot,Personal Care and Style,3,2438324,2438850
7310,30229,wikihow~49833,zeroshot,Personal Care and Style,3,2438852,2439244
7311,30231,wikihow~49836,indomain,Computers and Electronics,0,2439246,2439570
7312,30232,wikihow~49838,indomain,Travel,3,2439572,2440159
7313,30240,wikihow~49847,zeroshot,Personal Care and Style,1,2440161,2440662
7314,30241,wikihow~49848,indomain,Computers and Electronics,0,2440664,2441121
7315,30242,wikihow~49850,indomain,Computers and Electronics,2,2441123,2441524
7316,30243,wikihow~49851,indomain,Food and Entertaining,3,2441526,2442028
7317,30251,wikihow~49865,indomain,Pets and Animals,3,2442030,2442499
7318,30263,wikihow~49883,indomain,Health,0,2442501,2443005
7319,30269,wikihow~49893,indomain,Home and Garden,3,2443007,2443434
7320,30273,wikihow~49899,indomain,Education and Communications,2,2443436,2443971
7321,30276,wikihow~49902,indomain,Computers and Electronics,1,2443973,2444486
7322,30277,wikihow~49903,indomain,Computers and Electronics,2,2444488,2444911
7323,30286,wikihow~49916,indomain,Sports and Fitness,3,2444913,2445297
7324,30290,wikihow~49922,zeroshot,Personal Care and Style,2,2445299,2445681
7325,30291,wikihow~49924,zeroshot,Personal Care and Style,1,2445683,2446135
7326,30294,wikihow~49929,zeroshot,Personal Care and Style,0,2446137,2446608
7327,30316,wikihow~49961,indomain,Youth,2,2446610,2446983
7328,30329,wikihow~49982,indomain,Health,3,2446985,2447465
7329,30331,wikihow~49985,indomain,Youth,1,2447467,2447877
7330,30340,wikihow~49998,zeroshot,Family Life,0,2447879,2448432
7331,30353,wikihow~50013,indomain,Education and Communications,0,2448434,2448903
7332,30354,wikihow~50014,indomain,Food and Entertaining,1,2448905,2449342
7333,30355,wikihow~50015,indomain,Finance and Business,2,2449344,2449809
7334,30369,wikihow~50037,zeroshot,Personal Care and Style,2,2449811,2450341
7335,30374,wikihow~50044,zeroshot,Personal Care and Style,3,2450343,2450794
7336,30379,wikihow~50052,zeroshot,Personal Care and Style,3,2450796,2451322
7337,30382,wikihow~50055,indomain,Computers and Electronics,0,2451324,2451692
7338,30383,wikihow~50056,indomain,Pets and Animals,0,2451694,2452159
7339,30388,wikihow~50069,zeroshot,Family Life,3,2452161,2452621
7340,30391,wikihow~50075,zeroshot,Personal Care and Style,1,2452623,2453009
7341,30395,wikihow~50084,indomain,Home and Garden,1,2453011,2453488
7342,30415,wikihow~50118,zeroshot,Personal Care and Style,3,2453490,2453981
7343,30437,wikihow~50157,indomain,Home and Garden,1,2453983,2454470
7344,30465,wikihow~50216,indomain,Pets and Animals,2,2454472,2454948
7345,30466,wikihow~50217,zeroshot,Personal Care and Style,3,2454950,2455513
7346,30495,wikihow~50264,indomain,Computers and Electronics,3,2455515,2456028
7347,30504,wikihow~50278,zeroshot,Personal Care and Style,1,2456030,2456494
7348,30508,wikihow~50283,indomain,Philosophy and Religion,0,2456496,2456834
7349,30515,wikihow~50293,zeroshot,Family Life,1,2456836,2457388
7350,30518,wikihow~50296,indomain,Computers and Electronics,3,2457390,2457838
7351,30529,wikihow~50312,indomain,Youth,0,2457840,2458206
7352,30530,wikihow~50313,zeroshot,Family Life,2,2458208,2458722
7353,30544,wikihow~50333,zeroshot,Personal Care and Style,3,2458724,2459240
7354,30550,wikihow~50345,zeroshot,Family Life,3,2459242,2459657
7355,30572,wikihow~50375,zeroshot,Family Life,0,2459659,2460065
7356,30577,wikihow~50382,indomain,Food and Entertaining,1,2460067,2460369
7357,30595,wikihow~50408,indomain,Home and Garden,0,2460371,2460983
7358,30600,wikihow~50417,zeroshot,Personal Care and Style,2,2460985,2461542
7359,30606,wikihow~50431,indomain,Youth,2,2461544,2462035
7360,30623,wikihow~50467,indomain,Youth,0,2462037,2462508
7361,30629,wikihow~50475,zeroshot,Personal Care and Style,1,2462510,2462830
7362,30636,wikihow~50488,zeroshot,Personal Care and Style,2,2462832,2463385
7363,30638,wikihow~50490,indomain,Food and Entertaining,0,2463387,2463729
7364,30644,wikihow~50499,indomain,Home and Garden,2,2463731,2464211
7365,30646,wikihow~50502,zeroshot,Personal Care and Style,1,2464213,2464741
7366,30652,wikihow~50511,indomain,Relationships,2,2464743,2465345
7367,30657,wikihow~50518,zeroshot,Family Life,0,2465347,2465994
7368,30658,wikihow~50522,indomain,Food and Entertaining,1,2465996,2466464
7369,30664,wikihow~50535,zeroshot,Family Life,3,2466466,2466899
7370,30665,wikihow~50537,zeroshot,Personal Care and Style,0,2466901,2467270
7371,30666,wikihow~50538,zeroshot,Personal Care and Style,2,2467272,2467623
7372,30671,wikihow~50546,zeroshot,Personal Care and Style,2,2467625,2468079
7373,30680,wikihow~50557,indomain,Education and Communications,2,2468081,2468612
7374,30681,wikihow~50560,zeroshot,Personal Care and Style,3,2468614,2469110
7375,30689,wikihow~50571,indomain,Food and Entertaining,0,2469112,2469548
7376,30711,wikihow~50611,zeroshot,Personal Care and Style,3,2469550,2470065
7377,30723,wikihow~50631,zeroshot,Personal Care and Style,2,2470067,2470632
7378,30726,wikihow~50634,indomain,Youth,1,2470634,2471101
7379,30744,wikihow~50658,indomain,Education and Communications,0,2471103,2471481
7380,30748,wikihow~50666,indomain,Computers and Electronics,2,2471483,2471907
7381,30758,wikihow~50684,zeroshot,Personal Care and Style,0,2471909,2472390
7382,30760,wikihow~50686,zeroshot,Personal Care and Style,2,2472392,2472878
7383,30763,wikihow~50693,zeroshot,Personal Care and Style,1,2472880,2473391
7384,30783,wikihow~50731,zeroshot,Personal Care and Style,2,2473393,2473766
7385,30786,wikihow~50734,indomain,Sports and Fitness,3,2473768,2474215
7386,30797,wikihow~50753,zeroshot,Family Life,2,2474217,2474735
7387,30803,wikihow~50762,zeroshot,Family Life,0,2474737,2475103
7388,30808,wikihow~50770,indomain,Home and Garden,0,2475105,2475693
7389,30812,wikihow~50779,zeroshot,Family Life,3,2475695,2476362
7390,30814,wikihow~50782,zeroshot,Personal Care and Style,2,2476364,2476788
7391,30821,wikihow~50789,zeroshot,Personal Care and Style,3,2476790,2477206
7392,30846,wikihow~50830,zeroshot,Family Life,3,2477208,2477692
7393,30851,wikihow~50836,indomain,Computers and Electronics,0,2477694,2478034
7394,30858,wikihow~50853,indomain,Home and Garden,3,2478036,2478522
7395,30872,wikihow~50878,indomain,Youth,3,2478524,2478973
7396,30874,wikihow~50880,indomain,Sports and Fitness,0,2478975,2479523
7397,30919,wikihow~50963,indomain,Health,2,2479525,2480015
7398,30942,wikihow~50993,indomain,Finance and Business,1,2480017,2480536
7399,30945,wikihow~50998,indomain,Education and Communications,2,2480538,2481095
7400,30955,wikihow~51008,zeroshot,Personal Care and Style,3,2481097,2481402
7401,30965,wikihow~51024,indomain,Home and Garden,0,2481404,2481888
7402,30966,wikihow~51026,indomain,Youth,1,2481890,2482334
7403,30968,wikihow~51028,indomain,Youth,0,2482336,2482785
7404,30979,wikihow~51045,zeroshot,Personal Care and Style,3,2482787,2483286
7405,30987,wikihow~51055,zeroshot,Personal Care and Style,2,2483288,2483684
7406,30989,wikihow~51057,zeroshot,Personal Care and Style,0,2483686,2484081
7407,30999,wikihow~51072,indomain,Computers and Electronics,1,2484083,2484689
7408,31008,wikihow~51088,indomain,Home and Garden,1,2484691,2485095
7409,31011,wikihow~51092,zeroshot,Personal Care and Style,3,2485097,2485555
7410,31018,wikihow~51102,zeroshot,Family Life,2,2485557,2486096
7411,31027,wikihow~51121,zeroshot,Personal Care and Style,2,2486098,2486620
7412,31030,wikihow~51127,zeroshot,Personal Care and Style,1,2486622,2487121
7413,31033,wikihow~51133,indomain,Home and Garden,2,2487123,2487650
7414,31036,wikihow~51138,indomain,Relationships,2,2487652,2488047
7415,31042,wikihow~51147,indomain,Health,0,2488049,2488585
7416,31052,wikihow~51168,zeroshot,Personal Care and Style,1,2488587,2489090
7417,31069,wikihow~51199,indomain,Youth,0,2489092,2489452
7418,31075,wikihow~51207,indomain,Cars & Other Vehicles,2,2489454,2489867
7419,31078,wikihow~51211,zeroshot,Family Life,0,2489869,2490313
7420,31086,wikihow~51226,zeroshot,Personal Care and Style,1,2490315,2490874
7421,31099,wikihow~51246,zeroshot,Personal Care and Style,3,2490876,2491326
7422,31108,wikihow~51259,zeroshot,Personal Care and Style,0,2491328,2491888
7423,31111,wikihow~51262,zeroshot,Personal Care and Style,0,2491890,2492427
7424,31115,wikihow~51270,zeroshot,Personal Care and Style,0,2492429,2492849
7425,31124,wikihow~51285,indomain,Computers and Electronics,2,2492851,2493594
7426,31129,wikihow~51294,zeroshot,Family Life,1,2493596,2494111
7427,31142,wikihow~51317,indomain,Pets and Animals,2,2494113,2494583
7428,31143,wikihow~51318,indomain,Health,1,2494585,2494983
7429,31160,wikihow~51349,indomain,Work World,1,2494985,2495542
7430,31167,wikihow~51364,indomain,Youth,1,2495544,2496064
7431,31168,wikihow~51367,zeroshot,Family Life,0,2496066,2496399
7432,31170,wikihow~51372,indomain,Pets and Animals,1,2496401,2496878
7433,31174,wikihow~51383,zeroshot,Family Life,1,2496880,2497273
7434,31184,wikihow~51400,indomain,Relationships,0,2497275,2497693
7435,31190,wikihow~51409,zeroshot,Family Life,2,2497695,2498158
7436,31192,wikihow~51411,indomain,Computers and Electronics,3,2498160,2498681
7437,31201,wikihow~51428,indomain,Computers and Electronics,1,2498683,2499155
7438,31202,wikihow~51435,zeroshot,Personal Care and Style,0,2499157,2499585
7439,31206,wikihow~51439,zeroshot,Personal Care and Style,3,2499587,2499910
7440,31218,wikihow~51460,indomain,Health,2,2499912,2500421
7441,31224,wikihow~51476,zeroshot,Personal Care and Style,3,2500423,2500816
7442,31225,wikihow~51478,indomain,Sports and Fitness,0,2500818,2501372
7443,31239,wikihow~51496,zeroshot,Family Life,1,2501374,2501801
7444,31243,wikihow~51506,zeroshot,Family Life,2,2501803,2502327
7445,31249,wikihow~51517,zeroshot,Family Life,1,2502329,2502845
7446,31270,wikihow~51547,zeroshot,Personal Care and Style,3,2502847,2503220
7447,31280,wikihow~51568,indomain,Youth,0,2503222,2503680
7448,31283,wikihow~51574,zeroshot,Personal Care and Style,0,2503682,2504159
7449,31286,wikihow~51578,indomain,Pets and Animals,3,2504161,2504738
7450,31294,wikihow~51590,indomain,Pets and Animals,3,2504740,2505150
7451,31297,wikihow~51594,zeroshot,Personal Care and Style,3,2505152,2505609
7452,31304,wikihow~51604,zeroshot,Personal Care and Style,0,2505611,2506101
7453,31311,wikihow~51615,zeroshot,Personal Care and Style,1,2506103,2506515
7454,31320,wikihow~51626,indomain,Computers and Electronics,1,2506517,2506957
7455,31323,wikihow~51631,zeroshot,Personal Care and Style,3,2506959,2507352
7456,31324,wikihow~51632,indomain,Cars & Other Vehicles,3,2507354,2507748
7457,31331,wikihow~51648,indomain,Relationships,0,2507750,2508311
7458,31334,wikihow~51654,zeroshot,Personal Care and Style,3,2508313,2508812
7459,31335,wikihow~51655,zeroshot,Personal Care and Style,1,2508814,2509193
7460,31348,wikihow~51673,zeroshot,Personal Care and Style,1,2509195,2509624
7461,31357,wikihow~51687,indomain,Education and Communications,0,2509626,2510223
7462,31362,wikihow~51696,indomain,Health,2,2510225,2510693
7463,31363,wikihow~51697,indomain,Pets and Animals,2,2510695,2511170
7464,31373,wikihow~51711,zeroshot,Family Life,2,2511172,2511693
7465,31394,wikihow~51748,zeroshot,Personal Care and Style,1,2511695,2512175
7466,31407,wikihow~51770,indomain,Food and Entertaining,2,2512177,2512569
7467,31410,wikihow~51775,zeroshot,Personal Care and Style,1,2512571,2512948
7468,31412,wikihow~51779,indomain,Relationships,2,2512950,2513375
7469,31419,wikihow~51791,indomain,Home and Garden,1,2513377,2513811
7470,31424,wikihow~51801,zeroshot,Personal Care and Style,3,2513813,2514186
7471,31425,wikihow~51802,zeroshot,Personal Care and Style,1,2514188,2514638
7472,31440,wikihow~51830,indomain,Youth,2,2514640,2515057
7473,31441,wikihow~51833,indomain,Home and Garden,0,2515059,2515494
7474,31450,wikihow~51850,zeroshot,Personal Care and Style,1,2515496,2515996
7475,31469,wikihow~51881,zeroshot,Personal Care and Style,1,2515998,2516427
7476,31475,wikihow~51896,indomain,Food and Entertaining,3,2516429,2516784
7477,31497,wikihow~51937,zeroshot,Family Life,1,2516786,2517300
7478,31503,wikihow~51945,indomain,Computers and Electronics,3,2517302,2517826
7479,31506,wikihow~51952,zeroshot,Family Life,0,2517828,2518204
7480,31507,wikihow~51953,indomain,Finance and Business,0,2518206,2518757
7481,31513,wikihow~51966,indomain,Cars & Other Vehicles,0,2518759,2519120
7482,31540,wikihow~52008,zeroshot,Personal Care and Style,2,2519122,2519582
7483,31541,wikihow~52011,indomain,Home and Garden,0,2519584,2519984
7484,31545,wikihow~52018,zeroshot,Family Life,3,2519986,2520395
7485,31546,wikihow~52020,zeroshot,Personal Care and Style,1,2520397,2520891
7486,31547,wikihow~52021,zeroshot,Family Life,1,2520893,2521250
7487,31548,wikihow~52022,indomain,Health,1,2521252,2521814
7488,31551,wikihow~52026,indomain,Finance and Business,3,2521816,2522315
7489,31553,wikihow~52028,zeroshot,Family Life,3,2522317,2522860
7490,31562,wikihow~52039,zeroshot,Family Life,0,2522862,2523331
7491,31568,wikihow~52050,indomain,Health,3,2523333,2523894
7492,31574,wikihow~52059,indomain,Computers and Electronics,2,2523896,2524432
7493,31586,wikihow~52072,zeroshot,Personal Care and Style,0,2524434,2524953
7494,31597,wikihow~52099,zeroshot,Personal Care and Style,1,2524955,2525368
7495,31604,wikihow~52112,zeroshot,Personal Care and Style,2,2525370,2525745
7496,31609,wikihow~52117,indomain,Food and Entertaining,3,2525747,2526136
7497,31612,wikihow~52120,zeroshot,Personal Care and Style,0,2526138,2526529
7498,31625,wikihow~52139,zeroshot,Personal Care and Style,1,2526531,2526994
7499,31628,wikihow~52144,indomain,Food and Entertaining,1,2526996,2527364
7500,31630,wikihow~52149,indomain,Food and Entertaining,1,2527366,2527809
7501,31639,wikihow~52163,zeroshot,Personal Care and Style,2,2527811,2528333
7502,31640,wikihow~52165,zeroshot,Family Life,3,2528335,2528958
7503,31644,wikihow~52170,zeroshot,Personal Care and Style,2,2528960,2529409
7504,31654,wikihow~52183,indomain,Travel,2,2529411,2529865
7505,31667,wikihow~52208,zeroshot,Personal Care and Style,2,2529867,2530383
7506,31682,wikihow~52243,indomain,Home and Garden,1,2530385,2530870
7507,31694,wikihow~52267,indomain,Health,3,2530872,2531229
7508,31709,wikihow~52285,zeroshot,Personal Care and Style,3,2531231,2531769
7509,31723,wikihow~52302,zeroshot,Personal Care and Style,0,2531771,2532218
7510,31727,wikihow~52308,zeroshot,Family Life,1,2532220,2532601
7511,31733,wikihow~52320,zeroshot,Personal Care and Style,2,2532603,2533004
7512,31734,wikihow~52321,indomain,Computers and Electronics,0,2533006,2533419
7513,31736,wikihow~52325,indomain,Finance and Business,1,2533421,2534123
7514,31739,wikihow~52331,zeroshot,Personal Care and Style,3,2534125,2534508
7515,31745,wikihow~52341,indomain,Finance and Business,2,2534510,2535123
7516,31754,wikihow~52359,indomain,Finance and Business,2,2535125,2535535
7517,31756,wikihow~52361,indomain,Cars & Other Vehicles,0,2535537,2535978
7518,31758,wikihow~52363,zeroshot,Family Life,2,2535980,2536398
7519,31760,wikihow~52365,zeroshot,Personal Care and Style,2,2536400,2536701
7520,31770,wikihow~52375,zeroshot,Personal Care and Style,3,2536703,2537063
7521,31774,wikihow~52380,indomain,Cars & Other Vehicles,2,2537065,2537377
7522,31787,wikihow~52397,zeroshot,Family Life,1,2537379,2537858
7523,31789,wikihow~52400,zeroshot,Personal Care and Style,2,2537860,2538240
7524,31791,wikihow~52407,zeroshot,Family Life,1,2538242,2538755
7525,31805,wikihow~52430,indomain,Computers and Electronics,2,2538757,2539254
7526,31817,wikihow~52448,zeroshot,Personal Care and Style,3,2539256,2539699
7527,31819,wikihow~52450,zeroshot,Personal Care and Style,1,2539701,2540199
7528,31820,wikihow~52451,indomain,Food and Entertaining,2,2540201,2540537
7529,31828,wikihow~52471,zeroshot,Family Life,1,2540539,2540911
7530,31844,wikihow~52490,indomain,Health,3,2540913,2541296
7531,31849,wikihow~52495,zeroshot,Personal Care and Style,1,2541298,2541765
7532,31850,wikihow~52498,zeroshot,Personal Care and Style,3,2541767,2542338
7533,31862,wikihow~52517,zeroshot,Personal Care and Style,3,2542340,2542762
7534,31881,wikihow~52545,zeroshot,Personal Care and Style,1,2542764,2543178
7535,31884,wikihow~52549,indomain,Sports and Fitness,3,2543180,2543748
7536,31887,wikihow~52555,zeroshot,Family Life,1,2543750,2544208
7537,31900,wikihow~52577,zeroshot,Personal Care and Style,0,2544210,2544694
7538,31901,wikihow~52578,zeroshot,Personal Care and Style,0,2544696,2545172
7539,31903,wikihow~52580,zeroshot,Family Life,0,2545174,2545654
7540,31924,wikihow~52621,indomain,Food and Entertaining,1,2545656,2546035
7541,31926,wikihow~52626,indomain,Education and Communications,1,2546037,2546587
7542,31930,wikihow~52634,zeroshot,Personal Care and Style,3,2546589,2547070
7543,31946,wikihow~52662,indomain,Health,2,2547072,2547531
7544,31957,wikihow~52678,indomain,Education and Communications,0,2547533,2547923
7545,31969,wikihow~52695,zeroshot,Personal Care and Style,3,2547925,2548331
7546,31975,wikihow~52705,zeroshot,Personal Care and Style,1,2548333,2548811
7547,31976,wikihow~52707,indomain,Food and Entertaining,0,2548813,2549245
7548,31980,wikihow~52714,zeroshot,Personal Care and Style,1,2549247,2549687
7549,31981,wikihow~52715,zeroshot,Family Life,2,2549689,2550208
7550,31986,wikihow~52720,indomain,Food and Entertaining,3,2550210,2550576
7551,31995,wikihow~52736,indomain,Finance and Business,2,2550578,2551178
7552,31997,wikihow~52738,indomain,Youth,3,2551180,2551656
7553,32001,wikihow~52744,indomain,Travel,2,2551658,2552135
7554,32009,wikihow~52758,indomain,Health,1,2552137,2552598
7555,32014,wikihow~52763,indomain,Computers and Electronics,3,2552600,2552932
7556,32024,wikihow~52776,indomain,Computers and Electronics,0,2552934,2553326
7557,32029,wikihow~52788,indomain,Cars & Other Vehicles,2,2553328,2553822
7558,32030,wikihow~52791,indomain,Education and Communications,2,2553824,2554427
7559,32035,wikihow~52802,indomain,Food and Entertaining,3,2554429,2554889
7560,32043,wikihow~52816,zeroshot,Family Life,3,2554891,2555488
7561,32046,wikihow~52819,zeroshot,Personal Care and Style,3,2555490,2555944
7562,32058,wikihow~52847,zeroshot,Personal Care and Style,0,2555946,2556446
7563,32064,wikihow~52856,indomain,Computers and Electronics,1,2556448,2556882
7564,32071,wikihow~52868,zeroshot,Personal Care and Style,1,2556884,2557268
7565,32073,wikihow~52873,zeroshot,Family Life,3,2557270,2557871
7566,32074,wikihow~52875,indomain,Health,2,2557873,2558352
7567,32083,wikihow~52892,zeroshot,Personal Care and Style,0,2558354,2558683
7568,32101,wikihow~52922,indomain,Sports and Fitness,1,2558685,2559179
7569,32124,wikihow~52959,zeroshot,Personal Care and Style,3,2559181,2559605
7570,32129,wikihow~52965,indomain,Computers and Electronics,3,2559607,2560099
7571,32131,wikihow~52968,indomain,Food and Entertaining,2,2560101,2560545
7572,32141,wikihow~52983,zeroshot,Personal Care and Style,1,2560547,2561031
7573,32143,wikihow~52985,zeroshot,Personal Care and Style,2,2561033,2561386
7574,32147,wikihow~52989,zeroshot,Personal Care and Style,0,2561388,2561840
7575,32148,wikihow~52992,zeroshot,Personal Care and Style,3,2561842,2562286
7576,32162,wikihow~53019,zeroshot,Personal Care and Style,1,2562288,2562710
7577,32163,wikihow~53020,indomain,Home and Garden,1,2562712,2563173
7578,32177,wikihow~53043,zeroshot,Family Life,3,2563175,2563707
7579,32178,wikihow~53044,indomain,Food and Entertaining,3,2563709,2564233
7580,32186,wikihow~53054,zeroshot,Personal Care and Style,0,2564235,2564824
7581,32198,wikihow~53076,indomain,Relationships,0,2564826,2565271
7582,32214,wikihow~53107,zeroshot,Family Life,1,2565273,2565678
7583,32226,wikihow~53130,indomain,Education and Communications,0,2565680,2566297
7584,32230,wikihow~53134,indomain,Food and Entertaining,1,2566299,2566727
7585,32236,wikihow~53144,zeroshot,Family Life,2,2566729,2567286
7586,32246,wikihow~53161,indomain,Food and Entertaining,3,2567288,2567852
7587,32252,wikihow~53172,zeroshot,Personal Care and Style,2,2567854,2568136
7588,32260,wikihow~53184,zeroshot,Personal Care and Style,0,2568138,2568508
7589,32262,wikihow~53186,zeroshot,Personal Care and Style,2,2568510,2569145
7590,32266,wikihow~53191,zeroshot,Personal Care and Style,2,2569147,2569527
7591,32282,wikihow~53219,indomain,Computers and Electronics,3,2569529,2569883
7592,32283,wikihow~53220,indomain,Home and Garden,1,2569885,2570368
7593,32284,wikihow~53221,zeroshot,Personal Care and Style,0,2570370,2570916
7594,32285,wikihow~53222,indomain,Computers and Electronics,0,2570918,2571363
7595,32289,wikihow~53230,indomain,Finance and Business,1,2571365,2571831
7596,32292,wikihow~53234,zeroshot,Personal Care and Style,2,2571833,2572357
7597,32295,wikihow~53239,zeroshot,Personal Care and Style,1,2572359,2572715
7598,32296,wikihow~53240,indomain,Finance and Business,1,2572717,2573233
7599,32301,wikihow~53246,indomain,Food and Entertaining,2,2573235,2573744
7600,32306,wikihow~53251,indomain,Health,3,2573746,2574148
7601,32311,wikihow~53262,zeroshot,Personal Care and Style,0,2574150,2574538
7602,32318,wikihow~53273,indomain,Computers and Electronics,1,2574540,2575124
7603,32319,wikihow~53277,indomain,Education and Communications,0,2575126,2575532
7604,32324,wikihow~53287,zeroshot,Family Life,3,2575534,2576051
7605,32329,wikihow~53296,zeroshot,Personal Care and Style,2,2576053,2576509
7606,32332,wikihow~53300,zeroshot,Personal Care and Style,1,2576511,2576884
7607,32334,wikihow~53303,indomain,Computers and Electronics,3,2576886,2577290
7608,32337,wikihow~53309,zeroshot,Personal Care and Style,0,2577292,2577876
7609,32339,wikihow~53314,zeroshot,Family Life,3,2577878,2578323
7610,32342,wikihow~53317,indomain,Health,2,2578325,2578855
7611,32358,wikihow~53338,zeroshot,Personal Care and Style,2,2578857,2579322
7612,32359,wikihow~53339,indomain,Home and Garden,1,2579324,2579680
7613,32362,wikihow~53345,zeroshot,Family Life,1,2579682,2580169
7614,32365,wikihow~53353,indomain,Youth,3,2580171,2580574
7615,32376,wikihow~53366,indomain,Home and Garden,0,2580576,2580873
7616,32380,wikihow~53373,zeroshot,Personal Care and Style,0,2580875,2581341
7617,32381,wikihow~53374,zeroshot,Personal Care and Style,3,2581343,2581805
7618,32383,wikihow~53376,zeroshot,Personal Care and Style,3,2581807,2582251
7619,32402,wikihow~53407,indomain,Computers and Electronics,3,2582253,2582752
7620,32403,wikihow~53408,zeroshot,Family Life,1,2582754,2583176
7621,32404,wikihow~53409,zeroshot,Personal Care and Style,0,2583178,2583637
7622,32406,wikihow~53411,indomain,Health,0,2583639,2584224
7623,32418,wikihow~53426,zeroshot,Family Life,3,2584226,2584741
7624,32428,wikihow~53437,indomain,Pets and Animals,3,2584743,2585201
7625,32431,wikihow~53440,indomain,Home and Garden,3,2585203,2585791
7626,32436,wikihow~53447,zeroshot,Personal Care and Style,3,2585793,2586294
7627,32442,wikihow~53459,zeroshot,Personal Care and Style,3,2586296,2586764
7628,32444,wikihow~53463,zeroshot,Personal Care and Style,3,2586766,2587135
7629,32452,wikihow~53476,zeroshot,Family Life,3,2587137,2587683
7630,32458,wikihow~53489,zeroshot,Personal Care and Style,1,2587685,2588018
7631,32464,wikihow~53497,indomain,Education and Communications,1,2588020,2588419
7632,32492,wikihow~53540,zeroshot,Personal Care and Style,3,2588421,2589004
7633,32493,wikihow~53541,zeroshot,Family Life,3,2589006,2589399
7634,32502,wikihow~53560,indomain,Health,0,2589401,2589924
7635,32503,wikihow~53561,zeroshot,Personal Care and Style,3,2589926,2590343
7636,32522,wikihow~53596,zeroshot,Personal Care and Style,3,2590345,2590786
7637,32530,wikihow~53608,indomain,Health,1,2590788,2591313
7638,32536,wikihow~53622,indomain,Education and Communications,3,2591315,2591724
7639,32544,wikihow~53635,zeroshot,Family Life,2,2591726,2592167
7640,32550,wikihow~53645,zeroshot,Personal Care and Style,3,2592169,2592600
7641,32554,wikihow~53650,indomain,Health,2,2592602,2593063
7642,32559,wikihow~53657,indomain,Education and Communications,2,2593065,2593537
7643,32571,wikihow~53673,indomain,Pets and Animals,2,2593539,2593963
7644,32573,wikihow~53677,indomain,Travel,3,2593965,2594533
7645,32579,wikihow~53684,zeroshot,Personal Care and Style,1,2594535,2595004
7646,32582,wikihow~53687,zeroshot,Personal Care and Style,1,2595006,2595373
7647,32583,wikihow~53689,indomain,Computers and Electronics,2,2595375,2595963
7648,32585,wikihow~53695,indomain,Food and Entertaining,3,2595965,2596429
7649,32586,wikihow~53696,indomain,Sports and Fitness,0,2596431,2596905
7650,32604,wikihow~53726,zeroshot,Family Life,1,2596907,2597257
7651,32614,wikihow~53743,zeroshot,Personal Care and Style,0,2597259,2597621
7652,32619,wikihow~53753,zeroshot,Personal Care and Style,1,2597623,2598028
7653,32624,wikihow~53763,zeroshot,Personal Care and Style,2,2598030,2598399
7654,32625,wikihow~53767,indomain,Finance and Business,1,2598401,2598941
7655,32630,wikihow~53774,zeroshot,Family Life,0,2598943,2599341
7656,32639,wikihow~53786,indomain,Youth,1,2599343,2599836
7657,32643,wikihow~53793,indomain,Work World,1,2599838,2600356
7658,32645,wikihow~53795,indomain,Home and Garden,1,2600358,2600768
7659,32659,wikihow~53825,zeroshot,Personal Care and Style,3,2600770,2601253
7660,32662,wikihow~53834,indomain,Home and Garden,1,2601255,2601815
7661,32686,wikihow~53870,zeroshot,Personal Care and Style,3,2601817,2602172
7662,32693,wikihow~53879,zeroshot,Family Life,1,2602174,2602603
7663,32702,wikihow~53898,indomain,Health,0,2602605,2603006
7664,32711,wikihow~53914,zeroshot,Family Life,2,2603008,2603547
7665,32716,wikihow~53925,indomain,Finance and Business,3,2603549,2604044
7666,32717,wikihow~53926,indomain,Home and Garden,1,2604046,2604489
7667,32721,wikihow~53931,zeroshot,Personal Care and Style,0,2604491,2604914
7668,32726,wikihow~53942,indomain,Youth,1,2604916,2605435
7669,32736,wikihow~53957,zeroshot,Family Life,0,2605437,2605859
7670,32747,wikihow~53974,indomain,Cars & Other Vehicles,2,2605861,2606271
7671,32749,wikihow~53976,indomain,Home and Garden,2,2606273,2606758
7672,32754,wikihow~53986,indomain,Finance and Business,3,2606760,2607246
7673,32757,wikihow~53994,indomain,Health,2,2607248,2607877
7674,32758,wikihow~53995,indomain,Computers and Electronics,1,2607879,2608333
7675,32772,wikihow~54015,indomain,Finance and Business,3,2608335,2608812
7676,32774,wikihow~54017,indomain,Finance and Business,3,2608814,2609166
7677,32799,wikihow~54058,indomain,Home and Garden,1,2609168,2609611
7678,32804,wikihow~54066,indomain,Health,0,2609613,2610007
7679,32808,wikihow~54072,zeroshot,Personal Care and Style,1,2610009,2610374
7680,32813,wikihow~54086,indomain,Food and Entertaining,1,2610376,2610789
7681,32832,wikihow~54110,zeroshot,Family Life,3,2610791,2611209
7682,32845,wikihow~54128,zeroshot,Family Life,2,2611211,2611655
7683,32855,wikihow~54146,zeroshot,Family Life,1,2611657,2612153
7684,32857,wikihow~54148,indomain,Food and Entertaining,2,2612155,2612731
7685,32873,wikihow~54180,indomain,Youth,1,2612733,2613138
7686,32877,wikihow~54185,indomain,Food and Entertaining,1,2613140,2613542
7687,32880,wikihow~54190,zeroshot,Personal Care and Style,3,2613544,2614099
7688,32884,wikihow~54197,zeroshot,Family Life,0,2614101,2614597
7689,32887,wikihow~54206,zeroshot,Family Life,1,2614599,2615044
7690,32893,wikihow~54219,zeroshot,Personal Care and Style,2,2615046,2615421
7691,32898,wikihow~54226,zeroshot,Personal Care and Style,3,2615423,2615986
7692,32902,wikihow~54231,indomain,Food and Entertaining,2,2615988,2616596
7693,32904,wikihow~54235,zeroshot,Personal Care and Style,1,2616598,2617186
7694,32910,wikihow~54247,indomain,Home and Garden,3,2617188,2617678
7695,32916,wikihow~54257,indomain,Cars & Other Vehicles,1,2617680,2618091
7696,32920,wikihow~54268,zeroshot,Personal Care and Style,3,2618093,2618617
7697,32926,wikihow~54277,zeroshot,Personal Care and Style,0,2618619,2619170
7698,32931,wikihow~54285,zeroshot,Family Life,1,2619172,2619718
7699,32947,wikihow~54309,zeroshot,Personal Care and Style,2,2619720,2620115
7700,32952,wikihow~54317,zeroshot,Personal Care and Style,0,2620117,2620563
7701,32956,wikihow~54321,zeroshot,Personal Care and Style,2,2620565,2621078
7702,32958,wikihow~54324,indomain,Finance and Business,3,2621080,2621479
7703,32976,wikihow~54347,indomain,Education and Communications,0,2621481,2621910
7704,33009,wikihow~54405,zeroshot,Family Life,3,2621912,2622413
7705,33015,wikihow~54413,indomain,Computers and Electronics,1,2622415,2622879
7706,33027,wikihow~54436,indomain,Home and Garden,2,2622881,2623456
7707,33028,wikihow~54440,zeroshot,Personal Care and Style,1,2623458,2623996
7708,33029,wikihow~54443,indomain,Work World,0,2623998,2624416
7709,33035,wikihow~54451,zeroshot,Family Life,1,2624418,2624930
7710,33055,wikihow~54478,indomain,Cars & Other Vehicles,1,2624932,2625340
7711,33060,wikihow~54486,zeroshot,Personal Care and Style,1,2625342,2625776
7712,33066,wikihow~54496,indomain,Sports and Fitness,1,2625778,2626226
7713,33076,wikihow~54510,zeroshot,Family Life,0,2626228,2626817
7714,33087,wikihow~54523,indomain,Computers and Electronics,2,2626819,2627160
7715,33100,wikihow~54540,zeroshot,Family Life,0,2627162,2627676
7716,33121,wikihow~54570,zeroshot,Family Life,0,2627678,2628104
7717,33124,wikihow~54574,indomain,Finance and Business,2,2628106,2628555
7718,33129,wikihow~54584,zeroshot,Personal Care and Style,2,2628557,2629067
7719,33142,wikihow~54607,indomain,Home and Garden,2,2629069,2629518
7720,33160,wikihow~54635,zeroshot,Personal Care and Style,3,2629520,2629994
7721,33165,wikihow~54643,zeroshot,Personal Care and Style,0,2629996,2630460
7722,33167,wikihow~54645,zeroshot,Personal Care and Style,3,2630462,2630975
7723,33176,wikihow~54655,zeroshot,Personal Care and Style,1,2630977,2631293
7724,33178,wikihow~54657,zeroshot,Personal Care and Style,1,2631295,2631671
7725,33179,wikihow~54658,indomain,Health,2,2631673,2632170
7726,33182,wikihow~54663,zeroshot,Personal Care and Style,3,2632172,2632649
7727,33190,wikihow~54678,zeroshot,Family Life,2,2632651,2633130
7728,33191,wikihow~54679,indomain,Travel,1,2633132,2633477
7729,33192,wikihow~54680,indomain,Food and Entertaining,0,2633479,2633967
7730,33200,wikihow~54692,zeroshot,Personal Care and Style,3,2633969,2634420
7731,33209,wikihow~54707,zeroshot,Personal Care and Style,1,2634422,2634828
7732,33220,wikihow~54723,indomain,Education and Communications,3,2634830,2635251
7733,33226,wikihow~54732,zeroshot,Personal Care and Style,0,2635253,2635615
7734,33231,wikihow~54741,indomain,Work World,0,2635617,2636115
7735,33246,wikihow~54764,zeroshot,Personal Care and Style,2,2636117,2636438
7736,33252,wikihow~54775,zeroshot,Family Life,2,2636440,2636877
7737,33256,wikihow~54785,indomain,Health,3,2636879,2637449
7738,33274,wikihow~54810,zeroshot,Family Life,1,2637451,2637953
7739,33286,wikihow~54826,zeroshot,Personal Care and Style,2,2637955,2638484
7740,33298,wikihow~54846,zeroshot,Personal Care and Style,3,2638486,2638942
7741,33303,wikihow~54860,indomain,Youth,1,2638944,2639422
7742,33305,wikihow~54863,indomain,Youth,0,2639424,2639715
7743,33307,wikihow~54866,indomain,Health,3,2639717,2640095
7744,33310,wikihow~54870,zeroshot,Personal Care and Style,0,2640097,2640566
7745,33316,wikihow~54883,zeroshot,Personal Care and Style,3,2640568,2640965
7746,33325,wikihow~54900,indomain,Education and Communications,3,2640967,2641356
7747,33329,wikihow~54904,zeroshot,Personal Care and Style,3,2641358,2641761
7748,33350,wikihow~54938,indomain,Computers and Electronics,2,2641763,2642215
7749,33364,wikihow~54957,zeroshot,Personal Care and Style,1,2642217,2642558
7750,33393,wikihow~54999,indomain,Computers and Electronics,0,2642560,2642973
7751,33395,wikihow~55001,zeroshot,Personal Care and Style,3,2642975,2643389
7752,33396,wikihow~55003,indomain,Home and Garden,2,2643391,2643755
7753,33404,wikihow~55012,zeroshot,Personal Care and Style,2,2643757,2644103
7754,33407,wikihow~55016,indomain,Home and Garden,2,2644105,2644561
7755,33409,wikihow~55018,zeroshot,Personal Care and Style,2,2644563,2645110
7756,33410,wikihow~55019,indomain,Computers and Electronics,2,2645112,2645522
7757,33412,wikihow~55023,zeroshot,Personal Care and Style,2,2645524,2645904
7758,33429,wikihow~55051,zeroshot,Personal Care and Style,0,2645906,2646217
7759,33435,wikihow~55060,zeroshot,Family Life,2,2646219,2646653
7760,33438,wikihow~55065,indomain,Education and Communications,1,2646655,2647157
7761,33441,wikihow~55069,indomain,Health,3,2647159,2647559
7762,33470,wikihow~55120,zeroshot,Family Life,0,2647561,2648125
7763,33480,wikihow~55134,indomain,Computers and Electronics,1,2648127,2648628
7764,33485,wikihow~55141,indomain,Youth,3,2648630,2649219
7765,33496,wikihow~55161,indomain,Computers and Electronics,0,2649221,2649730
7766,33501,wikihow~55174,indomain,Computers and Electronics,2,2649732,2650047
7767,33504,wikihow~55178,zeroshot,Personal Care and Style,1,2650049,2650583
7768,33511,wikihow~55189,zeroshot,Personal Care and Style,3,2650585,2651028
7769,33517,wikihow~55205,zeroshot,Family Life,0,2651030,2651569
7770,33519,wikihow~55209,zeroshot,Personal Care and Style,3,2651571,2652144
7771,33529,wikihow~55230,indomain,Education and Communications,2,2652146,2652519
7772,33530,wikihow~55231,indomain,Pets and Animals,0,2652521,2652978
7773,33536,wikihow~55242,zeroshot,Personal Care and Style,3,2652980,2653443
7774,33542,wikihow~55251,indomain,Food and Entertaining,3,2653445,2653953
7775,33555,wikihow~55272,indomain,Food and Entertaining,2,2653955,2654430
7776,33556,wikihow~55273,zeroshot,Family Life,2,2654432,2654767
7777,33561,wikihow~55281,indomain,Education and Communications,2,2654769,2655238
7778,33563,wikihow~55283,indomain,Health,1,2655240,2655736
7779,33565,wikihow~55286,zeroshot,Personal Care and Style,1,2655738,2656137
7780,33566,wikihow~55288,zeroshot,Personal Care and Style,3,2656139,2656602
7781,33568,wikihow~55292,indomain,Food and Entertaining,0,2656604,2657001
7782,33573,wikihow~55300,zeroshot,Personal Care and Style,1,2657003,2657548
7783,33593,wikihow~55328,indomain,Finance and Business,0,2657550,2658106
7784,33601,wikihow~55339,zeroshot,Personal Care and Style,2,2658108,2658604
7785,33638,wikihow~55399,zeroshot,Family Life,2,2658606,2659097
7786,33641,wikihow~55409,indomain,Home and Garden,2,2659099,2659591
7787,33646,wikihow~55416,zeroshot,Personal Care and Style,1,2659593,2660052
7788,33647,wikihow~55417,zeroshot,Personal Care and Style,2,2660054,2660547
7789,33663,wikihow~55435,zeroshot,Personal Care and Style,1,2660549,2660867
7790,33669,wikihow~55443,zeroshot,Personal Care and Style,2,2660869,2661284
7791,33673,wikihow~55451,indomain,Food and Entertaining,0,2661286,2661627
7792,33677,wikihow~55455,zeroshot,Family Life,2,2661629,2662116
7793,33678,wikihow~55456,indomain,Cars & Other Vehicles,2,2662118,2662643
7794,33682,wikihow~55460,zeroshot,Family Life,0,2662645,2663124
7795,33713,wikihow~55507,zeroshot,Personal Care and Style,1,2663126,2663573
7796,33714,wikihow~55508,zeroshot,Family Life,0,2663575,2664031
7797,33716,wikihow~55518,indomain,Cars & Other Vehicles,0,2664033,2664618
7798,33731,wikihow~55544,indomain,Pets and Animals,1,2664620,2665165
7799,33736,wikihow~55553,indomain,Relationships,3,2665167,2665496
7800,33742,wikihow~55562,indomain,Home and Garden,2,2665498,2666060
7801,33748,wikihow~55570,zeroshot,Personal Care and Style,1,2666062,2666627
7802,33761,wikihow~55600,zeroshot,Personal Care and Style,3,2666629,2667124
7803,33767,wikihow~55610,indomain,Finance and Business,2,2667126,2667598
7804,33776,wikihow~55624,zeroshot,Personal Care and Style,0,2667600,2668074
7805,33784,wikihow~55638,zeroshot,Personal Care and Style,1,2668076,2668535
7806,33787,wikihow~55643,zeroshot,Personal Care and Style,3,2668537,2669013
7807,33802,wikihow~55665,zeroshot,Family Life,1,2669015,2669506
7808,33813,wikihow~55686,zeroshot,Personal Care and Style,0,2669508,2669957
7809,33822,wikihow~55703,zeroshot,Personal Care and Style,0,2669959,2670491
7810,33830,wikihow~55716,zeroshot,Personal Care and Style,1,2670493,2670996
7811,33835,wikihow~55726,indomain,Food and Entertaining,1,2670998,2671478
7812,33842,wikihow~55736,indomain,Pets and Animals,0,2671480,2671971
7813,33844,wikihow~55739,indomain,Computers and Electronics,0,2671973,2672404
7814,33855,wikihow~55755,indomain,Food and Entertaining,2,2672406,2672776
7815,33856,wikihow~55758,zeroshot,Family Life,2,2672778,2673320
7816,33867,wikihow~55780,zeroshot,Personal Care and Style,2,2673322,2673814
7817,33896,wikihow~55829,indomain,Home and Garden,0,2673816,2674195
7818,33897,wikihow~55830,zeroshot,Personal Care and Style,1,2674197,2674584
7819,33900,wikihow~55836,zeroshot,Personal Care and Style,3,2674586,2675010
7820,33906,wikihow~55842,zeroshot,Personal Care and Style,1,2675012,2675480
7821,33914,wikihow~55857,zeroshot,Personal Care and Style,0,2675482,2675826
7822,33915,wikihow~55858,indomain,Home and Garden,0,2675828,2676129
7823,33923,wikihow~55871,zeroshot,Personal Care and Style,0,2676131,2676605
7824,33929,wikihow~55881,zeroshot,Personal Care and Style,3,2676607,2677140
7825,33935,wikihow~55889,zeroshot,Family Life,1,2677142,2677649
7826,33939,wikihow~55897,zeroshot,Personal Care and Style,3,2677651,2678134
7827,33945,wikihow~55906,zeroshot,Personal Care and Style,1,2678136,2678563
7828,33956,wikihow~55923,indomain,Health,0,2678565,2679098
7829,33959,wikihow~55927,zeroshot,Personal Care and Style,3,2679100,2679462
7830,33964,wikihow~55932,indomain,Home and Garden,2,2679464,2679920
7831,33991,wikihow~55990,indomain,Sports and Fitness,0,2679922,2680268
7832,34002,wikihow~56006,zeroshot,Personal Care and Style,0,2680270,2680619
7833,34018,wikihow~56037,zeroshot,Family Life,3,2680621,2681165
7834,34019,wikihow~56038,indomain,Pets and Animals,2,2681167,2681649
7835,34024,wikihow~56045,zeroshot,Personal Care and Style,1,2681651,2682073
7836,34029,wikihow~56051,indomain,Computers and Electronics,1,2682075,2682698
7837,34030,wikihow~56054,indomain,Food and Entertaining,2,2682700,2683148
7838,34049,wikihow~56086,zeroshot,Personal Care and Style,1,2683150,2683638
7839,34051,wikihow~56090,zeroshot,Family Life,3,2683640,2684085
7840,34052,wikihow~56091,zeroshot,Family Life,0,2684087,2684594
7841,34061,wikihow~56104,zeroshot,Personal Care and Style,2,2684596,2685093
7842,34063,wikihow~56106,indomain,Food and Entertaining,2,2685095,2685661
7843,34064,wikihow~56107,indomain,Cars & Other Vehicles,1,2685663,2686209
7844,34066,wikihow~56110,indomain,Finance and Business,1,2686211,2686572
7845,34068,wikihow~56114,zeroshot,Personal Care and Style,1,2686574,2686990
7846,34069,wikihow~56116,indomain,Food and Entertaining,0,2686992,2687451
7847,34072,wikihow~56123,zeroshot,Personal Care and Style,0,2687453,2687957
7848,34074,wikihow~56125,indomain,Home and Garden,3,2687959,2688419
7849,34087,wikihow~56146,zeroshot,Personal Care and Style,3,2688421,2688771
7850,34092,wikihow~56154,zeroshot,Personal Care and Style,3,2688773,2689235
7851,34094,wikihow~56157,zeroshot,Personal Care and Style,2,2689237,2689625
7852,34097,wikihow~56160,zeroshot,Personal Care and Style,1,2689627,2690064
7853,34103,wikihow~56170,indomain,Travel,2,2690066,2690642
7854,34106,wikihow~56174,indomain,Youth,0,2690644,2691124
7855,34107,wikihow~56175,zeroshot,Personal Care and Style,3,2691126,2691492
7856,34109,wikihow~56178,indomain,Health,0,2691494,2691855
7857,34111,wikihow~56180,zeroshot,Personal Care and Style,0,2691857,2692197
7858,34122,wikihow~56199,zeroshot,Personal Care and Style,0,2692199,2692529
7859,34125,wikihow~56203,zeroshot,Personal Care and Style,2,2692531,2693098
7860,34127,wikihow~56205,zeroshot,Personal Care and Style,2,2693100,2693437
7861,34129,wikihow~56208,zeroshot,Personal Care and Style,0,2693439,2693738
7862,34136,wikihow~56220,zeroshot,Personal Care and Style,2,2693740,2694156
7863,34138,wikihow~56224,zeroshot,Family Life,3,2694158,2694639
7864,34140,wikihow~56227,indomain,Education and Communications,2,2694641,2695196
7865,34152,wikihow~56249,zeroshot,Personal Care and Style,1,2695198,2695633
7866,34154,wikihow~56251,indomain,Computers and Electronics,1,2695635,2696056
7867,34173,wikihow~56272,indomain,Home and Garden,3,2696058,2696426
7868,34179,wikihow~56282,indomain,Sports and Fitness,0,2696428,2696887
7869,34183,wikihow~56286,zeroshot,Personal Care and Style,3,2696889,2697461
7870,34203,wikihow~56327,indomain,Pets and Animals,1,2697463,2697814
7871,34210,wikihow~56341,zeroshot,Personal Care and Style,2,2697816,2698222
7872,34218,wikihow~56349,zeroshot,Personal Care and Style,0,2698224,2698686
7873,34223,wikihow~56357,zeroshot,Family Life,2,2698688,2699260
7874,34232,wikihow~56369,zeroshot,Personal Care and Style,3,2699262,2699716
7875,34241,wikihow~56384,zeroshot,Personal Care and Style,1,2699718,2700135
7876,34245,wikihow~56390,zeroshot,Personal Care and Style,2,2700137,2700486
7877,34255,wikihow~56402,zeroshot,Family Life,3,2700488,2700825
7878,34261,wikihow~56409,indomain,Computers and Electronics,1,2700827,2701261
7879,34263,wikihow~56412,zeroshot,Personal Care and Style,0,2701263,2701662
7880,34266,wikihow~56418,zeroshot,Family Life,2,2701664,2702151
7881,34268,wikihow~56421,zeroshot,Personal Care and Style,1,2702153,2702663
7882,34272,wikihow~56427,indomain,Education and Communications,1,2702665,2703087
7883,34292,wikihow~56468,indomain,Health,2,2703089,2703526
7884,34297,wikihow~56478,indomain,Pets and Animals,2,2703528,2703957
7885,34302,wikihow~56487,indomain,Pets and Animals,0,2703959,2704443
7886,34306,wikihow~56497,zeroshot,Family Life,1,2704445,2704993
7887,34316,wikihow~56510,zeroshot,Personal Care and Style,3,2704995,2705507
7888,34320,wikihow~56519,indomain,Home and Garden,0,2705509,2706080
7889,34334,wikihow~56544,zeroshot,Personal Care and Style,0,2706082,2706402
7890,34348,wikihow~56560,indomain,Education and Communications,2,2706404,2706873
7891,34350,wikihow~56564,indomain,Home and Garden,1,2706875,2707382
7892,34355,wikihow~56572,indomain,Travel,3,2707384,2707963
7893,34370,wikihow~56605,zeroshot,Personal Care and Style,1,2707965,2708368
7894,34376,wikihow~56617,indomain,Pets and Animals,0,2708370,2708766
7895,34380,wikihow~56624,indomain,Finance and Business,1,2708768,2709290
7896,34414,wikihow~56685,indomain,Work World,0,2709292,2709905
7897,34416,wikihow~56688,zeroshot,Family Life,0,2709907,2710514
7898,34422,wikihow~56698,zeroshot,Family Life,3,2710516,2711023
7899,34446,wikihow~56743,indomain,Computers and Electronics,3,2711025,2711579
7900,34452,wikihow~56758,indomain,Computers and Electronics,2,2711581,2712160
7901,34497,wikihow~56828,indomain,Computers and Electronics,2,2712162,2712597
7902,34499,wikihow~56830,indomain,Computers and Electronics,3,2712599,2713082
7903,34502,wikihow~56834,zeroshot,Personal Care and Style,0,2713084,2713618
7904,34506,wikihow~56847,zeroshot,Personal Care and Style,1,2713620,2714018
7905,34532,wikihow~56889,zeroshot,Family Life,1,2714020,2714614
7906,34538,wikihow~56897,indomain,Food and Entertaining,3,2714616,2715091
7907,34565,wikihow~56932,zeroshot,Personal Care and Style,2,2715093,2715445
7908,34568,wikihow~56937,zeroshot,Personal Care and Style,0,2715447,2715893
7909,34571,wikihow~56940,indomain,Work World,0,2715895,2716483
7910,34572,wikihow~56941,zeroshot,Family Life,1,2716485,2716959
7911,34575,wikihow~56944,zeroshot,Personal Care and Style,0,2716961,2717424
7912,34580,wikihow~56952,indomain,Youth,1,2717426,2717946
7913,34584,wikihow~56959,zeroshot,Personal Care and Style,2,2717948,2718335
7914,34597,wikihow~56984,indomain,Home and Garden,1,2718337,2718847
7915,34598,wikihow~56988,indomain,Home and Garden,0,2718849,2719288
7916,34599,wikihow~56989,zeroshot,Personal Care and Style,3,2719290,2719738
7917,34602,wikihow~56996,zeroshot,Family Life,2,2719740,2720237
7918,34610,wikihow~57015,indomain,Sports and Fitness,0,2720239,2720727
7919,34641,wikihow~57076,zeroshot,Personal Care and Style,0,2720729,2721217
7920,34645,wikihow~57081,zeroshot,Personal Care and Style,2,2721219,2721638
7921,34655,wikihow~57093,indomain,Health,0,2721640,2722057
7922,34658,wikihow~57097,zeroshot,Personal Care and Style,0,2722059,2722533
7923,34664,wikihow~57107,indomain,Food and Entertaining,0,2722535,2722998
7924,34666,wikihow~57110,indomain,Philosophy and Religion,0,2723000,2723560
7925,34670,wikihow~57119,zeroshot,Personal Care and Style,3,2723562,2724023
7926,34679,wikihow~57137,indomain,Sports and Fitness,3,2724025,2724513
7927,34680,wikihow~57140,zeroshot,Personal Care and Style,3,2724515,2724986
7928,34687,wikihow~57150,zeroshot,Family Life,2,2724988,2725569
7929,34690,wikihow~57156,zeroshot,Personal Care and Style,2,2725571,2726131
7930,34699,wikihow~57172,zeroshot,Personal Care and Style,2,2726133,2726480
7931,34704,wikihow~57179,zeroshot,Family Life,3,2726482,2726971
7932,34710,wikihow~57193,zeroshot,Personal Care and Style,1,2726973,2727428
7933,34712,wikihow~57195,zeroshot,Personal Care and Style,0,2727430,2727816
7934,34715,wikihow~57203,zeroshot,Personal Care and Style,2,2727818,2728145
7935,34721,wikihow~57213,zeroshot,Family Life,1,2728147,2728713
7936,34728,wikihow~57223,zeroshot,Personal Care and Style,1,2728715,2729017
7937,34729,wikihow~57229,indomain,Cars & Other Vehicles,2,2729019,2729482
7938,34735,wikihow~57237,indomain,Work World,3,2729484,2729998
7939,34754,wikihow~57266,indomain,Computers and Electronics,1,2730000,2730498
7940,34766,wikihow~57281,zeroshot,Personal Care and Style,2,2730500,2731055
7941,34773,wikihow~57289,zeroshot,Personal Care and Style,0,2731057,2731458
7942,34778,wikihow~57295,zeroshot,Family Life,3,2731460,2732005
7943,34789,wikihow~57309,indomain,Youth,2,2732007,2732373
7944,34790,wikihow~57310,zeroshot,Personal Care and Style,3,2732375,2732640
7945,34797,wikihow~57320,zeroshot,Family Life,0,2732642,2733106
7946,34803,wikihow~57331,zeroshot,Family Life,2,2733108,2733665
7947,34804,wikihow~57332,zeroshot,Personal Care and Style,2,2733667,2734024
7948,34811,wikihow~57345,indomain,Holidays and Traditions,3,2734026,2734443
7949,34815,wikihow~57351,indomain,Health,3,2734445,2734832
7950,34817,wikihow~57354,indomain,Food and Entertaining,0,2734834,2735359
7951,34823,wikihow~57364,zeroshot,Personal Care and Style,3,2735361,2735934
7952,34831,wikihow~57372,zeroshot,Family Life,1,2735936,2736551
7953,34834,wikihow~57376,zeroshot,Personal Care and Style,2,2736553,2737009
7954,34849,wikihow~57404,indomain,Youth,1,2737011,2737520
7955,34856,wikihow~57411,indomain,Health,1,2737522,2738007
7956,34863,wikihow~57420,indomain,Finance and Business,2,2738009,2738412
7957,34876,wikihow~57441,indomain,Health,3,2738414,2738988
7958,34880,wikihow~57448,zeroshot,Personal Care and Style,0,2738990,2739381
7959,34898,wikihow~57479,zeroshot,Personal Care and Style,0,2739383,2739903
7960,34900,wikihow~57492,zeroshot,Family Life,0,2739905,2740320
7961,34913,wikihow~57514,indomain,Finance and Business,3,2740322,2740695
7962,34921,wikihow~57532,indomain,Food and Entertaining,1,2740697,2741005
7963,34922,wikihow~57534,indomain,Education and Communications,1,2741007,2741499
7964,34925,wikihow~57539,indomain,Travel,1,2741501,2741943
7965,34936,wikihow~57555,indomain,Finance and Business,2,2741945,2742372
7966,34937,wikihow~57556,zeroshot,Personal Care and Style,2,2742374,2742861
7967,34940,wikihow~57559,indomain,Health,3,2742863,2743311
7968,34942,wikihow~57561,zeroshot,Personal Care and Style,0,2743313,2743639
7969,34953,wikihow~57577,indomain,Pets and Animals,1,2743641,2744075
7970,34957,wikihow~57581,zeroshot,Family Life,2,2744077,2744687
7971,34963,wikihow~57590,zeroshot,Family Life,1,2744689,2745171
7972,34981,wikihow~57625,indomain,Cars & Other Vehicles,1,2745173,2745638
7973,34982,wikihow~57626,zeroshot,Personal Care and Style,1,2745640,2746197
7974,34993,wikihow~57647,zeroshot,Personal Care and Style,1,2746199,2746639
7975,35010,wikihow~57671,indomain,Home and Garden,0,2746641,2746989
7976,35017,wikihow~57686,zeroshot,Personal Care and Style,3,2746991,2747397
7977,35033,wikihow~57710,indomain,Pets and Animals,3,2747399,2747925
7978,35035,wikihow~57715,indomain,Computers and Electronics,3,2747927,2748465
7979,35044,wikihow~57729,indomain,Philosophy and Religion,0,2748467,2748974
7980,35059,wikihow~57752,indomain,Education and Communications,3,2748976,2749312
7981,35087,wikihow~57808,indomain,Computers and Electronics,0,2749314,2749694
7982,35095,wikihow~57819,zeroshot,Personal Care and Style,0,2749696,2750148
7983,35096,wikihow~57820,indomain,Pets and Animals,1,2750150,2750553
7984,35117,wikihow~57857,indomain,Home and Garden,3,2750555,2751054
7985,35130,wikihow~57874,indomain,Health,1,2751056,2751518
7986,35132,wikihow~57876,zeroshot,Personal Care and Style,2,2751520,2751895
7987,35133,wikihow~57877,indomain,Philosophy and Religion,0,2751897,2752308
7988,35149,wikihow~57910,zeroshot,Personal Care and Style,2,2752310,2752723
7989,35156,wikihow~57919,zeroshot,Personal Care and Style,1,2752725,2753218
7990,35157,wikihow~57921,indomain,Relationships,1,2753220,2753657
7991,35162,wikihow~57929,indomain,Work World,2,2753659,2754140
7992,35163,wikihow~57930,zeroshot,Family Life,3,2754142,2754714
7993,35165,wikihow~57933,zeroshot,Personal Care and Style,0,2754716,2755108
7994,35169,wikihow~57939,indomain,Cars & Other Vehicles,0,2755110,2755606
7995,35173,wikihow~57946,indomain,Health,0,2755608,2755979
7996,35182,wikihow~57962,indomain,Home and Garden,2,2755981,2756374
7997,35187,wikihow~57976,indomain,Cars & Other Vehicles,0,2756376,2756871
7998,35188,wikihow~57977,zeroshot,Personal Care and Style,3,2756873,2757343
7999,35194,wikihow~57986,zeroshot,Family Life,3,2757345,2757907
8000,35203,wikihow~58003,indomain,Food and Entertaining,2,2757909,2758446
8001,35208,wikihow~58009,zeroshot,Family Life,2,2758448,2758827
8002,35212,wikihow~58015,indomain,Health,0,2758829,2759375
8003,35218,wikihow~58025,indomain,Pets and Animals,0,2759377,2759939
8004,35229,wikihow~58046,zeroshot,Personal Care and Style,3,2759941,2760458
8005,35232,wikihow~58052,zeroshot,Family Life,0,2760460,2760740
8006,35235,wikihow~58056,indomain,Home and Garden,2,2760742,2761260
8007,35239,wikihow~58062,indomain,Home and Garden,3,2761262,2761806
8008,35241,wikihow~58065,zeroshot,Personal Care and Style,0,2761808,2762293
8009,35254,wikihow~58092,zeroshot,Personal Care and Style,1,2762295,2762706
8010,35271,wikihow~58117,zeroshot,Family Life,2,2762708,2763095
8011,35292,wikihow~58151,zeroshot,Personal Care and Style,1,2763097,2763575
8012,35300,wikihow~58167,indomain,Computers and Electronics,1,2763577,2764135
8013,35315,wikihow~58187,indomain,Home and Garden,1,2764137,2764639
8014,35323,wikihow~58198,indomain,Health,1,2764641,2765110
8015,35335,wikihow~58214,indomain,Finance and Business,0,2765112,2765489
8016,35336,wikihow~58217,zeroshot,Personal Care and Style,3,2765491,2766013
8017,35360,wikihow~58257,indomain,Youth,0,2766015,2766507
8018,35362,wikihow~58261,zeroshot,Personal Care and Style,2,2766509,2766829
8019,35379,wikihow~58286,zeroshot,Personal Care and Style,0,2766831,2767326
8020,35380,wikihow~58287,indomain,Holidays and Traditions,0,2767328,2767839
8021,35387,wikihow~58300,indomain,Finance and Business,2,2767841,2768360
8022,35392,wikihow~58313,indomain,Health,2,2768362,2768790
8023,35396,wikihow~58317,zeroshot,Personal Care and Style,1,2768792,2769251
8024,35402,wikihow~58326,zeroshot,Personal Care and Style,3,2769253,2769557
8025,35403,wikihow~58328,zeroshot,Personal Care and Style,0,2769559,2770012
8026,35413,wikihow~58339,zeroshot,Personal Care and Style,3,2770014,2770589
8027,35418,wikihow~58345,indomain,Holidays and Traditions,0,2770591,2770976
8028,35423,wikihow~58357,zeroshot,Personal Care and Style,3,2770978,2771392
8029,35425,wikihow~58359,indomain,Food and Entertaining,3,2771394,2771668
8030,35429,wikihow~58365,indomain,Sports and Fitness,0,2771670,2772192
8031,35453,wikihow~58395,zeroshot,Personal Care and Style,1,2772194,2772597
8032,35455,wikihow~58397,zeroshot,Personal Care and Style,0,2772599,2773145
8033,35456,wikihow~58398,indomain,Health,3,2773147,2773629
8034,35466,wikihow~58413,indomain,Pets and Animals,3,2773631,2774061
8035,35476,wikihow~58430,zeroshot,Family Life,3,2774063,2774484
8036,35477,wikihow~58434,zeroshot,Family Life,0,2774486,2774959
8037,35479,wikihow~58441,zeroshot,Personal Care and Style,2,2774961,2775303
8038,35496,wikihow~58469,indomain,Health,2,2775305,2775681
8039,35502,wikihow~58480,zeroshot,Personal Care and Style,2,2775683,2776205
8040,35503,wikihow~58481,zeroshot,Personal Care and Style,3,2776207,2776665
8041,35528,wikihow~58515,indomain,Relationships,3,2776667,2777157
8042,35533,wikihow~58526,indomain,Food and Entertaining,2,2777159,2777430
8043,35566,wikihow~58597,zeroshot,Personal Care and Style,3,2777432,2777919
8044,35572,wikihow~58612,zeroshot,Personal Care and Style,3,2777921,2778293
8045,35576,wikihow~58618,indomain,Finance and Business,0,2778295,2778772
8046,35581,wikihow~58623,zeroshot,Personal Care and Style,1,2778774,2779348
8047,35583,wikihow~58625,zeroshot,Family Life,3,2779350,2779872
8048,35591,wikihow~58640,zeroshot,Family Life,2,2779874,2780230
8049,35592,wikihow~58641,indomain,Computers and Electronics,3,2780232,2780585
8050,35597,wikihow~58648,indomain,Sports and Fitness,1,2780587,2781032
8051,35598,wikihow~58649,indomain,Pets and Animals,1,2781034,2781553
8052,35602,wikihow~58655,indomain,Sports and Fitness,0,2781555,2781947
8053,35612,wikihow~58669,zeroshot,Personal Care and Style,0,2781949,2782310
8054,35639,wikihow~58715,indomain,Health,3,2782312,2782854
8055,35652,wikihow~58732,indomain,Computers and Electronics,1,2782856,2783208
8056,35655,wikihow~58737,indomain,Sports and Fitness,0,2783210,2783523
8057,35656,wikihow~58738,zeroshot,Personal Care and Style,2,2783525,2783859
8058,35661,wikihow~58745,zeroshot,Family Life,3,2783861,2784246
8059,35662,wikihow~58747,indomain,Home and Garden,3,2784248,2784583
8060,35666,wikihow~58756,zeroshot,Personal Care and Style,2,2784585,2785076
8061,35679,wikihow~58779,indomain,Food and Entertaining,1,2785078,2785517
8062,35685,wikihow~58785,indomain,Education and Communications,3,2785519,2785886
8063,35690,wikihow~58793,indomain,Health,2,2785888,2786395
8064,35691,wikihow~58794,zeroshot,Personal Care and Style,0,2786397,2786732
8065,35694,wikihow~58799,zeroshot,Family Life,1,2786734,2787228
8066,35695,wikihow~58800,zeroshot,Personal Care and Style,3,2787230,2787729
8067,35700,wikihow~58809,indomain,Pets and Animals,3,2787731,2788083
8068,35703,wikihow~58816,zeroshot,Personal Care and Style,0,2788085,2788403
8069,35705,wikihow~58819,indomain,Relationships,3,2788405,2788859
8070,35707,wikihow~58821,zeroshot,Family Life,1,2788861,2789455
8071,35709,wikihow~58823,zeroshot,Family Life,1,2789457,2789991
8072,35710,wikihow~58824,zeroshot,Personal Care and Style,3,2789993,2790476
8073,35734,wikihow~58866,indomain,Computers and Electronics,3,2790478,2790939
8074,35735,wikihow~58867,zeroshot,Personal Care and Style,2,2790941,2791243
8075,35739,wikihow~58875,zeroshot,Family Life,3,2791245,2791598
8076,35745,wikihow~58883,indomain,Computers and Electronics,1,2791600,2791956
8077,35749,wikihow~58890,zeroshot,Personal Care and Style,3,2791958,2792320
8078,35761,wikihow~58910,indomain,Pets and Animals,2,2792322,2792781
8079,35766,wikihow~58921,zeroshot,Family Life,2,2792783,2793164
8080,35787,wikihow~58954,zeroshot,Personal Care and Style,2,2793166,2793569
8081,35789,wikihow~58956,zeroshot,Family Life,0,2793571,2794044
8082,35792,wikihow~58961,zeroshot,Personal Care and Style,2,2794046,2794500
8083,35794,wikihow~58965,indomain,Food and Entertaining,1,2794502,2794848
8084,35798,wikihow~58972,indomain,Health,2,2794850,2795333
8085,35799,wikihow~58973,zeroshot,Personal Care and Style,1,2795335,2795739
8086,35818,wikihow~58997,indomain,Finance and Business,0,2795741,2796339
8087,35821,wikihow~59000,indomain,Finance and Business,0,2796341,2796971
8088,35822,wikihow~59002,indomain,Computers and Electronics,1,2796973,2797458
8089,35833,wikihow~59020,indomain,Computers and Electronics,2,2797460,2797890
8090,35839,wikihow~59027,indomain,Food and Entertaining,1,2797892,2798255
8091,35848,wikihow~59046,zeroshot,Personal Care and Style,3,2798257,2798754
8092,35849,wikihow~59048,indomain,Finance and Business,1,2798756,2799273
8093,35850,wikihow~59050,zeroshot,Personal Care and Style,3,2799275,2799710
8094,35851,wikihow~59052,zeroshot,Personal Care and Style,1,2799712,2800050
8095,35853,wikihow~59055,zeroshot,Family Life,1,2800052,2800419
8096,35863,wikihow~59072,indomain,Home and Garden,1,2800421,2800754
8097,35869,wikihow~59078,zeroshot,Personal Care and Style,3,2800756,2801207
8098,35870,wikihow~59079,zeroshot,Personal Care and Style,2,2801209,2801673
8099,35875,wikihow~59087,indomain,Pets and Animals,0,2801675,2802026
8100,35878,wikihow~59099,indomain,Food and Entertaining,1,2802028,2802399
8101,35879,wikihow~59101,indomain,Holidays and Traditions,0,2802401,2802892
8102,35880,wikihow~59103,indomain,Youth,0,2802894,2803353
8103,35890,wikihow~59121,zeroshot,Personal Care and Style,1,2803355,2803855
8104,35911,wikihow~59160,zeroshot,Family Life,0,2803857,2804294
8105,35915,wikihow~59174,indomain,Youth,0,2804296,2804709
8106,35916,wikihow~59180,zeroshot,Personal Care and Style,0,2804711,2805223
8107,35919,wikihow~59183,indomain,Health,1,2805225,2805680
8108,35921,wikihow~59185,indomain,Finance and Business,3,2805682,2806061
8109,35928,wikihow~59196,zeroshot,Family Life,0,2806063,2806604
8110,35938,wikihow~59212,indomain,Food and Entertaining,2,2806606,2807064
8111,35941,wikihow~59216,zeroshot,Personal Care and Style,3,2807066,2807516
8112,35942,wikihow~59217,indomain,Home and Garden,1,2807518,2807901
8113,35943,wikihow~59218,indomain,Finance and Business,2,2807903,2808384
8114,35952,wikihow~59232,indomain,Health,0,2808386,2808778
8115,35957,wikihow~59238,zeroshot,Personal Care and Style,0,2808780,2809270
8116,35958,wikihow~59241,zeroshot,Personal Care and Style,3,2809272,2809884
8117,35965,wikihow~59258,indomain,Health,1,2809886,2810256
8118,35972,wikihow~59265,indomain,Computers and Electronics,1,2810258,2810690
8119,35975,wikihow~59270,indomain,Computers and Electronics,3,2810692,2811173
8120,35980,wikihow~59277,indomain,Health,2,2811175,2811683
8121,35981,wikihow~59278,zeroshot,Family Life,0,2811685,2812137
8122,35983,wikihow~59281,indomain,Food and Entertaining,3,2812139,2812581
8123,35998,wikihow~59312,indomain,Home and Garden,0,2812583,2813066
8124,36004,wikihow~59320,zeroshot,Family Life,0,2813068,2813485
8125,36005,wikihow~59325,indomain,Health,0,2813487,2813963
8126,36009,wikihow~59334,zeroshot,Personal Care and Style,0,2813965,2814296
8127,36010,wikihow~59335,indomain,Food and Entertaining,0,2814298,2814647
8128,36027,wikihow~59357,indomain,Health,0,2814649,2814969
8129,36029,wikihow~59360,zeroshot,Family Life,2,2814971,2815445
8130,36031,wikihow~59364,indomain,Computers and Electronics,1,2815447,2815917
8131,36036,wikihow~59372,indomain,Sports and Fitness,3,2815919,2816472
8132,36046,wikihow~59393,indomain,Food and Entertaining,1,2816474,2816822
8133,36056,wikihow~59407,indomain,Computers and Electronics,0,2816824,2817086
8134,36059,wikihow~59411,zeroshot,Personal Care and Style,0,2817088,2817585
8135,36066,wikihow~59421,indomain,Health,3,2817587,2817962
8136,36087,wikihow~59469,zeroshot,Personal Care and Style,0,2817964,2818369
8137,36089,wikihow~59476,zeroshot,Personal Care and Style,3,2818371,2818820
8138,36101,wikihow~59498,indomain,Computers and Electronics,1,2818822,2819323
8139,36108,wikihow~59508,indomain,Food and Entertaining,0,2819325,2819700
8140,36109,wikihow~59511,zeroshot,Personal Care and Style,1,2819702,2820218
8141,36115,wikihow~59525,zeroshot,Personal Care and Style,1,2820220,2820526
8142,36116,wikihow~59527,indomain,Computers and Electronics,3,2820528,2820962
8143,36117,wikihow~59528,zeroshot,Personal Care and Style,1,2820964,2821321
8144,36118,wikihow~59529,indomain,Home and Garden,3,2821323,2821739
8145,36125,wikihow~59543,zeroshot,Personal Care and Style,0,2821741,2822289
8146,36136,wikihow~59557,zeroshot,Personal Care and Style,2,2822291,2822714
8147,36145,wikihow~59574,zeroshot,Family Life,3,2822716,2823148
8148,36148,wikihow~59578,indomain,Computers and Electronics,0,2823150,2823724
8149,36149,wikihow~59580,indomain,Home and Garden,0,2823726,2824243
8150,36158,wikihow~59593,zeroshot,Personal Care and Style,3,2824245,2824568
8151,36161,wikihow~59598,indomain,Food and Entertaining,1,2824570,2825055
8152,36164,wikihow~59602,indomain,Pets and Animals,1,2825057,2825532
8153,36166,wikihow~59606,indomain,Health,0,2825534,2825923
8154,36176,wikihow~59620,indomain,Youth,2,2825925,2826481
8155,36177,wikihow~59621,zeroshot,Personal Care and Style,0,2826483,2826843
8156,36186,wikihow~59634,indomain,Food and Entertaining,2,2826845,2827229
8157,36187,wikihow~59635,indomain,Computers and Electronics,3,2827231,2827620
8158,36208,wikihow~59671,indomain,Pets and Animals,1,2827622,2827996
8159,36214,wikihow~59682,indomain,Education and Communications,3,2827998,2828579
8160,36234,wikihow~59715,indomain,Food and Entertaining,0,2828581,2828917
8161,36238,wikihow~59723,zeroshot,Personal Care and Style,3,2828919,2829457
8162,36241,wikihow~59727,zeroshot,Personal Care and Style,1,2829459,2829869
8163,36242,wikihow~59728,indomain,Health,0,2829871,2830370
8164,36247,wikihow~59737,zeroshot,Personal Care and Style,3,2830372,2830917
8165,36263,wikihow~59765,indomain,Holidays and Traditions,0,2830919,2831371
8166,36265,wikihow~59768,zeroshot,Personal Care and Style,1,2831373,2831813
8167,36267,wikihow~59771,indomain,Travel,3,2831815,2832424
8168,36275,wikihow~59788,indomain,Health,2,2832426,2832995
8169,36276,wikihow~59789,indomain,Home and Garden,2,2832997,2833478
8170,36283,wikihow~59799,indomain,Food and Entertaining,1,2833480,2833991
8171,36315,wikihow~59853,zeroshot,Family Life,0,2833993,2834377
8172,36320,wikihow~59862,zeroshot,Personal Care and Style,2,2834379,2834834
8173,36335,wikihow~59890,zeroshot,Personal Care and Style,3,2834836,2835302
8174,36338,wikihow~59894,zeroshot,Personal Care and Style,1,2835304,2835744
8175,36346,wikihow~59906,indomain,Pets and Animals,2,2835746,2836251
8176,36347,wikihow~59907,indomain,Sports and Fitness,3,2836253,2836742
8177,36351,wikihow~59911,indomain,Health,1,2836744,2837127
8178,36353,wikihow~59917,zeroshot,Personal Care and Style,0,2837129,2837558
8179,36358,wikihow~59922,indomain,Travel,2,2837560,2838167
8180,36360,wikihow~59924,zeroshot,Family Life,2,2838169,2838682
8181,36368,wikihow~59934,zeroshot,Personal Care and Style,0,2838684,2839068
8182,36374,wikihow~59943,zeroshot,Personal Care and Style,2,2839070,2839472
8183,36379,wikihow~59954,indomain,Food and Entertaining,3,2839474,2839809
8184,36387,wikihow~59967,indomain,Education and Communications,3,2839811,2840419
8185,36389,wikihow~59973,indomain,Food and Entertaining,0,2840421,2840956
8186,36400,wikihow~59988,indomain,Computers and Electronics,0,2840958,2841411
8187,36403,wikihow~59992,indomain,Computers and Electronics,0,2841413,2841964
8188,36406,wikihow~59997,zeroshot,Family Life,2,2841966,2842472
8189,36410,wikihow~60010,indomain,Health,2,2842474,2842956
8190,36440,wikihow~60067,zeroshot,Personal Care and Style,2,2842958,2843257
8191,36448,wikihow~60085,zeroshot,Personal Care and Style,1,2843259,2843825
8192,36453,wikihow~60093,indomain,Food and Entertaining,2,2843827,2844116
8193,36471,wikihow~60118,indomain,Work World,1,2844118,2844790
8194,36480,wikihow~60131,indomain,Finance and Business,0,2844792,2845273
8195,36482,wikihow~60133,zeroshot,Personal Care and Style,0,2845275,2845712
8196,36484,wikihow~60140,indomain,Pets and Animals,0,2845714,2846066
8197,36489,wikihow~60152,indomain,Sports and Fitness,2,2846068,2846534
8198,36508,wikihow~60182,indomain,Uncategorized,2,2846536,2847066
8199,36516,wikihow~60193,zeroshot,Personal Care and Style,2,2847068,2847617
8200,36523,wikihow~60201,zeroshot,Family Life,3,2847619,2848110
8201,36525,wikihow~60205,indomain,Computers and Electronics,0,2848112,2848620
8202,36528,wikihow~60210,indomain,Holidays and Traditions,0,2848622,2849021
8203,36536,wikihow~60228,indomain,Pets and Animals,1,2849023,2849564
8204,36537,wikihow~60229,zeroshot,Family Life,2,2849566,2850078
8205,36540,wikihow~60233,zeroshot,Personal Care and Style,1,2850080,2850440
8206,36554,wikihow~60254,zeroshot,Family Life,2,2850442,2850968
8207,36559,wikihow~60259,indomain,Food and Entertaining,1,2850970,2851308
8208,36582,wikihow~60298,zeroshot,Personal Care and Style,1,2851310,2851585
8209,36587,wikihow~60308,indomain,Food and Entertaining,1,2851587,2852051
8210,36610,wikihow~60349,indomain,Computers and Electronics,3,2852053,2852473
8211,36616,wikihow~60355,indomain,Computers and Electronics,0,2852475,2852985
8212,36628,wikihow~60371,indomain,Education and Communications,1,2852987,2853370
8213,36633,wikihow~60378,indomain,Pets and Animals,3,2853372,2853837
8214,36641,wikihow~60392,zeroshot,Personal Care and Style,0,2853839,2854221
8215,36644,wikihow~60397,indomain,Education and Communications,0,2854223,2854716
8216,36652,wikihow~60409,indomain,Work World,1,2854718,2855147
8217,36655,wikihow~60413,indomain,Travel,2,2855149,2855646
8218,36658,wikihow~60420,indomain,Home and Garden,1,2855648,2856216
8219,36659,wikihow~60423,zeroshot,Personal Care and Style,1,2856218,2856608
8220,36665,wikihow~60432,zeroshot,Personal Care and Style,3,2856610,2857023
8221,36666,wikihow~60433,zeroshot,Personal Care and Style,0,2857025,2857389
8222,36671,wikihow~60442,indomain,Computers and Electronics,1,2857391,2857943
8223,36672,wikihow~60443,zeroshot,Personal Care and Style,1,2857945,2858424
8224,36681,wikihow~60457,indomain,Education and Communications,2,2858426,2858817
8225,36686,wikihow~60470,zeroshot,Family Life,1,2858819,2859319
8226,36692,wikihow~60478,indomain,Food and Entertaining,2,2859321,2859694
8227,36698,wikihow~60488,zeroshot,Personal Care and Style,2,2859696,2860056
8228,36703,wikihow~60495,zeroshot,Personal Care and Style,2,2860058,2860572
8229,36716,wikihow~60513,zeroshot,Personal Care and Style,3,2860574,2861085
8230,36727,wikihow~60529,zeroshot,Personal Care and Style,3,2861087,2861578
8231,36733,wikihow~60537,zeroshot,Personal Care and Style,1,2861580,2862076
8232,36741,wikihow~60555,indomain,Food and Entertaining,1,2862078,2862465
8233,36751,wikihow~60572,zeroshot,Personal Care and Style,1,2862467,2863036
8234,36761,wikihow~60591,indomain,Food and Entertaining,2,2863038,2863432
8235,36763,wikihow~60593,indomain,Relationships,3,2863434,2863958
8236,36787,wikihow~60625,zeroshot,Family Life,1,2863960,2864451
8237,36792,wikihow~60633,zeroshot,Personal Care and Style,0,2864453,2864982
8238,36798,wikihow~60641,zeroshot,Family Life,2,2864984,2865526
8239,36799,wikihow~60643,zeroshot,Personal Care and Style,3,2865528,2865990
8240,36806,wikihow~60655,indomain,Computers and Electronics,2,2865992,2866463
8241,36810,wikihow~60661,indomain,Pets and Animals,1,2866465,2866917
8242,36821,wikihow~60677,zeroshot,Personal Care and Style,3,2866919,2867280
8243,36822,wikihow~60678,indomain,Sports and Fitness,3,2867282,2867783
8244,36824,wikihow~60680,zeroshot,Personal Care and Style,0,2867785,2868371
8245,36830,wikihow~60696,indomain,Finance and Business,2,2868373,2868854
8246,36855,wikihow~60738,indomain,Computers and Electronics,3,2868856,2869343
8247,36870,wikihow~60759,zeroshot,Family Life,1,2869345,2869949
8248,36871,wikihow~60760,zeroshot,Personal Care and Style,2,2869951,2870429
8249,36886,wikihow~60782,indomain,Finance and Business,2,2870431,2870911
8250,36901,wikihow~60811,zeroshot,Personal Care and Style,2,2870913,2871361
8251,36902,wikihow~60812,zeroshot,Personal Care and Style,3,2871363,2871664
8252,36904,wikihow~60814,indomain,Home and Garden,3,2871666,2872166
8253,36910,wikihow~60825,indomain,Work World,2,2872168,2872677
8254,36912,wikihow~60827,zeroshot,Personal Care and Style,0,2872679,2873169
8255,36917,wikihow~60833,zeroshot,Personal Care and Style,0,2873171,2873737
8256,36927,wikihow~60851,indomain,Sports and Fitness,2,2873739,2874210
8257,36928,wikihow~60852,zeroshot,Family Life,0,2874212,2874665
8258,36935,wikihow~60865,indomain,Sports and Fitness,2,2874667,2875193
8259,36956,wikihow~60894,zeroshot,Personal Care and Style,3,2875195,2875519
8260,36991,wikihow~60955,zeroshot,Personal Care and Style,2,2875521,2875930
8261,36995,wikihow~60961,zeroshot,Personal Care and Style,1,2875932,2876297
8262,37000,wikihow~60974,indomain,Health,3,2876299,2876564
8263,37003,wikihow~60977,indomain,Computers and Electronics,3,2876566,2876961
8264,37009,wikihow~60985,zeroshot,Personal Care and Style,3,2876963,2877555
8265,37021,wikihow~61005,indomain,Youth,1,2877557,2877993
8266,37024,wikihow~61011,zeroshot,Family Life,1,2877995,2878514
8267,37026,wikihow~61013,zeroshot,Family Life,0,2878516,2879083
8268,37035,wikihow~61026,zeroshot,Family Life,2,2879085,2879477
8269,37048,wikihow~61047,indomain,Health,2,2879479,2880045
8270,37054,wikihow~61054,zeroshot,Personal Care and Style,2,2880047,2880600
8271,37057,wikihow~61058,indomain,Youth,2,2880602,2880858
8272,37063,wikihow~61072,zeroshot,Personal Care and Style,2,2880860,2881228
8273,37076,wikihow~61107,zeroshot,Family Life,1,2881230,2881696
8274,37084,wikihow~61117,indomain,Home and Garden,1,2881698,2882234
8275,37090,wikihow~61124,zeroshot,Personal Care and Style,1,2882236,2882729
8276,37091,wikihow~61130,zeroshot,Personal Care and Style,0,2882731,2883173
8277,37097,wikihow~61138,indomain,Sports and Fitness,3,2883175,2883738
8278,37098,wikihow~61139,indomain,Education and Communications,2,2883740,2884196
8279,37099,wikihow~61140,indomain,Pets and Animals,3,2884198,2884651
8280,37100,wikihow~61141,zeroshot,Personal Care and Style,0,2884653,2885171
8281,37102,wikihow~61144,indomain,Computers and Electronics,2,2885173,2885592
8282,37108,wikihow~61152,indomain,Youth,3,2885594,2886029
8283,37114,wikihow~61162,zeroshot,Personal Care and Style,3,2886031,2886593
8284,37119,wikihow~61170,zeroshot,Personal Care and Style,0,2886595,2887062
8285,37132,wikihow~61190,zeroshot,Personal Care and Style,0,2887064,2887486
8286,37137,wikihow~61197,zeroshot,Personal Care and Style,3,2887488,2888037
8287,37145,wikihow~61213,indomain,Finance and Business,1,2888039,2888539
8288,37149,wikihow~61220,zeroshot,Personal Care and Style,0,2888541,2888851
8289,37173,wikihow~61255,indomain,Food and Entertaining,0,2888853,2889297
8290,37183,wikihow~61269,zeroshot,Family Life,2,2889299,2889830
8291,37188,wikihow~61275,indomain,Home and Garden,1,2889832,2890351
8292,37191,wikihow~61283,indomain,Home and Garden,3,2890353,2890752
8293,37214,wikihow~61317,zeroshot,Personal Care and Style,0,2890754,2891162
8294,37240,wikihow~61351,indomain,Pets and Animals,2,2891164,2891509
8295,37244,wikihow~61357,zeroshot,Personal Care and Style,2,2891511,2891807
8296,37253,wikihow~61379,zeroshot,Family Life,3,2891809,2892204
8297,37259,wikihow~61394,zeroshot,Personal Care and Style,2,2892206,2892606
8298,37270,wikihow~61412,indomain,Computers and Electronics,2,2892608,2893110
8299,37275,wikihow~61420,indomain,Education and Communications,0,2893112,2893509
8300,37276,wikihow~61421,zeroshot,Personal Care and Style,0,2893511,2893971
8301,37280,wikihow~61427,indomain,Health,3,2893973,2894628
8302,37283,wikihow~61431,indomain,Home and Garden,0,2894630,2895102
8303,37286,wikihow~61437,indomain,Finance and Business,2,2895104,2895593
8304,37304,wikihow~61471,zeroshot,Personal Care and Style,1,2895595,2896077
8305,37309,wikihow~61478,zeroshot,Personal Care and Style,1,2896079,2896482
8306,37334,wikihow~61518,indomain,Cars & Other Vehicles,2,2896484,2896896
8307,37335,wikihow~61521,indomain,Computers and Electronics,0,2896898,2897492
8308,37340,wikihow~61526,indomain,Food and Entertaining,3,2897494,2897892
8309,37345,wikihow~61532,indomain,Home and Garden,3,2897894,2898374
8310,37354,wikihow~61546,zeroshot,Personal Care and Style,1,2898376,2898785
8311,37358,wikihow~61551,zeroshot,Family Life,2,2898787,2899134
8312,37370,wikihow~61569,zeroshot,Personal Care and Style,0,2899136,2899612
8313,37373,wikihow~61574,indomain,Education and Communications,3,2899614,2900166
8314,37374,wikihow~61575,indomain,Finance and Business,0,2900168,2900763
8315,37375,wikihow~61577,indomain,Cars & Other Vehicles,3,2900765,2901218
8316,37379,wikihow~61581,indomain,Finance and Business,1,2901220,2901695
8317,37396,wikihow~61609,zeroshot,Personal Care and Style,1,2901697,2902042
8318,37398,wikihow~61613,zeroshot,Personal Care and Style,2,2902044,2902543
8319,37413,wikihow~61635,zeroshot,Personal Care and Style,3,2902545,2902977
8320,37429,wikihow~61664,zeroshot,Personal Care and Style,1,2902979,2903414
8321,37444,wikihow~61693,indomain,"Home,Categories",2,2903416,2903908
8322,37446,wikihow~61695,zeroshot,Personal Care and Style,3,2903910,2904261
8323,37462,wikihow~61724,zeroshot,Personal Care and Style,3,2904263,2904776
8324,37463,wikihow~61725,zeroshot,Personal Care and Style,0,2904778,2905133
8325,37469,wikihow~61732,indomain,Youth,3,2905135,2905637
8326,37489,wikihow~61762,zeroshot,Personal Care and Style,0,2905639,2906066
8327,37498,wikihow~61778,zeroshot,Family Life,2,2906068,2906542
8328,37502,wikihow~61783,zeroshot,Personal Care and Style,3,2906544,2906971
8329,37505,wikihow~61789,zeroshot,Personal Care and Style,3,2906973,2907398
8330,37514,wikihow~61805,zeroshot,Family Life,3,2907400,2907939
8331,37520,wikihow~61813,zeroshot,Personal Care and Style,2,2907941,2908306
8332,37526,wikihow~61827,indomain,Education and Communications,2,2908308,2908922
8333,37528,wikihow~61830,indomain,Finance and Business,0,2908924,2909269
8334,37533,wikihow~61837,indomain,Finance and Business,1,2909271,2909856
8335,37542,wikihow~61853,indomain,Health,0,2909858,2910337
8336,37549,wikihow~61863,zeroshot,Personal Care and Style,0,2910339,2910797
8337,37550,wikihow~61865,indomain,Home and Garden,0,2910799,2911223
8338,37551,wikihow~61867,indomain,Food and Entertaining,0,2911225,2911619
8339,37553,wikihow~61869,zeroshot,Personal Care and Style,2,2911621,2912087
8340,37556,wikihow~61875,indomain,Food and Entertaining,2,2912089,2912615
8341,37577,wikihow~61912,indomain,Work World,3,2912617,2913018
8342,37607,wikihow~61953,zeroshot,Family Life,2,2913020,2913525
8343,37613,wikihow~61971,zeroshot,Personal Care and Style,2,2913527,2914010
8344,37626,wikihow~61991,indomain,Finance and Business,3,2914012,2914634
8345,37632,wikihow~62000,indomain,Youth,1,2914636,2915033
8346,37637,wikihow~62006,indomain,Home and Garden,2,2915035,2915597
8347,37640,wikihow~62013,zeroshot,Personal Care and Style,0,2915599,2916041
8348,37648,wikihow~62024,indomain,Food and Entertaining,1,2916043,2916728
8349,37658,wikihow~62043,indomain,Home and Garden,3,2916730,2917177
8350,37659,wikihow~62046,indomain,Finance and Business,0,2917179,2917591
8351,37670,wikihow~62061,indomain,Computers and Electronics,0,2917593,2917933
8352,37672,wikihow~62063,indomain,Home and Garden,2,2917935,2918377
8353,37676,wikihow~62067,indomain,Food and Entertaining,1,2918379,2918871
8354,37679,wikihow~62071,indomain,Food and Entertaining,1,2918873,2919276
8355,37689,wikihow~62085,zeroshot,Family Life,1,2919278,2919784
8356,37690,wikihow~62087,zeroshot,Family Life,0,2919786,2920345
8357,37698,wikihow~62096,indomain,Food and Entertaining,2,2920347,2920855
8358,37699,wikihow~62097,zeroshot,Family Life,3,2920857,2921242
8359,37705,wikihow~62105,zeroshot,Personal Care and Style,3,2921244,2921755
8360,37708,wikihow~62109,zeroshot,Family Life,0,2921757,2922378
8361,37716,wikihow~62127,zeroshot,Family Life,1,2922380,2922895
8362,37720,wikihow~62137,indomain,Sports and Fitness,3,2922897,2923541
8363,37721,wikihow~62140,indomain,Cars & Other Vehicles,1,2923543,2924072
8364,37723,wikihow~62146,zeroshot,Family Life,2,2924074,2924569
8365,37729,wikihow~62155,zeroshot,Personal Care and Style,0,2924571,2925024
8366,37738,wikihow~62176,zeroshot,Personal Care and Style,1,2925026,2925420
8367,37743,wikihow~62183,zeroshot,Personal Care and Style,2,2925422,2925875
8368,37749,wikihow~62192,zeroshot,Family Life,1,2925877,2926340
8369,37750,wikihow~62194,zeroshot,Family Life,2,2926342,2926801
8370,37751,wikihow~62195,indomain,Finance and Business,2,2926803,2927436
8371,37754,wikihow~62202,indomain,Travel,3,2927438,2927920
8372,37760,wikihow~62214,zeroshot,Personal Care and Style,1,2927922,2928206
8373,37762,wikihow~62217,zeroshot,Personal Care and Style,2,2928208,2928680
8374,37787,wikihow~62257,zeroshot,Family Life,2,2928682,2929128
8375,37795,wikihow~62271,zeroshot,Personal Care and Style,1,2929130,2929493
8376,37823,wikihow~62316,zeroshot,Personal Care and Style,3,2929495,2929860
8377,37839,wikihow~62341,indomain,Computers and Electronics,1,2929862,2930251
8378,37842,wikihow~62344,indomain,Work World,2,2930253,2930732
8379,37845,wikihow~62348,zeroshot,Family Life,3,2930734,2931231
8380,37849,wikihow~62355,zeroshot,Family Life,2,2931233,2931691
8381,37860,wikihow~62373,indomain,Health,0,2931693,2932104
8382,37867,wikihow~62382,indomain,Health,1,2932106,2932628
8383,37869,wikihow~62387,indomain,Food and Entertaining,2,2932630,2933139
8384,37876,wikihow~62396,indomain,Food and Entertaining,2,2933141,2933627
8385,37889,wikihow~62418,zeroshot,Personal Care and Style,2,2933629,2934214
8386,37909,wikihow~62463,indomain,Education and Communications,1,2934216,2934682
8387,37916,wikihow~62476,indomain,Cars & Other Vehicles,2,2934684,2935347
8388,37920,wikihow~62480,zeroshot,Personal Care and Style,0,2935349,2935790
8389,37921,wikihow~62481,zeroshot,Personal Care and Style,0,2935792,2936262
8390,37922,wikihow~62482,indomain,Youth,0,2936264,2936715
8391,37930,wikihow~62490,zeroshot,Personal Care and Style,0,2936717,2937181
8392,37941,wikihow~62505,zeroshot,Personal Care and Style,0,2937183,2937596
8393,37952,wikihow~62521,zeroshot,Family Life,2,2937598,2938137
8394,37953,wikihow~62522,zeroshot,Family Life,1,2938139,2938694
8395,37956,wikihow~62527,indomain,Cars & Other Vehicles,2,2938696,2939285
8396,37964,wikihow~62538,indomain,Home and Garden,1,2939287,2939655
8397,37968,wikihow~62544,zeroshot,Family Life,1,2939657,2940051
8398,37974,wikihow~62555,indomain,Food and Entertaining,1,2940053,2940438
8399,37977,wikihow~62563,indomain,Philosophy and Religion,2,2940440,2940775
8400,37978,wikihow~62564,indomain,Relationships,3,2940777,2941333
8401,37993,wikihow~62582,indomain,Home and Garden,2,2941335,2941829
8402,38002,wikihow~62594,zeroshot,Personal Care and Style,2,2941831,2942280
8403,38005,wikihow~62598,zeroshot,Personal Care and Style,0,2942282,2942724
8404,38014,wikihow~62609,zeroshot,Personal Care and Style,0,2942726,2943159
8405,38018,wikihow~62615,indomain,Relationships,1,2943161,2943631
8406,38050,wikihow~62668,zeroshot,Family Life,1,2943633,2944145
8407,38054,wikihow~62673,zeroshot,Personal Care and Style,2,2944147,2944595
8408,38056,wikihow~62676,zeroshot,Personal Care and Style,0,2944597,2944925
8409,38057,wikihow~62678,zeroshot,Family Life,3,2944927,2945386
8410,38060,wikihow~62682,zeroshot,Personal Care and Style,0,2945388,2945727
8411,38061,wikihow~62684,indomain,Home and Garden,2,2945729,2946159
8412,38064,wikihow~62689,zeroshot,Family Life,1,2946161,2946540
8413,38080,wikihow~62713,indomain,Finance and Business,3,2946542,2946992
8414,38085,wikihow~62724,zeroshot,Personal Care and Style,3,2946994,2947487
8415,38088,wikihow~62728,indomain,Finance and Business,0,2947489,2948064
8416,38098,wikihow~62748,zeroshot,Personal Care and Style,2,2948066,2948415
8417,38109,wikihow~62769,zeroshot,Personal Care and Style,1,2948417,2948877
8418,38123,wikihow~62792,indomain,Pets and Animals,0,2948879,2949336
8419,38125,wikihow~62794,indomain,Health,0,2949338,2949974
8420,38144,wikihow~62822,zeroshot,Personal Care and Style,2,2949976,2950334
8421,38145,wikihow~62823,indomain,Home and Garden,1,2950336,2950668
8422,38179,wikihow~62875,zeroshot,Personal Care and Style,2,2950670,2951149
8423,38187,wikihow~62892,zeroshot,Family Life,2,2951151,2951605
8424,38196,wikihow~62906,zeroshot,Family Life,0,2951607,2952135
8425,38205,wikihow~62923,indomain,Finance and Business,0,2952137,2952611
8426,38221,wikihow~62946,indomain,Computers and Electronics,1,2952613,2953201
8427,38223,wikihow~62949,indomain,Food and Entertaining,2,2953203,2953662
8428,38225,wikihow~62952,indomain,Relationships,2,2953664,2954217
8429,38252,wikihow~62994,indomain,Pets and Animals,0,2954219,2954681
8430,38258,wikihow~63004,zeroshot,Personal Care and Style,0,2954683,2955004
8431,38262,wikihow~63010,indomain,Health,3,2955006,2955589
8432,38266,wikihow~63020,zeroshot,Personal Care and Style,0,2955591,2956035
8433,38268,wikihow~63026,indomain,Food and Entertaining,2,2956037,2956375
8434,38270,wikihow~63028,zeroshot,Family Life,2,2956377,2956892
8435,38283,wikihow~63051,indomain,Education and Communications,2,2956894,2957523
8436,38284,wikihow~63052,zeroshot,Personal Care and Style,2,2957525,2957919
8437,38285,wikihow~63053,zeroshot,Personal Care and Style,2,2957921,2958383
8438,38297,wikihow~63073,indomain,Home and Garden,2,2958385,2958709
8439,38302,wikihow~63080,indomain,Youth,3,2958711,2959306
8440,38308,wikihow~63090,zeroshot,Personal Care and Style,0,2959308,2959731
8441,38312,wikihow~63094,zeroshot,Personal Care and Style,1,2959733,2960216
8442,38322,wikihow~63115,zeroshot,Personal Care and Style,3,2960218,2960600
8443,38323,wikihow~63116,indomain,Finance and Business,1,2960602,2960999
8444,38325,wikihow~63118,zeroshot,Personal Care and Style,2,2961001,2961516
8445,38329,wikihow~63126,zeroshot,Personal Care and Style,0,2961518,2962027
8446,38332,wikihow~63130,zeroshot,Family Life,1,2962029,2962412
8447,38341,wikihow~63143,indomain,Computers and Electronics,2,2962414,2962866
8448,38350,wikihow~63160,indomain,Home and Garden,2,2962868,2963384
8449,38358,wikihow~63171,zeroshot,Personal Care and Style,2,2963386,2963834
8450,38362,wikihow~63177,zeroshot,Personal Care and Style,3,2963836,2964286
8451,38365,wikihow~63180,indomain,Pets and Animals,0,2964288,2964820
8452,38381,wikihow~63206,zeroshot,Family Life,3,2964822,2965319
8453,38402,wikihow~63245,indomain,Health,2,2965321,2965815
8454,38416,wikihow~63267,indomain,Food and Entertaining,2,2965817,2966211
8455,38425,wikihow~63286,zeroshot,Family Life,2,2966213,2966718
8456,38429,wikihow~63290,indomain,Sports and Fitness,2,2966720,2967136
8457,38439,wikihow~63307,zeroshot,Personal Care and Style,1,2967138,2967534
8458,38443,wikihow~63312,zeroshot,Personal Care and Style,2,2967536,2967942
8459,38488,wikihow~63390,zeroshot,Personal Care and Style,0,2967944,2968632
8460,38490,wikihow~63395,zeroshot,Family Life,0,2968634,2969131
8461,38496,wikihow~63405,indomain,Education and Communications,0,2969133,2969649
8462,38507,wikihow~63421,zeroshot,Personal Care and Style,1,2969651,2970182
8463,38521,wikihow~63442,zeroshot,Personal Care and Style,3,2970184,2970563
8464,38522,wikihow~63444,indomain,Relationships,0,2970565,2971127
8465,38529,wikihow~63453,indomain,Pets and Animals,3,2971129,2971713
8466,38540,wikihow~63472,zeroshot,Personal Care and Style,1,2971715,2972293
8467,38541,wikihow~63473,indomain,Education and Communications,0,2972295,2972814
8468,38558,wikihow~63509,indomain,Health,0,2972816,2973254
8469,38562,wikihow~63519,indomain,Home and Garden,0,2973256,2973630
8470,38567,wikihow~63527,zeroshot,Personal Care and Style,3,2973632,2974087
8471,38573,wikihow~63536,zeroshot,Personal Care and Style,1,2974089,2974447
8472,38576,wikihow~63540,indomain,Finance and Business,1,2974449,2974918
8473,38578,wikihow~63543,zeroshot,Family Life,0,2974920,2975416
8474,38586,wikihow~63555,indomain,Sports and Fitness,1,2975418,2975806
8475,38588,wikihow~63558,indomain,Home and Garden,2,2975808,2976168
8476,38602,wikihow~63579,zeroshot,Personal Care and Style,2,2976170,2976517
8477,38604,wikihow~63581,indomain,Computers and Electronics,3,2976519,2977002
8478,38606,wikihow~63589,indomain,Food and Entertaining,1,2977004,2977388
8479,38608,wikihow~63591,indomain,Health,2,2977390,2977791
8480,38610,wikihow~63594,indomain,Computers and Electronics,0,2977793,2978296
8481,38628,wikihow~63624,indomain,Education and Communications,1,2978298,2978860
8482,38639,wikihow~63642,indomain,Computers and Electronics,2,2978862,2979212
8483,38647,wikihow~63652,indomain,Finance and Business,1,2979214,2979769
8484,38654,wikihow~63660,zeroshot,Personal Care and Style,3,2979771,2980186
8485,38656,wikihow~63665,zeroshot,Family Life,0,2980188,2980651
8486,38658,wikihow~63667,indomain,Home and Garden,1,2980653,2981213
8487,38660,wikihow~63670,zeroshot,Personal Care and Style,2,2981215,2981708
8488,38665,wikihow~63681,zeroshot,Family Life,1,2981710,2982184
8489,38696,wikihow~63727,zeroshot,Family Life,3,2982186,2982617
8490,38714,wikihow~63754,indomain,Sports and Fitness,1,2982619,2983074
8491,38718,wikihow~63763,zeroshot,Personal Care and Style,3,2983076,2983460
8492,38728,wikihow~63778,zeroshot,Personal Care and Style,0,2983462,2983885
8493,38733,wikihow~63787,indomain,Computers and Electronics,1,2983887,2984310
8494,38736,wikihow~63790,indomain,Youth,1,2984312,2984814
8495,38737,wikihow~63791,indomain,Education and Communications,2,2984816,2985415
8496,38745,wikihow~63804,indomain,Relationships,0,2985417,2985951
8497,38748,wikihow~63807,zeroshot,Family Life,2,2985953,2986566
8498,38763,wikihow~63828,indomain,Pets and Animals,3,2986568,2987098
8499,38770,wikihow~63842,indomain,Home and Garden,3,2987100,2987632
8500,38773,wikihow~63846,indomain,Sports and Fitness,2,2987634,2988026
8501,38774,wikihow~63847,zeroshot,Personal Care and Style,2,2988028,2988422
8502,38835,wikihow~63951,indomain,Computers and Electronics,0,2988424,2988839
8503,38872,wikihow~64001,indomain,Computers and Electronics,0,2988841,2989270
8504,38880,wikihow~64014,indomain,Relationships,1,2989272,2989814
8505,38894,wikihow~64040,indomain,Home and Garden,1,2989816,2990382
8506,38912,wikihow~64067,zeroshot,Personal Care and Style,0,2990384,2990991
8507,38927,wikihow~64090,zeroshot,Personal Care and Style,2,2990993,2991390
8508,38935,wikihow~64101,zeroshot,Personal Care and Style,2,2991392,2991887
8509,38948,wikihow~64134,zeroshot,Personal Care and Style,1,2991889,2992395
8510,38957,wikihow~64147,zeroshot,Personal Care and Style,0,2992397,2992823
8511,38968,wikihow~64166,zeroshot,Personal Care and Style,1,2992825,2993310
8512,38974,wikihow~64174,indomain,Sports and Fitness,1,2993312,2993770
8513,38977,wikihow~64180,indomain,Youth,3,2993772,2994148
8514,38986,wikihow~64206,zeroshot,Personal Care and Style,3,2994150,2994654
8515,39007,wikihow~64245,indomain,Health,2,2994656,2995063
8516,39012,wikihow~64255,zeroshot,Personal Care and Style,0,2995065,2995578
8517,39021,wikihow~64272,indomain,Health,3,2995580,2996018
8518,39031,wikihow~64283,zeroshot,Personal Care and Style,2,2996020,2996458
8519,39035,wikihow~64288,zeroshot,Personal Care and Style,3,2996460,2996959
8520,39039,wikihow~64293,indomain,Home and Garden,0,2996961,2997505
8521,39041,wikihow~64295,indomain,Home and Garden,3,2997507,2997851
8522,39053,wikihow~64312,zeroshot,Family Life,1,2997853,2998220
8523,39059,wikihow~64327,indomain,Education and Communications,0,2998222,2998617
8524,39064,wikihow~64336,indomain,Health,0,2998619,2998937
8525,39068,wikihow~64340,indomain,Computers and Electronics,2,2998939,2999289
8526,39076,wikihow~64353,indomain,Computers and Electronics,0,2999291,2999737
8527,39085,wikihow~64363,zeroshot,Personal Care and Style,0,2999739,3000184
8528,39088,wikihow~64371,zeroshot,Personal Care and Style,1,3000186,3000615
8529,39091,wikihow~64376,zeroshot,Personal Care and Style,0,3000617,3001095
8530,39097,wikihow~64384,indomain,Relationships,3,3001097,3001748
8531,39100,wikihow~64388,indomain,Food and Entertaining,0,3001750,3002205
8532,39110,wikihow~64401,indomain,Food and Entertaining,0,3002207,3002595
8533,39111,wikihow~64402,indomain,Health,1,3002597,3003046
8534,39118,wikihow~64414,indomain,Youth,2,3003048,3003552
8535,39120,wikihow~64417,zeroshot,Family Life,2,3003554,3004086
8536,39129,wikihow~64432,zeroshot,Personal Care and Style,3,3004088,3004502
8537,39132,wikihow~64436,indomain,Finance and Business,0,3004504,3004940
8538,39135,wikihow~64440,indomain,Health,2,3004942,3005287
8539,39145,wikihow~64462,indomain,Finance and Business,1,3005289,3005740
8540,39149,wikihow~64469,indomain,Food and Entertaining,3,3005742,3006126
8541,39158,wikihow~64480,indomain,Pets and Animals,0,3006128,3006590
8542,39161,wikihow~64486,zeroshot,Personal Care and Style,3,3006592,3006977
8543,39163,wikihow~64490,indomain,Pets and Animals,0,3006979,3007505
8544,39169,wikihow~64499,indomain,Home and Garden,1,3007507,3008023
8545,39170,wikihow~64501,indomain,Relationships,1,3008025,3008481
8546,39173,wikihow~64505,indomain,Health,3,3008483,3008894
8547,39176,wikihow~64511,zeroshot,Personal Care and Style,2,3008896,3009359
8548,39184,wikihow~64520,indomain,Home and Garden,1,3009361,3009937
8549,39186,wikihow~64522,zeroshot,Personal Care and Style,0,3009939,3010498
8550,39201,wikihow~64543,zeroshot,Personal Care and Style,3,3010500,3010897
8551,39203,wikihow~64545,indomain,Health,3,3010899,3011346
8552,39220,wikihow~64577,indomain,Education and Communications,1,3011348,3011868
8553,39226,wikihow~64587,zeroshot,Family Life,1,3011870,3012318
8554,39244,wikihow~64612,zeroshot,Personal Care and Style,3,3012320,3012749
8555,39250,wikihow~64619,zeroshot,Family Life,0,3012751,3013101
8556,39258,wikihow~64632,indomain,Food and Entertaining,3,3013103,3013585
8557,39268,wikihow~64648,indomain,Food and Entertaining,3,3013587,3013938
8558,39275,wikihow~64663,zeroshot,Personal Care and Style,1,3013940,3014446
8559,39299,wikihow~64703,indomain,Pets and Animals,1,3014448,3015044
8560,39300,wikihow~64705,zeroshot,Family Life,2,3015046,3015618
8561,39308,wikihow~64713,zeroshot,Family Life,1,3015620,3016102
8562,39309,wikihow~64715,zeroshot,Personal Care and Style,0,3016104,3016692
8563,39311,wikihow~64718,indomain,Sports and Fitness,1,3016694,3017035
8564,39312,wikihow~64719,zeroshot,Family Life,1,3017037,3017621
8565,39317,wikihow~64724,zeroshot,Personal Care and Style,1,3017623,3017995
8566,39321,wikihow~64728,zeroshot,Family Life,3,3017997,3018525
8567,39322,wikihow~64729,indomain,Health,2,3018527,3019099
8568,39356,wikihow~64776,zeroshot,Personal Care and Style,1,3019101,3019543
8569,39373,wikihow~64804,zeroshot,Personal Care and Style,1,3019545,3019917
8570,39374,wikihow~64805,indomain,Education and Communications,3,3019919,3020433
8571,39375,wikihow~64807,zeroshot,Personal Care and Style,1,3020435,3020855
8572,39378,wikihow~64815,zeroshot,Personal Care and Style,3,3020857,3021196
8573,39385,wikihow~64829,indomain,Food and Entertaining,2,3021198,3021689
8574,39398,wikihow~64847,indomain,Cars & Other Vehicles,2,3021691,3022149
8575,39404,wikihow~64856,indomain,Pets and Animals,1,3022151,3022676
8576,39406,wikihow~64858,indomain,Cars & Other Vehicles,3,3022678,3023106
8577,39420,wikihow~64883,indomain,Work World,1,3023108,3023579
8578,39436,wikihow~64907,zeroshot,Family Life,2,3023581,3023998
8579,39438,wikihow~64909,zeroshot,Personal Care and Style,0,3024000,3024402
8580,39463,wikihow~64961,zeroshot,Family Life,0,3024404,3024953
8581,39464,wikihow~64962,zeroshot,Personal Care and Style,3,3024955,3025429
8582,39482,wikihow~64989,zeroshot,Family Life,3,3025431,3025966
8583,39484,wikihow~64992,indomain,Computers and Electronics,3,3025968,3026381
8584,39493,wikihow~65007,zeroshot,Personal Care and Style,3,3026383,3026678
8585,39495,wikihow~65012,indomain,Pets and Animals,1,3026680,3027189
8586,39497,wikihow~65014,indomain,Home and Garden,0,3027191,3027672
8587,39501,wikihow~65019,indomain,Computers and Electronics,3,3027674,3028115
8588,39509,wikihow~65033,indomain,Finance and Business,2,3028117,3028572
8589,39511,wikihow~65035,indomain,Home and Garden,1,3028574,3028984
8590,39516,wikihow~65041,zeroshot,Family Life,3,3028986,3029471
8591,39528,wikihow~65056,zeroshot,Personal Care and Style,1,3029473,3029945
8592,39533,wikihow~65066,zeroshot,Personal Care and Style,3,3029947,3030346
8593,39546,wikihow~65092,indomain,Health,1,3030348,3030837
8594,39554,wikihow~65106,indomain,Food and Entertaining,2,3030839,3031197
8595,39564,wikihow~65119,zeroshot,Personal Care and Style,1,3031199,3031618
8596,39569,wikihow~65133,zeroshot,Personal Care and Style,2,3031620,3032034
8597,39572,wikihow~65140,indomain,Computers and Electronics,3,3032036,3032415
8598,39576,wikihow~65144,indomain,Home and Garden,1,3032417,3032917
8599,39586,wikihow~65162,indomain,Computers and Electronics,3,3032919,3033395
8600,39587,wikihow~65166,zeroshot,Personal Care and Style,0,3033397,3033909
8601,39595,wikihow~65176,zeroshot,Personal Care and Style,2,3033911,3034511
8602,39602,wikihow~65191,zeroshot,Family Life,1,3034513,3035143
8603,39607,wikihow~65197,indomain,Food and Entertaining,1,3035145,3035622
8604,39609,wikihow~65200,indomain,Food and Entertaining,3,3035624,3036157
8605,39617,wikihow~65217,indomain,Philosophy and Religion,0,3036159,3036457
8606,39631,wikihow~65236,indomain,Finance and Business,2,3036459,3036902
8607,39642,wikihow~65265,zeroshot,Personal Care and Style,2,3036904,3037394
8608,39647,wikihow~65273,zeroshot,Family Life,0,3037396,3037766
8609,39659,wikihow~65293,indomain,Health,0,3037768,3038402
8610,39687,wikihow~65334,indomain,Home and Garden,3,3038404,3038864
8611,39689,wikihow~65338,zeroshot,Personal Care and Style,3,3038866,3039213
8612,39696,wikihow~65347,zeroshot,Personal Care and Style,2,3039215,3039659
8613,39704,wikihow~65358,zeroshot,Personal Care and Style,1,3039661,3040199
8614,39705,wikihow~65359,indomain,Food and Entertaining,0,3040201,3040631
8615,39711,wikihow~65368,zeroshot,Personal Care and Style,2,3040633,3041022
8616,39714,wikihow~65374,zeroshot,Personal Care and Style,1,3041024,3041362
8617,39726,wikihow~65390,zeroshot,Personal Care and Style,3,3041364,3041925
8618,39730,wikihow~65394,zeroshot,Family Life,0,3041927,3042454
8619,39731,wikihow~65397,indomain,Education and Communications,1,3042456,3042994
8620,39747,wikihow~65421,indomain,Relationships,2,3042996,3043382
8621,39748,wikihow~65423,zeroshot,Personal Care and Style,1,3043384,3043863
8622,39754,wikihow~65429,zeroshot,Personal Care and Style,3,3043865,3044360
8623,39760,wikihow~65441,indomain,Education and Communications,3,3044362,3044677
8624,39781,wikihow~65473,zeroshot,Family Life,0,3044679,3045068
8625,39785,wikihow~65479,indomain,Sports and Fitness,0,3045070,3045575
8626,39801,wikihow~65502,indomain,Home and Garden,0,3045577,3046075
8627,39803,wikihow~65506,zeroshot,Personal Care and Style,3,3046077,3046494
8628,39808,wikihow~65512,indomain,Pets and Animals,1,3046496,3046861
8629,39814,wikihow~65519,zeroshot,Personal Care and Style,1,3046863,3047308
8630,39821,wikihow~65527,indomain,Computers and Electronics,2,3047310,3047702
8631,39832,wikihow~65550,zeroshot,Personal Care and Style,3,3047704,3048273
8632,39835,wikihow~65554,zeroshot,Family Life,2,3048275,3048688
8633,39839,wikihow~65561,zeroshot,Personal Care and Style,0,3048690,3049266
8634,39843,wikihow~65567,zeroshot,Personal Care and Style,3,3049268,3049589
8635,39852,wikihow~65581,indomain,Sports and Fitness,2,3049591,3050079
8636,39853,wikihow~65582,indomain,Finance and Business,2,3050081,3050590
8637,39866,wikihow~65602,indomain,Computers and Electronics,1,3050592,3051020
8638,39875,wikihow~65618,zeroshot,Personal Care and Style,0,3051022,3051516
8639,39897,wikihow~65652,zeroshot,Personal Care and Style,3,3051518,3051907
8640,39898,wikihow~65655,zeroshot,Personal Care and Style,1,3051909,3052248
8641,39900,wikihow~65661,zeroshot,Family Life,1,3052250,3052837
8642,39915,wikihow~65681,indomain,Food and Entertaining,2,3052839,3053274
8643,39923,wikihow~65694,indomain,Pets and Animals,1,3053276,3053684
8644,39937,wikihow~65716,indomain,Health,2,3053686,3053988
8645,39955,wikihow~65756,indomain,Sports and Fitness,2,3053990,3054346
8646,39961,wikihow~65763,zeroshot,Personal Care and Style,3,3054348,3054791
8647,39972,wikihow~65779,indomain,Home and Garden,0,3054793,3055195
8648,39975,wikihow~65784,zeroshot,Personal Care and Style,3,3055197,3055588
8649,39987,wikihow~65802,zeroshot,Family Life,0,3055590,3056050
8650,40002,wikihow~65820,indomain,Food and Entertaining,1,3056052,3056389
8651,40007,wikihow~65828,zeroshot,Personal Care and Style,0,3056391,3056833
8652,40008,wikihow~65833,zeroshot,Personal Care and Style,3,3056835,3057213
8653,40010,wikihow~65835,indomain,Finance and Business,3,3057215,3057598
8654,40019,wikihow~65849,zeroshot,Personal Care and Style,3,3057600,3058091
8655,40028,wikihow~65861,zeroshot,Personal Care and Style,1,3058093,3058571
8656,40034,wikihow~65869,indomain,Computers and Electronics,0,3058573,3058972
8657,40039,wikihow~65880,zeroshot,Family Life,3,3058974,3059407
8658,40047,wikihow~65894,zeroshot,Personal Care and Style,1,3059409,3059831
8659,40049,wikihow~65898,indomain,Food and Entertaining,3,3059833,3060392
8660,40065,wikihow~65920,indomain,Health,0,3060394,3060985
8661,40066,wikihow~65923,zeroshot,Family Life,0,3060987,3061268
8662,40078,wikihow~65940,indomain,Computers and Electronics,0,3061270,3061841
8663,40098,wikihow~65975,indomain,Finance and Business,0,3061843,3062224
8664,40099,wikihow~65978,indomain,Philosophy and Religion,2,3062226,3062765
8665,40103,wikihow~65987,indomain,Pets and Animals,1,3062767,3063180
8666,40104,wikihow~65988,zeroshot,Family Life,2,3063182,3063757
8667,40105,wikihow~65989,indomain,Holidays and Traditions,3,3063759,3064212
8668,40119,wikihow~66016,zeroshot,Personal Care and Style,3,3064214,3064655
8669,40143,wikihow~66055,zeroshot,Personal Care and Style,0,3064657,3064984
8670,40153,wikihow~66069,indomain,Home and Garden,3,3064986,3065471
8671,40168,wikihow~66085,indomain,Pets and Animals,1,3065473,3065882
8672,40176,wikihow~66095,zeroshot,Personal Care and Style,3,3065884,3066329
8673,40182,wikihow~66108,zeroshot,Personal Care and Style,3,3066331,3066730
8674,40192,wikihow~66120,zeroshot,Personal Care and Style,2,3066732,3067217
8675,40202,wikihow~66133,zeroshot,Family Life,2,3067219,3067693
8676,40203,wikihow~66135,indomain,Work World,3,3067695,3068019
8677,40207,wikihow~66140,zeroshot,Personal Care and Style,1,3068021,3068511
8678,40212,wikihow~66148,zeroshot,Family Life,0,3068513,3069021
8679,40220,wikihow~66160,zeroshot,Family Life,2,3069023,3069443
8680,40243,wikihow~66196,zeroshot,Personal Care and Style,0,3069445,3069884
8681,40248,wikihow~66204,indomain,Computers and Electronics,3,3069886,3070272
8682,40256,wikihow~66218,indomain,Relationships,3,3070274,3070758
8683,40260,wikihow~66222,zeroshot,Family Life,1,3070760,3071448
8684,40271,wikihow~66236,indomain,Relationships,1,3071450,3071814
8685,40273,wikihow~66243,indomain,Education and Communications,1,3071816,3072284
8686,40282,wikihow~66260,indomain,Pets and Animals,1,3072286,3072812
8687,40283,wikihow~66261,indomain,Computers and Electronics,2,3072814,3073379
8688,40298,wikihow~66286,indomain,Food and Entertaining,2,3073381,3073844
8689,40302,wikihow~66294,zeroshot,Personal Care and Style,1,3073846,3074392
8690,40313,wikihow~66308,zeroshot,Personal Care and Style,0,3074394,3074974
8691,40315,wikihow~66318,indomain,Computers and Electronics,3,3074976,3075319
8692,40323,wikihow~66330,zeroshot,Personal Care and Style,1,3075321,3075806
8693,40325,wikihow~66332,indomain,Food and Entertaining,1,3075808,3076245
8694,40347,wikihow~66374,indomain,Relationships,1,3076247,3076619
8695,40356,wikihow~66387,zeroshot,Family Life,2,3076621,3076973
8696,40360,wikihow~66394,indomain,Pets and Animals,2,3076975,3077547
8697,40362,wikihow~66398,zeroshot,Personal Care and Style,1,3077549,3078025
8698,40364,wikihow~66401,zeroshot,Personal Care and Style,1,3078027,3078384
8699,40365,wikihow~66402,indomain,Health,2,3078386,3078870
8700,40378,wikihow~66424,zeroshot,Personal Care and Style,1,3078872,3079372
8701,40380,wikihow~66426,zeroshot,Personal Care and Style,3,3079374,3079805
8702,40389,wikihow~66440,indomain,Computers and Electronics,0,3079807,3080326
8703,40393,wikihow~66449,zeroshot,Family Life,0,3080328,3080729
8704,40400,wikihow~66457,indomain,Home and Garden,3,3080731,3081277
8705,40401,wikihow~66458,zeroshot,Personal Care and Style,2,3081279,3081692
8706,40417,wikihow~66486,zeroshot,Family Life,3,3081694,3082209
8707,40424,wikihow~66496,zeroshot,Personal Care and Style,0,3082211,3082647
8708,40430,wikihow~66506,zeroshot,Family Life,3,3082649,3083181
8709,40452,wikihow~66535,indomain,Home and Garden,1,3083183,3083668
8710,40464,wikihow~66554,indomain,Relationships,0,3083670,3084134
8711,40470,wikihow~66561,zeroshot,Family Life,2,3084136,3084652
8712,40484,wikihow~66585,zeroshot,Personal Care and Style,1,3084654,3085179
8713,40498,wikihow~66607,zeroshot,Personal Care and Style,0,3085181,3085568
8714,40506,wikihow~66623,zeroshot,Family Life,1,3085570,3086221
8715,40510,wikihow~66628,zeroshot,Personal Care and Style,1,3086223,3086689
8716,40515,wikihow~66643,zeroshot,Personal Care and Style,1,3086691,3087162
8717,40517,wikihow~66647,indomain,Health,0,3087164,3087681
8718,40519,wikihow~66651,zeroshot,Personal Care and Style,0,3087683,3088109
8719,40529,wikihow~66668,indomain,Food and Entertaining,2,3088111,3088579
8720,40530,wikihow~66669,indomain,Finance and Business,3,3088581,3089169
8721,40557,wikihow~66724,zeroshot,Personal Care and Style,3,3089171,3089749
8722,40559,wikihow~66727,zeroshot,Personal Care and Style,0,3089751,3090250
8723,40562,wikihow~66731,zeroshot,Personal Care and Style,3,3090252,3090670
8724,40565,wikihow~66736,indomain,Health,0,3090672,3091071
8725,40577,wikihow~66753,indomain,Computers and Electronics,3,3091073,3091583
8726,40591,wikihow~66778,zeroshot,Personal Care and Style,2,3091585,3092199
8727,40609,wikihow~66809,zeroshot,Personal Care and Style,2,3092201,3092663
8728,40630,wikihow~66841,indomain,Computers and Electronics,1,3092665,3093112
8729,40636,wikihow~66851,zeroshot,Personal Care and Style,2,3093114,3093537
8730,40647,wikihow~66864,zeroshot,Personal Care and Style,0,3093539,3094010
8731,40648,wikihow~66865,zeroshot,Personal Care and Style,3,3094012,3094420
8732,40655,wikihow~66883,zeroshot,Family Life,3,3094422,3094963
8733,40661,wikihow~66892,indomain,Food and Entertaining,3,3094965,3095395
8734,40666,wikihow~66902,indomain,Food and Entertaining,3,3095397,3095743
8735,40667,wikihow~66903,zeroshot,Family Life,0,3095745,3096184
8736,40690,wikihow~66938,zeroshot,Personal Care and Style,0,3096186,3096634
8737,40709,wikihow~66968,zeroshot,Personal Care and Style,3,3096636,3097062
8738,40710,wikihow~66969,indomain,Finance and Business,1,3097064,3097519
8739,40717,wikihow~66982,indomain,Food and Entertaining,1,3097521,3097817
8740,40733,wikihow~67012,indomain,Education and Communications,0,3097819,3098238
8741,40747,wikihow~67032,indomain,Relationships,0,3098240,3098646
8742,40748,wikihow~67033,zeroshot,Family Life,3,3098648,3099066
8743,40749,wikihow~67034,zeroshot,Family Life,1,3099068,3099684
8744,40783,wikihow~67079,indomain,Food and Entertaining,2,3099686,3100238
8745,40787,wikihow~67085,zeroshot,Personal Care and Style,3,3100240,3100664
8746,40793,wikihow~67097,zeroshot,Personal Care and Style,2,3100666,3101025
8747,40801,wikihow~67107,indomain,Food and Entertaining,2,3101027,3101525
8748,40810,wikihow~67121,indomain,Philosophy and Religion,2,3101527,3101965
8749,40811,wikihow~67122,zeroshot,Family Life,0,3101967,3102347
8750,40820,wikihow~67143,indomain,Sports and Fitness,1,3102349,3102779
8751,40833,wikihow~67161,zeroshot,Family Life,2,3102781,3103238
8752,40838,wikihow~67168,zeroshot,Family Life,3,3103240,3103719
8753,40842,wikihow~67176,indomain,Health,1,3103721,3104149
8754,40853,wikihow~67189,indomain,Work World,1,3104151,3104565
8755,40861,wikihow~67204,indomain,Education and Communications,1,3104567,3104994
8756,40881,wikihow~67242,indomain,Pets and Animals,0,3104996,3105412
8757,40884,wikihow~67246,zeroshot,Personal Care and Style,1,3105414,3105913
8758,40891,wikihow~67258,zeroshot,Personal Care and Style,1,3105915,3106305
8759,40895,wikihow~67262,zeroshot,Family Life,2,3106307,3106835
8760,40902,wikihow~67275,zeroshot,Personal Care and Style,3,3106837,3107293
8761,40905,wikihow~67281,zeroshot,Family Life,1,3107295,3107846
8762,40907,wikihow~67287,zeroshot,Personal Care and Style,2,3107848,3108248
8763,40908,wikihow~67289,zeroshot,Family Life,1,3108250,3108651
8764,40915,wikihow~67304,zeroshot,Personal Care and Style,1,3108653,3109204
8765,40917,wikihow~67306,indomain,Food and Entertaining,2,3109206,3109639
8766,40921,wikihow~67314,zeroshot,Personal Care and Style,3,3109641,3109967
8767,40932,wikihow~67329,zeroshot,Personal Care and Style,0,3109969,3110333
8768,40935,wikihow~67334,indomain,Travel,1,3110335,3110701
8769,40938,wikihow~67339,zeroshot,Personal Care and Style,2,3110703,3111077
8770,40943,wikihow~67350,zeroshot,Family Life,2,3111079,3111505
8771,40944,wikihow~67351,zeroshot,Personal Care and Style,2,3111507,3112033
8772,40951,wikihow~67364,indomain,Travel,2,3112035,3112527
8773,40973,wikihow~67401,indomain,Education and Communications,3,3112529,3112894
8774,40977,wikihow~67409,indomain,Home and Garden,1,3112896,3113203
8775,40979,wikihow~67411,zeroshot,Family Life,1,3113205,3113782
8776,40983,wikihow~67416,zeroshot,Personal Care and Style,3,3113784,3114326
8777,40985,wikihow~67419,indomain,Education and Communications,0,3114328,3114853
8778,41003,wikihow~67445,zeroshot,Family Life,1,3114855,3115445
8779,41006,wikihow~67450,zeroshot,Family Life,3,3115447,3116048
8780,41009,wikihow~67454,indomain,Home and Garden,2,3116050,3116519
8781,41016,wikihow~67468,zeroshot,Personal Care and Style,0,3116521,3116950
8782,41022,wikihow~67477,zeroshot,Personal Care and Style,0,3116952,3117304
8783,41028,wikihow~67488,zeroshot,Family Life,3,3117306,3117890
8784,41030,wikihow~67491,zeroshot,Personal Care and Style,1,3117892,3118331
8785,41032,wikihow~67496,zeroshot,Family Life,2,3118333,3118653
8786,41037,wikihow~67505,zeroshot,Personal Care and Style,3,3118655,3119096
8787,41045,wikihow~67519,indomain,Pets and Animals,0,3119098,3119650
8788,41050,wikihow~67527,zeroshot,Personal Care and Style,2,3119652,3120005
8789,41055,wikihow~67533,indomain,Pets and Animals,1,3120007,3120468
8790,41061,wikihow~67544,zeroshot,Personal Care and Style,2,3120470,3120951
8791,41066,wikihow~67549,zeroshot,Personal Care and Style,1,3120953,3121364
8792,41073,wikihow~67574,zeroshot,Personal Care and Style,0,3121366,3121794
8793,41087,wikihow~67599,zeroshot,Personal Care and Style,0,3121796,3122244
8794,41094,wikihow~67609,indomain,Pets and Animals,0,3122246,3122798
8795,41097,wikihow~67619,zeroshot,Personal Care and Style,0,3122800,3123269
8796,41099,wikihow~67625,indomain,Health,1,3123271,3123742
8797,41100,wikihow~67626,zeroshot,Personal Care and Style,0,3123744,3124151
8798,41103,wikihow~67634,zeroshot,Personal Care and Style,2,3124153,3124598
8799,41104,wikihow~67639,zeroshot,Family Life,3,3124600,3125016
8800,41116,wikihow~67655,zeroshot,Family Life,1,3125018,3125425
8801,41124,wikihow~67670,zeroshot,Personal Care and Style,3,3125427,3125987
8802,41130,wikihow~67679,zeroshot,Personal Care and Style,2,3125989,3126399
8803,41143,wikihow~67704,indomain,Food and Entertaining,0,3126401,3126826
8804,41163,wikihow~67729,zeroshot,Personal Care and Style,2,3126828,3127170
8805,41168,wikihow~67736,zeroshot,Family Life,0,3127172,3127589
8806,41173,wikihow~67743,indomain,Home and Garden,1,3127591,3128000
8807,41176,wikihow~67748,zeroshot,Personal Care and Style,3,3128002,3128368
8808,41181,wikihow~67756,indomain,Finance and Business,0,3128370,3128746
8809,41189,wikihow~67771,zeroshot,Personal Care and Style,2,3128748,3129049
8810,41192,wikihow~67778,zeroshot,Personal Care and Style,2,3129051,3129570
8811,41203,wikihow~67795,zeroshot,Personal Care and Style,1,3129572,3130178
8812,41207,wikihow~67803,indomain,Pets and Animals,2,3130180,3130747
8813,41211,wikihow~67813,zeroshot,Personal Care and Style,2,3130749,3131205
8814,41220,wikihow~67827,zeroshot,Personal Care and Style,1,3131207,3131798
8815,41230,wikihow~67843,indomain,Work World,0,3131800,3132305
8816,41247,wikihow~67868,indomain,Health,1,3132307,3132758
8817,41266,wikihow~67902,indomain,Education and Communications,1,3132760,3133346
8818,41274,wikihow~67914,zeroshot,Personal Care and Style,2,3133348,3133884
8819,41276,wikihow~67920,indomain,Pets and Animals,0,3133886,3134340
8820,41280,wikihow~67931,zeroshot,Personal Care and Style,3,3134342,3134880
8821,41292,wikihow~67944,zeroshot,Personal Care and Style,3,3134882,3135316
8822,41301,wikihow~67960,indomain,Computers and Electronics,2,3135318,3135795
8823,41303,wikihow~67967,indomain,Food and Entertaining,2,3135797,3136272
8824,41310,wikihow~67976,indomain,Work World,2,3136274,3136855
8825,41322,wikihow~67997,zeroshot,Personal Care and Style,3,3136857,3137378
8826,41346,wikihow~68035,indomain,Health,3,3137380,3137994
8827,41355,wikihow~68057,zeroshot,Personal Care and Style,3,3137996,3138398
8828,41365,wikihow~68076,indomain,Philosophy and Religion,3,3138400,3138981
8829,41368,wikihow~68082,zeroshot,Personal Care and Style,1,3138983,3139369
8830,41384,wikihow~68109,indomain,Food and Entertaining,1,3139371,3139715
8831,41385,wikihow~68110,indomain,Work World,0,3139717,3140309
8832,41410,wikihow~68144,indomain,Finance and Business,0,3140311,3140880
8833,41420,wikihow~68159,indomain,Food and Entertaining,0,3140882,3141339
8834,41427,wikihow~68173,zeroshot,Family Life,2,3141341,3141750
8835,41430,wikihow~68181,indomain,Education and Communications,3,3141752,3142233
8836,41436,wikihow~68191,indomain,Food and Entertaining,0,3142235,3142638
8837,41445,wikihow~68207,zeroshot,Personal Care and Style,1,3142640,3143246
8838,41458,wikihow~68228,zeroshot,Personal Care and Style,0,3143248,3143665
8839,41481,wikihow~68269,zeroshot,Personal Care and Style,2,3143667,3144204
8840,41486,wikihow~68277,zeroshot,Personal Care and Style,0,3144206,3144677
8841,41501,wikihow~68302,zeroshot,Personal Care and Style,1,3144679,3145169
8842,41502,wikihow~68303,indomain,Education and Communications,0,3145171,3145511
8843,41518,wikihow~68323,zeroshot,Personal Care and Style,3,3145513,3145939
8844,41521,wikihow~68331,indomain,Finance and Business,1,3145941,3146483
8845,41525,wikihow~68340,indomain,Computers and Electronics,1,3146485,3147010
8846,41526,wikihow~68341,indomain,Relationships,1,3147012,3147514
8847,41548,wikihow~68379,zeroshot,Personal Care and Style,2,3147516,3147961
8848,41551,wikihow~68382,indomain,Cars & Other Vehicles,2,3147963,3148419
8849,41552,wikihow~68383,zeroshot,Personal Care and Style,2,3148421,3149031
8850,41566,wikihow~68402,zeroshot,Family Life,3,3149033,3149509
8851,41573,wikihow~68419,indomain,Cars & Other Vehicles,2,3149511,3149966
8852,41576,wikihow~68425,indomain,Food and Entertaining,1,3149968,3150479
8853,41577,wikihow~68426,zeroshot,Personal Care and Style,0,3150481,3150922
8854,41580,wikihow~68433,indomain,Food and Entertaining,3,3150924,3151389
8855,41583,wikihow~68439,zeroshot,Family Life,3,3151391,3151847
8856,41588,wikihow~68447,zeroshot,Family Life,3,3151849,3152301
8857,41590,wikihow~68452,zeroshot,Family Life,1,3152303,3152790
8858,41601,wikihow~68477,indomain,Relationships,3,3152792,3153455
8859,41603,wikihow~68483,indomain,Youth,0,3153457,3153956
8860,41618,wikihow~68509,indomain,Food and Entertaining,1,3153958,3154272
8861,41628,wikihow~68524,zeroshot,Personal Care and Style,1,3154274,3154648
8862,41637,wikihow~68535,zeroshot,Personal Care and Style,2,3154650,3155249
8863,41640,wikihow~68538,indomain,Computers and Electronics,1,3155251,3155736
8864,41642,wikihow~68541,indomain,Food and Entertaining,1,3155738,3156238
8865,41644,wikihow~68544,indomain,Finance and Business,0,3156240,3156665
8866,41648,wikihow~68551,zeroshot,Personal Care and Style,1,3156667,3157138
8867,41658,wikihow~68569,zeroshot,Family Life,3,3157140,3157570
8868,41663,wikihow~68580,zeroshot,Personal Care and Style,3,3157572,3158104
8869,41666,wikihow~68586,zeroshot,Personal Care and Style,1,3158106,3158651
8870,41674,wikihow~68598,indomain,Relationships,3,3158653,3158979
8871,41678,wikihow~68605,indomain,Education and Communications,3,3158981,3159529
8872,41679,wikihow~68606,indomain,Sports and Fitness,1,3159531,3159935
8873,41681,wikihow~68610,zeroshot,Personal Care and Style,0,3159937,3160313
8874,41682,wikihow~68611,zeroshot,Personal Care and Style,1,3160315,3160872
8875,41692,wikihow~68625,indomain,Computers and Electronics,3,3160874,3161270
8876,41698,wikihow~68633,indomain,Relationships,0,3161272,3161695
8877,41700,wikihow~68638,indomain,Home and Garden,1,3161697,3162192
8878,41701,wikihow~68639,indomain,Finance and Business,3,3162194,3162720
8879,41713,wikihow~68657,zeroshot,Personal Care and Style,2,3162722,3163276
8880,41715,wikihow~68660,indomain,Home and Garden,0,3163278,3163630
8881,41722,wikihow~68670,zeroshot,Personal Care and Style,0,3163632,3164041
8882,41727,wikihow~68679,indomain,Pets and Animals,1,3164043,3164409
8883,41734,wikihow~68693,zeroshot,Personal Care and Style,1,3164411,3164817
8884,41747,wikihow~68711,indomain,Computers and Electronics,2,3164819,3165255
8885,41748,wikihow~68713,indomain,Computers and Electronics,3,3165257,3165674
8886,41755,wikihow~68726,indomain,Sports and Fitness,1,3165676,3166173
8887,41760,wikihow~68734,zeroshot,Personal Care and Style,3,3166175,3166734
8888,41761,wikihow~68738,zeroshot,Personal Care and Style,2,3166736,3167176
8889,41772,wikihow~68753,zeroshot,Personal Care and Style,2,3167178,3167716
8890,41779,wikihow~68765,zeroshot,Family Life,0,3167718,3168126
8891,41790,wikihow~68781,indomain,Health,0,3168128,3168774
8892,41797,wikihow~68795,zeroshot,Personal Care and Style,3,3168776,3169179
8893,41810,wikihow~68815,indomain,Computers and Electronics,3,3169181,3169851
8894,41811,wikihow~68816,zeroshot,Personal Care and Style,2,3169853,3170270
8895,41825,wikihow~68840,indomain,Education and Communications,0,3170272,3170753
8896,41827,wikihow~68844,zeroshot,Personal Care and Style,3,3170755,3171192
8897,41828,wikihow~68846,zeroshot,Personal Care and Style,2,3171194,3171548
8898,41830,wikihow~68850,zeroshot,Personal Care and Style,1,3171550,3171902
8899,41831,wikihow~68852,zeroshot,Family Life,3,3171904,3172391
8900,41833,wikihow~68856,zeroshot,Personal Care and Style,3,3172393,3172794
8901,41844,wikihow~68875,indomain,Computers and Electronics,0,3172796,3173231
8902,41849,wikihow~68885,zeroshot,Personal Care and Style,2,3173233,3173750
8903,41874,wikihow~68923,indomain,Education and Communications,1,3173752,3174238
8904,41893,wikihow~68953,zeroshot,Personal Care and Style,2,3174240,3174753
8905,41902,wikihow~68971,zeroshot,Personal Care and Style,1,3174755,3175350
8906,41908,wikihow~68978,indomain,Pets and Animals,2,3175352,3175839
8907,41919,wikihow~68994,indomain,Food and Entertaining,2,3175841,3176227
8908,41920,wikihow~68995,zeroshot,Personal Care and Style,2,3176229,3176726
8909,41950,wikihow~69046,zeroshot,Family Life,2,3176728,3177228
8910,41952,wikihow~69049,zeroshot,Personal Care and Style,1,3177230,3177634
8911,41955,wikihow~69054,zeroshot,Family Life,0,3177636,3178086
8912,41969,wikihow~69074,zeroshot,Family Life,1,3178088,3178678
8913,41970,wikihow~69075,zeroshot,Family Life,1,3178680,3179110
8914,41972,wikihow~69079,zeroshot,Personal Care and Style,2,3179112,3179488
8915,41980,wikihow~69094,indomain,Home and Garden,0,3179490,3180019
8916,41981,wikihow~69095,zeroshot,Personal Care and Style,0,3180021,3180528
8917,41999,wikihow~69122,zeroshot,Personal Care and Style,3,3180530,3180970
8918,42005,wikihow~69131,zeroshot,Family Life,0,3180972,3181367
8919,42030,wikihow~69170,indomain,Pets and Animals,2,3181369,3181836
8920,42034,wikihow~69180,indomain,Computers and Electronics,2,3181838,3182205
8921,42045,wikihow~69197,zeroshot,Personal Care and Style,1,3182207,3182591
8922,42047,wikihow~69199,zeroshot,Personal Care and Style,1,3182593,3183108
8923,42048,wikihow~69201,indomain,Health,1,3183110,3183510
8924,42072,wikihow~69241,zeroshot,Family Life,0,3183512,3183995
8925,42073,wikihow~69242,zeroshot,Personal Care and Style,0,3183997,3184445
8926,42079,wikihow~69251,zeroshot,Personal Care and Style,1,3184447,3185027
8927,42092,wikihow~69270,indomain,Holidays and Traditions,1,3185029,3185522
8928,42099,wikihow~69277,zeroshot,Personal Care and Style,2,3185524,3186046
8929,42133,wikihow~69330,indomain,Food and Entertaining,0,3186048,3186485
8930,42136,wikihow~69335,indomain,Sports and Fitness,1,3186487,3186992
8931,42149,wikihow~69355,indomain,Home and Garden,2,3186994,3187424
8932,42165,wikihow~69376,zeroshot,Personal Care and Style,2,3187426,3187919
8933,42169,wikihow~69383,zeroshot,Family Life,0,3187921,3188337
8934,42175,wikihow~69391,indomain,Food and Entertaining,2,3188339,3188787
8935,42181,wikihow~69400,indomain,Health,1,3188789,3189201
8936,42182,wikihow~69401,indomain,Food and Entertaining,3,3189203,3189652
8937,42188,wikihow~69407,indomain,Pets and Animals,2,3189654,3190259
8938,42189,wikihow~69410,indomain,Home and Garden,2,3190261,3190804
8939,42200,wikihow~69425,indomain,Computers and Electronics,2,3190806,3191267
8940,42205,wikihow~69432,indomain,Youth,2,3191269,3191805
8941,42207,wikihow~69436,zeroshot,Personal Care and Style,1,3191807,3192333
8942,42211,wikihow~69441,indomain,Computers and Electronics,1,3192335,3192773
8943,42216,wikihow~69447,zeroshot,Family Life,0,3192775,3193280
8944,42224,wikihow~69461,zeroshot,Personal Care and Style,0,3193282,3193789
8945,42226,wikihow~69463,zeroshot,Personal Care and Style,2,3193791,3194256
8946,42247,wikihow~69494,zeroshot,Personal Care and Style,1,3194258,3194706
8947,42251,wikihow~69498,zeroshot,Personal Care and Style,0,3194708,3195086
8948,42262,wikihow~69516,indomain,Relationships,3,3195088,3195635
8949,42263,wikihow~69519,zeroshot,Personal Care and Style,3,3195637,3196077
8950,42270,wikihow~69530,zeroshot,Personal Care and Style,3,3196079,3196475
8951,42271,wikihow~69531,indomain,Home and Garden,2,3196477,3196930
8952,42280,wikihow~69546,zeroshot,Personal Care and Style,1,3196932,3197354
8953,42286,wikihow~69557,indomain,Computers and Electronics,3,3197356,3197694
8954,42288,wikihow~69560,zeroshot,Personal Care and Style,0,3197696,3198092
8955,42293,wikihow~69565,zeroshot,Personal Care and Style,2,3198094,3198515
8956,42297,wikihow~69570,zeroshot,Family Life,3,3198517,3199065
8957,42304,wikihow~69577,indomain,Education and Communications,0,3199067,3199540
8958,42306,wikihow~69579,indomain,Pets and Animals,1,3199542,3199947
8959,42307,wikihow~69580,indomain,Food and Entertaining,1,3199949,3200377
8960,42318,wikihow~69597,indomain,Finance and Business,2,3200379,3200844
8961,42319,wikihow~69598,indomain,Home and Garden,2,3200846,3201385
8962,42324,wikihow~69603,indomain,Computers and Electronics,0,3201387,3201884
8963,42325,wikihow~69606,indomain,Food and Entertaining,0,3201886,3202254
8964,42326,wikihow~69608,indomain,Computers and Electronics,0,3202256,3202654
8965,42336,wikihow~69629,zeroshot,Personal Care and Style,0,3202656,3203219
8966,42339,wikihow~69638,indomain,Computers and Electronics,1,3203221,3203635
8967,42342,wikihow~69643,indomain,Pets and Animals,0,3203637,3204168
8968,42344,wikihow~69647,indomain,Finance and Business,1,3204170,3204684
8969,42358,wikihow~69676,indomain,Home and Garden,3,3204686,3205221
8970,42364,wikihow~69687,zeroshot,Family Life,1,3205223,3205641
8971,42365,wikihow~69689,indomain,Food and Entertaining,1,3205643,3206215
8972,42370,wikihow~69700,indomain,Finance and Business,0,3206217,3206641
8973,42372,wikihow~69702,indomain,Finance and Business,1,3206643,3207175
8974,42378,wikihow~69713,indomain,Home and Garden,3,3207177,3207612
8975,42379,wikihow~69714,zeroshot,Family Life,0,3207614,3208031
8976,42392,wikihow~69730,indomain,Health,3,3208033,3208508
8977,42397,wikihow~69737,indomain,Food and Entertaining,1,3208510,3209007
8978,42401,wikihow~69744,indomain,Finance and Business,2,3209009,3209545
8979,42405,wikihow~69749,zeroshot,Personal Care and Style,2,3209547,3209995
8980,42413,wikihow~69766,indomain,Relationships,0,3209997,3210485
8981,42425,wikihow~69782,zeroshot,Personal Care and Style,2,3210487,3210953
8982,42442,wikihow~69808,indomain,Education and Communications,1,3210955,3211268
8983,42446,wikihow~69815,zeroshot,Personal Care and Style,3,3211270,3211745
8984,42447,wikihow~69816,indomain,Computers and Electronics,2,3211747,3212210
8985,42451,wikihow~69827,indomain,Health,0,3212212,3212710
8986,42455,wikihow~69836,zeroshot,Personal Care and Style,0,3212712,3213074
8987,42461,wikihow~69843,indomain,Health,0,3213076,3213561
8988,42468,wikihow~69853,indomain,Sports and Fitness,2,3213563,3214029
8989,42476,wikihow~69866,zeroshot,Family Life,0,3214031,3214606
8990,42486,wikihow~69880,indomain,Computers and Electronics,3,3214608,3214989
8991,42488,wikihow~69882,zeroshot,Personal Care and Style,0,3214991,3215385
8992,42491,wikihow~69890,indomain,Home and Garden,3,3215387,3215821
8993,42518,wikihow~69937,indomain,Health,0,3215823,3216319
8994,42525,wikihow~69946,indomain,Food and Entertaining,0,3216321,3216707
8995,42532,wikihow~69958,zeroshot,Personal Care and Style,0,3216709,3217166
8996,42540,wikihow~69970,indomain,Finance and Business,1,3217168,3217679
8997,42556,wikihow~69998,indomain,Education and Communications,1,3217681,3218254
8998,42565,wikihow~70015,indomain,Youth,2,3218256,3218737
8999,42579,wikihow~70039,indomain,Relationships,3,3218739,3219202
9000,42581,wikihow~70041,zeroshot,Personal Care and Style,2,3219204,3219607
9001,42584,wikihow~70044,zeroshot,Personal Care and Style,2,3219609,3220092
9002,42599,wikihow~70070,zeroshot,Personal Care and Style,2,3220094,3220549
9003,42600,wikihow~70071,zeroshot,Personal Care and Style,0,3220551,3220962
9004,42607,wikihow~70084,zeroshot,Personal Care and Style,0,3220964,3221489
9005,42611,wikihow~70088,zeroshot,Personal Care and Style,3,3221491,3221924
9006,42617,wikihow~70095,indomain,Health,3,3221926,3222388
9007,42636,wikihow~70124,indomain,Sports and Fitness,3,3222390,3222864
9008,42648,wikihow~70139,zeroshot,Personal Care and Style,1,3222866,3223195
9009,42651,wikihow~70142,zeroshot,Personal Care and Style,0,3223197,3223670
9010,42654,wikihow~70147,indomain,Health,0,3223672,3224066
9011,42655,wikihow~70149,indomain,Finance and Business,3,3224068,3224729
9012,42663,wikihow~70160,indomain,Food and Entertaining,1,3224731,3225261
9013,42668,wikihow~70168,indomain,Education and Communications,1,3225263,3225795
9014,42672,wikihow~70173,indomain,Food and Entertaining,0,3225797,3226325
9015,42683,wikihow~70190,indomain,Finance and Business,0,3226327,3226798
9016,42687,wikihow~70196,indomain,Youth,3,3226800,3227264
9017,42695,wikihow~70209,indomain,Health,1,3227266,3227868
9018,42697,wikihow~70211,zeroshot,Personal Care and Style,1,3227870,3228333
9019,42698,wikihow~70212,indomain,Finance and Business,2,3228335,3229012
9020,42712,wikihow~70238,indomain,Food and Entertaining,1,3229014,3229614
9021,42734,wikihow~70279,zeroshot,Personal Care and Style,3,3229616,3229976
9022,42740,wikihow~70290,zeroshot,Personal Care and Style,0,3229978,3230426
9023,42741,wikihow~70291,indomain,Health,1,3230428,3230947
9024,42749,wikihow~70302,indomain,Finance and Business,0,3230949,3231498
9025,42754,wikihow~70316,zeroshot,Personal Care and Style,2,3231500,3231909
9026,42756,wikihow~70324,zeroshot,Personal Care and Style,3,3231911,3232344
9027,42765,wikihow~70337,indomain,Food and Entertaining,0,3232346,3232842
9028,42766,wikihow~70340,zeroshot,Personal Care and Style,2,3232844,3233381
9029,42770,wikihow~70344,zeroshot,Family Life,1,3233383,3233836
9030,42772,wikihow~70346,zeroshot,Personal Care and Style,3,3233838,3234345
9031,42777,wikihow~70355,zeroshot,Personal Care and Style,2,3234347,3234860
9032,42802,wikihow~70396,indomain,Food and Entertaining,1,3234862,3235380
9033,42805,wikihow~70402,zeroshot,Family Life,3,3235382,3235778
9034,42824,wikihow~70434,indomain,Pets and Animals,0,3235780,3236220
9035,42830,wikihow~70447,zeroshot,Personal Care and Style,3,3236222,3236578
9036,42852,wikihow~70488,zeroshot,Personal Care and Style,2,3236580,3237048
9037,42853,wikihow~70492,indomain,Home and Garden,2,3237050,3237533
9038,42869,wikihow~70516,zeroshot,Personal Care and Style,1,3237535,3238087
9039,42870,wikihow~70519,zeroshot,Personal Care and Style,3,3238089,3238617
9040,42873,wikihow~70524,indomain,Home and Garden,0,3238619,3239056
9041,42899,wikihow~70570,zeroshot,Personal Care and Style,2,3239058,3239494
9042,42900,wikihow~70572,zeroshot,Personal Care and Style,3,3239496,3239971
9043,42906,wikihow~70585,indomain,Computers and Electronics,2,3239973,3240448
9044,42911,wikihow~70594,zeroshot,Personal Care and Style,1,3240450,3240763
9045,42916,wikihow~70609,zeroshot,Personal Care and Style,2,3240765,3241171
9046,42923,wikihow~70621,zeroshot,Personal Care and Style,1,3241173,3241512
9047,42929,wikihow~70628,indomain,Education and Communications,3,3241514,3242004
9048,42936,wikihow~70641,indomain,Computers and Electronics,2,3242006,3242500
9049,42938,wikihow~70643,zeroshot,Personal Care and Style,3,3242502,3242955
9050,42939,wikihow~70645,zeroshot,Personal Care and Style,0,3242957,3243301
9051,42942,wikihow~70649,indomain,Home and Garden,2,3243303,3243686
9052,42945,wikihow~70655,zeroshot,Personal Care and Style,3,3243688,3244060
9053,42967,wikihow~70698,indomain,Health,1,3244062,3244379
9054,42973,wikihow~70710,indomain,Education and Communications,0,3244381,3244803
9055,42981,wikihow~70724,indomain,Youth,3,3244805,3245340
9056,42983,wikihow~70729,zeroshot,Personal Care and Style,1,3245342,3245699
9057,42988,wikihow~70739,zeroshot,Personal Care and Style,0,3245701,3246076
9058,43010,wikihow~70775,zeroshot,Personal Care and Style,3,3246078,3246421
9059,43012,wikihow~70778,indomain,Computers and Electronics,2,3246423,3246892
9060,43014,wikihow~70781,indomain,Pets and Animals,3,3246894,3247373
9061,43024,wikihow~70799,zeroshot,Personal Care and Style,0,3247375,3247770
9062,43035,wikihow~70821,zeroshot,Personal Care and Style,2,3247772,3248159
9063,43044,wikihow~70835,indomain,Home and Garden,3,3248161,3248525
9064,43050,wikihow~70854,indomain,Computers and Electronics,2,3248527,3248974
9065,43053,wikihow~70859,zeroshot,Family Life,0,3248976,3249455
9066,43055,wikihow~70861,indomain,Food and Entertaining,1,3249457,3249894
9067,43065,wikihow~70878,zeroshot,Personal Care and Style,3,3249896,3250417
9068,43070,wikihow~70888,indomain,Computers and Electronics,0,3250419,3250897
9069,43073,wikihow~70891,indomain,Health,1,3250899,3251356
9070,43074,wikihow~70893,indomain,Computers and Electronics,2,3251358,3251860
9071,43085,wikihow~70910,indomain,Education and Communications,0,3251862,3252355
9072,43095,wikihow~70926,indomain,Food and Entertaining,3,3252357,3252820
9073,43096,wikihow~70928,indomain,Food and Entertaining,1,3252822,3253358
9074,43100,wikihow~70934,zeroshot,Personal Care and Style,0,3253360,3253780
9075,43103,wikihow~70937,zeroshot,Personal Care and Style,0,3253782,3254338
9076,43104,wikihow~70938,zeroshot,Personal Care and Style,2,3254340,3254785
9077,43112,wikihow~70951,zeroshot,Family Life,3,3254787,3255129
9078,43113,wikihow~70952,indomain,Education and Communications,1,3255131,3255572
9079,43131,wikihow~70984,zeroshot,Personal Care and Style,0,3255574,3256074
9080,43140,wikihow~70997,zeroshot,Family Life,2,3256076,3256629
9081,43165,wikihow~71037,indomain,Relationships,2,3256631,3257062
9082,43174,wikihow~71054,indomain,Food and Entertaining,0,3257064,3257566
9083,43193,wikihow~71086,zeroshot,Family Life,0,3257568,3258136
9084,43196,wikihow~71091,zeroshot,Personal Care and Style,0,3258138,3258479
9085,43204,wikihow~71105,zeroshot,Family Life,3,3258481,3259034
9086,43207,wikihow~71111,indomain,Computers and Electronics,0,3259036,3259471
9087,43216,wikihow~71128,indomain,Computers and Electronics,1,3259473,3259926
9088,43218,wikihow~71130,indomain,Food and Entertaining,0,3259928,3260317
9089,43223,wikihow~71140,zeroshot,Personal Care and Style,1,3260319,3260634
9090,43230,wikihow~71152,indomain,Relationships,3,3260636,3261032
9091,43246,wikihow~71187,zeroshot,Personal Care and Style,3,3261034,3261504
9092,43250,wikihow~71191,zeroshot,Personal Care and Style,1,3261506,3261825
9093,43269,wikihow~71219,indomain,Food and Entertaining,3,3261827,3262300
9094,43274,wikihow~71225,zeroshot,Personal Care and Style,0,3262302,3262812
9095,43277,wikihow~71228,zeroshot,Personal Care and Style,1,3262814,3263261
9096,43278,wikihow~71229,indomain,Computers and Electronics,2,3263263,3263660
9097,43282,wikihow~71237,indomain,Computers and Electronics,3,3263662,3264077
9098,43297,wikihow~71259,indomain,Computers and Electronics,1,3264079,3264484
9099,43303,wikihow~71266,zeroshot,Personal Care and Style,0,3264486,3264841
9100,43311,wikihow~71278,indomain,Computers and Electronics,2,3264843,3265272
9101,43317,wikihow~71285,indomain,Education and Communications,1,3265274,3265659
9102,43320,wikihow~71291,indomain,Finance and Business,1,3265661,3266180
9103,43337,wikihow~71325,zeroshot,Personal Care and Style,2,3266182,3266660
9104,43354,wikihow~71353,zeroshot,Family Life,1,3266662,3267151
9105,43358,wikihow~71358,zeroshot,Personal Care and Style,2,3267153,3267602
9106,43369,wikihow~71372,indomain,Home and Garden,0,3267604,3268167
9107,43404,wikihow~71429,indomain,Health,0,3268169,3268732
9108,43407,wikihow~71432,zeroshot,Personal Care and Style,0,3268734,3269247
9109,43419,wikihow~71448,zeroshot,Personal Care and Style,1,3269249,3269679
9110,43424,wikihow~71459,zeroshot,Personal Care and Style,1,3269681,3270179
9111,43429,wikihow~71467,zeroshot,Family Life,2,3270181,3270805
9112,43435,wikihow~71481,zeroshot,Personal Care and Style,3,3270807,3271228
9113,43437,wikihow~71483,indomain,Food and Entertaining,1,3271230,3271709
9114,43443,wikihow~71492,indomain,Home and Garden,3,3271711,3272120
9115,43448,wikihow~71501,indomain,Health,0,3272122,3272585
9116,43449,wikihow~71502,indomain,Relationships,0,3272587,3273045
9117,43457,wikihow~71513,zeroshot,Family Life,0,3273047,3273586
9118,43458,wikihow~71516,zeroshot,Personal Care and Style,3,3273588,3273957
9119,43465,wikihow~71530,indomain,Computers and Electronics,1,3273959,3274524
9120,43467,wikihow~71534,zeroshot,Personal Care and Style,1,3274526,3274993
9121,43469,wikihow~71540,zeroshot,Family Life,3,3274995,3275452
9122,43485,wikihow~71573,zeroshot,Personal Care and Style,0,3275454,3275795
9123,43488,wikihow~71580,indomain,Food and Entertaining,2,3275797,3276310
9124,43491,wikihow~71589,indomain,Health,0,3276312,3276855
9125,43498,wikihow~71600,zeroshot,Personal Care and Style,0,3276857,3277366
9126,43502,wikihow~71604,indomain,Computers and Electronics,0,3277368,3277813
9127,43508,wikihow~71612,indomain,Pets and Animals,3,3277815,3278327
9128,43512,wikihow~71618,zeroshot,Family Life,2,3278329,3278844
9129,43517,wikihow~71624,zeroshot,Family Life,2,3278846,3279323
9130,43528,wikihow~71640,zeroshot,Personal Care and Style,0,3279325,3279665
9131,43540,wikihow~71659,indomain,Food and Entertaining,0,3279667,3280123
9132,43546,wikihow~71667,indomain,Sports and Fitness,0,3280125,3280511
9133,43551,wikihow~71675,zeroshot,Personal Care and Style,2,3280513,3280915
9134,43556,wikihow~71681,indomain,Computers and Electronics,2,3280917,3281375
9135,43575,wikihow~71717,zeroshot,Personal Care and Style,3,3281377,3281906
9136,43583,wikihow~71731,indomain,Relationships,2,3281908,3282363
9137,43600,wikihow~71761,zeroshot,Family Life,0,3282365,3282865
9138,43603,wikihow~71764,zeroshot,Family Life,1,3282867,3283443
9139,43611,wikihow~71781,zeroshot,Personal Care and Style,2,3283445,3283785
9140,43617,wikihow~71792,zeroshot,Family Life,1,3283787,3284210
9141,43619,wikihow~71795,zeroshot,Family Life,2,3284212,3284804
9142,43621,wikihow~71800,indomain,Food and Entertaining,3,3284806,3285375
9143,43627,wikihow~71810,zeroshot,Personal Care and Style,0,3285377,3285838
9144,43630,wikihow~71814,zeroshot,Personal Care and Style,3,3285840,3286210
9145,43631,wikihow~71815,indomain,Computers and Electronics,2,3286212,3286627
9146,43632,wikihow~71816,zeroshot,Personal Care and Style,2,3286629,3287163
9147,43633,wikihow~71817,indomain,Relationships,2,3287165,3287715
9148,43635,wikihow~71821,indomain,Home and Garden,0,3287717,3288207
9149,43637,wikihow~71825,indomain,Health,2,3288209,3288628
9150,43642,wikihow~71833,indomain,Pets and Animals,0,3288630,3289118
9151,43647,wikihow~71842,indomain,Computers and Electronics,2,3289120,3289675
9152,43663,wikihow~71868,zeroshot,Family Life,1,3289677,3290169
9153,43668,wikihow~71873,indomain,Home and Garden,1,3290171,3290622
9154,43680,wikihow~71890,indomain,Sports and Fitness,0,3290624,3291107
9155,43701,wikihow~71927,zeroshot,Personal Care and Style,2,3291109,3291589
9156,43705,wikihow~71935,indomain,Pets and Animals,0,3291591,3292077
9157,43708,wikihow~71940,indomain,Home and Garden,2,3292079,3292609
9158,43713,wikihow~71952,indomain,Computers and Electronics,1,3292611,3293071
9159,43717,wikihow~71960,zeroshot,Family Life,3,3293073,3293602
9160,43718,wikihow~71961,zeroshot,Personal Care and Style,1,3293604,3294101
9161,43725,wikihow~71969,indomain,Education and Communications,1,3294103,3294540
9162,43728,wikihow~71975,zeroshot,Personal Care and Style,0,3294542,3294853
9163,43732,wikihow~71982,indomain,Computers and Electronics,3,3294855,3295272
9164,43737,wikihow~71990,indomain,Food and Entertaining,2,3295274,3295950
9165,43750,wikihow~72011,zeroshot,Personal Care and Style,3,3295952,3296419
9166,43752,wikihow~72013,zeroshot,Personal Care and Style,1,3296421,3296896
9167,43753,wikihow~72014,zeroshot,Family Life,3,3296898,3297469
9168,43763,wikihow~72033,zeroshot,Personal Care and Style,2,3297471,3297829
9169,43764,wikihow~72036,zeroshot,Family Life,2,3297831,3298313
9170,43776,wikihow~72055,indomain,Food and Entertaining,0,3298315,3298612
9171,43785,wikihow~72071,indomain,Finance and Business,2,3298614,3299159
9172,43787,wikihow~72073,zeroshot,Personal Care and Style,3,3299161,3299568
9173,43792,wikihow~72081,indomain,Relationships,0,3299570,3299956
9174,43802,wikihow~72094,indomain,Home and Garden,2,3299958,3300541
9175,43808,wikihow~72107,indomain,Food and Entertaining,0,3300543,3301079
9176,43811,wikihow~72114,zeroshot,Personal Care and Style,1,3301081,3301582
9177,43836,wikihow~72152,zeroshot,Family Life,0,3301584,3302146
9178,43842,wikihow~72160,zeroshot,Personal Care and Style,0,3302148,3302683
9179,43844,wikihow~72162,indomain,Computers and Electronics,0,3302685,3303102
9180,43845,wikihow~72163,zeroshot,Family Life,2,3303104,3303579
9181,43849,wikihow~72173,zeroshot,Personal Care and Style,0,3303581,3304012
9182,43867,wikihow~72203,zeroshot,Personal Care and Style,2,3304014,3304369
9183,43868,wikihow~72204,zeroshot,Family Life,1,3304371,3304785
9184,43870,wikihow~72209,zeroshot,Family Life,3,3304787,3305167
9185,43889,wikihow~72244,indomain,Home and Garden,0,3305169,3305681
9186,43899,wikihow~72258,indomain,Food and Entertaining,3,3305683,3306077
9187,43932,wikihow~72311,indomain,Travel,2,3306079,3306510
9188,43933,wikihow~72312,indomain,Finance and Business,0,3306512,3306910
9189,43950,wikihow~72346,zeroshot,Family Life,0,3306912,3307560
9190,43955,wikihow~72351,zeroshot,Personal Care and Style,2,3307562,3308075
9191,43957,wikihow~72357,indomain,Health,0,3308077,3308634
9192,43969,wikihow~72376,indomain,Health,2,3308636,3309209
9193,43974,wikihow~72381,zeroshot,Family Life,0,3309211,3309665
9194,43975,wikihow~72382,indomain,Pets and Animals,0,3309667,3310051
9195,43998,wikihow~72419,zeroshot,Personal Care and Style,3,3310053,3310435
9196,44013,wikihow~72454,zeroshot,Personal Care and Style,3,3310437,3310856
9197,44021,wikihow~72464,zeroshot,Personal Care and Style,1,3310858,3311311
9198,44030,wikihow~72478,indomain,Home and Garden,1,3311313,3311702
9199,44033,wikihow~72483,indomain,Education and Communications,2,3311704,3312206
9200,44041,wikihow~72497,zeroshot,Personal Care and Style,0,3312208,3312829
9201,44043,wikihow~72499,indomain,Food and Entertaining,0,3312831,3313377
9202,44044,wikihow~72500,zeroshot,Personal Care and Style,0,3313379,3313869
9203,44046,wikihow~72502,indomain,Finance and Business,1,3313871,3314354
9204,44049,wikihow~72506,zeroshot,Personal Care and Style,2,3314356,3314857
9205,44055,wikihow~72517,zeroshot,Family Life,0,3314859,3315251
9206,44062,wikihow~72533,zeroshot,Personal Care and Style,0,3315253,3315580
9207,44067,wikihow~72546,indomain,Computers and Electronics,3,3315582,3316019
9208,44082,wikihow~72568,zeroshot,Personal Care and Style,3,3316021,3316431
9209,44090,wikihow~72579,indomain,Education and Communications,1,3316433,3316922
9210,44093,wikihow~72582,zeroshot,Family Life,3,3316924,3317334
9211,44095,wikihow~72585,indomain,Computers and Electronics,3,3317336,3317773
9212,44101,wikihow~72594,zeroshot,Personal Care and Style,0,3317775,3318254
9213,44102,wikihow~72595,zeroshot,Personal Care and Style,2,3318256,3318736
9214,44115,wikihow~72613,zeroshot,Personal Care and Style,2,3318738,3319169
9215,44118,wikihow~72617,zeroshot,Personal Care and Style,3,3319171,3319662
9216,44119,wikihow~72619,indomain,Travel,2,3319664,3320208
9217,44143,wikihow~72667,indomain,Food and Entertaining,2,3320210,3320698
9218,44144,wikihow~72668,indomain,Home and Garden,2,3320700,3321143
9219,44149,wikihow~72676,indomain,Cars & Other Vehicles,0,3321145,3321720
9220,44167,wikihow~72706,indomain,Home and Garden,2,3321722,3322239
9221,44174,wikihow~72723,indomain,Computers and Electronics,2,3322241,3322680
9222,44180,wikihow~72735,zeroshot,Personal Care and Style,0,3322682,3323136
9223,44186,wikihow~72743,zeroshot,Family Life,2,3323138,3323656
9224,44187,wikihow~72744,zeroshot,Family Life,0,3323658,3324123
9225,44198,wikihow~72771,indomain,Health,0,3324125,3324777
9226,44208,wikihow~72782,zeroshot,Personal Care and Style,0,3324779,3325200
9227,44218,wikihow~72800,zeroshot,Family Life,2,3325202,3325860
9228,44225,wikihow~72816,zeroshot,Family Life,3,3325862,3326383
9229,44236,wikihow~72836,zeroshot,Personal Care and Style,2,3326385,3326818
9230,44247,wikihow~72859,zeroshot,Personal Care and Style,1,3326820,3327307
9231,44248,wikihow~72861,zeroshot,Personal Care and Style,0,3327309,3327778
9232,44251,wikihow~72864,zeroshot,Personal Care and Style,2,3327780,3328290
9233,44254,wikihow~72869,zeroshot,Family Life,2,3328292,3328715
9234,44265,wikihow~72887,indomain,Computers and Electronics,3,3328717,3329075
9235,44271,wikihow~72897,zeroshot,Personal Care and Style,3,3329077,3329406
9236,44278,wikihow~72910,indomain,Computers and Electronics,2,3329408,3329912
9237,44303,wikihow~72950,indomain,Travel,3,3329914,3330477
9238,44304,wikihow~72951,indomain,Finance and Business,2,3330479,3331092
9239,44322,wikihow~72983,zeroshot,Family Life,3,3331094,3331662
9240,44327,wikihow~72993,indomain,Pets and Animals,0,3331664,3332125
9241,44345,wikihow~73020,indomain,Health,3,3332127,3332734
9242,44351,wikihow~73026,zeroshot,Personal Care and Style,3,3332736,3333115
9243,44353,wikihow~73028,indomain,Education and Communications,1,3333117,3333604
9244,44356,wikihow~73033,zeroshot,Family Life,0,3333606,3333954
9245,44371,wikihow~73053,indomain,Education and Communications,3,3333956,3334360
9246,44384,wikihow~73079,indomain,Sports and Fitness,1,3334362,3334738
9247,44386,wikihow~73081,indomain,Health,0,3334740,3335267
9248,44399,wikihow~73099,indomain,Travel,2,3335269,3335749
9249,44405,wikihow~73115,indomain,Computers and Electronics,1,3335751,3336140
9250,44408,wikihow~73119,zeroshot,Personal Care and Style,2,3336142,3336625
9251,44419,wikihow~73135,indomain,Sports and Fitness,0,3336627,3337126
9252,44428,wikihow~73155,indomain,Relationships,1,3337128,3337373
9253,44430,wikihow~73159,zeroshot,Family Life,3,3337375,3337851
9254,44435,wikihow~73167,zeroshot,Personal Care and Style,3,3337853,3338346
9255,44436,wikihow~73169,zeroshot,Personal Care and Style,3,3338348,3338772
9256,44439,wikihow~73173,indomain,Travel,0,3338774,3339226
9257,44444,wikihow~73179,indomain,Home and Garden,1,3339228,3339551
9258,44448,wikihow~73184,zeroshot,Personal Care and Style,1,3339553,3339981
9259,44463,wikihow~73208,indomain,Home and Garden,1,3339983,3340448
9260,44482,wikihow~73236,zeroshot,Personal Care and Style,0,3340450,3340810
9261,44489,wikihow~73245,zeroshot,Personal Care and Style,0,3340812,3341387
9262,44490,wikihow~73246,indomain,Health,2,3341389,3341896
9263,44500,wikihow~73258,zeroshot,Personal Care and Style,2,3341898,3342579
9264,44507,wikihow~73269,indomain,Health,1,3342581,3343100
9265,44515,wikihow~73288,indomain,Finance and Business,1,3343102,3343423
9266,44535,wikihow~73326,indomain,Home and Garden,3,3343425,3343990
9267,44552,wikihow~73351,indomain,Youth,2,3343992,3344458
9268,44557,wikihow~73361,indomain,Computers and Electronics,2,3344460,3344813
9269,44565,wikihow~73376,zeroshot,Family Life,1,3344815,3345361
9270,44573,wikihow~73389,zeroshot,Family Life,0,3345363,3345849
9271,44588,wikihow~73416,indomain,Finance and Business,1,3345851,3346348
9272,44589,wikihow~73418,indomain,Youth,1,3346350,3346789
9273,44591,wikihow~73420,indomain,Food and Entertaining,1,3346791,3347211
9274,44597,wikihow~73428,indomain,Computers and Electronics,3,3347213,3347688
9275,44622,wikihow~73465,indomain,Health,2,3347690,3348214
9276,44647,wikihow~73502,zeroshot,Personal Care and Style,1,3348216,3348684
9277,44654,wikihow~73517,zeroshot,Personal Care and Style,3,3348686,3349041
9278,44658,wikihow~73523,indomain,Computers and Electronics,3,3349043,3349592
9279,44667,wikihow~73537,zeroshot,Family Life,2,3349594,3350080
9280,44668,wikihow~73539,zeroshot,Personal Care and Style,2,3350082,3350471
9281,44669,wikihow~73542,zeroshot,Personal Care and Style,2,3350473,3350939
9282,44675,wikihow~73553,indomain,Pets and Animals,3,3350941,3351517
9283,44676,wikihow~73556,zeroshot,Family Life,2,3351519,3351971
9284,44688,wikihow~73577,zeroshot,Personal Care and Style,0,3351973,3352486
9285,44698,wikihow~73597,indomain,Finance and Business,0,3352488,3352908
9286,44709,wikihow~73613,indomain,Food and Entertaining,0,3352910,3353354
9287,44711,wikihow~73615,indomain,Youth,2,3353356,3353803
9288,44732,wikihow~73651,indomain,Food and Entertaining,1,3353805,3354240
9289,44733,wikihow~73652,indomain,Finance and Business,2,3354242,3354758
9290,44735,wikihow~73654,zeroshot,Family Life,0,3354760,3355224
9291,44740,wikihow~73659,zeroshot,Personal Care and Style,1,3355226,3355627
9292,44754,wikihow~73676,indomain,Home and Garden,2,3355629,3355971
9293,44755,wikihow~73677,indomain,Health,0,3355973,3356416
9294,44762,wikihow~73687,indomain,Computers and Electronics,0,3356418,3357012
9295,44774,wikihow~73707,indomain,Finance and Business,3,3357014,3357510
9296,44796,wikihow~73743,indomain,Food and Entertaining,3,3357512,3357981
9297,44805,wikihow~73756,zeroshot,Personal Care and Style,3,3357983,3358403
9298,44808,wikihow~73761,indomain,Health,3,3358405,3358791
9299,44816,wikihow~73769,zeroshot,Personal Care and Style,2,3358793,3359257
9300,44818,wikihow~73771,indomain,Food and Entertaining,3,3359259,3359720
9301,44831,wikihow~73800,zeroshot,Personal Care and Style,0,3359722,3360096
9302,44832,wikihow~73803,zeroshot,Personal Care and Style,2,3360098,3360587
9303,44837,wikihow~73810,zeroshot,Personal Care and Style,1,3360589,3361060
9304,44843,wikihow~73817,indomain,Pets and Animals,1,3361062,3361560
9305,44844,wikihow~73818,indomain,Youth,1,3361562,3362022
9306,44846,wikihow~73820,zeroshot,Personal Care and Style,3,3362024,3362391
9307,44857,wikihow~73838,zeroshot,Personal Care and Style,1,3362393,3362897
9308,44862,wikihow~73848,indomain,Home and Garden,3,3362899,3363516
9309,44864,wikihow~73854,indomain,Health,2,3363518,3363940
9310,44871,wikihow~73862,indomain,Work World,2,3363942,3364332
9311,44890,wikihow~73893,indomain,Home and Garden,0,3364334,3364780
9312,44894,wikihow~73898,zeroshot,Personal Care and Style,3,3364782,3365221
9313,44914,wikihow~73933,zeroshot,Personal Care and Style,3,3365223,3365726
9314,44919,wikihow~73943,indomain,Computers and Electronics,1,3365728,3366265
9315,44927,wikihow~73955,zeroshot,Personal Care and Style,1,3366267,3366721
9316,44931,wikihow~73959,zeroshot,Personal Care and Style,0,3366723,3367259
9317,44932,wikihow~73961,indomain,Youth,2,3367261,3367776
9318,44938,wikihow~73971,zeroshot,Personal Care and Style,0,3367778,3368276
9319,44943,wikihow~73977,indomain,Health,1,3368278,3368702
9320,44944,wikihow~73978,indomain,Computers and Electronics,0,3368704,3369046
9321,44956,wikihow~73999,zeroshot,Family Life,3,3369048,3369443
9322,44962,wikihow~74008,indomain,Pets and Animals,2,3369445,3369861
9323,44966,wikihow~74015,indomain,Pets and Animals,0,3369863,3370290
9324,44982,wikihow~74038,indomain,Pets and Animals,2,3370292,3370873
9325,44985,wikihow~74044,indomain,Health,2,3370875,3371450
9326,44987,wikihow~74046,indomain,Pets and Animals,3,3371452,3372007
9327,44988,wikihow~74047,zeroshot,Personal Care and Style,1,3372009,3372397
9328,44996,wikihow~74059,zeroshot,Personal Care and Style,0,3372399,3372839
9329,44998,wikihow~74062,zeroshot,Personal Care and Style,0,3372841,3373325
9330,45007,wikihow~74075,indomain,Home and Garden,2,3373327,3373825
9331,45010,wikihow~74081,zeroshot,Personal Care and Style,1,3373827,3374272
9332,45021,wikihow~74101,zeroshot,Personal Care and Style,3,3374274,3374796
9333,45022,wikihow~74102,indomain,Home and Garden,3,3374798,3375359
9334,45026,wikihow~74107,zeroshot,Personal Care and Style,3,3375361,3375774
9335,45027,wikihow~74108,indomain,Computers and Electronics,0,3375776,3376281
9336,45031,wikihow~74118,zeroshot,Personal Care and Style,0,3376283,3376644
9337,45032,wikihow~74119,indomain,Food and Entertaining,0,3376646,3377146
9338,45037,wikihow~74131,indomain,Education and Communications,0,3377148,3377617
9339,45043,wikihow~74140,indomain,Food and Entertaining,2,3377619,3378075
9340,45048,wikihow~74150,indomain,Pets and Animals,3,3378077,3378471
9341,45063,wikihow~74173,zeroshot,Personal Care and Style,3,3378473,3378944
9342,45066,wikihow~74177,indomain,Computers and Electronics,1,3378946,3379361
9343,45067,wikihow~74179,indomain,Philosophy and Religion,2,3379363,3379858
9344,45072,wikihow~74186,zeroshot,Personal Care and Style,1,3379860,3380348
9345,45099,wikihow~74229,indomain,Food and Entertaining,1,3380350,3380794
9346,45100,wikihow~74231,indomain,Youth,0,3380796,3381326
9347,45105,wikihow~74237,indomain,Work World,3,3381328,3381860
9348,45107,wikihow~74242,indomain,Pets and Animals,0,3381862,3382286
9349,45113,wikihow~74256,indomain,Computers and Electronics,3,3382288,3382795
9350,45129,wikihow~74288,indomain,Food and Entertaining,0,3382797,3383283
9351,45149,wikihow~74330,zeroshot,Personal Care and Style,1,3383285,3383824
9352,45153,wikihow~74336,indomain,Home and Garden,2,3383826,3384188
9353,45158,wikihow~74343,zeroshot,Personal Care and Style,1,3384190,3384606
9354,45167,wikihow~74359,indomain,Health,0,3384608,3385057
9355,45174,wikihow~74367,indomain,Pets and Animals,3,3385059,3385465
9356,45178,wikihow~74375,indomain,Pets and Animals,1,3385467,3385977
9357,45185,wikihow~74382,zeroshot,Personal Care and Style,2,3385979,3386445
9358,45191,wikihow~74393,indomain,Health,0,3386447,3386797
9359,45203,wikihow~74416,zeroshot,Personal Care and Style,0,3386799,3387147
9360,45204,wikihow~74418,zeroshot,Personal Care and Style,1,3387149,3387635
9361,45216,wikihow~74435,indomain,Food and Entertaining,1,3387637,3388234
9362,45232,wikihow~74458,zeroshot,Personal Care and Style,1,3388236,3388723
9363,45237,wikihow~74464,zeroshot,Personal Care and Style,3,3388725,3389155
9364,45241,wikihow~74472,zeroshot,Personal Care and Style,2,3389157,3389615
9365,45247,wikihow~74479,zeroshot,Personal Care and Style,3,3389617,3389972
9366,45249,wikihow~74481,indomain,Health,2,3389974,3390503
9367,45259,wikihow~74503,indomain,Food and Entertaining,1,3390505,3390826
9368,45267,wikihow~74512,zeroshot,Personal Care and Style,2,3390828,3391311
9369,45277,wikihow~74533,zeroshot,Personal Care and Style,0,3391313,3391729
9370,45336,wikihow~74625,zeroshot,Personal Care and Style,0,3391731,3392240
9371,45359,wikihow~74655,zeroshot,Family Life,1,3392242,3392613
9372,45366,wikihow~74671,zeroshot,Personal Care and Style,1,3392615,3393070
9373,45383,wikihow~74701,zeroshot,Personal Care and Style,1,3393072,3393516
9374,45396,wikihow~74721,zeroshot,Family Life,3,3393518,3394053
9375,45400,wikihow~74728,zeroshot,Personal Care and Style,0,3394055,3394594
9376,45409,wikihow~74740,zeroshot,Family Life,0,3394596,3394949
9377,45414,wikihow~74753,zeroshot,Personal Care and Style,1,3394951,3395268
9378,45417,wikihow~74759,zeroshot,Personal Care and Style,1,3395270,3395686
9379,45421,wikihow~74764,zeroshot,Family Life,2,3395688,3396146
9380,45437,wikihow~74789,zeroshot,Personal Care and Style,1,3396148,3396661
9381,45453,wikihow~74813,zeroshot,Personal Care and Style,3,3396663,3397147
9382,45455,wikihow~74816,zeroshot,Personal Care and Style,2,3397149,3397540
9383,45456,wikihow~74817,indomain,Computers and Electronics,3,3397542,3397894
9384,45459,wikihow~74822,zeroshot,Personal Care and Style,0,3397896,3398341
9385,45461,wikihow~74824,indomain,Home and Garden,1,3398343,3398736
9386,45463,wikihow~74830,zeroshot,Family Life,2,3398738,3399210
9387,45467,wikihow~74838,zeroshot,Personal Care and Style,2,3399212,3399717
9388,45468,wikihow~74840,zeroshot,Family Life,1,3399719,3400224
9389,45469,wikihow~74841,indomain,Pets and Animals,2,3400226,3400604
9390,45473,wikihow~74845,zeroshot,Family Life,1,3400606,3401114
9391,45489,wikihow~74871,indomain,Sports and Fitness,1,3401116,3401458
9392,45491,wikihow~74873,zeroshot,Family Life,3,3401460,3401939
9393,45498,wikihow~74885,indomain,Pets and Animals,1,3401941,3402486
9394,45501,wikihow~74891,zeroshot,Personal Care and Style,1,3402488,3402875
9395,45507,wikihow~74902,zeroshot,Personal Care and Style,1,3402877,3403343
9396,45518,wikihow~74921,zeroshot,Personal Care and Style,1,3403345,3403780
9397,45526,wikihow~74941,indomain,Pets and Animals,0,3403782,3404277
9398,45529,wikihow~74947,zeroshot,Personal Care and Style,3,3404279,3404878
9399,45530,wikihow~74950,indomain,Youth,0,3404880,3405365
9400,45535,wikihow~74955,indomain,Youth,1,3405367,3405685
9401,45548,wikihow~74969,zeroshot,Personal Care and Style,3,3405687,3406014
9402,45566,wikihow~75015,indomain,Work World,2,3406016,3406477
9403,45575,wikihow~75029,indomain,Pets and Animals,1,3406479,3406844
9404,45591,wikihow~75064,zeroshot,Personal Care and Style,2,3406846,3407211
9405,45596,wikihow~75069,zeroshot,Personal Care and Style,3,3407213,3407646
9406,45597,wikihow~75070,indomain,Travel,1,3407648,3408220
9407,45609,wikihow~75088,indomain,Health,2,3408222,3408666
9408,45610,wikihow~75089,zeroshot,Personal Care and Style,2,3408668,3409122
9409,45611,wikihow~75090,indomain,Education and Communications,3,3409124,3409620
9410,45616,wikihow~75096,zeroshot,Personal Care and Style,0,3409622,3410013
9411,45617,wikihow~75097,indomain,Pets and Animals,2,3410015,3410361
9412,45622,wikihow~75104,zeroshot,Personal Care and Style,3,3410363,3410783
9413,45623,wikihow~75105,zeroshot,Personal Care and Style,3,3410785,3411358
9414,45630,wikihow~75112,indomain,Home and Garden,2,3411360,3411857
9415,45634,wikihow~75116,indomain,Relationships,2,3411859,3412389
9416,45637,wikihow~75119,indomain,Travel,0,3412391,3412815
9417,45640,wikihow~75124,indomain,Home and Garden,2,3412817,3413378
9418,45642,wikihow~75128,indomain,Food and Entertaining,1,3413380,3413822
9419,45655,wikihow~75155,zeroshot,Personal Care and Style,0,3413824,3414322
9420,45657,wikihow~75158,zeroshot,Personal Care and Style,3,3414324,3414671
9421,45677,wikihow~75193,zeroshot,Personal Care and Style,3,3414673,3415049
9422,45678,wikihow~75194,indomain,Finance and Business,0,3415051,3415520
9423,45721,wikihow~75275,zeroshot,Personal Care and Style,2,3415522,3415892
9424,45765,wikihow~75342,zeroshot,Personal Care and Style,1,3415894,3416399
9425,45766,wikihow~75344,indomain,Food and Entertaining,0,3416401,3416767
9426,45768,wikihow~75346,indomain,Health,2,3416769,3417260
9427,45783,wikihow~75369,indomain,Computers and Electronics,2,3417262,3417715
9428,45784,wikihow~75370,zeroshot,Family Life,0,3417717,3418063
9429,45793,wikihow~75384,zeroshot,Personal Care and Style,3,3418065,3418536
9430,45800,wikihow~75395,zeroshot,Personal Care and Style,0,3418538,3418937
9431,45805,wikihow~75401,zeroshot,Personal Care and Style,0,3418939,3419309
9432,45809,wikihow~75407,indomain,Food and Entertaining,1,3419311,3419894
9433,45813,wikihow~75414,zeroshot,Personal Care and Style,2,3419896,3420352
9434,45814,wikihow~75415,zeroshot,Personal Care and Style,3,3420354,3420949
9435,45817,wikihow~75420,zeroshot,Personal Care and Style,1,3420951,3421359
9436,45827,wikihow~75433,indomain,Travel,1,3421361,3421813
9437,45842,wikihow~75458,indomain,Holidays and Traditions,1,3421815,3422358
9438,45850,wikihow~75473,indomain,Home and Garden,0,3422360,3422907
9439,45863,wikihow~75496,zeroshot,Personal Care and Style,0,3422909,3423334
9440,45876,wikihow~75523,indomain,Youth,0,3423336,3423882
9441,45886,wikihow~75542,zeroshot,Personal Care and Style,0,3423884,3424400
9442,45888,wikihow~75547,indomain,Youth,3,3424402,3424832
9443,45890,wikihow~75549,indomain,Pets and Animals,3,3424834,3425357
9444,45895,wikihow~75555,indomain,Home and Garden,0,3425359,3425892
9445,45897,wikihow~75558,indomain,Health,1,3425894,3426348
9446,45909,wikihow~75578,indomain,Home and Garden,3,3426350,3426879
9447,45910,wikihow~75580,indomain,Food and Entertaining,0,3426881,3427366
9448,45911,wikihow~75583,indomain,Youth,1,3427368,3427817
9449,45912,wikihow~75584,zeroshot,Personal Care and Style,3,3427819,3428341
9450,45913,wikihow~75585,zeroshot,Personal Care and Style,3,3428343,3428665
9451,45922,wikihow~75602,zeroshot,Personal Care and Style,0,3428667,3429154
9452,45945,wikihow~75635,zeroshot,Personal Care and Style,2,3429156,3429631
9453,45951,wikihow~75645,zeroshot,Personal Care and Style,0,3429633,3430039
9454,45952,wikihow~75647,zeroshot,Personal Care and Style,0,3430041,3430530
9455,45955,wikihow~75653,zeroshot,Family Life,3,3430532,3430926
9456,45965,wikihow~75680,zeroshot,Personal Care and Style,1,3430928,3431308
9457,45972,wikihow~75688,zeroshot,Family Life,0,3431310,3431799
9458,45976,wikihow~75693,zeroshot,Family Life,3,3431801,3432212
9459,45979,wikihow~75699,indomain,Finance and Business,1,3432214,3432792
9460,45987,wikihow~75713,indomain,Computers and Electronics,0,3432794,3433314
9461,45995,wikihow~75725,zeroshot,Family Life,3,3433316,3433829
9462,46009,wikihow~75754,zeroshot,Personal Care and Style,1,3433831,3434354
9463,46011,wikihow~75759,indomain,Relationships,1,3434356,3434968
9464,46012,wikihow~75760,zeroshot,Personal Care and Style,2,3434970,3435465
9465,46015,wikihow~75763,zeroshot,Personal Care and Style,3,3435467,3436057
9466,46019,wikihow~75767,indomain,Holidays and Traditions,0,3436059,3436451
9467,46027,wikihow~75776,zeroshot,Personal Care and Style,3,3436453,3437005
9468,46036,wikihow~75793,zeroshot,Personal Care and Style,0,3437007,3437375
9469,46038,wikihow~75796,indomain,Food and Entertaining,3,3437377,3437800
9470,46043,wikihow~75806,zeroshot,Personal Care and Style,1,3437802,3438256
9471,46045,wikihow~75808,zeroshot,Personal Care and Style,1,3438258,3438776
9472,46050,wikihow~75818,zeroshot,Personal Care and Style,2,3438778,3439337
9473,46054,wikihow~75823,zeroshot,Personal Care and Style,0,3439339,3439757
9474,46057,wikihow~75833,indomain,Food and Entertaining,0,3439759,3440108
9475,46071,wikihow~75851,zeroshot,Personal Care and Style,1,3440110,3440533
9476,46078,wikihow~75858,zeroshot,Family Life,1,3440535,3441002
9477,46080,wikihow~75861,indomain,Computers and Electronics,1,3441004,3441449
9478,46081,wikihow~75862,indomain,Sports and Fitness,0,3441451,3441752
9479,46083,wikihow~75864,zeroshot,Personal Care and Style,0,3441754,3442167
9480,46089,wikihow~75872,indomain,Computers and Electronics,0,3442169,3442706
9481,46093,wikihow~75883,indomain,Pets and Animals,2,3442708,3443182
9482,46099,wikihow~75892,zeroshot,Personal Care and Style,1,3443184,3443511
9483,46104,wikihow~75899,zeroshot,Personal Care and Style,2,3443513,3443862
9484,46106,wikihow~75901,zeroshot,Personal Care and Style,1,3443864,3444371
9485,46108,wikihow~75903,indomain,Computers and Electronics,0,3444373,3444877
9486,46128,wikihow~75934,zeroshot,Personal Care and Style,2,3444879,3445254
9487,46135,wikihow~75946,zeroshot,Family Life,2,3445256,3445791
9488,46138,wikihow~75950,indomain,Pets and Animals,1,3445793,3446269
9489,46147,wikihow~75961,indomain,Health,0,3446271,3446756
9490,46150,wikihow~75964,zeroshot,Family Life,1,3446758,3447304
9491,46161,wikihow~75979,zeroshot,Family Life,0,3447306,3447823
9492,46170,wikihow~75990,zeroshot,Personal Care and Style,2,3447825,3448245
9493,46171,wikihow~75991,indomain,Health,0,3448247,3448756
9494,46185,wikihow~76011,zeroshot,Personal Care and Style,1,3448758,3449235
9495,46204,wikihow~76039,zeroshot,Personal Care and Style,0,3449237,3449746
9496,46207,wikihow~76042,zeroshot,Personal Care and Style,3,3449748,3450256
9497,46211,wikihow~76050,zeroshot,Personal Care and Style,2,3450258,3450833
9498,46225,wikihow~76076,indomain,Health,2,3450835,3451240
9499,46259,wikihow~76125,zeroshot,Personal Care and Style,0,3451242,3451600
9500,46261,wikihow~76127,indomain,Cars & Other Vehicles,1,3451602,3451906
9501,46268,wikihow~76136,indomain,Finance and Business,0,3451908,3452339
9502,46282,wikihow~76158,zeroshot,Personal Care and Style,0,3452341,3452776
9503,46289,wikihow~76171,zeroshot,Personal Care and Style,3,3452778,3453284
9504,46293,wikihow~76175,indomain,Cars & Other Vehicles,2,3453286,3453825
9505,46297,wikihow~76185,zeroshot,Personal Care and Style,0,3453827,3454334
9506,46300,wikihow~76190,zeroshot,Personal Care and Style,2,3454336,3454688
9507,46306,wikihow~76201,zeroshot,Personal Care and Style,3,3454690,3455145
9508,46312,wikihow~76211,indomain,Health,1,3455147,3455558
9509,46313,wikihow~76212,zeroshot,Personal Care and Style,3,3455560,3456030
9510,46320,wikihow~76227,indomain,Computers and Electronics,0,3456032,3456594
9511,46330,wikihow~76245,zeroshot,Family Life,2,3456596,3457045
9512,46344,wikihow~76265,zeroshot,Personal Care and Style,0,3457047,3457605
9513,46349,wikihow~76271,indomain,Food and Entertaining,2,3457607,3457962
9514,46357,wikihow~76285,indomain,Food and Entertaining,2,3457964,3458328
9515,46359,wikihow~76287,indomain,Computers and Electronics,0,3458330,3458746
9516,46365,wikihow~76297,indomain,Youth,3,3458748,3459098
9517,46372,wikihow~76309,zeroshot,Personal Care and Style,2,3459100,3459422
9518,46375,wikihow~76313,zeroshot,Personal Care and Style,0,3459424,3459818
9519,46396,wikihow~76352,zeroshot,Family Life,0,3459820,3460255
9520,46405,wikihow~76366,zeroshot,Personal Care and Style,3,3460257,3460795
9521,46412,wikihow~76376,indomain,Health,2,3460797,3461223
9522,46413,wikihow~76377,indomain,Home and Garden,2,3461225,3461642
9523,46443,wikihow~76427,zeroshot,Personal Care and Style,1,3461644,3462018
9524,46444,wikihow~76429,indomain,Computers and Electronics,1,3462020,3462431
9525,46455,wikihow~76442,zeroshot,Personal Care and Style,2,3462433,3462765
9526,46459,wikihow~76449,zeroshot,Personal Care and Style,0,3462767,3463087
9527,46463,wikihow~76455,zeroshot,Personal Care and Style,2,3463089,3463454
9528,46464,wikihow~76457,zeroshot,Personal Care and Style,2,3463456,3463902
9529,46469,wikihow~76465,zeroshot,Personal Care and Style,1,3463904,3464286
9530,46471,wikihow~76473,zeroshot,Family Life,1,3464288,3464713
9531,46472,wikihow~76474,zeroshot,Personal Care and Style,1,3464715,3465185
9532,46478,wikihow~76482,indomain,Food and Entertaining,3,3465187,3465620
9533,46481,wikihow~76486,zeroshot,Personal Care and Style,1,3465622,3466140
9534,46482,wikihow~76490,zeroshot,Personal Care and Style,0,3466142,3466509
9535,46490,wikihow~76504,indomain,Cars & Other Vehicles,3,3466511,3466927
9536,46491,wikihow~76505,zeroshot,Personal Care and Style,3,3466929,3467377
9537,46500,wikihow~76522,indomain,Food and Entertaining,3,3467379,3467818
9538,46504,wikihow~76529,indomain,Education and Communications,1,3467820,3468291
9539,46509,wikihow~76537,indomain,Finance and Business,2,3468293,3468795
9540,46516,wikihow~76545,zeroshot,Family Life,0,3468797,3469377
9541,46520,wikihow~76553,indomain,Home and Garden,3,3469379,3469802
9542,46521,wikihow~76556,zeroshot,Personal Care and Style,1,3469804,3470336
9543,46522,wikihow~76557,zeroshot,Personal Care and Style,1,3470338,3470839
9544,46524,wikihow~76559,indomain,Education and Communications,0,3470841,3471434
9545,46533,wikihow~76573,zeroshot,Family Life,3,3471436,3471766
9546,46551,wikihow~76600,indomain,Home and Garden,1,3471768,3472363
9547,46556,wikihow~76608,zeroshot,Personal Care and Style,2,3472365,3472834
9548,46568,wikihow~76621,indomain,Cars & Other Vehicles,3,3472836,3473240
9549,46569,wikihow~76622,indomain,Home and Garden,1,3473242,3473746
9550,46573,wikihow~76631,zeroshot,Personal Care and Style,1,3473748,3474229
9551,46579,wikihow~76638,zeroshot,Personal Care and Style,0,3474231,3474660
9552,46596,wikihow~76669,indomain,Travel,3,3474662,3475314
9553,46603,wikihow~76677,indomain,Philosophy and Religion,0,3475316,3475589
9554,46612,wikihow~76693,zeroshot,Personal Care and Style,3,3475591,3476096
9555,46636,wikihow~76729,indomain,Home and Garden,3,3476098,3476618
9556,46641,wikihow~76737,indomain,Holidays and Traditions,0,3476620,3477043
9557,46645,wikihow~76745,zeroshot,Personal Care and Style,2,3477045,3477461
9558,46647,wikihow~76747,zeroshot,Family Life,1,3477463,3477992
9559,46649,wikihow~76749,zeroshot,Personal Care and Style,0,3477994,3478454
9560,46655,wikihow~76757,indomain,Health,0,3478456,3478857
9561,46674,wikihow~76787,zeroshot,Family Life,3,3478859,3479471
9562,46686,wikihow~76807,zeroshot,Personal Care and Style,0,3479473,3479951
9563,46689,wikihow~76813,indomain,Food and Entertaining,0,3479953,3480358
9564,46693,wikihow~76819,indomain,Food and Entertaining,2,3480360,3480924
9565,46711,wikihow~76846,zeroshot,Personal Care and Style,0,3480926,3481495
9566,46734,wikihow~76886,indomain,Health,0,3481497,3481972
9567,46735,wikihow~76889,indomain,Computers and Electronics,1,3481974,3482486
9568,46745,wikihow~76902,indomain,Youth,2,3482488,3482978
9569,46755,wikihow~76923,indomain,Finance and Business,2,3482980,3483544
9570,46774,wikihow~76956,zeroshot,Personal Care and Style,3,3483546,3484019
9571,46781,wikihow~76964,zeroshot,Personal Care and Style,2,3484021,3484621
9572,46788,wikihow~76974,indomain,Home and Garden,2,3484623,3485043
9573,46790,wikihow~76977,indomain,Food and Entertaining,2,3485045,3485491
9574,46795,wikihow~76984,zeroshot,Family Life,0,3485493,3486051
9575,46820,wikihow~77026,indomain,Pets and Animals,0,3486053,3486524
9576,46822,wikihow~77028,indomain,Food and Entertaining,1,3486526,3486944
9577,46837,wikihow~77052,indomain,Food and Entertaining,0,3486946,3487429
9578,46839,wikihow~77055,indomain,Computers and Electronics,2,3487431,3487987
9579,46844,wikihow~77065,indomain,Food and Entertaining,1,3487989,3488368
9580,46847,wikihow~77069,indomain,Youth,1,3488370,3488786
9581,46856,wikihow~77085,zeroshot,Family Life,2,3488788,3489144
9582,46860,wikihow~77093,indomain,Home and Garden,0,3489146,3489611
9583,46862,wikihow~77098,zeroshot,Personal Care and Style,0,3489613,3489962
9584,46865,wikihow~77103,indomain,Education and Communications,0,3489964,3490387
9585,46868,wikihow~77109,zeroshot,Family Life,2,3490389,3490975
9586,46882,wikihow~77133,zeroshot,Personal Care and Style,0,3490977,3491314
9587,46887,wikihow~77140,zeroshot,Family Life,1,3491316,3491791
9588,46897,wikihow~77160,indomain,Finance and Business,3,3491793,3492331
9589,46898,wikihow~77161,indomain,Education and Communications,2,3492333,3492751
9590,46901,wikihow~77165,zeroshot,Personal Care and Style,3,3492753,3493298
9591,46906,wikihow~77174,zeroshot,Personal Care and Style,0,3493300,3493782
9592,46908,wikihow~77176,indomain,Computers and Electronics,3,3493784,3494329
9593,46911,wikihow~77184,zeroshot,Personal Care and Style,0,3494331,3494681
9594,46917,wikihow~77191,zeroshot,Family Life,2,3494683,3495074
9595,46920,wikihow~77195,zeroshot,Personal Care and Style,1,3495076,3495543
9596,46921,wikihow~77196,indomain,Food and Entertaining,3,3495545,3496109
9597,46923,wikihow~77201,zeroshot,Family Life,1,3496111,3496541
9598,46926,wikihow~77205,zeroshot,Personal Care and Style,3,3496543,3497040
9599,46930,wikihow~77217,zeroshot,Personal Care and Style,1,3497042,3497454
9600,46931,wikihow~77218,zeroshot,Personal Care and Style,0,3497456,3498022
9601,46935,wikihow~77226,indomain,Finance and Business,0,3498024,3498474
9602,46936,wikihow~77227,zeroshot,Family Life,3,3498476,3498963
9603,46937,wikihow~77230,indomain,Food and Entertaining,3,3498965,3499529
9604,46958,wikihow~77260,zeroshot,Personal Care and Style,3,3499531,3499914
9605,46981,wikihow~77309,zeroshot,Personal Care and Style,1,3499916,3500358
9606,46983,wikihow~77313,zeroshot,Family Life,1,3500360,3500745
9607,46995,wikihow~77330,zeroshot,Personal Care and Style,1,3500747,3501219
9608,46998,wikihow~77335,zeroshot,Personal Care and Style,0,3501221,3501644
9609,47032,wikihow~77388,zeroshot,Personal Care and Style,2,3501646,3502148
9610,47047,wikihow~77418,zeroshot,Personal Care and Style,1,3502150,3502582
9611,47053,wikihow~77426,zeroshot,Personal Care and Style,0,3502584,3503071
9612,47055,wikihow~77428,zeroshot,Personal Care and Style,3,3503073,3503648
9613,47059,wikihow~77439,indomain,Food and Entertaining,1,3503650,3504058
9614,47060,wikihow~77440,indomain,Home and Garden,3,3504060,3504433
9615,47085,wikihow~77484,indomain,Food and Entertaining,2,3504435,3504927
9616,47107,wikihow~77513,zeroshot,Personal Care and Style,3,3504929,3505469
9617,47129,wikihow~77548,indomain,Education and Communications,1,3505471,3505871
9618,47133,wikihow~77553,zeroshot,Personal Care and Style,0,3505873,3506360
9619,47144,wikihow~77571,zeroshot,Personal Care and Style,1,3506362,3506736
9620,47146,wikihow~77575,zeroshot,Family Life,0,3506738,3507216
9621,47165,wikihow~77606,zeroshot,Personal Care and Style,1,3507218,3507665
9622,47177,wikihow~77623,indomain,Travel,1,3507667,3508192
9623,47193,wikihow~77648,indomain,Home and Garden,3,3508194,3508637
9624,47195,wikihow~77651,zeroshot,Personal Care and Style,1,3508639,3509085
9625,47210,wikihow~77675,zeroshot,Family Life,3,3509087,3509544
9626,47214,wikihow~77682,zeroshot,Personal Care and Style,0,3509546,3509980
9627,47215,wikihow~77683,zeroshot,Personal Care and Style,1,3509982,3510482
9628,47222,wikihow~77693,zeroshot,Family Life,2,3510484,3510963
9629,47229,wikihow~77707,indomain,Home and Garden,2,3510965,3511365
9630,47240,wikihow~77722,zeroshot,Personal Care and Style,2,3511367,3511917
9631,47241,wikihow~77723,indomain,Health,2,3511919,3512274
9632,47269,wikihow~77756,indomain,Education and Communications,3,3512276,3512695
9633,47277,wikihow~77771,indomain,Travel,0,3512697,3513199
9634,47282,wikihow~77778,zeroshot,Personal Care and Style,0,3513201,3513591
9635,47285,wikihow~77782,indomain,Computers and Electronics,1,3513593,3514206
9636,47289,wikihow~77790,indomain,Food and Entertaining,2,3514208,3514559
9637,47291,wikihow~77793,indomain,Education and Communications,3,3514561,3515083
9638,47302,wikihow~77807,zeroshot,Personal Care and Style,2,3515085,3515498
9639,47304,wikihow~77810,zeroshot,Family Life,3,3515500,3516035
9640,47313,wikihow~77824,zeroshot,Personal Care and Style,0,3516037,3516458
9641,47317,wikihow~77830,zeroshot,Personal Care and Style,3,3516460,3516928
9642,47323,wikihow~77843,zeroshot,Personal Care and Style,3,3516930,3517472
9643,47332,wikihow~77854,indomain,Health,1,3517474,3517862
9644,47341,wikihow~77873,zeroshot,Personal Care and Style,1,3517864,3518313
9645,47353,wikihow~77893,zeroshot,Personal Care and Style,2,3518315,3518789
9646,47384,wikihow~77945,zeroshot,Personal Care and Style,2,3518791,3519304
9647,47386,wikihow~77949,indomain,Youth,0,3519306,3519661
9648,47387,wikihow~77950,indomain,Relationships,1,3519663,3520081
9649,47398,wikihow~77977,zeroshot,Personal Care and Style,1,3520083,3520517
9650,47422,wikihow~78021,zeroshot,Personal Care and Style,1,3520519,3520948
9651,47436,wikihow~78045,zeroshot,Family Life,1,3520950,3521379
9652,47440,wikihow~78052,indomain,Food and Entertaining,3,3521381,3521756
9653,47441,wikihow~78054,zeroshot,Family Life,1,3521758,3522187
9654,47444,wikihow~78057,zeroshot,Personal Care and Style,3,3522189,3522626
9655,47448,wikihow~78064,indomain,Computers and Electronics,1,3522628,3522980
9656,47452,wikihow~78073,indomain,Youth,0,3522982,3523508
9657,47454,wikihow~78077,indomain,Youth,3,3523510,3523944
9658,47469,wikihow~78103,indomain,Education and Communications,2,3523946,3524564
9659,47497,wikihow~78158,zeroshot,Personal Care and Style,1,3524566,3525070
9660,47508,wikihow~78175,zeroshot,Family Life,3,3525072,3525569
9661,47512,wikihow~78180,indomain,Pets and Animals,0,3525571,3526037
9662,47517,wikihow~78189,zeroshot,Personal Care and Style,2,3526039,3526431
9663,47542,wikihow~78230,zeroshot,Personal Care and Style,0,3526433,3527004
9664,47548,wikihow~78239,zeroshot,Family Life,1,3527006,3527506
9665,47551,wikihow~78246,zeroshot,Family Life,1,3527508,3528125
9666,47556,wikihow~78251,indomain,Food and Entertaining,2,3528127,3528506
9667,47559,wikihow~78255,zeroshot,Personal Care and Style,2,3528508,3529071
9668,47574,wikihow~78277,indomain,Computers and Electronics,0,3529073,3529524
9669,47588,wikihow~78305,zeroshot,Personal Care and Style,1,3529526,3529962
9670,47595,wikihow~78315,indomain,Computers and Electronics,1,3529964,3530523
9671,47603,wikihow~78341,zeroshot,Personal Care and Style,0,3530525,3530888
9672,47629,wikihow~78378,zeroshot,Family Life,2,3530890,3531431
9673,47645,wikihow~78405,zeroshot,Personal Care and Style,1,3531433,3531851
9674,47659,wikihow~78434,indomain,Home and Garden,3,3531853,3532415
9675,47683,wikihow~78489,indomain,Computers and Electronics,2,3532417,3532879
9676,47685,wikihow~78492,indomain,Health,3,3532881,3533476
9677,47697,wikihow~78510,zeroshot,Family Life,0,3533478,3533899
9678,47698,wikihow~78512,indomain,Computers and Electronics,1,3533901,3534315
9679,47705,wikihow~78521,zeroshot,Personal Care and Style,1,3534317,3534686
9680,47709,wikihow~78526,indomain,Pets and Animals,0,3534688,3535028
9681,47712,wikihow~78529,indomain,Health,3,3535030,3535557
9682,47715,wikihow~78535,zeroshot,Personal Care and Style,2,3535559,3536026
9683,47720,wikihow~78540,indomain,Finance and Business,0,3536028,3536510
9684,47733,wikihow~78560,indomain,Travel,3,3536512,3537063
9685,47741,wikihow~78572,zeroshot,Personal Care and Style,1,3537065,3537433
9686,47744,wikihow~78576,zeroshot,Family Life,2,3537435,3537959
9687,47766,wikihow~78606,indomain,Health,0,3537961,3538571
9688,47767,wikihow~78607,zeroshot,Personal Care and Style,3,3538573,3539052
9689,47783,wikihow~78628,zeroshot,Family Life,1,3539054,3539640
9690,47797,wikihow~78653,zeroshot,Personal Care and Style,1,3539642,3540141
9691,47807,wikihow~78667,indomain,Work World,2,3540143,3540600
9692,47817,wikihow~78685,indomain,Home and Garden,2,3540602,3541099
9693,47830,wikihow~78702,indomain,Sports and Fitness,3,3541101,3541697
9694,47836,wikihow~78712,zeroshot,Family Life,3,3541699,3542178
9695,47838,wikihow~78715,zeroshot,Personal Care and Style,0,3542180,3542595
9696,47839,wikihow~78716,indomain,Food and Entertaining,2,3542597,3542987
9697,47843,wikihow~78728,zeroshot,Personal Care and Style,1,3542989,3543457
9698,47851,wikihow~78740,indomain,Youth,0,3543459,3543838
9699,47859,wikihow~78753,zeroshot,Personal Care and Style,2,3543840,3544461
9700,47861,wikihow~78755,indomain,Finance and Business,2,3544463,3544912
9701,47868,wikihow~78770,indomain,Health,3,3544914,3545259
9702,47869,wikihow~78772,zeroshot,Personal Care and Style,3,3545261,3545594
9703,47876,wikihow~78786,indomain,Food and Entertaining,1,3545596,3546154
9704,47884,wikihow~78797,zeroshot,Family Life,0,3546156,3546598
9705,47889,wikihow~78807,indomain,Computers and Electronics,0,3546600,3547110
9706,47890,wikihow~78808,zeroshot,Personal Care and Style,2,3547112,3547501
9707,47918,wikihow~78865,zeroshot,Personal Care and Style,2,3547503,3547967
9708,47929,wikihow~78888,zeroshot,Family Life,1,3547969,3548400
9709,47944,wikihow~78906,indomain,Finance and Business,0,3548402,3548767
9710,47950,wikihow~78919,zeroshot,Personal Care and Style,3,3548769,3549274
9711,47962,wikihow~78942,indomain,Food and Entertaining,2,3549276,3549772
9712,47965,wikihow~78945,zeroshot,Family Life,2,3549774,3550176
9713,47982,wikihow~78973,indomain,Food and Entertaining,2,3550178,3550592
9714,47984,wikihow~78975,indomain,Health,0,3550594,3551056
9715,47998,wikihow~79000,indomain,Health,2,3551058,3551523
9716,48008,wikihow~79022,indomain,Youth,1,3551525,3551924
9717,48028,wikihow~79049,indomain,Home and Garden,2,3551926,3552444
9718,48031,wikihow~79053,zeroshot,Personal Care and Style,1,3552446,3552908
9719,48034,wikihow~79059,indomain,Pets and Animals,2,3552910,3553325
9720,48043,wikihow~79069,indomain,Food and Entertaining,3,3553327,3553797
9721,48045,wikihow~79071,zeroshot,Personal Care and Style,0,3553799,3554119
9722,48047,wikihow~79075,zeroshot,Family Life,1,3554121,3554615
9723,48050,wikihow~79079,zeroshot,Family Life,1,3554617,3555027
9724,48051,wikihow~79081,indomain,Computers and Electronics,2,3555029,3555457
9725,48055,wikihow~79086,zeroshot,Personal Care and Style,3,3555459,3556007
9726,48060,wikihow~79094,zeroshot,Personal Care and Style,0,3556009,3556505
9727,48063,wikihow~79099,indomain,Food and Entertaining,1,3556507,3557025
9728,48082,wikihow~79132,indomain,Relationships,2,3557027,3557477
9729,48110,wikihow~79188,zeroshot,Personal Care and Style,2,3557479,3557952
9730,48111,wikihow~79189,zeroshot,Personal Care and Style,3,3557954,3558338
9731,48113,wikihow~79193,indomain,Food and Entertaining,3,3558340,3558655
9732,48117,wikihow~79199,zeroshot,Personal Care and Style,1,3558657,3559145
9733,48135,wikihow~79225,indomain,Computers and Electronics,1,3559147,3559529
9734,48139,wikihow~79232,indomain,Computers and Electronics,0,3559531,3559865
9735,48141,wikihow~79236,zeroshot,Family Life,3,3559867,3560204
9736,48144,wikihow~79240,zeroshot,Personal Care and Style,0,3560206,3560723
9737,48146,wikihow~79245,indomain,Computers and Electronics,2,3560725,3561078
9738,48162,wikihow~79274,indomain,Finance and Business,3,3561080,3561607
9739,48165,wikihow~79281,zeroshot,Personal Care and Style,1,3561609,3562146
9740,48175,wikihow~79298,indomain,Food and Entertaining,1,3562148,3562566
9741,48184,wikihow~79314,zeroshot,Family Life,3,3562568,3563208
9742,48186,wikihow~79317,indomain,Health,2,3563210,3563777
9743,48188,wikihow~79320,zeroshot,Family Life,0,3563779,3564320
9744,48190,wikihow~79322,indomain,Health,3,3564322,3564904
9745,48217,wikihow~79363,indomain,Work World,0,3564906,3565475
9746,48227,wikihow~79379,zeroshot,Personal Care and Style,3,3565477,3565829
9747,48229,wikihow~79381,indomain,Health,1,3565831,3566311
9748,48277,wikihow~79467,indomain,Food and Entertaining,2,3566313,3566598
9749,48281,wikihow~79471,zeroshot,Personal Care and Style,2,3566600,3567158
9750,48327,wikihow~79553,zeroshot,Family Life,2,3567160,3567713
9751,48334,wikihow~79562,zeroshot,Personal Care and Style,0,3567715,3568201
9752,48344,wikihow~79576,zeroshot,Personal Care and Style,0,3568203,3568506
9753,48346,wikihow~79579,indomain,Home and Garden,2,3568508,3569088
9754,48351,wikihow~79586,indomain,Food and Entertaining,0,3569090,3569441
9755,48367,wikihow~79615,zeroshot,Personal Care and Style,0,3569443,3569727
9756,48370,wikihow~79619,indomain,Relationships,2,3569729,3570110
9757,48372,wikihow~79624,indomain,Relationships,1,3570112,3570572
9758,48390,wikihow~79649,zeroshot,Family Life,1,3570574,3570988
9759,48396,wikihow~79658,indomain,Youth,1,3570990,3571488
9760,48397,wikihow~79659,indomain,Health,2,3571490,3571988
9761,48405,wikihow~79675,zeroshot,Family Life,1,3571990,3572319
9762,48418,wikihow~79693,zeroshot,Personal Care and Style,1,3572321,3572818
9763,48423,wikihow~79702,zeroshot,Family Life,3,3572820,3573360
9764,48436,wikihow~79718,zeroshot,Family Life,0,3573362,3573808
9765,48437,wikihow~79719,zeroshot,Personal Care and Style,2,3573810,3574329
9766,48438,wikihow~79720,zeroshot,Personal Care and Style,2,3574331,3574873
9767,48439,wikihow~79721,zeroshot,Personal Care and Style,0,3574875,3575406
9768,48441,wikihow~79726,zeroshot,Personal Care and Style,1,3575408,3575819
9769,48450,wikihow~79740,indomain,Computers and Electronics,2,3575821,3576418
9770,48472,wikihow~79782,indomain,Computers and Electronics,2,3576420,3576722
9771,48484,wikihow~79801,indomain,Sports and Fitness,2,3576724,3577218
9772,48498,wikihow~79819,indomain,Health,3,3577220,3577748
9773,48502,wikihow~79826,indomain,Finance and Business,1,3577750,3578260
9774,48516,wikihow~79861,zeroshot,Family Life,2,3578262,3578598
9775,48520,wikihow~79868,zeroshot,Personal Care and Style,1,3578600,3579115
9776,48544,wikihow~79904,zeroshot,Personal Care and Style,2,3579117,3579511
9777,48545,wikihow~79905,zeroshot,Personal Care and Style,3,3579513,3579906
9778,48559,wikihow~79934,zeroshot,Personal Care and Style,3,3579908,3580358
9779,48570,wikihow~79950,zeroshot,Personal Care and Style,0,3580360,3580711
9780,48572,wikihow~79956,zeroshot,Personal Care and Style,1,3580713,3581193
9781,48580,wikihow~79966,indomain,Health,2,3581195,3581648
9782,48588,wikihow~79976,indomain,Home and Garden,2,3581650,3582214
9783,48592,wikihow~79989,zeroshot,Personal Care and Style,1,3582216,3582742
9784,48609,wikihow~80017,indomain,Pets and Animals,3,3582744,3583199
9785,48612,wikihow~80023,indomain,Relationships,3,3583201,3583673
9786,48613,wikihow~80027,indomain,Computers and Electronics,3,3583675,3584227
9787,48623,wikihow~80040,zeroshot,Personal Care and Style,2,3584229,3584807
9788,48624,wikihow~80042,zeroshot,Family Life,2,3584809,3585198
9789,48627,wikihow~80048,indomain,Youth,2,3585200,3585560
9790,48639,wikihow~80063,zeroshot,Family Life,3,3585562,3586045
9791,48640,wikihow~80064,zeroshot,Personal Care and Style,1,3586047,3586540
9792,48645,wikihow~80071,zeroshot,Personal Care and Style,0,3586542,3587008
9793,48650,wikihow~80080,indomain,Education and Communications,1,3587010,3587487
9794,48651,wikihow~80082,zeroshot,Personal Care and Style,0,3587489,3587936
9795,48657,wikihow~80088,zeroshot,Personal Care and Style,3,3587938,3588377
9796,48659,wikihow~80093,indomain,Food and Entertaining,2,3588379,3588893
9797,48662,wikihow~80097,zeroshot,Personal Care and Style,2,3588895,3589276
9798,48671,wikihow~80110,zeroshot,Personal Care and Style,1,3589278,3589752
9799,48686,wikihow~80129,zeroshot,Personal Care and Style,3,3589754,3590281
9800,48689,wikihow~80134,zeroshot,Personal Care and Style,1,3590283,3590745
9801,48697,wikihow~80150,indomain,Education and Communications,1,3590747,3591280
9802,48712,wikihow~80181,zeroshot,Family Life,3,3591282,3591811
9803,48724,wikihow~80207,indomain,Youth,1,3591813,3592286
9804,48751,wikihow~80244,indomain,Home and Garden,2,3592288,3592713
9805,48759,wikihow~80256,zeroshot,Personal Care and Style,1,3592715,3593238
9806,48773,wikihow~80281,indomain,Health,2,3593240,3593721
9807,48783,wikihow~80296,zeroshot,Personal Care and Style,0,3593723,3594141
9808,48784,wikihow~80298,zeroshot,Family Life,2,3594143,3594793
9809,48793,wikihow~80314,indomain,Computers and Electronics,0,3594795,3595289
9810,48795,wikihow~80320,indomain,Food and Entertaining,1,3595291,3595759
9811,48797,wikihow~80322,indomain,Food and Entertaining,3,3595761,3596203
9812,48801,wikihow~80330,indomain,Computers and Electronics,2,3596205,3596637
9813,48813,wikihow~80348,indomain,Home and Garden,2,3596639,3597023
9814,48836,wikihow~80390,zeroshot,Personal Care and Style,2,3597025,3597448
9815,48847,wikihow~80411,indomain,Health,2,3597450,3597828
9816,48849,wikihow~80414,indomain,Health,0,3597830,3598303
9817,48854,wikihow~80423,indomain,Pets and Animals,0,3598305,3598748
9818,48860,wikihow~80437,indomain,Computers and Electronics,2,3598750,3599104
9819,48885,wikihow~80479,indomain,Food and Entertaining,2,3599106,3599595
9820,48886,wikihow~80480,indomain,Home and Garden,3,3599597,3599949
9821,48888,wikihow~80484,zeroshot,Family Life,1,3599951,3600295
9822,48898,wikihow~80496,zeroshot,Personal Care and Style,0,3600297,3600749
9823,48899,wikihow~80501,indomain,Finance and Business,1,3600751,3601241
9824,48908,wikihow~80520,indomain,Education and Communications,0,3601243,3601673
9825,48924,wikihow~80537,zeroshot,Personal Care and Style,2,3601675,3602169
9826,48928,wikihow~80547,zeroshot,Family Life,1,3602171,3602487
9827,48932,wikihow~80555,indomain,Computers and Electronics,0,3602489,3602813
9828,48936,wikihow~80559,indomain,Food and Entertaining,2,3602815,3603314
9829,48937,wikihow~80560,indomain,Pets and Animals,1,3603316,3603833
9830,48942,wikihow~80566,indomain,Pets and Animals,1,3603835,3604227
9831,48945,wikihow~80571,zeroshot,Family Life,3,3604229,3604649
9832,48946,wikihow~80573,zeroshot,Family Life,0,3604651,3605121
9833,48956,wikihow~80586,indomain,Education and Communications,2,3605123,3605540
9834,48961,wikihow~80593,zeroshot,Personal Care and Style,1,3605542,3605867
9835,48962,wikihow~80595,zeroshot,Personal Care and Style,0,3605869,3606240
9836,48981,wikihow~80621,zeroshot,Personal Care and Style,3,3606242,3606708
9837,48982,wikihow~80624,zeroshot,Personal Care and Style,0,3606710,3607100
9838,48990,wikihow~80638,zeroshot,Personal Care and Style,3,3607102,3607591
9839,49011,wikihow~80676,zeroshot,Family Life,3,3607593,3608016
9840,49028,wikihow~80704,zeroshot,Personal Care and Style,0,3608018,3608549
9841,49032,wikihow~80709,zeroshot,Personal Care and Style,1,3608551,3609067
9842,49042,wikihow~80728,indomain,Food and Entertaining,2,3609069,3609582
9843,49043,wikihow~80730,zeroshot,Personal Care and Style,3,3609584,3610009
9844,49045,wikihow~80734,indomain,Work World,3,3610011,3610584
9845,49050,wikihow~80742,indomain,Health,1,3610586,3611061
9846,49052,wikihow~80744,indomain,Food and Entertaining,3,3611063,3611361
9847,49055,wikihow~80748,zeroshot,Personal Care and Style,0,3611363,3611851
9848,49056,wikihow~80750,zeroshot,Personal Care and Style,2,3611853,3612442
9849,49060,wikihow~80757,zeroshot,Personal Care and Style,3,3612444,3612855
9850,49063,wikihow~80760,zeroshot,Personal Care and Style,0,3612857,3613284
9851,49068,wikihow~80770,zeroshot,Personal Care and Style,2,3613286,3613835
9852,49073,wikihow~80778,zeroshot,Personal Care and Style,3,3613837,3614332
9853,49074,wikihow~80779,indomain,Cars & Other Vehicles,0,3614334,3614650
9854,49083,wikihow~80797,indomain,Travel,2,3614652,3615271
9855,49090,wikihow~80809,indomain,Food and Entertaining,2,3615273,3615814
9856,49114,wikihow~80844,zeroshot,Family Life,2,3615816,3616307
9857,49122,wikihow~80855,zeroshot,Personal Care and Style,2,3616309,3616703
9858,49124,wikihow~80857,zeroshot,Family Life,0,3616705,3617265
9859,49133,wikihow~80867,zeroshot,Personal Care and Style,2,3617267,3617676
9860,49139,wikihow~80878,indomain,Health,2,3617678,3618153
9861,49140,wikihow~80879,zeroshot,Personal Care and Style,1,3618155,3618604
9862,49146,wikihow~80890,indomain,Education and Communications,0,3618606,3618982
9863,49158,wikihow~80908,indomain,Food and Entertaining,1,3618984,3619552
9864,49185,wikihow~80947,zeroshot,Personal Care and Style,1,3619554,3619915
9865,49197,wikihow~80960,zeroshot,Personal Care and Style,1,3619917,3620276
9866,49207,wikihow~80979,zeroshot,Personal Care and Style,1,3620278,3620783
9867,49217,wikihow~80997,zeroshot,Personal Care and Style,3,3620785,3621264
9868,49219,wikihow~81000,zeroshot,Personal Care and Style,0,3621266,3621690
9869,49222,wikihow~81003,indomain,Education and Communications,0,3621692,3622181
9870,49247,wikihow~81047,indomain,Sports and Fitness,2,3622183,3622761
9871,49250,wikihow~81056,indomain,Home and Garden,3,3622763,3623239
9872,49262,wikihow~81076,indomain,Home and Garden,2,3623241,3623713
9873,49269,wikihow~81083,indomain,Sports and Fitness,2,3623715,3624210
9874,49271,wikihow~81087,indomain,Health,3,3624212,3624761
9875,49278,wikihow~81100,indomain,Health,3,3624763,3625171
9876,49281,wikihow~81105,zeroshot,Personal Care and Style,2,3625173,3625544
9877,49282,wikihow~81106,indomain,Home and Garden,3,3625546,3625976
9878,49284,wikihow~81108,zeroshot,Personal Care and Style,2,3625978,3626417
9879,49285,wikihow~81109,zeroshot,Personal Care and Style,1,3626419,3626805
9880,49291,wikihow~81120,indomain,Relationships,0,3626807,3627195
9881,49295,wikihow~81125,zeroshot,Personal Care and Style,1,3627197,3627602
9882,49296,wikihow~81128,zeroshot,Personal Care and Style,2,3627604,3627965
9883,49315,wikihow~81156,indomain,Food and Entertaining,1,3627967,3628497
9884,49324,wikihow~81166,indomain,Health,1,3628499,3629131
9885,49336,wikihow~81188,zeroshot,Family Life,2,3629133,3629659
9886,49361,wikihow~81236,indomain,Food and Entertaining,1,3629661,3629959
9887,49373,wikihow~81253,indomain,Food and Entertaining,2,3629961,3630337
9888,49402,wikihow~81305,zeroshot,Personal Care and Style,2,3630339,3630765
9889,49407,wikihow~81312,zeroshot,Personal Care and Style,2,3630767,3631143
9890,49412,wikihow~81319,zeroshot,Personal Care and Style,2,3631145,3631585
9891,49427,wikihow~81341,zeroshot,Personal Care and Style,0,3631587,3632063
9892,49429,wikihow~81343,indomain,Health,1,3632065,3632518
9893,49464,wikihow~81394,zeroshot,Personal Care and Style,3,3632520,3632954
9894,49479,wikihow~81428,indomain,Finance and Business,0,3632956,3633381
9895,49488,wikihow~81440,indomain,Food and Entertaining,2,3633383,3633940
9896,49492,wikihow~81444,indomain,Health,2,3633942,3634458
9897,49499,wikihow~81454,indomain,Work World,0,3634460,3634956
9898,49505,wikihow~81464,indomain,Holidays and Traditions,2,3634958,3635454
9899,49507,wikihow~81468,zeroshot,Personal Care and Style,1,3635456,3635911
9900,49508,wikihow~81470,indomain,Travel,1,3635913,3636390
9901,49514,wikihow~81479,zeroshot,Personal Care and Style,3,3636392,3636902
9902,49544,wikihow~81529,zeroshot,Personal Care and Style,3,3636904,3637386
9903,49553,wikihow~81541,indomain,Finance and Business,0,3637388,3637935
9904,49558,wikihow~81549,indomain,Home and Garden,2,3637937,3638374
9905,49562,wikihow~81553,indomain,Computers and Electronics,1,3638376,3638781
9906,49563,wikihow~81554,zeroshot,Personal Care and Style,3,3638783,3639211
9907,49564,wikihow~81557,indomain,Youth,0,3639213,3639659
9908,49569,wikihow~81563,indomain,Health,0,3639661,3640187
9909,49578,wikihow~81579,zeroshot,Family Life,1,3640189,3640807
9910,49586,wikihow~81596,indomain,Pets and Animals,2,3640809,3641176
9911,49594,wikihow~81611,zeroshot,Family Life,3,3641178,3641712
9912,49597,wikihow~81619,indomain,Health,3,3641714,3642221
9913,49612,wikihow~81650,zeroshot,Personal Care and Style,0,3642223,3642765
9914,49624,wikihow~81672,indomain,Home and Garden,0,3642767,3643177
9915,49626,wikihow~81674,zeroshot,Personal Care and Style,3,3643179,3643556
9916,49639,wikihow~81700,indomain,Education and Communications,2,3643558,3643882
9917,49643,wikihow~81706,indomain,Finance and Business,3,3643884,3644172
9918,49648,wikihow~81712,zeroshot,Personal Care and Style,2,3644174,3644598
9919,49658,wikihow~81729,zeroshot,Family Life,0,3644600,3645058
9920,49660,wikihow~81731,zeroshot,Family Life,2,3645060,3645585
9921,49662,wikihow~81734,indomain,Home and Garden,1,3645587,3645947
9922,49663,wikihow~81737,indomain,Work World,1,3645949,3646372
9923,49666,wikihow~81744,zeroshot,Personal Care and Style,0,3646374,3646854
9924,49685,wikihow~81774,zeroshot,Personal Care and Style,3,3646856,3647265
9925,49698,wikihow~81796,indomain,Computers and Electronics,3,3647267,3647617
9926,49700,wikihow~81798,zeroshot,Personal Care and Style,0,3647619,3648212
9927,49703,wikihow~81802,indomain,Finance and Business,1,3648214,3648585
9928,49710,wikihow~81809,zeroshot,Personal Care and Style,1,3648587,3648986
9929,49712,wikihow~81811,zeroshot,Personal Care and Style,0,3648988,3649479
9930,49729,wikihow~81834,zeroshot,Personal Care and Style,2,3649481,3649934
9931,49749,wikihow~81867,indomain,Relationships,3,3649936,3650446
9932,49758,wikihow~81881,indomain,Relationships,1,3650448,3650890
9933,49806,wikihow~81961,indomain,Youth,0,3650892,3651319
9934,49811,wikihow~81971,zeroshot,Personal Care and Style,0,3651321,3651694
9935,49812,wikihow~81974,indomain,Home and Garden,3,3651696,3652283
9936,49817,wikihow~81979,zeroshot,Personal Care and Style,0,3652285,3652625
9937,49823,wikihow~81989,zeroshot,Family Life,0,3652627,3653158
9938,49832,wikihow~82004,zeroshot,Personal Care and Style,0,3653160,3653541
9939,49834,wikihow~82008,zeroshot,Family Life,1,3653543,3653999
9940,49856,wikihow~82043,indomain,Food and Entertaining,1,3654001,3654350
9941,49858,wikihow~82046,indomain,Food and Entertaining,3,3654352,3654767
9942,49859,wikihow~82047,indomain,Pets and Animals,1,3654769,3655157
9943,49860,wikihow~82051,zeroshot,Family Life,0,3655159,3655595
9944,49865,wikihow~82059,indomain,Sports and Fitness,2,3655597,3656060
9945,49871,wikihow~82068,zeroshot,Personal Care and Style,3,3656062,3656558
9946,49876,wikihow~82081,zeroshot,Personal Care and Style,1,3656560,3657065
9947,49897,wikihow~82120,indomain,Youth,1,3657067,3657584
9948,49903,wikihow~82129,zeroshot,Family Life,2,3657586,3657921
9949,49911,wikihow~82143,indomain,Computers and Electronics,1,3657923,3658417
9950,49917,wikihow~82152,zeroshot,Personal Care and Style,0,3658419,3658838
9951,49920,wikihow~82155,zeroshot,Family Life,3,3658840,3659224
9952,49949,wikihow~82210,indomain,Sports and Fitness,0,3659226,3659705
9953,49952,wikihow~82215,zeroshot,Personal Care and Style,2,3659707,3660106
9954,49953,wikihow~82216,indomain,Finance and Business,3,3660108,3660398
9955,49969,wikihow~82249,zeroshot,Personal Care and Style,1,3660400,3660922
9956,49978,wikihow~82262,zeroshot,Personal Care and Style,3,3660924,3661492
9957,49981,wikihow~82268,indomain,Health,3,3661494,3661915
9958,50015,wikihow~82317,indomain,Finance and Business,2,3661917,3662344
9959,50034,wikihow~82341,indomain,Finance and Business,0,3662346,3662886
9960,50039,wikihow~82346,zeroshot,Personal Care and Style,0,3662888,3663382
9961,50050,wikihow~82372,indomain,Food and Entertaining,3,3663384,3663642
9962,50068,wikihow~82406,zeroshot,Family Life,2,3663644,3664089
9963,50074,wikihow~82415,zeroshot,Personal Care and Style,0,3664091,3664597
9964,50079,wikihow~82422,indomain,Relationships,0,3664599,3664984
9965,50083,wikihow~82429,zeroshot,Personal Care and Style,1,3664986,3665556
9966,50092,wikihow~82443,zeroshot,Personal Care and Style,2,3665558,3665887
9967,50102,wikihow~82456,zeroshot,Family Life,1,3665889,3666340
9968,50104,wikihow~82460,indomain,Finance and Business,0,3666342,3666833
9969,50111,wikihow~82472,indomain,Education and Communications,1,3666835,3667212
9970,50114,wikihow~82476,zeroshot,Personal Care and Style,0,3667214,3667616
9971,50140,wikihow~82512,indomain,Health,3,3667618,3668187
9972,50141,wikihow~82513,indomain,Computers and Electronics,2,3668189,3668723
9973,50149,wikihow~82526,indomain,Health,2,3668725,3669140
9974,50150,wikihow~82527,zeroshot,Personal Care and Style,2,3669142,3669604
9975,50156,wikihow~82541,zeroshot,Personal Care and Style,0,3669606,3670054
9976,50178,wikihow~82575,indomain,Food and Entertaining,1,3670056,3670344
9977,50179,wikihow~82576,zeroshot,Personal Care and Style,0,3670346,3670877
9978,50192,wikihow~82593,zeroshot,Personal Care and Style,2,3670879,3671394
9979,50193,wikihow~82595,zeroshot,Personal Care and Style,0,3671396,3671910
9980,50195,wikihow~82602,indomain,Work World,0,3671912,3672491
9981,50198,wikihow~82605,zeroshot,Personal Care and Style,2,3672493,3672990
9982,50200,wikihow~82607,indomain,Computers and Electronics,1,3672992,3673369
9983,50207,wikihow~82616,indomain,Home and Garden,2,3673371,3673733
9984,50209,wikihow~82619,indomain,Travel,1,3673735,3674301
9985,50229,wikihow~82653,indomain,Computers and Electronics,1,3674303,3674698
9986,50230,wikihow~82655,zeroshot,Personal Care and Style,0,3674700,3675199
9987,50235,wikihow~82666,indomain,Health,0,3675201,3675624
9988,50238,wikihow~82670,zeroshot,Personal Care and Style,0,3675626,3676142
9989,50240,wikihow~82672,zeroshot,Personal Care and Style,0,3676144,3676632
9990,50244,wikihow~82678,indomain,Cars & Other Vehicles,2,3676634,3677231
9991,50253,wikihow~82696,indomain,Food and Entertaining,2,3677233,3677572
9992,50272,wikihow~82725,zeroshot,Family Life,1,3677574,3677975
9993,50285,wikihow~82746,indomain,Pets and Animals,0,3677977,3678442
9994,50310,wikihow~82787,zeroshot,Family Life,3,3678444,3678898
9995,50313,wikihow~82790,indomain,Computers and Electronics,3,3678900,3679299
9996,50315,wikihow~82794,indomain,Home and Garden,0,3679301,3679782
9997,50320,wikihow~82804,zeroshot,Personal Care and Style,1,3679784,3680159
9998,50328,wikihow~82818,indomain,Travel,3,3680161,3680566
9999,50329,wikihow~82820,indomain,Health,2,3680568,3680987
10000,50351,wikihow~82854,indomain,Food and Entertaining,1,3680989,3681374
10001,50368,wikihow~82883,indomain,Food and Entertaining,1,3681376,3681718
10002,50375,wikihow~82895,indomain,Travel,0,3681720,3682305
10003,50379,wikihow~82902,zeroshot,Personal Care and Style,0,3682307,3682697
10004,50383,wikihow~82909,zeroshot,Personal Care and Style,3,3682699,3683169
10005,50386,wikihow~82913,zeroshot,Personal Care and Style,0,3683171,3683492
10006,50390,wikihow~82918,zeroshot,Personal Care and Style,3,3683494,3683855
10007,50423,wikihow~82981,indomain,Food and Entertaining,1,3683857,3684465
10008,50427,wikihow~82986,zeroshot,Personal Care and Style,2,3684467,3684947
10009,50428,wikihow~82987,indomain,Health,3,3684949,3685332
10010,50438,wikihow~83008,indomain,Computers and Electronics,0,3685334,3685670
10011,50445,wikihow~83016,zeroshot,Personal Care and Style,3,3685672,3686191
10012,50461,wikihow~83051,indomain,Sports and Fitness,1,3686193,3686711
10013,50463,wikihow~83055,zeroshot,Personal Care and Style,3,3686713,3687142
10014,50475,wikihow~83069,indomain,Computers and Electronics,1,3687144,3687529
10015,50476,wikihow~83070,zeroshot,Personal Care and Style,1,3687531,3688012
10016,50477,wikihow~83072,indomain,Finance and Business,0,3688014,3688362
10017,50478,wikihow~83073,zeroshot,Personal Care and Style,1,3688364,3688840
10018,50481,wikihow~83076,indomain,Food and Entertaining,2,3688842,3689248
10019,50485,wikihow~83081,zeroshot,Personal Care and Style,2,3689250,3689720
10020,50512,wikihow~83121,zeroshot,Personal Care and Style,2,3689722,3690231
10021,50515,wikihow~83131,zeroshot,Personal Care and Style,2,3690233,3690571
10022,50517,wikihow~83133,zeroshot,Personal Care and Style,2,3690573,3691091
10023,50518,wikihow~83134,zeroshot,Personal Care and Style,3,3691093,3691528
10024,50522,wikihow~83138,indomain,Youth,3,3691530,3691998
10025,50536,wikihow~83164,indomain,Food and Entertaining,0,3692000,3692409
10026,50544,wikihow~83173,indomain,Relationships,3,3692411,3692770
10027,50547,wikihow~83178,zeroshot,Family Life,2,3692772,3693318
10028,50548,wikihow~83180,zeroshot,Personal Care and Style,0,3693320,3693826
10029,50557,wikihow~83196,indomain,Health,1,3693828,3694340
10030,50566,wikihow~83209,zeroshot,Family Life,2,3694342,3694793
10031,50568,wikihow~83213,zeroshot,Family Life,0,3694795,3695221
10032,50569,wikihow~83215,indomain,Work World,0,3695223,3695733
10033,50576,wikihow~83229,zeroshot,Personal Care and Style,0,3695735,3696207
10034,50580,wikihow~83236,zeroshot,Family Life,2,3696209,3696805
10035,50597,wikihow~83256,indomain,Food and Entertaining,3,3696807,3697367
10036,50601,wikihow~83260,zeroshot,Personal Care and Style,1,3697369,3697875
10037,50634,wikihow~83321,zeroshot,Family Life,1,3697877,3698479
10038,50640,wikihow~83333,zeroshot,Personal Care and Style,3,3698481,3698856
10039,50646,wikihow~83343,zeroshot,Personal Care and Style,3,3698858,3699249
10040,50653,wikihow~83356,indomain,Finance and Business,2,3699251,3699621
10041,50657,wikihow~83366,zeroshot,Family Life,2,3699623,3700134
