target_id,run_id,step,progress,layer,target_kl,target_nll_damage,selected_beta,match_class,absolute_kl_error,relative_kl_error,absolute_nll_error,relative_nll_error,achieved_kl,achieved_nll_damage,activation_relative_magnitude,activation_absolute_rms,objective,boundary_selected,trial_count,verification_kl_difference,verification_nll_difference,noise_s,noise_ds,baseline_nll,intervened_nll,reveal_nll_damage,reveal_kl,tokens_across_directions,confidence_bins,block_s,block_ds,block_kl,block_nll_damage,family_residual,reveal_kl_difference,reveal_nll_difference
r2_s14000_l1,2,14000,0.0979020979020979,1,0.5876143508487278,0.6313015884823269,0.610086654353,A,0.0059539786091558,0.0101324594958342,0.0071868013452599,0.0113841014760091,0.581660372239572,0.6384883898275868,0.6100867832148517,0.6680989199214511,0.0232264501851555,False,21,0.0,0.0,0.5877459490740741,0.41225405092592593,3.8640434741973877,4.5025318640249745,0.6384883898275868,0.581660372239572,13824,"[{'low': 0.0, 'high': 0.05, 'count': 771, 'agreement': 0.24773022049286642}, {'low': 0.05, 'high': 0.1, 'count': 1662, 'agreement': 0.33212996389891697}, {'low': 0.1, 'high': 0.2, 'count': 3321, 'agreement': 0.47034025895814513}, {'low': 0.2, 'high': 0.4, 'count': 3831, 'agreement': 0.6081962933959801}, {'low': 0.4, 'high': 1.01, 'count': 4239, 'agreement': 0.8233073838169379}]",0.5939670138888888,0.4060329861111111,0.5876143508487278,0.6313015884823269,0.006221064814814825,0.0,0.0
r2_s14000_l2,2,14000,0.0979020979020979,2,0.6941122081544665,0.7525731987423366,0.667777390647,A,0.0019050063910306,0.0027445222381162,0.0026323000590003,0.0034977329293627,0.6960172145454971,0.7499408986833362,0.6677773859765794,0.8201675415039062,0.0019766537960716,False,21,0.0,0.0,0.5533854166666666,0.44661458333333337,3.8640434741973877,4.613984372880724,0.7499408986833362,0.6960172145454971,13824,"[{'low': 0.0, 'high': 0.05, 'count': 771, 'agreement': 0.20492866407263294}, {'low': 0.05, 'high': 0.1, 'count': 1662, 'agreement': 0.33634175691937424}, {'low': 0.1, 'high': 0.2, 'count': 3321, 'agreement': 0.4366154772658838}, {'low': 0.2, 'high': 0.4, 'count': 3831, 'agreement': 0.5776559645001305}, {'low': 0.4, 'high': 1.01, 'count': 4239, 'agreement': 0.7714083510261854}]",0.5553385416666666,0.4446614583333333,0.6941122081544665,0.7525731987423366,0.0019531250000000555,0.0,0.0
r2_s14000_l3,2,14000,0.0979020979020979,3,0.7652236223220825,0.7743501398298474,0.569293543783,A,0.0186797446674771,0.0244108311904548,0.0176118568137839,0.022744048083508,0.7465438776546054,0.7919619966436313,0.5692934967853405,0.8291538136976736,0.1113180402636701,False,21,0.0,0.0,0.5580150462962963,0.4419849537037037,3.8640434741973877,4.656005470841019,0.7919619966436313,0.7465438776546054,13824,"[{'low': 0.0, 'high': 0.05, 'count': 771, 'agreement': 0.2243839169909209}, {'low': 0.05, 'high': 0.1, 'count': 1662, 'agreement': 0.309265944645006}, {'low': 0.1, 'high': 0.2, 'count': 3321, 'agreement': 0.4456489009334538}, {'low': 0.2, 'high': 0.4, 'count': 3831, 'agreement': 0.5875750456799791}, {'low': 0.4, 'high': 1.01, 'count': 4239, 'agreement': 0.7775418730832744}]",0.523654513888889,0.4763454861111111,0.7652236223220825,0.7743501398298474,-0.034360532407407385,0.0,0.0
r2_s14000_l4,2,14000,0.0979020979020979,4,0.262666051586469,0.2992361386617024,0.367257583746,A,0.0104497654570474,0.0397834641891953,0.0130830164308897,0.0437213783380519,0.2731158170435164,0.2861531222308127,0.3672577683572416,0.5544734707585087,0.3494282946696885,False,21,0.0,0.0,0.7180989583333334,0.28190104166666663,3.8640434741973877,4.1501965964282,0.2861531222308127,0.2731158170435164,13824,"[{'low': 0.0, 'high': 0.05, 'count': 771, 'agreement': 0.324254215304799}, {'low': 0.05, 'high': 0.1, 'count': 1662, 'agreement': 0.4981949458483754}, {'low': 0.1, 'high': 0.2, 'count': 3321, 'agreement': 0.609153869316471}, {'low': 0.2, 'high': 0.4, 'count': 3831, 'agreement': 0.7637692508483425}, {'low': 0.4, 'high': 1.01, 'count': 4239, 'agreement': 0.9200283085633404}]",0.7046440972222222,0.2953559027777778,0.262666051586469,0.2992361386617024,-0.01345486111111116,0.0,0.0
r2_s14000_l5,2,14000,0.0979020979020979,5,0.3018526766035292,0.3676611582438154,0.4390636269,B,0.022580145685761,0.074805186224485,0.0295605924394397,0.0804017279947646,0.3244328222892902,0.3381005658043756,0.4390638525839205,0.7019227743148804,1.2060253750696237,False,21,0.0,0.0,0.6876446759259259,0.31235532407407407,3.8640434741973877,4.202144040001763,0.33810056580437564,0.32443282228929027,13824,"[{'low': 0.0, 'high': 0.05, 'count': 771, 'agreement': 0.30739299610894943}, {'low': 0.05, 'high': 0.1, 'count': 1662, 'agreement': 0.42839951865222625}, {'low': 0.1, 'high': 0.2, 'count': 3321, 'agreement': 0.5639867509786209}, {'low': 0.2, 'high': 0.4, 'count': 3831, 'agreement': 0.7345340642129993}, {'low': 0.4, 'high': 1.01, 'count': 4239, 'agreement': 0.9129511677282378}]",0.6794704861111112,0.3205295138888889,0.3018526766035292,0.3676611582438154,-0.008174189814814825,5.551115123125783e-17,5.551115123125783e-17
r2_s14000_l6,2,14000,0.0979020979020979,6,0.1849737829632229,0.2089083989461266,0.327424162539,A,0.0014247701123908,0.007702551624121,0.0016254848904081,0.0077808498777474,0.1863985530756138,0.2072829140557184,0.3274243727878288,0.5557078763290688,0.0119870926343514,False,21,0.0,0.0,0.7652633101851852,0.23473668981481477,3.8640434741973877,4.071326388253106,0.20728291405571841,0.1863985530756138,13824,"[{'low': 0.0, 'high': 0.05, 'count': 771, 'agreement': 0.3981841763942931}, {'low': 0.05, 'high': 0.1, 'count': 1662, 'agreement': 0.5421179302045728}, {'low': 0.1, 'high': 0.2, 'count': 3321, 'agreement': 0.664257753688648}, {'low': 0.2, 'high': 0.4, 'count': 3831, 'agreement': 0.8159749412685983}, {'low': 0.4, 'high': 1.01, 'count': 4239, 'agreement': 0.9528190610993159}]",0.7400173611111112,0.2599826388888889,0.1849737829632229,0.2089083989461266,-0.025245949074074125,0.0,2.7755575615628914e-17
r2_s14000_l7,2,14000,0.0979020979020979,7,0.2531785782840516,0.2360346847110325,0.37826727059,B,0.020701503864041,0.0817664116935414,0.0159363040217644,0.0675167890736359,0.2324770744200106,0.251970988732797,0.3782673754073955,0.7301998182579323,1.1244262888142993,False,21,0.0,0.0,0.7401620370370371,0.2598379629629629,3.8640434741973877,4.116014462930185,0.251970988732797,0.23247707442001062,13824,"[{'low': 0.0, 'high': 0.05, 'count': 771, 'agreement': 0.3540856031128405}, {'low': 0.05, 'high': 0.1, 'count': 1662, 'agreement': 0.5246690734055355}, {'low': 0.1, 'high': 0.2, 'count': 3321, 'agreement': 0.6368563685636857}, {'low': 0.2, 'high': 0.4, 'count': 3831, 'agreement': 0.7825632993996345}, {'low': 0.4, 'high': 1.01, 'count': 4239, 'agreement': 0.9374852559565935}]",0.7081163194444443,0.2918836805555556,0.2531785782840516,0.2360346847110325,-0.03204571759259267,2.7755575615628914e-17,0.0
r2_s14000_l9,2,14000,0.0979020979020979,9,0.210194620821211,0.2148643864525687,0.370729772479,A,0.0003758409508952,0.0017880616993197,7.255872090597415e-05,0.0003376954278165,0.2105704617721063,0.2147918277316627,0.3707297698215202,0.9034723595336632,0.0003311202842574,False,21,0.0,0.0,0.7574508101851852,0.24254918981481477,3.8640434741973877,4.07883530192905,0.21479182773166272,0.2105704617721063,13824,"[{'low': 0.0, 'high': 0.05, 'count': 771, 'agreement': 0.3722438391699092}, {'low': 0.05, 'high': 0.1, 'count': 1662, 'agreement': 0.5354993983152828}, {'low': 0.1, 'high': 0.2, 'count': 3321, 'agreement': 0.6492020475760313}, {'low': 0.2, 'high': 0.4, 'count': 3831, 'agreement': 0.8123205429391803}, {'low': 0.4, 'high': 1.01, 'count': 4239, 'agreement': 0.9497523000707714}]",0.7194010416666666,0.2805989583333333,0.210194620821211,0.2148643864525687,-0.038049768518518545,0.0,2.7755575615628914e-17
r2_s14000_l10,2,14000,0.0979020979020979,10,0.2904930694235696,0.3209444946712916,0.467887361263,A,0.008793564306365,0.0302711673079981,0.0103565322028267,0.03226891993708,0.2992866337299347,0.3105879624684649,0.4678874523551375,1.35675369810175,0.1957626764107295,False,21,0.0,0.0,0.6911168981481481,0.30888310185185186,3.8640434741973877,4.174631436665853,0.3105879624684649,0.2992866337299347,13824,"[{'low': 0.0, 'high': 0.05, 'count': 771, 'agreement': 0.27496757457846954}, {'low': 0.05, 'high': 0.1, 'count': 1662, 'agreement': 0.41696750902527074}, {'low': 0.1, 'high': 0.2, 'count': 3321, 'agreement': 0.5663956639566395}, {'low': 0.2, 'high': 0.4, 'count': 3831, 'agreement': 0.7374053771861133}, {'low': 0.4, 'high': 1.01, 'count': 4239, 'agreement': 0.9301722104269875}]",0.6929253472222222,0.3070746527777778,0.2904930694235696,0.3209444946712916,0.00180844907407407,0.0,0.0
r2_s72000_l1,2,72000,0.5034965034965035,1,0.9493300782309636,0.9494883219401044,0.708203932499,A,0.0193914108806185,0.020426415769669,0.018659167819553,0.0196518139174232,0.9299386673503452,0.9681474897596574,0.7082039537253203,0.5608290875399554,0.0803432251442107,False,21,0.0,0.0,0.5173611111111112,0.48263888888888884,3.726160579257541,4.6943080690171985,0.9681474897596574,0.9299386673503451,13824,"[{'low': 0.0, 'high': 0.05, 'count': 645, 'agreement': 0.19224806201550387}, {'low': 0.05, 'high': 0.1, 'count': 1551, 'agreement': 0.2940038684719536}, {'low': 0.1, 'high': 0.2, 'count': 3078, 'agreement': 0.3713450292397661}, {'low': 0.2, 'high': 0.4, 'count': 4017, 'agreement': 0.5252676126462534}, {'low': 0.4, 'high': 1.01, 'count': 4533, 'agreement': 0.7321861901610413}]",0.5164930555555556,0.4835069444444444,0.9493300782309636,0.9494883219401044,-0.0008680555555555802,-1.1102230246251565e-16,0.0
r2_s72000_l2,2,72000,0.5034965034965035,2,0.92882463004854,0.9390635490417482,0.699480193099,A,0.0154512303846854,0.0166352504927236,0.0150848141422977,0.016063677647455,0.9133733996638546,0.954148363184046,0.6994801406507138,0.6275272545991121,0.0534773298518152,False,21,0.0,0.0,0.5177951388888888,0.48220486111111116,3.726160579257541,4.680308942441587,0.954148363184046,0.9133733996638546,13824,"[{'low': 0.0, 'high': 0.05, 'count': 645, 'agreement': 0.17364341085271318}, {'low': 0.05, 'high': 0.1, 'count': 1551, 'agreement': 0.28175370728562216}, {'low': 0.1, 'high': 0.2, 'count': 3078, 'agreement': 0.3843404808317089}, {'low': 0.2, 'high': 0.4, 'count': 4017, 'agreement': 0.5524022902663679}, {'low': 0.4, 'high': 1.01, 'count': 4533, 'agreement': 0.7074784910655195}]",0.4978298611111111,0.5021701388888888,0.92882463004854,0.9390635490417482,-0.01996527777777768,0.0,0.0
r2_s72000_l3,2,72000,0.5034965034965035,3,0.8842032485538058,0.8943626085917153,0.44408862564,A,0.0127062002817789,0.0143702257400057,0.0133019376684115,0.0148730923460029,0.8714970482720269,0.9076645462601268,0.4440885991961867,0.484436508682039,0.0427712263752417,False,21,0.0,0.0,0.552734375,0.447265625,3.726160579257541,4.633825125517668,0.9076645462601269,0.8714970482720269,13824,"[{'low': 0.0, 'high': 0.05, 'count': 645, 'agreement': 0.19689922480620156}, {'low': 0.05, 'high': 0.1, 'count': 1551, 'agreement': 0.2927143778207608}, {'low': 0.1, 'high': 0.2, 'count': 3078, 'agreement': 0.42560103963612733}, {'low': 0.2, 'high': 0.4, 'count': 4017, 'agreement': 0.5845158078167787}, {'low': 0.4, 'high': 1.01, 'count': 4533, 'agreement': 0.7504963600264726}]",0.5032552083333334,0.4967447916666667,0.8842032485538058,0.8943626085917153,-0.049479166666666685,0.0,1.1102230246251565e-16
r2_s72000_l4,2,72000,0.5034965034965035,4,0.3037220537662506,0.3406482802497017,0.271469520611,B,0.0162158464943921,0.0533904149970574,0.0172285062295418,0.0505756442300616,0.3199379002606427,0.3234197740201598,0.2714695775950396,0.2963550863442598,0.5408432202877571,False,21,0.0,0.0,0.7210648148148148,0.27893518518518523,3.726160579257541,4.049580353277701,0.32341977402015987,0.3199379002606427,13824,"[{'low': 0.0, 'high': 0.05, 'count': 645, 'agreement': 0.351937984496124}, {'low': 0.05, 'high': 0.1, 'count': 1551, 'agreement': 0.4738878143133462}, {'low': 0.1, 'high': 0.2, 'count': 3078, 'agreement': 0.5968161143599741}, {'low': 0.2, 'high': 0.4, 'count': 4017, 'agreement': 0.7637540453074434}, {'low': 0.4, 'high': 1.01, 'count': 4533, 'agreement': 0.9046988749172733}]",0.6905381944444445,0.3094618055555555,0.3037220537662506,0.3406482802497017,-0.030526620370370294,0.0,5.551115123125783e-17
r2_s72000_l5,2,72000,0.5034965034965035,5,0.3947205775313907,0.464462439219157,0.344645089413,B,0.0304319229390885,0.0770973814675049,0.03785577526799,0.0815044922288027,0.4251525004704793,0.426606663951167,0.34464501230805,0.3961713060184761,1.2586988482679655,False,21,0.0,0.0,0.6806278935185185,0.3193721064814815,3.726160579257541,4.152767243208708,0.426606663951167,0.4251525004704793,13824,"[{'low': 0.0, 'high': 0.05, 'count': 645, 'agreement': 0.2682170542635659}, {'low': 0.05, 'high': 0.1, 'count': 1551, 'agreement': 0.4442295293359123}, {'low': 0.1, 'high': 0.2, 'count': 3078, 'agreement': 0.5458089668615984}, {'low': 0.2, 'high': 0.4, 'count': 4017, 'agreement': 0.7246701518546179}, {'low': 0.4, 'high': 1.01, 'count': 4533, 'agreement': 0.8727112287668211}]",0.6538628472222222,0.3461371527777778,0.3947205775313907,0.464462439219157,-0.02676504629629628,0.0,0.0
r2_s72000_l6,2,72000,0.5034965034965035,6,0.2554864916536543,0.2966276009877524,0.273982019981,B,0.0153854991550799,0.0602204016949623,0.0184876830489546,0.0623262399969842,0.2708719908087342,0.2781399179387978,0.2739820811483595,0.3302305451145879,0.7511056972518872,False,21,0.0,0.0,0.7447916666666666,0.25520833333333337,3.726160579257541,4.004300497196339,0.2781399179387978,0.2708719908087342,13824,"[{'low': 0.0, 'high': 0.05, 'count': 645, 'agreement': 0.36589147286821705}, {'low': 0.05, 'high': 0.1, 'count': 1551, 'agreement': 0.5099935525467441}, {'low': 0.1, 'high': 0.2, 'count': 3078, 'agreement': 0.6098115659519169}, {'low': 0.2, 'high': 0.4, 'count': 4017, 'agreement': 0.7978590988299726}, {'low': 0.4, 'high': 1.01, 'count': 4533, 'agreement': 0.9236708581513347}]",0.6983506944444443,0.3016493055555556,0.2554864916536543,0.2966276009877524,-0.04644097222222221,0.0,0.0
r2_s72000_l7,2,72000,0.5034965034965035,7,0.3825724124908447,0.3660224808586971,0.341906038116,A,0.0093260197727768,0.0243771361140047,0.0079033992908617,0.021592660845035,0.3732463927180678,0.3739258801495588,0.3419060497372239,0.4628017754466445,0.1060487767495075,False,21,0.0,0.0,0.6971932870370371,0.3028067129629629,3.726160579257541,4.1000864594071,0.37392588014955885,0.37324639271806787,13824,"[{'low': 0.0, 'high': 0.05, 'count': 645, 'agreement': 0.3085271317829457}, {'low': 0.05, 'high': 0.1, 'count': 1551, 'agreement': 0.45325596389426176}, {'low': 0.1, 'high': 0.2, 'count': 3078, 'agreement': 0.5610786224821313}, {'low': 0.2, 'high': 0.4, 'count': 4017, 'agreement': 0.7415982076176251}, {'low': 0.4, 'high': 1.01, 'count': 4533, 'agreement': 0.8890359585263622}]",0.656032986111111,0.3439670138888889,0.3825724124908447,0.3660224808586971,-0.041160300925925986,5.551115123125783e-17,5.551115123125783e-17
r2_s72000_l9,2,72000,0.5034965034965035,9,0.3535401688681708,0.3771826161278618,0.37324227185,A,0.0116625163290235,0.0329878111625255,0.0129683370943419,0.0343821176793348,0.3652026851971944,0.3642142790335199,0.3732422336384102,0.7235322793324789,0.2270325701422501,False,21,0.0,0.0,0.6934317129629629,0.3065682870370371,3.726160579257541,4.090374858291061,0.3642142790335199,0.3652026851971944,13824,"[{'low': 0.0, 'high': 0.05, 'count': 645, 'agreement': 0.31317829457364343}, {'low': 0.05, 'high': 0.1, 'count': 1551, 'agreement': 0.43520309477756286}, {'low': 0.1, 'high': 0.2, 'count': 3078, 'agreement': 0.5513320337881742}, {'low': 0.2, 'high': 0.4, 'count': 4017, 'agreement': 0.7308937017674881}, {'low': 0.4, 'high': 1.01, 'count': 4533, 'agreement': 0.8991837635120229}]",0.6566840277777778,0.3433159722222221,0.3535401688681708,0.3771826161278618,-0.03674768518518501,0.0,0.0
r2_s72000_l10,2,72000,0.5034965034965035,10,0.5688886642456055,0.5656325022379556,0.52014326253,A,0.003988382992921,0.0070108322481745,0.0046038451018155,0.0081392866986816,0.5649002812526844,0.5702363473397711,0.5201431159619931,1.2202291091283162,0.0115399756775787,False,21,0.0,0.0,0.6040219907407407,0.3959780092592593,3.726160579257541,4.296396926597312,0.5702363473397711,0.5649002812526844,13824,"[{'low': 0.0, 'high': 0.05, 'count': 645, 'agreement': 0.16744186046511628}, {'low': 0.05, 'high': 0.1, 'count': 1551, 'agreement': 0.3120567375886525}, {'low': 0.1, 'high': 0.2, 'count': 3078, 'agreement': 0.4506172839506173}, {'low': 0.2, 'high': 0.4, 'count': 4017, 'agreement': 0.623848643266119}, {'low': 0.4, 'high': 1.01, 'count': 4533, 'agreement': 0.8526362232517097}]",0.6284722222222222,0.3715277777777778,0.5688886642456055,0.5656325022379556,0.02445023148148151,0.0,0.0
r2_s143000_l1,2,143000,1.0,1,1.0257128013504877,1.0317671828799777,0.734741719419,A,0.0045456886291501,0.0044317362746772,0.004178223786531,0.0040495800369075,1.021167112721337,1.0359454066665088,0.7347417694550974,0.2938111192650265,0.0036039384883679,False,21,0.0,0.0,0.4852430555555556,0.5147569444444444,3.695264048046536,4.731209454713045,1.0359454066665088,1.0211671127213373,13824,"[{'low': 0.0, 'high': 0.05, 'count': 663, 'agreement': 0.18401206636500755}, {'low': 0.05, 'high': 0.1, 'count': 1635, 'agreement': 0.25321100917431194}, {'low': 0.1, 'high': 0.2, 'count': 3168, 'agreement': 0.3345959595959596}, {'low': 0.2, 'high': 0.4, 'count': 3831, 'agreement': 0.5061341686243801}, {'low': 0.4, 'high': 1.01, 'count': 4527, 'agreement': 0.7009056770488182}]",0.4809027777777777,0.5190972222222222,1.0257128013504877,1.0317671828799777,-0.00434027777777779,2.220446049250313e-16,0.0
r2_s143000_l2,2,143000,1.0,2,1.2016478247112696,1.209634330537584,0.75,A,0.0023160289835044,0.001927377502688,0.0047038219593191,0.0038886313330945,1.1993317957277652,1.2143381524969032,0.7499998322239628,0.3448107827592779,0.0018836237682623,False,21,0.0,0.0,0.45326967592592593,0.5467303240740741,3.695264048046536,4.909602200543439,1.2143381524969032,1.1993317957277652,13824,"[{'low': 0.0, 'high': 0.05, 'count': 663, 'agreement': 0.1779788838612368}, {'low': 0.05, 'high': 0.1, 'count': 1635, 'agreement': 0.22507645259938838}, {'low': 0.1, 'high': 0.2, 'count': 3168, 'agreement': 0.33585858585858586}, {'low': 0.2, 'high': 0.4, 'count': 3831, 'agreement': 0.48238057948316365}, {'low': 0.4, 'high': 1.01, 'count': 4527, 'agreement': 0.633532140490391}]",0.4420572916666667,0.5579427083333333,1.2016478247112696,1.209634330537584,-0.01121238425925919,0.0,0.0
r2_s143000_l3,2,143000,1.0,3,1.250755018658108,1.227257172266642,0.48739423558,A,0.0286124414867823,0.0228761356620073,0.0245443979899091,0.019999392584162,1.2221425771713257,1.2518015702565513,0.4873941871854994,0.2784727811813354,0.0923293286563489,False,21,0.0,0.0,0.47822627314814814,0.5217737268518519,3.695264048046536,4.947065618303087,1.2518015702565513,1.2221425771713257,13824,"[{'low': 0.0, 'high': 0.05, 'count': 663, 'agreement': 0.1583710407239819}, {'low': 0.05, 'high': 0.1, 'count': 1635, 'agreement': 0.24281345565749235}, {'low': 0.1, 'high': 0.2, 'count': 3168, 'agreement': 0.35511363636363635}, {'low': 0.2, 'high': 0.4, 'count': 3831, 'agreement': 0.5155311929000261}, {'low': 0.4, 'high': 1.01, 'count': 4527, 'agreement': 0.6646785950960902}]",0.4186197916666667,0.5813802083333333,1.250755018658108,1.227257172266642,-0.0596064814814814,0.0,0.0
r2_s143000_l4,2,143000,1.0,4,0.3945920136239793,0.4097302754720051,0.28795731005,A,0.0156275795565711,0.0396043990171164,0.015217401363231,0.0371400462064065,0.4102195931805504,0.394512874108774,0.2879574166403876,0.1668154078501242,0.2947891453735666,False,21,0.0,0.0,0.6705005787037037,0.3294994212962963,3.695264048046536,4.08977692215531,0.394512874108774,0.41021959318055046,13824,"[{'low': 0.0, 'high': 0.05, 'count': 663, 'agreement': 0.28355957767722473}, {'low': 0.05, 'high': 0.1, 'count': 1635, 'agreement': 0.38776758409785933}, {'low': 0.1, 'high': 0.2, 'count': 3168, 'agreement': 0.5400883838383839}, {'low': 0.2, 'high': 0.4, 'count': 3831, 'agreement': 0.7178282432785174}, {'low': 0.4, 'high': 1.01, 'count': 4527, 'agreement': 0.8804948089242324}]",0.6438802083333334,0.3561197916666667,0.3945920136239793,0.4097302754720051,-0.026620370370370405,5.551115123125783e-17,0.0
r2_s143000_l5,2,143000,1.0,5,0.5600684947437711,0.6294175518883601,0.388543819998,B,0.0383623109923467,0.0684957489169764,0.0408815631160029,0.0649514189639077,0.5984308057361178,0.5885359887723571,0.3885438387040739,0.2402124923688394,0.8910354445152714,False,21,0.0,0.0,0.6110387731481481,0.38896122685185186,3.695264048046536,4.283800036818893,0.5885359887723571,0.5984308057361178,13824,"[{'low': 0.0, 'high': 0.05, 'count': 663, 'agreement': 0.23378582202111614}, {'low': 0.05, 'high': 0.1, 'count': 1635, 'agreement': 0.3376146788990826}, {'low': 0.1, 'high': 0.2, 'count': 3168, 'agreement': 0.48011363636363635}, {'low': 0.2, 'high': 0.4, 'count': 3831, 'agreement': 0.6436961628817541}, {'low': 0.4, 'high': 1.01, 'count': 4527, 'agreement': 0.8290258449304175}]",0.5768229166666666,0.4231770833333333,0.5600684947437711,0.6294175518883601,-0.034215856481481455,0.0,0.0
r2_s143000_l6,2,143000,1.0,6,0.3667832811673482,0.3975701067182752,0.324685111242,A,0.0174257402066831,0.0475096360749468,0.0190827581617571,0.04799847332393,0.3842090213740313,0.3784873485565181,0.3246852225727505,0.2112904566305655,0.4561018961425812,False,21,0.0,0.0,0.6849681712962963,0.3150318287037037,3.695264048046536,4.073751396603054,0.3784873485565181,0.38420902137403135,13824,"[{'low': 0.0, 'high': 0.05, 'count': 663, 'agreement': 0.277526395173454}, {'low': 0.05, 'high': 0.1, 'count': 1635, 'agreement': 0.4091743119266055}, {'low': 0.1, 'high': 0.2, 'count': 3168, 'agreement': 0.5546085858585859}, {'low': 0.2, 'high': 0.4, 'count': 3831, 'agreement': 0.7384494909945184}, {'low': 0.4, 'high': 1.01, 'count': 4527, 'agreement': 0.8902142699359399}]",0.6499565972222222,0.3500434027777778,0.3667832811673482,0.3975701067182752,-0.03501157407407407,5.551115123125783e-17,0.0
r2_s143000_l7,2,143000,1.0,7,0.6537510553995768,0.5878107017940946,0.452812365041,B,0.0385633773273891,0.0589878624421645,0.0226947996351452,0.038609027644169,0.6151876780721877,0.6105055014292398,0.4528125027815501,0.3609959781169891,0.4970224931139653,False,21,0.0,0.0,0.6032262731481481,0.39677372685185186,3.695264048046536,4.305769549475776,0.6105055014292398,0.6151876780721877,13824,"[{'low': 0.0, 'high': 0.05, 'count': 663, 'agreement': 0.1975867269984917}, {'low': 0.05, 'high': 0.1, 'count': 1635, 'agreement': 0.3443425076452599}, {'low': 0.1, 'high': 0.2, 'count': 3168, 'agreement': 0.4671717171717172}, {'low': 0.2, 'high': 0.4, 'count': 3831, 'agreement': 0.6470895327590708}, {'low': 0.4, 'high': 1.01, 'count': 4527, 'agreement': 0.8142257565716811}]",0.5633680555555555,0.4366319444444445,0.6537510553995768,0.5878107017940946,-0.039858217592592615,0.0,0.0
r2_s143000_l9,2,143000,1.0,9,0.3689571420351664,0.3673667377895779,0.365704773739,A,0.000503686843095,0.0013651635534559,0.0002723093386052,0.0007412465816664,0.3684534551920714,0.3676390471281832,0.3657046655813853,0.3847854104306962,0.0002413118022529,False,21,0.0,0.0,0.685546875,0.314453125,3.695264048046536,4.062903095174719,0.3676390471281832,0.3684534551920714,13824,"[{'low': 0.0, 'high': 0.05, 'count': 663, 'agreement': 0.28808446455505277}, {'low': 0.05, 'high': 0.1, 'count': 1635, 'agreement': 0.40489296636085625}, {'low': 0.1, 'high': 0.2, 'count': 3168, 'agreement': 0.5643939393939394}, {'low': 0.2, 'high': 0.4, 'count': 3831, 'agreement': 0.7209605847037327}, {'low': 0.4, 'high': 1.01, 'count': 4527, 'agreement': 0.8999337309476475}]",0.66796875,0.33203125,0.3689571420351664,0.3673667377895779,-0.017578125,0.0,0.0
r2_s143000_l10,2,143000,1.0,10,1.022492839230431,1.0224942366282146,0.73488173621,A,0.0020772284931604,0.0020315335359432,0.0017181855660897,0.0016803865533305,1.0204156107372708,1.0242124221943043,0.7348818492006373,0.8059203757180108,0.0006950827476289,False,21,0.0,0.0,0.48336226851851855,0.5166377314814814,3.695264048046536,4.71947647024084,1.0242124221943043,1.0204156107372708,13824,"[{'low': 0.0, 'high': 0.05, 'count': 663, 'agreement': 0.12669683257918551}, {'low': 0.05, 'high': 0.1, 'count': 1635, 'agreement': 0.1963302752293578}, {'low': 0.1, 'high': 0.2, 'count': 3168, 'agreement': 0.33301767676767674}, {'low': 0.2, 'high': 0.4, 'count': 3831, 'agreement': 0.4925606891151135}, {'low': 0.4, 'high': 1.01, 'count': 4527, 'agreement': 0.736690965319196}]",0.501953125,0.498046875,1.0224928392304315,1.0224942366282146,0.0185908564814814,0.0,0.0
r3_s14000_l1,3,14000,0.0979020979020979,1,0.6331983407338461,0.718385034137302,0.649370222483,A,0.0053238140212165,0.0084078142324852,0.0063293951529047,0.0088105888237173,0.6385221547550626,0.7120556389843973,0.6493700014220344,0.6990212930573357,0.0148317815589035,False,21,0.0,0.0,0.560546875,0.439453125,3.902893410788642,4.614949049773039,0.7120556389843973,0.6385221547550626,13824,"[{'low': 0.0, 'high': 0.05, 'count': 819, 'agreement': 0.2026862026862027}, {'low': 0.05, 'high': 0.1, 'count': 1734, 'agreement': 0.3004613610149942}, {'low': 0.1, 'high': 0.2, 'count': 3231, 'agreement': 0.44042092231507274}, {'low': 0.2, 'high': 0.4, 'count': 3939, 'agreement': 0.5839045443005839}, {'low': 0.4, 'high': 1.01, 'count': 4101, 'agreement': 0.8141916605705926}]",0.5635850694444444,0.4364149305555556,0.6331983407338461,0.718385034137302,0.0030381944444444198,0.0,0.0
r3_s14000_l2,3,14000,0.0979020979020979,2,0.5016940666569604,0.5203430122799345,0.592865727479,A,0.0233937656437909,0.0466295441754547,0.0217436331289787,0.041787114683572,0.4783003010131694,0.5420866454089133,0.5928656878294768,0.7102371608769452,0.3920477343604072,False,21,0.0,0.0,0.6212384259259259,0.37876157407407407,3.902893410788642,4.444980056197555,0.5420866454089133,0.47830030101316945,13824,"[{'low': 0.0, 'high': 0.05, 'count': 819, 'agreement': 0.2588522588522589}, {'low': 0.05, 'high': 0.1, 'count': 1734, 'agreement': 0.37773933102652824}, {'low': 0.1, 'high': 0.2, 'count': 3231, 'agreement': 0.5122253172392448}, {'low': 0.2, 'high': 0.4, 'count': 3939, 'agreement': 0.6532114749936532}, {'low': 0.4, 'high': 1.01, 'count': 4101, 'agreement': 0.8517434772006828}]",0.603515625,0.396484375,0.5016940666569604,0.5203430122799345,-0.01772280092592593,5.551115123125783e-17,0.0
r3_s14000_l3,3,14000,0.0979020979020979,3,1.1653783188925848,1.2564765877193873,0.723505480648,A,0.0059504244062633,0.0051060023254188,0.0062061945597331,0.0049393634711435,1.1594278944863214,1.2626827822791205,0.7235055455455074,1.034763358257435,0.0050468571247333,False,21,0.0,0.0,0.45326967592592593,0.5467303240740741,3.902893410788642,5.165576193067762,1.2626827822791205,1.1594278944863214,13824,"[{'low': 0.0, 'high': 0.05, 'count': 819, 'agreement': 0.13797313797313798}, {'low': 0.05, 'high': 0.1, 'count': 1734, 'agreement': 0.23760092272202998}, {'low': 0.1, 'high': 0.2, 'count': 3231, 'agreement': 0.3630454967502321}, {'low': 0.2, 'high': 0.4, 'count': 3939, 'agreement': 0.4887027164254887}, {'low': 0.4, 'high': 1.01, 'count': 4101, 'agreement': 0.6444769568397952}]",0.4270833333333333,0.5729166666666666,1.1653783188925848,1.2564765877193873,-0.02618634259259256,0.0,0.0
r3_s14000_l4,3,14000,0.0979020979020979,4,0.4211405383216011,0.4601081477271185,0.46204268995,A,0.0028961974161643,0.0068770330866267,0.0032444706669565,0.0070515392587086,0.4182443409054368,0.463352618394075,0.4620427136067991,0.6944554977946811,0.0097017789992108,False,21,0.0,0.0,0.6572627314814815,0.3427372685185185,3.902893410788642,4.366246029182717,0.46335261839407504,0.4182443409054368,13824,"[{'low': 0.0, 'high': 0.05, 'count': 819, 'agreement': 0.26373626373626374}, {'low': 0.05, 'high': 0.1, 'count': 1734, 'agreement': 0.39850057670126876}, {'low': 0.1, 'high': 0.2, 'count': 3231, 'agreement': 0.5648406066233365}, {'low': 0.2, 'high': 0.4, 'count': 3939, 'agreement': 0.6973851231276974}, {'low': 0.4, 'high': 1.01, 'count': 4101, 'agreement': 0.8795415752255548}]",0.6304253472222222,0.3695746527777778,0.4211405383216011,0.4601081477271185,-0.0268373842592593,0.0,5.551115123125783e-17
r3_s14000_l5,3,14000,0.0979020979020979,5,0.2574349194765091,0.303992615805732,0.390096630006,A,0.0079947627253002,0.0310554711906467,0.009498472566958,0.0312457345115148,0.2654296822018093,0.294494143238774,0.3900966986461922,0.6256101043136032,0.1940738216051074,False,21,0.0,0.0,0.7246817129629629,0.2753182870370371,3.902893410788642,4.197387554027416,0.294494143238774,0.26542968220180935,13824,"[{'low': 0.0, 'high': 0.05, 'count': 819, 'agreement': 0.33577533577533575}, {'low': 0.05, 'high': 0.1, 'count': 1734, 'agreement': 0.48961937716262977}, {'low': 0.1, 'high': 0.2, 'count': 3231, 'agreement': 0.6443825441039925}, {'low': 0.2, 'high': 0.4, 'count': 3939, 'agreement': 0.7654226961157654}, {'low': 0.4, 'high': 1.01, 'count': 4101, 'agreement': 0.9258717386003413}]",0.711154513888889,0.2888454861111111,0.2574349194765091,0.303992615805732,-0.013527199074074014,5.551115123125783e-17,0.0
r3_s14000_l8,3,14000,0.0979020979020979,8,0.1952278746498955,0.2021975252363418,0.355654776257,A,0.0030769065574363,0.0157605903508319,0.0027758368739375,0.0137283424744159,0.1921509680924592,0.2049733621102794,0.3556548202479327,0.7882015550578082,0.0436863595305999,False,21,0.0,0.0,0.7585358796296297,0.24146412037037035,3.902893410788642,4.107866772898921,0.2049733621102794,0.1921509680924592,13824,"[{'low': 0.0, 'high': 0.05, 'count': 819, 'agreement': 0.3626373626373626}, {'low': 0.05, 'high': 0.1, 'count': 1734, 'agreement': 0.5213379469434832}, {'low': 0.1, 'high': 0.2, 'count': 3231, 'agreement': 0.6815227483751161}, {'low': 0.2, 'high': 0.4, 'count': 3939, 'agreement': 0.8017263264788017}, {'low': 0.4, 'high': 1.01, 'count': 4101, 'agreement': 0.9570836381370398}]",0.7454427083333334,0.2545572916666666,0.1952278746498955,0.2021975252363418,-0.013093171296296224,0.0,0.0
r3_s14000_l9,3,14000,0.0979020979020979,9,0.2099452780352698,0.2110987769232855,0.371322893124,A,0.003634809895798,0.0173131300203382,0.0039199016712334,0.0185690401827359,0.2063104681394718,0.2150186785945189,0.3713229883600164,0.902795252976594,0.0644553724415321,False,21,0.0,0.0,0.7458043981481481,0.25419560185185186,3.902893410788642,4.117912089383161,0.21501867859451895,0.20631046813947182,13824,"[{'low': 0.0, 'high': 0.05, 'count': 819, 'agreement': 0.3492063492063492}, {'low': 0.05, 'high': 0.1, 'count': 1734, 'agreement': 0.510957324106113}, {'low': 0.1, 'high': 0.2, 'count': 3231, 'agreement': 0.6583101207056639}, {'low': 0.2, 'high': 0.4, 'count': 3939, 'agreement': 0.7887788778877888}, {'low': 0.4, 'high': 1.01, 'count': 4101, 'agreement': 0.9519629358693001}]",0.720703125,0.2792968749999999,0.2099452780352698,0.2110987769232855,-0.02510127314814803,2.7755575615628914e-17,5.551115123125783e-17
r3_s14000_l10,3,14000,0.0979020979020979,10,0.2584894531302982,0.2954315344492597,0.443722056922,A,0.0075988112776367,0.0293969877129842,0.0089437873275191,0.0302736379992804,0.266088264407935,0.2864877471217406,0.4437221089998881,1.2327134565070823,0.1780676044321711,False,21,0.0,0.0,0.7071035879629629,0.2928964120370371,3.902893410788642,4.189381157910383,0.28648774712174063,0.266088264407935,13824,"[{'low': 0.0, 'high': 0.05, 'count': 819, 'agreement': 0.2686202686202686}, {'low': 0.05, 'high': 0.1, 'count': 1734, 'agreement': 0.4348327566320646}, {'low': 0.1, 'high': 0.2, 'count': 3231, 'agreement': 0.6140513772825751}, {'low': 0.2, 'high': 0.4, 'count': 3939, 'agreement': 0.7481594313277482}, {'low': 0.4, 'high': 1.01, 'count': 4101, 'agreement': 0.9436722750548646}]",0.7016059027777778,0.2983940972222222,0.2584894531302982,0.2954315344492597,-0.005497685185185119,0.0,5.551115123125783e-17
r3_s72000_l1,3,72000,0.5034965034965035,1,0.8216641214158799,0.8519875208536782,0.657500841239,A,0.0018917587068346,0.0023023503856691,0.0014251779626914,0.0016727685885138,0.8235558801227145,0.8505623428909868,0.6575007725644995,0.5220657697430363,0.0008098972049128,False,21,0.0,0.0,0.5334201388888888,0.46657986111111116,3.722345140245226,4.572907483136213,0.8505623428909868,0.8235558801227145,13824,"[{'low': 0.0, 'high': 0.05, 'count': 678, 'agreement': 0.17699115044247787}, {'low': 0.05, 'high': 0.1, 'count': 1476, 'agreement': 0.26287262872628725}, {'low': 0.1, 'high': 0.2, 'count': 3132, 'agreement': 0.4125159642401022}, {'low': 0.2, 'high': 0.4, 'count': 3867, 'agreement': 0.5352986811481769}, {'low': 0.4, 'high': 1.01, 'count': 4671, 'agreement': 0.7501605651894669}]",0.5442708333333334,0.4557291666666667,0.8216641214158799,0.8519875208536782,0.010850694444444475,0.0,0.0
r3_s72000_l2,3,72000,0.5034965034965035,2,0.8010647826724583,0.798615190717909,0.68417864495,A,0.0112845169173346,0.0140868967921345,0.0083542753148958,0.0104609521731929,0.7897802657551236,0.8069694660328048,0.6841787298520406,0.6024021263475772,0.0307872181602849,False,21,0.0,0.0,0.5399305555555556,0.4600694444444444,3.722345140245226,4.529314606278031,0.8069694660328048,0.7897802657551236,13824,"[{'low': 0.0, 'high': 0.05, 'count': 678, 'agreement': 0.18584070796460178}, {'low': 0.05, 'high': 0.1, 'count': 1476, 'agreement': 0.2845528455284553}, {'low': 0.1, 'high': 0.2, 'count': 3132, 'agreement': 0.4326309067688378}, {'low': 0.2, 'high': 0.4, 'count': 3867, 'agreement': 0.552624773726403}, {'low': 0.4, 'high': 1.01, 'count': 4671, 'agreement': 0.7334617854849069}]",0.53515625,0.46484375,0.8010647826724583,0.798615190717909,-0.00477430555555558,0.0,0.0
r3_s72000_l3,3,72000,0.5034965034965035,3,1.7865699529647827,1.7594680786132812,0.674128647469,A,0.0320961651978668,0.0179652440390513,0.0289339666013361,0.0164447238077339,1.754473787766916,1.7884020452146174,0.6741286670720136,0.7110146504861338,0.0593178934495991,False,21,0.0,0.0,0.38230613425925924,0.6176938657407407,3.722345140245226,5.510747185459843,1.7884020452146174,1.7544737877669159,13824,"[{'low': 0.0, 'high': 0.05, 'count': 678, 'agreement': 0.10914454277286136}, {'low': 0.05, 'high': 0.1, 'count': 1476, 'agreement': 0.1578590785907859}, {'low': 0.1, 'high': 0.2, 'count': 3132, 'agreement': 0.2886334610472541}, {'low': 0.2, 'high': 0.4, 'count': 3867, 'agreement': 0.40858546677010604}, {'low': 0.4, 'high': 1.01, 'count': 4671, 'agreement': 0.5339327767073432}]",0.3500434027777778,0.6499565972222222,1.7865699529647827,1.7594680786132812,-0.03226273148148151,-2.220446049250313e-16,0.0
r3_s72000_l4,3,72000,0.5034965034965035,4,0.420711682902442,0.4373422463734943,0.324685111242,A,0.0101880089000419,0.0242161302242234,0.0110809184886788,0.0253369496785139,0.430899691802484,0.4262613278848155,0.3246851806287412,0.3524324264791276,0.122838198205382,False,21,0.0,0.0,0.6684027777777778,0.3315972222222222,3.722345140245226,4.148606468130041,0.4262613278848155,0.430899691802484,13824,"[{'low': 0.0, 'high': 0.05, 'count': 678, 'agreement': 0.2448377581120944}, {'low': 0.05, 'high': 0.1, 'count': 1476, 'agreement': 0.37737127371273715}, {'low': 0.1, 'high': 0.2, 'count': 3132, 'agreement': 0.5418263090676884}, {'low': 0.2, 'high': 0.4, 'count': 3867, 'agreement': 0.7039048357900181}, {'low': 0.4, 'high': 1.01, 'count': 4671, 'agreement': 0.8773281952472703}]",0.6354166666666666,0.3645833333333333,0.420711682902442,0.4373422463734943,-0.032986111111111105,0.0,0.0
r3_s72000_l5,3,72000,0.5034965034965035,5,0.2777864734331767,0.2731298870510523,0.269183573168,A,0.0023579834787934,0.0084884747973595,0.0023618450871219,0.0086473330056034,0.2754284899543833,0.2754917321381742,0.2691837482982211,0.3016511135631137,0.0146830572496273,False,21,0.0,0.0,0.7352430555555556,0.2647569444444444,3.722345140245226,3.9978368723834,0.27549173213817424,0.2754284899543833,13824,"[{'low': 0.0, 'high': 0.05, 'count': 678, 'agreement': 0.30383480825958703}, {'low': 0.05, 'high': 0.1, 'count': 1476, 'agreement': 0.4573170731707317}, {'low': 0.1, 'high': 0.2, 'count': 3132, 'agreement': 0.6401660280970626}, {'low': 0.2, 'high': 0.4, 'count': 3867, 'agreement': 0.769588828549263}, {'low': 0.4, 'high': 1.01, 'count': 4671, 'agreement': 0.9210019267822736}]",0.6953125,0.3046875,0.2777864734331767,0.2731298870510523,-0.03993055555555558,0.0,5.551115123125783e-17
r3_s72000_l6,3,72000,0.5034965034965035,6,0.3916894363032446,0.4318052397833927,0.349443536227,A,0.0141727560096317,0.0361836564788616,0.0163825882805717,0.0379397625854467,0.4058621923128764,0.415422651502821,0.3494436222094076,0.4354915707199662,0.2748682581233682,False,21,0.0,0.0,0.6825810185185185,0.3174189814814815,3.722345140245226,4.137767791748047,0.415422651502821,0.4058621923128764,13824,"[{'low': 0.0, 'high': 0.05, 'count': 678, 'agreement': 0.27728613569321536}, {'low': 0.05, 'high': 0.1, 'count': 1476, 'agreement': 0.39363143631436315}, {'low': 0.1, 'high': 0.2, 'count': 3132, 'agreement': 0.5616219667943806}, {'low': 0.2, 'high': 0.4, 'count': 3867, 'agreement': 0.7139901732609257}, {'low': 0.4, 'high': 1.01, 'count': 4671, 'agreement': 0.8878184542924428}]",0.6440972222222222,0.3559027777777778,0.3916894363032446,0.4318052397833927,-0.03848379629629628,0.0,0.0
r3_s72000_l8,3,72000,0.5034965034965035,8,0.3690718511740367,0.4042413499620223,0.391466155654,A,0.015419245870025,0.041778439133014,0.0168660481770834,0.0417227188129722,0.3844910970440617,0.3873753017849388,0.3914661628228646,0.6342112708974768,0.3486223241555374,False,21,0.0,0.0,0.6825810185185185,0.3174189814814815,3.722345140245226,4.109720442030165,0.38737530178493884,0.38449109704406176,13824,"[{'low': 0.0, 'high': 0.05, 'count': 678, 'agreement': 0.2920353982300885}, {'low': 0.05, 'high': 0.1, 'count': 1476, 'agreement': 0.37330623306233063}, {'low': 0.1, 'high': 0.2, 'count': 3132, 'agreement': 0.5545977011494253}, {'low': 0.2, 'high': 0.4, 'count': 3867, 'agreement': 0.7111455908973364}, {'low': 0.4, 'high': 1.01, 'count': 4671, 'agreement': 0.899165061014772}]",0.6586371527777778,0.3413628472222221,0.3690718511740367,0.4042413499620223,-0.02394386574074059,5.551115123125783e-17,5.551115123125783e-17
r3_s72000_l9,3,72000,0.5034965034965035,9,0.319050669670105,0.3441070450676811,0.368810393754,A,0.0119820645561924,0.0375553656368885,0.013931963178847,0.0404872942257441,0.3310327342262975,0.330175081888834,0.3688104704574302,0.7092180693591082,0.3049626481860733,False,21,0.0,0.0,0.7018229166666666,0.29817708333333337,3.722345140245226,4.05252022213406,0.33017508188883404,0.3310327342262975,13824,"[{'low': 0.0, 'high': 0.05, 'count': 678, 'agreement': 0.26253687315634217}, {'low': 0.05, 'high': 0.1, 'count': 1476, 'agreement': 0.39363143631436315}, {'low': 0.1, 'high': 0.2, 'count': 3132, 'agreement': 0.5836526181353767}, {'low': 0.2, 'high': 0.4, 'count': 3867, 'agreement': 0.7375226273597104}, {'low': 0.4, 'high': 1.01, 'count': 4671, 'agreement': 0.9126525369299936}]",0.6877170138888888,0.3122829861111111,0.319050669670105,0.3441070450676811,-0.014105902777777735,0.0,5.551115123125783e-17
r3_s72000_l10,3,72000,0.5034965034965035,10,0.4807328250673082,0.5195619265238443,0.492052665603,A,0.0160565023069028,0.0334000539792999,0.0173674512792518,0.0334271053989969,0.496789327374211,0.5021944752445924,0.4920527968141768,1.1221054483343054,0.2232934981184745,False,21,0.0,0.0,0.6279658564814815,0.3720341435185185,3.722345140245226,4.224539615489818,0.5021944752445924,0.49678932737421105,13824,"[{'low': 0.0, 'high': 0.05, 'count': 678, 'agreement': 0.1873156342182891}, {'low': 0.05, 'high': 0.1, 'count': 1476, 'agreement': 0.2953929539295393}, {'low': 0.1, 'high': 0.2, 'count': 3132, 'agreement': 0.46807151979565775}, {'low': 0.2, 'high': 0.4, 'count': 3867, 'agreement': 0.656322730799069}, {'low': 0.4, 'high': 1.01, 'count': 4671, 'agreement': 0.8807535859558981}]",0.636935763888889,0.3630642361111111,0.4807328250673082,0.5195619265238443,0.008969907407407385,5.551115123125783e-17,0.0
r3_s143000_l1,3,143000,1.0,1,0.8428021934297351,0.8603199587927923,0.692902384351,A,0.0093323897432399,0.0110730487129503,0.0075837947704173,0.0088150864023312,0.8334698036864951,0.8679037535632097,0.692902512020535,0.281928523823067,0.0200318156080408,False,21,0.0,0.0,0.5319010416666666,0.46809895833333337,3.7460712591807046,4.613975012743914,0.8679037535632097,0.8334698036864951,13824,"[{'low': 0.0, 'high': 0.05, 'count': 663, 'agreement': 0.18250377073906485}, {'low': 0.05, 'high': 0.1, 'count': 1494, 'agreement': 0.2777777777777778}, {'low': 0.1, 'high': 0.2, 'count': 3234, 'agreement': 0.39022881880024735}, {'low': 0.2, 'high': 0.4, 'count': 3888, 'agreement': 0.5527263374485597}, {'low': 0.4, 'high': 1.01, 'count': 4545, 'agreement': 0.7493949394939494}]",0.5251736111111112,0.4748263888888888,0.8428021934297351,0.8603199587927923,-0.006727430555555414,0.0,0.0
r3_s143000_l2,3,143000,1.0,2,0.9341029723485312,0.9460280471377904,0.754475145664,A,0.0139965547455681,0.0149839526903151,0.0113320350646971,0.0119785402758092,0.920106417602963,0.9573600822024876,0.7544752580148203,0.3461922760362978,0.0368004265365571,False,21,0.0,0.0,0.5158420138888888,0.48415798611111116,3.7460712591807046,4.703431341383192,0.9573600822024875,0.920106417602963,13824,"[{'low': 0.0, 'high': 0.05, 'count': 663, 'agreement': 0.1975867269984917}, {'low': 0.05, 'high': 0.1, 'count': 1494, 'agreement': 0.2991967871485944}, {'low': 0.1, 'high': 0.2, 'count': 3234, 'agreement': 0.3787878787878788}, {'low': 0.2, 'high': 0.4, 'count': 3888, 'agreement': 0.5465534979423868}, {'low': 0.4, 'high': 1.01, 'count': 4545, 'agreement': 0.7047304730473047}]",0.4908854166666667,0.5091145833333334,0.9341029723485312,0.9460280471377904,-0.02495659722222221,0.0,-1.1102230246251565e-16
r3_s143000_l3,3,143000,1.0,3,1.7876547045177882,1.8058287567562523,0.681526128789,A,0.0345914540467438,0.0193501876840669,0.0315834327980326,0.0174897163863684,1.7530632504710444,1.8374121895542848,0.6815261708365546,0.3790497062382875,0.0680319942684978,False,21,0.0,0.0,0.3832465277777778,0.6167534722222222,3.7460712591807046,5.58348344873499,1.8374121895542852,1.7530632504710444,13824,"[{'low': 0.0, 'high': 0.05, 'count': 663, 'agreement': 0.12669683257918551}, {'low': 0.05, 'high': 0.1, 'count': 1494, 'agreement': 0.19745649263721554}, {'low': 0.1, 'high': 0.2, 'count': 3234, 'agreement': 0.2662337662337662}, {'low': 0.2, 'high': 0.4, 'count': 3888, 'agreement': 0.41435185185185186}, {'low': 0.4, 'high': 1.01, 'count': 4545, 'agreement': 0.5383938393839384}]",0.3435329861111111,0.656467013888889,1.7876547045177882,1.8058287567562523,-0.03971354166666674,0.0,4.440892098500626e-16
r3_s143000_l4,3,143000,1.0,4,0.5821225576930575,0.6313434176974825,0.381006321887,A,0.0174510169912268,0.029978252449716,0.0173004026766169,0.0274025232411297,0.5995735746842844,0.6140430150208656,0.3810063589502264,0.2273199674155977,0.1649593899925027,False,21,0.0,0.0,0.6216001157407407,0.3783998842592593,3.7460712591807046,4.36011427420157,0.6140430150208656,0.5995735746842844,13824,"[{'low': 0.0, 'high': 0.05, 'count': 663, 'agreement': 0.22624434389140272}, {'low': 0.05, 'high': 0.1, 'count': 1494, 'agreement': 0.3634538152610442}, {'low': 0.1, 'high': 0.2, 'count': 3234, 'agreement': 0.48886827458256027}, {'low': 0.2, 'high': 0.4, 'count': 3888, 'agreement': 0.6527777777777778}, {'low': 0.4, 'high': 1.01, 'count': 4545, 'agreement': 0.8319031903190319}]",0.5805121527777778,0.4194878472222222,0.5821225576930575,0.6313434176974825,-0.04108796296296291,0.0,0.0
r3_s143000_l5,3,143000,1.0,5,0.519927226834827,0.5389819410112168,0.391832724372,A,0.0070593522654639,0.0135775775937447,0.0050387470810494,0.0093486380482184,0.5269865791002909,0.5339431939301673,0.3918326099713643,0.2412351011126129,0.0271747646671789,False,21,0.0,0.0,0.6547309027777778,0.3452690972222222,3.7460712591807046,4.280014453110872,0.5339431939301673,0.5269865791002909,13824,"[{'low': 0.0, 'high': 0.05, 'count': 663, 'agreement': 0.2654600301659125}, {'low': 0.05, 'high': 0.1, 'count': 1494, 'agreement': 0.4210174029451138}, {'low': 0.1, 'high': 0.2, 'count': 3234, 'agreement': 0.5216450216450217}, {'low': 0.2, 'high': 0.4, 'count': 3888, 'agreement': 0.6926440329218106}, {'low': 0.4, 'high': 1.01, 'count': 4545, 'agreement': 0.8506050605060506}]",0.6143663194444444,0.3856336805555556,0.519927226834827,0.5389819410112168,-0.04036458333333337,0.0,0.0
r3_s143000_l6,3,143000,1.0,6,0.5446524057123395,0.6484564410315619,0.439430195617,B,0.0352110255647589,0.064648618449858,0.0482793737340849,0.0744527630216887,0.5798634312770985,0.6001770672974769,0.4394302136368221,0.3142469183162407,0.9722657789071504,False,21,0.0,0.0,0.6287615740740741,0.37123842592592593,3.7460712591807046,4.3462483264781815,0.6001770672974769,0.5798634312770985,13824,"[{'low': 0.0, 'high': 0.05, 'count': 663, 'agreement': 0.25339366515837103}, {'low': 0.05, 'high': 0.1, 'count': 1494, 'agreement': 0.3795180722891566}, {'low': 0.1, 'high': 0.2, 'count': 3234, 'agreement': 0.4842300556586271}, {'low': 0.2, 'high': 0.4, 'count': 3888, 'agreement': 0.6640946502057613}, {'low': 0.4, 'high': 1.01, 'count': 4545, 'agreement': 0.838063806380638}]",0.5850694444444445,0.4149305555555555,0.5446524057123395,0.6484564410315619,-0.043692129629629595,0.0,0.0
r3_s143000_l7,3,143000,1.0,7,0.3296304411358303,0.3853916856977673,0.34368540005,B,0.0174601828610455,0.0529689636698262,0.0300961423803252,0.0780923499316204,0.3470906239968759,0.355295543317442,0.3436854779720306,0.2757359036692866,0.8904126230146696,False,21,0.0,0.0,0.7041377314814815,0.2958622685185185,3.7460712591807046,4.101366802498147,0.35529554331744206,0.3470906239968759,13824,"[{'low': 0.0, 'high': 0.05, 'count': 663, 'agreement': 0.29260935143288086}, {'low': 0.05, 'high': 0.1, 'count': 1494, 'agreement': 0.45113788487282463}, {'low': 0.1, 'high': 0.2, 'count': 3234, 'agreement': 0.5627705627705628}, {'low': 0.2, 'high': 0.4, 'count': 3888, 'agreement': 0.7422839506172839}, {'low': 0.4, 'high': 1.01, 'count': 4545, 'agreement': 0.9152915291529153}]",0.6614583333333334,0.3385416666666667,0.3296304411358303,0.3853916856977673,-0.042679398148148195,0.0,5.551115123125783e-17
r3_s143000_l8,3,143000,1.0,8,0.4659952885574765,0.4829959604475231,0.430339887499,A,0.0072540497338329,0.0155667877164013,0.012219464337384,0.0252993095967857,0.4732493382913095,0.470776496110139,0.4303399578288749,0.3917359378602769,0.0882379945885209,False,21,0.0,0.0,0.6460503472222222,0.3539496527777778,3.7460712591807046,4.216847755290844,0.47077649611013905,0.4732493382913095,13824,"[{'low': 0.0, 'high': 0.05, 'count': 663, 'agreement': 0.2669683257918552}, {'low': 0.05, 'high': 0.1, 'count': 1494, 'agreement': 0.37617135207496655}, {'low': 0.1, 'high': 0.2, 'count': 3234, 'agreement': 0.48175633889919606}, {'low': 0.2, 'high': 0.4, 'count': 3888, 'agreement': 0.6790123456790124}, {'low': 0.4, 'high': 1.01, 'count': 4545, 'agreement': 0.8787678767876788}]",0.634765625,0.365234375,0.4659952885574765,0.4829959604475231,-0.01128472222222221,0.0,5.551115123125783e-17
r3_s143000_l9,3,143000,1.0,9,0.3501909176508586,0.4008762836456299,0.391649440013,B,0.020753178331587,0.0592624688005722,0.0281190165766962,0.0701438766117753,0.3709440959824456,0.3727572670689336,0.3916495674186283,0.3970224559307098,0.8432203634511356,False,21,0.0,0.0,0.685546875,0.314453125,3.7460712591807046,4.118828526249638,0.37275726706893364,0.3709440959824456,13824,"[{'low': 0.0, 'high': 0.05, 'count': 663, 'agreement': 0.28808446455505277}, {'low': 0.05, 'high': 0.1, 'count': 1494, 'agreement': 0.4170013386880857}, {'low': 0.1, 'high': 0.2, 'count': 3234, 'agreement': 0.5401978973407545}, {'low': 0.2, 'high': 0.4, 'count': 3888, 'agreement': 0.7139917695473251}, {'low': 0.4, 'high': 1.01, 'count': 4545, 'agreement': 0.9108910891089109}]",0.67578125,0.32421875,0.3501909176508586,0.4008762836456299,-0.009765625,0.0,5.551115123125783e-17
r3_s143000_l10,3,143000,1.0,10,0.971138185924954,1.0564743412865532,0.78055982873,A,0.0362165305349562,0.0372928704275228,0.0340464909871418,0.0322265195249782,1.00735471645991,1.0224278502994113,0.7805596810800058,0.8341965035155967,0.2429306745422643,False,21,0.0,0.0,0.49291087962962965,0.5070891203703703,3.7460712591807046,4.768499109480116,1.0224278502994113,1.0073547164599101,13824,"[{'low': 0.0, 'high': 0.05, 'count': 663, 'agreement': 0.14027149321266968}, {'low': 0.05, 'high': 0.1, 'count': 1494, 'agreement': 0.17804551539491298}, {'low': 0.1, 'high': 0.2, 'count': 3234, 'agreement': 0.30890538033395176}, {'low': 0.2, 'high': 0.4, 'count': 3888, 'agreement': 0.5133744855967078}, {'low': 0.4, 'high': 1.01, 'count': 4545, 'agreement': 0.7612761276127613}]",0.4971788194444444,0.5028211805555556,0.971138185924954,1.0564743412865532,0.00426793981481477,2.220446049250313e-16,0.0
r5_s14000_l1,5,14000,0.0979020979020979,1,0.6387513412369622,0.622386932373047,0.631372890605,A,0.0008845351360462,0.0013847879118843,0.000379297468397,0.0006094238947952,0.637866806100916,0.622766229841444,0.6313729065435904,0.6855368923257898,0.0002289035044455,False,21,0.0,0.0,0.5797164351851852,0.42028356481481477,3.9218484030829535,4.5446146329243975,0.622766229841444,0.637866806100916,13824,"[{'low': 0.0, 'high': 0.05, 'count': 756, 'agreement': 0.23015873015873015}, {'low': 0.05, 'high': 0.1, 'count': 1662, 'agreement': 0.3194945848375451}, {'low': 0.1, 'high': 0.2, 'count': 3390, 'agreement': 0.4616519174041298}, {'low': 0.2, 'high': 0.4, 'count': 3855, 'agreement': 0.5997405966277561}, {'low': 0.4, 'high': 1.01, 'count': 4161, 'agreement': 0.8248017303532804}]",0.5807291666666666,0.4192708333333333,0.6387513412369622,0.622386932373047,0.0010127314814814548,0.0,0.0
r5_s14000_l2,5,14000,0.0979020979020979,2,0.5554652412732443,0.5288314819335939,0.602549156242,A,0.012150944383056,0.0218752560559535,0.010178989834256,0.0192480784181357,0.5433142968901882,0.5390104717678499,0.6025490451742102,0.7461481248890912,0.0849015350307359,False,21,0.0,0.0,0.6004050925925926,0.39959490740740744,3.9218484030829535,4.460858874850803,0.5390104717678499,0.5433142968901882,13824,"[{'low': 0.0, 'high': 0.05, 'count': 756, 'agreement': 0.26455026455026454}, {'low': 0.05, 'high': 0.1, 'count': 1662, 'agreement': 0.36522262334536704}, {'low': 0.1, 'high': 0.2, 'count': 3390, 'agreement': 0.4761061946902655}, {'low': 0.2, 'high': 0.4, 'count': 3855, 'agreement': 0.6345006485084306}, {'low': 0.4, 'high': 1.01, 'count': 4161, 'agreement': 0.825042057197789}]",0.5946180555555556,0.4053819444444444,0.5554652412732443,0.5288314819335939,-0.0057870370370369795,0.0,0.0
r5_s14000_l3,5,14000,0.0979020979020979,3,0.4578365882237752,0.4511782328287761,0.543941998153,A,0.005418085389667,0.0118341031036319,0.0052939167729128,0.0117335376303718,0.4524185028341081,0.456472149601689,0.5439421004719205,0.7439271498609472,0.0277721901591966,False,21,0.0,0.0,0.6291956018518519,0.37080439814814814,3.9218484030829535,4.3783205526846425,0.456472149601689,0.4524185028341081,13824,"[{'low': 0.0, 'high': 0.05, 'count': 756, 'agreement': 0.2724867724867725}, {'low': 0.05, 'high': 0.1, 'count': 1662, 'agreement': 0.388086642599278}, {'low': 0.1, 'high': 0.2, 'count': 3390, 'agreement': 0.515929203539823}, {'low': 0.2, 'high': 0.4, 'count': 3855, 'agreement': 0.667704280155642}, {'low': 0.4, 'high': 1.01, 'count': 4161, 'agreement': 0.8469118000480653}]",0.6202256944444445,0.3797743055555555,0.4578365882237752,0.4511782328287761,-0.008969907407407385,0.0,0.0
r5_s14000_l4,5,14000,0.0979020979020979,4,0.6056164900461832,0.5590471161736382,0.482595788767,A,0.0197092261579301,0.0325440711767848,0.01669818383676,0.0298690098806336,0.5859072638882531,0.5757453000103983,0.4825959437423282,0.7779663425904734,0.1951274320015718,False,21,0.0,0.0,0.6008391203703703,0.39916087962962965,3.9218484030829535,4.497593703093352,0.5757453000103983,0.5859072638882531,13824,"[{'low': 0.0, 'high': 0.05, 'count': 756, 'agreement': 0.21693121693121692}, {'low': 0.05, 'high': 0.1, 'count': 1662, 'agreement': 0.36040914560770154}, {'low': 0.1, 'high': 0.2, 'count': 3390, 'agreement': 0.4982300884955752}, {'low': 0.2, 'high': 0.4, 'count': 3855, 'agreement': 0.6409857328145266}, {'low': 0.4, 'high': 1.01, 'count': 4161, 'agreement': 0.8130257149723624}]",0.568359375,0.431640625,0.6056164900461832,0.5590471161736382,-0.03247974537037035,0.0,0.0
r5_s14000_l5,5,14000,0.0979020979020979,5,0.2621959182951185,0.3067978488074406,0.341539469398,B,0.0199102339921174,0.0759364757525754,0.0247648468723998,0.0807204058587209,0.2821061522872359,0.2820330019350408,0.3415394061141544,0.5548523752777664,1.2282132271804558,False,21,0.0,0.0,0.7112268518518519,0.28877314814814814,3.9218484030829535,4.203881405017994,0.2820330019350408,0.28210615228723596,13824,"[{'low': 0.0, 'high': 0.05, 'count': 756, 'agreement': 0.3425925925925926}, {'low': 0.05, 'high': 0.1, 'count': 1662, 'agreement': 0.4464500601684717}, {'low': 0.1, 'high': 0.2, 'count': 3390, 'agreement': 0.6191740412979351}, {'low': 0.2, 'high': 0.4, 'count': 3855, 'agreement': 0.7680933852140078}, {'low': 0.4, 'high': 1.01, 'count': 4161, 'agreement': 0.9062725306416727}]",0.7137586805555557,0.2862413194444444,0.2621959182951185,0.3067978488074406,0.00253182870370372,5.551115123125783e-17,0.0
r5_s14000_l8,5,14000,0.0979020979020979,8,0.2813361187775929,0.2636863125695119,0.408687082529,A,0.0022415618101755,0.0079675578802578,0.0016698925583455,0.0063328753854034,0.2790945569674174,0.2653562051278575,0.4086870661488286,0.8999005909319278,0.0103587289223063,False,21,0.0,0.0,0.7050057870370371,0.2949942129629629,3.9218484030829535,4.187204608210811,0.2653562051278575,0.2790945569674174,13824,"[{'low': 0.0, 'high': 0.05, 'count': 756, 'agreement': 0.30687830687830686}, {'low': 0.05, 'high': 0.1, 'count': 1662, 'agreement': 0.44103489771359805}, {'low': 0.1, 'high': 0.2, 'count': 3390, 'agreement': 0.5976401179941003}, {'low': 0.2, 'high': 0.4, 'count': 3855, 'agreement': 0.7509727626459144}, {'low': 0.4, 'high': 1.01, 'count': 4161, 'agreement': 0.9276616198029319}]",0.6907552083333334,0.3092447916666667,0.2813361187775929,0.2636863125695119,-0.014250578703703776,0.0,0.0
r5_s14000_l10,5,14000,0.0979020979020979,10,0.257260693444146,0.2100203302171495,0.396264602468,B,0.0164706844974447,0.0640233231002957,0.0116773711310493,0.055601146417206,0.2407900089467013,0.2216977013481988,0.3962645265791151,1.119273856834129,0.719047338377375,False,21,0.0,0.0,0.7186776620370371,0.2813223379629629,3.9218484030829535,4.143546104431152,0.22169770134819888,0.24079000894670133,13824,"[{'low': 0.0, 'high': 0.05, 'count': 756, 'agreement': 0.32275132275132273}, {'low': 0.05, 'high': 0.1, 'count': 1662, 'agreement': 0.4620938628158845}, {'low': 0.1, 'high': 0.2, 'count': 3390, 'agreement': 0.608259587020649}, {'low': 0.2, 'high': 0.4, 'count': 3855, 'agreement': 0.762905317769131}, {'low': 0.4, 'high': 1.01, 'count': 4161, 'agreement': 0.9420812304734438}]",0.7055121527777777,0.2944878472222222,0.257260693444146,0.2100203302171495,-0.0131655092592593,2.7755575615628914e-17,8.326672684688674e-17
r5_s72000_l1,5,72000,0.5034965034965035,1,0.8380605710877312,0.8611141840616862,0.675681457476,A,0.0010462734434339,0.0012484460903282,0.0013824392248081,0.0016054075642859,0.8391068445311652,0.859731744836878,0.6756813813138891,0.546684134889532,0.0004135951087932,False,21,0.0,0.0,0.5308159722222222,0.4691840277777778,3.7314811282687717,4.59121287310565,0.859731744836878,0.8391068445311652,13824,"[{'low': 0.0, 'high': 0.05, 'count': 699, 'agreement': 0.1859799713876967}, {'low': 0.05, 'high': 0.1, 'count': 1575, 'agreement': 0.2526984126984127}, {'low': 0.1, 'high': 0.2, 'count': 3057, 'agreement': 0.4141315014720314}, {'low': 0.2, 'high': 0.4, 'count': 3858, 'agreement': 0.524364955935718}, {'low': 0.4, 'high': 1.01, 'count': 4635, 'agreement': 0.7596548004314995}]",0.5492621527777778,0.4507378472222221,0.8380605710877312,0.8611141840616862,0.01844618055555569,0.0,0.0
r5_s72000_l2,5,72000,0.5034965034965035,2,0.7998163170284696,0.7792376942104763,0.66755083872,A,0.0146278474065992,0.0182890084825067,0.0137202474806042,0.0176072687223993,0.7851884696218703,0.7929579416910806,0.6675508927415919,0.6201821543552257,0.0644503743137617,False,21,0.0,0.0,0.5478877314814815,0.4521122685185185,3.7314811282687717,4.524439069959852,0.7929579416910806,0.7851884696218703,13824,"[{'low': 0.0, 'high': 0.05, 'count': 699, 'agreement': 0.19599427753934193}, {'low': 0.05, 'high': 0.1, 'count': 1575, 'agreement': 0.2965079365079365}, {'low': 0.1, 'high': 0.2, 'count': 3057, 'agreement': 0.4291789335950278}, {'low': 0.2, 'high': 0.4, 'count': 3858, 'agreement': 0.5650596163815449}, {'low': 0.4, 'high': 1.01, 'count': 4635, 'agreement': 0.7503775620280475}]",0.54296875,0.45703125,0.7998163170284696,0.7792376942104763,-0.00491898148148151,0.0,0.0
r5_s72000_l3,5,72000,0.5034965034965035,3,0.539216568072637,0.4825680785708955,0.472912360003,B,0.0437765419483185,0.081185454120431,0.0299786108511465,0.0621230706760894,0.4954400261243184,0.5125466894220421,0.472912511339894,0.4941836463080512,1.045035387100746,False,21,0.0,0.0,0.6358506944444444,0.3641493055555556,3.7314811282687717,4.244027817690814,0.5125466894220421,0.4954400261243184,13824,"[{'low': 0.0, 'high': 0.05, 'count': 699, 'agreement': 0.2246065808297568}, {'low': 0.05, 'high': 0.1, 'count': 1575, 'agreement': 0.3784126984126984}, {'low': 0.1, 'high': 0.2, 'count': 3057, 'agreement': 0.5253516519463526}, {'low': 0.2, 'high': 0.4, 'count': 3858, 'agreement': 0.6578538102643857}, {'low': 0.4, 'high': 1.01, 'count': 4635, 'agreement': 0.8399137001078749}]",0.60546875,0.39453125,0.539216568072637,0.4825680785708955,-0.03038194444444442,0.0,0.0
r5_s72000_l4,5,72000,0.5034965034965035,4,0.7240708205435012,0.7584351963467068,0.418143959365,A,0.0135465087714017,0.0187088174071353,0.0158356737207484,0.0208794024815912,0.737617329314903,0.7425995226259583,0.4181442459424336,0.4958750428976836,0.0785969296763925,False,21,0.0,0.0,0.5795717592592593,0.4204282407407407,3.7314811282687717,4.47408065089473,0.7425995226259583,0.737617329314903,13824,"[{'low': 0.0, 'high': 0.05, 'count': 699, 'agreement': 0.1759656652360515}, {'low': 0.05, 'high': 0.1, 'count': 1575, 'agreement': 0.32}, {'low': 0.1, 'high': 0.2, 'count': 3057, 'agreement': 0.4599280340202813}, {'low': 0.2, 'high': 0.4, 'count': 3858, 'agreement': 0.6171591498185588}, {'low': 0.4, 'high': 1.01, 'count': 4635, 'agreement': 0.7762675296655879}]",0.5512152777777778,0.4487847222222221,0.7240708205435012,0.7584351963467068,-0.0283564814814814,0.0,0.0
r5_s72000_l5,5,72000,0.5034965034965035,5,0.283903310696284,0.3420116106669106,0.275168261271,B,0.0245498760982795,0.0864726657747793,0.0325440124229148,0.0951547006236425,0.3084531867945635,0.3094675982439958,0.2751682610423476,0.327069083849589,1.6531938977077352,False,21,0.0,0.0,0.7189670138888888,0.28103298611111116,3.7314811282687717,4.0409487265127675,0.30946759824399583,0.30845318679456357,13824,"[{'low': 0.0, 'high': 0.05, 'count': 699, 'agreement': 0.3133047210300429}, {'low': 0.05, 'high': 0.1, 'count': 1575, 'agreement': 0.44571428571428573}, {'low': 0.1, 'high': 0.2, 'count': 3057, 'agreement': 0.6172718351324828}, {'low': 0.2, 'high': 0.4, 'count': 3858, 'agreement': 0.7579056505961638}, {'low': 0.4, 'high': 1.01, 'count': 4635, 'agreement': 0.9076591154261057}]",0.7016059027777778,0.2983940972222222,0.283903310696284,0.3420116106669106,-0.01736111111111105,5.551115123125783e-17,5.551115123125783e-17
r5_s72000_l6,5,72000,0.5034965034965035,6,0.3031642966800266,0.304299275080363,0.295861376879,A,0.0012093517515394,0.0039890968850196,0.0012130825607863,0.0039864786416663,0.3019549449284871,0.3055123576411493,0.2958614528179168,0.36930411612546,0.0031804905918744,False,21,0.0,0.0,0.7272858796296297,0.27271412037037035,3.7314811282687717,4.036993485909921,0.30551235764114937,0.3019549449284871,13824,"[{'low': 0.0, 'high': 0.05, 'count': 699, 'agreement': 0.30758226037195996}, {'low': 0.05, 'high': 0.1, 'count': 1575, 'agreement': 0.47365079365079366}, {'low': 0.1, 'high': 0.2, 'count': 3057, 'agreement': 0.6175989532221132}, {'low': 0.2, 'high': 0.4, 'count': 3858, 'agreement': 0.7716433385173666}, {'low': 0.4, 'high': 1.01, 'count': 4635, 'agreement': 0.9121898597626753}]",0.6842447916666666,0.3157552083333333,0.3031642966800266,0.304299275080363,-0.043041087962962965,0.0,5.551115123125783e-17
r5_s72000_l8,5,72000,0.5034965034965035,8,0.4778973526424832,0.476203574074639,0.441349574343,A,0.003341621822781,0.0069923421929351,0.0029986257906308,0.0062969409594447,0.4812389744652642,0.4732049482840081,0.4413496222760942,0.7724077149673745,0.0088544314790204,False,21,0.0,0.0,0.6368634259259259,0.36313657407407407,3.7314811282687717,4.20468607655278,0.47320494828400816,0.4812389744652642,13824,"[{'low': 0.0, 'high': 0.05, 'count': 699, 'agreement': 0.21602288984263232}, {'low': 0.05, 'high': 0.1, 'count': 1575, 'agreement': 0.34476190476190477}, {'low': 0.1, 'high': 0.2, 'count': 3057, 'agreement': 0.5021262675825973}, {'low': 0.2, 'high': 0.4, 'count': 3858, 'agreement': 0.6677034733022291}, {'low': 0.4, 'high': 1.01, 'count': 4635, 'agreement': 0.8627831715210356}]",0.6217447916666666,0.3782552083333333,0.4778973526424832,0.476203574074639,-0.015118634259259245,0.0,5.551115123125783e-17
r5_s72000_l9,5,72000,0.5034965034965035,9,0.3631946014033423,0.3985460069444443,0.387950699353,B,0.0218969164071259,0.0602897629052263,0.0247651029516148,0.0621386302209393,0.3850915178104683,0.3737809039928295,0.3879506323072645,0.8327755398220487,0.7496064876942432,False,21,0.0,0.0,0.677734375,0.322265625,3.7314811282687717,4.105262032261601,0.3737809039928295,0.3850915178104683,13824,"[{'low': 0.0, 'high': 0.05, 'count': 699, 'agreement': 0.24034334763948498}, {'low': 0.05, 'high': 0.1, 'count': 1575, 'agreement': 0.38412698412698415}, {'low': 0.1, 'high': 0.2, 'count': 3057, 'agreement': 0.5619888779849526}, {'low': 0.2, 'high': 0.4, 'count': 3858, 'agreement': 0.7078797304302747}, {'low': 0.4, 'high': 1.01, 'count': 4635, 'agreement': 0.8947141316073355}]",0.6703559027777778,0.3296440972222222,0.3631946014033423,0.3985460069444443,-0.00737847222222221,0.0,0.0
r5_s72000_l10,5,72000,0.5034965034965035,10,0.4103629721535577,0.4008664025200736,0.417777390647,A,0.0020557299808219,0.0050095406269933,0.0012507791872378,0.0031201896177171,0.4083072421727357,0.4021171817073115,0.4177774687608083,0.9973876410060458,0.0034831080544177,False,21,0.0,0.0,0.6615306712962963,0.3384693287037037,3.7314811282687717,4.133598309976083,0.4021171817073115,0.40830724217273573,13824,"[{'low': 0.0, 'high': 0.05, 'count': 699, 'agreement': 0.22746781115879827}, {'low': 0.05, 'high': 0.1, 'count': 1575, 'agreement': 0.353015873015873}, {'low': 0.1, 'high': 0.2, 'count': 3057, 'agreement': 0.5181550539744848}, {'low': 0.2, 'high': 0.4, 'count': 3858, 'agreement': 0.6944012441679627}, {'low': 0.4, 'high': 1.01, 'count': 4635, 'agreement': 0.8990291262135922}]",0.6759982638888888,0.3240017361111111,0.4103629721535577,0.4008664025200736,0.014467592592592615,5.551115123125783e-17,0.0
r5_s143000_l1,5,143000,1.0,1,0.899085309770372,0.885656966103448,0.709756742507,A,0.0035907648227831,0.0039937976783274,0.0053049899913649,0.0059898924689757,0.8954945449475888,0.890961956094813,0.7097566878354108,0.2903723098613597,0.0051829231685422,False,21,0.0,0.0,0.5183015046296297,0.48169849537037035,3.7323279115888806,4.6232898676836935,0.890961956094813,0.8954945449475888,13824,"[{'low': 0.0, 'high': 0.05, 'count': 651, 'agreement': 0.19047619047619047}, {'low': 0.05, 'high': 0.1, 'count': 1473, 'agreement': 0.2654446707399864}, {'low': 0.1, 'high': 0.2, 'count': 3141, 'agreement': 0.37854186564788284}, {'low': 0.2, 'high': 0.4, 'count': 3882, 'agreement': 0.5131375579598145}, {'low': 0.4, 'high': 1.01, 'count': 4677, 'agreement': 0.7417147744280521}]",0.5154079861111112,0.4845920138888888,0.899085309770372,0.885656966103448,-0.0028935185185184342,0.0,0.0
r5_s143000_l2,5,143000,1.0,2,1.0421509676509433,1.0174618032243514,0.748037353707,A,0.0077358440116599,0.0074229591026427,0.0081302854749893,0.0079907525267448,1.0344151236392831,1.0255920886993408,0.7480372389157613,0.3535002083690078,0.0118952447783418,False,21,0.0,0.0,0.5005063657407407,0.4994936342592593,3.7323279115888806,4.757920000288221,1.0255920886993408,1.0344151236392833,13824,"[{'low': 0.0, 'high': 0.05, 'count': 651, 'agreement': 0.17050691244239632}, {'low': 0.05, 'high': 0.1, 'count': 1473, 'agreement': 0.2484725050916497}, {'low': 0.1, 'high': 0.2, 'count': 3141, 'agreement': 0.38108882521489973}, {'low': 0.2, 'high': 0.4, 'count': 3882, 'agreement': 0.5128799587841318}, {'low': 0.4, 'high': 1.01, 'count': 4677, 'agreement': 0.6957451357707932}]",0.4752604166666667,0.5247395833333334,1.0421509676509433,1.0174618032243514,-0.02524594907407407,2.220446049250313e-16,0.0
r5_s143000_l3,5,143000,1.0,3,0.7940320438808866,0.7283867994944256,0.531379501301,B,0.0446690740408721,0.0562560092946535,0.037452079631664,0.0514178451031899,0.7493629698400144,0.7658388791260897,0.5313794325899195,0.290565800887567,0.5808533376831013,False,21,0.0,0.0,0.5688657407407407,0.4311342592592593,3.7323279115888806,4.49816679071497,0.7658388791260897,0.7493629698400144,13824,"[{'low': 0.0, 'high': 0.05, 'count': 651, 'agreement': 0.20276497695852536}, {'low': 0.05, 'high': 0.1, 'count': 1473, 'agreement': 0.32179226069246436}, {'low': 0.1, 'high': 0.2, 'count': 3141, 'agreement': 0.43966889525628783}, {'low': 0.2, 'high': 0.4, 'count': 3882, 'agreement': 0.5788253477588872}, {'low': 0.4, 'high': 1.01, 'count': 4677, 'agreement': 0.7761385503527902}]",0.545138888888889,0.4548611111111111,0.7940320438808866,0.7283867994944256,-0.023726851851851805,0.0,0.0
r5_s143000_l4,5,143000,1.0,4,1.0863103667895,1.1163584656185574,0.507947334397,A,0.0140712967625369,0.0129532932693172,0.009213165000633,0.0082528733237311,1.100381663552037,1.1071453006179244,0.5079473036306875,0.3146939796430093,0.0235897724618923,False,21,0.0,0.0,0.5036168981481481,0.49638310185185186,3.7323279115888806,4.839473212206805,1.1071453006179244,1.100381663552037,13824,"[{'low': 0.0, 'high': 0.05, 'count': 651, 'agreement': 0.1490015360983103}, {'low': 0.05, 'high': 0.1, 'count': 1473, 'agreement': 0.27155465037338766}, {'low': 0.1, 'high': 0.2, 'count': 3141, 'agreement': 0.38904807386182744}, {'low': 0.2, 'high': 0.4, 'count': 3882, 'agreement': 0.5224111282843895}, {'low': 0.4, 'high': 1.01, 'count': 4677, 'agreement': 0.6874064571306393}]",0.4654947916666667,0.5345052083333334,1.0863103667895,1.1163584656185574,-0.03812210648148151,0.0,0.0
r5_s143000_l5,5,143000,1.0,5,0.4473706583182017,0.464965502421061,0.323725421879,A,0.0073196766553101,0.0163615483474276,0.0084787209828687,0.0182351614016567,0.4546903349735118,0.4564867814381923,0.3237254796204744,0.2074985879438894,0.0600221375672311,False,21,0.0,0.0,0.6652199074074074,0.33478009259259256,3.7323279115888806,4.188814693027073,0.4564867814381923,0.45469033497351186,13824,"[{'low': 0.0, 'high': 0.05, 'count': 651, 'agreement': 0.26574500768049153}, {'low': 0.05, 'high': 0.1, 'count': 1473, 'agreement': 0.3971486761710794}, {'low': 0.1, 'high': 0.2, 'count': 3141, 'agreement': 0.5530085959885387}, {'low': 0.2, 'high': 0.4, 'count': 3882, 'agreement': 0.6875321998969603}, {'low': 0.4, 'high': 1.01, 'count': 4677, 'agreement': 0.8620910840282232}]",0.6286892361111112,0.3713107638888888,0.4473706583182017,0.464965502421061,-0.036530671296296224,5.551115123125783e-17,0.0
r5_s143000_l6,5,143000,1.0,6,0.4099051654338836,0.410546965069241,0.315594803123,A,0.0038531632335097,0.0094001333928587,0.0059692418133772,0.0145397294858967,0.4137583286673934,0.4045777232558638,0.3155947393841213,0.2257820472673133,0.0299766241328055,False,21,0.0,0.0,0.6861979166666666,0.31380208333333337,3.7323279115888806,4.136905634844744,0.40457772325586383,0.4137583286673934,13824,"[{'low': 0.0, 'high': 0.05, 'count': 651, 'agreement': 0.26881720430107525}, {'low': 0.05, 'high': 0.1, 'count': 1473, 'agreement': 0.41683638832315}, {'low': 0.1, 'high': 0.2, 'count': 3141, 'agreement': 0.5676536134988857}, {'low': 0.2, 'high': 0.4, 'count': 3882, 'agreement': 0.7189592993302422}, {'low': 0.4, 'high': 1.01, 'count': 4677, 'agreement': 0.8815480008552491}]",0.6395399305555555,0.3604600694444445,0.4099051654338836,0.410546965069241,-0.046657986111111105,0.0,5.551115123125783e-17
r5_s143000_l8,5,143000,1.0,8,0.5062560439109802,0.4645285606384279,0.458203932499,A,0.0140959841233712,0.0278435868428309,0.0098274902061177,0.02115583634425,0.4921600597876089,0.4743560508445457,0.458204068519451,0.4072031765072434,0.1222834739703951,False,21,0.0,0.0,0.6337528935185185,0.3662471064814815,3.7323279115888806,4.206683962433426,0.4743560508445457,0.49216005978760896,13824,"[{'low': 0.0, 'high': 0.05, 'count': 651, 'agreement': 0.22580645161290322}, {'low': 0.05, 'high': 0.1, 'count': 1473, 'agreement': 0.34894772572980315}, {'low': 0.1, 'high': 0.2, 'count': 3141, 'agreement': 0.4775549188156638}, {'low': 0.2, 'high': 0.4, 'count': 3882, 'agreement': 0.6612570839773313}, {'low': 0.4, 'high': 1.01, 'count': 4677, 'agreement': 0.8623048963010477}]",0.625,0.375,0.5062560439109802,0.4645285606384279,-0.00875289351851849,5.551115123125783e-17,0.0
r5_s143000_l9,5,143000,1.0,9,0.4552549189991421,0.469718747668796,0.477344238099,A,0.0147520535522037,0.0324039410372611,0.0140759680006232,0.0299668004959393,0.4700069725513458,0.4556427796681728,0.4773443904187944,0.4723509207919792,0.1948024526718167,False,21,0.0,0.0,0.6498119212962963,0.3501880787037037,3.7323279115888806,4.187970691257053,0.4556427796681728,0.4700069725513458,13824,"[{'low': 0.0, 'high': 0.05, 'count': 651, 'agreement': 0.23348694316436253}, {'low': 0.05, 'high': 0.1, 'count': 1473, 'agreement': 0.33740665308893414}, {'low': 0.1, 'high': 0.2, 'count': 3141, 'agreement': 0.5090735434574976}, {'low': 0.2, 'high': 0.4, 'count': 3882, 'agreement': 0.6738794435857806}, {'low': 0.4, 'high': 1.01, 'count': 4677, 'agreement': 0.8806927517639512}]",0.6449652777777778,0.3550347222222221,0.4552549189991421,0.469718747668796,-0.004846643518518379,0.0,0.0
r5_s143000_l10,5,143000,1.0,10,0.8987416625022888,0.9176686339908176,0.710123311225,A,0.0146880635508784,0.0163429205117379,0.0145475246288158,0.0158526989917207,0.9134297260531672,0.9031211093620016,0.7101232519856205,0.8103464819766857,0.051839911617623,False,21,0.0,0.0,0.5155526620370371,0.4844473379629629,3.7323279115888806,4.635449020950882,0.9031211093620017,0.9134297260531673,13824,"[{'low': 0.0, 'high': 0.05, 'count': 651, 'agreement': 0.14746543778801843}, {'low': 0.05, 'high': 0.1, 'count': 1473, 'agreement': 0.2131704005431093}, {'low': 0.1, 'high': 0.2, 'count': 3141, 'agreement': 0.3288761540910538}, {'low': 0.2, 'high': 0.4, 'count': 3882, 'agreement': 0.520607934054611}, {'low': 0.4, 'high': 1.01, 'count': 4677, 'agreement': 0.7831943553559975}]",0.5381944444444445,0.4618055555555555,0.8987416625022888,0.9176686339908176,0.022641782407407385,1.1102230246251565e-16,1.1102230246251565e-16
r6_s14000_l1,6,14000,0.0979020979020979,1,0.5865197479724884,0.6223341888851589,0.620363203761,A,0.009764575295978,0.0166483316712116,0.0109780011353671,0.0176400418479585,0.5767551726765103,0.6333121900205261,0.6203632266433151,0.6771976373813771,0.058833802383434,False,21,0.0,0.0,0.5968605324074074,0.40313946759259256,3.8302162488301597,4.463528438850686,0.6333121900205261,0.5767551726765103,13824,"[{'low': 0.0, 'high': 0.05, 'count': 648, 'agreement': 0.24228395061728394}, {'low': 0.05, 'high': 0.1, 'count': 1659, 'agreement': 0.3508137432188065}, {'low': 0.1, 'high': 0.2, 'count': 3162, 'agreement': 0.4538266919671094}, {'low': 0.2, 'high': 0.4, 'count': 4095, 'agreement': 0.612942612942613}, {'low': 0.4, 'high': 1.01, 'count': 4260, 'agreement': 0.8373239436619718}]",0.5846354166666666,0.4153645833333333,0.5865197479724884,0.6223341888851589,-0.012225115740740755,0.0,0.0
r6_s14000_l2,6,14000,0.0979020979020979,2,0.4509906868139903,0.4819903373718264,0.564408561834,A,0.0102501644028558,0.0227281065940519,0.0112949035785813,0.0234338796917511,0.4407405224111345,0.4932852409504078,0.5644086400667826,0.7136038608021207,0.1065713546762626,False,21,0.0,0.0,0.6410590277777778,0.3589409722222222,3.8302162488301597,4.3235014897805675,0.4932852409504078,0.4407405224111345,13824,"[{'low': 0.0, 'high': 0.05, 'count': 648, 'agreement': 0.2808641975308642}, {'low': 0.05, 'high': 0.1, 'count': 1659, 'agreement': 0.3899939722724533}, {'low': 0.1, 'high': 0.2, 'count': 3162, 'agreement': 0.5110689437065149}, {'low': 0.2, 'high': 0.4, 'count': 4095, 'agreement': 0.6576312576312576}, {'low': 0.4, 'high': 1.01, 'count': 4260, 'agreement': 0.8741784037558685}]",0.6282552083333334,0.3717447916666667,0.4509906868139903,0.4819903373718264,-0.012803819444444475,0.0,0.0
r6_s14000_l3,6,14000,0.0979020979020979,3,0.4482773906654782,0.4883725378248427,0.574911663169,A,0.0065018832683563,0.0145041516786953,0.0069841102317528,0.0143007841162507,0.4417755073971218,0.4953566480565956,0.5749116407500373,0.7903727690378824,0.0414882842259987,False,21,0.0,0.0,0.6326678240740741,0.36733217592592593,3.8302162488301597,4.325572896886755,0.4953566480565956,0.44177550739712185,13824,"[{'low': 0.0, 'high': 0.05, 'count': 648, 'agreement': 0.29475308641975306}, {'low': 0.05, 'high': 0.1, 'count': 1659, 'agreement': 0.40325497287522605}, {'low': 0.1, 'high': 0.2, 'count': 3162, 'agreement': 0.4993674889310563}, {'low': 0.2, 'high': 0.4, 'count': 4095, 'agreement': 0.6566544566544567}, {'low': 0.4, 'high': 1.01, 'count': 4260, 'agreement': 0.8492957746478873}]",0.626953125,0.373046875,0.4482773906654782,0.4883725378248427,-0.00571469907407407,5.551115123125783e-17,0.0
r6_s14000_l4,6,14000,0.0979020979020979,4,1.044528702894847,1.0565301047431097,0.701033003106,A,0.0396825428362246,0.0379908591561044,0.0379257378754789,0.0358965047045815,1.004846160058622,1.0944558426185886,0.7010329144972341,1.0962437214674774,0.2731864429430214,False,21,0.0,0.0,0.4952980324074074,0.5047019675925926,3.8302162488301597,4.924672091448748,1.0944558426185886,1.004846160058622,13824,"[{'low': 0.0, 'high': 0.05, 'count': 648, 'agreement': 0.1712962962962963}, {'low': 0.05, 'high': 0.1, 'count': 1659, 'agreement': 0.2796865581675708}, {'low': 0.1, 'high': 0.2, 'count': 3162, 'agreement': 0.3687539531941809}, {'low': 0.2, 'high': 0.4, 'count': 4095, 'agreement': 0.5233211233211233}, {'low': 0.4, 'high': 1.01, 'count': 4260, 'agreement': 0.6955399061032864}]",0.4563802083333333,0.5436197916666666,1.044528702894847,1.0565301047431097,-0.03891782407407407,0.0,0.0
r6_s14000_l5,6,14000,0.0979020979020979,5,0.2650355199972788,0.2909433576795791,0.336881039375,A,0.0028087397416433,0.0105975974150994,0.0030280925609444,0.0104078422174151,0.2622267802556355,0.2939714502405235,0.3368810647063785,0.5629191840136493,0.0220632250596723,False,21,0.0,0.0,0.7330005787037037,0.2669994212962963,3.8302162488301597,4.124187699070683,0.2939714502405235,0.26222678025563556,13824,"[{'low': 0.0, 'high': 0.05, 'count': 648, 'agreement': 0.3055555555555556}, {'low': 0.05, 'high': 0.1, 'count': 1659, 'agreement': 0.484629294755877}, {'low': 0.1, 'high': 0.2, 'count': 3162, 'agreement': 0.627134724857685}, {'low': 0.2, 'high': 0.4, 'count': 4095, 'agreement': 0.7836385836385836}, {'low': 0.4, 'high': 1.01, 'count': 4260, 'agreement': 0.9246478873239437}]",0.7202690972222223,0.2797309027777777,0.2650355199972788,0.2909433576795791,-0.0127314814814814,5.551115123125783e-17,0.0
r6_s14000_l6,6,14000,0.0979020979020979,6,0.1680924081140094,0.1971698602040607,0.279007018722,B,0.0105079644256168,0.06251302211357,0.0133266537277784,0.0675897102828923,0.1786003725396262,0.1838432064762822,0.2790070396882516,0.4842414734540162,0.8476246869989862,False,21,0.0,0.0,0.7839265046296297,0.21607349537037035,3.8302162488301597,4.014059455306442,0.18384320647628227,0.17860037253962624,13824,"[{'low': 0.0, 'high': 0.05, 'count': 648, 'agreement': 0.42592592592592593}, {'low': 0.05, 'high': 0.1, 'count': 1659, 'agreement': 0.569620253164557}, {'low': 0.1, 'high': 0.2, 'count': 3162, 'agreement': 0.6897533206831119}, {'low': 0.2, 'high': 0.4, 'count': 4095, 'agreement': 0.8253968253968254}, {'low': 0.4, 'high': 1.01, 'count': 4260, 'agreement': 0.9518779342723005}]",0.7562934027777778,0.2437065972222222,0.1680924081140094,0.1971698602040607,-0.02763310185185186,2.7755575615628914e-17,8.326672684688674e-17
r6_s14000_l8,6,14000,0.0979020979020979,8,0.2307179205947452,0.271018319659763,0.403068963143,A,0.0107866575320561,0.0467525777980468,0.0133834326708763,0.0493820221733664,0.2415045781268013,0.2576348869888867,0.4030689828925662,0.8664515658661172,0.462438764473023,False,21,0.0,0.0,0.7358940972222222,0.2641059027777778,3.8302162488301597,4.087851135819046,0.2576348869888867,0.24150457812680137,13824,"[{'low': 0.0, 'high': 0.05, 'count': 648, 'agreement': 0.33487654320987653}, {'low': 0.05, 'high': 0.1, 'count': 1659, 'agreement': 0.48764315852923446}, {'low': 0.1, 'high': 0.2, 'count': 3162, 'agreement': 0.6173308032890575}, {'low': 0.2, 'high': 0.4, 'count': 4095, 'agreement': 0.7863247863247863}, {'low': 0.4, 'high': 1.01, 'count': 4260, 'agreement': 0.9330985915492958}]",0.7087673611111112,0.2912326388888889,0.2307179205947452,0.271018319659763,-0.027126736111111105,8.326672684688674e-17,0.0
r6_s14000_l9,6,14000,0.0979020979020979,9,0.2134044021368026,0.2137982315487331,0.37324227185,A,0.0026273473545357,0.0123115893028258,0.0021503589771409,0.0100578894481674,0.2107770547822669,0.215948590525874,0.373242328564326,0.9262025709505436,0.0252736371315379,False,21,0.0,0.0,0.7527488425925926,0.24725115740740744,3.8302162488301597,4.046164839356034,0.215948590525874,0.21077705478226696,13824,"[{'low': 0.0, 'high': 0.05, 'count': 648, 'agreement': 0.36419753086419754}, {'low': 0.05, 'high': 0.1, 'count': 1659, 'agreement': 0.4972875226039783}, {'low': 0.1, 'high': 0.2, 'count': 3162, 'agreement': 0.6454775458570525}, {'low': 0.2, 'high': 0.4, 'count': 4095, 'agreement': 0.7992673992673993}, {'low': 0.4, 'high': 1.01, 'count': 4260, 'agreement': 0.9462441314553991}]",0.7237413194444445,0.2762586805555555,0.2134044021368026,0.2137982315487331,-0.029007523148148084,5.551115123125783e-17,0.0
r6_s72000_l1,6,72000,0.5034965034965035,1,0.7643024126688639,0.7929642995198569,0.642016008731,A,0.0063542502897757,0.0083137906991279,0.006704489390056,0.0084549700334645,0.7706566629586397,0.7862598101298008,0.6420158390645627,0.5140892620439883,0.0140605634056051,False,21,0.0,0.0,0.5598958333333334,0.44010416666666663,3.6699788835313587,4.4562386936611595,0.7862598101298008,0.7706566629586397,13824,"[{'low': 0.0, 'high': 0.05, 'count': 567, 'agreement': 0.20282186948853614}, {'low': 0.05, 'high': 0.1, 'count': 1425, 'agreement': 0.28842105263157897}, {'low': 0.1, 'high': 0.2, 'count': 3066, 'agreement': 0.41226353555120676}, {'low': 0.2, 'high': 0.4, 'count': 4056, 'agreement': 0.5569526627218935}, {'low': 0.4, 'high': 1.01, 'count': 4710, 'agreement': 0.783651804670913}]",0.5733506944444444,0.4266493055555556,0.7643024126688639,0.7929642995198569,0.01345486111111105,0.0,0.0
r6_s72000_l2,6,72000,0.5034965034965035,2,0.5691659980350071,0.5819150341881646,0.589986659391,A,0.0008424388037786,0.001480128480418,0.0017759799957274,0.0030519575735005,0.5700084368387858,0.5801390541924372,0.5899868210156759,0.5634147215772558,0.0011505225349031,False,21,0.0,0.0,0.6006221064814815,0.3993778935185185,3.6699788835313587,4.250117937723796,0.5801390541924372,0.5700084368387858,13824,"[{'low': 0.0, 'high': 0.05, 'count': 567, 'agreement': 0.2292768959435626}, {'low': 0.05, 'high': 0.1, 'count': 1425, 'agreement': 0.33473684210526317}, {'low': 0.1, 'high': 0.2, 'count': 3066, 'agreement': 0.44846705805609915}, {'low': 0.2, 'high': 0.4, 'count': 4056, 'agreement': 0.6067554240631163}, {'low': 0.4, 'high': 1.01, 'count': 4710, 'agreement': 0.8195329087048833}]",0.6095920138888888,0.3904079861111111,0.5691659980350071,0.5819150341881646,0.008969907407407385,0.0,0.0
r6_s72000_l3,6,72000,0.5034965034965035,3,0.6611291766166687,0.652304967244466,0.648777101839,A,0.0159745989022431,0.0241625985771329,0.0145951906840008,0.0223747961718473,0.6451545777144255,0.6669001579284668,0.6487771957008927,0.638304023830979,0.1084462673734682,False,21,0.0,0.0,0.5850694444444444,0.4149305555555556,3.6699788835313587,4.3368790414598255,0.6669001579284668,0.6451545777144255,13824,"[{'low': 0.0, 'high': 0.05, 'count': 567, 'agreement': 0.2698412698412698}, {'low': 0.05, 'high': 0.1, 'count': 1425, 'agreement': 0.33052631578947367}, {'low': 0.1, 'high': 0.2, 'count': 3066, 'agreement': 0.44227005870841485}, {'low': 0.2, 'high': 0.4, 'count': 4056, 'agreement': 0.5877712031558185}, {'low': 0.4, 'high': 1.01, 'count': 4710, 'agreement': 0.7906581740976646}]",0.5705295138888888,0.4294704861111111,0.6611291766166687,0.652304967244466,-0.014539930555555525,0.0,0.0
r6_s72000_l4,6,72000,0.5034965034965035,4,1.7777680026160347,1.7505127059088814,0.729123600034,A,0.0529149417523986,0.0297648183984091,0.046294424268934,0.0264462086522651,1.724853060863636,1.7968071301778157,0.7291235526402792,0.7957685678093521,0.1585346366371218,False,21,0.0,0.0,0.3901909722222222,0.6098090277777778,3.6699788835313587,5.466786013709174,1.7968071301778155,1.724853060863636,13824,"[{'low': 0.0, 'high': 0.05, 'count': 567, 'agreement': 0.10934744268077601}, {'low': 0.05, 'high': 0.1, 'count': 1425, 'agreement': 0.16771929824561405}, {'low': 0.1, 'high': 0.2, 'count': 3066, 'agreement': 0.2674494455316373}, {'low': 0.2, 'high': 0.4, 'count': 4056, 'agreement': 0.41863905325443784}, {'low': 0.4, 'high': 1.01, 'count': 4710, 'agreement': 0.5467091295116773}]",0.3307291666666667,0.6692708333333334,1.7777680026160347,1.7505127059088814,-0.05946180555555558,0.0,-2.220446049250313e-16
r6_s72000_l5,6,72000,0.5034965034965035,5,0.325030956003401,0.3253116342756481,0.285218258752,A,0.0044565399487813,0.0137111246373746,0.0029877380088523,0.0091842334981217,0.3205744160546196,0.3282993722845004,0.2852182498684636,0.3300925736074094,0.0272345083771318,False,21,0.0,0.0,0.72265625,0.27734375,3.6699788835313587,3.998278255815859,0.32829937228450046,0.32057441605461967,13824,"[{'low': 0.0, 'high': 0.05, 'count': 567, 'agreement': 0.2945326278659612}, {'low': 0.05, 'high': 0.1, 'count': 1425, 'agreement': 0.4498245614035088}, {'low': 0.1, 'high': 0.2, 'count': 3066, 'agreement': 0.6056751467710372}, {'low': 0.2, 'high': 0.4, 'count': 4056, 'agreement': 0.758629191321499}, {'low': 0.4, 'high': 1.01, 'count': 4710, 'agreement': 0.9019108280254777}]",0.689670138888889,0.3103298611111111,0.325030956003401,0.3253116342756481,-0.032986111111111105,5.551115123125783e-17,5.551115123125783e-17
r6_s72000_l6,6,72000,0.5034965034965035,6,0.2237263073523839,0.2139054139455158,0.22985673747,A,0.0049605700704786,0.0221724933878394,0.0043906017586035,0.0205259029100656,0.2187657372819053,0.2182960157041193,0.2298568757595839,0.2724972245869813,0.0912932153315561,False,21,0.0,0.0,0.7741608796296297,0.22583912037037035,3.6699788835313587,3.888274899235478,0.21829601570411938,0.2187657372819053,13824,"[{'low': 0.0, 'high': 0.05, 'count': 567, 'agreement': 0.3474426807760141}, {'low': 0.05, 'high': 0.1, 'count': 1425, 'agreement': 0.5347368421052632}, {'low': 0.1, 'high': 0.2, 'count': 3066, 'agreement': 0.6702544031311155}, {'low': 0.2, 'high': 0.4, 'count': 4056, 'agreement': 0.8071992110453649}, {'low': 0.4, 'high': 1.01, 'count': 4710, 'agreement': 0.9371549893842888}]",0.7293836805555555,0.2706163194444445,0.2237263073523839,0.2139054139455158,-0.044777199074074125,0.0,8.326672684688674e-17
r6_s72000_l7,6,72000,0.5034965034965035,7,0.4530799256430731,0.5356436570485431,0.4199233213,B,0.0332987926624439,0.0734943015078592,0.0417046458632858,0.0778589372139777,0.4863787183055171,0.4939390111852573,0.419923350766853,0.5577158663007948,1.146342645826473,False,21,0.0,0.0,0.6552372685185185,0.3447627314814815,3.6699788835313587,4.163917894716616,0.4939390111852573,0.4863787183055171,13824,"[{'low': 0.0, 'high': 0.05, 'count': 567, 'agreement': 0.23985890652557318}, {'low': 0.05, 'high': 0.1, 'count': 1425, 'agreement': 0.376140350877193}, {'low': 0.1, 'high': 0.2, 'count': 3066, 'agreement': 0.5058708414872799}, {'low': 0.2, 'high': 0.4, 'count': 4056, 'agreement': 0.6883629191321499}, {'low': 0.4, 'high': 1.01, 'count': 4710, 'agreement': 0.8583864118895966}]",0.640842013888889,0.3591579861111111,0.4530799256430731,0.5356436570485431,-0.014395254629629595,0.0,0.0
r6_s72000_l8,6,72000,0.5034965034965035,8,0.4070446689923604,0.483629994922214,0.422209268743,B,0.0223882827493879,0.0550020291501549,0.0306035412682432,0.0632788321433665,0.4294329517417484,0.4530264536539707,0.422209334594232,0.6774237818188138,0.7029433808094274,False,21,0.0,0.0,0.6702112268518519,0.32978877314814814,3.6699788835313587,4.1230053371853295,0.45302645365397076,0.4294329517417484,13824,"[{'low': 0.0, 'high': 0.05, 'count': 567, 'agreement': 0.24338624338624337}, {'low': 0.05, 'high': 0.1, 'count': 1425, 'agreement': 0.36350877192982456}, {'low': 0.1, 'high': 0.2, 'count': 3066, 'agreement': 0.5231572080887149}, {'low': 0.2, 'high': 0.4, 'count': 4056, 'agreement': 0.7053747534516766}, {'low': 0.4, 'high': 1.01, 'count': 4710, 'agreement': 0.8798301486199576}]",0.6278211805555556,0.3721788194444444,0.4070446689923604,0.483629994922214,-0.04239004629629628,0.0,5.551115123125783e-17
r6_s72000_l9,6,72000,0.5034965034965035,9,0.3710829549365573,0.3837833934360081,0.391422888087,A,0.0106903281476762,0.0288084591475647,0.0105987566488764,0.0276165066809127,0.3817732830842336,0.3731846367871316,0.3914230510040565,0.8123688344602231,0.1592598759722252,False,21,0.0,0.0,0.6832320601851852,0.31676793981481477,3.6699788835313587,4.04316352031849,0.37318463678713165,0.3817732830842336,13824,"[{'low': 0.0, 'high': 0.05, 'count': 567, 'agreement': 0.26631393298059963}, {'low': 0.05, 'high': 0.1, 'count': 1425, 'agreement': 0.35017543859649125}, {'low': 0.1, 'high': 0.2, 'count': 3066, 'agreement': 0.5264187866927593}, {'low': 0.2, 'high': 0.4, 'count': 4056, 'agreement': 0.7191814595660749}, {'low': 0.4, 'high': 1.01, 'count': 4710, 'agreement': 0.905307855626327}]",0.6603732638888888,0.3396267361111111,0.3710829549365573,0.3837833934360081,-0.022858796296296335,0.0,5.551115123125783e-17
r6_s72000_l10,6,72000,0.5034965034965035,10,0.4138943354288737,0.4598767492506239,0.442902384351,B,0.0222051011191473,0.053649202751434,0.0267539907384801,0.0581764370171311,0.4360994365480211,0.4331227585121437,0.442902449104521,1.0120099871246904,0.6262734779901337,False,21,0.0,0.0,0.6513310185185185,0.3486689814814815,3.6699788835313587,4.1031016420435025,0.43312275851214377,0.4360994365480211,13824,"[{'low': 0.0, 'high': 0.05, 'count': 567, 'agreement': 0.21340388007054673}, {'low': 0.05, 'high': 0.1, 'count': 1425, 'agreement': 0.3319298245614035}, {'low': 0.1, 'high': 0.2, 'count': 3066, 'agreement': 0.4699934768427919}, {'low': 0.2, 'high': 0.4, 'count': 4056, 'agreement': 0.6770216962524654}, {'low': 0.4, 'high': 1.01, 'count': 4710, 'agreement': 0.8966029723991508}]",0.6729600694444445,0.3270399305555555,0.4138943354288737,0.4598767492506239,0.021629050925925986,0.0,5.551115123125783e-17
r6_s143000_l1,6,143000,1.0,1,0.7476856973436145,0.7725881205664741,0.664078649987,A,0.0038708073121529,0.0051770514347138,0.0017168786790634,0.0022222431763542,0.7515565046557674,0.7708712418874106,0.664078520403968,0.2674411038557688,0.003174022629261,False,21,0.0,0.0,0.5552662037037037,0.4447337962962963,3.6825049453311496,4.45337618721856,0.7708712418874106,0.7515565046557674,13824,"[{'low': 0.0, 'high': 0.05, 'count': 609, 'agreement': 0.22660098522167488}, {'low': 0.05, 'high': 0.1, 'count': 1566, 'agreement': 0.3116219667943806}, {'low': 0.1, 'high': 0.2, 'count': 3279, 'agreement': 0.41750533699298564}, {'low': 0.2, 'high': 0.4, 'count': 3810, 'agreement': 0.5687664041994751}, {'low': 0.4, 'high': 1.01, 'count': 4560, 'agreement': 0.7706140350877193}]",0.5499131944444445,0.4500868055555555,0.7476856973436145,0.7725881205664741,-0.005353009259259245,0.0,0.0
r6_s143000_l2,6,143000,1.0,2,0.6894046068191528,0.700036923090617,0.664078649987,A,0.0010111950061939,0.0014667656644449,0.0020563602447506,0.0029375025472499,0.6883934118129589,0.7020932833353677,0.6640786793496873,0.3308025201161702,0.0010780322729525,False,21,0.0,0.0,0.5645254629629629,0.4354745370370371,3.6825049453311496,4.384598228666517,0.7020932833353677,0.6883934118129589,13824,"[{'low': 0.0, 'high': 0.05, 'count': 609, 'agreement': 0.2233169129720854}, {'low': 0.05, 'high': 0.1, 'count': 1566, 'agreement': 0.3448275862068966}, {'low': 0.1, 'high': 0.2, 'count': 3279, 'agreement': 0.43488868557487037}, {'low': 0.2, 'high': 0.4, 'count': 3810, 'agreement': 0.5761154855643045}, {'low': 0.4, 'high': 1.01, 'count': 4560, 'agreement': 0.7690789473684211}]",0.552734375,0.447265625,0.6894046068191528,0.700036923090617,-0.01179108796296291,0.0,0.0
r6_s143000_l3,6,143000,1.0,3,0.8249830868509079,0.8161831167009143,0.726977669381,A,0.0172369347678289,0.0208936826009417,0.0140634466100625,0.0172307492305048,0.807746152083079,0.8302465633109768,0.7269775757083187,0.3746161725785997,0.0733444691675225,False,21,0.0,0.0,0.5255353009259259,0.47446469907407407,3.6825049453311496,4.512751508642126,0.8302465633109768,0.807746152083079,13824,"[{'low': 0.0, 'high': 0.05, 'count': 609, 'agreement': 0.23973727422003285}, {'low': 0.05, 'high': 0.1, 'count': 1566, 'agreement': 0.305874840357599}, {'low': 0.1, 'high': 0.2, 'count': 3279, 'agreement': 0.4037816407441293}, {'low': 0.2, 'high': 0.4, 'count': 3810, 'agreement': 0.542257217847769}, {'low': 0.4, 'high': 1.01, 'count': 4560, 'agreement': 0.7127192982456141}]",0.5106336805555555,0.4893663194444445,0.8249830868509079,0.8161831167009143,-0.014901620370370405,0.0,0.0
r6_s143000_l4,6,143000,1.0,4,1.9717504978179927,1.937442382176717,0.75,A,0.0595038246225427,0.0301781714716753,0.0678095111140495,0.0349994981723433,1.9122466731954504,2.0052518932907666,0.7500000441515887,0.4249176725193306,0.2135686905691891,False,21,0.0,0.0,0.36060474537037035,0.6393952546296297,3.6825049453311496,5.687756838621916,2.0052518932907666,1.9122466731954504,13824,"[{'low': 0.0, 'high': 0.05, 'count': 609, 'agreement': 0.10180623973727422}, {'low': 0.05, 'high': 0.1, 'count': 1566, 'agreement': 0.18071519795657726}, {'low': 0.1, 'high': 0.2, 'count': 3279, 'agreement': 0.26806953339432754}, {'low': 0.2, 'high': 0.4, 'count': 3810, 'agreement': 0.3968503937007874}, {'low': 0.4, 'high': 1.01, 'count': 4560, 'agreement': 0.4932017543859649}]",0.3025173611111111,0.697482638888889,1.9717504978179927,1.937442382176717,-0.0580873842592593,0.0,0.0
r6_s143000_l5,6,143000,1.0,5,0.701086355580224,0.7230224344465467,0.416817701285,A,0.0049068993992276,0.0069989942895973,0.0045950412750247,0.0063553232321701,0.6961794561809964,0.7276174757215714,0.4168177997624432,0.2721500959661271,0.008937605445143,False,21,0.0,0.0,0.5975839120370371,0.4024160879629629,3.6825049453311496,4.410122421052721,0.7276174757215714,0.6961794561809964,13824,"[{'low': 0.0, 'high': 0.05, 'count': 609, 'agreement': 0.21018062397372742}, {'low': 0.05, 'high': 0.1, 'count': 1566, 'agreement': 0.3524904214559387}, {'low': 0.1, 'high': 0.2, 'count': 3279, 'agreement': 0.4690454406831351}, {'low': 0.2, 'high': 0.4, 'count': 3810, 'agreement': 0.6257217847769029}, {'low': 0.4, 'high': 1.01, 'count': 4560, 'agreement': 0.8024122807017544}]",0.5451388888888888,0.4548611111111111,0.701086355580224,0.7230224344465467,-0.052445023148148195,0.0,0.0
r6_s143000_l6,6,143000,1.0,6,0.3291668494542439,0.36049575275845,0.273982019981,B,0.0204334303184792,0.0620762095341484,0.0225912288383201,0.0626671151196465,0.3496002797727232,0.3379045239201299,0.2739821098468922,0.2018224856367817,0.7780623107591735,False,21,0.0,0.0,0.7106481481481481,0.28935185185185186,3.6825049453311496,4.0204094692512795,0.33790452392012993,0.3496002797727232,13824,"[{'low': 0.0, 'high': 0.05, 'count': 609, 'agreement': 0.35960591133004927}, {'low': 0.05, 'high': 0.1, 'count': 1566, 'agreement': 0.44891443167305234}, {'low': 0.1, 'high': 0.2, 'count': 3279, 'agreement': 0.5870692284232998}, {'low': 0.2, 'high': 0.4, 'count': 3810, 'agreement': 0.75748031496063}, {'low': 0.4, 'high': 1.01, 'count': 4560, 'agreement': 0.8971491228070175}]",0.6592881944444444,0.3407118055555556,0.3291668494542439,0.36049575275845,-0.05135995370370372,0.0,5.551115123125783e-17
r6_s143000_l7,6,143000,1.0,7,0.7113470170232986,0.8014676570892335,0.482002668122,B,0.0455541257505062,0.0640392447852918,0.0354807994983815,0.0442697832963045,0.7569011427738048,0.7659868575908519,0.482002525417893,0.3985758379653648,0.6060838585788711,False,21,0.0,0.0,0.5728443287037037,0.4271556712962963,3.6825049453311496,4.4484918029220015,0.7659868575908519,0.7569011427738048,13824,"[{'low': 0.0, 'high': 0.05, 'count': 609, 'agreement': 0.18719211822660098}, {'low': 0.05, 'high': 0.1, 'count': 1566, 'agreement': 0.2943805874840358}, {'low': 0.1, 'high': 0.2, 'count': 3279, 'agreement': 0.4309240622140897}, {'low': 0.2, 'high': 0.4, 'count': 3810, 'agreement': 0.6097112860892389}, {'low': 0.4, 'high': 1.01, 'count': 4560, 'agreement': 0.7912280701754386}]",0.5379774305555555,0.4620225694444445,0.7113470170232986,0.8014676570892335,-0.034866898148148195,0.0,0.0
r6_s143000_l8,6,143000,1.0,8,0.4219082163439856,0.4686655733320448,0.38447851062,A,0.0125209324889713,0.0296769107685099,0.0181128184000651,0.0386476400885407,0.4344291488329569,0.4505527549319796,0.384478489557902,0.3516235053539276,0.2374359117186036,False,21,0.0,0.0,0.6752748842592593,0.3247251157407407,3.6825049453311496,4.133057700263129,0.45055275493197966,0.43442914883295697,13824,"[{'low': 0.0, 'high': 0.05, 'count': 609, 'agreement': 0.3185550082101806}, {'low': 0.05, 'high': 0.1, 'count': 1566, 'agreement': 0.3837803320561941}, {'low': 0.1, 'high': 0.2, 'count': 3279, 'agreement': 0.535224153705398}, {'low': 0.2, 'high': 0.4, 'count': 3810, 'agreement': 0.710498687664042}, {'low': 0.4, 'high': 1.01, 'count': 4560, 'agreement': 0.894298245614035}]",0.6297743055555556,0.3702256944444444,0.4219082163439856,0.4686655733320448,-0.04550057870370372,5.551115123125783e-17,5.551115123125783e-17
r6_s143000_l9,6,143000,1.0,9,0.420853704214096,0.4493070708380806,0.437510816892,A,0.017582815002512,0.0417789241876925,0.0122870869106718,0.0273467472651292,0.4384365192166081,0.4370199839274087,0.4375108634984052,0.419614925428673,0.2493323092275439,False,21,0.0,0.0,0.6724537037037037,0.3275462962962963,3.6825049453311496,4.119524929258558,0.4370199839274087,0.43843651921660814,13824,"[{'low': 0.0, 'high': 0.05, 'count': 609, 'agreement': 0.270935960591133}, {'low': 0.05, 'high': 0.1, 'count': 1566, 'agreement': 0.4054916985951469}, {'low': 0.1, 'high': 0.2, 'count': 3279, 'agreement': 0.5166209210125038}, {'low': 0.2, 'high': 0.4, 'count': 3810, 'agreement': 0.7065616797900263}, {'low': 0.4, 'high': 1.01, 'count': 4560, 'agreement': 0.9013157894736842}]",0.6195746527777778,0.3804253472222222,0.420853704214096,0.4493070708380806,-0.05287905092592593,5.551115123125783e-17,0.0
r6_s143000_l10,6,143000,1.0,10,1.0211710002687242,1.1513046953413224,0.781152949375,B,0.0594262215826246,0.0581941923212941,0.0726005236307782,0.0630593481677686,1.0805972218513489,1.078704171710544,0.7811529481852496,0.8358961961887501,0.7363045411285177,False,21,0.0,0.0,0.49486400462962965,0.5051359953703703,3.6825049453311496,4.761209117041694,1.0787041717105441,1.0805972218513489,13824,"[{'low': 0.0, 'high': 0.05, 'count': 609, 'agreement': 0.11494252873563218}, {'low': 0.05, 'high': 0.1, 'count': 1566, 'agreement': 0.19859514687100893}, {'low': 0.1, 'high': 0.2, 'count': 3279, 'agreement': 0.3287587679170479}, {'low': 0.2, 'high': 0.4, 'count': 3810, 'agreement': 0.4989501312335958}, {'low': 0.4, 'high': 1.01, 'count': 4560, 'agreement': 0.7633771929824561}]",0.4754774305555555,0.5245225694444445,1.0211710002687242,1.1513046953413224,-0.01938657407407418,0.0,2.220446049250313e-16
r8_s14000_l1,8,14000,0.0979020979020979,1,0.4072243273258209,0.3917307323879663,0.519550141886,A,0.0148042009936438,0.0363539209232032,0.0120638123265022,0.0307961855658636,0.392420126332177,0.4037945447144686,0.5195501755785059,0.5756851655465586,0.2270012611908955,False,21,0.0,0.0,0.6597222222222222,0.3402777777777778,3.8602281676398382,4.264022712354307,0.40379454471446863,0.39242012633217704,13824,"[{'low': 0.0, 'high': 0.05, 'count': 696, 'agreement': 0.3089080459770115}, {'low': 0.05, 'high': 0.1, 'count': 1605, 'agreement': 0.3975077881619938}, {'low': 0.1, 'high': 0.2, 'count': 3264, 'agreement': 0.5349264705882353}, {'low': 0.2, 'high': 0.4, 'count': 3891, 'agreement': 0.686969930609098}, {'low': 0.4, 'high': 1.01, 'count': 4368, 'agreement': 0.8809523809523809}]",0.6597222222222222,0.3402777777777778,0.4072243273258209,0.3917307323879663,0.0,5.551115123125783e-17,5.551115123125783e-17
r8_s14000_l2,8,14000,0.0979020979020979,2,0.5077182418770261,0.5116835700141059,0.571806043153,A,0.0130344342302393,0.0256725741860792,0.0120681480125143,0.0235851778710777,0.4946838076467867,0.5237517180266202,0.5718061239631088,0.7137816879484389,0.1215341680554888,False,21,0.0,0.0,0.6281105324074074,0.37188946759259256,3.8602281676398382,4.3839798856664585,0.5237517180266202,0.4946838076467867,13824,"[{'low': 0.0, 'high': 0.05, 'count': 696, 'agreement': 0.26580459770114945}, {'low': 0.05, 'high': 0.1, 'count': 1605, 'agreement': 0.36074766355140186}, {'low': 0.1, 'high': 0.2, 'count': 3264, 'agreement': 0.5027573529411765}, {'low': 0.2, 'high': 0.4, 'count': 3891, 'agreement': 0.6599845797995374}, {'low': 0.4, 'high': 1.01, 'count': 4368, 'agreement': 0.8493589743589743}]",0.613498263888889,0.3865017361111111,0.5077182418770261,0.5116835700141059,-0.014612268518518545,0.0,0.0
r8_s14000_l3,8,14000,0.0979020979020979,3,0.5229583117696973,0.4941637251112196,0.579343541264,B,0.0486076717023495,0.0929475076852065,0.0415960506156636,0.0841746338346013,0.4743506400673478,0.5357597757268833,0.5793435198289377,0.7944999160589995,1.572460816614246,False,21,0.0,0.0,0.6290509259259259,0.37094907407407407,3.8602281676398382,4.3959879433667215,0.5357597757268833,0.4743506400673478,13824,"[{'low': 0.0, 'high': 0.05, 'count': 696, 'agreement': 0.2916666666666667}, {'low': 0.05, 'high': 0.1, 'count': 1605, 'agreement': 0.3632398753894081}, {'low': 0.1, 'high': 0.2, 'count': 3264, 'agreement': 0.5165441176470589}, {'low': 0.2, 'high': 0.4, 'count': 3891, 'agreement': 0.6566435363659727}, {'low': 0.4, 'high': 1.01, 'count': 4368, 'agreement': 0.8399725274725275}]",0.6102430555555555,0.3897569444444445,0.5229583117696973,0.4941637251112196,-0.018807870370370405,0.0,0.0
r8_s14000_l4,8,14000,0.0979020979020979,4,1.222296569082472,1.2176927460564504,0.725651411301,A,0.0330057033786066,0.0270030238269879,0.0318621352866848,0.0261659892364847,1.1892908657038654,1.2495548813431352,0.7256513039271036,1.1674147711859808,0.1413822288527033,False,21,0.0,0.0,0.453125,0.546875,3.8602281676398382,5.109783048982973,1.2495548813431352,1.1892908657038654,13824,"[{'low': 0.0, 'high': 0.05, 'count': 696, 'agreement': 0.16522988505747127}, {'low': 0.05, 'high': 0.1, 'count': 1605, 'agreement': 0.20809968847352026}, {'low': 0.1, 'high': 0.2, 'count': 3264, 'agreement': 0.33670343137254904}, {'low': 0.2, 'high': 0.4, 'count': 3891, 'agreement': 0.49498843484965305}, {'low': 0.4, 'high': 1.01, 'count': 4368, 'agreement': 0.6387362637362637}]",0.4283854166666667,0.5716145833333334,1.222296569082472,1.2176927460564504,-0.02473958333333337,0.0,0.0
r8_s14000_l5,8,14000,0.0979020979020979,5,0.2210980537864897,0.2745188872019451,0.325644800604,B,0.0163569930526945,0.0739807192894433,0.023032435664424,0.0839010965660689,0.2374550468391842,0.251486451537521,0.3256448319664708,0.5522569263422931,1.251254083167304,False,21,0.0,0.0,0.7436342592592593,0.2563657407407407,3.8602281676398382,4.111714619177359,0.251486451537521,0.23745504683918423,13824,"[{'low': 0.0, 'high': 0.05, 'count': 696, 'agreement': 0.32471264367816094}, {'low': 0.05, 'high': 0.1, 'count': 1605, 'agreement': 0.4965732087227414}, {'low': 0.1, 'high': 0.2, 'count': 3264, 'agreement': 0.6461397058823529}, {'low': 0.2, 'high': 0.4, 'count': 3891, 'agreement': 0.7918272937548189}, {'low': 0.4, 'high': 1.01, 'count': 4368, 'agreement': 0.9310897435897436}]",0.722439236111111,0.2775607638888889,0.2210980537864897,0.2745188872019451,-0.021195023148148195,2.7755575615628914e-17,0.0
r8_s14000_l6,8,14000,0.0979020979020979,6,0.186862803167767,0.2131069236331518,0.305544805642,A,0.0080301137986006,0.0429733133744555,0.0094470271357785,0.0443299869130325,0.1948929169663676,0.2036598964973732,0.3055447097177858,0.5409684247440762,0.3811853402127008,False,21,0.0,0.0,0.7624421296296297,0.23755787037037035,3.8602281676398382,4.0638880641372115,0.20365989649737326,0.19489291696636765,13824,"[{'low': 0.0, 'high': 0.05, 'count': 696, 'agreement': 0.3793103448275862}, {'low': 0.05, 'high': 0.1, 'count': 1605, 'agreement': 0.5196261682242991}, {'low': 0.1, 'high': 0.2, 'count': 3264, 'agreement': 0.6550245098039216}, {'low': 0.2, 'high': 0.4, 'count': 3891, 'agreement': 0.8226676946800309}, {'low': 0.4, 'high': 1.01, 'count': 4368, 'agreement': 0.9393315018315018}]",0.7456597222222223,0.2543402777777777,0.186862803167767,0.2131069236331518,-0.01678240740740733,5.551115123125783e-17,5.551115123125783e-17
r8_s14000_l9,8,14000,0.0979020979020979,9,0.2055832776758406,0.1886838012271456,0.357207586265,A,0.0081524948279063,0.0396554375435211,0.0069730811648898,0.0369564378049516,0.1974307828479343,0.1956568823920355,0.3572077221340603,0.8895780576599969,0.2938332022029133,False,21,0.0,0.0,0.7635271990740741,0.23647280092592593,3.8602281676398382,4.055885050031874,0.1956568823920355,0.1974307828479343,13824,"[{'low': 0.0, 'high': 0.05, 'count': 696, 'agreement': 0.35919540229885055}, {'low': 0.05, 'high': 0.1, 'count': 1605, 'agreement': 0.5177570093457944}, {'low': 0.1, 'high': 0.2, 'count': 3264, 'agreement': 0.6596200980392157}, {'low': 0.2, 'high': 0.4, 'count': 3891, 'agreement': 0.8147005911076844}, {'low': 0.4, 'high': 1.01, 'count': 4368, 'agreement': 0.9503205128205128}]",0.7369791666666666,0.2630208333333333,0.2055832776758406,0.1886838012271456,-0.026548032407407385,0.0,0.0
r8_s14000_l10,8,14000,0.0979020979020979,10,0.2883223162757025,0.3154510392083061,0.454731743766,B,0.0140469581992538,0.0487196356516954,0.0169372028774679,0.0536920180067306,0.3023692744749564,0.2985138363308381,0.4547318683730231,1.307295322418213,0.5256435695703783,False,21,0.0,0.0,0.6958188657407407,0.3041811342592593,3.8602281676398382,4.158742003970676,0.29851383633083817,0.3023692744749564,13824,"[{'low': 0.0, 'high': 0.05, 'count': 696, 'agreement': 0.27298850574712646}, {'low': 0.05, 'high': 0.1, 'count': 1605, 'agreement': 0.39626168224299063}, {'low': 0.1, 'high': 0.2, 'count': 3264, 'agreement': 0.5609681372549019}, {'low': 0.2, 'high': 0.4, 'count': 3891, 'agreement': 0.7489077358005654}, {'low': 0.4, 'high': 1.01, 'count': 4368, 'agreement': 0.9267399267399268}]",0.691189236111111,0.3088107638888889,0.2883223162757025,0.3154510392083061,-0.004629629629629595,0.0,5.551115123125783e-17
r8_s72000_l1,8,72000,0.5034965034965035,1,0.741052296426561,0.7441590627034506,0.634845079338,A,0.0003678026022735,0.0004963247587877,0.0004845195346406,0.0006510967331094,0.7414200990288345,0.7436745431688099,0.6348451707098219,0.5265197157859802,6.702652220533882e-05,False,21,0.0,0.0,0.5584490740740741,0.44155092592592593,3.7941317558288574,4.537806298997667,0.7436745431688099,0.7414200990288345,13824,"[{'low': 0.0, 'high': 0.05, 'count': 696, 'agreement': 0.21695402298850575}, {'low': 0.05, 'high': 0.1, 'count': 1548, 'agreement': 0.28617571059431524}, {'low': 0.1, 'high': 0.2, 'count': 3279, 'agreement': 0.43122903324184203}, {'low': 0.2, 'high': 0.4, 'count': 3963, 'agreement': 0.5740600555134999}, {'low': 0.4, 'high': 1.01, 'count': 4338, 'agreement': 0.7923005993545412}]",0.5616319444444445,0.4383680555555555,0.741052296426561,0.7441590627034506,0.0031828703703704053,0.0,0.0
r8_s72000_l2,8,72000,0.5034965034965035,2,0.6622003846698337,0.6189210679796009,0.625388202502,A,0.0232090552647907,0.0350483868660504,0.0253688317758067,0.0409887998458017,0.6389913294050429,0.6442898997554076,0.6253883419213472,0.5930342585952194,0.2908471134720675,False,21,0.0,0.0,0.5833333333333334,0.41666666666666663,3.7941317558288574,4.438421655584265,0.6442898997554076,0.6389913294050429,13824,"[{'low': 0.0, 'high': 0.05, 'count': 696, 'agreement': 0.25287356321839083}, {'low': 0.05, 'high': 0.1, 'count': 1548, 'agreement': 0.32299741602067183}, {'low': 0.1, 'high': 0.2, 'count': 3279, 'agreement': 0.46111619396157366}, {'low': 0.2, 'high': 0.4, 'count': 3963, 'agreement': 0.6091344940701489}, {'low': 0.4, 'high': 1.01, 'count': 4338, 'agreement': 0.7980636237897649}]",0.5759548611111112,0.4240451388888888,0.6622003846698337,0.6189210679796009,-0.007378472222222154,0.0,0.0
r8_s72000_l3,8,72000,0.5034965034965035,3,0.6975903709729513,0.6404398547278509,0.654028652506,B,0.0579369399282667,0.0830529524760745,0.0425582903402821,0.0664516582252683,0.6396534310446845,0.6829981450681331,0.6540285878711276,0.6672941313849555,1.1313615795914536,False,21,0.0,0.0,0.5745081018518519,0.42549189814814814,3.7941317558288574,4.4771299008969905,0.6829981450681331,0.6396534310446845,13824,"[{'low': 0.0, 'high': 0.05, 'count': 696, 'agreement': 0.2614942528735632}, {'low': 0.05, 'high': 0.1, 'count': 1548, 'agreement': 0.3391472868217054}, {'low': 0.1, 'high': 0.2, 'count': 3279, 'agreement': 0.46111619396157366}, {'low': 0.2, 'high': 0.4, 'count': 3963, 'agreement': 0.6063588190764573}, {'low': 0.4, 'high': 1.01, 'count': 4338, 'agreement': 0.7653296449976947}]",0.5648871527777778,0.4351128472222221,0.6975903709729513,0.6404398547278509,-0.009620949074073959,0.0,0.0
r8_s72000_l4,8,72000,0.5034965034965035,4,1.43933990266588,1.4285152753194172,0.64219929309,A,0.0258677932951185,0.0179719837178066,0.0230991045633952,0.0161700087933705,1.4134721093707614,1.4516143798828125,0.6421993904643588,0.742022298000477,0.0584461383131601,False,21,0.0,0.0,0.4302662037037037,0.5697337962962963,3.7941317558288574,5.24574613571167,1.4516143798828125,1.4134721093707614,13824,"[{'low': 0.0, 'high': 0.05, 'count': 696, 'agreement': 0.1307471264367816}, {'low': 0.05, 'high': 0.1, 'count': 1548, 'agreement': 0.20025839793281655}, {'low': 0.1, 'high': 0.2, 'count': 3279, 'agreement': 0.33058859408356206}, {'low': 0.2, 'high': 0.4, 'count': 3963, 'agreement': 0.4786777693666414}, {'low': 0.4, 'high': 1.01, 'count': 4338, 'agreement': 0.5915168280313509}]",0.3791232638888889,0.620876736111111,1.43933990266588,1.4285152753194172,-0.05114293981481477,0.0,0.0
r8_s72000_l5,8,72000,0.5034965034965035,5,0.297220915555954,0.319316969977485,0.300293254974,A,0.0101207870024221,0.0340513956881437,0.0124696448997217,0.0390509934394089,0.3073417025583762,0.3068473250777632,0.3002931784700464,0.3586752127718042,0.2684477636932643,False,21,0.0,0.0,0.7207754629629629,0.2792245370370371,3.7941317558288574,4.100979080906621,0.30684732507776324,0.3073417025583762,13824,"[{'low': 0.0, 'high': 0.05, 'count': 696, 'agreement': 0.29310344827586204}, {'low': 0.05, 'high': 0.1, 'count': 1548, 'agreement': 0.46705426356589147}, {'low': 0.1, 'high': 0.2, 'count': 3279, 'agreement': 0.6178713022262885}, {'low': 0.2, 'high': 0.4, 'count': 3963, 'agreement': 0.7754226596013122}, {'low': 0.4, 'high': 1.01, 'count': 4338, 'agreement': 0.9077916090364223}]",0.693576388888889,0.3064236111111111,0.297220915555954,0.319316969977485,-0.027199074074074014,0.0,5.551115123125783e-17
r8_s72000_l6,8,72000,0.5034965034965035,6,0.323677294784122,0.3561698860592311,0.318473871211,B,0.0163185110798588,0.0504159894523714,0.0200238139541062,0.0562198398511437,0.3399958058639808,0.3361460721051248,0.3184739627220012,0.4015916387240092,0.5702442385383325,False,21,0.0,0.0,0.7120225694444444,0.2879774305555556,3.7941317558288574,4.130277827933982,0.3361460721051248,0.33999580586398087,13824,"[{'low': 0.0, 'high': 0.05, 'count': 696, 'agreement': 0.3232758620689655}, {'low': 0.05, 'high': 0.1, 'count': 1548, 'agreement': 0.47739018087855295}, {'low': 0.1, 'high': 0.2, 'count': 3279, 'agreement': 0.5998780115888991}, {'low': 0.2, 'high': 0.4, 'count': 3963, 'agreement': 0.7625536209941963}, {'low': 0.4, 'high': 1.01, 'count': 4338, 'agreement': 0.896726602120793}]",0.685546875,0.3144531249999999,0.323677294784122,0.3561698860592311,-0.02647569444444431,5.551115123125783e-17,0.0
r8_s72000_l7,8,72000,0.5034965034965035,7,0.3421697583463457,0.3360793325636123,0.358167275628,A,0.006427040806523,0.0187831935749237,0.004993111998947,0.0148569445221304,0.3485967991528688,0.3310862205646652,0.3581673083481965,0.4981649473861412,0.0573537161410094,False,21,0.0,0.0,0.7105758101851852,0.28942418981481477,3.7941317558288574,4.125217976393523,0.3310862205646652,0.3485967991528688,13824,"[{'low': 0.0, 'high': 0.05, 'count': 696, 'agreement': 0.3275862068965517}, {'low': 0.05, 'high': 0.1, 'count': 1548, 'agreement': 0.42764857881136953}, {'low': 0.1, 'high': 0.2, 'count': 3279, 'agreement': 0.6044525770051845}, {'low': 0.2, 'high': 0.4, 'count': 3963, 'agreement': 0.7681049709815796}, {'low': 0.4, 'high': 1.01, 'count': 4338, 'agreement': 0.9006454587367451}]",0.6653645833333334,0.3346354166666667,0.3421697583463457,0.3360793325636123,-0.045211226851851916,0.0,0.0
r8_s72000_l9,8,72000,0.5034965034965035,9,0.3047810594240824,0.299455377790663,0.35661446562,A,0.0052682525581783,0.0172853672997791,0.0045383329744688,0.0151552896058733,0.3100493119822608,0.2949170448161942,0.3566145223599893,0.7601889151114004,0.0528466725729662,False,21,0.0,0.0,0.7096354166666666,0.29036458333333337,3.7941317558288574,4.089048800645052,0.2949170448161942,0.3100493119822608,13824,"[{'low': 0.0, 'high': 0.05, 'count': 696, 'agreement': 0.3132183908045977}, {'low': 0.05, 'high': 0.1, 'count': 1548, 'agreement': 0.4354005167958656}, {'low': 0.1, 'high': 0.2, 'count': 3279, 'agreement': 0.5849344312290332}, {'low': 0.2, 'high': 0.4, 'count': 3963, 'agreement': 0.7625536209941963}, {'low': 0.4, 'high': 1.01, 'count': 4338, 'agreement': 0.91701244813278}]",0.697265625,0.302734375,0.3047810594240824,0.299455377790663,-0.01236979166666663,0.0,0.0
r8_s72000_l10,8,72000,0.5034965034965035,10,0.4546317756175995,0.4891280598110621,0.494565164974,B,0.0255207761570259,0.056135047142934,0.0297439098358157,0.0608100664828843,0.4801525517746254,0.4593841499752464,0.494565216479478,1.1486754417419434,0.6849007703421223,False,21,0.0,0.0,0.6399739583333334,0.36002604166666663,3.7941317558288574,4.253515905804104,0.45938414997524646,0.4801525517746254,13824,"[{'low': 0.0, 'high': 0.05, 'count': 696, 'agreement': 0.2672413793103448}, {'low': 0.05, 'high': 0.1, 'count': 1548, 'agreement': 0.32299741602067183}, {'low': 0.1, 'high': 0.2, 'count': 3279, 'agreement': 0.4919182677645624}, {'low': 0.2, 'high': 0.4, 'count': 3963, 'agreement': 0.6876103961645218}, {'low': 0.4, 'high': 1.01, 'count': 4338, 'agreement': 0.8812816966343937}]",0.6929253472222222,0.3070746527777778,0.4546317756175995,0.4891280598110621,0.05295138888888884,0.0,5.551115123125783e-17
r8_s143000_l1,8,143000,1.0,1,0.6980229881074694,0.6730988290574818,0.62324227185,A,0.0034390886624654,0.004926898857278,0.0027370452880859,0.0040663349420982,0.694583899445004,0.6758358743455677,0.6232421751375552,0.2493696008567456,0.0040809412211296,False,21,0.0,0.0,0.5763888888888888,0.42361111111111116,3.735322740342882,4.41115861468845,0.6758358743455677,0.694583899445004,13824,"[{'low': 0.0, 'high': 0.05, 'count': 666, 'agreement': 0.22372372372372373}, {'low': 0.05, 'high': 0.1, 'count': 1410, 'agreement': 0.30921985815602837}, {'low': 0.1, 'high': 0.2, 'count': 3123, 'agreement': 0.44860710854947167}, {'low': 0.2, 'high': 0.4, 'count': 3978, 'agreement': 0.5693815987933635}, {'low': 0.4, 'high': 1.01, 'count': 4647, 'agreement': 0.7998708844415752}]",0.5670572916666666,0.4329427083333333,0.6980229881074694,0.6730988290574818,-0.009331597222222154,0.0,0.0
r8_s143000_l2,8,143000,1.0,2,0.7849934034877353,0.7439439031812881,0.688243954328,A,0.0139720616517242,0.0177989542200334,0.0086845645198115,0.0116736819572854,0.771021341836011,0.7526284677010997,0.6882439344017593,0.3194692852320494,0.0453077621767872,False,21,0.0,0.0,0.5596064814814815,0.4403935185185185,3.735322740342882,4.487951208043982,0.7526284677010997,0.771021341836011,13824,"[{'low': 0.0, 'high': 0.05, 'count': 666, 'agreement': 0.23573573573573572}, {'low': 0.05, 'high': 0.1, 'count': 1410, 'agreement': 0.31560283687943264}, {'low': 0.1, 'high': 0.2, 'count': 3123, 'agreement': 0.42427153378162025}, {'low': 0.2, 'high': 0.4, 'count': 3978, 'agreement': 0.565359477124183}, {'low': 0.4, 'high': 1.01, 'count': 4647, 'agreement': 0.7660856466537551}]",0.5414496527777778,0.4585503472222221,0.7849934034877353,0.7439439031812881,-0.01815682870370361,0.0,0.0
r8_s143000_l3,8,143000,1.0,3,0.9562838276227316,0.9007845454745824,0.74109297624,B,0.0494828776076988,0.0517449696191755,0.036034513402868,0.0400034765070742,0.9068009500150328,0.9368190588774504,0.7410931256082323,0.3808689536871733,0.4277820013550591,False,21,0.0,0.0,0.5159866898148148,0.48401331018518523,3.735322740342882,4.6721417992203325,0.9368190588774503,0.9068009500150327,13824,"[{'low': 0.0, 'high': 0.05, 'count': 666, 'agreement': 0.2057057057057057}, {'low': 0.05, 'high': 0.1, 'count': 1410, 'agreement': 0.30141843971631205}, {'low': 0.1, 'high': 0.2, 'count': 3123, 'agreement': 0.39545308997758566}, {'low': 0.2, 'high': 0.4, 'count': 3978, 'agreement': 0.5329311211664153}, {'low': 0.4, 'high': 1.01, 'count': 4647, 'agreement': 0.6920593931568754}]",0.5028211805555555,0.4971788194444445,0.9562838276227316,0.9007845454745824,-0.013165509259259245,-1.1102230246251565e-16,-1.1102230246251565e-16
r8_s143000_l4,8,143000,1.0,4,1.8047940333684285,1.764314068688287,0.649003653765,A,0.0465140166106046,0.025772479158614,0.0523453465214476,0.0296689503588978,1.758280016757824,1.8166594152097344,0.6490034836309927,0.3834816029778233,0.1544467297381677,False,21,0.0,0.0,0.3937355324074074,0.6062644675925926,3.735322740342882,5.551982155552617,1.8166594152097346,1.7582800167578239,13824,"[{'low': 0.0, 'high': 0.05, 'count': 666, 'agreement': 0.11561561561561562}, {'low': 0.05, 'high': 0.1, 'count': 1410, 'agreement': 0.2028368794326241}, {'low': 0.1, 'high': 0.2, 'count': 3123, 'agreement': 0.30131284021773935}, {'low': 0.2, 'high': 0.4, 'count': 3978, 'agreement': 0.4135243841126194}, {'low': 0.4, 'high': 1.01, 'count': 4647, 'agreement': 0.5366903378523779}]",0.3109809027777778,0.6890190972222222,1.8047940333684285,1.764314068688287,-0.08275462962962965,-2.220446049250313e-16,2.220446049250313e-16
r8_s143000_l5,8,143000,1.0,5,0.4476235144668155,0.4831451045142279,0.322765732516,A,0.0066837767759959,0.0149316927283016,0.0079382084034111,0.0164302780453009,0.4543072912428114,0.4752068961108167,0.3227658536699083,0.2009583816484168,0.0492909484380429,False,21,0.0,0.0,0.6762876157407407,0.3237123842592593,3.735322740342882,4.210529636453699,0.4752068961108167,0.45430729124281144,13824,"[{'low': 0.0, 'high': 0.05, 'count': 666, 'agreement': 0.2777777777777778}, {'low': 0.05, 'high': 0.1, 'count': 1410, 'agreement': 0.40638297872340423}, {'low': 0.1, 'high': 0.2, 'count': 3123, 'agreement': 0.5456292026897214}, {'low': 0.2, 'high': 0.4, 'count': 3978, 'agreement': 0.7096530920060332}, {'low': 0.4, 'high': 1.01, 'count': 4647, 'agreement': 0.8745427157305788}]",0.6460503472222222,0.3539496527777778,0.4476235144668155,0.4831451045142279,-0.03023726851851849,5.551115123125783e-17,0.0
r8_s143000_l6,8,143000,1.0,6,0.4478689365916782,0.4873672591315377,0.326237921249,A,0.0176188195193255,0.0393392309218115,0.0164337069899949,0.0337193495911999,0.4654877561110037,0.4709335521415427,0.3262380306367521,0.2236060781611336,0.2684569626384744,False,21,0.0,0.0,0.6736834490740741,0.32631655092592593,3.735322740342882,4.206256292484425,0.47093355214154276,0.46548775611100374,13824,"[{'low': 0.0, 'high': 0.05, 'count': 666, 'agreement': 0.2852852852852853}, {'low': 0.05, 'high': 0.1, 'count': 1410, 'agreement': 0.41205673758865247}, {'low': 0.1, 'high': 0.2, 'count': 3123, 'agreement': 0.5600384245917387}, {'low': 0.2, 'high': 0.4, 'count': 3978, 'agreement': 0.6933132227249874}, {'low': 0.4, 'high': 1.01, 'count': 4647, 'agreement': 0.868302130406714}]",0.6375868055555556,0.3624131944444444,0.4478689365916782,0.4873672591315377,-0.03609664351851849,5.551115123125783e-17,5.551115123125783e-17
r8_s143000_l7,8,143000,1.0,7,0.457618130577935,0.4715980688730878,0.353508845605,A,0.0089597878632722,0.0195791802478131,0.0068634880913629,0.0145536815020237,0.4665779184412073,0.4647345807817249,0.3535089283077805,0.2692888478438059,0.059515394444128,False,21,0.0,0.0,0.6671730324074074,0.33282696759259256,3.735322740342882,4.200057321124607,0.4647345807817249,0.46657791844120733,13824,"[{'low': 0.0, 'high': 0.05, 'count': 666, 'agreement': 0.2702702702702703}, {'low': 0.05, 'high': 0.1, 'count': 1410, 'agreement': 0.39148936170212767}, {'low': 0.1, 'high': 0.2, 'count': 3123, 'agreement': 0.5302593659942363}, {'low': 0.2, 'high': 0.4, 'count': 3978, 'agreement': 0.7066365007541479}, {'low': 0.4, 'high': 1.01, 'count': 4647, 'agreement': 0.8659350118355928}]",0.6082899305555555,0.3917100694444445,0.457618130577935,0.4715980688730878,-0.058883101851851916,5.551115123125783e-17,0.0
r8_s143000_l8,8,143000,1.0,8,0.7230100499259101,0.8426271544562448,0.598483846864,B,0.0538323013870803,0.0744558134323615,0.066316851863155,0.0787024860430367,0.7768423513129905,0.7763103025930898,0.5984839156821922,0.4995570723657255,1.1737749463259048,False,21,0.0,0.0,0.5630787037037037,0.4369212962962963,3.735322740342882,4.511633042935972,0.7763103025930898,0.7768423513129905,13824,"[{'low': 0.0, 'high': 0.05, 'count': 666, 'agreement': 0.17717717717717718}, {'low': 0.05, 'high': 0.1, 'count': 1410, 'agreement': 0.2886524822695035}, {'low': 0.1, 'high': 0.2, 'count': 3123, 'agreement': 0.4034582132564842}, {'low': 0.2, 'high': 0.4, 'count': 3978, 'agreement': 0.5902463549522373}, {'low': 0.4, 'high': 1.01, 'count': 4647, 'agreement': 0.7856681730148483}]",0.5494791666666666,0.4505208333333333,0.7230100499259101,0.8426271544562448,-0.013599537037037035,0.0,0.0
r8_s143000_l9,8,143000,1.0,9,0.4151734941535526,0.4186571968926325,0.42124957938,A,0.006009480467549,0.0144746245898635,0.0042855209774446,0.0102363485191284,0.4211829746211016,0.4143716759151878,0.4212494547720308,0.412600220353515,0.0314297588024056,False,21,0.0,0.0,0.6769386574074074,0.32306134259259256,3.735322740342882,4.14969441625807,0.41437167591518786,0.42118297462110166,13824,"[{'low': 0.0, 'high': 0.05, 'count': 666, 'agreement': 0.24774774774774774}, {'low': 0.05, 'high': 0.1, 'count': 1410, 'agreement': 0.4014184397163121}, {'low': 0.1, 'high': 0.2, 'count': 3123, 'agreement': 0.5241754723022735}, {'low': 0.2, 'high': 0.4, 'count': 3978, 'agreement': 0.7171945701357466}, {'low': 0.4, 'high': 1.01, 'count': 4647, 'agreement': 0.8902517753389283}]",0.646267361111111,0.3537326388888889,0.4151734941535526,0.4186571968926325,-0.030671296296296335,5.551115123125783e-17,5.551115123125783e-17
r8_s143000_l10,8,143000,1.0,10,0.9103376732932196,0.9312289555867512,0.674721768113,A,0.010284176579228,0.0112971009340006,0.0121481153700088,0.0130452508989493,0.9206218498724478,0.9190808402167424,0.6747218745726126,0.7473819498662595,0.0297803060530183,False,21,0.0,0.0,0.5210503472222222,0.4789496527777778,3.735322740342882,4.654403580559625,0.9190808402167425,0.9206218498724478,13824,"[{'low': 0.0, 'high': 0.05, 'count': 666, 'agreement': 0.12912912912912913}, {'low': 0.05, 'high': 0.1, 'count': 1410, 'agreement': 0.21843971631205675}, {'low': 0.1, 'high': 0.2, 'count': 3123, 'agreement': 0.3400576368876081}, {'low': 0.2, 'high': 0.4, 'count': 3978, 'agreement': 0.5316742081447964}, {'low': 0.4, 'high': 1.01, 'count': 4647, 'agreement': 0.7815795136647299}]",0.5394965277777778,0.4605034722222221,0.9103376732932196,0.9312289555867512,0.01844618055555569,0.0,1.1102230246251565e-16
