target_id,run_id,step,layer,match_class,selected_beta,family,kl,nll_damage,delta_b_mean,delta_b_median,delta_b_q10,delta_b_q25,delta_b_q75,delta_b_q90,delta_margin_mean,delta_margin_identity_max_abs,logit_delta_norm_mean,logit_delta_norm_median,cosine_alignment_mean,abs_cosine_alignment_mean,intact_margin_mean,intact_margin_median,intact_margin_std,intact_margin_q10,intact_margin_q25,intact_margin_q75,intact_margin_q90,baseline_nll
r2_s14000_l1,2,14000,1,A,0.610086654353,block,0.5876143508487277,0.6313015884823265,-0.13787978887557983,-0.109375,-1.8671875,-0.890625,0.6845703125,1.5441405773162842,-0.13787978887557983,0.0,243.5110626220703,218.63320922851562,-0.0003319514507893473,0.0032270788215100765,1.3771607875823975,0.8046875,1.6030001124377622,0.1171875,0.328125,1.7265625,3.481250047683716,3.8640434741973877
r2_s14000_l1,2,14000,1,A,0.610086654353,noise,0.581660372239572,0.6384883898275868,-0.30280357599258423,-0.2109375,-2.03125,-1.0546875,0.53125,1.34375,-0.30280357599258423,0.0,242.9678497314453,236.2255096435547,-0.000825416820589453,0.003155624959617853,1.3771607875823975,0.8046875,1.6030001124377622,0.1171875,0.328125,1.7265625,3.481250047683716,3.8640434741973877
r2_s14000_l2,2,14000,2,A,0.667777390647,block,0.6941122081544664,0.7525731987423363,-0.26186659932136536,-0.205078125,-2.1011719703674316,-1.0830078125,0.5859375,1.4609375,-0.26186659932136536,0.0,267.0230712890625,256.29296875,-0.0006556969019584358,0.0030098543502390385,1.3771607875823975,0.8046875,1.6030001124377622,0.1171875,0.328125,1.7265625,3.481250047683716,3.8640434741973877
r2_s14000_l2,2,14000,2,A,0.667777390647,noise,0.6960172145454971,0.7499408986833362,-0.3800823986530304,-0.25,-2.359375,-1.1640625,0.53125,1.4140625,-0.3800823986530304,0.0,261.4975280761719,252.84201049804688,-0.0009370400803163648,0.0032187162432819605,1.3771607875823975,0.8046875,1.6030001124377622,0.1171875,0.328125,1.7265625,3.481250047683716,3.8640434741973877
r2_s14000_l3,2,14000,3,A,0.569293543783,block,0.7652236223220825,0.7743501398298474,-0.25167810916900635,-0.1953125,-2.1875,-1.1484375,0.6796875,1.640625,-0.25167810916900635,0.0,279.07080078125,266.72039794921875,-0.0005938038229942322,0.003118542954325676,1.3771607875823975,0.8046875,1.6030001124377622,0.1171875,0.328125,1.7265625,3.481250047683716,3.8640434741973877
r2_s14000_l3,2,14000,3,A,0.569293543783,noise,0.7465438776546054,0.7919619966436313,-0.2629562020301819,-0.146484375,-2.28515625,-1.0859375,0.6796875,1.6328125,-0.2629562020301819,0.0,297.6407470703125,277.15509033203125,-0.0005450486787594855,0.002933186013251543,1.3771607875823975,0.8046875,1.6030001124377622,0.1171875,0.328125,1.7265625,3.481250047683716,3.8640434741973877
r2_s14000_l4,2,14000,4,A,0.367257583746,block,0.262666051586469,0.2992361386617022,-0.2136213481426239,-0.1484375,-1.4140625,-0.6875,0.359375,0.899609386920929,-0.2136213481426239,0.0,163.35345458984375,149.95858764648438,-0.0007825760403648019,0.0032588252797722816,1.3771607875823975,0.8046875,1.6030001124377622,0.1171875,0.328125,1.7265625,3.481250047683716,3.8640434741973877
r2_s14000_l4,2,14000,4,A,0.367257583746,noise,0.2731158170435164,0.2861531222308127,-0.12099655717611313,-0.0703125,-1.28125,-0.6015625,0.421875,0.9765625,-0.12099655717611313,0.0,193.87530517578125,175.06991577148438,-0.00037079222965985537,0.0026682140305638313,1.3771607875823975,0.8046875,1.6030001124377622,0.1171875,0.328125,1.7265625,3.481250047683716,3.8640434741973877
r2_s14000_l5,2,14000,5,B,0.4390636269,block,0.3018526766035292,0.3676611582438154,-0.24095460772514343,-0.140625,-1.546875,-0.7705078125,0.40625,1.0234375,-0.24095460772514343,0.0,173.750732421875,166.265869140625,-0.0007862972561269999,0.0033345213159918785,1.3771607875823975,0.8046875,1.6030001124377622,0.1171875,0.328125,1.7265625,3.481250047683716,3.8640434741973877
r2_s14000_l5,2,14000,5,B,0.4390636269,noise,0.32443282228929027,0.33810056580437564,-0.10782603919506073,-0.0546875,-1.3984375,-0.6640625,0.5126953125,1.130468726158142,-0.10782603919506073,0.0,215.5602569580078,197.3543701171875,-0.00028163829119876027,0.002661881735548377,1.3771607875823975,0.8046875,1.6030001124377622,0.1171875,0.328125,1.7265625,3.481250047683716,3.8640434741973877
r2_s14000_l6,2,14000,6,A,0.327424162539,block,0.18497378296322292,0.208908398946126,-0.11310449987649918,-0.0625,-1.2578125,-0.6015625,0.453125,0.9765625,-0.11310449987649918,0.0,157.48333740234375,152.55442810058594,-0.0003908432845491916,0.003117629326879978,1.3771607875823975,0.8046875,1.6030001124377622,0.1171875,0.328125,1.7265625,3.481250047683716,3.8640434741973877
r2_s14000_l6,2,14000,6,A,0.327424162539,noise,0.1863985530756138,0.20728291405571841,-0.07605056464672089,-0.0390625,-1.0234375,-0.4765625,0.3828125,0.84375,-0.07605056464672089,0.0,166.53916931152344,149.7034149169922,-0.00024617312010377645,0.00255077937617898,1.3771607875823975,0.8046875,1.6030001124377622,0.1171875,0.328125,1.7265625,3.481250047683716,3.8640434741973877
r2_s14000_l7,2,14000,7,B,0.37826727059,block,0.25317857828405166,0.23603468471103284,-0.07571665197610855,-0.0703125,-1.3359375,-0.67578125,0.5234375,1.171875,-0.07571665197610855,0.0,193.16940307617188,187.55435180664062,-0.0002538739936426282,0.0028460477478802204,1.3771607875823975,0.8046875,1.6030001124377622,0.1171875,0.328125,1.7265625,3.481250047683716,3.8640434741973877
r2_s14000_l7,2,14000,7,B,0.37826727059,noise,0.23247707442001062,0.251970988732797,-0.05173821002244949,-0.015625,-1.15625,-0.546875,0.484375,1.03125,-0.05173821002244949,0.0,189.6112518310547,174.12454223632812,-0.00013375934213399887,0.002599613042548299,1.3771607875823975,0.8046875,1.6030001124377622,0.1171875,0.328125,1.7265625,3.481250047683716,3.8640434741973877
r2_s14000_l8,2,14000,8,C,0.419103648728,block,0.2440013570917977,0.33424403932359503,-0.06317435204982758,-0.03125,-1.4933593273162842,-0.6484375,0.5322265625,1.2734375,-0.06317435204982758,0.0,166.77447509765625,160.51492309570312,-0.0002451242762617767,0.003645655931904912,1.3771607875823975,0.8046875,1.6030001124377622,0.1171875,0.328125,1.7265625,3.481250047683716,3.8640434741973877
r2_s14000_l8,2,14000,8,C,0.419103648728,noise,0.26963571045133805,0.2888129640508579,-0.041448142379522324,-0.0078125,-1.208593726158142,-0.5546875,0.53125,1.109375,-0.041448142379522324,0.0,207.77392578125,193.2075958251953,-7.768451177980751e-05,0.0025338176637887955,1.3771607875823975,0.8046875,1.6030001124377622,0.1171875,0.328125,1.7265625,3.481250047683716,3.8640434741973877
r2_s14000_l9,2,14000,9,A,0.370729772479,block,0.21019462082121107,0.214864386452569,-0.06232960894703865,-0.0703125,-1.2578125,-0.6171875,0.484375,1.125,-0.06232960894703865,0.0,176.159423828125,172.0216827392578,-0.0002607275382615626,0.0029790857806801796,1.3771607875823975,0.8046875,1.6030001124377622,0.1171875,0.328125,1.7265625,3.481250047683716,3.8640434741973877
r2_s14000_l9,2,14000,9,A,0.370729772479,noise,0.2105704617721063,0.21479182773166272,-0.033732518553733826,-0.0078125,-1.0390625,-0.494140625,0.4453125,0.9765625,-0.033732518553733826,0.0,185.40731811523438,173.76058959960938,-7.997686043381691e-05,0.002453790744766593,1.3771607875823975,0.8046875,1.6030001124377622,0.1171875,0.328125,1.7265625,3.481250047683716,3.8640434741973877
r2_s14000_l10,2,14000,10,A,0.467887361263,block,0.29049306942356956,0.3209444946712914,-0.08241187036037445,-0.0390625,-1.5078125,-0.6875,0.5625,1.265625,-0.08241187036037445,0.0,204.04476928710938,195.56915283203125,-0.000199402857106179,0.003030718071386218,1.3771607875823975,0.8046875,1.6030001124377622,0.1171875,0.328125,1.7265625,3.481250047683716,3.8640434741973877
r2_s14000_l10,2,14000,10,A,0.467887361263,noise,0.2992866337299347,0.3105879624684649,-0.07840490341186523,-0.0546875,-1.3671875,-0.671875,0.5625,1.1953125,-0.07840490341186523,0.0,224.84707641601562,218.13304138183594,-0.0002199549344368279,0.002523495117202401,1.3771607875823975,0.8046875,1.6030001124377622,0.1171875,0.328125,1.7265625,3.481250047683716,3.8640434741973877
r2_s72000_l1,2,72000,1,A,0.708203932499,block,0.9493300782309638,0.949488321940104,-0.2332109808921814,-0.171875,-2.390625,-1.158203125,0.765625,1.875,-0.2332109808921814,0.0,328.1930236816406,304.95330810546875,-0.00045137753477320075,0.0029280693270266056,1.4135878086090088,0.79296875,1.6957174716383903,0.1171875,0.328125,1.7265625,3.671875,3.726160579257541
r2_s72000_l1,2,72000,1,A,0.708203932499,noise,0.9299386673503451,0.9681474897596574,-0.383475661277771,-0.265625,-2.546875,-1.25,0.6064453125,1.625,-0.383475661277771,0.0,328.2709655761719,317.06390380859375,-0.0007904349477030337,0.002821458736434579,1.4135878086090088,0.79296875,1.6957174716383903,0.1171875,0.328125,1.7265625,3.671875,3.726160579257541
r2_s72000_l2,2,72000,2,A,0.699480193099,block,0.9288246300485399,0.9390635490417485,-0.2679746448993683,-0.234375,-2.375,-1.265625,0.71875,1.90625,-0.2679746448993683,0.0,332.80755615234375,318.2431335449219,-0.0005342524964362383,0.0029132862109690905,1.4135878086090088,0.79296875,1.6957174716383903,0.1171875,0.328125,1.7265625,3.671875,3.726160579257541
r2_s72000_l2,2,72000,2,A,0.699480193099,noise,0.9133733996638546,0.954148363184046,-0.3706510663032532,-0.234375,-2.59375,-1.2578125,0.65625,1.703125,-0.3706510663032532,0.0,325.78167724609375,309.7811279296875,-0.0007231235504150391,0.0029246811755001545,1.4135878086090088,0.79296875,1.6957174716383903,0.1171875,0.328125,1.7265625,3.671875,3.726160579257541
r2_s72000_l3,2,72000,3,A,0.44408862564,block,0.8842032485538058,0.8943626085917153,-0.27796471118927,-0.1796875,-2.3984375,-1.228515625,0.78125,1.7734375,-0.27796471118927,0.0,322.07769775390625,308.2049560546875,-0.0005789162241853774,0.002957214368507266,1.4135878086090088,0.79296875,1.6957174716383903,0.1171875,0.328125,1.7265625,3.671875,3.726160579257541
r2_s72000_l3,2,72000,3,A,0.44408862564,noise,0.8714970482720269,0.9076645462601269,-0.2402031570672989,-0.1328125,-2.4296875,-1.1064453125,0.7890625,1.8369629383087158,-0.2402031570672989,0.0,341.6459655761719,316.888427734375,-0.00039115178515203297,0.0027852754574269056,1.4135878086090088,0.79296875,1.6957174716383903,0.1171875,0.328125,1.7265625,3.671875,3.726160579257541
r2_s72000_l4,2,72000,4,B,0.271469520611,block,0.3037220537662506,0.34064828024970195,-0.13341140747070312,-0.0859375,-1.4140625,-0.6953125,0.4765625,1.125,-0.13341140747070312,0.0,196.2604217529297,184.39239501953125,-0.00038646114990115166,0.0029371699783951044,1.4135878086090088,0.79296875,1.6957174716383903,0.1171875,0.328125,1.7265625,3.671875,3.726160579257541
r2_s72000_l4,2,72000,4,B,0.271469520611,noise,0.3199379002606427,0.32341977402015987,-0.10896576941013336,-0.046875,-1.3125,-0.59375,0.4609375,1.03125,-0.10896576941013336,0.0,217.68771362304688,193.62991333007812,-0.00027600288740359247,0.0024640511255711317,1.4135878086090088,0.79296875,1.6957174716383903,0.1171875,0.328125,1.7265625,3.671875,3.726160579257541
r2_s72000_l5,2,72000,5,B,0.344645089413,block,0.3947205775313907,0.46446243921915675,-0.21833842992782593,-0.09375,-1.71875,-0.8359375,0.546875,1.2265625,-0.21833842992782593,0.0,214.40419006347656,203.30494689941406,-0.0005426530260592699,0.003137939842417836,1.4135878086090088,0.79296875,1.6957174716383903,0.1171875,0.328125,1.7265625,3.671875,3.726160579257541
r2_s72000_l5,2,72000,5,B,0.344645089413,noise,0.4251525004704793,0.426606663951167,-0.151344895362854,-0.0625,-1.6238281726837158,-0.7421875,0.5625,1.265625,-0.151344895362854,0.0,252.97642517089844,229.20391845703125,-0.000310783798340708,0.0025661068502813578,1.4135878086090088,0.79296875,1.6957174716383903,0.1171875,0.328125,1.7265625,3.671875,3.726160579257541
r2_s72000_l6,2,72000,6,B,0.273982019981,block,0.25548649165365434,0.2966276009877524,-0.0815582275390625,-0.078125,-1.3515625,-0.6875,0.5390625,1.2265625,-0.0815582275390625,0.0,192.11517333984375,185.8892822265625,-0.00025188649306073785,0.0029877391643822193,1.4135878086090088,0.79296875,1.6957174716383903,0.1171875,0.328125,1.7265625,3.671875,3.726160579257541
r2_s72000_l6,2,72000,6,B,0.273982019981,noise,0.2708719908087342,0.2781399179387978,-0.09890914708375931,-0.046875,-1.1953125,-0.53125,0.4296875,0.9609375,-0.09890914708375931,0.0,206.01934814453125,182.81451416015625,-0.0002522332069929689,0.002377348253503442,1.4135878086090088,0.79296875,1.6957174716383903,0.1171875,0.328125,1.7265625,3.671875,3.726160579257541
r2_s72000_l7,2,72000,7,A,0.341906038116,block,0.3825724124908447,0.3660224808586965,-0.06012217327952385,-0.03125,-1.5625,-0.7890625,0.6796875,1.424218773841858,-0.06012217327952385,0.0,248.90245056152344,241.4209442138672,-0.00013225658040028065,0.002689171116799116,1.4135878086090088,0.79296875,1.6957174716383903,0.1171875,0.328125,1.7265625,3.671875,3.726160579257541
r2_s72000_l7,2,72000,7,A,0.341906038116,noise,0.37324639271806787,0.37392588014955885,-0.0994105190038681,-0.03125,-1.4453125,-0.625,0.5234375,1.1796875,-0.0994105190038681,0.0,243.94598388671875,220.65060424804688,-0.00019731417705770582,0.0024270762223750353,1.4135878086090088,0.79296875,1.6957174716383903,0.1171875,0.328125,1.7265625,3.671875,3.726160579257541
r2_s72000_l8,2,72000,8,C,0.378860391235,block,0.371453324953715,0.5048611164093022,-0.0853457972407341,-0.0546875,-1.7734375,-0.859375,0.6875,1.5546875,-0.0853457972407341,0.0,227.24468994140625,218.07119750976562,-0.00024806539295241237,0.0032088495790958405,1.4135878086090088,0.79296875,1.6957174716383903,0.1171875,0.328125,1.7265625,3.671875,3.726160579257541
r2_s72000_l8,2,72000,8,C,0.378860391235,noise,0.42104449095549407,0.4244692590501571,-0.11404767632484436,-0.046875,-1.5625,-0.703125,0.578125,1.317968726158142,-0.11404767632484436,0.0,261.2959289550781,239.14987182617188,-0.00021101528545841575,0.0024672921281307936,1.4135878086090088,0.79296875,1.6957174716383903,0.1171875,0.328125,1.7265625,3.671875,3.726160579257541
r2_s72000_l9,2,72000,9,A,0.37324227185,block,0.35354016886817086,0.3771826161278615,-0.14128834009170532,-0.1328125,-1.6328125,-0.8203125,0.5390625,1.2734375,-0.14128834009170532,0.0,256.517333984375,251.25250244140625,-0.0003579508338589221,0.0025608332362025976,1.4135878086090088,0.79296875,1.6957174716383903,0.1171875,0.328125,1.7265625,3.671875,3.726160579257541
r2_s72000_l9,2,72000,9,A,0.37324227185,noise,0.3652026851971944,0.3642142790335199,-0.09441863000392914,-0.03125,-1.46875,-0.65625,0.5625,1.21875,-0.09441863000392914,0.0,248.06246948242188,229.97048950195312,-0.0001854374713730067,0.002405712381005287,1.4135878086090088,0.79296875,1.6957174716383903,0.1171875,0.328125,1.7265625,3.671875,3.726160579257541
r2_s72000_l10,2,72000,10,A,0.52014326253,block,0.5688886642456055,0.5656325022379556,-0.2941177785396576,-0.1640625,-2.176953077316284,-0.986328125,0.5234375,1.3671875,-0.2941177785396576,0.0,308.5693054199219,300.8343200683594,-0.0006518610753118992,0.00258578616194427,1.4135878086090088,0.79296875,1.6957174716383903,0.1171875,0.328125,1.7265625,3.671875,3.726160579257541
r2_s72000_l10,2,72000,10,A,0.52014326253,noise,0.5649002812526844,0.5702363473397711,-0.1284400224685669,-0.0625,-1.921875,-0.921875,0.734375,1.609375,-0.1284400224685669,0.0,315.219482421875,305.9466552734375,-0.00025794326211325824,0.0024826989974826574,1.4135878086090088,0.79296875,1.6957174716383903,0.1171875,0.328125,1.7265625,3.671875,3.726160579257541
r2_s143000_l1,2,143000,1,A,0.734741719419,block,1.0257128013504877,1.0317671828799777,-0.2700873613357544,-0.15625,-2.625,-1.2265625,0.84375,1.915624976158142,-0.2700873613357544,0.0,740.2431640625,592.0016479492188,-0.00029197774711064994,0.001738650957122445,1.4242316484451294,0.8125,1.6978618429942507,0.125,0.3125,1.8125,3.65625,3.695264048046536
r2_s143000_l1,2,143000,1,A,0.734741719419,noise,1.0211671127213373,1.0359454066665088,-0.43679922819137573,-0.3125,-2.71875,-1.375,0.625,1.65625,-0.43679922819137573,0.0,943.7932739257812,803.376953125,-0.0003801065031439066,0.0012942447792738676,1.4242316484451294,0.8125,1.6978618429942507,0.125,0.3125,1.8125,3.65625,3.695264048046536
r2_s143000_l2,2,143000,2,A,0.75,block,1.2016478247112699,1.2096343305375838,-0.3731113076210022,-0.28125,-3.0,-1.5,0.84375,2.0625,-0.3731113076210022,0.0,1067.86767578125,856.416259765625,-0.00029677985003218055,0.0013531807344406843,1.4242316484451294,0.8125,1.6978618429942507,0.125,0.3125,1.8125,3.65625,3.695264048046536
r2_s143000_l2,2,143000,2,A,0.75,noise,1.1993317957277652,1.2143381524969032,-0.44313672184944153,-0.25,-3.03125,-1.4375,0.78125,1.9375,-0.44313672184944153,0.0,770.2924194335938,595.5445556640625,-0.00046303277486003935,0.0018014981178566813,1.4242316484451294,0.8125,1.6978618429942507,0.125,0.3125,1.8125,3.65625,3.695264048046536
r2_s143000_l3,2,143000,3,A,0.48739423558,block,1.2507550186581082,1.227257172266642,-0.4529350996017456,-0.28125,-2.9375,-1.5625,0.75,1.90625,-0.4529350996017456,0.0,864.5391845703125,666.27880859375,-0.00043529385584406555,0.0016501799691468477,1.4242316484451294,0.8125,1.6978618429942507,0.125,0.3125,1.8125,3.65625,3.695264048046536
r2_s143000_l3,2,143000,3,A,0.48739423558,noise,1.2221425771713257,1.2518015702565513,-0.2722405195236206,-0.125,-2.96875,-1.34375,1.0,2.3125,-0.2722405195236206,0.0,660.9923095703125,482.439697265625,-0.00026566951419226825,0.0021892124786973,1.4242316484451294,0.8125,1.6978618429942507,0.125,0.3125,1.8125,3.65625,3.695264048046536
r2_s143000_l4,2,143000,4,A,0.28795731005,block,0.39459201362397933,0.40973027547200536,-0.1002705916762352,-0.0625,-1.65625,-0.7890625,0.625,1.40625,-0.1002705916762352,0.0,386.65570068359375,288.4588317871094,-0.00018396521045360714,0.0021685552783310413,1.4242316484451294,0.8125,1.6978618429942507,0.125,0.3125,1.8125,3.65625,3.695264048046536
r2_s143000_l4,2,143000,4,A,0.28795731005,noise,0.41021959318055046,0.394512874108774,-0.1399468332529068,-0.0625,-1.53125,-0.75,0.53125,1.25,-0.1399468332529068,0.0,410.869140625,285.1409606933594,-0.00025225072749890387,0.0019437350565567613,1.4242316484451294,0.8125,1.6978618429942507,0.125,0.3125,1.8125,3.65625,3.695264048046536
r2_s143000_l5,2,143000,5,B,0.388543819998,block,0.5600684947437711,0.6294175518883596,-0.2627800703048706,-0.15625,-2.125,-1.0,0.65625,1.46875,-0.2627800703048706,0.0,416.2492980957031,322.71063232421875,-0.00042860503890551627,0.002295888029038906,1.4242316484451294,0.8125,1.6978618429942507,0.125,0.3125,1.8125,3.65625,3.695264048046536
r2_s143000_l5,2,143000,5,B,0.388543819998,noise,0.5984308057361178,0.5885359887723571,-0.1406877338886261,-0.0625,-1.9375,-0.875,0.71875,1.625,-0.1406877338886261,0.0,509.1966552734375,375.38433837890625,-0.00019267543393652886,0.0019414996495470405,1.4242316484451294,0.8125,1.6978618429942507,0.125,0.3125,1.8125,3.65625,3.695264048046536
r2_s143000_l6,2,143000,6,A,0.324685111242,block,0.3667832811673482,0.39757010671827553,-0.1380479633808136,-0.0625,-1.6875,-0.84375,0.625,1.34375,-0.1380479633808136,0.0,385.5957336425781,287.58587646484375,-0.00022306024038698524,0.0021757851354777813,1.4242316484451294,0.8125,1.6978618429942507,0.125,0.3125,1.8125,3.65625,3.695264048046536
r2_s143000_l6,2,143000,6,A,0.324685111242,noise,0.38420902137403135,0.3784873485565181,-0.12190528959035873,-0.0625,-1.5,-0.6875,0.5625,1.1875,-0.12190528959035873,0.0,419.6067199707031,298.7878723144531,-0.00020485121058300138,0.0018362902337685227,1.4242316484451294,0.8125,1.6978618429942507,0.125,0.3125,1.8125,3.65625,3.695264048046536
r2_s143000_l7,2,143000,7,B,0.452812365041,block,0.6537510553995768,0.5878107017940946,-0.1715325266122818,-0.125,-2.0625,-1.0625,0.75,1.71875,-0.1715325266122818,0.0,487.53509521484375,381.5697326660156,-0.00022879465541336685,0.0020059915259480476,1.4242316484451294,0.8125,1.6978618429942507,0.125,0.3125,1.8125,3.65625,3.695264048046536
r2_s143000_l7,2,143000,7,B,0.452812365041,noise,0.6151876780721877,0.6105055014292398,-0.14692772924900055,-0.0625,-2.0,-0.9375,0.75,1.6875,-0.14692772924900055,0.0,530.0715942382812,404.757080078125,-0.00018983703921549022,0.0019006563816219568,1.4242316484451294,0.8125,1.6978618429942507,0.125,0.3125,1.8125,3.65625,3.695264048046536
r2_s143000_l8,2,143000,8,C,0.387217561918,block,0.3910897407266829,0.48765325546264604,-0.1481425017118454,-0.125,-1.75,-0.90625,0.625,1.4375,-0.1481425017118454,0.0,350.0936279296875,277.55670166015625,-0.00031244641286320984,0.002318608807399869,1.4242316484451294,0.8125,1.6978618429942507,0.125,0.3125,1.8125,3.65625,3.695264048046536
r2_s143000_l8,2,143000,8,C,0.387217561918,noise,0.4311499430073632,0.4301163885328507,-0.0939585343003273,-0.0625,-1.625,-0.75,0.65625,1.375,-0.0939585343003273,0.0,469.07379150390625,353.6396484375,-0.00013115437468513846,0.0017652638489380479,1.4242316484451294,0.8125,1.6978618429942507,0.125,0.3125,1.8125,3.65625,3.695264048046536
r2_s143000_l9,2,143000,9,A,0.365704773739,block,0.36895714203516644,0.36736673778957796,-0.1391703337430954,-0.125,-1.5625,-0.78125,0.5625,1.25,-0.1391703337430954,0.0,376.1910400390625,291.34100341796875,-0.00032371922861784697,0.0019903848879039288,1.4242316484451294,0.8125,1.6978618429942507,0.125,0.3125,1.8125,3.65625,3.695264048046536
r2_s143000_l9,2,143000,9,A,0.365704773739,noise,0.3684534551920714,0.3676390471281832,-0.07351769506931305,-0.03125,-1.5,-0.6875,0.625,1.3125,-0.07351769506931305,0.0,442.2201843261719,336.156982421875,-0.00011064321006415412,0.0017427467973902822,1.4242316484451294,0.8125,1.6978618429942507,0.125,0.3125,1.8125,3.65625,3.695264048046536
r2_s143000_l10,2,143000,10,A,0.73488173621,block,1.0224928392304315,1.0224942366282144,-0.5007866621017456,-0.375,-2.75,-1.375,0.5,1.415624976158142,-0.5007866621017456,0.0,941.5951538085938,784.8634033203125,-0.0005168119678273797,0.0012624539667740464,1.4242316484451294,0.8125,1.6978618429942507,0.125,0.3125,1.8125,3.65625,3.695264048046536
r2_s143000_l10,2,143000,10,A,0.73488173621,noise,1.0204156107372708,1.0242124221943043,-0.14803597331047058,-0.078125,-2.65625,-1.25,1.03125,2.28125,-0.14803597331047058,0.0,1100.8914794921875,990.3358154296875,-0.0001383138878736645,0.00120887765660882,1.4242316484451294,0.8125,1.6978618429942507,0.125,0.3125,1.8125,3.65625,3.695264048046536
r3_s14000_l1,3,14000,1,A,0.649370222483,block,0.6331983407338461,0.7183850341373024,-0.13027064502239227,-0.125,-1.932031273841858,-0.9296875,0.7109375,1.6953125,-0.13027064502239227,0.0,262.5986633300781,250.01910400390625,-0.00027107575442641973,0.0030882200226187706,1.331377625465393,0.78125,1.5265579608788222,0.1171875,0.3203125,1.734375,3.356640577316284,3.902893410788642
r3_s14000_l1,3,14000,1,A,0.649370222483,noise,0.6385221547550626,0.7120556389843973,-0.30420783162117004,-0.25,-2.015625,-1.0703125,0.515625,1.34375,-0.30420783162117004,0.0,254.40570068359375,247.3365936279297,-0.0007974617183208466,0.0030261671636253595,1.331377625465393,0.78125,1.5265579608788222,0.1171875,0.3203125,1.734375,3.356640577316284,3.902893410788642
r3_s14000_l2,3,14000,2,A,0.592865727479,block,0.5016940666569604,0.5203430122799348,-0.1384056955575943,-0.109375,-1.71875,-0.90625,0.65625,1.421875,-0.1384056955575943,0.0,232.927734375,222.9358673095703,-0.00038931556628085673,0.0030851541087031364,1.331377625465393,0.78125,1.5265579608788222,0.1171875,0.3203125,1.734375,3.356640577316284,3.902893410788642
r3_s14000_l2,3,14000,2,A,0.592865727479,noise,0.47830030101316945,0.5420866454089133,-0.2859249413013458,-0.203125,-1.8359375,-0.921875,0.45703125,1.171875,-0.2859249413013458,0.0,223.54547119140625,215.9370574951172,-0.000816452840808779,0.0030623641796410084,1.331377625465393,0.78125,1.5265579608788222,0.1171875,0.3203125,1.734375,3.356640577316284,3.902893410788642
r3_s14000_l3,3,14000,3,A,0.723505480648,block,1.1653783188925848,1.256476587719388,-0.45295843482017517,-0.353515625,-2.716015577316284,-1.48828125,0.67578125,1.71875,-0.45295843482017517,0.0,323.9674072265625,312.49212646484375,-0.0009266429697163403,0.0031602978706359863,1.331377625465393,0.78125,1.5265579608788222,0.1171875,0.3203125,1.734375,3.356640577316284,3.902893410788642
r3_s14000_l3,3,14000,3,A,0.723505480648,noise,1.1594278944863214,1.2626827822791205,-0.39087924361228943,-0.29296875,-2.765625,-1.375,0.7236328125,1.87890625,-0.39087924361228943,0.0,348.6658020019531,334.10205078125,-0.0007283310987986624,0.0030145247001200914,1.331377625465393,0.78125,1.5265579608788222,0.1171875,0.3203125,1.734375,3.356640577316284,3.902893410788642
r3_s14000_l4,3,14000,4,A,0.46204268995,block,0.42114053832160103,0.4601081477271185,-0.21555964648723602,-0.1796875,-1.6769530773162842,-0.853515625,0.4423828125,1.1640625,-0.21555964648723602,0.0,203.00558471679688,188.30703735351562,-0.0007065804093144834,0.0032105492427945137,1.331377625465393,0.78125,1.5265579608788222,0.1171875,0.3203125,1.734375,3.356640577316284,3.902893410788642
r3_s14000_l4,3,14000,4,A,0.46204268995,noise,0.4182443409054368,0.46335261839407504,-0.1496906578540802,-0.09375,-1.609375,-0.765625,0.5546875,1.265625,-0.1496906578540802,0.0,233.7720947265625,215.434814453125,-0.00038243719609454274,0.002761304145678878,1.331377625465393,0.78125,1.5265579608788222,0.1171875,0.3203125,1.734375,3.356640577316284,3.902893410788642
r3_s14000_l5,3,14000,5,A,0.390096630006,block,0.2574349194765091,0.3039926158057318,-0.15285450220108032,-0.095703125,-1.375,-0.6650390625,0.4296875,1.046875,-0.15285450220108032,0.0,172.6040496826172,162.38059997558594,-0.0005354362074285746,0.0031927742529660463,1.331377625465393,0.78125,1.5265579608788222,0.1171875,0.3203125,1.734375,3.356640577316284,3.902893410788642
r3_s14000_l5,3,14000,5,A,0.390096630006,noise,0.26542968220180935,0.294494143238774,-0.0824531614780426,-0.046875,-1.21875,-0.578125,0.4765625,1.0625,-0.0824531614780426,0.0,194.06849670410156,175.89602661132812,-0.0002205673372372985,0.002669691573828459,1.331377625465393,0.78125,1.5265579608788222,0.1171875,0.3203125,1.734375,3.356640577316284,3.902893410788642
r3_s14000_l6,3,14000,6,C,0.449480193099,block,0.295190261469947,0.40075892872280594,-0.1733195036649704,-0.1015625,-1.5390625,-0.734375,0.4609375,1.1457030773162842,-0.1733195036649704,0.0,179.54473876953125,170.85491943359375,-0.000572994293179363,0.0033973390236496925,1.331377625465393,0.78125,1.5265579608788222,0.1171875,0.3203125,1.734375,3.356640577316284,3.902893410788642
r3_s14000_l6,3,14000,6,C,0.449480193099,noise,0.32275236756713305,0.3524543091102883,-0.09340012818574905,-0.03759765625,-1.3828125,-0.65625,0.53125,1.1824219226837158,-0.09340012818574905,0.0,219.84356689453125,203.86285400390625,-0.0002291813725605607,0.0026209568604826927,1.331377625465393,0.78125,1.5265579608788222,0.1171875,0.3203125,1.734375,3.356640577316284,3.902893410788642
r3_s14000_l7,3,14000,7,C,0.388543819998,block,0.19824758337603676,0.2768083678351507,-0.07102712243795395,-0.046875,-1.296875,-0.6015625,0.4921875,1.078125,-0.07102712243795395,0.0,164.69078063964844,158.97315979003906,-0.0002771254803519696,0.003153775352984667,1.331377625465393,0.78125,1.5265579608788222,0.1171875,0.3203125,1.734375,3.356640577316284,3.902893410788642
r3_s14000_l7,3,14000,7,C,0.388543819998,noise,0.2236615789157373,0.2335686595351607,-0.024345291778445244,0.0,-1.0703125,-0.5,0.4765625,1.03125,-0.024345291778445244,0.0,188.45944213867188,174.37823486328125,-4.157001603743993e-05,0.002509376499801874,1.331377625465393,0.78125,1.5265579608788222,0.1171875,0.3203125,1.734375,3.356640577316284,3.902893410788642
r3_s14000_l8,3,14000,8,A,0.355654776257,block,0.19522787464989555,0.2021975252363415,-0.00805536936968565,-0.0078125,-1.0546875,-0.515625,0.5078125,1.046875,-0.00805536936968565,0.0,186.74179077148438,181.76571655273438,1.9536108197826252e-07,0.0025459518656134605,1.331377625465393,0.78125,1.5265579608788222,0.1171875,0.3203125,1.734375,3.356640577316284,3.902893410788642
r3_s14000_l8,3,14000,8,A,0.355654776257,noise,0.1921509680924592,0.2049733621102794,-0.02056913450360298,-0.0078125,-0.9921875,-0.4609375,0.4609375,0.953125,-0.02056913450360298,0.0,179.86631774902344,167.59988403320312,-3.375440792297013e-05,0.0024271325673907995,1.331377625465393,0.78125,1.5265579608788222,0.1171875,0.3203125,1.734375,3.356640577316284,3.902893410788642
r3_s14000_l9,3,14000,9,A,0.371322893124,block,0.20994527803526986,0.2110987769232855,-0.0308074951171875,-0.0078125,-1.166406273841858,-0.5234375,0.5,1.0859375,-0.0308074951171875,0.0,172.16793823242188,164.4000244140625,-6.915687117725611e-05,0.0029012556187808514,1.331377625465393,0.78125,1.5265579608788222,0.1171875,0.3203125,1.734375,3.356640577316284,3.902893410788642
r3_s14000_l9,3,14000,9,A,0.371322893124,noise,0.20631046813947182,0.21501867859451895,-0.03988291695713997,-0.0234375,-1.078125,-0.515625,0.4765625,0.9921875,-0.03988291695713997,0.0,186.25607299804688,175.88388061523438,-9.965881326934323e-05,0.0024990758392959833,1.331377625465393,0.78125,1.5265579608788222,0.1171875,0.3203125,1.734375,3.356640577316284,3.902893410788642
r3_s14000_l10,3,14000,10,A,0.443722056922,block,0.2584894531302982,0.29543153444925974,-0.02731916680932045,-0.0078125,-1.361718773841858,-0.65625,0.6015625,1.221093773841858,-0.02731916680932045,0.0,193.91615295410156,186.8155517578125,-8.59709398355335e-05,0.0030259257182478905,1.331377625465393,0.78125,1.5265579608788222,0.1171875,0.3203125,1.734375,3.356640577316284,3.902893410788642
r3_s14000_l10,3,14000,10,A,0.443722056922,noise,0.266088264407935,0.28648774712174063,-0.054846543818712234,-0.0390625,-1.2578125,-0.6171875,0.5234375,1.15625,-0.054846543818712234,0.0,214.6875762939453,208.53775024414062,-0.000161828997079283,0.0024760349187999964,1.331377625465393,0.78125,1.5265579608788222,0.1171875,0.3203125,1.734375,3.356640577316284,3.902893410788642
r3_s72000_l1,3,72000,1,A,0.657500841239,block,0.82166412141588,0.8519875208536778,-0.2291845977306366,-0.140625,-2.1953125,-1.0703125,0.703125,1.703125,-0.2291845977306366,0.0,303.7366027832031,280.80767822265625,-0.0004369748057797551,0.002895989688113332,1.4385579824447632,0.828125,1.7133022206755721,0.1171875,0.328125,1.8125,3.5335936546325684,3.722345140245226
r3_s72000_l1,3,72000,1,A,0.657500841239,noise,0.8235558801227145,0.8505623428909868,-0.3513473868370056,-0.2578125,-2.4140625,-1.2265625,0.609375,1.5625,-0.3513473868370056,0.0,310.3426513671875,296.98760986328125,-0.0007675779052078724,0.002883704612031579,1.4385579824447632,0.828125,1.7133022206755721,0.1171875,0.328125,1.8125,3.5335936546325684,3.722345140245226
r3_s72000_l2,3,72000,2,A,0.68417864495,block,0.8010647826724582,0.7986151907179089,-0.28040698170661926,-0.171875,-2.453125,-1.2109375,0.7421875,1.6953125,-0.28040698170661926,0.0,305.7991943359375,292.7304992675781,-0.0005872176843695343,0.0030126587953418493,1.4385579824447632,0.828125,1.7133022206755721,0.1171875,0.328125,1.8125,3.5335936546325684,3.722345140245226
r3_s72000_l2,3,72000,2,A,0.68417864495,noise,0.7897802657551236,0.8069694660328048,-0.38209202885627747,-0.263671875,-2.432421922683716,-1.265625,0.6015625,1.515625,-0.38209202885627747,0.0,301.38824462890625,287.8296813964844,-0.000816935789771378,0.002960300538688898,1.4385579824447632,0.828125,1.7133022206755721,0.1171875,0.328125,1.8125,3.5335936546325684,3.722345140245226
r3_s72000_l3,3,72000,3,A,0.674128647469,block,1.7865699529647827,1.7594680786132812,-0.4885263442993164,-0.333984375,-3.5125975608825684,-1.7978515625,0.984375,2.278515577316284,-0.4885263442993164,0.0,431.5286560058594,423.3993835449219,-0.0007436509476974607,0.0030320980586111546,1.4385579824447632,0.828125,1.7133022206755721,0.1171875,0.328125,1.8125,3.5335936546325684,3.722345140245226
r3_s72000_l3,3,72000,3,A,0.674128647469,noise,1.7544737877669159,1.7884020452146174,-0.3944467604160309,-0.265625,-3.5546875,-1.75,1.0625,2.5736327171325684,-0.3944467604160309,0.0,460.3079528808594,443.3088684082031,-0.000550916651263833,0.0029446363914757967,1.4385579824447632,0.828125,1.7133022206755721,0.1171875,0.328125,1.8125,3.5335936546325684,3.722345140245226
r3_s72000_l4,3,72000,4,A,0.324685111242,block,0.4207116829024421,0.43734224637349417,-0.2309008687734604,-0.171875,-1.75,-0.890625,0.484375,1.2265625,-0.2309008687734604,0.0,225.33038330078125,214.39599609375,-0.0006551176775246859,0.003010283689945936,1.4385579824447632,0.828125,1.7133022206755721,0.1171875,0.328125,1.8125,3.5335936546325684,3.722345140245226
r3_s72000_l4,3,72000,4,A,0.324685111242,noise,0.430899691802484,0.4262613278848155,-0.14077667891979218,-0.078125,-1.546875,-0.7421875,0.546875,1.2265625,-0.14077667891979218,0.0,254.72637939453125,230.9145965576172,-0.0003034654655493796,0.0024893346708267927,1.4385579824447632,0.828125,1.7133022206755721,0.1171875,0.328125,1.8125,3.5335936546325684,3.722345140245226
r3_s72000_l5,3,72000,5,A,0.269183573168,block,0.2777864734331767,0.2731298870510521,-0.1752997487783432,-0.1015625,-1.517968773841858,-0.7578125,0.4609375,1.109375,-0.1752997487783432,0.0,196.55560302734375,189.88365173339844,-0.0005379628855735064,0.002964322455227375,1.4385579824447632,0.828125,1.7133022206755721,0.1171875,0.328125,1.8125,3.5335936546325684,3.722345140245226
r3_s72000_l5,3,72000,5,A,0.269183573168,noise,0.2754284899543833,0.27549173213817424,-0.10101503133773804,-0.046875,-1.1796875,-0.546875,0.4296875,0.984375,-0.10101503133773804,0.0,208.72189331054688,186.39572143554688,-0.0002439650852466002,0.0023944575805217028,1.4385579824447632,0.828125,1.7133022206755721,0.1171875,0.328125,1.8125,3.5335936546325684,3.722345140245226
r3_s72000_l6,3,72000,6,A,0.349443536227,block,0.3916894363032447,0.4318052397833929,-0.19543923437595367,-0.1171875,-1.822656273841858,-0.90625,0.609375,1.3671875,-0.19543923437595367,0.0,227.29920959472656,215.6785888671875,-0.0004985443083569407,0.003130517201498151,1.4385579824447632,0.828125,1.7133022206755721,0.1171875,0.328125,1.8125,3.5335936546325684,3.722345140245226
r3_s72000_l6,3,72000,6,A,0.349443536227,noise,0.4058621923128764,0.415422651502821,-0.12021635472774506,-0.0546875,-1.5234375,-0.703125,0.572265625,1.239843726158142,-0.12021635472774506,0.0,255.8514862060547,233.429931640625,-0.00021720513177569956,0.0024464712478220463,1.4385579824447632,0.828125,1.7133022206755721,0.1171875,0.328125,1.8125,3.5335936546325684,3.722345140245226
r3_s72000_l7,3,72000,7,C,0.310569804383,block,0.2644923726717631,0.31551090876261334,-0.11085806787014008,-0.1015625,-1.4609375,-0.7578125,0.556640625,1.2265625,-0.11085806787014008,0.0,208.8363494873047,201.41140747070312,-0.0003560890909284353,0.0028681971598416567,1.4385579824447632,0.828125,1.7133022206755721,0.1171875,0.328125,1.8125,3.5335936546325684,3.722345140245226
r3_s72000_l7,3,72000,7,C,0.310569804383,noise,0.2846302666046001,0.283083341739796,-0.06941480934619904,-0.015625,-1.234375,-0.546875,0.4765625,1.03125,-0.06941480934619904,0.0,217.64068603515625,196.80252075195312,-0.000134661968331784,0.002346539869904518,1.4385579824447632,0.828125,1.7133022206755721,0.1171875,0.328125,1.8125,3.5335936546325684,3.722345140245226
r3_s72000_l8,3,72000,8,A,0.391466155654,block,0.3690718511740367,0.40424134996202277,-0.0677221491932869,-0.0234375,-1.6328125,-0.765625,0.673828125,1.4609375,-0.0677221491932869,0.0,259.9051208496094,253.45333862304688,-0.00015757988148834556,0.0026275189593434334,1.4385579824447632,0.828125,1.7133022206755721,0.1171875,0.328125,1.8125,3.5335936546325684,3.722345140245226
r3_s72000_l8,3,72000,8,A,0.391466155654,noise,0.38449109704406176,0.38737530178493884,-0.07468491792678833,-0.03125,-1.4453125,-0.671875,0.59375,1.2734375,-0.07468491792678833,0.0,255.56817626953125,235.83462524414062,-0.00012373279605526477,0.002386664040386677,1.4385579824447632,0.828125,1.7133022206755721,0.1171875,0.328125,1.8125,3.5335936546325684,3.722345140245226
r3_s72000_l9,3,72000,9,A,0.368810393754,block,0.319050669670105,0.3441070450676813,-0.04379018023610115,-0.0390625,-1.40625,-0.6640625,0.578125,1.299218773841858,-0.04379018023610115,0.0,242.8475799560547,231.92703247070312,-9.061187301995233e-05,0.002522252034395933,1.4385579824447632,0.828125,1.7133022206755721,0.1171875,0.328125,1.8125,3.5335936546325684,3.722345140245226
r3_s72000_l9,3,72000,9,A,0.368810393754,noise,0.3310327342262975,0.33017508188883404,-0.07685989886522293,-0.03125,-1.40625,-0.6640625,0.5625,1.203125,-0.07685989886522293,0.0,239.48692321777344,224.59371948242188,-0.00015889255155343562,0.002426736056804657,1.4385579824447632,0.828125,1.7133022206755721,0.1171875,0.328125,1.8125,3.5335936546325684,3.722345140245226
r3_s72000_l10,3,72000,10,A,0.492052665603,block,0.4807328250673082,0.5195619265238438,-0.20883505046367645,-0.140625,-1.955468773841858,-0.953125,0.59375,1.3984375,-0.20883505046367645,0.0,286.358154296875,277.064208984375,-0.0004778477596119046,0.002589101204648614,1.4385579824447632,0.828125,1.7133022206755721,0.1171875,0.328125,1.8125,3.5335936546325684,3.722345140245226
r3_s72000_l10,3,72000,10,A,0.492052665603,noise,0.49678932737421105,0.5021944752445924,-0.08797537535429001,-0.0703125,-1.7421875,-0.8671875,0.734375,1.5390625,-0.08797537535429001,0.0,300.47222900390625,292.6661376953125,-0.00018596173322293907,0.002438812982290983,1.4385579824447632,0.828125,1.7133022206755721,0.1171875,0.328125,1.8125,3.5335936546325684,3.722345140245226
r3_s143000_l1,3,143000,1,A,0.692902384351,block,0.842802193429735,0.8603199587927928,-0.2272135466337204,-0.125,-2.25,-1.125,0.75,1.75,-0.2272135466337204,0.0,928.075927734375,694.159423828125,-0.00015643035294488072,0.0013488222612068057,1.3997396230697632,0.875,1.6083312039534154,0.125,0.375,1.78125,3.625,3.7460712591807046
r3_s143000_l1,3,143000,1,A,0.692902384351,noise,0.8334698036864951,0.8679037535632097,-0.30164027214050293,-0.25,-2.375,-1.125,0.625,1.625,-0.30164027214050293,0.0,1066.407958984375,867.4675903320312,-0.00023934527416713536,0.001125818700529635,1.3997396230697632,0.875,1.6083312039534154,0.125,0.375,1.78125,3.625,3.7460712591807046
r3_s143000_l2,3,143000,2,A,0.754475145664,block,0.9341029723485311,0.9460280471377902,-0.2807888388633728,-0.25,-2.5,-1.25,0.75,1.75,-0.2807888388633728,0.0,1023.234130859375,793.3974609375,-0.00022312771761789918,0.0013078898191452026,1.3997396230697632,0.875,1.6083312039534154,0.125,0.375,1.78125,3.625,3.7460712591807046
r3_s143000_l2,3,143000,2,A,0.754475145664,noise,0.920106417602963,0.9573600822024875,-0.35143589973449707,-0.25,-2.5,-1.25,0.625,1.625,-0.35143589973449707,0.0,949.8297119140625,711.8218994140625,-0.00032658857526257634,0.0013922527432441711,1.3997396230697632,0.875,1.6083312039534154,0.125,0.375,1.78125,3.625,3.7460712591807046
r3_s143000_l3,3,143000,3,A,0.681526128789,block,1.7876547045177884,1.8058287567562528,-0.43798828125,-0.375,-3.625,-1.75,1.0,2.5,-0.43798828125,0.0,1044.52197265625,740.69970703125,-0.00032574389479123056,0.0018399275140836835,1.3997396230697632,0.875,1.6083312039534154,0.125,0.375,1.78125,3.625,3.7460712591807046
r3_s143000_l3,3,143000,3,A,0.681526128789,noise,1.7530632504710444,1.8374121895542852,-0.32082340121269226,-0.25,-3.5,-1.75,1.125,2.75,-0.32082340121269226,0.0,1143.4716796875,728.7054443359375,-0.00024222031061071903,0.0018661328358575702,1.3997396230697632,0.875,1.6083312039534154,0.125,0.375,1.78125,3.625,3.7460712591807046
r3_s143000_l4,3,143000,4,A,0.381006321887,block,0.5821225576930575,0.6313434176974826,-0.2232259064912796,-0.125,-2.0,-1.0,0.625,1.5,-0.2232259064912796,0.0,596.969970703125,393.8981628417969,-0.00026744845672510564,0.0019430009415373206,1.3997396230697632,0.875,1.6083312039534154,0.125,0.375,1.78125,3.625,3.7460712591807046
r3_s143000_l4,3,143000,4,A,0.381006321887,noise,0.5995735746842844,0.6140430150208656,-0.14694100618362427,-0.125,-1.875,-0.875,0.625,1.5,-0.14694100618362427,0.0,700.3130493164062,410.72686767578125,-0.00018053912208415568,0.001717205042950809,1.3997396230697632,0.875,1.6083312039534154,0.125,0.375,1.78125,3.625,3.7460712591807046
r3_s143000_l5,3,143000,5,A,0.391832724372,block,0.519927226834827,0.5389819410112167,-0.2432725727558136,-0.125,-2.0,-0.875,0.625,1.375,-0.2432725727558136,0.0,506.3499450683594,340.424560546875,-0.0002698262978810817,0.0020747589878737926,1.3997396230697632,0.875,1.6083312039534154,0.125,0.375,1.78125,3.625,3.7460712591807046
r3_s143000_l5,3,143000,5,A,0.391832724372,noise,0.5269865791002909,0.5339431939301673,-0.13661928474903107,0.0,-1.75,-0.75,0.625,1.375,-0.13661928474903107,0.0,675.2772216796875,402.37255859375,-0.00012925021292176098,0.001669364981353283,1.3997396230697632,0.875,1.6083312039534154,0.125,0.375,1.78125,3.625,3.7460712591807046
r3_s143000_l6,3,143000,6,B,0.439430195617,block,0.5446524057123396,0.6484564410315623,-0.2574327290058136,-0.125,-2.25,-1.125,0.625,1.625,-0.2574327290058136,0.0,500.3525390625,335.465087890625,-0.0003407291660550982,0.0024173608981072903,1.3997396230697632,0.875,1.6083312039534154,0.125,0.375,1.78125,3.625,3.7460712591807046
r3_s143000_l6,3,143000,6,B,0.439430195617,noise,0.5798634312770985,0.6001770672974769,-0.1067979633808136,0.0,-1.875,-0.875,0.75,1.625,-0.1067979633808136,0.0,742.6386108398438,459.8272705078125,-8.183036698028445e-05,0.0016320337308570743,1.3997396230697632,0.875,1.6083312039534154,0.125,0.375,1.78125,3.625,3.7460712591807046
r3_s143000_l7,3,143000,7,B,0.34368540005,block,0.32963044113583034,0.3853916856977677,-0.0859646275639534,-0.125,-1.5,-0.75,0.625,1.375,-0.0859646275639534,0.0,528.0496826171875,347.38421630859375,-0.00018043164163827896,0.0017514289356768131,1.3997396230697632,0.875,1.6083312039534154,0.125,0.375,1.78125,3.625,3.7460712591807046
r3_s143000_l7,3,143000,7,B,0.34368540005,noise,0.3470906239968759,0.35529554331744206,-0.05711986497044563,0.0,-1.375,-0.625,0.5,1.25,-0.05711986497044563,0.0,589.8512573242188,346.19891357421875,-8.03715520305559e-05,0.0015549742383882403,1.3997396230697632,0.875,1.6083312039534154,0.125,0.375,1.78125,3.625,3.7460712591807046
r3_s143000_l8,3,143000,8,A,0.430339887499,block,0.46599528855747646,0.4829959604475236,-0.0255262590944767,0.0,-1.5,-0.75,0.75,1.5,-0.0255262590944767,0.0,556.3225708007812,360.7276611328125,8.030945537029766e-06,0.001678609405644238,1.3997396230697632,0.875,1.6083312039534154,0.125,0.375,1.78125,3.625,3.7460712591807046
r3_s143000_l8,3,143000,8,A,0.430339887499,noise,0.4732493382913095,0.47077649611013905,-0.0627848282456398,0.0,-1.625,-0.75,0.75,1.5,-0.0627848282456398,0.0,717.8114624023438,464.96771240234375,-6.640998617513105e-05,0.00149042927660048,1.3997396230697632,0.875,1.6083312039534154,0.125,0.375,1.78125,3.625,3.7460712591807046
r3_s143000_l9,3,143000,9,B,0.391649440013,block,0.3501909176508586,0.4008762836456303,-0.0809461772441864,0.0,-1.375,-0.625,0.5,1.25,-0.0809461772441864,0.0,490.2108154296875,316.282958984375,-0.00011319605255266652,0.0016594813205301762,1.3997396230697632,0.875,1.6083312039534154,0.125,0.375,1.78125,3.625,3.7460712591807046
r3_s143000_l9,3,143000,9,B,0.391649440013,noise,0.3709440959824456,0.37275726706893364,-0.0472276471555233,0.0,-1.375,-0.625,0.625,1.25,-0.0472276471555233,0.0,683.9708251953125,467.895263671875,-6.93232286721468e-05,0.001347426907159388,1.3997396230697632,0.875,1.6083312039534154,0.125,0.375,1.78125,3.625,3.7460712591807046
r3_s143000_l10,3,143000,10,A,0.78055982873,block,0.9711381859249539,1.0564743412865538,-0.4423285722732544,-0.375,-2.375,-1.375,0.5,1.375,-0.4423285722732544,0.0,1433.0538330078125,1112.547119140625,-0.00026540024555288255,0.0007656016969121993,1.3997396230697632,0.875,1.6083312039534154,0.125,0.375,1.78125,3.625,3.7460712591807046
r3_s143000_l10,3,143000,10,A,0.78055982873,noise,1.0073547164599101,1.0224278502994113,-0.05701135843992233,0.0,-2.5,-1.125,1.125,2.375,-0.05701135843992233,0.0,2286.59326171875,2025.5567626953125,-4.795101995114237e-05,0.0006044576875865459,1.3997396230697632,0.875,1.6083312039534154,0.125,0.375,1.78125,3.625,3.7460712591807046
r5_s14000_l1,5,14000,1,A,0.631372890605,block,0.6387513412369622,0.6223869323730469,-0.07867208868265152,-0.0390625,-1.9375,-0.859375,0.7578125,1.7578125,-0.07867208868265152,0.0,260.0692138671875,239.15142822265625,-0.00014159781858325005,0.0031564508099108934,1.3462117910385132,0.7890625,1.5512222955519257,0.109375,0.3203125,1.734375,3.453125,3.9218484030829535
r5_s14000_l1,5,14000,1,A,0.631372890605,noise,0.637866806100916,0.622766229841444,-0.24776898324489594,-0.1640625,-2.0234375,-1.0234375,0.6015625,1.4375,-0.24776898324489594,0.0,264.7861022949219,258.13134765625,-0.0006016910774633288,0.0029302928596735,1.3462117910385132,0.7890625,1.5512222955519257,0.109375,0.3203125,1.734375,3.453125,3.9218484030829535
r5_s14000_l2,5,14000,2,A,0.602549156242,block,0.5554652412732443,0.5288314819335938,-0.13523779809474945,-0.09375,-1.7890625,-0.8828125,0.65625,1.478906273841858,-0.13523779809474945,0.0,249.11248779296875,239.84066772460938,-0.0003059789596591145,0.0029668735805898905,1.3462117910385132,0.7890625,1.5512222955519257,0.109375,0.3203125,1.734375,3.453125,3.9218484030829535
r5_s14000_l2,5,14000,2,A,0.602549156242,noise,0.5433142968901882,0.5390104717678499,-0.23919609189033508,-0.15625,-1.9636719226837158,-0.9375,0.5625,1.3671875,-0.23919609189033508,0.0,245.7488250732422,237.85546875,-0.0006075951387174428,0.0030073015950620174,1.3462117910385132,0.7890625,1.5512222955519257,0.109375,0.3203125,1.734375,3.453125,3.9218484030829535
r5_s14000_l3,5,14000,3,A,0.543941998153,block,0.4578365882237752,0.45117823282877634,-0.17180930078029633,-0.125,-1.671875,-0.830078125,0.5546875,1.2734375,-0.17180930078029633,0.0,223.68873596191406,216.36529541015625,-0.00048800266813486814,0.0029814105946570635,1.3462117910385132,0.7890625,1.5512222955519257,0.109375,0.3203125,1.734375,3.453125,3.9218484030829535
r5_s14000_l3,5,14000,3,A,0.543941998153,noise,0.4524185028341081,0.456472149601689,-0.21079705655574799,-0.140625,-1.8125,-0.8671875,0.5546875,1.3046875,-0.21079705655574799,0.0,231.86038208007812,220.54429626464844,-0.0005413565086200833,0.003001687116920948,1.3462117910385132,0.7890625,1.5512222955519257,0.109375,0.3203125,1.734375,3.453125,3.9218484030829535
r5_s14000_l4,5,14000,4,A,0.482595788767,block,0.6056164900461832,0.5590471161736383,-0.23244625329971313,-0.15625,-1.96875,-0.9765625,0.609375,1.4140625,-0.23244625329971313,0.0,260.9914855957031,251.12533569335938,-0.00054353749146685,0.0029458622448146343,1.3462117910385132,0.7890625,1.5512222955519257,0.109375,0.3203125,1.734375,3.453125,3.9218484030829535
r5_s14000_l4,5,14000,4,A,0.482595788767,noise,0.5859072638882531,0.5757453000103983,-0.15507128834724426,-0.09375,-1.921875,-0.90625,0.6953125,1.5625,-0.15507128834724426,0.0,279.3651428222656,261.56329345703125,-0.0003109040262643248,0.0028005109634250402,1.3462117910385132,0.7890625,1.5512222955519257,0.109375,0.3203125,1.734375,3.453125,3.9218484030829535
r5_s14000_l5,5,14000,5,B,0.341539469398,block,0.26219591829511857,0.30679784880744077,-0.09040885418653488,-0.0390625,-1.291406273841858,-0.6015625,0.484375,1.0390625,-0.09040885418653488,0.0,169.29510498046875,157.03402709960938,-0.0002828192082233727,0.0032180144917219877,1.3462117910385132,0.7890625,1.5512222955519257,0.109375,0.3203125,1.734375,3.453125,3.9218484030829535
r5_s14000_l5,5,14000,5,B,0.341539469398,noise,0.28210615228723596,0.2820330019350408,-0.0932822898030281,-0.046875,-1.28125,-0.5859375,0.46875,1.078125,-0.0932822898030281,0.0,202.0760498046875,184.7264404296875,-0.00022786896442994475,0.002639825688675046,1.3462117910385132,0.7890625,1.5512222955519257,0.109375,0.3203125,1.734375,3.453125,3.9218484030829535
r5_s14000_l6,5,14000,6,C,0.359720085635,block,0.24174278808964622,0.2939135233561201,-0.07839075475931168,-0.0546875,-1.3125,-0.6298828125,0.5,1.135156273841858,-0.07839075475931168,0.0,178.32586669921875,170.78634643554688,-0.00023670810332987458,0.0030205342918634415,1.3462117910385132,0.7890625,1.5512222955519257,0.109375,0.3203125,1.734375,3.453125,3.9218484030829535
r5_s14000_l6,5,14000,6,C,0.359720085635,noise,0.2642236909380666,0.2599025037553577,-0.07542675733566284,-0.03125,-1.1953125,-0.5625,0.46875,1.0390625,-0.07542675733566284,0.0,199.36085510253906,181.60614013671875,-0.00018751576135400683,0.002559519372880459,1.3462117910385132,0.7890625,1.5512222955519257,0.109375,0.3203125,1.734375,3.453125,3.9218484030829535
r5_s14000_l7,5,14000,7,C,0.434405196877,block,0.2942386203342014,0.4118157492743597,-0.10501819103956223,-0.0546875,-1.6015625,-0.7421875,0.5703125,1.3203125,-0.10501819103956223,0.0,190.36366271972656,184.65577697753906,-0.0003518355661071837,0.0033683290239423513,1.3462117910385132,0.7890625,1.5512222955519257,0.109375,0.3203125,1.734375,3.453125,3.9218484030829535
r5_s14000_l7,5,14000,7,C,0.434405196877,noise,0.34265227891780714,0.3153805909333407,-0.07308769226074219,-0.0390625,-1.3828125,-0.6328125,0.5546875,1.25,-0.07308769226074219,0.0,229.59100341796875,212.9123077392578,-0.00013757921988144517,0.002562480280175805,1.3462117910385132,0.7890625,1.5512222955519257,0.109375,0.3203125,1.734375,3.453125,3.9218484030829535
r5_s14000_l8,5,14000,8,A,0.408687082529,block,0.28133611877759296,0.26368631256951236,-0.06547334790229797,-0.046875,-1.322656273841858,-0.6484375,0.515625,1.203125,-0.06547334790229797,0.0,209.38279724121094,200.53079223632812,-0.00019573209283407778,0.0026808888651430607,1.3462117910385132,0.7890625,1.5512222955519257,0.109375,0.3203125,1.734375,3.453125,3.9218484030829535
r5_s14000_l8,5,14000,8,A,0.408687082529,noise,0.2790945569674174,0.2653562051278575,-0.044065624475479126,-0.015625,-1.2734375,-0.5859375,0.5546875,1.177343726158142,-0.044065624475479126,0.0,212.9095001220703,198.8028564453125,-7.106121483957395e-05,0.002548990771174431,1.3462117910385132,0.7890625,1.5512222955519257,0.109375,0.3203125,1.734375,3.453125,3.9218484030829535
r5_s14000_l9,5,14000,9,C,0.41622458064,block,0.2373635487424003,0.29608458942837235,-0.0290510393679142,-0.0390625,-1.189843773841858,-0.578125,0.515625,1.1484375,-0.0290510393679142,0.0,186.1506805419922,176.87014770507812,-9.120741742663085e-05,0.002859684405848384,1.3462117910385132,0.7890625,1.5512222955519257,0.109375,0.3203125,1.734375,3.453125,3.9218484030829535
r5_s14000_l9,5,14000,9,C,0.41622458064,noise,0.27087435015925654,0.24145431871767364,-0.027998507022857666,0.0,-1.2421875,-0.578125,0.578125,1.1875,-0.027998507022857666,0.0,214.0182647705078,202.32073974609375,-2.725050217122771e-05,0.0025177758652716875,1.3462117910385132,0.7890625,1.5512222955519257,0.109375,0.3203125,1.734375,3.453125,3.9218484030829535
r5_s14000_l10,5,14000,10,B,0.396264602468,block,0.25726069344414604,0.21002033021714972,-0.0328638032078743,-0.0234375,-1.296875,-0.6015625,0.5390625,1.1953125,-0.0328638032078743,0.0,203.59564208984375,196.64671325683594,-7.831381662981585e-05,0.0027338957879692316,1.3462117910385132,0.7890625,1.5512222955519257,0.109375,0.3203125,1.734375,3.453125,3.9218484030829535
r5_s14000_l10,5,14000,10,B,0.396264602468,noise,0.24079000894670133,0.22169770134819888,-0.048981569707393646,-0.03125,-1.203125,-0.6015625,0.515625,1.09375,-0.048981569707393646,0.0,203.59060668945312,197.22216796875,-0.00014052145706955343,0.0025131807196885347,1.3462117910385132,0.7890625,1.5512222955519257,0.109375,0.3203125,1.734375,3.453125,3.9218484030829535
r5_s72000_l1,5,72000,1,A,0.675681457476,block,0.8380605710877312,0.861114184061686,-0.2515600025653839,-0.15625,-2.2210936546325684,-1.0625,0.65625,1.71875,-0.2515600025653839,0.0,319.5752258300781,287.4126281738281,-0.0005187993519939482,0.0028043310157954693,1.4205365180969238,0.828125,1.6269291955054614,0.1171875,0.328125,1.861328125,3.6898436546325684,3.7314811282687717
r5_s72000_l1,5,72000,1,A,0.675681457476,noise,0.8391068445311652,0.859731744836878,-0.3603777587413788,-0.265625,-2.354296922683716,-1.1953125,0.5625,1.484375,-0.3603777587413788,0.0,328.6590270996094,316.6477355957031,-0.0007391959661617875,0.002639260608702898,1.4205365180969238,0.828125,1.6269291955054614,0.1171875,0.328125,1.861328125,3.6898436546325684,3.7314811282687717
r5_s72000_l2,5,72000,2,A,0.66755083872,block,0.7998163170284696,0.7792376942104764,-0.24156782031059265,-0.15625,-2.234375,-1.09375,0.6953125,1.666406273841858,-0.24156782031059265,0.0,327.4373474121094,312.162109375,-0.00044569134479388595,0.002669737907126546,1.4205365180969238,0.828125,1.6269291955054614,0.1171875,0.328125,1.861328125,3.6898436546325684,3.7314811282687717
r5_s72000_l2,5,72000,2,A,0.66755083872,noise,0.7851884696218703,0.7929579416910806,-0.3124302327632904,-0.203125,-2.28125,-1.140625,0.625,1.5703125,-0.3124302327632904,0.0,316.9330749511719,302.21795654296875,-0.0006084495689719915,0.0027336720377206802,1.4205365180969238,0.828125,1.6269291955054614,0.1171875,0.328125,1.861328125,3.6898436546325684,3.7314811282687717
r5_s72000_l3,5,72000,3,B,0.472912360003,block,0.539216568072637,0.4825680785708957,-0.1915859580039978,-0.1328125,-1.853906273841858,-0.9375,0.625,1.4765625,-0.1915859580039978,0.0,279.5439758300781,266.13323974609375,-0.00041251469519920647,0.002676001749932766,1.4205365180969238,0.828125,1.6269291955054614,0.1171875,0.328125,1.861328125,3.6898436546325684,3.7314811282687717
r5_s72000_l3,5,72000,3,B,0.472912360003,noise,0.4954400261243184,0.5125466894220421,-0.20625561475753784,-0.125,-1.8125,-0.84375,0.5625,1.3125,-0.20625561475753784,0.0,263.8812561035156,245.5550079345703,-0.000452842767117545,0.002655413933098316,1.4205365180969238,0.828125,1.6269291955054614,0.1171875,0.328125,1.861328125,3.6898436546325684,3.7314811282687717
r5_s72000_l4,5,72000,4,A,0.418143959365,block,0.7240708205435011,0.7584351963467069,-0.29125723242759705,-0.171875,-2.265625,-1.03125,0.5859375,1.484375,-0.29125723242759705,0.0,298.7667541503906,281.66473388671875,-0.0005940643604844809,0.002764410339295864,1.4205365180969238,0.828125,1.6269291955054614,0.1171875,0.328125,1.861328125,3.6898436546325684,3.7314811282687717
r5_s72000_l4,5,72000,4,A,0.418143959365,noise,0.737617329314903,0.7425995226259583,-0.2139526605606079,-0.109375,-2.1875,-0.984375,0.7109375,1.6640625,-0.2139526605606079,0.0,328.2091369628906,308.1136474609375,-0.00034124183002859354,0.00259344931691885,1.4205365180969238,0.828125,1.6269291955054614,0.1171875,0.328125,1.861328125,3.6898436546325684,3.7314811282687717
r5_s72000_l5,5,72000,5,B,0.275168261271,block,0.283903310696284,0.34201161066691066,-0.08918508142232895,-0.0625,-1.4609375,-0.6875,0.5625,1.2265625,-0.08918508142232895,0.0,199.15093994140625,188.3740234375,-0.0002479309041518718,0.002998183248564601,1.4205365180969238,0.828125,1.6269291955054614,0.1171875,0.328125,1.861328125,3.6898436546325684,3.7314811282687717
r5_s72000_l5,5,72000,5,B,0.275168261271,noise,0.30845318679456357,0.30946759824399583,-0.11098936200141907,-0.0546875,-1.3125,-0.609375,0.4609375,1.046875,-0.11098936200141907,0.0,221.9845733642578,201.60772705078125,-0.000266005692537874,0.002411088440567255,1.4205365180969238,0.828125,1.6269291955054614,0.1171875,0.328125,1.861328125,3.6898436546325684,3.7314811282687717
r5_s72000_l6,5,72000,6,A,0.295861376879,block,0.3031642966800266,0.3042992750803628,-0.17099931836128235,-0.1328125,-1.5625,-0.7734375,0.46875,1.0859375,-0.17099931836128235,0.0,218.85430908203125,209.60211181640625,-0.000468888902105391,0.0027037973050028086,1.4205365180969238,0.828125,1.6269291955054614,0.1171875,0.328125,1.861328125,3.6898436546325684,3.7314811282687717
r5_s72000_l6,5,72000,6,A,0.295861376879,noise,0.3019549449284871,0.30551235764114937,-0.11502381414175034,-0.046875,-1.2890625,-0.578125,0.4609375,1.03125,-0.11502381414175034,0.0,221.16912841796875,201.74169921875,-0.00024121181922964752,0.0023806679528206587,1.4205365180969238,0.828125,1.6269291955054614,0.1171875,0.328125,1.861328125,3.6898436546325684,3.7314811282687717
r5_s72000_l7,5,72000,7,C,0.442535815633,block,0.4716065890259213,0.6092048221164279,-0.15215937793254852,-0.0390625,-2.09375,-0.9140625,0.7421875,1.625,-0.15215937793254852,0.0,247.2277069091797,240.20359802246094,-0.0003953163104597479,0.003296268405392766,1.4205365180969238,0.828125,1.6269291955054614,0.1171875,0.328125,1.861328125,3.6898436546325684,3.7314811282687717
r5_s72000_l7,5,72000,7,C,0.442535815633,noise,0.5238082982875683,0.5248868553726758,-0.13565494120121002,-0.0546875,-1.7734375,-0.796875,0.65625,1.4375,-0.13565494120121002,0.0,291.97027587890625,271.16461181640625,-0.00020936166401952505,0.002459963783621788,1.4205365180969238,0.828125,1.6269291955054614,0.1171875,0.328125,1.861328125,3.6898436546325684,3.7314811282687717
r5_s72000_l8,5,72000,8,A,0.441349574343,block,0.4778973526424832,0.47620357407463887,-0.1338890939950943,-0.1171875,-1.744531273841858,-0.875,0.625,1.4453125,-0.1338890939950943,0.0,303.8009033203125,296.38720703125,-0.0002885929134208709,0.0023462255485355854,1.4205365180969238,0.828125,1.6269291955054614,0.1171875,0.328125,1.861328125,3.6898436546325684,3.7314811282687717
r5_s72000_l8,5,72000,8,A,0.441349574343,noise,0.4812389744652642,0.47320494828400816,-0.09610072523355484,-0.046875,-1.692968726158142,-0.796875,0.6875,1.484375,-0.09610072523355484,0.0,285.07464599609375,267.95404052734375,-0.0001562161196488887,0.0024650683626532555,1.4205365180969238,0.828125,1.6269291955054614,0.1171875,0.328125,1.861328125,3.6898436546325684,3.7314811282687717
r5_s72000_l9,5,72000,9,B,0.387950699353,block,0.36319460140334237,0.3985460069444442,-0.0589684396982193,-0.046875,-1.4375,-0.6953125,0.6015625,1.338281273841858,-0.0589684396982193,0.0,259.5816955566406,246.5313720703125,-9.428886551177129e-05,0.002405656035989523,1.4205365180969238,0.828125,1.6269291955054614,0.1171875,0.328125,1.861328125,3.6898436546325684,3.7314811282687717
r5_s72000_l9,5,72000,9,B,0.387950699353,noise,0.3850915178104683,0.3737809039928295,-0.08377214521169662,-0.0390625,-1.484375,-0.6953125,0.609375,1.2890625,-0.08377214521169662,0.0,266.4351501464844,252.4996337890625,-0.00015090807573869824,0.0023360808845609426,1.4205365180969238,0.828125,1.6269291955054614,0.1171875,0.328125,1.861328125,3.6898436546325684,3.7314811282687717
r5_s72000_l10,5,72000,10,A,0.417777390647,block,0.41036297215355766,0.40086640252007344,-0.20856009423732758,-0.125,-1.75,-0.8359375,0.4765625,1.203125,-0.20856009423732758,0.0,276.9195861816406,268.42132568359375,-0.0004725108155980706,0.0023334650322794914,1.4205365180969238,0.828125,1.6269291955054614,0.1171875,0.328125,1.861328125,3.6898436546325684,3.7314811282687717
r5_s72000_l10,5,72000,10,A,0.417777390647,noise,0.40830724217273573,0.4021171817073115,-0.0801493301987648,-0.046875,-1.515625,-0.7421875,0.6484375,1.3359375,-0.0801493301987648,0.0,281.43072509765625,273.4650573730469,-0.00016349638462997973,0.0022853310219943523,1.4205365180969238,0.828125,1.6269291955054614,0.1171875,0.328125,1.861328125,3.6898436546325684,3.7314811282687717
r5_s143000_l1,5,143000,1,A,0.709756742507,block,0.8990853097703722,0.8856569661034479,-0.1857808381319046,-0.15625,-2.25,-1.09375,0.8125,1.875,-0.1857808381319046,0.0,660.2321166992188,493.00927734375,-0.000242625770624727,0.0018297748174518347,1.4460245370864868,0.8125,1.7007442782007882,0.125,0.3125,1.8125,3.8218750953674316,3.7323279115888806
r5_s143000_l1,5,143000,1,A,0.709756742507,noise,0.8954945449475888,0.890961956094813,-0.32911965250968933,-0.28125,-2.4375,-1.25,0.625,1.6875,-0.32911965250968933,0.0,785.2787475585938,664.5353393554688,-0.0002949488116428256,0.001448776456527412,1.4460245370864868,0.8125,1.7007442782007882,0.125,0.3125,1.8125,3.8218750953674316,3.7323279115888806
r5_s143000_l2,5,143000,2,A,0.748037353707,block,1.0421509676509433,1.0174618032243519,-0.2011447548866272,-0.125,-2.6875,-1.25,0.90625,2.15625,-0.2011447548866272,0.0,830.9583129882812,679.2667236328125,-0.00014634539547841996,0.0015932087553665042,1.4460245370864868,0.8125,1.7007442782007882,0.125,0.3125,1.8125,3.8218750953674316,3.7323279115888806
r5_s143000_l2,5,143000,2,A,0.748037353707,noise,1.0344151236392833,1.0255920886993408,-0.3168555498123169,-0.1875,-2.65625,-1.3125,0.75,1.90625,-0.3168555498123169,0.0,658.594482421875,522.5789794921875,-0.0003411400830373168,0.0018722908571362495,1.4460245370864868,0.8125,1.7007442782007882,0.125,0.3125,1.8125,3.8218750953674316,3.7323279115888806
r5_s143000_l3,5,143000,3,B,0.531379501301,block,0.7940320438808866,0.7283867994944258,-0.1939019113779068,-0.125,-2.34375,-1.09375,0.8125,1.8125,-0.1939019113779068,0.0,754.7290649414062,575.3040771484375,-0.00013890344416722655,0.0015695181209594011,1.4460245370864868,0.8125,1.7007442782007882,0.125,0.3125,1.8125,3.8218750953674316,3.7323279115888806
r5_s143000_l3,5,143000,3,B,0.531379501301,noise,0.7493629698400144,0.7658388791260897,-0.22814786434173584,-0.15625,-2.21875,-1.0625,0.71875,1.6875,-0.22814786434173584,0.0,504.4431457519531,371.3208923339844,-0.0003134434809908271,0.002136619994416833,1.4460245370864868,0.8125,1.7007442782007882,0.125,0.3125,1.8125,3.8218750953674316,3.7323279115888806
r5_s143000_l4,5,143000,4,A,0.507947334397,block,1.0863103667895,1.116358465618558,-0.3556467592716217,-0.25,-2.8125,-1.34375,0.78125,1.875,-0.3556467592716217,0.0,678.0366821289062,505.34783935546875,-0.00044640933629125357,0.002048811875283718,1.4460245370864868,0.8125,1.7007442782007882,0.125,0.3125,1.8125,3.8218750953674316,3.7323279115888806
r5_s143000_l4,5,143000,4,A,0.507947334397,noise,1.100381663552037,1.1071453006179244,-0.26226896047592163,-0.125,-2.75,-1.25,0.9375,2.1875,-0.26226896047592163,0.0,608.6951904296875,458.3222961425781,-0.0002719025651458651,0.002210527192801237,1.4460245370864868,0.8125,1.7007442782007882,0.125,0.3125,1.8125,3.8218750953674316,3.7323279115888806
r5_s143000_l5,5,143000,5,A,0.323725421879,block,0.4473706583182017,0.4649655024210615,-0.1678263396024704,-0.125,-1.84375,-0.9375,0.625,1.4375,-0.1678263396024704,0.0,382.3220520019531,305.60772705078125,-0.0002862381224986166,0.002293917816132307,1.4460245370864868,0.8125,1.7007442782007882,0.125,0.3125,1.8125,3.8218750953674316,3.7323279115888806
r5_s143000_l5,5,143000,5,A,0.323725421879,noise,0.45469033497351186,0.4564867814381923,-0.1469065397977829,-0.0625,-1.625,-0.75,0.5625,1.3125,-0.1469065397977829,0.0,404.54058837890625,290.3535461425781,-0.00021096366981510073,0.0020408271811902523,1.4460245370864868,0.8125,1.7007442782007882,0.125,0.3125,1.8125,3.8218750953674316,3.7323279115888806
r5_s143000_l6,5,143000,6,A,0.315594803123,block,0.40990516543388367,0.4105469650692415,-0.0685085728764534,0.0,-1.75,-0.8203125,0.7265625,1.625,-0.0685085728764534,0.0,361.5867004394531,282.06378173828125,-9.941549797076732e-05,0.0023926342837512493,1.4460245370864868,0.8125,1.7007442782007882,0.125,0.3125,1.8125,3.8218750953674316,3.7323279115888806
r5_s143000_l6,5,143000,6,A,0.315594803123,noise,0.4137583286673934,0.40457772325586383,-0.11035551875829697,-0.0625,-1.5,-0.6875,0.5625,1.28125,-0.11035551875829697,0.0,380.7369079589844,276.0234375,-0.00014202938473317772,0.0020698937587440014,1.4460245370864868,0.8125,1.7007442782007882,0.125,0.3125,1.8125,3.8218750953674316,3.7323279115888806
r5_s143000_l7,5,143000,7,C,0.434405196877,block,0.6301431126064725,0.7427115705278187,-0.1438971608877182,-0.0625,-2.46875,-1.125,0.875,2.0718750953674316,-0.1438971608877182,0.0,480.6145935058594,354.90985107421875,-0.00023759441683068871,0.0025864492636173964,1.4460245370864868,0.8125,1.7007442782007882,0.125,0.3125,1.8125,3.8218750953674316,3.7323279115888806
r5_s143000_l7,5,143000,7,C,0.434405196877,noise,0.6855157525451095,0.6635369459788008,-0.12982136011123657,-0.0625,-2.03125,-0.9375,0.8125,1.75,-0.12982136011123657,0.0,501.3255920410156,381.79022216796875,-0.00013196504733059555,0.00206162896938622,1.4460245370864868,0.8125,1.7007442782007882,0.125,0.3125,1.8125,3.8218750953674316,3.7323279115888806
r5_s143000_l8,5,143000,8,A,0.458203932499,block,0.5062560439109802,0.46452856063842773,-0.1224433034658432,-0.125,-1.84375,-0.875,0.65625,1.59375,-0.1224433034658432,0.0,377.48333740234375,325.3014831542969,-0.00018840991833712906,0.002182614989578724,1.4460245370864868,0.8125,1.7007442782007882,0.125,0.3125,1.8125,3.8218750953674316,3.7323279115888806
r5_s143000_l8,5,143000,8,A,0.458203932499,noise,0.49216005978760896,0.4743560508445457,-0.07477583736181259,-0.03125,-1.75,-0.8125,0.71875,1.5625,-0.07477583736181259,0.0,462.0211181640625,352.22894287109375,-8.45346730784513e-05,0.0019240877591073513,1.4460245370864868,0.8125,1.7007442782007882,0.125,0.3125,1.8125,3.8218750953674316,3.7323279115888806
r5_s143000_l9,5,143000,9,A,0.477344238099,block,0.4552549189991421,0.4697187476687965,-0.1428900808095932,-0.125,-1.6875,-0.8125,0.5625,1.375,-0.1428900808095932,0.0,383.0960388183594,293.1282958984375,-0.00028374948306009173,0.002010753145441413,1.4460245370864868,0.8125,1.7007442782007882,0.125,0.3125,1.8125,3.8218750953674316,3.7323279115888806
r5_s143000_l9,5,143000,9,A,0.477344238099,noise,0.4700069725513458,0.4556427796681728,-0.06575563549995422,0.0,-1.6414062976837158,-0.8125,0.71875,1.5,-0.06575563549995422,0.0,485.3167724609375,383.7447509765625,-8.27073454274796e-05,0.0017554856603965163,1.4460245370864868,0.8125,1.7007442782007882,0.125,0.3125,1.8125,3.8218750953674316,3.7323279115888806
r5_s143000_l10,5,143000,10,A,0.710123311225,block,0.8987416625022888,0.917668633990818,-0.4045172929763794,-0.3125,-2.3125,-1.25,0.5,1.40625,-0.4045172929763794,0.0,889.4102783203125,758.010986328125,-0.0003639588539954275,0.0010982105741277337,1.4460245370864868,0.8125,1.7007442782007882,0.125,0.3125,1.8125,3.8218750953674316,3.7323279115888806
r5_s143000_l10,5,143000,10,A,0.710123311225,noise,0.9134297260531673,0.9031211093620017,-0.0780368372797966,-0.03125,-2.375,-1.1875,1.0625,2.1875,-0.0780368372797966,0.0,1177.5885009765625,1066.820068359375,-6.41825536149554e-05,0.0010284382151439786,1.4460245370864868,0.8125,1.7007442782007882,0.125,0.3125,1.8125,3.8218750953674316,3.7323279115888806
r6_s14000_l1,6,14000,1,A,0.620363203761,block,0.5865197479724884,0.622334188885159,-0.12280607223510742,-0.0859375,-1.7890625,-0.8671875,0.671875,1.546875,-0.12280607223510742,0.0,243.93112182617188,224.693359375,-0.00027845348813571036,0.0030789992306381464,1.3910149335861206,0.80859375,1.6105983472084613,0.1171875,0.328125,1.78125,3.5882811546325684,3.8302162488301597
r6_s14000_l1,6,14000,1,A,0.620363203761,noise,0.5767551726765103,0.6333121900205261,-0.30270707607269287,-0.234375,-2.0234375,-1.015625,0.5,1.296875,-0.30270707607269287,0.0,249.2528533935547,241.18365478515625,-0.0008064047433435917,0.0029983879067003727,1.3910149335861206,0.80859375,1.6105983472084613,0.1171875,0.328125,1.78125,3.5882811546325684,3.8302162488301597
r6_s14000_l2,6,14000,2,A,0.564408561834,block,0.4509906868139903,0.48199033737182573,-0.14524586498737335,-0.1015625,-1.6691405773162842,-0.8125,0.546875,1.353906273841858,-0.14524586498737335,0.0,224.15838623046875,214.17010498046875,-0.0003940956376027316,0.0029498478397727013,1.3910149335861206,0.80859375,1.6105983472084613,0.1171875,0.328125,1.78125,3.5882811546325684,3.8302162488301597
r6_s14000_l2,6,14000,2,A,0.564408561834,noise,0.4407405224111345,0.4932852409504078,-0.2809726595878601,-0.1953125,-1.8359375,-0.921875,0.453125,1.15625,-0.2809726595878601,0.0,221.27777099609375,213.83038330078125,-0.0008023465634323657,0.0030257084872573614,1.3910149335861206,0.80859375,1.6105983472084613,0.1171875,0.328125,1.78125,3.5882811546325684,3.8302162488301597
r6_s14000_l3,6,14000,3,A,0.574911663169,block,0.44827739066547817,0.4883725378248429,-0.2011260986328125,-0.140625,-1.713281273841858,-0.837890625,0.5234375,1.234375,-0.2011260986328125,0.0,220.06982421875,212.0096435546875,-0.0005697206361219287,0.0029948647134006023,1.3910149335861206,0.80859375,1.6105983472084613,0.1171875,0.328125,1.78125,3.5882811546325684,3.8302162488301597
r6_s14000_l3,6,14000,3,A,0.574911663169,noise,0.44177550739712185,0.4953566480565956,-0.2904719114303589,-0.1953125,-1.90234375,-0.921875,0.4765625,1.1953125,-0.2904719114303589,0.0,222.16287231445312,213.66571044921875,-0.0007982515962794423,0.003122937399893999,1.3910149335861206,0.80859375,1.6105983472084613,0.1171875,0.328125,1.78125,3.5882811546325684,3.8302162488301597
r6_s14000_l4,6,14000,4,A,0.701033003106,block,1.0445287028948467,1.0565301047431093,-0.4335784316062927,-0.3046875,-2.778515577316284,-1.3515625,0.71484375,1.7265625,-0.4335784316062927,0.0,319.8434143066406,312.3657531738281,-0.0008352794102393091,0.003126616356894374,1.3910149335861206,0.80859375,1.6105983472084613,0.1171875,0.328125,1.78125,3.5882811546325684,3.8302162488301597
r6_s14000_l4,6,14000,4,A,0.701033003106,noise,1.004846160058622,1.0944558426185886,-0.32792770862579346,-0.2421875,-2.671875,-1.3125,0.765625,1.9453125,-0.32792770862579346,0.0,347.40216064453125,331.5329284667969,-0.0006105375359766185,0.0029642502777278423,1.3910149335861206,0.80859375,1.6105983472084613,0.1171875,0.328125,1.78125,3.5882811546325684,3.8302162488301597
r6_s14000_l5,6,14000,5,A,0.336881039375,block,0.26503551999727887,0.29094335767957924,-0.1837562918663025,-0.109375,-1.353906273841858,-0.6640625,0.390625,0.934765636920929,-0.1837562918663025,0.0,168.05010986328125,155.77301025390625,-0.000598644430283457,0.0031001337338238955,1.3910149335861206,0.80859375,1.6105983472084613,0.1171875,0.328125,1.78125,3.5882811546325684,3.8302162488301597
r6_s14000_l5,6,14000,5,A,0.336881039375,noise,0.26222678025563556,0.2939714502405235,-0.11679141968488693,-0.0546875,-1.21875,-0.578125,0.4296875,0.9609375,-0.11679141968488693,0.0,193.94085693359375,175.0830078125,-0.00033670247648842633,0.0025946011301130056,1.3910149335861206,0.80859375,1.6105983472084613,0.1171875,0.328125,1.78125,3.5882811546325684,3.8302162488301597
r6_s14000_l6,6,14000,6,B,0.279007018722,block,0.16809240811400944,0.19716986020406102,-0.13451555371284485,-0.0859375,-1.1640625,-0.5703125,0.359375,0.8671875,-0.13451555371284485,0.0,145.6891632080078,140.89697265625,-0.0005679543828591704,0.0031417077407240868,1.3910149335861206,0.80859375,1.6105983472084613,0.1171875,0.328125,1.78125,3.5882811546325684,3.8302162488301597
r6_s14000_l6,6,14000,6,B,0.279007018722,noise,0.17860037253962624,0.18384320647628227,-0.05587807297706604,-0.0234375,-0.953125,-0.4296875,0.375,0.84375,-0.05587807297706604,0.0,163.6975555419922,146.53195190429688,-0.000164858516654931,0.0025081674102693796,1.3910149335861206,0.80859375,1.6105983472084613,0.1171875,0.328125,1.78125,3.5882811546325684,3.8302162488301597
r6_s14000_l7,6,14000,7,C,0.442309263706,block,0.2799248728487227,0.388712300194634,-0.1684502512216568,-0.08984375,-1.5390625,-0.7578125,0.5234375,1.203125,-0.1684502512216568,0.0,189.76829528808594,184.29525756835938,-0.000455651170341298,0.003287864848971367,1.3910149335861206,0.80859375,1.6105983472084613,0.1171875,0.328125,1.78125,3.5882811546325684,3.8302162488301597
r6_s14000_l7,6,14000,7,C,0.442309263706,noise,0.3117869253511782,0.3314750724368625,-0.08157387375831604,-0.03125,-1.333593726158142,-0.6328125,0.53125,1.15625,-0.08157387375831604,0.0,218.20985412597656,200.68548583984375,-0.00019385993073228747,0.0025808128993958235,1.3910149335861206,0.80859375,1.6105983472084613,0.1171875,0.328125,1.78125,3.5882811546325684,3.8302162488301597
r6_s14000_l8,6,14000,8,A,0.403068963143,block,0.23071792059474522,0.27101831965976286,-0.07680092751979828,-0.078125,-1.3046875,-0.6640625,0.5234375,1.197656273841858,-0.07680092751979828,0.0,183.0416717529297,179.41067504882812,-0.00031182970269583166,0.003135517705231905,1.3910149335861206,0.80859375,1.6105983472084613,0.1171875,0.328125,1.78125,3.5882811546325684,3.8302162488301597
r6_s14000_l8,6,14000,8,A,0.403068963143,noise,0.24150457812680137,0.2576348869888867,-0.04473098739981651,-0.0078125,-1.15625,-0.5390625,0.5078125,1.0703125,-0.04473098739981651,0.0,196.46640014648438,182.4210205078125,-8.532885840395465e-05,0.002538242843002081,1.3910149335861206,0.80859375,1.6105983472084613,0.1171875,0.328125,1.78125,3.5882811546325684,3.8302162488301597
r6_s14000_l9,6,14000,9,A,0.37324227185,block,0.21340440213680267,0.21379823154873323,0.0329013392329216,0.015625,-1.109375,-0.53125,0.578125,1.213281273841858,0.0329013392329216,0.0,188.74317932128906,182.5349578857422,0.0001460076600778848,0.0027429002802819014,1.3910149335861206,0.80859375,1.6105983472084613,0.1171875,0.328125,1.78125,3.5882811546325684,3.8302162488301597
r6_s14000_l9,6,14000,9,A,0.37324227185,noise,0.21077705478226696,0.215948590525874,-0.02479461394250393,0.0,-1.0703125,-0.5,0.484375,1.015625,-0.02479461394250393,0.0,186.13233947753906,176.2008056640625,-3.689967343234457e-05,0.00249593798071146,1.3910149335861206,0.80859375,1.6105983472084613,0.1171875,0.328125,1.78125,3.5882811546325684,3.8302162488301597
r6_s14000_l10,6,14000,10,C,0.498263905633,block,0.3138347069422404,0.40527494748433446,-0.10351477563381195,-0.0859375,-1.682031273841858,-0.7734375,0.5703125,1.4140625,-0.10351477563381195,0.0,208.4922637939453,201.82232666015625,-0.0002917454985436052,0.0033123488537967205,1.3910149335861206,0.80859375,1.6105983472084613,0.1171875,0.328125,1.78125,3.5882811546325684,3.8302162488301597
r6_s14000_l10,6,14000,10,C,0.498263905633,noise,0.34478808332372596,0.3547727266947427,-0.06985100358724594,-0.046875,-1.4375,-0.7109375,0.6171875,1.2890625,-0.06985100358724594,0.0,242.0738525390625,235.35809326171875,-0.00018095731502398849,0.0025082069914788008,1.3910149335861206,0.80859375,1.6105983472084613,0.1171875,0.328125,1.78125,3.5882811546325684,3.8302162488301597
r6_s72000_l1,6,72000,1,A,0.642016008731,block,0.7643024126688639,0.7929642995198565,-0.23293134570121765,-0.125,-2.2890625,-1.033203125,0.703125,1.6171875,-0.23293134570121765,0.0,298.00244140625,274.94744873046875,-0.0005069907056167722,0.002937444718554616,1.5339372158050537,0.84375,1.864323641674929,0.1171875,0.3359375,1.9140625,3.8984375,3.6699788835313587
r6_s72000_l1,6,72000,1,A,0.642016008731,noise,0.7706566629586397,0.7862598101298008,-0.3643556833267212,-0.2421875,-2.40625,-1.203125,0.6015625,1.4921875,-0.3643556833267212,0.0,306.2093200683594,292.3350524902344,-0.0008167977794073522,0.00288964225910604,1.5339372158050537,0.84375,1.864323641674929,0.1171875,0.3359375,1.9140625,3.8984375,3.6699788835313587
r6_s72000_l2,6,72000,2,A,0.589986659391,block,0.569165998035007,0.5819150341881647,-0.24401770532131195,-0.140625,-2.078125,-0.9765625,0.5986328125,1.40625,-0.24401770532131195,0.0,268.8427734375,253.03167724609375,-0.0005777252372354269,0.0029444892425090075,1.5339372158050537,0.84375,1.864323641674929,0.1171875,0.3359375,1.9140625,3.8984375,3.6699788835313587
r6_s72000_l2,6,72000,2,A,0.589986659391,noise,0.5700084368387858,0.5801390541924372,-0.35933586955070496,-0.23828125,-2.209765672683716,-1.1015625,0.5078125,1.296875,-0.35933586955070496,0.0,267.12481689453125,254.34429931640625,-0.0008873491315171123,0.002950355876237154,1.5339372158050537,0.84375,1.864323641674929,0.1171875,0.3359375,1.9140625,3.8984375,3.6699788835313587
r6_s72000_l3,6,72000,3,A,0.648777101839,block,0.6611291766166687,0.6523049672444658,-0.2529809772968292,-0.1953125,-2.1484375,-1.072265625,0.671875,1.5625,-0.2529809772968292,0.0,292.22503662109375,278.7225341796875,-0.0005687118973582983,0.0028946606907993555,1.5339372158050537,0.84375,1.864323641674929,0.1171875,0.3359375,1.9140625,3.8984375,3.6699788835313587
r6_s72000_l3,6,72000,3,A,0.648777101839,noise,0.6451545777144255,0.6669001579284668,-0.38485196232795715,-0.21875,-2.359375,-1.140625,0.5546875,1.375,-0.38485196232795715,0.0,278.7584228515625,266.8329772949219,-0.0008628255454823375,0.003005902050063014,1.5339372158050537,0.84375,1.864323641674929,0.1171875,0.3359375,1.9140625,3.8984375,3.6699788835313587
r6_s72000_l4,6,72000,4,A,0.729123600034,block,1.7777680026160345,1.7505127059088812,-0.5701337456703186,-0.34375,-3.645703077316284,-1.845703125,0.953125,2.265625,-0.5701337456703186,0.0,450.2067565917969,439.4317932128906,-0.0008466188446618617,0.002974563278257847,1.5339372158050537,0.84375,1.864323641674929,0.1171875,0.3359375,1.9140625,3.8984375,3.6699788835313587
r6_s72000_l4,6,72000,4,A,0.729123600034,noise,1.724853060863636,1.7968071301778155,-0.4842071235179901,-0.298828125,-3.8046875,-1.78125,1.0859375,2.5703125,-0.4842071235179901,0.0,463.0400085449219,448.569580078125,-0.0006775778601877391,0.0030646654777228832,1.5339372158050537,0.84375,1.864323641674929,0.1171875,0.3359375,1.9140625,3.8984375,3.6699788835313587
r6_s72000_l5,6,72000,5,A,0.285218258752,block,0.32503095600340104,0.32531163427564813,-0.19462013244628906,-0.1171875,-1.640625,-0.775390625,0.4765625,1.1015625,-0.19462013244628906,0.0,206.31304931640625,196.4073486328125,-0.0005683175404556096,0.002990543143823743,1.5339372158050537,0.84375,1.864323641674929,0.1171875,0.3359375,1.9140625,3.8984375,3.6699788835313587
r6_s72000_l5,6,72000,5,A,0.285218258752,noise,0.32057441605461967,0.32829937228450046,-0.11929868906736374,-0.046875,-1.375,-0.6171875,0.46875,1.0703125,-0.11929868906736374,0.0,225.42581176757812,204.02993774414062,-0.0002603702596388757,0.0024541830644011497,1.5339372158050537,0.84375,1.864323641674929,0.1171875,0.3359375,1.9140625,3.8984375,3.6699788835313587
r6_s72000_l6,6,72000,6,A,0.22985673747,block,0.22372630735238394,0.21390541394551565,-0.08575566858053207,-0.0546875,-1.296875,-0.6328125,0.5,1.1105468273162842,-0.08575566858053207,0.0,182.7052001953125,176.48690795898438,-0.00028757049585692585,0.0029386423993855715,1.5339372158050537,0.84375,1.864323641674929,0.1171875,0.3359375,1.9140625,3.8984375,3.6699788835313587
r6_s72000_l6,6,72000,6,A,0.22985673747,noise,0.2187657372819053,0.21829601570411938,-0.08486169576644897,-0.03125,-1.052343726158142,-0.46875,0.390625,0.8671875,-0.08486169576644897,0.0,186.3779296875,166.12161254882812,-0.00021974515402689576,0.0023637188132852316,1.5339372158050537,0.84375,1.864323641674929,0.1171875,0.3359375,1.9140625,3.8984375,3.6699788835313587
r6_s72000_l7,6,72000,7,B,0.4199233213,block,0.4530799256430732,0.535643657048543,-0.17579609155654907,-0.078125,-1.96875,-0.921875,0.7265625,1.549218773841858,-0.17579609155654907,0.0,262.6096496582031,254.0655059814453,-0.0003345130244269967,0.002975547919049859,1.5339372158050537,0.84375,1.864323641674929,0.1171875,0.3359375,1.9140625,3.8984375,3.6699788835313587
r6_s72000_l7,6,72000,7,B,0.4199233213,noise,0.4863787183055171,0.4939390111852573,-0.1356341540813446,-0.0625,-1.764032006263733,-0.7890625,0.6328125,1.4140625,-0.1356341540813446,0.0,281.81488037109375,259.52398681640625,-0.00025000437744893134,0.0025090051349252462,1.5339372158050537,0.84375,1.864323641674929,0.1171875,0.3359375,1.9140625,3.8984375,3.6699788835313587
r6_s72000_l8,6,72000,8,B,0.422209268743,block,0.4070446689923604,0.4836299949222136,-0.23733669519424438,-0.15625,-2.046875,-1.0,0.640625,1.484375,-0.23733669519424438,0.0,252.5886993408203,244.79815673828125,-0.0006570692057721317,0.0031058359891176224,1.5339372158050537,0.84375,1.864323641674929,0.1171875,0.3359375,1.9140625,3.8984375,3.6699788835313587
r6_s72000_l8,6,72000,8,B,0.422209268743,noise,0.4294329517417484,0.45302645365397076,-0.1121954545378685,-0.0234375,-1.625,-0.7578125,0.6328125,1.34375,-0.1121954545378685,0.0,270.7435607910156,251.0143585205078,-0.0001931939332280308,0.002468124497681856,1.5339372158050537,0.84375,1.864323641674929,0.1171875,0.3359375,1.9140625,3.8984375,3.6699788835313587
r6_s72000_l9,6,72000,9,A,0.391422888087,block,0.37108295493655735,0.38378339343600754,-0.04195743054151535,-0.03125,-1.517968773841858,-0.7734375,0.671875,1.486718773841858,-0.04195743054151535,0.0,279.3729248046875,270.7511291503906,-5.552701622946188e-05,0.002434487221762538,1.5339372158050537,0.84375,1.864323641674929,0.1171875,0.3359375,1.9140625,3.8984375,3.6699788835313587
r6_s72000_l9,6,72000,9,A,0.391422888087,noise,0.3817732830842336,0.37318463678713165,-0.058200541883707047,-0.0078125,-1.5234375,-0.703125,0.65625,1.3828125,-0.058200541883707047,0.0,262.905029296875,249.21548461914062,-9.452319500269368e-05,0.0024366374127566814,1.5339372158050537,0.84375,1.864323641674929,0.1171875,0.3359375,1.9140625,3.8984375,3.6699788835313587
r6_s72000_l10,6,72000,10,B,0.442902384351,block,0.4138943354288737,0.4598767492506237,-0.23192384839057922,-0.15625,-1.8125,-0.9140625,0.5078125,1.2265625,-0.23192384839057922,0.0,257.7970275878906,244.20285034179688,-0.0005346528487280011,0.0025999543722718954,1.5339372158050537,0.84375,1.864323641674929,0.1171875,0.3359375,1.9140625,3.8984375,3.6699788835313587
r6_s72000_l10,6,72000,10,B,0.442902384351,noise,0.4360994365480211,0.43312275851214377,-0.08778063207864761,-0.0546875,-1.6328125,-0.796875,0.6640625,1.4375,-0.08778063207864761,0.0,286.4775695800781,279.02178955078125,-0.00019339869322720915,0.0023769522085785866,1.5339372158050537,0.84375,1.864323641674929,0.1171875,0.3359375,1.9140625,3.8984375,3.6699788835313587
r6_s143000_l1,6,143000,1,A,0.664078649987,block,0.7476856973436143,0.7725881205664744,-0.1734483540058136,0.0,-2.25,-1.0,0.75,1.75,-0.1734483540058136,0.0,1002.111083984375,660.1865234375,-0.00015844142762944102,0.001376946223899722,1.4676649570465088,0.75,1.773592034667725,0.0,0.25,2.0,3.75,3.6825049453311496
r6_s143000_l1,6,143000,1,A,0.664078649987,noise,0.7515565046557674,0.7708712418874106,-0.30432581901550293,-0.25,-2.25,-1.25,0.5,1.5,-0.30432581901550293,0.0,1134.5506591796875,871.911865234375,-0.00024213975120801479,0.0011222418397665024,1.4676649570465088,0.75,1.773592034667725,0.0,0.25,2.0,3.75,3.6825049453311496
r6_s143000_l2,6,143000,2,A,0.664078649987,block,0.6894046068191528,0.7000369230906167,-0.2410481721162796,-0.25,-2.25,-1.0,0.75,1.75,-0.2410481721162796,0.0,1088.9266357421875,784.9890747070312,-0.00017233035760000348,0.0012068082578480244,1.4676649570465088,0.75,1.773592034667725,0.0,0.25,2.0,3.75,3.6825049453311496
r6_s143000_l2,6,143000,2,A,0.664078649987,noise,0.6883934118129589,0.7020932833353677,-0.34126338362693787,-0.25,-2.25,-1.25,0.5,1.5,-0.34126338362693787,0.0,992.9816284179688,727.2952880859375,-0.000347565597621724,0.0012932367390021682,1.4676649570465088,0.75,1.773592034667725,0.0,0.25,2.0,3.75,3.6825049453311496
r6_s143000_l3,6,143000,3,A,0.726977669381,block,0.824983086850908,0.8161831167009139,-0.2653537392616272,-0.25,-2.25,-1.25,0.75,1.75,-0.2653537392616272,0.0,1287.649658203125,962.0643310546875,-0.0001805242063710466,0.0010740325087681413,1.4676649570465088,0.75,1.773592034667725,0.0,0.25,2.0,3.75,3.6825049453311496
r6_s143000_l3,6,143000,3,A,0.726977669381,noise,0.807746152083079,0.8302465633109768,-0.38984736800193787,-0.25,-2.5,-1.25,0.5,1.5,-0.38984736800193787,0.0,904.9114379882812,612.90087890625,-0.00040268126758746803,0.001585871446877718,1.4676649570465088,0.75,1.773592034667725,0.0,0.25,2.0,3.75,3.6825049453311496
r6_s143000_l4,6,143000,4,A,0.75,block,1.9717504978179932,1.9374423821767173,-0.4673393964767456,-0.25,-4.0,-2.0,1.25,2.75,-0.4673393964767456,0.0,1289.4661865234375,903.0823974609375,-0.000318522856105119,0.0017412842717021704,1.4676649570465088,0.75,1.773592034667725,0.0,0.25,2.0,3.75,3.6825049453311496
r6_s143000_l4,6,143000,4,A,0.75,noise,1.9122466731954504,2.0052518932907666,-0.4131401777267456,-0.25,-4.0,-1.75,1.25,3.0,-0.4131401777267456,0.0,1738.69189453125,1074.8941650390625,-0.00023215384862851351,0.0015681034419685602,1.4676649570465088,0.75,1.773592034667725,0.0,0.25,2.0,3.75,3.6825049453311496
r6_s143000_l5,6,143000,5,A,0.416817701285,block,0.7010863555802239,0.723022434446547,-0.3305935263633728,-0.25,-2.25,-1.0,0.75,1.5,-0.3305935263633728,0.0,904.0645751953125,398.2740478515625,-0.0003622532822191715,0.0020719352178275585,1.4676649570465088,0.75,1.773592034667725,0.0,0.25,2.0,3.75,3.6825049453311496
r6_s143000_l5,6,143000,5,A,0.416817701285,noise,0.6961794561809964,0.7276174757215714,-0.14464880526065826,0.0,-2.0,-1.0,0.75,1.75,-0.14464880526065826,0.0,1107.2662353515625,645.0653076171875,-8.76552949193865e-05,0.0014221279416233301,1.4676649570465088,0.75,1.773592034667725,0.0,0.25,2.0,3.75,3.6825049453311496
r6_s143000_l6,6,143000,6,B,0.273982019981,block,0.32916684945424396,0.36049575275845,0.0374891497194767,0.0,-1.5,-0.75,0.75,1.5,0.0374891497194767,0.0,546.5172729492188,338.3918151855469,0.00011054871720261872,0.0019254426006227732,1.4676649570465088,0.75,1.773592034667725,0.0,0.25,2.0,3.75,3.6825049453311496
r6_s143000_l6,6,143000,6,B,0.273982019981,noise,0.3496002797727232,0.33790452392012993,-0.08849645406007767,0.0,-1.5,-0.75,0.5,1.25,-0.08849645406007767,0.0,706.340087890625,349.962890625,-9.626802784623578e-05,0.0015696050832048059,1.4676649570465088,0.75,1.773592034667725,0.0,0.25,2.0,3.75,3.6825049453311496
r6_s143000_l7,6,143000,7,B,0.482002668122,block,0.7113470170232985,0.8014676570892338,-0.2582465410232544,0.0,-2.5,-1.25,0.75,2.0,-0.2582465410232544,0.0,690.8564453125,459.31036376953125,-0.00029234454268589616,0.0021392914932221174,1.4676649570465088,0.75,1.773592034667725,0.0,0.25,2.0,3.75,3.6825049453311496
r6_s143000_l7,6,143000,7,B,0.482002668122,noise,0.7569011427738048,0.7659868575908519,-0.1196017786860466,0.0,-2.25,-1.0,0.75,2.0,-0.1196017786860466,0.0,1185.7171630859375,690.8694458007812,-8.36609469843097e-05,0.0014169781934469938,1.4676649570465088,0.75,1.773592034667725,0.0,0.25,2.0,3.75,3.6825049453311496
r6_s143000_l8,6,143000,8,A,0.38447851062,block,0.4219082163439857,0.46866557333204506,-0.1223958358168602,0.0,-1.75,-0.75,0.5,1.5,-0.1223958358168602,0.0,750.9489135742188,443.9569091796875,-0.0001497037592343986,0.0015520419692620635,1.4676649570465088,0.75,1.773592034667725,0.0,0.25,2.0,3.75,3.6825049453311496
r6_s143000_l8,6,143000,8,A,0.38447851062,noise,0.43442914883295697,0.45055275493197966,-0.0450303815305233,0.0,-1.5,-0.75,0.75,1.5,-0.0450303815305233,0.0,919.6739501953125,510.693603515625,-3.965082942158915e-05,0.0013687695609405637,1.4676649570465088,0.75,1.773592034667725,0.0,0.25,2.0,3.75,3.6825049453311496
r6_s143000_l9,6,143000,9,A,0.437510816892,block,0.42085370421409607,0.44930707083808086,-0.1398112028837204,0.0,-1.5,-0.75,0.5,1.25,-0.1398112028837204,0.0,694.3571166992188,401.6049499511719,-0.0002102926664520055,0.0015104868216440082,1.4676649570465088,0.75,1.773592034667725,0.0,0.25,2.0,3.75,3.6825049453311496
r6_s143000_l9,6,143000,9,A,0.437510816892,noise,0.43843651921660814,0.4370199839274087,-0.0311143659055233,0.0,-1.5,-0.75,0.75,1.5,-0.0311143659055233,0.0,1037.773193359375,635.4346923828125,-3.0884737498126924e-05,0.0011450975434854627,1.4676649570465088,0.75,1.773592034667725,0.0,0.25,2.0,3.75,3.6825049453311496
r6_s143000_l10,6,143000,10,B,0.781152949375,block,1.0211710002687242,1.1513046953413224,-0.5123426914215088,-0.25,-2.75,-1.5,0.5,1.5,-0.5123426914215088,0.0,1563.2955322265625,1117.679443359375,-0.000318975216941908,0.0009537912555970252,1.4676649570465088,0.75,1.773592034667725,0.0,0.25,2.0,3.75,3.6825049453311496
r6_s143000_l10,6,143000,10,B,0.781152949375,noise,1.0805972218513489,1.0787041717105441,-0.011574073694646358,0.0,-2.5,-1.25,1.25,2.5,-0.011574073694646358,0.0,3495.7314453125,2986.80029296875,-1.470625284127891e-05,0.0004191344778519124,1.4676649570465088,0.75,1.773592034667725,0.0,0.25,2.0,3.75,3.6825049453311496
r8_s14000_l1,8,14000,1,A,0.519550141886,block,0.4072243273258209,0.3917307323879671,-0.08820358663797379,-0.0625,-1.5125000476837158,-0.6953125,0.5859375,1.2890625,-0.08820358663797379,0.0,214.94346618652344,199.75430297851562,-0.0002311319694854319,0.002968952525407076,1.420703411102295,0.84375,1.6398165568046907,0.125,0.328125,1.7890625,3.6796875,3.8602281676398382
r8_s14000_l1,8,14000,1,A,0.519550141886,noise,0.39242012633217704,0.40379454471446863,-0.22139930725097656,-0.1640625,-1.71875,-0.8515625,0.46875,1.1484375,-0.22139930725097656,0.0,208.22996520996094,201.39346313476562,-0.0006688457215204835,0.003071865765377879,1.420703411102295,0.84375,1.6398165568046907,0.125,0.328125,1.7890625,3.6796875,3.8602281676398382
r8_s14000_l2,8,14000,2,A,0.571806043153,block,0.5077182418770261,0.5116835700141058,-0.18830513954162598,-0.1171875,-1.828125,-0.921875,0.59375,1.4140625,-0.18830513954162598,0.0,228.96348571777344,217.82675170898438,-0.00048245402285829186,0.003207374829798937,1.420703411102295,0.84375,1.6398165568046907,0.125,0.328125,1.7890625,3.6796875,3.8602281676398382
r8_s14000_l2,8,14000,2,A,0.571806043153,noise,0.4946838076467867,0.5237517180266202,-0.2825125455856323,-0.1953125,-1.9375,-0.9921875,0.4921875,1.234375,-0.2825125455856323,0.0,231.47401428222656,224.16510009765625,-0.0007730709039606154,0.0030889371410012245,1.420703411102295,0.84375,1.6398165568046907,0.125,0.328125,1.7890625,3.6796875,3.8602281676398382
r8_s14000_l3,8,14000,3,B,0.579343541264,block,0.5229583117696974,0.4941637251112194,-0.14628706872463226,-0.078125,-1.8203125,-0.8984375,0.65625,1.4609375,-0.14628706872463226,0.0,236.8123321533203,229.38258361816406,-0.0003660170768853277,0.0030799610540270805,1.420703411102295,0.84375,1.6398165568046907,0.125,0.328125,1.7890625,3.6796875,3.8602281676398382
r8_s14000_l3,8,14000,3,B,0.579343541264,noise,0.4743506400673478,0.5357597757268833,-0.29158806800842285,-0.1796875,-2.0078125,-0.96875,0.5,1.2578125,-0.29158806800842285,0.0,224.27389526367188,215.0608367919922,-0.0007847650558687747,0.0032156920060515404,1.420703411102295,0.84375,1.6398165568046907,0.125,0.328125,1.7890625,3.6796875,3.8602281676398382
r8_s14000_l4,8,14000,4,A,0.725651411301,block,1.222296569082472,1.2176927460564508,-0.47837722301483154,-0.296875,-3.0152344703674316,-1.4609375,0.7265625,1.775781273841858,-0.47837722301483154,0.0,327.4224853515625,315.9082336425781,-0.0008858839864842594,0.003207695670425892,1.420703411102295,0.84375,1.6398165568046907,0.125,0.328125,1.7890625,3.6796875,3.8602281676398382
r8_s14000_l4,8,14000,4,A,0.725651411301,noise,1.1892908657038654,1.2495548813431352,-0.3784700036048889,-0.234375,-2.9921875,-1.4921875,0.84375,2.0303711891174316,-0.3784700036048889,0.0,371.72613525390625,358.1455993652344,-0.0006423388258554041,0.00300957472063601,1.420703411102295,0.84375,1.6398165568046907,0.125,0.328125,1.7890625,3.6796875,3.8602281676398382
r8_s14000_l5,8,14000,5,B,0.325644800604,block,0.2210980537864897,0.2745188872019453,-0.1490851491689682,-0.109375,-1.34375,-0.6484375,0.3876953125,0.9554687738418579,-0.1490851491689682,0.0,157.49508666992188,146.9325714111328,-0.0005526397144421935,0.003207595320418477,1.420703411102295,0.84375,1.6398165568046907,0.125,0.328125,1.7890625,3.6796875,3.8602281676398382
r8_s14000_l5,8,14000,5,B,0.325644800604,noise,0.23745504683918423,0.251486451537521,-0.0669194906949997,-0.03125,-1.1484375,-0.5234375,0.4375,0.984375,-0.0669194906949997,0.0,188.10401916503906,171.54144287109375,-0.0001856586750363931,0.0025741695426404476,1.420703411102295,0.84375,1.6398165568046907,0.125,0.328125,1.7890625,3.6796875,3.8602281676398382
r8_s14000_l6,8,14000,6,A,0.305544805642,block,0.186862803167767,0.21310692363315198,-0.16493436694145203,-0.09375,-1.328125,-0.6328125,0.375,0.890625,-0.16493436694145203,0.0,151.77667236328125,146.77464294433594,-0.0006319875246845186,0.00317415245808661,1.420703411102295,0.84375,1.6398165568046907,0.125,0.328125,1.7890625,3.6796875,3.8602281676398382
r8_s14000_l6,8,14000,6,A,0.305544805642,noise,0.19489291696636765,0.20365989649737326,-0.052099138498306274,-0.0234375,-1.0234375,-0.4765625,0.4140625,0.8984375,-0.052099138498306274,0.0,174.54051208496094,158.89163208007812,-0.0001300417206948623,0.002527430187910795,1.420703411102295,0.84375,1.6398165568046907,0.125,0.328125,1.7890625,3.6796875,3.8602281676398382
r8_s14000_l7,8,14000,7,C,0.37945351188,block,0.23135618534353045,0.30318964852227115,-0.108062744140625,-0.046875,-1.4609375,-0.671875,0.5048828125,1.2109375,-0.108062744140625,0.0,174.30691528320312,167.81723022460938,-0.00033991923555731773,0.0032591724302619696,1.420703411102295,0.84375,1.6398165568046907,0.125,0.328125,1.7890625,3.6796875,3.8602281676398382
r8_s14000_l7,8,14000,7,C,0.37945351188,noise,0.2573973862109361,0.25978991720411493,-0.0711146667599678,-0.03125,-1.25,-0.5625,0.484375,1.0703125,-0.0711146667599678,0.0,200.50875854492188,183.56919860839844,-0.00017595529789105058,0.002583536319434643,1.420703411102295,0.84375,1.6398165568046907,0.125,0.328125,1.7890625,3.6796875,3.8602281676398382
r8_s14000_l8,8,14000,8,C,0.502329215011,block,0.3236706985367669,0.446429385079278,-0.06405385583639145,-0.0390625,-1.549218773841858,-0.703125,0.5703125,1.3984375,-0.06405385583639145,0.0,205.23081970214844,200.36659240722656,-0.00022846258070785552,0.0033174746204167604,1.420703411102295,0.84375,1.6398165568046907,0.125,0.328125,1.7890625,3.6796875,3.8602281676398382
r8_s14000_l8,8,14000,8,C,0.502329215011,noise,0.36819448404841953,0.3642150472711636,-0.05357299745082855,-0.015625,-1.46875,-0.671875,0.625,1.3046875,-0.05357299745082855,0.0,245.02557373046875,231.18487548828125,-9.680171933723614e-05,0.0025420100428164005,1.420703411102295,0.84375,1.6398165568046907,0.125,0.328125,1.7890625,3.6796875,3.8602281676398382
r8_s14000_l9,8,14000,9,A,0.357207586265,block,0.2055832776758406,0.18868380122714612,-0.0008443196420557797,-0.0078125,-1.1484375,-0.5166015625,0.5390625,1.140625,-0.0008443196420557797,0.0,177.70089721679688,170.96543884277344,1.1242915206821635e-05,0.0028923070058226585,1.420703411102295,0.84375,1.6398165568046907,0.125,0.328125,1.7890625,3.6796875,3.8602281676398382
r8_s14000_l9,8,14000,9,A,0.357207586265,noise,0.1974307828479343,0.1956568823920355,-0.03140830993652344,-0.013671875,-1.046875,-0.4921875,0.4609375,0.9765625,-0.03140830993652344,0.0,183.63241577148438,173.19345092773438,-8.310326666105539e-05,0.0024587626103311777,1.420703411102295,0.84375,1.6398165568046907,0.125,0.328125,1.7890625,3.6796875,3.8602281676398382
r8_s14000_l10,8,14000,10,B,0.454731743766,block,0.2883223162757026,0.3154510392083063,-0.053190868347883224,-0.0546875,-1.5,-0.705078125,0.6171875,1.3406250476837158,-0.053190868347883224,0.0,203.42239379882812,198.43783569335938,-0.00011283516505500302,0.0031791250221431255,1.420703411102295,0.84375,1.6398165568046907,0.125,0.328125,1.7890625,3.6796875,3.8602281676398382
r8_s14000_l10,8,14000,10,B,0.454731743766,noise,0.3023692744749564,0.29851383633083817,-0.06956174224615097,-0.05078125,-1.396093726158142,-0.6875,0.578125,1.203125,-0.06956174224615097,0.0,228.93624877929688,223.01959228515625,-0.00018702454690355808,0.0025138005148619413,1.420703411102295,0.84375,1.6398165568046907,0.125,0.328125,1.7890625,3.6796875,3.8602281676398382
r8_s72000_l1,8,72000,1,A,0.634845079338,block,0.7410522964265611,0.7441590627034502,-0.1956312358379364,-0.125,-2.109375,-0.984375,0.70703125,1.640625,-0.1956312358379364,0.0,405.62481689453125,354.04730224609375,-0.0003116382285952568,0.0022093909792602062,1.4031168222427368,0.84375,1.6248394278518863,0.125,0.34375,1.78125,3.515625,3.7941317558288574
r8_s72000_l1,8,72000,1,A,0.634845079338,noise,0.7414200990288345,0.7436745431688099,-0.31204450130462646,-0.234375,-2.21875,-1.125,0.59375,1.453125,-0.31204450130462646,0.0,456.78948974609375,406.4102783203125,-0.0004913559532724321,0.001977303996682167,1.4031168222427368,0.84375,1.6248394278518863,0.125,0.34375,1.78125,3.515625,3.7941317558288574
r8_s72000_l2,8,72000,2,A,0.625388202502,block,0.6622003846698337,0.6189210679796009,-0.2061648964881897,-0.15625,-1.96875,-0.98828125,0.640625,1.53125,-0.2061648964881897,0.0,435.598876953125,379.27056884765625,-0.0002944379230029881,0.0019888384267687798,1.4031168222427368,0.84375,1.6248394278518863,0.125,0.34375,1.78125,3.515625,3.7941317558288574
r8_s72000_l2,8,72000,2,A,0.625388202502,noise,0.6389913294050429,0.6442898997554076,-0.29544350504875183,-0.1875,-2.109375,-1.046875,0.578125,1.390625,-0.29544350504875183,0.0,405.411865234375,363.2543640136719,-0.0004942098166793585,0.0020916264038532972,1.4031168222427368,0.84375,1.6248394278518863,0.125,0.34375,1.78125,3.515625,3.7941317558288574
r8_s72000_l3,8,72000,3,B,0.654028652506,block,0.6975903709729513,0.6404398547278509,-0.2372843474149704,-0.15625,-2.125,-1.046875,0.640625,1.53125,-0.2372843474149704,0.0,472.7452392578125,412.405029296875,-0.0003168661205563694,0.001894027809612453,1.4031168222427368,0.84375,1.6248394278518863,0.125,0.34375,1.78125,3.515625,3.7941317558288574
r8_s72000_l3,8,72000,3,B,0.654028652506,noise,0.6396534310446845,0.6829981450681331,-0.35377389192581177,-0.21875,-2.21875,-1.09375,0.546875,1.390625,-0.35377389192581177,0.0,357.9783630371094,324.21099853515625,-0.0006179881165735424,0.0023890663869678974,1.4031168222427368,0.84375,1.6248394278518863,0.125,0.34375,1.78125,3.515625,3.7941317558288574
r8_s72000_l4,8,72000,4,A,0.64219929309,block,1.43933990266588,1.428515275319417,-0.5610792636871338,-0.390625,-3.192187547683716,-1.59375,0.65625,1.78125,-0.5610792636871338,0.0,548.5420532226562,472.2974548339844,-0.0006870672223158181,0.0021984088234603405,1.4031168222427368,0.84375,1.6248394278518863,0.125,0.34375,1.78125,3.515625,3.7941317558288574
r8_s72000_l4,8,72000,4,A,0.64219929309,noise,1.4134721093707614,1.4516143798828125,-0.36500924825668335,-0.21875,-3.203125,-1.484375,0.953125,2.296875,-0.36500924825668335,0.0,511.364501953125,449.78436279296875,-0.00046725868014618754,0.0025051638949662447,1.4031168222427368,0.84375,1.6248394278518863,0.125,0.34375,1.78125,3.515625,3.7941317558288574
r8_s72000_l5,8,72000,5,A,0.300293254974,block,0.297220915555954,0.3193169699774847,-0.1284077912569046,-0.0625,-1.40625,-0.703125,0.53125,1.15625,-0.1284077912569046,0.0,233.6533203125,203.86073303222656,-0.0003247717977501452,0.002661840757355094,1.4031168222427368,0.84375,1.6248394278518863,0.125,0.34375,1.78125,3.515625,3.7941317558288574
r8_s72000_l5,8,72000,5,A,0.300293254974,noise,0.3073417025583762,0.30684732507776324,-0.1029355600476265,-0.0625,-1.2921874523162842,-0.578125,0.453125,1.046875,-0.1029355600476265,0.0,246.75946044921875,208.14144897460938,-0.00023788356338627636,0.0022426890209317207,1.4031168222427368,0.84375,1.6248394278518863,0.125,0.34375,1.78125,3.515625,3.7941317558288574
r8_s72000_l6,8,72000,6,B,0.318473871211,block,0.32367729478412205,0.35616988605923083,-0.1887393593788147,-0.109375,-1.640625,-0.75,0.515625,1.1765625476837158,-0.1887393593788147,0.0,238.668701171875,216.0390625,-0.000415356014855206,0.0027444392908364534,1.4031168222427368,0.84375,1.6248394278518863,0.125,0.34375,1.78125,3.515625,3.7941317558288574
r8_s72000_l6,8,72000,6,B,0.318473871211,noise,0.33999580586398087,0.3361460721051248,-0.0963854268193245,-0.03125,-1.375,-0.59375,0.515625,1.125,-0.0963854268193245,0.0,263.2527770996094,223.55262756347656,-0.00016163343389052898,0.002270334167405963,1.4031168222427368,0.84375,1.6248394278518863,0.125,0.34375,1.78125,3.515625,3.7941317558288574
r8_s72000_l7,8,72000,7,A,0.358167275628,block,0.34216975834634566,0.336079332563612,-0.1260935515165329,-0.078125,-1.6296875476837158,-0.765625,0.578125,1.3171875476837158,-0.1260935515165329,0.0,260.6312561035156,237.7765350341797,-0.0002908082096837461,0.0025827945210039616,1.4031168222427368,0.84375,1.6248394278518863,0.125,0.34375,1.78125,3.515625,3.7941317558288574
r8_s72000_l7,8,72000,7,A,0.358167275628,noise,0.3485967991528688,0.3310862205646652,-0.07510301470756531,-0.015625,-1.359375,-0.609375,0.53125,1.1875,-0.07510301470756531,0.0,275.369384765625,233.10617065429688,-0.00010974604083457962,0.002195243025198579,1.4031168222427368,0.84375,1.6248394278518863,0.125,0.34375,1.78125,3.515625,3.7941317558288574
r8_s72000_l8,8,72000,8,C,0.531746070019,block,0.5807838241259257,0.7138565911187067,-0.2299702912569046,-0.1875,-2.25,-1.09375,0.671875,1.71875,-0.2299702912569046,0.0,352.1495361328125,327.8265686035156,-0.00045080462587065995,0.0026182131841778755,1.4031168222427368,0.84375,1.6248394278518863,0.125,0.34375,1.78125,3.515625,3.7941317558288574
r8_s72000_l8,8,72000,8,C,0.531746070019,noise,0.6375993997962387,0.6275168348241733,-0.10695105791091919,-0.046875,-1.9375,-0.890625,0.796875,1.703125,-0.10695105791091919,0.0,407.7658386230469,364.65850830078125,-0.00013905523519497365,0.0021110379602760077,1.4031168222427368,0.84375,1.6248394278518863,0.125,0.34375,1.78125,3.515625,3.7941317558288574
r8_s72000_l9,8,72000,9,A,0.35661446562,block,0.30478105942408246,0.2994553777906628,-0.1026560440659523,-0.078125,-1.40625,-0.671875,0.5,1.171875,-0.1026560440659523,0.0,261.95159912109375,242.00396728515625,-0.00026633311063051224,0.0022164483088999987,1.4031168222427368,0.84375,1.6248394278518863,0.125,0.34375,1.78125,3.515625,3.7941317558288574
r8_s72000_l9,8,72000,9,A,0.35661446562,noise,0.3100493119822608,0.2949170448161942,-0.08836210519075394,-0.03125,-1.3125,-0.609375,0.5,1.109375,-0.08836210519075394,0.0,282.17144775390625,253.88473510742188,-0.00017613697855267674,0.0019920053891837597,1.4031168222427368,0.84375,1.6248394278518863,0.125,0.34375,1.78125,3.515625,3.7941317558288574
r8_s72000_l10,8,72000,10,B,0.494565164974,block,0.4546317756175995,0.4891280598110619,-0.1487223356962204,-0.109375,-1.578125,-0.734375,0.484375,1.171875,-0.1487223356962204,0.0,318.5437316894531,283.12591552734375,-0.0002994135138578713,0.0020336383022367954,1.4031168222427368,0.84375,1.6248394278518863,0.125,0.34375,1.78125,3.515625,3.7941317558288574
r8_s72000_l10,8,72000,10,B,0.494565164974,noise,0.4801525517746254,0.45938414997524646,-0.07790450006723404,-0.03125,-1.734375,-0.8125,0.71875,1.515625,-0.07790450006723404,0.0,425.58807373046875,400.827880859375,-0.00011866557906614617,0.0017584175802767277,1.4031168222427368,0.84375,1.6248394278518863,0.125,0.34375,1.78125,3.515625,3.7941317558288574
r8_s143000_l1,8,143000,1,A,0.62324227185,block,0.6980229881074693,0.6730988290574818,-0.1307779997587204,-0.0625,-2.125,-1.0,0.75,1.75,-0.1307779997587204,0.0,757.763671875,510.9018859863281,-7.019509939709678e-05,0.0016127340495586395,1.3917236328125,0.875,1.5910480878185147,0.125,0.375,1.875,3.375,3.735322740342882
r8_s143000_l1,8,143000,1,A,0.62324227185,noise,0.694583899445004,0.6758358743455677,-0.28250911831855774,-0.25,-2.1875,-1.125,0.625,1.5,-0.28250911831855774,0.0,878.4872436523438,683.5831909179688,-0.0002680261095520109,0.0013029805850237608,1.3917236328125,0.875,1.5910480878185147,0.125,0.375,1.875,3.375,3.735322740342882
r8_s143000_l2,8,143000,2,A,0.688243954328,block,0.7849934034877353,0.7439439031812878,-0.1920844167470932,-0.125,-2.125,-1.125,0.75,1.8125,-0.1920844167470932,0.0,911.5735473632812,676.8701171875,-0.0001614414795767516,0.0013839805033057928,1.3917236328125,0.875,1.5910480878185147,0.125,0.375,1.875,3.375,3.735322740342882
r8_s143000_l2,8,143000,2,A,0.688243954328,noise,0.771021341836011,0.7526284677010997,-0.325439453125,-0.25,-2.4375,-1.125,0.625,1.625,-0.325439453125,0.0,848.45458984375,649.078369140625,-0.00033992688986472785,0.001431928714737296,1.3917236328125,0.875,1.5910480878185147,0.125,0.375,1.875,3.375,3.735322740342882
r8_s143000_l3,8,143000,3,B,0.74109297624,block,0.9562838276227316,0.9007845454745818,-0.2563205361366272,-0.125,-2.5,-1.25,0.75,1.8125,-0.2563205361366272,0.0,972.5364379882812,702.2439575195312,-0.00020496037905104458,0.0014333243016153574,1.3917236328125,0.875,1.5910480878185147,0.125,0.375,1.875,3.375,3.735322740342882
r8_s143000_l3,8,143000,3,B,0.74109297624,noise,0.9068009500150327,0.9368190588774503,-0.38399478793144226,-0.25,-2.6875,-1.3125,0.75,1.75,-0.38399478793144226,0.0,708.8455810546875,503.6519775390625,-0.00044178011012263596,0.0018979937303811312,1.3917236328125,0.875,1.5910480878185147,0.125,0.375,1.875,3.375,3.735322740342882
r8_s143000_l4,8,143000,4,A,0.649003653765,block,1.8047940333684285,1.7643140686882868,-0.5765516757965088,-0.375,-3.6875,-1.875,0.9375,2.375,-0.5765516757965088,0.0,849.7589721679688,561.6387939453125,-0.0005395171465352178,0.002206656616181135,1.3917236328125,0.875,1.5910480878185147,0.125,0.375,1.875,3.375,3.735322740342882
r8_s143000_l4,8,143000,4,A,0.649003653765,noise,1.7582800167578239,1.8166594152097346,-0.35400503873825073,-0.1875,-3.75,-1.75,1.25,2.875,-0.35400503873825073,0.0,1032.0198974609375,723.5439453125,-0.0002893664059229195,0.0019670347683131695,1.3917236328125,0.875,1.5910480878185147,0.125,0.375,1.875,3.375,3.735322740342882
r8_s143000_l5,8,143000,5,A,0.322765732516,block,0.44762351446681553,0.4831451045142279,-0.1191948801279068,0.0,-1.75,-0.75,0.625,1.5,-0.1191948801279068,0.0,514.4188232421875,312.9498291015625,-0.00014453678159043193,0.002100289799273014,1.3917236328125,0.875,1.5910480878185147,0.125,0.375,1.875,3.375,3.735322740342882
r8_s143000_l5,8,143000,5,A,0.322765732516,noise,0.45430729124281144,0.4752068961108167,-0.11063865572214127,0.0,-1.625,-0.75,0.625,1.3125,-0.11063865572214127,0.0,530.4475708007812,330.3464050292969,-0.00015576891019009054,0.0017942492850124836,1.3917236328125,0.875,1.5910480878185147,0.125,0.375,1.875,3.375,3.735322740342882
r8_s143000_l6,8,143000,6,A,0.326237921249,block,0.4478689365916782,0.48736725913153744,-0.2209133505821228,-0.125,-2.0,-0.875,0.625,1.375,-0.2209133505821228,0.0,488.3860778808594,329.92669677734375,-0.00035498535726219416,0.0021360304672271013,1.3917236328125,0.875,1.5910480878185147,0.125,0.375,1.875,3.375,3.735322740342882
r8_s143000_l6,8,143000,6,A,0.326237921249,noise,0.46548775611100374,0.47093355214154276,-0.10704436153173447,0.0,-1.625,-0.75,0.625,1.375,-0.10704436153173447,0.0,528.9998168945312,333.652587890625,-0.00010975565965054557,0.001852657413110137,1.3917236328125,0.875,1.5910480878185147,0.125,0.375,1.875,3.375,3.735322740342882
r8_s143000_l7,8,143000,7,A,0.353508845605,block,0.4576181305779351,0.471598068873087,-0.0576646588742733,0.0,-1.75,-0.875,0.75,1.6875,-0.0576646588742733,0.0,583.2969360351562,390.65380859375,-7.569023000542074e-05,0.0018965309718623757,1.3917236328125,0.875,1.5910480878185147,0.125,0.375,1.875,3.375,3.735322740342882
r8_s143000_l7,8,143000,7,A,0.353508845605,noise,0.46657791844120733,0.4647345807817249,-0.1258375346660614,-0.0625,-1.625,-0.75,0.625,1.375,-0.1258375346660614,0.0,538.520263671875,346.7546691894531,-0.00012871986837126315,0.0018179347971454263,1.3917236328125,0.875,1.5910480878185147,0.125,0.375,1.875,3.375,3.735322740342882
r8_s143000_l8,8,143000,8,B,0.598483846864,block,0.7230100499259101,0.8426271544562445,-0.2181260883808136,-0.1875,-2.5,-1.125,0.75,1.9375,-0.2181260883808136,0.0,523.24072265625,386.23724365234375,-0.00033964432077482343,0.0022931259591132402,1.3917236328125,0.875,1.5910480878185147,0.125,0.375,1.875,3.375,3.735322740342882
r8_s143000_l8,8,143000,8,B,0.598483846864,noise,0.7768423513129905,0.7763103025930898,-0.10915911942720413,-0.0625,-2.25,-1.0,0.875,1.9375,-0.10915911942720413,0.0,778.6918334960938,565.0111083984375,-9.670722647570074e-05,0.0016433772398158908,1.3917236328125,0.875,1.5910480878185147,0.125,0.375,1.875,3.375,3.735322740342882
r8_s143000_l9,8,143000,9,A,0.42124957938,block,0.4151734941535526,0.4186571968926325,-0.1331651508808136,-0.0625,-1.625,-0.75,0.5625,1.3125,-0.1331651508808136,0.0,479.29925537109375,317.6440734863281,-0.00020474607299547642,0.0018397888634353876,1.3917236328125,0.875,1.5910480878185147,0.125,0.375,1.875,3.375,3.735322740342882
r8_s143000_l9,8,143000,9,A,0.42124957938,noise,0.42118297462110166,0.41437167591518786,-0.0686272531747818,0.0,-1.5,-0.75,0.625,1.375,-0.0686272531747818,0.0,614.900634765625,450.0977783203125,-8.326624083565548e-05,0.00141719204839319,1.3917236328125,0.875,1.5910480878185147,0.125,0.375,1.875,3.375,3.735322740342882
r8_s143000_l10,8,143000,10,A,0.674721768113,block,0.9103376732932197,0.931228955586751,-0.3653700053691864,-0.375,-2.125,-1.25,0.5,1.375,-0.3653700053691864,0.0,1238.562255859375,995.6908569335938,-0.00025168355205096304,0.0008046464645303786,1.3917236328125,0.875,1.5910480878185147,0.125,0.375,1.875,3.375,3.735322740342882
r8_s143000_l10,8,143000,10,A,0.674721768113,noise,0.9206218498724478,0.9190808402167425,-0.05516334995627403,0.0,-2.375,-1.125,1.0625,2.25,-0.05516334995627403,0.0,1609.7025146484375,1430.2816162109375,-4.6710883907508105e-05,0.0008072804776020348,1.3917236328125,0.875,1.5910480878185147,0.125,0.375,1.875,3.375,3.735322740342882
