run_id,stage,step,progress,layer,alpha,bin_index,bin_low,bin_high,bin_count,bin_agree_count,bin_agreement,bin_damage
1,pilot,14000,0.0979020979020979,1,0.25,0,0.0,0.05,110,79.0,0.7181818181818181,0.28181818181818186
1,pilot,14000,0.0979020979020979,1,0.25,1,0.05,0.1,397,331.0,0.8337531486146096,0.16624685138539042
1,pilot,14000,0.0979020979020979,1,0.25,2,0.1,0.2,882,787.0,0.8922902494331065,0.10770975056689347
1,pilot,14000,0.0979020979020979,1,0.25,3,0.2,0.4,1372,1300.0,0.9475218658892128,0.05247813411078717
1,pilot,14000,0.0979020979020979,1,0.25,4,0.4,1.01,1847,1839.0,0.9956686518678939,0.0043313481321061165
1,pilot,14000,0.0979020979020979,1,0.5,0,0.0,0.05,110,61.0,0.5545454545454546,0.44545454545454544
1,pilot,14000,0.0979020979020979,1,0.5,1,0.05,0.1,397,268.0,0.6750629722921915,0.3249370277078085
1,pilot,14000,0.0979020979020979,1,0.5,2,0.1,0.2,882,663.0,0.7517006802721088,0.2482993197278912
1,pilot,14000,0.0979020979020979,1,0.5,3,0.2,0.4,1372,1208.0,0.880466472303207,0.11953352769679304
1,pilot,14000,0.0979020979020979,1,0.5,4,0.4,1.01,1847,1820.0,0.9853817000541418,0.01461829994585817
1,pilot,14000,0.0979020979020979,1,0.75,0,0.0,0.05,110,41.0,0.37272727272727274,0.6272727272727272
1,pilot,14000,0.0979020979020979,1,0.75,1,0.05,0.1,397,203.0,0.5113350125944585,0.48866498740554154
1,pilot,14000,0.0979020979020979,1,0.75,2,0.1,0.2,882,522.0,0.5918367346938775,0.40816326530612246
1,pilot,14000,0.0979020979020979,1,0.75,3,0.2,0.4,1372,1062.0,0.7740524781341108,0.22594752186588918
1,pilot,14000,0.0979020979020979,1,0.75,4,0.4,1.01,1847,1771.0,0.9588521927449919,0.041147807255008106
1,pilot,14000,0.0979020979020979,1,1.0,0,0.0,0.05,110,26.0,0.23636363636363636,0.7636363636363637
1,pilot,14000,0.0979020979020979,1,1.0,1,0.05,0.1,397,157.0,0.3954659949622166,0.6045340050377834
1,pilot,14000,0.0979020979020979,1,1.0,2,0.1,0.2,882,434.0,0.49206349206349204,0.5079365079365079
1,pilot,14000,0.0979020979020979,1,1.0,3,0.2,0.4,1372,927.0,0.6756559766763849,0.3243440233236151
1,pilot,14000,0.0979020979020979,1,1.0,4,0.4,1.01,1847,1671.0,0.9047103410936654,0.09528965890633456
1,pilot,14000,0.0979020979020979,2,0.25,0,0.0,0.05,110,78.0,0.7090909090909091,0.2909090909090909
1,pilot,14000,0.0979020979020979,2,0.25,1,0.05,0.1,397,316.0,0.7959697732997482,0.20403022670025184
1,pilot,14000,0.0979020979020979,2,0.25,2,0.1,0.2,882,766.0,0.8684807256235828,0.1315192743764172
1,pilot,14000,0.0979020979020979,2,0.25,3,0.2,0.4,1372,1311.0,0.9555393586005831,0.044460641399416856
1,pilot,14000,0.0979020979020979,2,0.25,4,0.4,1.01,1847,1841.0,0.9967514889009204,0.003248511099079643
1,pilot,14000,0.0979020979020979,2,0.5,0,0.0,0.05,110,57.0,0.5181818181818182,0.4818181818181818
1,pilot,14000,0.0979020979020979,2,0.5,1,0.05,0.1,397,265.0,0.6675062972292192,0.33249370277078083
1,pilot,14000,0.0979020979020979,2,0.5,2,0.1,0.2,882,673.0,0.7630385487528345,0.2369614512471655
1,pilot,14000,0.0979020979020979,2,0.5,3,0.2,0.4,1372,1206.0,0.8790087463556852,0.12099125364431484
1,pilot,14000,0.0979020979020979,2,0.5,4,0.4,1.01,1847,1825.0,0.9880887926367081,0.011911207363291876
1,pilot,14000,0.0979020979020979,2,0.75,0,0.0,0.05,110,43.0,0.39090909090909093,0.6090909090909091
1,pilot,14000,0.0979020979020979,2,0.75,1,0.05,0.1,397,202.0,0.5088161209068011,0.49118387909319894
1,pilot,14000,0.0979020979020979,2,0.75,2,0.1,0.2,882,555.0,0.6292517006802721,0.37074829931972786
1,pilot,14000,0.0979020979020979,2,0.75,3,0.2,0.4,1372,1071.0,0.7806122448979592,0.21938775510204078
1,pilot,14000,0.0979020979020979,2,0.75,4,0.4,1.01,1847,1773.0,0.9599350297780184,0.04006497022198163
1,pilot,14000,0.0979020979020979,2,1.0,0,0.0,0.05,110,28.0,0.2545454545454545,0.7454545454545455
1,pilot,14000,0.0979020979020979,2,1.0,1,0.05,0.1,397,138.0,0.34760705289672544,0.6523929471032746
1,pilot,14000,0.0979020979020979,2,1.0,2,0.1,0.2,882,438.0,0.4965986394557823,0.5034013605442177
1,pilot,14000,0.0979020979020979,2,1.0,3,0.2,0.4,1372,885.0,0.6450437317784257,0.35495626822157433
1,pilot,14000,0.0979020979020979,2,1.0,4,0.4,1.01,1847,1644.0,0.8900920411478073,0.10990795885219273
1,pilot,14000,0.0979020979020979,3,0.25,0,0.0,0.05,110,82.0,0.7454545454545455,0.2545454545454545
1,pilot,14000,0.0979020979020979,3,0.25,1,0.05,0.1,397,311.0,0.783375314861461,0.21662468513853905
1,pilot,14000,0.0979020979020979,3,0.25,2,0.1,0.2,882,754.0,0.854875283446712,0.14512471655328796
1,pilot,14000,0.0979020979020979,3,0.25,3,0.2,0.4,1372,1280.0,0.9329446064139941,0.06705539358600587
1,pilot,14000,0.0979020979020979,3,0.25,4,0.4,1.01,1847,1839.0,0.9956686518678939,0.0043313481321061165
1,pilot,14000,0.0979020979020979,3,0.5,0,0.0,0.05,110,51.0,0.4636363636363636,0.5363636363636364
1,pilot,14000,0.0979020979020979,3,0.5,1,0.05,0.1,397,222.0,0.5591939546599496,0.4408060453400504
1,pilot,14000,0.0979020979020979,3,0.5,2,0.1,0.2,882,603.0,0.6836734693877551,0.3163265306122449
1,pilot,14000,0.0979020979020979,3,0.5,3,0.2,0.4,1372,1142.0,0.8323615160349854,0.16763848396501457
1,pilot,14000,0.0979020979020979,3,0.5,4,0.4,1.01,1847,1763.0,0.9545208446128858,0.04547915538711422
1,pilot,14000,0.0979020979020979,3,0.75,0,0.0,0.05,110,35.0,0.3181818181818182,0.6818181818181819
1,pilot,14000,0.0979020979020979,3,0.75,1,0.05,0.1,397,154.0,0.3879093198992443,0.6120906801007557
1,pilot,14000,0.0979020979020979,3,0.75,2,0.1,0.2,882,443.0,0.5022675736961452,0.49773242630385484
1,pilot,14000,0.0979020979020979,3,0.75,3,0.2,0.4,1372,948.0,0.6909620991253644,0.30903790087463556
1,pilot,14000,0.0979020979020979,3,0.75,4,0.4,1.01,1847,1573.0,0.8516513264753655,0.14834867352463454
1,pilot,14000,0.0979020979020979,3,1.0,0,0.0,0.05,110,10.0,0.09090909090909091,0.9090909090909091
1,pilot,14000,0.0979020979020979,3,1.0,1,0.05,0.1,397,80.0,0.20151133501259447,0.7984886649874056
1,pilot,14000,0.0979020979020979,3,1.0,2,0.1,0.2,882,251.0,0.28458049886621317,0.7154195011337868
1,pilot,14000,0.0979020979020979,3,1.0,3,0.2,0.4,1372,591.0,0.43075801749271136,0.5692419825072886
1,pilot,14000,0.0979020979020979,3,1.0,4,0.4,1.01,1847,1071.0,0.5798592311857066,0.4201407688142934
1,pilot,14000,0.0979020979020979,4,0.25,0,0.0,0.05,110,78.0,0.7090909090909091,0.2909090909090909
1,pilot,14000,0.0979020979020979,4,0.25,1,0.05,0.1,397,319.0,0.8035264483627204,0.19647355163727964
1,pilot,14000,0.0979020979020979,4,0.25,2,0.1,0.2,882,779.0,0.8832199546485261,0.1167800453514739
1,pilot,14000,0.0979020979020979,4,0.25,3,0.2,0.4,1372,1304.0,0.9504373177842566,0.04956268221574345
1,pilot,14000,0.0979020979020979,4,0.25,4,0.4,1.01,1847,1837.0,0.9945858148348673,0.005414185165132701
1,pilot,14000,0.0979020979020979,4,0.5,0,0.0,0.05,110,62.0,0.5636363636363636,0.4363636363636364
1,pilot,14000,0.0979020979020979,4,0.5,1,0.05,0.1,397,252.0,0.6347607052896725,0.36523929471032746
1,pilot,14000,0.0979020979020979,4,0.5,2,0.1,0.2,882,670.0,0.7596371882086168,0.2403628117913832
1,pilot,14000,0.0979020979020979,4,0.5,3,0.2,0.4,1372,1220.0,0.8892128279883382,0.11078717201166177
1,pilot,14000,0.0979020979020979,4,0.5,4,0.4,1.01,1847,1804.0,0.9767190037899296,0.023280996210070404
1,pilot,14000,0.0979020979020979,4,0.75,0,0.0,0.05,110,45.0,0.4090909090909091,0.5909090909090908
1,pilot,14000,0.0979020979020979,4,0.75,1,0.05,0.1,397,204.0,0.5138539042821159,0.48614609571788414
1,pilot,14000,0.0979020979020979,4,0.75,2,0.1,0.2,882,562.0,0.63718820861678,0.36281179138321995
1,pilot,14000,0.0979020979020979,4,0.75,3,0.2,0.4,1372,1099.0,0.8010204081632653,0.19897959183673475
1,pilot,14000,0.0979020979020979,4,0.75,4,0.4,1.01,1847,1743.0,0.9436924742826205,0.056307525717379514
1,pilot,14000,0.0979020979020979,4,1.0,0,0.0,0.05,110,31.0,0.2818181818181818,0.7181818181818183
1,pilot,14000,0.0979020979020979,4,1.0,1,0.05,0.1,397,166.0,0.4181360201511335,0.5818639798488665
1,pilot,14000,0.0979020979020979,4,1.0,2,0.1,0.2,882,478.0,0.5419501133786848,0.4580498866213152
1,pilot,14000,0.0979020979020979,4,1.0,3,0.2,0.4,1372,952.0,0.6938775510204082,0.30612244897959184
1,pilot,14000,0.0979020979020979,4,1.0,4,0.4,1.01,1847,1627.0,0.8808879263670818,0.1191120736329182
1,pilot,14000,0.0979020979020979,5,0.25,0,0.0,0.05,110,88.0,0.8,0.19999999999999996
1,pilot,14000,0.0979020979020979,5,0.25,1,0.05,0.1,397,327.0,0.8236775818639799,0.17632241813602012
1,pilot,14000,0.0979020979020979,5,0.25,2,0.1,0.2,882,785.0,0.8900226757369615,0.10997732426303852
1,pilot,14000,0.0979020979020979,5,0.25,3,0.2,0.4,1372,1291.0,0.9409620991253644,0.05903790087463556
1,pilot,14000,0.0979020979020979,5,0.25,4,0.4,1.01,1847,1838.0,0.9951272333513806,0.004872766648619353
1,pilot,14000,0.0979020979020979,5,0.5,0,0.0,0.05,110,67.0,0.6090909090909091,0.3909090909090909
1,pilot,14000,0.0979020979020979,5,0.5,1,0.05,0.1,397,275.0,0.6926952141057935,0.3073047858942065
1,pilot,14000,0.0979020979020979,5,0.5,2,0.1,0.2,882,695.0,0.7879818594104309,0.21201814058956914
1,pilot,14000,0.0979020979020979,5,0.5,3,0.2,0.4,1372,1209.0,0.8811953352769679,0.11880466472303208
1,pilot,14000,0.0979020979020979,5,0.5,4,0.4,1.01,1847,1813.0,0.981591770438549,0.01840822956145105
1,pilot,14000,0.0979020979020979,5,0.75,0,0.0,0.05,110,52.0,0.4727272727272727,0.5272727272727273
1,pilot,14000,0.0979020979020979,5,0.75,1,0.05,0.1,397,225.0,0.5667506297229219,0.4332493702770781
1,pilot,14000,0.0979020979020979,5,0.75,2,0.1,0.2,882,603.0,0.6836734693877551,0.3163265306122449
1,pilot,14000,0.0979020979020979,5,0.75,3,0.2,0.4,1372,1133.0,0.825801749271137,0.17419825072886297
1,pilot,14000,0.0979020979020979,5,0.75,4,0.4,1.01,1847,1761.0,0.9534380075798592,0.04656199242014081
1,pilot,14000,0.0979020979020979,5,1.0,0,0.0,0.05,110,40.0,0.36363636363636365,0.6363636363636364
1,pilot,14000,0.0979020979020979,5,1.0,1,0.05,0.1,397,186.0,0.46851385390428213,0.5314861460957179
1,pilot,14000,0.0979020979020979,5,1.0,2,0.1,0.2,882,527.0,0.5975056689342404,0.4024943310657596
1,pilot,14000,0.0979020979020979,5,1.0,3,0.2,0.4,1372,1012.0,0.7376093294460642,0.26239067055393583
1,pilot,14000,0.0979020979020979,5,1.0,4,0.4,1.01,1847,1674.0,0.9063345966432051,0.09366540335679485
1,pilot,14000,0.0979020979020979,6,0.25,0,0.0,0.05,110,80.0,0.7272727272727273,0.2727272727272727
1,pilot,14000,0.0979020979020979,6,0.25,1,0.05,0.1,397,320.0,0.8060453400503779,0.19395465994962213
1,pilot,14000,0.0979020979020979,6,0.25,2,0.1,0.2,882,783.0,0.8877551020408163,0.11224489795918369
1,pilot,14000,0.0979020979020979,6,0.25,3,0.2,0.4,1372,1299.0,0.9467930029154519,0.053206997084548124
1,pilot,14000,0.0979020979020979,6,0.25,4,0.4,1.01,1847,1839.0,0.9956686518678939,0.0043313481321061165
1,pilot,14000,0.0979020979020979,6,0.5,0,0.0,0.05,110,58.0,0.5272727272727272,0.4727272727272728
1,pilot,14000,0.0979020979020979,6,0.5,1,0.05,0.1,397,252.0,0.6347607052896725,0.36523929471032746
1,pilot,14000,0.0979020979020979,6,0.5,2,0.1,0.2,882,663.0,0.7517006802721088,0.2482993197278912
1,pilot,14000,0.0979020979020979,6,0.5,3,0.2,0.4,1372,1201.0,0.8753644314868805,0.12463556851311952
1,pilot,14000,0.0979020979020979,6,0.5,4,0.4,1.01,1847,1814.0,0.9821331889550623,0.017866811044937703
1,pilot,14000,0.0979020979020979,6,0.75,0,0.0,0.05,110,49.0,0.44545454545454544,0.5545454545454546
1,pilot,14000,0.0979020979020979,6,0.75,1,0.05,0.1,397,196.0,0.49370277078085645,0.5062972292191436
1,pilot,14000,0.0979020979020979,6,0.75,2,0.1,0.2,882,549.0,0.6224489795918368,0.37755102040816324
1,pilot,14000,0.0979020979020979,6,0.75,3,0.2,0.4,1372,1082.0,0.7886297376093294,0.21137026239067058
1,pilot,14000,0.0979020979020979,6,0.75,4,0.4,1.01,1847,1728.0,0.9355711965349215,0.06442880346507851
1,pilot,14000,0.0979020979020979,6,1.0,0,0.0,0.05,110,35.0,0.3181818181818182,0.6818181818181819
1,pilot,14000,0.0979020979020979,6,1.0,1,0.05,0.1,397,162.0,0.4080604534005038,0.5919395465994962
1,pilot,14000,0.0979020979020979,6,1.0,2,0.1,0.2,882,465.0,0.5272108843537415,0.4727891156462585
1,pilot,14000,0.0979020979020979,6,1.0,3,0.2,0.4,1372,959.0,0.6989795918367347,0.30102040816326525
1,pilot,14000,0.0979020979020979,6,1.0,4,0.4,1.01,1847,1631.0,0.8830536004331349,0.11694639956686514
1,pilot,14000,0.0979020979020979,7,0.25,0,0.0,0.05,110,92.0,0.8363636363636363,0.1636363636363637
1,pilot,14000,0.0979020979020979,7,0.25,1,0.05,0.1,397,341.0,0.8589420654911839,0.1410579345088161
1,pilot,14000,0.0979020979020979,7,0.25,2,0.1,0.2,882,775.0,0.8786848072562359,0.12131519274376412
1,pilot,14000,0.0979020979020979,7,0.25,3,0.2,0.4,1372,1324.0,0.9650145772594753,0.03498542274052474
1,pilot,14000,0.0979020979020979,7,0.25,4,0.4,1.01,1847,1840.0,0.9962100703844071,0.0037899296155928797
1,pilot,14000,0.0979020979020979,7,0.5,0,0.0,0.05,110,70.0,0.6363636363636364,0.36363636363636365
1,pilot,14000,0.0979020979020979,7,0.5,1,0.05,0.1,397,284.0,0.7153652392947103,0.2846347607052897
1,pilot,14000,0.0979020979020979,7,0.5,2,0.1,0.2,882,693.0,0.7857142857142857,0.2142857142857143
1,pilot,14000,0.0979020979020979,7,0.5,3,0.2,0.4,1372,1247.0,0.9088921282798834,0.09110787172011658
1,pilot,14000,0.0979020979020979,7,0.5,4,0.4,1.01,1847,1822.0,0.9864645370871684,0.013535462912831586
1,pilot,14000,0.0979020979020979,7,0.75,0,0.0,0.05,110,57.0,0.5181818181818182,0.4818181818181818
1,pilot,14000,0.0979020979020979,7,0.75,1,0.05,0.1,397,227.0,0.5717884130982368,0.4282115869017632
1,pilot,14000,0.0979020979020979,7,0.75,2,0.1,0.2,882,598.0,0.6780045351473923,0.32199546485260766
1,pilot,14000,0.0979020979020979,7,0.75,3,0.2,0.4,1372,1164.0,0.8483965014577259,0.15160349854227406
1,pilot,14000,0.0979020979020979,7,0.75,4,0.4,1.01,1847,1790.0,0.969139144558744,0.030860855441256052
1,pilot,14000,0.0979020979020979,7,1.0,0,0.0,0.05,110,42.0,0.38181818181818183,0.6181818181818182
1,pilot,14000,0.0979020979020979,7,1.0,1,0.05,0.1,397,182.0,0.45843828715365237,0.5415617128463477
1,pilot,14000,0.0979020979020979,7,1.0,2,0.1,0.2,882,516.0,0.5850340136054422,0.41496598639455784
1,pilot,14000,0.0979020979020979,7,1.0,3,0.2,0.4,1372,1061.0,0.7733236151603499,0.22667638483965014
1,pilot,14000,0.0979020979020979,7,1.0,4,0.4,1.01,1847,1743.0,0.9436924742826205,0.056307525717379514
1,pilot,14000,0.0979020979020979,8,0.25,0,0.0,0.05,110,87.0,0.7909090909090909,0.2090909090909091
1,pilot,14000,0.0979020979020979,8,0.25,1,0.05,0.1,397,331.0,0.8337531486146096,0.16624685138539042
1,pilot,14000,0.0979020979020979,8,0.25,2,0.1,0.2,882,771.0,0.8741496598639455,0.12585034013605445
1,pilot,14000,0.0979020979020979,8,0.25,3,0.2,0.4,1372,1300.0,0.9475218658892128,0.05247813411078717
1,pilot,14000,0.0979020979020979,8,0.25,4,0.4,1.01,1847,1832.0,0.991878722252301,0.008121277747698996
1,pilot,14000,0.0979020979020979,8,0.5,0,0.0,0.05,110,72.0,0.6545454545454545,0.34545454545454546
1,pilot,14000,0.0979020979020979,8,0.5,1,0.05,0.1,397,280.0,0.7052896725440806,0.2947103274559194
1,pilot,14000,0.0979020979020979,8,0.5,2,0.1,0.2,882,689.0,0.7811791383219955,0.21882086167800452
1,pilot,14000,0.0979020979020979,8,0.5,3,0.2,0.4,1372,1202.0,0.8760932944606414,0.12390670553935856
1,pilot,14000,0.0979020979020979,8,0.5,4,0.4,1.01,1847,1797.0,0.9729290741743367,0.027070925825663283
1,pilot,14000,0.0979020979020979,8,0.75,0,0.0,0.05,110,57.0,0.5181818181818182,0.4818181818181818
1,pilot,14000,0.0979020979020979,8,0.75,1,0.05,0.1,397,238.0,0.5994962216624685,0.4005037783375315
1,pilot,14000,0.0979020979020979,8,0.75,2,0.1,0.2,882,611.0,0.6927437641723356,0.30725623582766437
1,pilot,14000,0.0979020979020979,8,0.75,3,0.2,0.4,1372,1106.0,0.8061224489795918,0.19387755102040816
1,pilot,14000,0.0979020979020979,8,0.75,4,0.4,1.01,1847,1763.0,0.9545208446128858,0.04547915538711422
1,pilot,14000,0.0979020979020979,8,1.0,0,0.0,0.05,110,41.0,0.37272727272727274,0.6272727272727272
1,pilot,14000,0.0979020979020979,8,1.0,1,0.05,0.1,397,192.0,0.4836272040302267,0.5163727959697733
1,pilot,14000,0.0979020979020979,8,1.0,2,0.1,0.2,882,532.0,0.6031746031746031,0.39682539682539686
1,pilot,14000,0.0979020979020979,8,1.0,3,0.2,0.4,1372,1020.0,0.7434402332361516,0.2565597667638484
1,pilot,14000,0.0979020979020979,8,1.0,4,0.4,1.01,1847,1698.0,0.9193286410395235,0.0806713589604765
1,pilot,14000,0.0979020979020979,9,0.25,0,0.0,0.05,110,78.0,0.7090909090909091,0.2909090909090909
1,pilot,14000,0.0979020979020979,9,0.25,1,0.05,0.1,397,331.0,0.8337531486146096,0.16624685138539042
1,pilot,14000,0.0979020979020979,9,0.25,2,0.1,0.2,882,777.0,0.8809523809523809,0.11904761904761907
1,pilot,14000,0.0979020979020979,9,0.25,3,0.2,0.4,1372,1271.0,0.9263848396501457,0.07361516034985427
1,pilot,14000,0.0979020979020979,9,0.25,4,0.4,1.01,1847,1835.0,0.9935029778018408,0.006497022198159175
1,pilot,14000,0.0979020979020979,9,0.5,0,0.0,0.05,110,58.0,0.5272727272727272,0.4727272727272728
1,pilot,14000,0.0979020979020979,9,0.5,1,0.05,0.1,397,280.0,0.7052896725440806,0.2947103274559194
1,pilot,14000,0.0979020979020979,9,0.5,2,0.1,0.2,882,670.0,0.7596371882086168,0.2403628117913832
1,pilot,14000,0.0979020979020979,9,0.5,3,0.2,0.4,1372,1182.0,0.8615160349854227,0.13848396501457727
1,pilot,14000,0.0979020979020979,9,0.5,4,0.4,1.01,1847,1814.0,0.9821331889550623,0.017866811044937703
1,pilot,14000,0.0979020979020979,9,0.75,0,0.0,0.05,110,44.0,0.4,0.6
1,pilot,14000,0.0979020979020979,9,0.75,1,0.05,0.1,397,237.0,0.5969773299748111,0.4030226700251889
1,pilot,14000,0.0979020979020979,9,0.75,2,0.1,0.2,882,554.0,0.6281179138321995,0.3718820861678005
1,pilot,14000,0.0979020979020979,9,0.75,3,0.2,0.4,1372,1070.0,0.7798833819241983,0.22011661807580174
1,pilot,14000,0.0979020979020979,9,0.75,4,0.4,1.01,1847,1759.0,0.9523551705468327,0.04764482945316728
1,pilot,14000,0.0979020979020979,9,1.0,0,0.0,0.05,110,35.0,0.3181818181818182,0.6818181818181819
1,pilot,14000,0.0979020979020979,9,1.0,1,0.05,0.1,397,185.0,0.4659949622166247,0.5340050377833754
1,pilot,14000,0.0979020979020979,9,1.0,2,0.1,0.2,882,457.0,0.518140589569161,0.481859410430839
1,pilot,14000,0.0979020979020979,9,1.0,3,0.2,0.4,1372,945.0,0.6887755102040817,0.3112244897959183
1,pilot,14000,0.0979020979020979,9,1.0,4,0.4,1.01,1847,1691.0,0.9155387114239307,0.08446128857606927
1,pilot,14000,0.0979020979020979,10,0.25,0,0.0,0.05,110,78.0,0.7090909090909091,0.2909090909090909
1,pilot,14000,0.0979020979020979,10,0.25,1,0.05,0.1,397,330.0,0.8312342569269522,0.1687657430730478
1,pilot,14000,0.0979020979020979,10,0.25,2,0.1,0.2,882,771.0,0.8741496598639455,0.12585034013605445
1,pilot,14000,0.0979020979020979,10,0.25,3,0.2,0.4,1372,1271.0,0.9263848396501457,0.07361516034985427
1,pilot,14000,0.0979020979020979,10,0.25,4,0.4,1.01,1847,1832.0,0.991878722252301,0.008121277747698996
1,pilot,14000,0.0979020979020979,10,0.5,0,0.0,0.05,110,60.0,0.5454545454545454,0.4545454545454546
1,pilot,14000,0.0979020979020979,10,0.5,1,0.05,0.1,397,261.0,0.6574307304785895,0.34256926952141054
1,pilot,14000,0.0979020979020979,10,0.5,2,0.1,0.2,882,666.0,0.7551020408163265,0.24489795918367352
1,pilot,14000,0.0979020979020979,10,0.5,3,0.2,0.4,1372,1153.0,0.8403790087463557,0.15962099125364426
1,pilot,14000,0.0979020979020979,10,0.5,4,0.4,1.01,1847,1794.0,0.971304818624797,0.028695181375202994
1,pilot,14000,0.0979020979020979,10,0.75,0,0.0,0.05,110,46.0,0.41818181818181815,0.5818181818181818
1,pilot,14000,0.0979020979020979,10,0.75,1,0.05,0.1,397,217.0,0.5465994962216625,0.4534005037783375
1,pilot,14000,0.0979020979020979,10,0.75,2,0.1,0.2,882,576.0,0.6530612244897959,0.34693877551020413
1,pilot,14000,0.0979020979020979,10,0.75,3,0.2,0.4,1372,1037.0,0.7558309037900874,0.24416909620991256
1,pilot,14000,0.0979020979020979,10,0.75,4,0.4,1.01,1847,1733.0,0.9382782891174878,0.061721710882512215
1,pilot,14000,0.0979020979020979,10,1.0,0,0.0,0.05,110,35.0,0.3181818181818182,0.6818181818181819
1,pilot,14000,0.0979020979020979,10,1.0,1,0.05,0.1,397,158.0,0.3979848866498741,0.6020151133501259
1,pilot,14000,0.0979020979020979,10,1.0,2,0.1,0.2,882,489.0,0.5544217687074829,0.44557823129251706
1,pilot,14000,0.0979020979020979,10,1.0,3,0.2,0.4,1372,925.0,0.674198250728863,0.32580174927113703
1,pilot,14000,0.0979020979020979,10,1.0,4,0.4,1.01,1847,1617.0,0.8754737412019491,0.1245262587980509
1,pilot,72000,0.5034965034965035,1,0.25,0,0.0,0.05,95,77.0,0.8105263157894737,0.18947368421052635
1,pilot,72000,0.5034965034965035,1,0.25,1,0.05,0.1,359,304.0,0.8467966573816156,0.15320334261838442
1,pilot,72000,0.5034965034965035,1,0.25,2,0.1,0.2,796,702.0,0.8819095477386935,0.11809045226130654
1,pilot,72000,0.5034965034965035,1,0.25,3,0.2,0.4,1410,1323.0,0.9382978723404255,0.0617021276595745
1,pilot,72000,0.5034965034965035,1,0.25,4,0.4,1.01,1948,1935.0,0.9933264887063655,0.006673511293634471
1,pilot,72000,0.5034965034965035,1,0.5,0,0.0,0.05,95,52.0,0.5473684210526316,0.4526315789473684
1,pilot,72000,0.5034965034965035,1,0.5,1,0.05,0.1,359,235.0,0.6545961002785515,0.34540389972144847
1,pilot,72000,0.5034965034965035,1,0.5,2,0.1,0.2,796,599.0,0.7525125628140703,0.2474874371859297
1,pilot,72000,0.5034965034965035,1,0.5,3,0.2,0.4,1410,1224.0,0.8680851063829788,0.13191489361702124
1,pilot,72000,0.5034965034965035,1,0.5,4,0.4,1.01,1948,1910.0,0.9804928131416838,0.019507186858316206
1,pilot,72000,0.5034965034965035,1,0.75,0,0.0,0.05,95,34.0,0.35789473684210527,0.6421052631578947
1,pilot,72000,0.5034965034965035,1,0.75,1,0.05,0.1,359,172.0,0.479108635097493,0.520891364902507
1,pilot,72000,0.5034965034965035,1,0.75,2,0.1,0.2,796,459.0,0.5766331658291457,0.4233668341708543
1,pilot,72000,0.5034965034965035,1,0.75,3,0.2,0.4,1410,1031.0,0.7312056737588652,0.26879432624113475
1,pilot,72000,0.5034965034965035,1,0.75,4,0.4,1.01,1948,1830.0,0.9394250513347022,0.06057494866529778
1,pilot,72000,0.5034965034965035,1,1.0,0,0.0,0.05,95,19.0,0.2,0.8
1,pilot,72000,0.5034965034965035,1,1.0,1,0.05,0.1,359,109.0,0.30362116991643456,0.6963788300835654
1,pilot,72000,0.5034965034965035,1,1.0,2,0.1,0.2,796,322.0,0.4045226130653266,0.5954773869346734
1,pilot,72000,0.5034965034965035,1,1.0,3,0.2,0.4,1410,816.0,0.5787234042553191,0.4212765957446809
1,pilot,72000,0.5034965034965035,1,1.0,4,0.4,1.01,1948,1649.0,0.8465092402464066,0.1534907597535934
1,pilot,72000,0.5034965034965035,2,0.25,0,0.0,0.05,95,64.0,0.6736842105263158,0.3263157894736842
1,pilot,72000,0.5034965034965035,2,0.25,1,0.05,0.1,359,302.0,0.841225626740947,0.15877437325905297
1,pilot,72000,0.5034965034965035,2,0.25,2,0.1,0.2,796,696.0,0.8743718592964824,0.12562814070351758
1,pilot,72000,0.5034965034965035,2,0.25,3,0.2,0.4,1410,1312.0,0.9304964539007092,0.06950354609929077
1,pilot,72000,0.5034965034965035,2,0.25,4,0.4,1.01,1948,1934.0,0.9928131416837782,0.007186858316221789
1,pilot,72000,0.5034965034965035,2,0.5,0,0.0,0.05,95,46.0,0.4842105263157895,0.5157894736842106
1,pilot,72000,0.5034965034965035,2,0.5,1,0.05,0.1,359,242.0,0.6740947075208914,0.3259052924791086
1,pilot,72000,0.5034965034965035,2,0.5,2,0.1,0.2,796,589.0,0.7399497487437185,0.26005025125628145
1,pilot,72000,0.5034965034965035,2,0.5,3,0.2,0.4,1410,1190.0,0.8439716312056738,0.15602836879432624
1,pilot,72000,0.5034965034965035,2,0.5,4,0.4,1.01,1948,1896.0,0.973305954825462,0.026694045174537995
1,pilot,72000,0.5034965034965035,2,0.75,0,0.0,0.05,95,31.0,0.3263157894736842,0.6736842105263158
1,pilot,72000,0.5034965034965035,2,0.75,1,0.05,0.1,359,178.0,0.4958217270194986,0.5041782729805013
1,pilot,72000,0.5034965034965035,2,0.75,2,0.1,0.2,796,474.0,0.5954773869346733,0.40452261306532666
1,pilot,72000,0.5034965034965035,2,0.75,3,0.2,0.4,1410,1057.0,0.749645390070922,0.250354609929078
1,pilot,72000,0.5034965034965035,2,0.75,4,0.4,1.01,1948,1814.0,0.9312114989733059,0.0687885010266941
1,pilot,72000,0.5034965034965035,2,1.0,0,0.0,0.05,95,19.0,0.2,0.8
1,pilot,72000,0.5034965034965035,2,1.0,1,0.05,0.1,359,113.0,0.3147632311977716,0.6852367688022284
1,pilot,72000,0.5034965034965035,2,1.0,2,0.1,0.2,796,341.0,0.42839195979899497,0.5716080402010051
1,pilot,72000,0.5034965034965035,2,1.0,3,0.2,0.4,1410,849.0,0.6021276595744681,0.3978723404255319
1,pilot,72000,0.5034965034965035,2,1.0,4,0.4,1.01,1948,1627.0,0.8352156057494866,0.1647843942505134
1,pilot,72000,0.5034965034965035,3,0.25,0,0.0,0.05,95,65.0,0.6842105263157895,0.3157894736842105
1,pilot,72000,0.5034965034965035,3,0.25,1,0.05,0.1,359,278.0,0.7743732590529248,0.22562674094707524
1,pilot,72000,0.5034965034965035,3,0.25,2,0.1,0.2,796,698.0,0.8768844221105527,0.12311557788944727
1,pilot,72000,0.5034965034965035,3,0.25,3,0.2,0.4,1410,1310.0,0.9290780141843972,0.07092198581560283
1,pilot,72000,0.5034965034965035,3,0.25,4,0.4,1.01,1948,1929.0,0.9902464065708418,0.009753593429158158
1,pilot,72000,0.5034965034965035,3,0.5,0,0.0,0.05,95,42.0,0.4421052631578947,0.5578947368421052
1,pilot,72000,0.5034965034965035,3,0.5,1,0.05,0.1,359,182.0,0.5069637883008357,0.49303621169916434
1,pilot,72000,0.5034965034965035,3,0.5,2,0.1,0.2,796,546.0,0.6859296482412061,0.31407035175879394
1,pilot,72000,0.5034965034965035,3,0.5,3,0.2,0.4,1410,1164.0,0.825531914893617,0.174468085106383
1,pilot,72000,0.5034965034965035,3,0.5,4,0.4,1.01,1948,1857.0,0.9532854209445585,0.04671457905544152
1,pilot,72000,0.5034965034965035,3,0.75,0,0.0,0.05,95,29.0,0.30526315789473685,0.6947368421052631
1,pilot,72000,0.5034965034965035,3,0.75,1,0.05,0.1,359,127.0,0.35376044568245124,0.6462395543175488
1,pilot,72000,0.5034965034965035,3,0.75,2,0.1,0.2,796,410.0,0.5150753768844221,0.48492462311557794
1,pilot,72000,0.5034965034965035,3,0.75,3,0.2,0.4,1410,962.0,0.6822695035460993,0.3177304964539007
1,pilot,72000,0.5034965034965035,3,0.75,4,0.4,1.01,1948,1681.0,0.8629363449691991,0.13706365503080087
1,pilot,72000,0.5034965034965035,3,1.0,0,0.0,0.05,95,18.0,0.18947368421052632,0.8105263157894737
1,pilot,72000,0.5034965034965035,3,1.0,1,0.05,0.1,359,70.0,0.19498607242339833,0.8050139275766017
1,pilot,72000,0.5034965034965035,3,1.0,2,0.1,0.2,796,210.0,0.2638190954773869,0.7361809045226131
1,pilot,72000,0.5034965034965035,3,1.0,3,0.2,0.4,1410,630.0,0.44680851063829785,0.5531914893617021
1,pilot,72000,0.5034965034965035,3,1.0,4,0.4,1.01,1948,1214.0,0.6232032854209446,0.3767967145790554
1,pilot,72000,0.5034965034965035,4,0.25,0,0.0,0.05,95,74.0,0.7789473684210526,0.2210526315789474
1,pilot,72000,0.5034965034965035,4,0.25,1,0.05,0.1,359,288.0,0.8022284122562674,0.1977715877437326
1,pilot,72000,0.5034965034965035,4,0.25,2,0.1,0.2,796,706.0,0.8869346733668342,0.11306532663316582
1,pilot,72000,0.5034965034965035,4,0.25,3,0.2,0.4,1410,1324.0,0.9390070921985816,0.06099290780141842
1,pilot,72000,0.5034965034965035,4,0.25,4,0.4,1.01,1948,1935.0,0.9933264887063655,0.006673511293634471
1,pilot,72000,0.5034965034965035,4,0.5,0,0.0,0.05,95,53.0,0.5578947368421052,0.4421052631578948
1,pilot,72000,0.5034965034965035,4,0.5,1,0.05,0.1,359,223.0,0.6211699164345403,0.37883008356545966
1,pilot,72000,0.5034965034965035,4,0.5,2,0.1,0.2,796,593.0,0.7449748743718593,0.2550251256281407
1,pilot,72000,0.5034965034965035,4,0.5,3,0.2,0.4,1410,1228.0,0.8709219858156029,0.12907801418439713
1,pilot,72000,0.5034965034965035,4,0.5,4,0.4,1.01,1948,1908.0,0.9794661190965093,0.02053388090349073
1,pilot,72000,0.5034965034965035,4,0.75,0,0.0,0.05,95,38.0,0.4,0.6
1,pilot,72000,0.5034965034965035,4,0.75,1,0.05,0.1,359,167.0,0.46518105849582175,0.5348189415041782
1,pilot,72000,0.5034965034965035,4,0.75,2,0.1,0.2,796,490.0,0.6155778894472361,0.3844221105527639
1,pilot,72000,0.5034965034965035,4,0.75,3,0.2,0.4,1410,1118.0,0.7929078014184398,0.20709219858156025
1,pilot,72000,0.5034965034965035,4,0.75,4,0.4,1.01,1948,1856.0,0.9527720739219713,0.047227926078028726
1,pilot,72000,0.5034965034965035,4,1.0,0,0.0,0.05,95,29.0,0.30526315789473685,0.6947368421052631
1,pilot,72000,0.5034965034965035,4,1.0,1,0.05,0.1,359,130.0,0.362116991643454,0.637883008356546
1,pilot,72000,0.5034965034965035,4,1.0,2,0.1,0.2,796,408.0,0.5125628140703518,0.48743718592964824
1,pilot,72000,0.5034965034965035,4,1.0,3,0.2,0.4,1410,997.0,0.7070921985815602,0.29290780141843975
1,pilot,72000,0.5034965034965035,4,1.0,4,0.4,1.01,1948,1764.0,0.9055441478439425,0.09445585215605745
1,pilot,72000,0.5034965034965035,5,0.25,0,0.0,0.05,95,75.0,0.7894736842105263,0.21052631578947367
1,pilot,72000,0.5034965034965035,5,0.25,1,0.05,0.1,359,298.0,0.83008356545961,0.16991643454038996
1,pilot,72000,0.5034965034965035,5,0.25,2,0.1,0.2,796,691.0,0.8680904522613065,0.13190954773869346
1,pilot,72000,0.5034965034965035,5,0.25,3,0.2,0.4,1410,1332.0,0.9446808510638298,0.05531914893617018
1,pilot,72000,0.5034965034965035,5,0.25,4,0.4,1.01,1948,1937.0,0.99435318275154,0.0056468172484599455
1,pilot,72000,0.5034965034965035,5,0.5,0,0.0,0.05,95,58.0,0.6105263157894737,0.3894736842105263
1,pilot,72000,0.5034965034965035,5,0.5,1,0.05,0.1,359,243.0,0.6768802228412256,0.3231197771587744
1,pilot,72000,0.5034965034965035,5,0.5,2,0.1,0.2,796,602.0,0.7562814070351759,0.24371859296482412
1,pilot,72000,0.5034965034965035,5,0.5,3,0.2,0.4,1410,1237.0,0.8773049645390071,0.12269503546099292
1,pilot,72000,0.5034965034965035,5,0.5,4,0.4,1.01,1948,1915.0,0.9830595482546202,0.016940451745379836
1,pilot,72000,0.5034965034965035,5,0.75,0,0.0,0.05,95,46.0,0.4842105263157895,0.5157894736842106
1,pilot,72000,0.5034965034965035,5,0.75,1,0.05,0.1,359,195.0,0.5431754874651811,0.4568245125348189
1,pilot,72000,0.5034965034965035,5,0.75,2,0.1,0.2,796,525.0,0.6595477386934674,0.3404522613065326
1,pilot,72000,0.5034965034965035,5,0.75,3,0.2,0.4,1410,1121.0,0.7950354609929078,0.20496453900709222
1,pilot,72000,0.5034965034965035,5,0.75,4,0.4,1.01,1948,1875.0,0.9625256673511293,0.03747433264887068
1,pilot,72000,0.5034965034965035,5,1.0,0,0.0,0.05,95,38.0,0.4,0.6
1,pilot,72000,0.5034965034965035,5,1.0,1,0.05,0.1,359,159.0,0.4428969359331476,0.5571030640668524
1,pilot,72000,0.5034965034965035,5,1.0,2,0.1,0.2,796,426.0,0.535175879396985,0.46482412060301503
1,pilot,72000,0.5034965034965035,5,1.0,3,0.2,0.4,1410,1001.0,0.7099290780141844,0.29007092198581563
1,pilot,72000,0.5034965034965035,5,1.0,4,0.4,1.01,1948,1787.0,0.9173511293634496,0.08264887063655035
1,pilot,72000,0.5034965034965035,6,0.25,0,0.0,0.05,95,69.0,0.7263157894736842,0.27368421052631575
1,pilot,72000,0.5034965034965035,6,0.25,1,0.05,0.1,359,293.0,0.8161559888579387,0.18384401114206128
1,pilot,72000,0.5034965034965035,6,0.25,2,0.1,0.2,796,699.0,0.878140703517588,0.121859296482412
1,pilot,72000,0.5034965034965035,6,0.25,3,0.2,0.4,1410,1319.0,0.9354609929078014,0.06453900709219862
1,pilot,72000,0.5034965034965035,6,0.25,4,0.4,1.01,1948,1934.0,0.9928131416837782,0.007186858316221789
1,pilot,72000,0.5034965034965035,6,0.5,0,0.0,0.05,95,56.0,0.5894736842105263,0.41052631578947374
1,pilot,72000,0.5034965034965035,6,0.5,1,0.05,0.1,359,228.0,0.6350974930362117,0.36490250696378834
1,pilot,72000,0.5034965034965035,6,0.5,2,0.1,0.2,796,595.0,0.7474874371859297,0.2525125628140703
1,pilot,72000,0.5034965034965035,6,0.5,3,0.2,0.4,1410,1220.0,0.8652482269503546,0.13475177304964536
1,pilot,72000,0.5034965034965035,6,0.5,4,0.4,1.01,1948,1897.0,0.9738193018480493,0.026180698151950677
1,pilot,72000,0.5034965034965035,6,0.75,0,0.0,0.05,95,43.0,0.45263157894736844,0.5473684210526315
1,pilot,72000,0.5034965034965035,6,0.75,1,0.05,0.1,359,173.0,0.4818941504178273,0.5181058495821727
1,pilot,72000,0.5034965034965035,6,0.75,2,0.1,0.2,796,492.0,0.6180904522613065,0.38190954773869346
1,pilot,72000,0.5034965034965035,6,0.75,3,0.2,0.4,1410,1105.0,0.7836879432624113,0.2163120567375887
1,pilot,72000,0.5034965034965035,6,0.75,4,0.4,1.01,1948,1829.0,0.938911704312115,0.061088295687884986
1,pilot,72000,0.5034965034965035,6,1.0,0,0.0,0.05,95,32.0,0.3368421052631579,0.6631578947368422
1,pilot,72000,0.5034965034965035,6,1.0,1,0.05,0.1,359,120.0,0.3342618384401114,0.6657381615598885
1,pilot,72000,0.5034965034965035,6,1.0,2,0.1,0.2,796,390.0,0.4899497487437186,0.5100502512562815
1,pilot,72000,0.5034965034965035,6,1.0,3,0.2,0.4,1410,959.0,0.6801418439716312,0.31985815602836876
1,pilot,72000,0.5034965034965035,6,1.0,4,0.4,1.01,1948,1691.0,0.8680698151950719,0.13193018480492813
1,pilot,72000,0.5034965034965035,7,0.25,0,0.0,0.05,95,67.0,0.7052631578947368,0.2947368421052632
1,pilot,72000,0.5034965034965035,7,0.25,1,0.05,0.1,359,286.0,0.7966573816155988,0.20334261838440115
1,pilot,72000,0.5034965034965035,7,0.25,2,0.1,0.2,796,692.0,0.8693467336683417,0.1306532663316583
1,pilot,72000,0.5034965034965035,7,0.25,3,0.2,0.4,1410,1328.0,0.9418439716312057,0.0581560283687943
1,pilot,72000,0.5034965034965035,7,0.25,4,0.4,1.01,1948,1936.0,0.9938398357289527,0.006160164271047264
1,pilot,72000,0.5034965034965035,7,0.5,0,0.0,0.05,95,45.0,0.47368421052631576,0.5263157894736843
1,pilot,72000,0.5034965034965035,7,0.5,1,0.05,0.1,359,234.0,0.6518105849582173,0.3481894150417827
1,pilot,72000,0.5034965034965035,7,0.5,2,0.1,0.2,796,592.0,0.7437185929648241,0.2562814070351759
1,pilot,72000,0.5034965034965035,7,0.5,3,0.2,0.4,1410,1228.0,0.8709219858156029,0.12907801418439713
1,pilot,72000,0.5034965034965035,7,0.5,4,0.4,1.01,1948,1911.0,0.981006160164271,0.018993839835729
1,pilot,72000,0.5034965034965035,7,0.75,0,0.0,0.05,95,39.0,0.4105263157894737,0.5894736842105264
1,pilot,72000,0.5034965034965035,7,0.75,1,0.05,0.1,359,196.0,0.5459610027855153,0.4540389972144847
1,pilot,72000,0.5034965034965035,7,0.75,2,0.1,0.2,796,481.0,0.6042713567839196,0.39572864321608037
1,pilot,72000,0.5034965034965035,7,0.75,3,0.2,0.4,1410,1120.0,0.7943262411347518,0.2056737588652482
1,pilot,72000,0.5034965034965035,7,0.75,4,0.4,1.01,1948,1866.0,0.9579055441478439,0.0420944558521561
1,pilot,72000,0.5034965034965035,7,1.0,0,0.0,0.05,95,28.0,0.29473684210526313,0.7052631578947368
1,pilot,72000,0.5034965034965035,7,1.0,1,0.05,0.1,359,158.0,0.4401114206128134,0.5598885793871866
1,pilot,72000,0.5034965034965035,7,1.0,2,0.1,0.2,796,402.0,0.5050251256281407,0.4949748743718593
1,pilot,72000,0.5034965034965035,7,1.0,3,0.2,0.4,1410,1000.0,0.7092198581560284,0.2907801418439716
1,pilot,72000,0.5034965034965035,7,1.0,4,0.4,1.01,1948,1793.0,0.9204312114989733,0.07956878850102667
1,pilot,72000,0.5034965034965035,8,0.25,0,0.0,0.05,95,64.0,0.6736842105263158,0.3263157894736842
1,pilot,72000,0.5034965034965035,8,0.25,1,0.05,0.1,359,273.0,0.7604456824512534,0.23955431754874656
1,pilot,72000,0.5034965034965035,8,0.25,2,0.1,0.2,796,707.0,0.8881909547738693,0.11180904522613067
1,pilot,72000,0.5034965034965035,8,0.25,3,0.2,0.4,1410,1303.0,0.9241134751773049,0.07588652482269509
1,pilot,72000,0.5034965034965035,8,0.25,4,0.4,1.01,1948,1933.0,0.992299794661191,0.007700205338808996
1,pilot,72000,0.5034965034965035,8,0.5,0,0.0,0.05,95,48.0,0.5052631578947369,0.49473684210526314
1,pilot,72000,0.5034965034965035,8,0.5,1,0.05,0.1,359,203.0,0.5654596100278552,0.43454038997214484
1,pilot,72000,0.5034965034965035,8,0.5,2,0.1,0.2,796,595.0,0.7474874371859297,0.2525125628140703
1,pilot,72000,0.5034965034965035,8,0.5,3,0.2,0.4,1410,1196.0,0.8482269503546099,0.15177304964539007
1,pilot,72000,0.5034965034965035,8,0.5,4,0.4,1.01,1948,1902.0,0.9763860369609856,0.02361396303901442
1,pilot,72000,0.5034965034965035,8,0.75,0,0.0,0.05,95,41.0,0.43157894736842106,0.5684210526315789
1,pilot,72000,0.5034965034965035,8,0.75,1,0.05,0.1,359,168.0,0.467966573816156,0.532033426183844
1,pilot,72000,0.5034965034965035,8,0.75,2,0.1,0.2,796,515.0,0.6469849246231156,0.35301507537688437
1,pilot,72000,0.5034965034965035,8,0.75,3,0.2,0.4,1410,1065.0,0.7553191489361702,0.24468085106382975
1,pilot,72000,0.5034965034965035,8,0.75,4,0.4,1.01,1948,1848.0,0.9486652977412731,0.05133470225872694
1,pilot,72000,0.5034965034965035,8,1.0,0,0.0,0.05,95,29.0,0.30526315789473685,0.6947368421052631
1,pilot,72000,0.5034965034965035,8,1.0,1,0.05,0.1,359,126.0,0.35097493036211697,0.649025069637883
1,pilot,72000,0.5034965034965035,8,1.0,2,0.1,0.2,796,423.0,0.5314070351758794,0.4685929648241206
1,pilot,72000,0.5034965034965035,8,1.0,3,0.2,0.4,1410,932.0,0.6609929078014184,0.3390070921985816
1,pilot,72000,0.5034965034965035,8,1.0,4,0.4,1.01,1948,1755.0,0.9009240246406571,0.09907597535934287
1,pilot,72000,0.5034965034965035,9,0.25,0,0.0,0.05,95,69.0,0.7263157894736842,0.27368421052631575
1,pilot,72000,0.5034965034965035,9,0.25,1,0.05,0.1,359,284.0,0.7910863509749304,0.2089136490250696
1,pilot,72000,0.5034965034965035,9,0.25,2,0.1,0.2,796,692.0,0.8693467336683417,0.1306532663316583
1,pilot,72000,0.5034965034965035,9,0.25,3,0.2,0.4,1410,1306.0,0.926241134751773,0.07375886524822695
1,pilot,72000,0.5034965034965035,9,0.25,4,0.4,1.01,1948,1934.0,0.9928131416837782,0.007186858316221789
1,pilot,72000,0.5034965034965035,9,0.5,0,0.0,0.05,95,55.0,0.5789473684210527,0.42105263157894735
1,pilot,72000,0.5034965034965035,9,0.5,1,0.05,0.1,359,226.0,0.6295264623955432,0.3704735376044568
1,pilot,72000,0.5034965034965035,9,0.5,2,0.1,0.2,796,577.0,0.7248743718592965,0.2751256281407035
1,pilot,72000,0.5034965034965035,9,0.5,3,0.2,0.4,1410,1158.0,0.8212765957446808,0.17872340425531918
1,pilot,72000,0.5034965034965035,9,0.5,4,0.4,1.01,1948,1899.0,0.9748459958932238,0.02515400410677615
1,pilot,72000,0.5034965034965035,9,0.75,0,0.0,0.05,95,41.0,0.43157894736842106,0.5684210526315789
1,pilot,72000,0.5034965034965035,9,0.75,1,0.05,0.1,359,174.0,0.48467966573816157,0.5153203342618384
1,pilot,72000,0.5034965034965035,9,0.75,2,0.1,0.2,796,474.0,0.5954773869346733,0.40452261306532666
1,pilot,72000,0.5034965034965035,9,0.75,3,0.2,0.4,1410,1014.0,0.7191489361702128,0.2808510638297872
1,pilot,72000,0.5034965034965035,9,0.75,4,0.4,1.01,1948,1813.0,0.9306981519507187,0.0693018480492813
1,pilot,72000,0.5034965034965035,9,1.0,0,0.0,0.05,95,25.0,0.2631578947368421,0.736842105263158
1,pilot,72000,0.5034965034965035,9,1.0,1,0.05,0.1,359,118.0,0.3286908077994429,0.6713091922005572
1,pilot,72000,0.5034965034965035,9,1.0,2,0.1,0.2,796,379.0,0.47613065326633164,0.5238693467336684
1,pilot,72000,0.5034965034965035,9,1.0,3,0.2,0.4,1410,861.0,0.6106382978723405,0.3893617021276595
1,pilot,72000,0.5034965034965035,9,1.0,4,0.4,1.01,1948,1695.0,0.8701232032854209,0.12987679671457908
1,pilot,72000,0.5034965034965035,10,0.25,0,0.0,0.05,95,64.0,0.6736842105263158,0.3263157894736842
1,pilot,72000,0.5034965034965035,10,0.25,1,0.05,0.1,359,288.0,0.8022284122562674,0.1977715877437326
1,pilot,72000,0.5034965034965035,10,0.25,2,0.1,0.2,796,686.0,0.8618090452261307,0.13819095477386933
1,pilot,72000,0.5034965034965035,10,0.25,3,0.2,0.4,1410,1302.0,0.9234042553191489,0.07659574468085106
1,pilot,72000,0.5034965034965035,10,0.25,4,0.4,1.01,1948,1937.0,0.99435318275154,0.0056468172484599455
1,pilot,72000,0.5034965034965035,10,0.5,0,0.0,0.05,95,46.0,0.4842105263157895,0.5157894736842106
1,pilot,72000,0.5034965034965035,10,0.5,1,0.05,0.1,359,226.0,0.6295264623955432,0.3704735376044568
1,pilot,72000,0.5034965034965035,10,0.5,2,0.1,0.2,796,554.0,0.6959798994974874,0.3040201005025126
1,pilot,72000,0.5034965034965035,10,0.5,3,0.2,0.4,1410,1188.0,0.8425531914893617,0.1574468085106383
1,pilot,72000,0.5034965034965035,10,0.5,4,0.4,1.01,1948,1890.0,0.9702258726899384,0.02977412731006157
1,pilot,72000,0.5034965034965035,10,0.75,0,0.0,0.05,95,35.0,0.3684210526315789,0.631578947368421
1,pilot,72000,0.5034965034965035,10,0.75,1,0.05,0.1,359,184.0,0.5125348189415042,0.4874651810584958
1,pilot,72000,0.5034965034965035,10,0.75,2,0.1,0.2,796,464.0,0.5829145728643216,0.4170854271356784
1,pilot,72000,0.5034965034965035,10,0.75,3,0.2,0.4,1410,1076.0,0.7631205673758865,0.23687943262411348
1,pilot,72000,0.5034965034965035,10,0.75,4,0.4,1.01,1948,1824.0,0.9363449691991786,0.06365503080082136
1,pilot,72000,0.5034965034965035,10,1.0,0,0.0,0.05,95,25.0,0.2631578947368421,0.736842105263158
1,pilot,72000,0.5034965034965035,10,1.0,1,0.05,0.1,359,143.0,0.3983286908077994,0.6016713091922006
1,pilot,72000,0.5034965034965035,10,1.0,2,0.1,0.2,796,392.0,0.49246231155778897,0.507537688442211
1,pilot,72000,0.5034965034965035,10,1.0,3,0.2,0.4,1410,917.0,0.650354609929078,0.349645390070922
1,pilot,72000,0.5034965034965035,10,1.0,4,0.4,1.01,1948,1711.0,0.8783367556468172,0.12166324435318276
1,pilot,143000,1.0,1,0.25,0,0.0,0.05,105,78.0,0.7428571428571429,0.2571428571428571
1,pilot,143000,1.0,1,0.25,1,0.05,0.1,373,284.0,0.7613941018766756,0.23860589812332444
1,pilot,143000,1.0,1,0.25,2,0.1,0.2,846,732.0,0.8652482269503546,0.13475177304964536
1,pilot,143000,1.0,1,0.25,3,0.2,0.4,1373,1288.0,0.9380917698470502,0.06190823015294977
1,pilot,143000,1.0,1,0.25,4,0.4,1.01,1911,1897.0,0.9926739926739927,0.0073260073260073
1,pilot,143000,1.0,1,0.5,0,0.0,0.05,105,52.0,0.49523809523809526,0.5047619047619047
1,pilot,143000,1.0,1,0.5,1,0.05,0.1,373,223.0,0.5978552278820375,0.4021447721179625
1,pilot,143000,1.0,1,0.5,2,0.1,0.2,846,625.0,0.7387706855791962,0.26122931442080377
1,pilot,143000,1.0,1,0.5,3,0.2,0.4,1373,1195.0,0.8703568827385287,0.12964311726147126
1,pilot,143000,1.0,1,0.5,4,0.4,1.01,1911,1860.0,0.9733124018838305,0.026687598116169498
1,pilot,143000,1.0,1,0.75,0,0.0,0.05,105,33.0,0.3142857142857143,0.6857142857142857
1,pilot,143000,1.0,1,0.75,1,0.05,0.1,373,160.0,0.4289544235924933,0.5710455764075066
1,pilot,143000,1.0,1,0.75,2,0.1,0.2,846,481.0,0.5685579196217494,0.4314420803782506
1,pilot,143000,1.0,1,0.75,3,0.2,0.4,1373,1016.0,0.739985433357611,0.260014566642389
1,pilot,143000,1.0,1,0.75,4,0.4,1.01,1911,1775.0,0.9288330716902146,0.07116692830978544
1,pilot,143000,1.0,1,1.0,0,0.0,0.05,105,27.0,0.2571428571428571,0.7428571428571429
1,pilot,143000,1.0,1,1.0,1,0.05,0.1,373,103.0,0.2761394101876676,0.7238605898123325
1,pilot,143000,1.0,1,1.0,2,0.1,0.2,846,333.0,0.39361702127659576,0.6063829787234043
1,pilot,143000,1.0,1,1.0,3,0.2,0.4,1373,773.0,0.5630007283321194,0.43699927166788055
1,pilot,143000,1.0,1,1.0,4,0.4,1.01,1911,1579.0,0.826268969126112,0.17373103087388797
1,pilot,143000,1.0,2,0.25,0,0.0,0.05,105,79.0,0.7523809523809524,0.24761904761904763
1,pilot,143000,1.0,2,0.25,1,0.05,0.1,373,283.0,0.7587131367292225,0.24128686327077753
1,pilot,143000,1.0,2,0.25,2,0.1,0.2,846,720.0,0.851063829787234,0.14893617021276595
1,pilot,143000,1.0,2,0.25,3,0.2,0.4,1373,1272.0,0.9264384559359068,0.07356154406409321
1,pilot,143000,1.0,2,0.25,4,0.4,1.01,1911,1896.0,0.9921507064364207,0.00784929356357933
1,pilot,143000,1.0,2,0.5,0,0.0,0.05,105,55.0,0.5238095238095238,0.47619047619047616
1,pilot,143000,1.0,2,0.5,1,0.05,0.1,373,226.0,0.6058981233243967,0.39410187667560326
1,pilot,143000,1.0,2,0.5,2,0.1,0.2,846,590.0,0.6973995271867612,0.30260047281323876
1,pilot,143000,1.0,2,0.5,3,0.2,0.4,1373,1148.0,0.8361252731245448,0.16387472687545523
1,pilot,143000,1.0,2,0.5,4,0.4,1.01,1911,1858.0,0.9722658294086866,0.027734170591313445
1,pilot,143000,1.0,2,0.75,0,0.0,0.05,105,40.0,0.38095238095238093,0.6190476190476191
1,pilot,143000,1.0,2,0.75,1,0.05,0.1,373,173.0,0.46380697050938335,0.5361930294906166
1,pilot,143000,1.0,2,0.75,2,0.1,0.2,846,482.0,0.5697399527186762,0.43026004728132383
1,pilot,143000,1.0,2,0.75,3,0.2,0.4,1373,956.0,0.696285506190823,0.30371449380917703
1,pilot,143000,1.0,2,0.75,4,0.4,1.01,1911,1762.0,0.9220303506017792,0.07796964939822082
1,pilot,143000,1.0,2,1.0,0,0.0,0.05,105,22.0,0.20952380952380953,0.7904761904761904
1,pilot,143000,1.0,2,1.0,1,0.05,0.1,373,107.0,0.2868632707774799,0.7131367292225201
1,pilot,143000,1.0,2,1.0,2,0.1,0.2,846,349.0,0.41252955082742315,0.5874704491725768
1,pilot,143000,1.0,2,1.0,3,0.2,0.4,1373,740.0,0.538965768390386,0.461034231609614
1,pilot,143000,1.0,2,1.0,4,0.4,1.01,1911,1510.0,0.7901622187336473,0.20983778126635266
1,pilot,143000,1.0,3,0.25,0,0.0,0.05,105,74.0,0.7047619047619048,0.2952380952380952
1,pilot,143000,1.0,3,0.25,1,0.05,0.1,373,267.0,0.7158176943699732,0.2841823056300268
1,pilot,143000,1.0,3,0.25,2,0.1,0.2,846,677.0,0.8002364066193853,0.19976359338061467
1,pilot,143000,1.0,3,0.25,3,0.2,0.4,1373,1243.0,0.9053168244719592,0.09468317552804084
1,pilot,143000,1.0,3,0.25,4,0.4,1.01,1911,1882.0,0.9848246991104134,0.01517530088958663
1,pilot,143000,1.0,3,0.5,0,0.0,0.05,105,42.0,0.4,0.6
1,pilot,143000,1.0,3,0.5,1,0.05,0.1,373,186.0,0.49865951742627346,0.5013404825737265
1,pilot,143000,1.0,3,0.5,2,0.1,0.2,846,542.0,0.640661938534279,0.359338061465721
1,pilot,143000,1.0,3,0.5,3,0.2,0.4,1373,1089.0,0.7931536780772032,0.20684632192279684
1,pilot,143000,1.0,3,0.5,4,0.4,1.01,1911,1776.0,0.9293563579277865,0.07064364207221352
1,pilot,143000,1.0,3,0.75,0,0.0,0.05,105,27.0,0.2571428571428571,0.7428571428571429
1,pilot,143000,1.0,3,0.75,1,0.05,0.1,373,118.0,0.3163538873994638,0.6836461126005362
1,pilot,143000,1.0,3,0.75,2,0.1,0.2,846,353.0,0.41725768321513,0.58274231678487
1,pilot,143000,1.0,3,0.75,3,0.2,0.4,1373,832.0,0.605972323379461,0.39402767662053895
1,pilot,143000,1.0,3,0.75,4,0.4,1.01,1911,1506.0,0.7880690737833596,0.21193092621664045
1,pilot,143000,1.0,3,1.0,0,0.0,0.05,105,17.0,0.1619047619047619,0.8380952380952381
1,pilot,143000,1.0,3,1.0,1,0.05,0.1,373,64.0,0.17158176943699732,0.8284182305630027
1,pilot,143000,1.0,3,1.0,2,0.1,0.2,846,222.0,0.2624113475177305,0.7375886524822695
1,pilot,143000,1.0,3,1.0,3,0.2,0.4,1373,567.0,0.4129643117261471,0.5870356882738529
1,pilot,143000,1.0,3,1.0,4,0.4,1.01,1911,1087.0,0.5688121402407117,0.4311878597592883
1,pilot,143000,1.0,4,0.25,0,0.0,0.05,105,83.0,0.7904761904761904,0.20952380952380956
1,pilot,143000,1.0,4,0.25,1,0.05,0.1,373,291.0,0.7801608579088471,0.21983914209115285
1,pilot,143000,1.0,4,0.25,2,0.1,0.2,846,736.0,0.8699763593380615,0.1300236406619385
1,pilot,143000,1.0,4,0.25,3,0.2,0.4,1373,1275.0,0.9286234522942461,0.07137654770575386
1,pilot,143000,1.0,4,0.25,4,0.4,1.01,1911,1890.0,0.989010989010989,0.01098901098901095
1,pilot,143000,1.0,4,0.5,0,0.0,0.05,105,61.0,0.580952380952381,0.419047619047619
1,pilot,143000,1.0,4,0.5,1,0.05,0.1,373,231.0,0.6193029490616622,0.38069705093833783
1,pilot,143000,1.0,4,0.5,2,0.1,0.2,846,642.0,0.7588652482269503,0.24113475177304966
1,pilot,143000,1.0,4,0.5,3,0.2,0.4,1373,1176.0,0.8565185724690458,0.14348142753095416
1,pilot,143000,1.0,4,0.5,4,0.4,1.01,1911,1860.0,0.9733124018838305,0.026687598116169498
1,pilot,143000,1.0,4,0.75,0,0.0,0.05,105,46.0,0.4380952380952381,0.5619047619047619
1,pilot,143000,1.0,4,0.75,1,0.05,0.1,373,170.0,0.45576407506702415,0.5442359249329758
1,pilot,143000,1.0,4,0.75,2,0.1,0.2,846,545.0,0.6442080378250591,0.3557919621749409
1,pilot,143000,1.0,4,0.75,3,0.2,0.4,1373,1058.0,0.7705753823743627,0.22942461762563726
1,pilot,143000,1.0,4,0.75,4,0.4,1.01,1911,1785.0,0.9340659340659341,0.06593406593406592
1,pilot,143000,1.0,4,1.0,0,0.0,0.05,105,32.0,0.3047619047619048,0.6952380952380952
1,pilot,143000,1.0,4,1.0,1,0.05,0.1,373,132.0,0.353887399463807,0.646112600536193
1,pilot,143000,1.0,4,1.0,2,0.1,0.2,846,451.0,0.533096926713948,0.46690307328605196
1,pilot,143000,1.0,4,1.0,3,0.2,0.4,1373,931.0,0.6780772032046614,0.32192279679533864
1,pilot,143000,1.0,4,1.0,4,0.4,1.01,1911,1681.0,0.879644165358451,0.12035583464154898
1,pilot,143000,1.0,5,0.25,0,0.0,0.05,105,81.0,0.7714285714285715,0.22857142857142854
1,pilot,143000,1.0,5,0.25,1,0.05,0.1,373,291.0,0.7801608579088471,0.21983914209115285
1,pilot,143000,1.0,5,0.25,2,0.1,0.2,846,727.0,0.859338061465721,0.140661938534279
1,pilot,143000,1.0,5,0.25,3,0.2,0.4,1373,1278.0,0.9308084486525856,0.06919155134741439
1,pilot,143000,1.0,5,0.25,4,0.4,1.01,1911,1897.0,0.9926739926739927,0.0073260073260073
1,pilot,143000,1.0,5,0.5,0,0.0,0.05,105,60.0,0.5714285714285714,0.4285714285714286
1,pilot,143000,1.0,5,0.5,1,0.05,0.1,373,228.0,0.6112600536193029,0.3887399463806971
1,pilot,143000,1.0,5,0.5,2,0.1,0.2,846,631.0,0.7458628841607565,0.2541371158392435
1,pilot,143000,1.0,5,0.5,3,0.2,0.4,1373,1176.0,0.8565185724690458,0.14348142753095416
1,pilot,143000,1.0,5,0.5,4,0.4,1.01,1911,1869.0,0.978021978021978,0.02197802197802201
1,pilot,143000,1.0,5,0.75,0,0.0,0.05,105,45.0,0.42857142857142855,0.5714285714285714
1,pilot,143000,1.0,5,0.75,1,0.05,0.1,373,177.0,0.4745308310991957,0.5254691689008043
1,pilot,143000,1.0,5,0.75,2,0.1,0.2,846,523.0,0.6182033096926713,0.38179669030732866
1,pilot,143000,1.0,5,0.75,3,0.2,0.4,1373,1061.0,0.7727603787327021,0.2272396212672979
1,pilot,143000,1.0,5,0.75,4,0.4,1.01,1911,1814.0,0.9492412349555207,0.05075876504447929
1,pilot,143000,1.0,5,1.0,0,0.0,0.05,105,37.0,0.3523809523809524,0.6476190476190475
1,pilot,143000,1.0,5,1.0,1,0.05,0.1,373,137.0,0.3672922252010724,0.6327077747989276
1,pilot,143000,1.0,5,1.0,2,0.1,0.2,846,464.0,0.5484633569739953,0.4515366430260047
1,pilot,143000,1.0,5,1.0,3,0.2,0.4,1373,957.0,0.6970138383102695,0.30298616168973047
1,pilot,143000,1.0,5,1.0,4,0.4,1.01,1911,1726.0,0.9031920460491889,0.0968079539508111
1,pilot,143000,1.0,6,0.25,0,0.0,0.05,105,72.0,0.6857142857142857,0.3142857142857143
1,pilot,143000,1.0,6,0.25,1,0.05,0.1,373,279.0,0.7479892761394102,0.25201072386058976
1,pilot,143000,1.0,6,0.25,2,0.1,0.2,846,706.0,0.83451536643026,0.16548463356973997
1,pilot,143000,1.0,6,0.25,3,0.2,0.4,1373,1251.0,0.911143481427531,0.08885651857246901
1,pilot,143000,1.0,6,0.25,4,0.4,1.01,1911,1893.0,0.9905808477237049,0.009419152276295084
1,pilot,143000,1.0,6,0.5,0,0.0,0.05,105,60.0,0.5714285714285714,0.4285714285714286
1,pilot,143000,1.0,6,0.5,1,0.05,0.1,373,203.0,0.5442359249329759,0.4557640750670241
1,pilot,143000,1.0,6,0.5,2,0.1,0.2,846,586.0,0.6926713947990544,0.3073286052009456
1,pilot,143000,1.0,6,0.5,3,0.2,0.4,1373,1124.0,0.8186453022578296,0.1813546977421704
1,pilot,143000,1.0,6,0.5,4,0.4,1.01,1911,1846.0,0.9659863945578231,0.03401360544217691
1,pilot,143000,1.0,6,0.75,0,0.0,0.05,105,47.0,0.44761904761904764,0.5523809523809524
1,pilot,143000,1.0,6,0.75,1,0.05,0.1,373,154.0,0.4128686327077748,0.5871313672922251
1,pilot,143000,1.0,6,0.75,2,0.1,0.2,846,451.0,0.533096926713948,0.46690307328605196
1,pilot,143000,1.0,6,0.75,3,0.2,0.4,1373,949.0,0.6911871813546977,0.3088128186453023
1,pilot,143000,1.0,6,0.75,4,0.4,1.01,1911,1724.0,0.902145473574045,0.09785452642595505
1,pilot,143000,1.0,6,1.0,0,0.0,0.05,105,27.0,0.2571428571428571,0.7428571428571429
1,pilot,143000,1.0,6,1.0,1,0.05,0.1,373,112.0,0.3002680965147453,0.6997319034852547
1,pilot,143000,1.0,6,1.0,2,0.1,0.2,846,339.0,0.40070921985815605,0.5992907801418439
1,pilot,143000,1.0,6,1.0,3,0.2,0.4,1373,770.0,0.5608157319737801,0.4391842680262199
1,pilot,143000,1.0,6,1.0,4,0.4,1.01,1911,1531.0,0.8011512297226583,0.1988487702773417
1,pilot,143000,1.0,7,0.25,0,0.0,0.05,105,81.0,0.7714285714285715,0.22857142857142854
1,pilot,143000,1.0,7,0.25,1,0.05,0.1,373,295.0,0.7908847184986595,0.2091152815013405
1,pilot,143000,1.0,7,0.25,2,0.1,0.2,846,731.0,0.8640661938534279,0.13593380614657213
1,pilot,143000,1.0,7,0.25,3,0.2,0.4,1373,1290.0,0.9395484340859432,0.06045156591405676
1,pilot,143000,1.0,7,0.25,4,0.4,1.01,1911,1896.0,0.9921507064364207,0.00784929356357933
1,pilot,143000,1.0,7,0.5,0,0.0,0.05,105,63.0,0.6,0.4
1,pilot,143000,1.0,7,0.5,1,0.05,0.1,373,248.0,0.6648793565683646,0.3351206434316354
1,pilot,143000,1.0,7,0.5,2,0.1,0.2,846,632.0,0.7470449172576832,0.2529550827423168
1,pilot,143000,1.0,7,0.5,3,0.2,0.4,1373,1193.0,0.8689002184996358,0.13109978150036417
1,pilot,143000,1.0,7,0.5,4,0.4,1.01,1911,1865.0,0.9759288330716902,0.024071166928309795
1,pilot,143000,1.0,7,0.75,0,0.0,0.05,105,46.0,0.4380952380952381,0.5619047619047619
1,pilot,143000,1.0,7,0.75,1,0.05,0.1,373,211.0,0.5656836461126006,0.4343163538873994
1,pilot,143000,1.0,7,0.75,2,0.1,0.2,846,528.0,0.624113475177305,0.375886524822695
1,pilot,143000,1.0,7,0.75,3,0.2,0.4,1373,1072.0,0.7807720320466133,0.21922796795338673
1,pilot,143000,1.0,7,0.75,4,0.4,1.01,1911,1806.0,0.945054945054945,0.05494505494505497
1,pilot,143000,1.0,7,1.0,0,0.0,0.05,105,37.0,0.3523809523809524,0.6476190476190475
1,pilot,143000,1.0,7,1.0,1,0.05,0.1,373,178.0,0.4772117962466488,0.5227882037533512
1,pilot,143000,1.0,7,1.0,2,0.1,0.2,846,450.0,0.5319148936170213,0.46808510638297873
1,pilot,143000,1.0,7,1.0,3,0.2,0.4,1373,959.0,0.6984705025491624,0.30152949745083757
1,pilot,143000,1.0,7,1.0,4,0.4,1.01,1911,1734.0,0.9073783359497645,0.09262166405023553
1,pilot,143000,1.0,8,0.25,0,0.0,0.05,105,78.0,0.7428571428571429,0.2571428571428571
1,pilot,143000,1.0,8,0.25,1,0.05,0.1,373,290.0,0.7774798927613941,0.22252010723860594
1,pilot,143000,1.0,8,0.25,2,0.1,0.2,846,741.0,0.875886524822695,0.12411347517730498
1,pilot,143000,1.0,8,0.25,3,0.2,0.4,1373,1289.0,0.9388201019664967,0.06117989803350332
1,pilot,143000,1.0,8,0.25,4,0.4,1.01,1911,1894.0,0.9911041339612768,0.008895866038723166
1,pilot,143000,1.0,8,0.5,0,0.0,0.05,105,59.0,0.5619047619047619,0.4380952380952381
1,pilot,143000,1.0,8,0.5,1,0.05,0.1,373,231.0,0.6193029490616622,0.38069705093833783
1,pilot,143000,1.0,8,0.5,2,0.1,0.2,846,670.0,0.7919621749408984,0.20803782505910162
1,pilot,143000,1.0,8,0.5,3,0.2,0.4,1373,1195.0,0.8703568827385287,0.12964311726147126
1,pilot,143000,1.0,8,0.5,4,0.4,1.01,1911,1869.0,0.978021978021978,0.02197802197802201
1,pilot,143000,1.0,8,0.75,0,0.0,0.05,105,52.0,0.49523809523809526,0.5047619047619047
1,pilot,143000,1.0,8,0.75,1,0.05,0.1,373,193.0,0.517426273458445,0.48257372654155495
1,pilot,143000,1.0,8,0.75,2,0.1,0.2,846,578.0,0.6832151300236406,0.31678486997635935
1,pilot,143000,1.0,8,0.75,3,0.2,0.4,1373,1097.0,0.798980335032775,0.201019664967225
1,pilot,143000,1.0,8,0.75,4,0.4,1.01,1911,1829.0,0.9570905285190999,0.042909471480900074
1,pilot,143000,1.0,8,1.0,0,0.0,0.05,105,39.0,0.37142857142857144,0.6285714285714286
1,pilot,143000,1.0,8,1.0,1,0.05,0.1,373,154.0,0.4128686327077748,0.5871313672922251
1,pilot,143000,1.0,8,1.0,2,0.1,0.2,846,484.0,0.5721040189125296,0.4278959810874704
1,pilot,143000,1.0,8,1.0,3,0.2,0.4,1373,978.0,0.7123088128186453,0.28769118718135467
1,pilot,143000,1.0,8,1.0,4,0.4,1.01,1911,1767.0,0.9246467817896389,0.07535321821036112
1,pilot,143000,1.0,9,0.25,0,0.0,0.05,105,83.0,0.7904761904761904,0.20952380952380956
1,pilot,143000,1.0,9,0.25,1,0.05,0.1,373,304.0,0.8150134048257373,0.18498659517426275
1,pilot,143000,1.0,9,0.25,2,0.1,0.2,846,741.0,0.875886524822695,0.12411347517730498
1,pilot,143000,1.0,9,0.25,3,0.2,0.4,1373,1270.0,0.9249817916970139,0.07501820830298611
1,pilot,143000,1.0,9,0.25,4,0.4,1.01,1911,1895.0,0.9916274201988488,0.008372579801151248
1,pilot,143000,1.0,9,0.5,0,0.0,0.05,105,60.0,0.5714285714285714,0.4285714285714286
1,pilot,143000,1.0,9,0.5,1,0.05,0.1,373,239.0,0.6407506702412868,0.35924932975871315
1,pilot,143000,1.0,9,0.5,2,0.1,0.2,846,605.0,0.7151300236406619,0.2848699763593381
1,pilot,143000,1.0,9,0.5,3,0.2,0.4,1373,1178.0,0.8579752367079388,0.14202476329206115
1,pilot,143000,1.0,9,0.5,4,0.4,1.01,1911,1863.0,0.9748822605965463,0.025117739403453743
1,pilot,143000,1.0,9,0.75,0,0.0,0.05,105,49.0,0.4666666666666667,0.5333333333333333
1,pilot,143000,1.0,9,0.75,1,0.05,0.1,373,191.0,0.5120643431635389,0.4879356568364611
1,pilot,143000,1.0,9,0.75,2,0.1,0.2,846,514.0,0.607565011820331,0.39243498817966904
1,pilot,143000,1.0,9,0.75,3,0.2,0.4,1373,1045.0,0.7611070648215587,0.23889293517844135
1,pilot,143000,1.0,9,0.75,4,0.4,1.01,1911,1816.0,0.9502878074306645,0.049712192569335456
1,pilot,143000,1.0,9,1.0,0,0.0,0.05,105,38.0,0.3619047619047619,0.638095238095238
1,pilot,143000,1.0,9,1.0,1,0.05,0.1,373,146.0,0.3914209115281501,0.6085790884718498
1,pilot,143000,1.0,9,1.0,2,0.1,0.2,846,421.0,0.49763593380614657,0.5023640661938534
1,pilot,143000,1.0,9,1.0,3,0.2,0.4,1373,907.0,0.6605972323379461,0.3394027676620539
1,pilot,143000,1.0,9,1.0,4,0.4,1.01,1911,1719.0,0.8995290423861853,0.10047095761381475
1,pilot,143000,1.0,10,0.25,0,0.0,0.05,105,66.0,0.6285714285714286,0.37142857142857144
1,pilot,143000,1.0,10,0.25,1,0.05,0.1,373,278.0,0.7453083109919572,0.25469168900804284
1,pilot,143000,1.0,10,0.25,2,0.1,0.2,846,677.0,0.8002364066193853,0.19976359338061467
1,pilot,143000,1.0,10,0.25,3,0.2,0.4,1373,1218.0,0.8871085214857976,0.11289147851420245
1,pilot,143000,1.0,10,0.25,4,0.4,1.01,1911,1882.0,0.9848246991104134,0.01517530088958663
1,pilot,143000,1.0,10,0.5,0,0.0,0.05,105,49.0,0.4666666666666667,0.5333333333333333
1,pilot,143000,1.0,10,0.5,1,0.05,0.1,373,196.0,0.5254691689008043,0.4745308310991957
1,pilot,143000,1.0,10,0.5,2,0.1,0.2,846,543.0,0.6418439716312057,0.35815602836879434
1,pilot,143000,1.0,10,0.5,3,0.2,0.4,1373,1027.0,0.7479970866715222,0.2520029133284778
1,pilot,143000,1.0,10,0.5,4,0.4,1.01,1911,1784.0,0.9335426478283622,0.06645735217163784
1,pilot,143000,1.0,10,0.75,0,0.0,0.05,105,29.0,0.2761904761904762,0.7238095238095238
1,pilot,143000,1.0,10,0.75,1,0.05,0.1,373,145.0,0.38873994638069703,0.6112600536193029
1,pilot,143000,1.0,10,0.75,2,0.1,0.2,846,408.0,0.48226950354609927,0.5177304964539007
1,pilot,143000,1.0,10,0.75,3,0.2,0.4,1373,855.0,0.6227239621267298,0.37727603787327024
1,pilot,143000,1.0,10,0.75,4,0.4,1.01,1911,1628.0,0.8519099947671376,0.14809000523286242
1,pilot,143000,1.0,10,1.0,0,0.0,0.05,105,19.0,0.18095238095238095,0.819047619047619
1,pilot,143000,1.0,10,1.0,1,0.05,0.1,373,109.0,0.29222520107238603,0.707774798927614
1,pilot,143000,1.0,10,1.0,2,0.1,0.2,846,330.0,0.3900709219858156,0.6099290780141844
1,pilot,143000,1.0,10,1.0,3,0.2,0.4,1373,678.0,0.493809176984705,0.5061908230152949
1,pilot,143000,1.0,10,1.0,4,0.4,1.01,1911,1433.0,0.749869178440607,0.25013082155939304
4,pilot,14000,0.0979020979020979,1,0.25,0,0.0,0.05,122,96.0,0.7868852459016393,0.21311475409836067
4,pilot,14000,0.0979020979020979,1,0.25,1,0.05,0.1,374,316.0,0.8449197860962567,0.15508021390374327
4,pilot,14000,0.0979020979020979,1,0.25,2,0.1,0.2,899,807.0,0.8976640711902113,0.1023359288097887
4,pilot,14000,0.0979020979020979,1,0.25,3,0.2,0.4,1372,1302.0,0.9489795918367347,0.05102040816326525
4,pilot,14000,0.0979020979020979,1,0.25,4,0.4,1.01,1841,1834.0,0.9961977186311787,0.0038022813688213253
4,pilot,14000,0.0979020979020979,1,0.5,0,0.0,0.05,122,69.0,0.5655737704918032,0.43442622950819676
4,pilot,14000,0.0979020979020979,1,0.5,1,0.05,0.1,374,260.0,0.6951871657754011,0.3048128342245989
4,pilot,14000,0.0979020979020979,1,0.5,2,0.1,0.2,899,715.0,0.7953281423804227,0.2046718576195773
4,pilot,14000,0.0979020979020979,1,0.5,3,0.2,0.4,1372,1219.0,0.8884839650145773,0.11151603498542273
4,pilot,14000,0.0979020979020979,1,0.5,4,0.4,1.01,1841,1821.0,0.9891363389462249,0.01086366105377512
4,pilot,14000,0.0979020979020979,1,0.75,0,0.0,0.05,122,49.0,0.4016393442622951,0.5983606557377049
4,pilot,14000,0.0979020979020979,1,0.75,1,0.05,0.1,374,206.0,0.5508021390374331,0.44919786096256686
4,pilot,14000,0.0979020979020979,1,0.75,2,0.1,0.2,899,586.0,0.6518353726362626,0.34816462736373743
4,pilot,14000,0.0979020979020979,1,0.75,3,0.2,0.4,1372,1097.0,0.7995626822157434,0.20043731778425655
4,pilot,14000,0.0979020979020979,1,0.75,4,0.4,1.01,1841,1773.0,0.9630635524171646,0.03693644758283543
4,pilot,14000,0.0979020979020979,1,1.0,0,0.0,0.05,122,36.0,0.29508196721311475,0.7049180327868853
4,pilot,14000,0.0979020979020979,1,1.0,1,0.05,0.1,374,149.0,0.3983957219251337,0.6016042780748663
4,pilot,14000,0.0979020979020979,1,1.0,2,0.1,0.2,899,472.0,0.525027808676307,0.47497219132369295
4,pilot,14000,0.0979020979020979,1,1.0,3,0.2,0.4,1372,959.0,0.6989795918367347,0.30102040816326525
4,pilot,14000,0.0979020979020979,1,1.0,4,0.4,1.01,1841,1685.0,0.915263443780554,0.08473655621944598
4,pilot,14000,0.0979020979020979,2,0.25,0,0.0,0.05,122,95.0,0.7786885245901639,0.2213114754098361
4,pilot,14000,0.0979020979020979,2,0.25,1,0.05,0.1,374,298.0,0.7967914438502673,0.20320855614973266
4,pilot,14000,0.0979020979020979,2,0.25,2,0.1,0.2,899,781.0,0.8687430478309233,0.13125695216907673
4,pilot,14000,0.0979020979020979,2,0.25,3,0.2,0.4,1372,1288.0,0.9387755102040817,0.061224489795918324
4,pilot,14000,0.0979020979020979,2,0.25,4,0.4,1.01,1841,1835.0,0.9967409016838674,0.0032590983161325804
4,pilot,14000,0.0979020979020979,2,0.5,0,0.0,0.05,122,72.0,0.5901639344262295,0.4098360655737705
4,pilot,14000,0.0979020979020979,2,0.5,1,0.05,0.1,374,221.0,0.5909090909090909,0.40909090909090906
4,pilot,14000,0.0979020979020979,2,0.5,2,0.1,0.2,899,648.0,0.7208008898776418,0.2791991101223582
4,pilot,14000,0.0979020979020979,2,0.5,3,0.2,0.4,1372,1160.0,0.8454810495626822,0.15451895043731778
4,pilot,14000,0.0979020979020979,2,0.5,4,0.4,1.01,1841,1800.0,0.977729494839761,0.022270505160238985
4,pilot,14000,0.0979020979020979,2,0.75,0,0.0,0.05,122,49.0,0.4016393442622951,0.5983606557377049
4,pilot,14000,0.0979020979020979,2,0.75,1,0.05,0.1,374,162.0,0.43315508021390375,0.5668449197860963
4,pilot,14000,0.0979020979020979,2,0.75,2,0.1,0.2,899,510.0,0.5672969966629589,0.43270300333704115
4,pilot,14000,0.0979020979020979,2,0.75,3,0.2,0.4,1372,949.0,0.6916909620991254,0.3083090379008746
4,pilot,14000,0.0979020979020979,2,0.75,4,0.4,1.01,1841,1702.0,0.9244975556762629,0.0755024443237371
4,pilot,14000,0.0979020979020979,2,1.0,0,0.0,0.05,122,32.0,0.26229508196721313,0.7377049180327868
4,pilot,14000,0.0979020979020979,2,1.0,1,0.05,0.1,374,114.0,0.3048128342245989,0.6951871657754011
4,pilot,14000,0.0979020979020979,2,1.0,2,0.1,0.2,899,361.0,0.40155728587319245,0.5984427141268076
4,pilot,14000,0.0979020979020979,2,1.0,3,0.2,0.4,1372,746.0,0.543731778425656,0.456268221574344
4,pilot,14000,0.0979020979020979,2,1.0,4,0.4,1.01,1841,1461.0,0.7935904399782727,0.20640956002172728
4,pilot,14000,0.0979020979020979,3,0.25,0,0.0,0.05,122,101.0,0.8278688524590164,0.17213114754098358
4,pilot,14000,0.0979020979020979,3,0.25,1,0.05,0.1,374,312.0,0.8342245989304813,0.1657754010695187
4,pilot,14000,0.0979020979020979,3,0.25,2,0.1,0.2,899,791.0,0.8798665183537263,0.12013348164627369
4,pilot,14000,0.0979020979020979,3,0.25,3,0.2,0.4,1372,1299.0,0.9467930029154519,0.053206997084548124
4,pilot,14000,0.0979020979020979,3,0.25,4,0.4,1.01,1841,1832.0,0.9951113525258012,0.004888647474198815
4,pilot,14000,0.0979020979020979,3,0.5,0,0.0,0.05,122,73.0,0.5983606557377049,0.4016393442622951
4,pilot,14000,0.0979020979020979,3,0.5,1,0.05,0.1,374,256.0,0.6844919786096256,0.31550802139037437
4,pilot,14000,0.0979020979020979,3,0.5,2,0.1,0.2,899,692.0,0.7697441601779755,0.23025583982202447
4,pilot,14000,0.0979020979020979,3,0.5,3,0.2,0.4,1372,1214.0,0.8848396501457726,0.1151603498542274
4,pilot,14000,0.0979020979020979,3,0.5,4,0.4,1.01,1841,1802.0,0.9788158609451385,0.021184139054861495
4,pilot,14000,0.0979020979020979,3,0.75,0,0.0,0.05,122,63.0,0.5163934426229508,0.48360655737704916
4,pilot,14000,0.0979020979020979,3,0.75,1,0.05,0.1,374,216.0,0.5775401069518716,0.42245989304812837
4,pilot,14000,0.0979020979020979,3,0.75,2,0.1,0.2,899,606.0,0.6740823136818688,0.32591768631813123
4,pilot,14000,0.0979020979020979,3,0.75,3,0.2,0.4,1372,1126.0,0.8206997084548106,0.17930029154518945
4,pilot,14000,0.0979020979020979,3,0.75,4,0.4,1.01,1841,1748.0,0.9494839760999457,0.050516023900054274
4,pilot,14000,0.0979020979020979,3,1.0,0,0.0,0.05,122,45.0,0.36885245901639346,0.6311475409836065
4,pilot,14000,0.0979020979020979,3,1.0,1,0.05,0.1,374,167.0,0.446524064171123,0.553475935828877
4,pilot,14000,0.0979020979020979,3,1.0,2,0.1,0.2,899,507.0,0.5639599555061179,0.4360400444938821
4,pilot,14000,0.0979020979020979,3,1.0,3,0.2,0.4,1372,1001.0,0.7295918367346939,0.27040816326530615
4,pilot,14000,0.0979020979020979,3,1.0,4,0.4,1.01,1841,1670.0,0.9071156979902227,0.09288430200977726
4,pilot,14000,0.0979020979020979,4,0.25,0,0.0,0.05,122,87.0,0.7131147540983607,0.28688524590163933
4,pilot,14000,0.0979020979020979,4,0.25,1,0.05,0.1,374,316.0,0.8449197860962567,0.15508021390374327
4,pilot,14000,0.0979020979020979,4,0.25,2,0.1,0.2,899,800.0,0.8898776418242491,0.11012235817575089
4,pilot,14000,0.0979020979020979,4,0.25,3,0.2,0.4,1372,1292.0,0.9416909620991254,0.058309037900874605
4,pilot,14000,0.0979020979020979,4,0.25,4,0.4,1.01,1841,1832.0,0.9951113525258012,0.004888647474198815
4,pilot,14000,0.0979020979020979,4,0.5,0,0.0,0.05,122,70.0,0.5737704918032787,0.42622950819672134
4,pilot,14000,0.0979020979020979,4,0.5,1,0.05,0.1,374,249.0,0.6657754010695187,0.3342245989304813
4,pilot,14000,0.0979020979020979,4,0.5,2,0.1,0.2,899,699.0,0.7775305895439377,0.22246941045606228
4,pilot,14000,0.0979020979020979,4,0.5,3,0.2,0.4,1372,1191.0,0.8680758017492711,0.13192419825072887
4,pilot,14000,0.0979020979020979,4,0.5,4,0.4,1.01,1841,1801.0,0.9782726778924498,0.02172732210755024
4,pilot,14000,0.0979020979020979,4,0.75,0,0.0,0.05,122,52.0,0.4262295081967213,0.5737704918032787
4,pilot,14000,0.0979020979020979,4,0.75,1,0.05,0.1,374,189.0,0.5053475935828877,0.4946524064171123
4,pilot,14000,0.0979020979020979,4,0.75,2,0.1,0.2,899,567.0,0.6307007786429366,0.3692992213570634
4,pilot,14000,0.0979020979020979,4,0.75,3,0.2,0.4,1372,1062.0,0.7740524781341108,0.22594752186588918
4,pilot,14000,0.0979020979020979,4,0.75,4,0.4,1.01,1841,1737.0,0.9435089625203693,0.05649103747963069
4,pilot,14000,0.0979020979020979,4,1.0,0,0.0,0.05,122,40.0,0.32786885245901637,0.6721311475409837
4,pilot,14000,0.0979020979020979,4,1.0,1,0.05,0.1,374,134.0,0.3582887700534759,0.6417112299465241
4,pilot,14000,0.0979020979020979,4,1.0,2,0.1,0.2,899,424.0,0.47163515016685204,0.5283648498331479
4,pilot,14000,0.0979020979020979,4,1.0,3,0.2,0.4,1372,834.0,0.607871720116618,0.39212827988338195
4,pilot,14000,0.0979020979020979,4,1.0,4,0.4,1.01,1841,1514.0,0.8223791417707768,0.17762085822922324
4,pilot,14000,0.0979020979020979,5,0.25,0,0.0,0.05,122,95.0,0.7786885245901639,0.2213114754098361
4,pilot,14000,0.0979020979020979,5,0.25,1,0.05,0.1,374,307.0,0.820855614973262,0.17914438502673802
4,pilot,14000,0.0979020979020979,5,0.25,2,0.1,0.2,899,807.0,0.8976640711902113,0.1023359288097887
4,pilot,14000,0.0979020979020979,5,0.25,3,0.2,0.4,1372,1304.0,0.9504373177842566,0.04956268221574345
4,pilot,14000,0.0979020979020979,5,0.25,4,0.4,1.01,1841,1839.0,0.9989136338946225,0.0010863661053774898
4,pilot,14000,0.0979020979020979,5,0.5,0,0.0,0.05,122,73.0,0.5983606557377049,0.4016393442622951
4,pilot,14000,0.0979020979020979,5,0.5,1,0.05,0.1,374,260.0,0.6951871657754011,0.3048128342245989
4,pilot,14000,0.0979020979020979,5,0.5,2,0.1,0.2,899,709.0,0.7886540600667408,0.21134593993325923
4,pilot,14000,0.0979020979020979,5,0.5,3,0.2,0.4,1372,1240.0,0.9037900874635568,0.09620991253644318
4,pilot,14000,0.0979020979020979,5,0.5,4,0.4,1.01,1841,1817.0,0.9869636067354699,0.0130363932645301
4,pilot,14000,0.0979020979020979,5,0.75,0,0.0,0.05,122,63.0,0.5163934426229508,0.48360655737704916
4,pilot,14000,0.0979020979020979,5,0.75,1,0.05,0.1,374,216.0,0.5775401069518716,0.42245989304812837
4,pilot,14000,0.0979020979020979,5,0.75,2,0.1,0.2,899,609.0,0.6774193548387096,0.32258064516129037
4,pilot,14000,0.0979020979020979,5,0.75,3,0.2,0.4,1372,1148.0,0.8367346938775511,0.16326530612244894
4,pilot,14000,0.0979020979020979,5,0.75,4,0.4,1.01,1841,1778.0,0.9657794676806084,0.034220532319391594
4,pilot,14000,0.0979020979020979,5,1.0,0,0.0,0.05,122,52.0,0.4262295081967213,0.5737704918032787
4,pilot,14000,0.0979020979020979,5,1.0,1,0.05,0.1,374,185.0,0.4946524064171123,0.5053475935828877
4,pilot,14000,0.0979020979020979,5,1.0,2,0.1,0.2,899,525.0,0.5839822024471635,0.4160177975528365
4,pilot,14000,0.0979020979020979,5,1.0,3,0.2,0.4,1372,1058.0,0.7711370262390671,0.2288629737609329
4,pilot,14000,0.0979020979020979,5,1.0,4,0.4,1.01,1841,1713.0,0.9304725692558392,0.06952743074416079
4,pilot,14000,0.0979020979020979,6,0.25,0,0.0,0.05,122,96.0,0.7868852459016393,0.21311475409836067
4,pilot,14000,0.0979020979020979,6,0.25,1,0.05,0.1,374,308.0,0.8235294117647058,0.17647058823529416
4,pilot,14000,0.0979020979020979,6,0.25,2,0.1,0.2,899,792.0,0.8809788654060067,0.11902113459399333
4,pilot,14000,0.0979020979020979,6,0.25,3,0.2,0.4,1372,1301.0,0.9482507288629738,0.05174927113702621
4,pilot,14000,0.0979020979020979,6,0.25,4,0.4,1.01,1841,1831.0,0.9945681694731124,0.00543183052688756
4,pilot,14000,0.0979020979020979,6,0.5,0,0.0,0.05,122,77.0,0.6311475409836066,0.3688524590163934
4,pilot,14000,0.0979020979020979,6,0.5,1,0.05,0.1,374,247.0,0.660427807486631,0.339572192513369
4,pilot,14000,0.0979020979020979,6,0.5,2,0.1,0.2,899,691.0,0.7686318131256952,0.23136818687430483
4,pilot,14000,0.0979020979020979,6,0.5,3,0.2,0.4,1372,1220.0,0.8892128279883382,0.11078717201166177
4,pilot,14000,0.0979020979020979,6,0.5,4,0.4,1.01,1841,1797.0,0.9760999456816948,0.02390005431830522
4,pilot,14000,0.0979020979020979,6,0.75,0,0.0,0.05,122,57.0,0.4672131147540984,0.5327868852459017
4,pilot,14000,0.0979020979020979,6,0.75,1,0.05,0.1,374,190.0,0.5080213903743316,0.4919786096256684
4,pilot,14000,0.0979020979020979,6,0.75,2,0.1,0.2,899,583.0,0.6484983314794216,0.3515016685205784
4,pilot,14000,0.0979020979020979,6,0.75,3,0.2,0.4,1372,1107.0,0.8068513119533528,0.1931486880466472
4,pilot,14000,0.0979020979020979,6,0.75,4,0.4,1.01,1841,1723.0,0.9359043997827268,0.06409560021727323
4,pilot,14000,0.0979020979020979,6,1.0,0,0.0,0.05,122,50.0,0.4098360655737705,0.5901639344262295
4,pilot,14000,0.0979020979020979,6,1.0,1,0.05,0.1,374,152.0,0.40641711229946526,0.5935828877005347
4,pilot,14000,0.0979020979020979,6,1.0,2,0.1,0.2,899,490.0,0.5450500556173526,0.45494994438264735
4,pilot,14000,0.0979020979020979,6,1.0,3,0.2,0.4,1372,958.0,0.6982507288629738,0.3017492711370262
4,pilot,14000,0.0979020979020979,6,1.0,4,0.4,1.01,1841,1577.0,0.8565996740901684,0.14340032590983165
4,pilot,14000,0.0979020979020979,7,0.25,0,0.0,0.05,122,98.0,0.8032786885245902,0.19672131147540983
4,pilot,14000,0.0979020979020979,7,0.25,1,0.05,0.1,374,329.0,0.8796791443850267,0.1203208556149733
4,pilot,14000,0.0979020979020979,7,0.25,2,0.1,0.2,899,812.0,0.9032258064516129,0.09677419354838712
4,pilot,14000,0.0979020979020979,7,0.25,3,0.2,0.4,1372,1310.0,0.9548104956268222,0.04518950437317781
4,pilot,14000,0.0979020979020979,7,0.25,4,0.4,1.01,1841,1835.0,0.9967409016838674,0.0032590983161325804
4,pilot,14000,0.0979020979020979,7,0.5,0,0.0,0.05,122,77.0,0.6311475409836066,0.3688524590163934
4,pilot,14000,0.0979020979020979,7,0.5,1,0.05,0.1,374,288.0,0.7700534759358288,0.22994652406417115
4,pilot,14000,0.0979020979020979,7,0.5,2,0.1,0.2,899,727.0,0.8086763070077865,0.19132369299221352
4,pilot,14000,0.0979020979020979,7,0.5,3,0.2,0.4,1372,1234.0,0.8994169096209913,0.1005830903790087
4,pilot,14000,0.0979020979020979,7,0.5,4,0.4,1.01,1841,1827.0,0.9923954372623575,0.0076045627376425395
4,pilot,14000,0.0979020979020979,7,0.75,0,0.0,0.05,122,63.0,0.5163934426229508,0.48360655737704916
4,pilot,14000,0.0979020979020979,7,0.75,1,0.05,0.1,374,253.0,0.6764705882352942,0.32352941176470584
4,pilot,14000,0.0979020979020979,7,0.75,2,0.1,0.2,899,650.0,0.7230255839822024,0.2769744160177976
4,pilot,14000,0.0979020979020979,7,0.75,3,0.2,0.4,1372,1138.0,0.8294460641399417,0.1705539358600583
4,pilot,14000,0.0979020979020979,7,0.75,4,0.4,1.01,1841,1809.0,0.9826181423139598,0.01738185768604017
4,pilot,14000,0.0979020979020979,7,1.0,0,0.0,0.05,122,56.0,0.45901639344262296,0.540983606557377
4,pilot,14000,0.0979020979020979,7,1.0,1,0.05,0.1,374,218.0,0.5828877005347594,0.41711229946524064
4,pilot,14000,0.0979020979020979,7,1.0,2,0.1,0.2,899,577.0,0.6418242491657397,0.35817575083426034
4,pilot,14000,0.0979020979020979,7,1.0,3,0.2,0.4,1372,1046.0,0.7623906705539358,0.23760932944606417
4,pilot,14000,0.0979020979020979,7,1.0,4,0.4,1.01,1841,1758.0,0.9549158066268333,0.045084193373166714
4,pilot,14000,0.0979020979020979,8,0.25,0,0.0,0.05,122,97.0,0.7950819672131147,0.20491803278688525
4,pilot,14000,0.0979020979020979,8,0.25,1,0.05,0.1,374,325.0,0.8689839572192514,0.13101604278074863
4,pilot,14000,0.0979020979020979,8,0.25,2,0.1,0.2,899,820.0,0.9121245828698554,0.08787541713014457
4,pilot,14000,0.0979020979020979,8,0.25,3,0.2,0.4,1372,1317.0,0.9599125364431487,0.04008746355685133
4,pilot,14000,0.0979020979020979,8,0.25,4,0.4,1.01,1841,1833.0,0.9956545355784899,0.00434546442151007
4,pilot,14000,0.0979020979020979,8,0.5,0,0.0,0.05,122,77.0,0.6311475409836066,0.3688524590163934
4,pilot,14000,0.0979020979020979,8,0.5,1,0.05,0.1,374,285.0,0.7620320855614974,0.23796791443850263
4,pilot,14000,0.0979020979020979,8,0.5,2,0.1,0.2,899,739.0,0.8220244716351501,0.17797552836484987
4,pilot,14000,0.0979020979020979,8,0.5,3,0.2,0.4,1372,1246.0,0.9081632653061225,0.09183673469387754
4,pilot,14000,0.0979020979020979,8,0.5,4,0.4,1.01,1841,1820.0,0.9885931558935361,0.011406844106463865
4,pilot,14000,0.0979020979020979,8,0.75,0,0.0,0.05,122,63.0,0.5163934426229508,0.48360655737704916
4,pilot,14000,0.0979020979020979,8,0.75,1,0.05,0.1,374,226.0,0.6042780748663101,0.39572192513368987
4,pilot,14000,0.0979020979020979,8,0.75,2,0.1,0.2,899,641.0,0.7130144605116796,0.2869855394883204
4,pilot,14000,0.0979020979020979,8,0.75,3,0.2,0.4,1372,1180.0,0.8600583090379009,0.13994169096209907
4,pilot,14000,0.0979020979020979,8,0.75,4,0.4,1.01,1841,1802.0,0.9788158609451385,0.021184139054861495
4,pilot,14000,0.0979020979020979,8,1.0,0,0.0,0.05,122,52.0,0.4262295081967213,0.5737704918032787
4,pilot,14000,0.0979020979020979,8,1.0,1,0.05,0.1,374,193.0,0.516042780748663,0.48395721925133695
4,pilot,14000,0.0979020979020979,8,1.0,2,0.1,0.2,899,567.0,0.6307007786429366,0.3692992213570634
4,pilot,14000,0.0979020979020979,8,1.0,3,0.2,0.4,1372,1069.0,0.7791545189504373,0.2208454810495627
4,pilot,14000,0.0979020979020979,8,1.0,4,0.4,1.01,1841,1758.0,0.9549158066268333,0.045084193373166714
4,pilot,14000,0.0979020979020979,9,0.25,0,0.0,0.05,122,100.0,0.819672131147541,0.180327868852459
4,pilot,14000,0.0979020979020979,9,0.25,1,0.05,0.1,374,317.0,0.8475935828877005,0.15240641711229952
4,pilot,14000,0.0979020979020979,9,0.25,2,0.1,0.2,899,790.0,0.8787541713014461,0.12124582869855394
4,pilot,14000,0.0979020979020979,9,0.25,3,0.2,0.4,1372,1300.0,0.9475218658892128,0.05247813411078717
4,pilot,14000,0.0979020979020979,9,0.25,4,0.4,1.01,1841,1833.0,0.9956545355784899,0.00434546442151007
4,pilot,14000,0.0979020979020979,9,0.5,0,0.0,0.05,122,74.0,0.6065573770491803,0.39344262295081966
4,pilot,14000,0.0979020979020979,9,0.5,1,0.05,0.1,374,249.0,0.6657754010695187,0.3342245989304813
4,pilot,14000,0.0979020979020979,9,0.5,2,0.1,0.2,899,707.0,0.7864293659621802,0.21357063403781984
4,pilot,14000,0.0979020979020979,9,0.5,3,0.2,0.4,1372,1219.0,0.8884839650145773,0.11151603498542273
4,pilot,14000,0.0979020979020979,9,0.5,4,0.4,1.01,1841,1811.0,0.9837045084193373,0.01629549158066268
4,pilot,14000,0.0979020979020979,9,0.75,0,0.0,0.05,122,55.0,0.45081967213114754,0.5491803278688525
4,pilot,14000,0.0979020979020979,9,0.75,1,0.05,0.1,374,205.0,0.5481283422459893,0.4518716577540107
4,pilot,14000,0.0979020979020979,9,0.75,2,0.1,0.2,899,598.0,0.6651835372636262,0.3348164627363738
4,pilot,14000,0.0979020979020979,9,0.75,3,0.2,0.4,1372,1131.0,0.8243440233236151,0.17565597667638488
4,pilot,14000,0.0979020979020979,9,0.75,4,0.4,1.01,1841,1773.0,0.9630635524171646,0.03693644758283543
4,pilot,14000,0.0979020979020979,9,1.0,0,0.0,0.05,122,45.0,0.36885245901639346,0.6311475409836065
4,pilot,14000,0.0979020979020979,9,1.0,1,0.05,0.1,374,168.0,0.44919786096256686,0.5508021390374331
4,pilot,14000,0.0979020979020979,9,1.0,2,0.1,0.2,899,497.0,0.5528364849833148,0.44716351501668516
4,pilot,14000,0.0979020979020979,9,1.0,3,0.2,0.4,1372,1031.0,0.7514577259475219,0.24854227405247808
4,pilot,14000,0.0979020979020979,9,1.0,4,0.4,1.01,1841,1711.0,0.9293862031504617,0.07061379684953828
4,pilot,14000,0.0979020979020979,10,0.25,0,0.0,0.05,122,91.0,0.7459016393442623,0.25409836065573765
4,pilot,14000,0.0979020979020979,10,0.25,1,0.05,0.1,374,300.0,0.8021390374331551,0.19786096256684493
4,pilot,14000,0.0979020979020979,10,0.25,2,0.1,0.2,899,781.0,0.8687430478309233,0.13125695216907673
4,pilot,14000,0.0979020979020979,10,0.25,3,0.2,0.4,1372,1287.0,0.9380466472303207,0.06195335276967928
4,pilot,14000,0.0979020979020979,10,0.25,4,0.4,1.01,1841,1827.0,0.9923954372623575,0.0076045627376425395
4,pilot,14000,0.0979020979020979,10,0.5,0,0.0,0.05,122,62.0,0.5081967213114754,0.4918032786885246
4,pilot,14000,0.0979020979020979,10,0.5,1,0.05,0.1,374,255.0,0.6818181818181818,0.31818181818181823
4,pilot,14000,0.0979020979020979,10,0.5,2,0.1,0.2,899,674.0,0.7497219132369299,0.25027808676307006
4,pilot,14000,0.0979020979020979,10,0.5,3,0.2,0.4,1372,1182.0,0.8615160349854227,0.13848396501457727
4,pilot,14000,0.0979020979020979,10,0.5,4,0.4,1.01,1841,1792.0,0.973384030418251,0.026615969581749055
4,pilot,14000,0.0979020979020979,10,0.75,0,0.0,0.05,122,50.0,0.4098360655737705,0.5901639344262295
4,pilot,14000,0.0979020979020979,10,0.75,1,0.05,0.1,374,214.0,0.5721925133689839,0.4278074866310161
4,pilot,14000,0.0979020979020979,10,0.75,2,0.1,0.2,899,587.0,0.6529477196885428,0.3470522803114572
4,pilot,14000,0.0979020979020979,10,0.75,3,0.2,0.4,1372,1080.0,0.7871720116618076,0.2128279883381924
4,pilot,14000,0.0979020979020979,10,0.75,4,0.4,1.01,1841,1754.0,0.9527430744160782,0.047256925583921805
4,pilot,14000,0.0979020979020979,10,1.0,0,0.0,0.05,122,42.0,0.3442622950819672,0.6557377049180328
4,pilot,14000,0.0979020979020979,10,1.0,1,0.05,0.1,374,178.0,0.47593582887700536,0.5240641711229946
4,pilot,14000,0.0979020979020979,10,1.0,2,0.1,0.2,899,507.0,0.5639599555061179,0.4360400444938821
4,pilot,14000,0.0979020979020979,10,1.0,3,0.2,0.4,1372,969.0,0.706268221574344,0.293731778425656
4,pilot,14000,0.0979020979020979,10,1.0,4,0.4,1.01,1841,1686.0,0.9158066268332428,0.08419337316675723
4,pilot,72000,0.5034965034965035,1,0.25,0,0.0,0.05,106,80.0,0.7547169811320755,0.24528301886792447
4,pilot,72000,0.5034965034965035,1,0.25,1,0.05,0.1,352,290.0,0.8238636363636364,0.17613636363636365
4,pilot,72000,0.5034965034965035,1,0.25,2,0.1,0.2,793,687.0,0.8663303909205549,0.13366960907944514
4,pilot,72000,0.5034965034965035,1,0.25,3,0.2,0.4,1357,1273.0,0.9380987472365512,0.06190125276344882
4,pilot,72000,0.5034965034965035,1,0.25,4,0.4,1.01,2000,1987.0,0.9935,0.00649999999999995
4,pilot,72000,0.5034965034965035,1,0.5,0,0.0,0.05,106,57.0,0.5377358490566038,0.46226415094339623
4,pilot,72000,0.5034965034965035,1,0.5,1,0.05,0.1,352,230.0,0.6534090909090909,0.34659090909090906
4,pilot,72000,0.5034965034965035,1,0.5,2,0.1,0.2,793,559.0,0.7049180327868853,0.29508196721311475
4,pilot,72000,0.5034965034965035,1,0.5,3,0.2,0.4,1357,1141.0,0.840825350036846,0.159174649963154
4,pilot,72000,0.5034965034965035,1,0.5,4,0.4,1.01,2000,1951.0,0.9755,0.024499999999999966
4,pilot,72000,0.5034965034965035,1,0.75,0,0.0,0.05,106,40.0,0.37735849056603776,0.6226415094339622
4,pilot,72000,0.5034965034965035,1,0.75,1,0.05,0.1,352,170.0,0.48295454545454547,0.5170454545454546
4,pilot,72000,0.5034965034965035,1,0.75,2,0.1,0.2,793,446.0,0.562421185372005,0.43757881462799497
4,pilot,72000,0.5034965034965035,1,0.75,3,0.2,0.4,1357,982.0,0.7236551215917465,0.2763448784082535
4,pilot,72000,0.5034965034965035,1,0.75,4,0.4,1.01,2000,1872.0,0.936,0.06399999999999995
4,pilot,72000,0.5034965034965035,1,1.0,0,0.0,0.05,106,22.0,0.20754716981132076,0.7924528301886793
4,pilot,72000,0.5034965034965035,1,1.0,1,0.05,0.1,352,104.0,0.29545454545454547,0.7045454545454546
4,pilot,72000,0.5034965034965035,1,1.0,2,0.1,0.2,793,318.0,0.4010088272383354,0.5989911727616646
4,pilot,72000,0.5034965034965035,1,1.0,3,0.2,0.4,1357,761.0,0.5607958732498157,0.4392041267501843
4,pilot,72000,0.5034965034965035,1,1.0,4,0.4,1.01,2000,1646.0,0.823,0.17700000000000005
4,pilot,72000,0.5034965034965035,2,0.25,0,0.0,0.05,106,70.0,0.660377358490566,0.339622641509434
4,pilot,72000,0.5034965034965035,2,0.25,1,0.05,0.1,352,273.0,0.7755681818181818,0.22443181818181823
4,pilot,72000,0.5034965034965035,2,0.25,2,0.1,0.2,793,679.0,0.8562421185372006,0.14375788146279944
4,pilot,72000,0.5034965034965035,2,0.25,3,0.2,0.4,1357,1235.0,0.9100957995578481,0.08990420044215186
4,pilot,72000,0.5034965034965035,2,0.25,4,0.4,1.01,2000,1982.0,0.991,0.009000000000000008
4,pilot,72000,0.5034965034965035,2,0.5,0,0.0,0.05,106,42.0,0.39622641509433965,0.6037735849056604
4,pilot,72000,0.5034965034965035,2,0.5,1,0.05,0.1,352,208.0,0.5909090909090909,0.40909090909090906
4,pilot,72000,0.5034965034965035,2,0.5,2,0.1,0.2,793,553.0,0.6973518284993695,0.3026481715006305
4,pilot,72000,0.5034965034965035,2,0.5,3,0.2,0.4,1357,1085.0,0.7995578481945468,0.20044215180545322
4,pilot,72000,0.5034965034965035,2,0.5,4,0.4,1.01,2000,1926.0,0.963,0.03700000000000003
4,pilot,72000,0.5034965034965035,2,0.75,0,0.0,0.05,106,27.0,0.25471698113207547,0.7452830188679245
4,pilot,72000,0.5034965034965035,2,0.75,1,0.05,0.1,352,163.0,0.4630681818181818,0.5369318181818181
4,pilot,72000,0.5034965034965035,2,0.75,2,0.1,0.2,793,405.0,0.510718789407314,0.48928121059268603
4,pilot,72000,0.5034965034965035,2,0.75,3,0.2,0.4,1357,885.0,0.6521739130434783,0.34782608695652173
4,pilot,72000,0.5034965034965035,2,0.75,4,0.4,1.01,2000,1773.0,0.8865,0.11350000000000005
4,pilot,72000,0.5034965034965035,2,1.0,0,0.0,0.05,106,20.0,0.18867924528301888,0.8113207547169812
4,pilot,72000,0.5034965034965035,2,1.0,1,0.05,0.1,352,95.0,0.26988636363636365,0.7301136363636364
4,pilot,72000,0.5034965034965035,2,1.0,2,0.1,0.2,793,279.0,0.35182849936948296,0.6481715006305171
4,pilot,72000,0.5034965034965035,2,1.0,3,0.2,0.4,1357,654.0,0.4819454679439941,0.5180545320560059
4,pilot,72000,0.5034965034965035,2,1.0,4,0.4,1.01,2000,1491.0,0.7455,0.25449999999999995
4,pilot,72000,0.5034965034965035,3,0.25,0,0.0,0.05,106,82.0,0.7735849056603774,0.2264150943396226
4,pilot,72000,0.5034965034965035,3,0.25,1,0.05,0.1,352,292.0,0.8295454545454546,0.17045454545454541
4,pilot,72000,0.5034965034965035,3,0.25,2,0.1,0.2,793,686.0,0.8650693568726355,0.13493064312736447
4,pilot,72000,0.5034965034965035,3,0.25,3,0.2,0.4,1357,1260.0,0.9285187914517318,0.07148120854826823
4,pilot,72000,0.5034965034965035,3,0.25,4,0.4,1.01,2000,1979.0,0.9895,0.010499999999999954
4,pilot,72000,0.5034965034965035,3,0.5,0,0.0,0.05,106,65.0,0.6132075471698113,0.3867924528301887
4,pilot,72000,0.5034965034965035,3,0.5,1,0.05,0.1,352,234.0,0.6647727272727273,0.3352272727272727
4,pilot,72000,0.5034965034965035,3,0.5,2,0.1,0.2,793,589.0,0.742749054224464,0.257250945775536
4,pilot,72000,0.5034965034965035,3,0.5,3,0.2,0.4,1357,1165.0,0.8585114222549742,0.14148857774502577
4,pilot,72000,0.5034965034965035,3,0.5,4,0.4,1.01,2000,1956.0,0.978,0.02200000000000002
4,pilot,72000,0.5034965034965035,3,0.75,0,0.0,0.05,106,47.0,0.44339622641509435,0.5566037735849056
4,pilot,72000,0.5034965034965035,3,0.75,1,0.05,0.1,352,193.0,0.5482954545454546,0.4517045454545454
4,pilot,72000,0.5034965034965035,3,0.75,2,0.1,0.2,793,481.0,0.6065573770491803,0.39344262295081966
4,pilot,72000,0.5034965034965035,3,0.75,3,0.2,0.4,1357,1051.0,0.7745025792188651,0.22549742078113488
4,pilot,72000,0.5034965034965035,3,0.75,4,0.4,1.01,2000,1887.0,0.9435,0.056499999999999995
4,pilot,72000,0.5034965034965035,3,1.0,0,0.0,0.05,106,31.0,0.29245283018867924,0.7075471698113207
4,pilot,72000,0.5034965034965035,3,1.0,1,0.05,0.1,352,141.0,0.4005681818181818,0.5994318181818181
4,pilot,72000,0.5034965034965035,3,1.0,2,0.1,0.2,793,372.0,0.4691046658259773,0.5308953341740227
4,pilot,72000,0.5034965034965035,3,1.0,3,0.2,0.4,1357,879.0,0.6477523949889462,0.3522476050110538
4,pilot,72000,0.5034965034965035,3,1.0,4,0.4,1.01,2000,1768.0,0.884,0.11599999999999999
4,pilot,72000,0.5034965034965035,4,0.25,0,0.0,0.05,106,73.0,0.6886792452830188,0.3113207547169812
4,pilot,72000,0.5034965034965035,4,0.25,1,0.05,0.1,352,298.0,0.8465909090909091,0.15340909090909094
4,pilot,72000,0.5034965034965035,4,0.25,2,0.1,0.2,793,666.0,0.8398486759142497,0.16015132408575028
4,pilot,72000,0.5034965034965035,4,0.25,3,0.2,0.4,1357,1272.0,0.9373618275607959,0.06263817243920411
4,pilot,72000,0.5034965034965035,4,0.25,4,0.4,1.01,2000,1989.0,0.9945,0.005499999999999949
4,pilot,72000,0.5034965034965035,4,0.5,0,0.0,0.05,106,50.0,0.4716981132075472,0.5283018867924528
4,pilot,72000,0.5034965034965035,4,0.5,1,0.05,0.1,352,224.0,0.6363636363636364,0.36363636363636365
4,pilot,72000,0.5034965034965035,4,0.5,2,0.1,0.2,793,543.0,0.6847414880201765,0.31525851197982346
4,pilot,72000,0.5034965034965035,4,0.5,3,0.2,0.4,1357,1145.0,0.8437730287398674,0.15622697126013263
4,pilot,72000,0.5034965034965035,4,0.5,4,0.4,1.01,2000,1950.0,0.975,0.025000000000000022
4,pilot,72000,0.5034965034965035,4,0.75,0,0.0,0.05,106,34.0,0.32075471698113206,0.679245283018868
4,pilot,72000,0.5034965034965035,4,0.75,1,0.05,0.1,352,161.0,0.45738636363636365,0.5426136363636364
4,pilot,72000,0.5034965034965035,4,0.75,2,0.1,0.2,793,427.0,0.5384615384615384,0.46153846153846156
4,pilot,72000,0.5034965034965035,4,0.75,3,0.2,0.4,1357,972.0,0.7162859248341931,0.28371407516580693
4,pilot,72000,0.5034965034965035,4,0.75,4,0.4,1.01,2000,1845.0,0.9225,0.07750000000000001
4,pilot,72000,0.5034965034965035,4,1.0,0,0.0,0.05,106,14.0,0.1320754716981132,0.8679245283018868
4,pilot,72000,0.5034965034965035,4,1.0,1,0.05,0.1,352,86.0,0.24431818181818182,0.7556818181818181
4,pilot,72000,0.5034965034965035,4,1.0,2,0.1,0.2,793,265.0,0.33417402269861285,0.6658259773013872
4,pilot,72000,0.5034965034965035,4,1.0,3,0.2,0.4,1357,696.0,0.5128960943257185,0.4871039056742815
4,pilot,72000,0.5034965034965035,4,1.0,4,0.4,1.01,2000,1536.0,0.768,0.23199999999999998
4,pilot,72000,0.5034965034965035,5,0.25,0,0.0,0.05,106,73.0,0.6886792452830188,0.3113207547169812
4,pilot,72000,0.5034965034965035,5,0.25,1,0.05,0.1,352,284.0,0.8068181818181818,0.19318181818181823
4,pilot,72000,0.5034965034965035,5,0.25,2,0.1,0.2,793,690.0,0.8701134930643127,0.12988650693568726
4,pilot,72000,0.5034965034965035,5,0.25,3,0.2,0.4,1357,1275.0,0.9395725865880619,0.060427413411938136
4,pilot,72000,0.5034965034965035,5,0.25,4,0.4,1.01,2000,1993.0,0.9965,0.0034999999999999476
4,pilot,72000,0.5034965034965035,5,0.5,0,0.0,0.05,106,52.0,0.49056603773584906,0.5094339622641509
4,pilot,72000,0.5034965034965035,5,0.5,1,0.05,0.1,352,225.0,0.6392045454545454,0.3607954545454546
4,pilot,72000,0.5034965034965035,5,0.5,2,0.1,0.2,793,607.0,0.7654476670870114,0.2345523329129886
4,pilot,72000,0.5034965034965035,5,0.5,3,0.2,0.4,1357,1161.0,0.8555637435519529,0.14443625644804714
4,pilot,72000,0.5034965034965035,5,0.5,4,0.4,1.01,2000,1957.0,0.9785,0.021499999999999964
4,pilot,72000,0.5034965034965035,5,0.75,0,0.0,0.05,106,40.0,0.37735849056603776,0.6226415094339622
4,pilot,72000,0.5034965034965035,5,0.75,1,0.05,0.1,352,185.0,0.5255681818181818,0.47443181818181823
4,pilot,72000,0.5034965034965035,5,0.75,2,0.1,0.2,793,510.0,0.6431273644388399,0.3568726355611601
4,pilot,72000,0.5034965034965035,5,0.75,3,0.2,0.4,1357,1054.0,0.7767133382461312,0.2232866617538688
4,pilot,72000,0.5034965034965035,5,0.75,4,0.4,1.01,2000,1893.0,0.9465,0.05349999999999999
4,pilot,72000,0.5034965034965035,5,1.0,0,0.0,0.05,106,28.0,0.2641509433962264,0.7358490566037736
4,pilot,72000,0.5034965034965035,5,1.0,1,0.05,0.1,352,157.0,0.4460227272727273,0.5539772727272727
4,pilot,72000,0.5034965034965035,5,1.0,2,0.1,0.2,793,439.0,0.5535939470365699,0.44640605296343006
4,pilot,72000,0.5034965034965035,5,1.0,3,0.2,0.4,1357,965.0,0.7111274871039057,0.2888725128960943
4,pilot,72000,0.5034965034965035,5,1.0,4,0.4,1.01,2000,1798.0,0.899,0.10099999999999998
4,pilot,72000,0.5034965034965035,6,0.25,0,0.0,0.05,106,64.0,0.6037735849056604,0.39622641509433965
4,pilot,72000,0.5034965034965035,6,0.25,1,0.05,0.1,352,288.0,0.8181818181818182,0.18181818181818177
4,pilot,72000,0.5034965034965035,6,0.25,2,0.1,0.2,793,689.0,0.8688524590163934,0.1311475409836066
4,pilot,72000,0.5034965034965035,6,0.25,3,0.2,0.4,1357,1257.0,0.9263080324244657,0.07369196757553431
4,pilot,72000,0.5034965034965035,6,0.25,4,0.4,1.01,2000,1991.0,0.9955,0.0044999999999999485
4,pilot,72000,0.5034965034965035,6,0.5,0,0.0,0.05,106,43.0,0.4056603773584906,0.5943396226415094
4,pilot,72000,0.5034965034965035,6,0.5,1,0.05,0.1,352,224.0,0.6363636363636364,0.36363636363636365
4,pilot,72000,0.5034965034965035,6,0.5,2,0.1,0.2,793,560.0,0.7061790668348046,0.2938209331651954
4,pilot,72000,0.5034965034965035,6,0.5,3,0.2,0.4,1357,1138.0,0.8386145910095799,0.1613854089904201
4,pilot,72000,0.5034965034965035,6,0.5,4,0.4,1.01,2000,1940.0,0.97,0.030000000000000027
4,pilot,72000,0.5034965034965035,6,0.75,0,0.0,0.05,106,31.0,0.29245283018867924,0.7075471698113207
4,pilot,72000,0.5034965034965035,6,0.75,1,0.05,0.1,352,169.0,0.48011363636363635,0.5198863636363636
4,pilot,72000,0.5034965034965035,6,0.75,2,0.1,0.2,793,479.0,0.6040353089533418,0.3959646910466582
4,pilot,72000,0.5034965034965035,6,0.75,3,0.2,0.4,1357,1007.0,0.74207811348563,0.25792188651437
4,pilot,72000,0.5034965034965035,6,0.75,4,0.4,1.01,2000,1853.0,0.9265,0.07350000000000001
4,pilot,72000,0.5034965034965035,6,1.0,0,0.0,0.05,106,20.0,0.18867924528301888,0.8113207547169812
4,pilot,72000,0.5034965034965035,6,1.0,1,0.05,0.1,352,131.0,0.3721590909090909,0.6278409090909092
4,pilot,72000,0.5034965034965035,6,1.0,2,0.1,0.2,793,402.0,0.5069356872635561,0.4930643127364439
4,pilot,72000,0.5034965034965035,6,1.0,3,0.2,0.4,1357,871.0,0.6418570375829035,0.35814296241709653
4,pilot,72000,0.5034965034965035,6,1.0,4,0.4,1.01,2000,1658.0,0.829,0.17100000000000004
4,pilot,72000,0.5034965034965035,7,0.25,0,0.0,0.05,106,76.0,0.7169811320754716,0.28301886792452835
4,pilot,72000,0.5034965034965035,7,0.25,1,0.05,0.1,352,293.0,0.8323863636363636,0.16761363636363635
4,pilot,72000,0.5034965034965035,7,0.25,2,0.1,0.2,793,707.0,0.8915510718789408,0.10844892812105922
4,pilot,72000,0.5034965034965035,7,0.25,3,0.2,0.4,1357,1277.0,0.9410464259395726,0.05895357406042745
4,pilot,72000,0.5034965034965035,7,0.25,4,0.4,1.01,2000,1992.0,0.996,0.0040000000000000036
4,pilot,72000,0.5034965034965035,7,0.5,0,0.0,0.05,106,53.0,0.5,0.5
4,pilot,72000,0.5034965034965035,7,0.5,1,0.05,0.1,352,252.0,0.7159090909090909,0.28409090909090906
4,pilot,72000,0.5034965034965035,7,0.5,2,0.1,0.2,793,617.0,0.7780580075662042,0.22194199243379575
4,pilot,72000,0.5034965034965035,7,0.5,3,0.2,0.4,1357,1174.0,0.8651436993367723,0.13485630066322774
4,pilot,72000,0.5034965034965035,7,0.5,4,0.4,1.01,2000,1976.0,0.988,0.01200000000000001
4,pilot,72000,0.5034965034965035,7,0.75,0,0.0,0.05,106,43.0,0.4056603773584906,0.5943396226415094
4,pilot,72000,0.5034965034965035,7,0.75,1,0.05,0.1,352,194.0,0.5511363636363636,0.44886363636363635
4,pilot,72000,0.5034965034965035,7,0.75,2,0.1,0.2,793,532.0,0.6708701134930644,0.32912988650693564
4,pilot,72000,0.5034965034965035,7,0.75,3,0.2,0.4,1357,1068.0,0.787030213706706,0.212969786293294
4,pilot,72000,0.5034965034965035,7,0.75,4,0.4,1.01,2000,1923.0,0.9615,0.03849999999999998
4,pilot,72000,0.5034965034965035,7,1.0,0,0.0,0.05,106,34.0,0.32075471698113206,0.679245283018868
4,pilot,72000,0.5034965034965035,7,1.0,1,0.05,0.1,352,168.0,0.4772727272727273,0.5227272727272727
4,pilot,72000,0.5034965034965035,7,1.0,2,0.1,0.2,793,458.0,0.5775535939470365,0.42244640605296346
4,pilot,72000,0.5034965034965035,7,1.0,3,0.2,0.4,1357,951.0,0.7008106116433309,0.2991893883566691
4,pilot,72000,0.5034965034965035,7,1.0,4,0.4,1.01,2000,1854.0,0.927,0.07299999999999995
4,pilot,72000,0.5034965034965035,8,0.25,0,0.0,0.05,106,81.0,0.7641509433962265,0.23584905660377353
4,pilot,72000,0.5034965034965035,8,0.25,1,0.05,0.1,352,272.0,0.7727272727272727,0.2272727272727273
4,pilot,72000,0.5034965034965035,8,0.25,2,0.1,0.2,793,695.0,0.8764186633039092,0.12358133669609084
4,pilot,72000,0.5034965034965035,8,0.25,3,0.2,0.4,1357,1280.0,0.9432571849668386,0.056742815033161365
4,pilot,72000,0.5034965034965035,8,0.25,4,0.4,1.01,2000,1993.0,0.9965,0.0034999999999999476
4,pilot,72000,0.5034965034965035,8,0.5,0,0.0,0.05,106,64.0,0.6037735849056604,0.39622641509433965
4,pilot,72000,0.5034965034965035,8,0.5,1,0.05,0.1,352,221.0,0.6278409090909091,0.37215909090909094
4,pilot,72000,0.5034965034965035,8,0.5,2,0.1,0.2,793,597.0,0.7528373266078184,0.24716267339218156
4,pilot,72000,0.5034965034965035,8,0.5,3,0.2,0.4,1357,1181.0,0.8703021370670597,0.12969786293294028
4,pilot,72000,0.5034965034965035,8,0.5,4,0.4,1.01,2000,1972.0,0.986,0.014000000000000012
4,pilot,72000,0.5034965034965035,8,0.75,0,0.0,0.05,106,50.0,0.4716981132075472,0.5283018867924528
4,pilot,72000,0.5034965034965035,8,0.75,1,0.05,0.1,352,170.0,0.48295454545454547,0.5170454545454546
4,pilot,72000,0.5034965034965035,8,0.75,2,0.1,0.2,793,505.0,0.6368221941992434,0.36317780580075665
4,pilot,72000,0.5034965034965035,8,0.75,3,0.2,0.4,1357,1064.0,0.7840825350036846,0.21591746499631537
4,pilot,72000,0.5034965034965035,8,0.75,4,0.4,1.01,2000,1933.0,0.9665,0.033499999999999974
4,pilot,72000,0.5034965034965035,8,1.0,0,0.0,0.05,106,39.0,0.36792452830188677,0.6320754716981132
4,pilot,72000,0.5034965034965035,8,1.0,1,0.05,0.1,352,144.0,0.4090909090909091,0.5909090909090908
4,pilot,72000,0.5034965034965035,8,1.0,2,0.1,0.2,793,428.0,0.5397225725094578,0.46027742749054223
4,pilot,72000,0.5034965034965035,8,1.0,3,0.2,0.4,1357,959.0,0.7067059690493737,0.29329403095062634
4,pilot,72000,0.5034965034965035,8,1.0,4,0.4,1.01,2000,1858.0,0.929,0.07099999999999995
4,pilot,72000,0.5034965034965035,9,0.25,0,0.0,0.05,106,77.0,0.7264150943396226,0.2735849056603774
4,pilot,72000,0.5034965034965035,9,0.25,1,0.05,0.1,352,272.0,0.7727272727272727,0.2272727272727273
4,pilot,72000,0.5034965034965035,9,0.25,2,0.1,0.2,793,682.0,0.8600252206809584,0.13997477931904156
4,pilot,72000,0.5034965034965035,9,0.25,3,0.2,0.4,1357,1237.0,0.9115696389093588,0.08843036109064117
4,pilot,72000,0.5034965034965035,9,0.25,4,0.4,1.01,2000,1986.0,0.993,0.007000000000000006
4,pilot,72000,0.5034965034965035,9,0.5,0,0.0,0.05,106,58.0,0.5471698113207547,0.4528301886792453
4,pilot,72000,0.5034965034965035,9,0.5,1,0.05,0.1,352,206.0,0.5852272727272727,0.4147727272727273
4,pilot,72000,0.5034965034965035,9,0.5,2,0.1,0.2,793,579.0,0.7301387137452712,0.2698612862547288
4,pilot,72000,0.5034965034965035,9,0.5,3,0.2,0.4,1357,1107.0,0.8157700810611643,0.18422991893883567
4,pilot,72000,0.5034965034965035,9,0.5,4,0.4,1.01,2000,1939.0,0.9695,0.03049999999999997
4,pilot,72000,0.5034965034965035,9,0.75,0,0.0,0.05,106,42.0,0.39622641509433965,0.6037735849056604
4,pilot,72000,0.5034965034965035,9,0.75,1,0.05,0.1,352,162.0,0.4602272727272727,0.5397727272727273
4,pilot,72000,0.5034965034965035,9,0.75,2,0.1,0.2,793,482.0,0.6078184110970997,0.39218158890290034
4,pilot,72000,0.5034965034965035,9,0.75,3,0.2,0.4,1357,977.0,0.7199705232129698,0.28002947678703016
4,pilot,72000,0.5034965034965035,9,0.75,4,0.4,1.01,2000,1844.0,0.922,0.07799999999999996
4,pilot,72000,0.5034965034965035,9,1.0,0,0.0,0.05,106,31.0,0.29245283018867924,0.7075471698113207
4,pilot,72000,0.5034965034965035,9,1.0,1,0.05,0.1,352,118.0,0.3352272727272727,0.6647727272727273
4,pilot,72000,0.5034965034965035,9,1.0,2,0.1,0.2,793,375.0,0.4728877679697352,0.5271122320302648
4,pilot,72000,0.5034965034965035,9,1.0,3,0.2,0.4,1357,815.0,0.6005895357406043,0.39941046425939575
4,pilot,72000,0.5034965034965035,9,1.0,4,0.4,1.01,2000,1699.0,0.8495,0.15049999999999997
4,pilot,72000,0.5034965034965035,10,0.25,0,0.0,0.05,106,71.0,0.6698113207547169,0.33018867924528306
4,pilot,72000,0.5034965034965035,10,0.25,1,0.05,0.1,352,275.0,0.78125,0.21875
4,pilot,72000,0.5034965034965035,10,0.25,2,0.1,0.2,793,688.0,0.8675914249684742,0.1324085750315258
4,pilot,72000,0.5034965034965035,10,0.25,3,0.2,0.4,1357,1249.0,0.9204126750184229,0.07958732498157706
4,pilot,72000,0.5034965034965035,10,0.25,4,0.4,1.01,2000,1983.0,0.9915,0.008499999999999952
4,pilot,72000,0.5034965034965035,10,0.5,0,0.0,0.05,106,48.0,0.4528301886792453,0.5471698113207547
4,pilot,72000,0.5034965034965035,10,0.5,1,0.05,0.1,352,226.0,0.6420454545454546,0.3579545454545454
4,pilot,72000,0.5034965034965035,10,0.5,2,0.1,0.2,793,573.0,0.7225725094577553,0.2774274905422447
4,pilot,72000,0.5034965034965035,10,0.5,3,0.2,0.4,1357,1132.0,0.8341930729550479,0.16580692704495215
4,pilot,72000,0.5034965034965035,10,0.5,4,0.4,1.01,2000,1954.0,0.977,0.02300000000000002
4,pilot,72000,0.5034965034965035,10,0.75,0,0.0,0.05,106,38.0,0.3584905660377358,0.6415094339622642
4,pilot,72000,0.5034965034965035,10,0.75,1,0.05,0.1,352,175.0,0.4971590909090909,0.5028409090909092
4,pilot,72000,0.5034965034965035,10,0.75,2,0.1,0.2,793,493.0,0.6216897856242118,0.37831021437578816
4,pilot,72000,0.5034965034965035,10,0.75,3,0.2,0.4,1357,1000.0,0.7369196757553427,0.2630803242446573
4,pilot,72000,0.5034965034965035,10,0.75,4,0.4,1.01,2000,1900.0,0.95,0.050000000000000044
4,pilot,72000,0.5034965034965035,10,1.0,0,0.0,0.05,106,31.0,0.29245283018867924,0.7075471698113207
4,pilot,72000,0.5034965034965035,10,1.0,1,0.05,0.1,352,130.0,0.3693181818181818,0.6306818181818181
4,pilot,72000,0.5034965034965035,10,1.0,2,0.1,0.2,793,403.0,0.5081967213114754,0.4918032786885246
4,pilot,72000,0.5034965034965035,10,1.0,3,0.2,0.4,1357,884.0,0.6514369933677229,0.34856300663227713
4,pilot,72000,0.5034965034965035,10,1.0,4,0.4,1.01,2000,1791.0,0.8955,0.10450000000000004
4,pilot,143000,1.0,1,0.25,0,0.0,0.05,109,73.0,0.6697247706422018,0.3302752293577982
4,pilot,143000,1.0,1,0.25,1,0.05,0.1,364,279.0,0.7664835164835165,0.23351648351648346
4,pilot,143000,1.0,1,0.25,2,0.1,0.2,848,708.0,0.8349056603773585,0.16509433962264153
4,pilot,143000,1.0,1,0.25,3,0.2,0.4,1361,1265.0,0.9294636296840558,0.07053637031594417
4,pilot,143000,1.0,1,0.25,4,0.4,1.01,1926,1909.0,0.9911734164070612,0.008826583592938753
4,pilot,143000,1.0,1,0.5,0,0.0,0.05,109,55.0,0.5045871559633027,0.4954128440366973
4,pilot,143000,1.0,1,0.5,1,0.05,0.1,364,206.0,0.5659340659340659,0.4340659340659341
4,pilot,143000,1.0,1,0.5,2,0.1,0.2,848,590.0,0.6957547169811321,0.3042452830188679
4,pilot,143000,1.0,1,0.5,3,0.2,0.4,1361,1169.0,0.8589272593681117,0.14107274063188835
4,pilot,143000,1.0,1,0.5,4,0.4,1.01,1926,1881.0,0.9766355140186916,0.02336448598130836
4,pilot,143000,1.0,1,0.75,0,0.0,0.05,109,32.0,0.29357798165137616,0.7064220183486238
4,pilot,143000,1.0,1,0.75,1,0.05,0.1,364,164.0,0.45054945054945056,0.5494505494505495
4,pilot,143000,1.0,1,0.75,2,0.1,0.2,848,467.0,0.5507075471698113,0.4492924528301887
4,pilot,143000,1.0,1,0.75,3,0.2,0.4,1361,970.0,0.7127112417340191,0.2872887582659809
4,pilot,143000,1.0,1,0.75,4,0.4,1.01,1926,1784.0,0.9262720664589823,0.0737279335410177
4,pilot,143000,1.0,1,1.0,0,0.0,0.05,109,24.0,0.22018348623853212,0.7798165137614679
4,pilot,143000,1.0,1,1.0,1,0.05,0.1,364,110.0,0.3021978021978022,0.6978021978021978
4,pilot,143000,1.0,1,1.0,2,0.1,0.2,848,332.0,0.3915094339622642,0.6084905660377358
4,pilot,143000,1.0,1,1.0,3,0.2,0.4,1361,723.0,0.5312270389419544,0.46877296105804556
4,pilot,143000,1.0,1,1.0,4,0.4,1.01,1926,1526.0,0.7923156801661475,0.2076843198338525
4,pilot,143000,1.0,2,0.25,0,0.0,0.05,109,66.0,0.6055045871559633,0.39449541284403666
4,pilot,143000,1.0,2,0.25,1,0.05,0.1,364,255.0,0.7005494505494505,0.2994505494505495
4,pilot,143000,1.0,2,0.25,2,0.1,0.2,848,675.0,0.7959905660377359,0.20400943396226412
4,pilot,143000,1.0,2,0.25,3,0.2,0.4,1361,1230.0,0.9037472446730346,0.09625275532696542
4,pilot,143000,1.0,2,0.25,4,0.4,1.01,1926,1910.0,0.9916926272066459,0.00830737279335414
4,pilot,143000,1.0,2,0.5,0,0.0,0.05,109,43.0,0.3944954128440367,0.6055045871559632
4,pilot,143000,1.0,2,0.5,1,0.05,0.1,364,201.0,0.5521978021978022,0.44780219780219777
4,pilot,143000,1.0,2,0.5,2,0.1,0.2,848,550.0,0.6485849056603774,0.3514150943396226
4,pilot,143000,1.0,2,0.5,3,0.2,0.4,1361,1080.0,0.7935341660543718,0.20646583394562823
4,pilot,143000,1.0,2,0.5,4,0.4,1.01,1926,1844.0,0.9574247144340602,0.04257528556593981
4,pilot,143000,1.0,2,0.75,0,0.0,0.05,109,26.0,0.23853211009174313,0.7614678899082569
4,pilot,143000,1.0,2,0.75,1,0.05,0.1,364,140.0,0.38461538461538464,0.6153846153846154
4,pilot,143000,1.0,2,0.75,2,0.1,0.2,848,409.0,0.482311320754717,0.5176886792452831
4,pilot,143000,1.0,2,0.75,3,0.2,0.4,1361,856.0,0.6289493019838354,0.37105069801616464
4,pilot,143000,1.0,2,0.75,4,0.4,1.01,1926,1691.0,0.8779854620976116,0.12201453790238836
4,pilot,143000,1.0,2,1.0,0,0.0,0.05,109,19.0,0.1743119266055046,0.8256880733944953
4,pilot,143000,1.0,2,1.0,1,0.05,0.1,364,100.0,0.27472527472527475,0.7252747252747253
4,pilot,143000,1.0,2,1.0,2,0.1,0.2,848,298.0,0.35141509433962265,0.6485849056603774
4,pilot,143000,1.0,2,1.0,3,0.2,0.4,1361,623.0,0.4577516531961793,0.5422483468038207
4,pilot,143000,1.0,2,1.0,4,0.4,1.01,1926,1422.0,0.7383177570093458,0.26168224299065423
4,pilot,143000,1.0,3,0.25,0,0.0,0.05,109,63.0,0.5779816513761468,0.42201834862385323
4,pilot,143000,1.0,3,0.25,1,0.05,0.1,364,275.0,0.7554945054945055,0.24450549450549453
4,pilot,143000,1.0,3,0.25,2,0.1,0.2,848,699.0,0.8242924528301887,0.1757075471698113
4,pilot,143000,1.0,3,0.25,3,0.2,0.4,1361,1256.0,0.922850844966936,0.07714915503306397
4,pilot,143000,1.0,3,0.25,4,0.4,1.01,1926,1910.0,0.9916926272066459,0.00830737279335414
4,pilot,143000,1.0,3,0.5,0,0.0,0.05,109,42.0,0.3853211009174312,0.6146788990825688
4,pilot,143000,1.0,3,0.5,1,0.05,0.1,364,223.0,0.6126373626373627,0.3873626373626373
4,pilot,143000,1.0,3,0.5,2,0.1,0.2,848,604.0,0.7122641509433962,0.28773584905660377
4,pilot,143000,1.0,3,0.5,3,0.2,0.4,1361,1141.0,0.8383541513592946,0.16164584864070541
4,pilot,143000,1.0,3,0.5,4,0.4,1.01,1926,1879.0,0.9755970924195223,0.024402907580477695
4,pilot,143000,1.0,3,0.75,0,0.0,0.05,109,27.0,0.24770642201834864,0.7522935779816513
4,pilot,143000,1.0,3,0.75,1,0.05,0.1,364,163.0,0.4478021978021978,0.5521978021978022
4,pilot,143000,1.0,3,0.75,2,0.1,0.2,848,510.0,0.6014150943396226,0.3985849056603774
4,pilot,143000,1.0,3,0.75,3,0.2,0.4,1361,1010.0,0.7421013960323292,0.25789860396767084
4,pilot,143000,1.0,3,0.75,4,0.4,1.01,1926,1807.0,0.9382139148494288,0.06178608515057116
4,pilot,143000,1.0,3,1.0,0,0.0,0.05,109,23.0,0.21100917431192662,0.7889908256880733
4,pilot,143000,1.0,3,1.0,1,0.05,0.1,364,125.0,0.3434065934065934,0.6565934065934066
4,pilot,143000,1.0,3,1.0,2,0.1,0.2,848,399.0,0.4705188679245283,0.5294811320754718
4,pilot,143000,1.0,3,1.0,3,0.2,0.4,1361,818.0,0.6010286554004408,0.3989713445995592
4,pilot,143000,1.0,3,1.0,4,0.4,1.01,1926,1627.0,0.8447559709241952,0.1552440290758048
4,pilot,143000,1.0,4,0.25,0,0.0,0.05,109,72.0,0.6605504587155964,0.33944954128440363
4,pilot,143000,1.0,4,0.25,1,0.05,0.1,364,258.0,0.7087912087912088,0.2912087912087912
4,pilot,143000,1.0,4,0.25,2,0.1,0.2,848,686.0,0.8089622641509434,0.1910377358490566
4,pilot,143000,1.0,4,0.25,3,0.2,0.4,1361,1229.0,0.9030124908155768,0.09698750918442323
4,pilot,143000,1.0,4,0.25,4,0.4,1.01,1926,1918.0,0.995846313603323,0.004153686396677014
4,pilot,143000,1.0,4,0.5,0,0.0,0.05,109,57.0,0.5229357798165137,0.47706422018348627
4,pilot,143000,1.0,4,0.5,1,0.05,0.1,364,194.0,0.532967032967033,0.46703296703296704
4,pilot,143000,1.0,4,0.5,2,0.1,0.2,848,567.0,0.6686320754716981,0.3313679245283019
4,pilot,143000,1.0,4,0.5,3,0.2,0.4,1361,1104.0,0.8111682586333578,0.18883174136664216
4,pilot,143000,1.0,4,0.5,4,0.4,1.01,1926,1871.0,0.9714434060228453,0.02855659397715471
4,pilot,143000,1.0,4,0.75,0,0.0,0.05,109,36.0,0.3302752293577982,0.6697247706422018
4,pilot,143000,1.0,4,0.75,1,0.05,0.1,364,158.0,0.4340659340659341,0.5659340659340659
4,pilot,143000,1.0,4,0.75,2,0.1,0.2,848,441.0,0.5200471698113207,0.4799528301886793
4,pilot,143000,1.0,4,0.75,3,0.2,0.4,1361,913.0,0.6708302718589273,0.3291697281410727
4,pilot,143000,1.0,4,0.75,4,0.4,1.01,1926,1735.0,0.9008307372793354,0.09916926272066462
4,pilot,143000,1.0,4,1.0,0,0.0,0.05,109,17.0,0.1559633027522936,0.8440366972477065
4,pilot,143000,1.0,4,1.0,1,0.05,0.1,364,82.0,0.22527472527472528,0.7747252747252747
4,pilot,143000,1.0,4,1.0,2,0.1,0.2,848,268.0,0.3160377358490566,0.6839622641509434
4,pilot,143000,1.0,4,1.0,3,0.2,0.4,1361,642.0,0.47171197648787655,0.5282880235121235
4,pilot,143000,1.0,4,1.0,4,0.4,1.01,1926,1372.0,0.7123572170301142,0.28764278296988577
4,pilot,143000,1.0,5,0.25,0,0.0,0.05,109,72.0,0.6605504587155964,0.33944954128440363
4,pilot,143000,1.0,5,0.25,1,0.05,0.1,364,273.0,0.75,0.25
4,pilot,143000,1.0,5,0.25,2,0.1,0.2,848,716.0,0.8443396226415094,0.1556603773584906
4,pilot,143000,1.0,5,0.25,3,0.2,0.4,1361,1256.0,0.922850844966936,0.07714915503306397
4,pilot,143000,1.0,5,0.25,4,0.4,1.01,1926,1913.0,0.9932502596053998,0.00674974039460019
4,pilot,143000,1.0,5,0.5,0,0.0,0.05,109,55.0,0.5045871559633027,0.4954128440366973
4,pilot,143000,1.0,5,0.5,1,0.05,0.1,364,218.0,0.5989010989010989,0.4010989010989011
4,pilot,143000,1.0,5,0.5,2,0.1,0.2,848,629.0,0.7417452830188679,0.2582547169811321
4,pilot,143000,1.0,5,0.5,3,0.2,0.4,1361,1154.0,0.8479059515062454,0.15209404849375463
4,pilot,143000,1.0,5,0.5,4,0.4,1.01,1926,1888.0,0.980269989615784,0.019730010384215957
4,pilot,143000,1.0,5,0.75,0,0.0,0.05,109,41.0,0.3761467889908257,0.6238532110091743
4,pilot,143000,1.0,5,0.75,1,0.05,0.1,364,176.0,0.4835164835164835,0.5164835164835164
4,pilot,143000,1.0,5,0.75,2,0.1,0.2,848,551.0,0.6497641509433962,0.35023584905660377
4,pilot,143000,1.0,5,0.75,3,0.2,0.4,1361,1043.0,0.766348273328435,0.23365172667156497
4,pilot,143000,1.0,5,0.75,4,0.4,1.01,1926,1815.0,0.942367601246106,0.05763239875389403
4,pilot,143000,1.0,5,1.0,0,0.0,0.05,109,42.0,0.3853211009174312,0.6146788990825688
4,pilot,143000,1.0,5,1.0,1,0.05,0.1,364,146.0,0.4010989010989011,0.5989010989010989
4,pilot,143000,1.0,5,1.0,2,0.1,0.2,848,454.0,0.535377358490566,0.464622641509434
4,pilot,143000,1.0,5,1.0,3,0.2,0.4,1361,929.0,0.6825863335782513,0.31741366642174873
4,pilot,143000,1.0,5,1.0,4,0.4,1.01,1926,1692.0,0.8785046728971962,0.12149532710280375
4,pilot,143000,1.0,6,0.25,0,0.0,0.05,109,71.0,0.6513761467889908,0.3486238532110092
4,pilot,143000,1.0,6,0.25,1,0.05,0.1,364,258.0,0.7087912087912088,0.2912087912087912
4,pilot,143000,1.0,6,0.25,2,0.1,0.2,848,668.0,0.7877358490566038,0.21226415094339623
4,pilot,143000,1.0,6,0.25,3,0.2,0.4,1361,1233.0,0.9059515062454078,0.09404849375459223
4,pilot,143000,1.0,6,0.25,4,0.4,1.01,1926,1912.0,0.9927310488058152,0.007268951194184803
4,pilot,143000,1.0,6,0.5,0,0.0,0.05,109,48.0,0.44036697247706424,0.5596330275229358
4,pilot,143000,1.0,6,0.5,1,0.05,0.1,364,200.0,0.5494505494505495,0.4505494505494505
4,pilot,143000,1.0,6,0.5,2,0.1,0.2,848,556.0,0.6556603773584906,0.3443396226415094
4,pilot,143000,1.0,6,0.5,3,0.2,0.4,1361,1092.0,0.8023512123438648,0.19764878765613525
4,pilot,143000,1.0,6,0.5,4,0.4,1.01,1926,1856.0,0.9636552440290758,0.036344755970924236
4,pilot,143000,1.0,6,0.75,0,0.0,0.05,109,33.0,0.30275229357798167,0.6972477064220184
4,pilot,143000,1.0,6,0.75,1,0.05,0.1,364,158.0,0.4340659340659341,0.5659340659340659
4,pilot,143000,1.0,6,0.75,2,0.1,0.2,848,445.0,0.5247641509433962,0.47523584905660377
4,pilot,143000,1.0,6,0.75,3,0.2,0.4,1361,936.0,0.6877296105804556,0.31227038941954444
4,pilot,143000,1.0,6,0.75,4,0.4,1.01,1926,1677.0,0.8707165109034268,0.12928348909657317
4,pilot,143000,1.0,6,1.0,0,0.0,0.05,109,22.0,0.2018348623853211,0.7981651376146789
4,pilot,143000,1.0,6,1.0,1,0.05,0.1,364,118.0,0.3241758241758242,0.6758241758241759
4,pilot,143000,1.0,6,1.0,2,0.1,0.2,848,379.0,0.44693396226415094,0.5530660377358491
4,pilot,143000,1.0,6,1.0,3,0.2,0.4,1361,771.0,0.5664952240999265,0.4335047759000735
4,pilot,143000,1.0,6,1.0,4,0.4,1.01,1926,1397.0,0.72533748701973,0.27466251298027
4,pilot,143000,1.0,7,0.25,0,0.0,0.05,109,72.0,0.6605504587155964,0.33944954128440363
4,pilot,143000,1.0,7,0.25,1,0.05,0.1,364,286.0,0.7857142857142857,0.2142857142857143
4,pilot,143000,1.0,7,0.25,2,0.1,0.2,848,720.0,0.8490566037735849,0.15094339622641506
4,pilot,143000,1.0,7,0.25,3,0.2,0.4,1361,1256.0,0.922850844966936,0.07714915503306397
4,pilot,143000,1.0,7,0.25,4,0.4,1.01,1926,1915.0,0.994288681204569,0.005711318795430964
4,pilot,143000,1.0,7,0.5,0,0.0,0.05,109,52.0,0.47706422018348627,0.5229357798165137
4,pilot,143000,1.0,7,0.5,1,0.05,0.1,364,241.0,0.6620879120879121,0.33791208791208793
4,pilot,143000,1.0,7,0.5,2,0.1,0.2,848,608.0,0.7169811320754716,0.28301886792452835
4,pilot,143000,1.0,7,0.5,3,0.2,0.4,1361,1157.0,0.8501102130786187,0.14988978692138133
4,pilot,143000,1.0,7,0.5,4,0.4,1.01,1926,1891.0,0.9818276220145379,0.018172377985462118
4,pilot,143000,1.0,7,0.75,0,0.0,0.05,109,38.0,0.3486238532110092,0.6513761467889908
4,pilot,143000,1.0,7,0.75,1,0.05,0.1,364,201.0,0.5521978021978022,0.44780219780219777
4,pilot,143000,1.0,7,0.75,2,0.1,0.2,848,519.0,0.6120283018867925,0.38797169811320753
4,pilot,143000,1.0,7,0.75,3,0.2,0.4,1361,1044.0,0.7670830271858927,0.23291697281410728
4,pilot,143000,1.0,7,0.75,4,0.4,1.01,1926,1826.0,0.9480789200415368,0.05192107995846318
4,pilot,143000,1.0,7,1.0,0,0.0,0.05,109,26.0,0.23853211009174313,0.7614678899082569
4,pilot,143000,1.0,7,1.0,1,0.05,0.1,364,168.0,0.46153846153846156,0.5384615384615384
4,pilot,143000,1.0,7,1.0,2,0.1,0.2,848,448.0,0.5283018867924528,0.4716981132075472
4,pilot,143000,1.0,7,1.0,3,0.2,0.4,1361,930.0,0.6833210874357091,0.3166789125642909
4,pilot,143000,1.0,7,1.0,4,0.4,1.01,1926,1722.0,0.8940809968847352,0.10591900311526481
4,pilot,143000,1.0,8,0.25,0,0.0,0.05,109,79.0,0.7247706422018348,0.27522935779816515
4,pilot,143000,1.0,8,0.25,1,0.05,0.1,364,283.0,0.7774725274725275,0.22252747252747251
4,pilot,143000,1.0,8,0.25,2,0.1,0.2,848,717.0,0.8455188679245284,0.15448113207547165
4,pilot,143000,1.0,8,0.25,3,0.2,0.4,1361,1276.0,0.9375459221160911,0.06245407788390889
4,pilot,143000,1.0,8,0.25,4,0.4,1.01,1926,1914.0,0.9937694704049844,0.006230529595015577
4,pilot,143000,1.0,8,0.5,0,0.0,0.05,109,62.0,0.5688073394495413,0.4311926605504587
4,pilot,143000,1.0,8,0.5,1,0.05,0.1,364,240.0,0.6593406593406593,0.34065934065934067
4,pilot,143000,1.0,8,0.5,2,0.1,0.2,848,625.0,0.7370283018867925,0.26297169811320753
4,pilot,143000,1.0,8,0.5,3,0.2,0.4,1361,1197.0,0.8795003673769287,0.12049963262307128
4,pilot,143000,1.0,8,0.5,4,0.4,1.01,1926,1897.0,0.9849428868120457,0.01505711318795433
4,pilot,143000,1.0,8,0.75,0,0.0,0.05,109,45.0,0.41284403669724773,0.5871559633027523
4,pilot,143000,1.0,8,0.75,1,0.05,0.1,364,201.0,0.5521978021978022,0.44780219780219777
4,pilot,143000,1.0,8,0.75,2,0.1,0.2,848,534.0,0.6297169811320755,0.3702830188679245
4,pilot,143000,1.0,8,0.75,3,0.2,0.4,1361,1091.0,0.8016164584864071,0.19838354151359294
4,pilot,143000,1.0,8,0.75,4,0.4,1.01,1926,1853.0,0.9620976116303219,0.037902388369678075
4,pilot,143000,1.0,8,1.0,0,0.0,0.05,109,38.0,0.3486238532110092,0.6513761467889908
4,pilot,143000,1.0,8,1.0,1,0.05,0.1,364,173.0,0.47527472527472525,0.5247252747252747
4,pilot,143000,1.0,8,1.0,2,0.1,0.2,848,465.0,0.5483490566037735,0.45165094339622647
4,pilot,143000,1.0,8,1.0,3,0.2,0.4,1361,948.0,0.6965466568699485,0.30345334313005146
4,pilot,143000,1.0,8,1.0,4,0.4,1.01,1926,1768.0,0.9179646936656283,0.08203530633437173
4,pilot,143000,1.0,9,0.25,0,0.0,0.05,109,76.0,0.6972477064220184,0.3027522935779816
4,pilot,143000,1.0,9,0.25,1,0.05,0.1,364,282.0,0.7747252747252747,0.22527472527472525
4,pilot,143000,1.0,9,0.25,2,0.1,0.2,848,710.0,0.8372641509433962,0.16273584905660377
4,pilot,143000,1.0,9,0.25,3,0.2,0.4,1361,1246.0,0.9155033063923586,0.08449669360764145
4,pilot,143000,1.0,9,0.25,4,0.4,1.01,1926,1909.0,0.9911734164070612,0.008826583592938753
4,pilot,143000,1.0,9,0.5,0,0.0,0.05,109,65.0,0.5963302752293578,0.4036697247706422
4,pilot,143000,1.0,9,0.5,1,0.05,0.1,364,232.0,0.6373626373626373,0.3626373626373627
4,pilot,143000,1.0,9,0.5,2,0.1,0.2,848,607.0,0.7158018867924528,0.2841981132075472
4,pilot,143000,1.0,9,0.5,3,0.2,0.4,1361,1149.0,0.8442321822189567,0.15576781778104332
4,pilot,143000,1.0,9,0.5,4,0.4,1.01,1926,1864.0,0.9678089304257529,0.03219106957424711
4,pilot,143000,1.0,9,0.75,0,0.0,0.05,109,48.0,0.44036697247706424,0.5596330275229358
4,pilot,143000,1.0,9,0.75,1,0.05,0.1,364,183.0,0.5027472527472527,0.49725274725274726
4,pilot,143000,1.0,9,0.75,2,0.1,0.2,848,518.0,0.6108490566037735,0.38915094339622647
4,pilot,143000,1.0,9,0.75,3,0.2,0.4,1361,1008.0,0.7406318883174137,0.25936811168258633
4,pilot,143000,1.0,9,0.75,4,0.4,1.01,1926,1797.0,0.9330218068535826,0.0669781931464174
4,pilot,143000,1.0,9,1.0,0,0.0,0.05,109,34.0,0.3119266055045872,0.6880733944954128
4,pilot,143000,1.0,9,1.0,1,0.05,0.1,364,138.0,0.3791208791208791,0.6208791208791209
4,pilot,143000,1.0,9,1.0,2,0.1,0.2,848,426.0,0.5023584905660378,0.49764150943396224
4,pilot,143000,1.0,9,1.0,3,0.2,0.4,1361,873.0,0.6414401175606171,0.35855988243938286
4,pilot,143000,1.0,9,1.0,4,0.4,1.01,1926,1667.0,0.8655244029075805,0.13447559709241952
4,pilot,143000,1.0,10,0.25,0,0.0,0.05,109,72.0,0.6605504587155964,0.33944954128440363
4,pilot,143000,1.0,10,0.25,1,0.05,0.1,364,254.0,0.6978021978021978,0.30219780219780223
4,pilot,143000,1.0,10,0.25,2,0.1,0.2,848,669.0,0.7889150943396226,0.2110849056603774
4,pilot,143000,1.0,10,0.25,3,0.2,0.4,1361,1203.0,0.8839088905216752,0.1160911094783248
4,pilot,143000,1.0,10,0.25,4,0.4,1.01,1926,1898.0,0.9854620976116303,0.014537902388369717
4,pilot,143000,1.0,10,0.5,0,0.0,0.05,109,43.0,0.3944954128440367,0.6055045871559632
4,pilot,143000,1.0,10,0.5,1,0.05,0.1,364,180.0,0.4945054945054945,0.5054945054945055
4,pilot,143000,1.0,10,0.5,2,0.1,0.2,848,523.0,0.6167452830188679,0.3832547169811321
4,pilot,143000,1.0,10,0.5,3,0.2,0.4,1361,1023.0,0.75165319617928,0.24834680382072005
4,pilot,143000,1.0,10,0.5,4,0.4,1.01,1926,1822.0,0.9460020768431984,0.05399792315680163
4,pilot,143000,1.0,10,0.75,0,0.0,0.05,109,37.0,0.3394495412844037,0.6605504587155964
4,pilot,143000,1.0,10,0.75,1,0.05,0.1,364,135.0,0.3708791208791209,0.6291208791208791
4,pilot,143000,1.0,10,0.75,2,0.1,0.2,848,416.0,0.49056603773584906,0.5094339622641509
4,pilot,143000,1.0,10,0.75,3,0.2,0.4,1361,860.0,0.6318883174136665,0.36811168258633353
4,pilot,143000,1.0,10,0.75,4,0.4,1.01,1926,1669.0,0.8665628245067497,0.1334371754932503
4,pilot,143000,1.0,10,1.0,0,0.0,0.05,109,26.0,0.23853211009174313,0.7614678899082569
4,pilot,143000,1.0,10,1.0,1,0.05,0.1,364,107.0,0.29395604395604397,0.706043956043956
4,pilot,143000,1.0,10,1.0,2,0.1,0.2,848,319.0,0.3761792452830189,0.6238207547169812
4,pilot,143000,1.0,10,1.0,3,0.2,0.4,1361,720.0,0.5290227773695811,0.47097722263041886
4,pilot,143000,1.0,10,1.0,4,0.4,1.01,1926,1487.0,0.7720664589823468,0.22793354101765317
6,confirmatory,14000,0.0979020979020979,1,0.25,0,0.0,0.05,111,80.0,0.7207207207207207,0.2792792792792793
6,confirmatory,14000,0.0979020979020979,1,0.25,1,0.05,0.1,387,328.0,0.8475452196382429,0.15245478036175708
6,confirmatory,14000,0.0979020979020979,1,0.25,2,0.1,0.2,888,800.0,0.9009009009009009,0.09909909909909909
6,confirmatory,14000,0.0979020979020979,1,0.25,3,0.2,0.4,1338,1268.0,0.9476831091180867,0.05231689088191327
6,confirmatory,14000,0.0979020979020979,1,0.25,4,0.4,1.01,1884,1878.0,0.9968152866242038,0.0031847133757961776
6,confirmatory,14000,0.0979020979020979,1,0.5,0,0.0,0.05,111,61.0,0.5495495495495496,0.4504504504504504
6,confirmatory,14000,0.0979020979020979,1,0.5,1,0.05,0.1,387,276.0,0.7131782945736435,0.28682170542635654
6,confirmatory,14000,0.0979020979020979,1,0.5,2,0.1,0.2,888,666.0,0.75,0.25
6,confirmatory,14000,0.0979020979020979,1,0.5,3,0.2,0.4,1338,1171.0,0.875186846038864,0.12481315396113601
6,confirmatory,14000,0.0979020979020979,1,0.5,4,0.4,1.01,1884,1849.0,0.9814225053078556,0.018577494692144425
6,confirmatory,14000,0.0979020979020979,1,0.75,0,0.0,0.05,111,38.0,0.34234234234234234,0.6576576576576576
6,confirmatory,14000,0.0979020979020979,1,0.75,1,0.05,0.1,387,203.0,0.524547803617571,0.47545219638242897
6,confirmatory,14000,0.0979020979020979,1,0.75,2,0.1,0.2,888,539.0,0.6069819819819819,0.39301801801801806
6,confirmatory,14000,0.0979020979020979,1,0.75,3,0.2,0.4,1338,1037.0,0.7750373692077728,0.22496263079222723
6,confirmatory,14000,0.0979020979020979,1,0.75,4,0.4,1.01,1884,1784.0,0.9469214437367304,0.05307855626326963
6,confirmatory,14000,0.0979020979020979,1,1.0,0,0.0,0.05,111,22.0,0.1981981981981982,0.8018018018018018
6,confirmatory,14000,0.0979020979020979,1,1.0,1,0.05,0.1,387,150.0,0.3875968992248062,0.6124031007751938
6,confirmatory,14000,0.0979020979020979,1,1.0,2,0.1,0.2,888,437.0,0.49211711711711714,0.5078828828828829
6,confirmatory,14000,0.0979020979020979,1,1.0,3,0.2,0.4,1338,866.0,0.6472346786248132,0.3527653213751868
6,confirmatory,14000,0.0979020979020979,1,1.0,4,0.4,1.01,1884,1674.0,0.8885350318471338,0.11146496815286622
6,confirmatory,14000,0.0979020979020979,2,0.25,0,0.0,0.05,111,78.0,0.7027027027027027,0.29729729729729726
6,confirmatory,14000,0.0979020979020979,2,0.25,1,0.05,0.1,387,329.0,0.8501291989664083,0.14987080103359174
6,confirmatory,14000,0.0979020979020979,2,0.25,2,0.1,0.2,888,776.0,0.8738738738738738,0.12612612612612617
6,confirmatory,14000,0.0979020979020979,2,0.25,3,0.2,0.4,1338,1275.0,0.952914798206278,0.047085201793722
6,confirmatory,14000,0.0979020979020979,2,0.25,4,0.4,1.01,1884,1878.0,0.9968152866242038,0.0031847133757961776
6,confirmatory,14000,0.0979020979020979,2,0.5,0,0.0,0.05,111,68.0,0.6126126126126126,0.3873873873873874
6,confirmatory,14000,0.0979020979020979,2,0.5,1,0.05,0.1,387,279.0,0.7209302325581395,0.2790697674418605
6,confirmatory,14000,0.0979020979020979,2,0.5,2,0.1,0.2,888,679.0,0.7646396396396397,0.23536036036036034
6,confirmatory,14000,0.0979020979020979,2,0.5,3,0.2,0.4,1338,1186.0,0.8863976083707026,0.11360239162929742
6,confirmatory,14000,0.0979020979020979,2,0.5,4,0.4,1.01,1884,1859.0,0.9867303609341825,0.013269639065817462
6,confirmatory,14000,0.0979020979020979,2,0.75,0,0.0,0.05,111,51.0,0.4594594594594595,0.5405405405405406
6,confirmatory,14000,0.0979020979020979,2,0.75,1,0.05,0.1,387,223.0,0.5762273901808785,0.42377260981912146
6,confirmatory,14000,0.0979020979020979,2,0.75,2,0.1,0.2,888,564.0,0.6351351351351351,0.3648648648648649
6,confirmatory,14000,0.0979020979020979,2,0.75,3,0.2,0.4,1338,1040.0,0.7772795216741405,0.2227204783258595
6,confirmatory,14000,0.0979020979020979,2,0.75,4,0.4,1.01,1884,1801.0,0.9559447983014862,0.044055201698513846
6,confirmatory,14000,0.0979020979020979,2,1.0,0,0.0,0.05,111,43.0,0.38738738738738737,0.6126126126126126
6,confirmatory,14000,0.0979020979020979,2,1.0,1,0.05,0.1,387,167.0,0.4315245478036176,0.5684754521963824
6,confirmatory,14000,0.0979020979020979,2,1.0,2,0.1,0.2,888,430.0,0.48423423423423423,0.5157657657657657
6,confirmatory,14000,0.0979020979020979,2,1.0,3,0.2,0.4,1338,895.0,0.6689088191330343,0.33109118086696565
6,confirmatory,14000,0.0979020979020979,2,1.0,4,0.4,1.01,1884,1695.0,0.8996815286624203,0.10031847133757965
6,confirmatory,14000,0.0979020979020979,3,0.25,0,0.0,0.05,111,87.0,0.7837837837837838,0.21621621621621623
6,confirmatory,14000,0.0979020979020979,3,0.25,1,0.05,0.1,387,338.0,0.8733850129198967,0.12661498708010333
6,confirmatory,14000,0.0979020979020979,3,0.25,2,0.1,0.2,888,795.0,0.8952702702702703,0.10472972972972971
6,confirmatory,14000,0.0979020979020979,3,0.25,3,0.2,0.4,1338,1274.0,0.9521674140508222,0.04783258594917783
6,confirmatory,14000,0.0979020979020979,3,0.25,4,0.4,1.01,1884,1877.0,0.9962845010615711,0.0037154989384289294
6,confirmatory,14000,0.0979020979020979,3,0.5,0,0.0,0.05,111,68.0,0.6126126126126126,0.3873873873873874
6,confirmatory,14000,0.0979020979020979,3,0.5,1,0.05,0.1,387,289.0,0.7467700258397932,0.25322997416020676
6,confirmatory,14000,0.0979020979020979,3,0.5,2,0.1,0.2,888,673.0,0.7578828828828829,0.24211711711711714
6,confirmatory,14000,0.0979020979020979,3,0.5,3,0.2,0.4,1338,1184.0,0.8849028400597907,0.1150971599402093
6,confirmatory,14000,0.0979020979020979,3,0.5,4,0.4,1.01,1884,1848.0,0.9808917197452229,0.019108280254777066
6,confirmatory,14000,0.0979020979020979,3,0.75,0,0.0,0.05,111,49.0,0.44144144144144143,0.5585585585585586
6,confirmatory,14000,0.0979020979020979,3,0.75,1,0.05,0.1,387,222.0,0.5736434108527132,0.4263565891472868
6,confirmatory,14000,0.0979020979020979,3,0.75,2,0.1,0.2,888,573.0,0.6452702702702703,0.3547297297297297
6,confirmatory,14000,0.0979020979020979,3,0.75,3,0.2,0.4,1338,1044.0,0.7802690582959642,0.21973094170403584
6,confirmatory,14000,0.0979020979020979,3,0.75,4,0.4,1.01,1884,1798.0,0.9543524416135881,0.04564755838641188
6,confirmatory,14000,0.0979020979020979,3,1.0,0,0.0,0.05,111,30.0,0.2702702702702703,0.7297297297297297
6,confirmatory,14000,0.0979020979020979,3,1.0,1,0.05,0.1,387,158.0,0.4082687338501292,0.5917312661498708
6,confirmatory,14000,0.0979020979020979,3,1.0,2,0.1,0.2,888,467.0,0.5259009009009009,0.4740990990990991
6,confirmatory,14000,0.0979020979020979,3,1.0,3,0.2,0.4,1338,873.0,0.6524663677130045,0.3475336322869955
6,confirmatory,14000,0.0979020979020979,3,1.0,4,0.4,1.01,1884,1660.0,0.881104033970276,0.11889596602972397
6,confirmatory,14000,0.0979020979020979,4,0.25,0,0.0,0.05,111,88.0,0.7927927927927928,0.2072072072072072
6,confirmatory,14000,0.0979020979020979,4,0.25,1,0.05,0.1,387,334.0,0.8630490956072352,0.1369509043927648
6,confirmatory,14000,0.0979020979020979,4,0.25,2,0.1,0.2,888,776.0,0.8738738738738738,0.12612612612612617
6,confirmatory,14000,0.0979020979020979,4,0.25,3,0.2,0.4,1338,1261.0,0.9424514200298953,0.05754857997010465
6,confirmatory,14000,0.0979020979020979,4,0.25,4,0.4,1.01,1884,1877.0,0.9962845010615711,0.0037154989384289294
6,confirmatory,14000,0.0979020979020979,4,0.5,0,0.0,0.05,111,65.0,0.5855855855855856,0.4144144144144144
6,confirmatory,14000,0.0979020979020979,4,0.5,1,0.05,0.1,387,244.0,0.6304909560723514,0.3695090439276486
6,confirmatory,14000,0.0979020979020979,4,0.5,2,0.1,0.2,888,628.0,0.7072072072072072,0.2927927927927928
6,confirmatory,14000,0.0979020979020979,4,0.5,3,0.2,0.4,1338,1138.0,0.8505231689088192,0.14947683109118082
6,confirmatory,14000,0.0979020979020979,4,0.5,4,0.4,1.01,1884,1831.0,0.971868365180467,0.028131634819532958
6,confirmatory,14000,0.0979020979020979,4,0.75,0,0.0,0.05,111,40.0,0.36036036036036034,0.6396396396396397
6,confirmatory,14000,0.0979020979020979,4,0.75,1,0.05,0.1,387,180.0,0.46511627906976744,0.5348837209302326
6,confirmatory,14000,0.0979020979020979,4,0.75,2,0.1,0.2,888,469.0,0.5281531531531531,0.47184684684684686
6,confirmatory,14000,0.0979020979020979,4,0.75,3,0.2,0.4,1338,939.0,0.7017937219730942,0.2982062780269058
6,confirmatory,14000,0.0979020979020979,4,0.75,4,0.4,1.01,1884,1683.0,0.893312101910828,0.106687898089172
6,confirmatory,14000,0.0979020979020979,4,1.0,0,0.0,0.05,111,23.0,0.2072072072072072,0.7927927927927928
6,confirmatory,14000,0.0979020979020979,4,1.0,1,0.05,0.1,387,93.0,0.24031007751937986,0.7596899224806202
6,confirmatory,14000,0.0979020979020979,4,1.0,2,0.1,0.2,888,305.0,0.34346846846846846,0.6565315315315315
6,confirmatory,14000,0.0979020979020979,4,1.0,3,0.2,0.4,1338,661.0,0.4940209267563528,0.5059790732436472
6,confirmatory,14000,0.0979020979020979,4,1.0,4,0.4,1.01,1884,1265.0,0.671443736730361,0.32855626326963905
6,confirmatory,14000,0.0979020979020979,5,0.25,0,0.0,0.05,111,88.0,0.7927927927927928,0.2072072072072072
6,confirmatory,14000,0.0979020979020979,5,0.25,1,0.05,0.1,387,338.0,0.8733850129198967,0.12661498708010333
6,confirmatory,14000,0.0979020979020979,5,0.25,2,0.1,0.2,888,798.0,0.8986486486486487,0.10135135135135132
6,confirmatory,14000,0.0979020979020979,5,0.25,3,0.2,0.4,1338,1279.0,0.9559043348281017,0.044095665171898335
6,confirmatory,14000,0.0979020979020979,5,0.25,4,0.4,1.01,1884,1875.0,0.9952229299363057,0.004777070063694322
6,confirmatory,14000,0.0979020979020979,5,0.5,0,0.0,0.05,111,67.0,0.6036036036036037,0.39639639639639634
6,confirmatory,14000,0.0979020979020979,5,0.5,1,0.05,0.1,387,285.0,0.7364341085271318,0.26356589147286824
6,confirmatory,14000,0.0979020979020979,5,0.5,2,0.1,0.2,888,715.0,0.8051801801801802,0.19481981981981977
6,confirmatory,14000,0.0979020979020979,5,0.5,3,0.2,0.4,1338,1194.0,0.8923766816143498,0.1076233183856502
6,confirmatory,14000,0.0979020979020979,5,0.5,4,0.4,1.01,1884,1854.0,0.9840764331210191,0.015923566878980888
6,confirmatory,14000,0.0979020979020979,5,0.75,0,0.0,0.05,111,56.0,0.5045045045045045,0.49549549549549554
6,confirmatory,14000,0.0979020979020979,5,0.75,1,0.05,0.1,387,226.0,0.5839793281653747,0.4160206718346253
6,confirmatory,14000,0.0979020979020979,5,0.75,2,0.1,0.2,888,618.0,0.6959459459459459,0.30405405405405406
6,confirmatory,14000,0.0979020979020979,5,0.75,3,0.2,0.4,1338,1101.0,0.8228699551569507,0.17713004484304928
6,confirmatory,14000,0.0979020979020979,5,0.75,4,0.4,1.01,1884,1807.0,0.9591295116772823,0.04087048832271767
6,confirmatory,14000,0.0979020979020979,5,1.0,0,0.0,0.05,111,43.0,0.38738738738738737,0.6126126126126126
6,confirmatory,14000,0.0979020979020979,5,1.0,1,0.05,0.1,387,187.0,0.48320413436692505,0.5167958656330749
6,confirmatory,14000,0.0979020979020979,5,1.0,2,0.1,0.2,888,531.0,0.597972972972973,0.402027027027027
6,confirmatory,14000,0.0979020979020979,5,1.0,3,0.2,0.4,1338,996.0,0.7443946188340808,0.25560538116591924
6,confirmatory,14000,0.0979020979020979,5,1.0,4,0.4,1.01,1884,1728.0,0.9171974522292994,0.08280254777070062
6,confirmatory,14000,0.0979020979020979,6,0.25,0,0.0,0.05,111,92.0,0.8288288288288288,0.1711711711711712
6,confirmatory,14000,0.0979020979020979,6,0.25,1,0.05,0.1,387,336.0,0.8682170542635659,0.13178294573643412
6,confirmatory,14000,0.0979020979020979,6,0.25,2,0.1,0.2,888,795.0,0.8952702702702703,0.10472972972972971
6,confirmatory,14000,0.0979020979020979,6,0.25,3,0.2,0.4,1338,1280.0,0.9566517189835575,0.0433482810164425
6,confirmatory,14000,0.0979020979020979,6,0.25,4,0.4,1.01,1884,1876.0,0.9957537154989384,0.00424628450106157
6,confirmatory,14000,0.0979020979020979,6,0.5,0,0.0,0.05,111,70.0,0.6306306306306306,0.36936936936936937
6,confirmatory,14000,0.0979020979020979,6,0.5,1,0.05,0.1,387,298.0,0.7700258397932817,0.22997416020671835
6,confirmatory,14000,0.0979020979020979,6,0.5,2,0.1,0.2,888,715.0,0.8051801801801802,0.19481981981981977
6,confirmatory,14000,0.0979020979020979,6,0.5,3,0.2,0.4,1338,1202.0,0.898355754857997,0.10164424514200299
6,confirmatory,14000,0.0979020979020979,6,0.5,4,0.4,1.01,1884,1846.0,0.9798301486199575,0.02016985138004246
6,confirmatory,14000,0.0979020979020979,6,0.75,0,0.0,0.05,111,57.0,0.5135135135135135,0.4864864864864865
6,confirmatory,14000,0.0979020979020979,6,0.75,1,0.05,0.1,387,265.0,0.6847545219638242,0.31524547803617575
6,confirmatory,14000,0.0979020979020979,6,0.75,2,0.1,0.2,888,608.0,0.6846846846846847,0.3153153153153153
6,confirmatory,14000,0.0979020979020979,6,0.75,3,0.2,0.4,1338,1104.0,0.8251121076233184,0.17488789237668156
6,confirmatory,14000,0.0979020979020979,6,0.75,4,0.4,1.01,1884,1788.0,0.9490445859872612,0.05095541401273884
6,confirmatory,14000,0.0979020979020979,6,1.0,0,0.0,0.05,111,42.0,0.3783783783783784,0.6216216216216216
6,confirmatory,14000,0.0979020979020979,6,1.0,1,0.05,0.1,387,225.0,0.5813953488372093,0.41860465116279066
6,confirmatory,14000,0.0979020979020979,6,1.0,2,0.1,0.2,888,541.0,0.6092342342342343,0.3907657657657657
6,confirmatory,14000,0.0979020979020979,6,1.0,3,0.2,0.4,1338,998.0,0.7458893871449925,0.25411061285500747
6,confirmatory,14000,0.0979020979020979,6,1.0,4,0.4,1.01,1884,1694.0,0.8991507430997877,0.10084925690021229
6,confirmatory,14000,0.0979020979020979,7,0.25,0,0.0,0.05,111,80.0,0.7207207207207207,0.2792792792792793
6,confirmatory,14000,0.0979020979020979,7,0.25,1,0.05,0.1,387,332.0,0.8578811369509044,0.1421188630490956
6,confirmatory,14000,0.0979020979020979,7,0.25,2,0.1,0.2,888,793.0,0.8930180180180181,0.10698198198198194
6,confirmatory,14000,0.0979020979020979,7,0.25,3,0.2,0.4,1338,1267.0,0.9469357249626308,0.05306427503736921
6,confirmatory,14000,0.0979020979020979,7,0.25,4,0.4,1.01,1884,1878.0,0.9968152866242038,0.0031847133757961776
6,confirmatory,14000,0.0979020979020979,7,0.5,0,0.0,0.05,111,60.0,0.5405405405405406,0.45945945945945943
6,confirmatory,14000,0.0979020979020979,7,0.5,1,0.05,0.1,387,282.0,0.7286821705426356,0.2713178294573644
6,confirmatory,14000,0.0979020979020979,7,0.5,2,0.1,0.2,888,677.0,0.7623873873873874,0.23761261261261257
6,confirmatory,14000,0.0979020979020979,7,0.5,3,0.2,0.4,1338,1171.0,0.875186846038864,0.12481315396113601
6,confirmatory,14000,0.0979020979020979,7,0.5,4,0.4,1.01,1884,1854.0,0.9840764331210191,0.015923566878980888
6,confirmatory,14000,0.0979020979020979,7,0.75,0,0.0,0.05,111,46.0,0.4144144144144144,0.5855855855855856
6,confirmatory,14000,0.0979020979020979,7,0.75,1,0.05,0.1,387,239.0,0.6175710594315246,0.38242894056847543
6,confirmatory,14000,0.0979020979020979,7,0.75,2,0.1,0.2,888,586.0,0.6599099099099099,0.34009009009009006
6,confirmatory,14000,0.0979020979020979,7,0.75,3,0.2,0.4,1338,1068.0,0.7982062780269058,0.2017937219730942
6,confirmatory,14000,0.0979020979020979,7,0.75,4,0.4,1.01,1884,1794.0,0.9522292993630573,0.047770700636942665
6,confirmatory,14000,0.0979020979020979,7,1.0,0,0.0,0.05,111,38.0,0.34234234234234234,0.6576576576576576
6,confirmatory,14000,0.0979020979020979,7,1.0,1,0.05,0.1,387,200.0,0.5167958656330749,0.4832041343669251
6,confirmatory,14000,0.0979020979020979,7,1.0,2,0.1,0.2,888,489.0,0.5506756756756757,0.44932432432432434
6,confirmatory,14000,0.0979020979020979,7,1.0,3,0.2,0.4,1338,944.0,0.7055306427503737,0.2944693572496263
6,confirmatory,14000,0.0979020979020979,7,1.0,4,0.4,1.01,1884,1701.0,0.9028662420382165,0.09713375796178347
6,confirmatory,14000,0.0979020979020979,8,0.25,0,0.0,0.05,111,90.0,0.8108108108108109,0.18918918918918914
6,confirmatory,14000,0.0979020979020979,8,0.25,1,0.05,0.1,387,337.0,0.8708010335917312,0.12919896640826878
6,confirmatory,14000,0.0979020979020979,8,0.25,2,0.1,0.2,888,799.0,0.8997747747747747,0.10022522522522526
6,confirmatory,14000,0.0979020979020979,8,0.25,3,0.2,0.4,1338,1266.0,0.9461883408071748,0.053811659192825156
6,confirmatory,14000,0.0979020979020979,8,0.25,4,0.4,1.01,1884,1878.0,0.9968152866242038,0.0031847133757961776
6,confirmatory,14000,0.0979020979020979,8,0.5,0,0.0,0.05,111,72.0,0.6486486486486487,0.3513513513513513
6,confirmatory,14000,0.0979020979020979,8,0.5,1,0.05,0.1,387,285.0,0.7364341085271318,0.26356589147286824
6,confirmatory,14000,0.0979020979020979,8,0.5,2,0.1,0.2,888,706.0,0.795045045045045,0.20495495495495497
6,confirmatory,14000,0.0979020979020979,8,0.5,3,0.2,0.4,1338,1181.0,0.882660687593423,0.11733931240657702
6,confirmatory,14000,0.0979020979020979,8,0.5,4,0.4,1.01,1884,1857.0,0.9856687898089171,0.014331210191082855
6,confirmatory,14000,0.0979020979020979,8,0.75,0,0.0,0.05,111,54.0,0.4864864864864865,0.5135135135135135
6,confirmatory,14000,0.0979020979020979,8,0.75,1,0.05,0.1,387,239.0,0.6175710594315246,0.38242894056847543
6,confirmatory,14000,0.0979020979020979,8,0.75,2,0.1,0.2,888,609.0,0.6858108108108109,0.31418918918918914
6,confirmatory,14000,0.0979020979020979,8,0.75,3,0.2,0.4,1338,1083.0,0.8094170403587444,0.1905829596412556
6,confirmatory,14000,0.0979020979020979,8,0.75,4,0.4,1.01,1884,1823.0,0.9676220806794055,0.03237791932059453
6,confirmatory,14000,0.0979020979020979,8,1.0,0,0.0,0.05,111,38.0,0.34234234234234234,0.6576576576576576
6,confirmatory,14000,0.0979020979020979,8,1.0,1,0.05,0.1,387,202.0,0.5219638242894057,0.4780361757105943
6,confirmatory,14000,0.0979020979020979,8,1.0,2,0.1,0.2,888,523.0,0.588963963963964,0.411036036036036
6,confirmatory,14000,0.0979020979020979,8,1.0,3,0.2,0.4,1338,979.0,0.7316890881913304,0.2683109118086696
6,confirmatory,14000,0.0979020979020979,8,1.0,4,0.4,1.01,1884,1763.0,0.9357749469214437,0.0642250530785563
6,confirmatory,14000,0.0979020979020979,9,0.25,0,0.0,0.05,111,88.0,0.7927927927927928,0.2072072072072072
6,confirmatory,14000,0.0979020979020979,9,0.25,1,0.05,0.1,387,323.0,0.834625322997416,0.16537467700258401
6,confirmatory,14000,0.0979020979020979,9,0.25,2,0.1,0.2,888,785.0,0.884009009009009,0.11599099099099097
6,confirmatory,14000,0.0979020979020979,9,0.25,3,0.2,0.4,1338,1273.0,0.9514200298953662,0.048579970104633774
6,confirmatory,14000,0.0979020979020979,9,0.25,4,0.4,1.01,1884,1880.0,0.9978768577494692,0.002123142250530785
6,confirmatory,14000,0.0979020979020979,9,0.5,0,0.0,0.05,111,70.0,0.6306306306306306,0.36936936936936937
6,confirmatory,14000,0.0979020979020979,9,0.5,1,0.05,0.1,387,276.0,0.7131782945736435,0.28682170542635654
6,confirmatory,14000,0.0979020979020979,9,0.5,2,0.1,0.2,888,691.0,0.7781531531531531,0.22184684684684686
6,confirmatory,14000,0.0979020979020979,9,0.5,3,0.2,0.4,1338,1187.0,0.8871449925261584,0.11285500747384158
6,confirmatory,14000,0.0979020979020979,9,0.5,4,0.4,1.01,1884,1856.0,0.9851380042462845,0.014861995753715496
6,confirmatory,14000,0.0979020979020979,9,0.75,0,0.0,0.05,111,57.0,0.5135135135135135,0.4864864864864865
6,confirmatory,14000,0.0979020979020979,9,0.75,1,0.05,0.1,387,235.0,0.6072351421188631,0.3927648578811369
6,confirmatory,14000,0.0979020979020979,9,0.75,2,0.1,0.2,888,599.0,0.6745495495495496,0.3254504504504504
6,confirmatory,14000,0.0979020979020979,9,0.75,3,0.2,0.4,1338,1086.0,0.8116591928251121,0.18834080717488788
6,confirmatory,14000,0.0979020979020979,9,0.75,4,0.4,1.01,1884,1824.0,0.9681528662420382,0.031847133757961776
6,confirmatory,14000,0.0979020979020979,9,1.0,0,0.0,0.05,111,44.0,0.3963963963963964,0.6036036036036037
6,confirmatory,14000,0.0979020979020979,9,1.0,1,0.05,0.1,387,204.0,0.5271317829457365,0.4728682170542635
6,confirmatory,14000,0.0979020979020979,9,1.0,2,0.1,0.2,888,520.0,0.5855855855855856,0.4144144144144144
6,confirmatory,14000,0.0979020979020979,9,1.0,3,0.2,0.4,1338,961.0,0.7182361733931241,0.28176382660687593
6,confirmatory,14000,0.0979020979020979,9,1.0,4,0.4,1.01,1884,1773.0,0.9410828025477707,0.05891719745222934
6,confirmatory,14000,0.0979020979020979,10,0.25,0,0.0,0.05,111,92.0,0.8288288288288288,0.1711711711711712
6,confirmatory,14000,0.0979020979020979,10,0.25,1,0.05,0.1,387,328.0,0.8475452196382429,0.15245478036175708
6,confirmatory,14000,0.0979020979020979,10,0.25,2,0.1,0.2,888,767.0,0.8637387387387387,0.13626126126126126
6,confirmatory,14000,0.0979020979020979,10,0.25,3,0.2,0.4,1338,1251.0,0.9349775784753364,0.06502242152466364
6,confirmatory,14000,0.0979020979020979,10,0.25,4,0.4,1.01,1884,1875.0,0.9952229299363057,0.004777070063694322
6,confirmatory,14000,0.0979020979020979,10,0.5,0,0.0,0.05,111,69.0,0.6216216216216216,0.3783783783783784
6,confirmatory,14000,0.0979020979020979,10,0.5,1,0.05,0.1,387,279.0,0.7209302325581395,0.2790697674418605
6,confirmatory,14000,0.0979020979020979,10,0.5,2,0.1,0.2,888,670.0,0.7545045045045045,0.24549549549549554
6,confirmatory,14000,0.0979020979020979,10,0.5,3,0.2,0.4,1338,1158.0,0.8654708520179372,0.13452914798206284
6,confirmatory,14000,0.0979020979020979,10,0.5,4,0.4,1.01,1884,1852.0,0.9830148619957537,0.01698513800424628
6,confirmatory,14000,0.0979020979020979,10,0.75,0,0.0,0.05,111,57.0,0.5135135135135135,0.4864864864864865
6,confirmatory,14000,0.0979020979020979,10,0.75,1,0.05,0.1,387,233.0,0.6020671834625323,0.3979328165374677
6,confirmatory,14000,0.0979020979020979,10,0.75,2,0.1,0.2,888,589.0,0.6632882882882883,0.33671171171171166
6,confirmatory,14000,0.0979020979020979,10,0.75,3,0.2,0.4,1338,1047.0,0.7825112107623319,0.21748878923766812
6,confirmatory,14000,0.0979020979020979,10,0.75,4,0.4,1.01,1884,1813.0,0.9623142250530785,0.03768577494692149
6,confirmatory,14000,0.0979020979020979,10,1.0,0,0.0,0.05,111,47.0,0.42342342342342343,0.5765765765765766
6,confirmatory,14000,0.0979020979020979,10,1.0,1,0.05,0.1,387,190.0,0.4909560723514212,0.5090439276485788
6,confirmatory,14000,0.0979020979020979,10,1.0,2,0.1,0.2,888,504.0,0.5675675675675675,0.43243243243243246
6,confirmatory,14000,0.0979020979020979,10,1.0,3,0.2,0.4,1338,929.0,0.6943198804185351,0.3056801195814649
6,confirmatory,14000,0.0979020979020979,10,1.0,4,0.4,1.01,1884,1745.0,0.9262208067940552,0.07377919320594484
6,confirmatory,72000,0.5034965034965035,1,0.25,0,0.0,0.05,102,78.0,0.7647058823529411,0.23529411764705888
6,confirmatory,72000,0.5034965034965035,1,0.25,1,0.05,0.1,343,282.0,0.8221574344023324,0.17784256559766765
6,confirmatory,72000,0.5034965034965035,1,0.25,2,0.1,0.2,822,721.0,0.8771289537712895,0.12287104622871048
6,confirmatory,72000,0.5034965034965035,1,0.25,3,0.2,0.4,1390,1309.0,0.9417266187050359,0.058273381294964066
6,confirmatory,72000,0.5034965034965035,1,0.25,4,0.4,1.01,1951,1943.0,0.9958995386981035,0.004100461301896452
6,confirmatory,72000,0.5034965034965035,1,0.5,0,0.0,0.05,102,56.0,0.5490196078431373,0.4509803921568627
6,confirmatory,72000,0.5034965034965035,1,0.5,1,0.05,0.1,343,223.0,0.6501457725947521,0.34985422740524785
6,confirmatory,72000,0.5034965034965035,1,0.5,2,0.1,0.2,822,605.0,0.7360097323600974,0.26399026763990263
6,confirmatory,72000,0.5034965034965035,1,0.5,3,0.2,0.4,1390,1205.0,0.8669064748201439,0.13309352517985606
6,confirmatory,72000,0.5034965034965035,1,0.5,4,0.4,1.01,1951,1917.0,0.9825730394669401,0.01742696053305992
6,confirmatory,72000,0.5034965034965035,1,0.75,0,0.0,0.05,102,34.0,0.3333333333333333,0.6666666666666667
6,confirmatory,72000,0.5034965034965035,1,0.75,1,0.05,0.1,343,156.0,0.45481049562682213,0.5451895043731778
6,confirmatory,72000,0.5034965034965035,1,0.75,2,0.1,0.2,822,482.0,0.5863746958637469,0.4136253041362531
6,confirmatory,72000,0.5034965034965035,1,0.75,3,0.2,0.4,1390,1021.0,0.7345323741007195,0.2654676258992805
6,confirmatory,72000,0.5034965034965035,1,0.75,4,0.4,1.01,1951,1832.0,0.93900563813429,0.060994361865709945
6,confirmatory,72000,0.5034965034965035,1,1.0,0,0.0,0.05,102,23.0,0.22549019607843138,0.7745098039215687
6,confirmatory,72000,0.5034965034965035,1,1.0,1,0.05,0.1,343,114.0,0.3323615160349854,0.6676384839650146
6,confirmatory,72000,0.5034965034965035,1,1.0,2,0.1,0.2,822,372.0,0.45255474452554745,0.5474452554744526
6,confirmatory,72000,0.5034965034965035,1,1.0,3,0.2,0.4,1390,831.0,0.597841726618705,0.40215827338129495
6,confirmatory,72000,0.5034965034965035,1,1.0,4,0.4,1.01,1951,1686.0,0.8641722193746797,0.1358277806253203
6,confirmatory,72000,0.5034965034965035,2,0.25,0,0.0,0.05,102,74.0,0.7254901960784313,0.27450980392156865
6,confirmatory,72000,0.5034965034965035,2,0.25,1,0.05,0.1,343,282.0,0.8221574344023324,0.17784256559766765
6,confirmatory,72000,0.5034965034965035,2,0.25,2,0.1,0.2,822,731.0,0.889294403892944,0.11070559610705599
6,confirmatory,72000,0.5034965034965035,2,0.25,3,0.2,0.4,1390,1310.0,0.9424460431654677,0.05755395683453235
6,confirmatory,72000,0.5034965034965035,2,0.25,4,0.4,1.01,1951,1946.0,0.9974372116863147,0.0025627883136852825
6,confirmatory,72000,0.5034965034965035,2,0.5,0,0.0,0.05,102,57.0,0.5588235294117647,0.4411764705882353
6,confirmatory,72000,0.5034965034965035,2,0.5,1,0.05,0.1,343,231.0,0.673469387755102,0.326530612244898
6,confirmatory,72000,0.5034965034965035,2,0.5,2,0.1,0.2,822,645.0,0.7846715328467153,0.21532846715328469
6,confirmatory,72000,0.5034965034965035,2,0.5,3,0.2,0.4,1390,1210.0,0.8705035971223022,0.1294964028776978
6,confirmatory,72000,0.5034965034965035,2,0.5,4,0.4,1.01,1951,1922.0,0.9851358277806254,0.014864172219374638
6,confirmatory,72000,0.5034965034965035,2,0.75,0,0.0,0.05,102,42.0,0.4117647058823529,0.5882352941176471
6,confirmatory,72000,0.5034965034965035,2,0.75,1,0.05,0.1,343,176.0,0.5131195335276968,0.4868804664723032
6,confirmatory,72000,0.5034965034965035,2,0.75,2,0.1,0.2,822,524.0,0.6374695863746959,0.36253041362530414
6,confirmatory,72000,0.5034965034965035,2,0.75,3,0.2,0.4,1390,1078.0,0.7755395683453238,0.22446043165467622
6,confirmatory,72000,0.5034965034965035,2,0.75,4,0.4,1.01,1951,1858.0,0.9523321373654536,0.047667862634546365
6,confirmatory,72000,0.5034965034965035,2,1.0,0,0.0,0.05,102,29.0,0.28431372549019607,0.7156862745098039
6,confirmatory,72000,0.5034965034965035,2,1.0,1,0.05,0.1,343,123.0,0.358600583090379,0.641399416909621
6,confirmatory,72000,0.5034965034965035,2,1.0,2,0.1,0.2,822,411.0,0.5,0.5
6,confirmatory,72000,0.5034965034965035,2,1.0,3,0.2,0.4,1390,909.0,0.6539568345323741,0.3460431654676259
6,confirmatory,72000,0.5034965034965035,2,1.0,4,0.4,1.01,1951,1713.0,0.8780112762685802,0.12198872373141978
6,confirmatory,72000,0.5034965034965035,3,0.25,0,0.0,0.05,102,74.0,0.7254901960784313,0.27450980392156865
6,confirmatory,72000,0.5034965034965035,3,0.25,1,0.05,0.1,343,277.0,0.8075801749271136,0.19241982507288635
6,confirmatory,72000,0.5034965034965035,3,0.25,2,0.1,0.2,822,710.0,0.8637469586374696,0.13625304136253036
6,confirmatory,72000,0.5034965034965035,3,0.25,3,0.2,0.4,1390,1316.0,0.9467625899280575,0.05323741007194249
6,confirmatory,72000,0.5034965034965035,3,0.25,4,0.4,1.01,1951,1944.0,0.9964120963608406,0.0035879036391593955
6,confirmatory,72000,0.5034965034965035,3,0.5,0,0.0,0.05,102,55.0,0.5392156862745098,0.4607843137254902
6,confirmatory,72000,0.5034965034965035,3,0.5,1,0.05,0.1,343,223.0,0.6501457725947521,0.34985422740524785
6,confirmatory,72000,0.5034965034965035,3,0.5,2,0.1,0.2,822,620.0,0.754257907542579,0.24574209245742096
6,confirmatory,72000,0.5034965034965035,3,0.5,3,0.2,0.4,1390,1197.0,0.8611510791366906,0.13884892086330936
6,confirmatory,72000,0.5034965034965035,3,0.5,4,0.4,1.01,1951,1928.0,0.9882111737570477,0.0117888262429523
6,confirmatory,72000,0.5034965034965035,3,0.75,0,0.0,0.05,102,37.0,0.3627450980392157,0.6372549019607843
6,confirmatory,72000,0.5034965034965035,3,0.75,1,0.05,0.1,343,173.0,0.5043731778425656,0.49562682215743437
6,confirmatory,72000,0.5034965034965035,3,0.75,2,0.1,0.2,822,506.0,0.6155717761557178,0.3844282238442822
6,confirmatory,72000,0.5034965034965035,3,0.75,3,0.2,0.4,1390,1041.0,0.7489208633093525,0.2510791366906475
6,confirmatory,72000,0.5034965034965035,3,0.75,4,0.4,1.01,1951,1863.0,0.9548949256791389,0.04510507432086108
6,confirmatory,72000,0.5034965034965035,3,1.0,0,0.0,0.05,102,21.0,0.20588235294117646,0.7941176470588236
6,confirmatory,72000,0.5034965034965035,3,1.0,1,0.05,0.1,343,118.0,0.34402332361516036,0.6559766763848396
6,confirmatory,72000,0.5034965034965035,3,1.0,2,0.1,0.2,822,392.0,0.4768856447688564,0.5231143552311436
6,confirmatory,72000,0.5034965034965035,3,1.0,3,0.2,0.4,1390,867.0,0.6237410071942446,0.37625899280575537
6,confirmatory,72000,0.5034965034965035,3,1.0,4,0.4,1.01,1951,1709.0,0.875961045617632,0.124038954382368
6,confirmatory,72000,0.5034965034965035,4,0.25,0,0.0,0.05,102,65.0,0.6372549019607843,0.36274509803921573
6,confirmatory,72000,0.5034965034965035,4,0.25,1,0.05,0.1,343,276.0,0.8046647230320699,0.19533527696793007
6,confirmatory,72000,0.5034965034965035,4,0.25,2,0.1,0.2,822,698.0,0.8491484184914841,0.15085158150851585
6,confirmatory,72000,0.5034965034965035,4,0.25,3,0.2,0.4,1390,1300.0,0.935251798561151,0.06474820143884896
6,confirmatory,72000,0.5034965034965035,4,0.25,4,0.4,1.01,1951,1941.0,0.9948744233726294,0.005125576627370565
6,confirmatory,72000,0.5034965034965035,4,0.5,0,0.0,0.05,102,46.0,0.45098039215686275,0.5490196078431373
6,confirmatory,72000,0.5034965034965035,4,0.5,1,0.05,0.1,343,196.0,0.5714285714285714,0.4285714285714286
6,confirmatory,72000,0.5034965034965035,4,0.5,2,0.1,0.2,822,575.0,0.6995133819951338,0.3004866180048662
6,confirmatory,72000,0.5034965034965035,4,0.5,3,0.2,0.4,1390,1145.0,0.8237410071942446,0.1762589928057554
6,confirmatory,72000,0.5034965034965035,4,0.5,4,0.4,1.01,1951,1887.0,0.9671963095848283,0.03280369041517173
6,confirmatory,72000,0.5034965034965035,4,0.75,0,0.0,0.05,102,27.0,0.2647058823529412,0.7352941176470589
6,confirmatory,72000,0.5034965034965035,4,0.75,1,0.05,0.1,343,126.0,0.3673469387755102,0.6326530612244898
6,confirmatory,72000,0.5034965034965035,4,0.75,2,0.1,0.2,822,441.0,0.5364963503649635,0.46350364963503654
6,confirmatory,72000,0.5034965034965035,4,0.75,3,0.2,0.4,1390,945.0,0.6798561151079137,0.32014388489208634
6,confirmatory,72000,0.5034965034965035,4,0.75,4,0.4,1.01,1951,1751.0,0.8974884674525884,0.10251153254741163
6,confirmatory,72000,0.5034965034965035,4,1.0,0,0.0,0.05,102,12.0,0.11764705882352941,0.8823529411764706
6,confirmatory,72000,0.5034965034965035,4,1.0,1,0.05,0.1,343,50.0,0.1457725947521866,0.8542274052478134
6,confirmatory,72000,0.5034965034965035,4,1.0,2,0.1,0.2,822,231.0,0.28102189781021897,0.718978102189781
6,confirmatory,72000,0.5034965034965035,4,1.0,3,0.2,0.4,1390,564.0,0.40575539568345326,0.5942446043165468
6,confirmatory,72000,0.5034965034965035,4,1.0,4,0.4,1.01,1951,1163.0,0.5961045617631984,0.40389543823680163
6,confirmatory,72000,0.5034965034965035,5,0.25,0,0.0,0.05,102,72.0,0.7058823529411765,0.2941176470588235
6,confirmatory,72000,0.5034965034965035,5,0.25,1,0.05,0.1,343,286.0,0.8338192419825073,0.16618075801749266
6,confirmatory,72000,0.5034965034965035,5,0.25,2,0.1,0.2,822,734.0,0.8929440389294404,0.10705596107055959
6,confirmatory,72000,0.5034965034965035,5,0.25,3,0.2,0.4,1390,1314.0,0.9453237410071943,0.054676258992805704
6,confirmatory,72000,0.5034965034965035,5,0.25,4,0.4,1.01,1951,1944.0,0.9964120963608406,0.0035879036391593955
6,confirmatory,72000,0.5034965034965035,5,0.5,0,0.0,0.05,102,55.0,0.5392156862745098,0.4607843137254902
6,confirmatory,72000,0.5034965034965035,5,0.5,1,0.05,0.1,343,230.0,0.6705539358600583,0.3294460641399417
6,confirmatory,72000,0.5034965034965035,5,0.5,2,0.1,0.2,822,636.0,0.7737226277372263,0.22627737226277367
6,confirmatory,72000,0.5034965034965035,5,0.5,3,0.2,0.4,1390,1231.0,0.8856115107913669,0.11438848920863309
6,confirmatory,72000,0.5034965034965035,5,0.5,4,0.4,1.01,1951,1924.0,0.9861609431060995,0.013839056893900525
6,confirmatory,72000,0.5034965034965035,5,0.75,0,0.0,0.05,102,40.0,0.39215686274509803,0.607843137254902
6,confirmatory,72000,0.5034965034965035,5,0.75,1,0.05,0.1,343,188.0,0.5481049562682215,0.45189504373177847
6,confirmatory,72000,0.5034965034965035,5,0.75,2,0.1,0.2,822,555.0,0.6751824817518248,0.3248175182481752
6,confirmatory,72000,0.5034965034965035,5,0.75,3,0.2,0.4,1390,1135.0,0.8165467625899281,0.1834532374100719
6,confirmatory,72000,0.5034965034965035,5,0.75,4,0.4,1.01,1951,1876.0,0.9615581752947207,0.03844182470527935
6,confirmatory,72000,0.5034965034965035,5,1.0,0,0.0,0.05,102,32.0,0.3137254901960784,0.6862745098039216
6,confirmatory,72000,0.5034965034965035,5,1.0,1,0.05,0.1,343,136.0,0.3965014577259475,0.6034985422740524
6,confirmatory,72000,0.5034965034965035,5,1.0,2,0.1,0.2,822,481.0,0.5851581508515815,0.4148418491484185
6,confirmatory,72000,0.5034965034965035,5,1.0,3,0.2,0.4,1390,999.0,0.718705035971223,0.28129496402877696
6,confirmatory,72000,0.5034965034965035,5,1.0,4,0.4,1.01,1951,1773.0,0.9087647360328037,0.09123526396719628
6,confirmatory,72000,0.5034965034965035,6,0.25,0,0.0,0.05,102,79.0,0.7745098039215687,0.22549019607843135
6,confirmatory,72000,0.5034965034965035,6,0.25,1,0.05,0.1,343,285.0,0.8309037900874635,0.1690962099125365
6,confirmatory,72000,0.5034965034965035,6,0.25,2,0.1,0.2,822,733.0,0.8917274939172749,0.1082725060827251
6,confirmatory,72000,0.5034965034965035,6,0.25,3,0.2,0.4,1390,1311.0,0.9431654676258993,0.056834532374100744
6,confirmatory,72000,0.5034965034965035,6,0.25,4,0.4,1.01,1951,1944.0,0.9964120963608406,0.0035879036391593955
6,confirmatory,72000,0.5034965034965035,6,0.5,0,0.0,0.05,102,59.0,0.5784313725490197,0.42156862745098034
6,confirmatory,72000,0.5034965034965035,6,0.5,1,0.05,0.1,343,231.0,0.673469387755102,0.326530612244898
6,confirmatory,72000,0.5034965034965035,6,0.5,2,0.1,0.2,822,653.0,0.7944038929440389,0.2055961070559611
6,confirmatory,72000,0.5034965034965035,6,0.5,3,0.2,0.4,1390,1218.0,0.8762589928057554,0.12374100719424463
6,confirmatory,72000,0.5034965034965035,6,0.5,4,0.4,1.01,1951,1923.0,0.9856483854433624,0.014351614556637582
6,confirmatory,72000,0.5034965034965035,6,0.75,0,0.0,0.05,102,46.0,0.45098039215686275,0.5490196078431373
6,confirmatory,72000,0.5034965034965035,6,0.75,1,0.05,0.1,343,187.0,0.5451895043731778,0.4548104956268222
6,confirmatory,72000,0.5034965034965035,6,0.75,2,0.1,0.2,822,586.0,0.7128953771289538,0.2871046228710462
6,confirmatory,72000,0.5034965034965035,6,0.75,3,0.2,0.4,1390,1122.0,0.8071942446043165,0.19280575539568345
6,confirmatory,72000,0.5034965034965035,6,0.75,4,0.4,1.01,1951,1873.0,0.9600205023065095,0.03997949769349052
6,confirmatory,72000,0.5034965034965035,6,1.0,0,0.0,0.05,102,43.0,0.4215686274509804,0.5784313725490196
6,confirmatory,72000,0.5034965034965035,6,1.0,1,0.05,0.1,343,164.0,0.478134110787172,0.5218658892128281
6,confirmatory,72000,0.5034965034965035,6,1.0,2,0.1,0.2,822,511.0,0.621654501216545,0.378345498783455
6,confirmatory,72000,0.5034965034965035,6,1.0,3,0.2,0.4,1390,1018.0,0.7323741007194244,0.26762589928057556
6,confirmatory,72000,0.5034965034965035,6,1.0,4,0.4,1.01,1951,1776.0,0.9103024090210149,0.08969759097898511
6,confirmatory,72000,0.5034965034965035,7,0.25,0,0.0,0.05,102,71.0,0.696078431372549,0.303921568627451
6,confirmatory,72000,0.5034965034965035,7,0.25,1,0.05,0.1,343,276.0,0.8046647230320699,0.19533527696793007
6,confirmatory,72000,0.5034965034965035,7,0.25,2,0.1,0.2,822,700.0,0.851581508515815,0.14841849148418496
6,confirmatory,72000,0.5034965034965035,7,0.25,3,0.2,0.4,1390,1305.0,0.9388489208633094,0.0611510791366906
6,confirmatory,72000,0.5034965034965035,7,0.25,4,0.4,1.01,1951,1939.0,0.9938493080471553,0.006150691952844678
6,confirmatory,72000,0.5034965034965035,7,0.5,0,0.0,0.05,102,55.0,0.5392156862745098,0.4607843137254902
6,confirmatory,72000,0.5034965034965035,7,0.5,1,0.05,0.1,343,203.0,0.5918367346938775,0.40816326530612246
6,confirmatory,72000,0.5034965034965035,7,0.5,2,0.1,0.2,822,588.0,0.7153284671532847,0.2846715328467153
6,confirmatory,72000,0.5034965034965035,7,0.5,3,0.2,0.4,1390,1193.0,0.858273381294964,0.141726618705036
6,confirmatory,72000,0.5034965034965035,7,0.5,4,0.4,1.01,1951,1905.0,0.9764223475140953,0.02357765248590471
6,confirmatory,72000,0.5034965034965035,7,0.75,0,0.0,0.05,102,41.0,0.4019607843137255,0.5980392156862745
6,confirmatory,72000,0.5034965034965035,7,0.75,1,0.05,0.1,343,146.0,0.42565597667638483,0.5743440233236152
6,confirmatory,72000,0.5034965034965035,7,0.75,2,0.1,0.2,822,491.0,0.597323600973236,0.402676399026764
6,confirmatory,72000,0.5034965034965035,7,0.75,3,0.2,0.4,1390,1049.0,0.7546762589928058,0.24532374100719423
6,confirmatory,72000,0.5034965034965035,7,0.75,4,0.4,1.01,1951,1813.0,0.929267042542286,0.07073295745771402
6,confirmatory,72000,0.5034965034965035,7,1.0,0,0.0,0.05,102,32.0,0.3137254901960784,0.6862745098039216
6,confirmatory,72000,0.5034965034965035,7,1.0,1,0.05,0.1,343,117.0,0.34110787172011664,0.6588921282798834
6,confirmatory,72000,0.5034965034965035,7,1.0,2,0.1,0.2,822,394.0,0.4793187347931874,0.5206812652068127
6,confirmatory,72000,0.5034965034965035,7,1.0,3,0.2,0.4,1390,878.0,0.6316546762589929,0.36834532374100715
6,confirmatory,72000,0.5034965034965035,7,1.0,4,0.4,1.01,1951,1666.0,0.8539210661199385,0.14607893388006155
6,confirmatory,72000,0.5034965034965035,8,0.25,0,0.0,0.05,102,71.0,0.696078431372549,0.303921568627451
6,confirmatory,72000,0.5034965034965035,8,0.25,1,0.05,0.1,343,283.0,0.8250728862973761,0.17492711370262393
6,confirmatory,72000,0.5034965034965035,8,0.25,2,0.1,0.2,822,720.0,0.8759124087591241,0.12408759124087587
6,confirmatory,72000,0.5034965034965035,8,0.25,3,0.2,0.4,1390,1300.0,0.935251798561151,0.06474820143884896
6,confirmatory,72000,0.5034965034965035,8,0.25,4,0.4,1.01,1951,1938.0,0.9933367503844183,0.0066632496155817345
6,confirmatory,72000,0.5034965034965035,8,0.5,0,0.0,0.05,102,49.0,0.4803921568627451,0.5196078431372548
6,confirmatory,72000,0.5034965034965035,8,0.5,1,0.05,0.1,343,215.0,0.6268221574344023,0.3731778425655977
6,confirmatory,72000,0.5034965034965035,8,0.5,2,0.1,0.2,822,631.0,0.767639902676399,0.23236009732360097
6,confirmatory,72000,0.5034965034965035,8,0.5,3,0.2,0.4,1390,1178.0,0.8474820143884892,0.15251798561151075
6,confirmatory,72000,0.5034965034965035,8,0.5,4,0.4,1.01,1951,1907.0,0.9774474628395694,0.022552537160430597
6,confirmatory,72000,0.5034965034965035,8,0.75,0,0.0,0.05,102,39.0,0.38235294117647056,0.6176470588235294
6,confirmatory,72000,0.5034965034965035,8,0.75,1,0.05,0.1,343,157.0,0.4577259475218659,0.5422740524781341
6,confirmatory,72000,0.5034965034965035,8,0.75,2,0.1,0.2,822,533.0,0.648418491484185,0.35158150851581504
6,confirmatory,72000,0.5034965034965035,8,0.75,3,0.2,0.4,1390,1050.0,0.7553956834532374,0.24460431654676262
6,confirmatory,72000,0.5034965034965035,8,0.75,4,0.4,1.01,1951,1853.0,0.9497693490517684,0.05023065094823165
6,confirmatory,72000,0.5034965034965035,8,1.0,0,0.0,0.05,102,29.0,0.28431372549019607,0.7156862745098039
6,confirmatory,72000,0.5034965034965035,8,1.0,1,0.05,0.1,343,116.0,0.33819241982507287,0.6618075801749271
6,confirmatory,72000,0.5034965034965035,8,1.0,2,0.1,0.2,822,442.0,0.537712895377129,0.46228710462287104
6,confirmatory,72000,0.5034965034965035,8,1.0,3,0.2,0.4,1390,907.0,0.6525179856115108,0.34748201438848925
6,confirmatory,72000,0.5034965034965035,8,1.0,4,0.4,1.01,1951,1738.0,0.8908252178370066,0.10917478216299337
6,confirmatory,72000,0.5034965034965035,9,0.25,0,0.0,0.05,102,68.0,0.6666666666666666,0.33333333333333337
6,confirmatory,72000,0.5034965034965035,9,0.25,1,0.05,0.1,343,281.0,0.8192419825072886,0.18075801749271136
6,confirmatory,72000,0.5034965034965035,9,0.25,2,0.1,0.2,822,721.0,0.8771289537712895,0.12287104622871048
6,confirmatory,72000,0.5034965034965035,9,0.25,3,0.2,0.4,1390,1293.0,0.9302158273381295,0.06978417266187054
6,confirmatory,72000,0.5034965034965035,9,0.25,4,0.4,1.01,1951,1944.0,0.9964120963608406,0.0035879036391593955
6,confirmatory,72000,0.5034965034965035,9,0.5,0,0.0,0.05,102,46.0,0.45098039215686275,0.5490196078431373
6,confirmatory,72000,0.5034965034965035,9,0.5,1,0.05,0.1,343,224.0,0.6530612244897959,0.34693877551020413
6,confirmatory,72000,0.5034965034965035,9,0.5,2,0.1,0.2,822,616.0,0.7493917274939172,0.25060827250608275
6,confirmatory,72000,0.5034965034965035,9,0.5,3,0.2,0.4,1390,1193.0,0.858273381294964,0.141726618705036
6,confirmatory,72000,0.5034965034965035,9,0.5,4,0.4,1.01,1951,1921.0,0.9846232701178883,0.015376729882111695
6,confirmatory,72000,0.5034965034965035,9,0.75,0,0.0,0.05,102,34.0,0.3333333333333333,0.6666666666666667
6,confirmatory,72000,0.5034965034965035,9,0.75,1,0.05,0.1,343,178.0,0.5189504373177842,0.48104956268221577
6,confirmatory,72000,0.5034965034965035,9,0.75,2,0.1,0.2,822,515.0,0.6265206812652068,0.37347931873479323
6,confirmatory,72000,0.5034965034965035,9,0.75,3,0.2,0.4,1390,1043.0,0.7503597122302158,0.2496402877697842
6,confirmatory,72000,0.5034965034965035,9,0.75,4,0.4,1.01,1951,1868.0,0.9574577139928242,0.0425422860071758
6,confirmatory,72000,0.5034965034965035,9,1.0,0,0.0,0.05,102,18.0,0.17647058823529413,0.8235294117647058
6,confirmatory,72000,0.5034965034965035,9,1.0,1,0.05,0.1,343,128.0,0.37317784256559766,0.6268221574344024
6,confirmatory,72000,0.5034965034965035,9,1.0,2,0.1,0.2,822,419.0,0.5097323600973236,0.4902676399026764
6,confirmatory,72000,0.5034965034965035,9,1.0,3,0.2,0.4,1390,895.0,0.6438848920863309,0.35611510791366907
6,confirmatory,72000,0.5034965034965035,9,1.0,4,0.4,1.01,1951,1790.0,0.9174782162993337,0.08252178370066632
6,confirmatory,72000,0.5034965034965035,10,0.25,0,0.0,0.05,102,73.0,0.7156862745098039,0.28431372549019607
6,confirmatory,72000,0.5034965034965035,10,0.25,1,0.05,0.1,343,278.0,0.8104956268221575,0.18950437317784252
6,confirmatory,72000,0.5034965034965035,10,0.25,2,0.1,0.2,822,708.0,0.8613138686131386,0.13868613138686137
6,confirmatory,72000,0.5034965034965035,10,0.25,3,0.2,0.4,1390,1291.0,0.9287769784172661,0.07122302158273386
6,confirmatory,72000,0.5034965034965035,10,0.25,4,0.4,1.01,1951,1941.0,0.9948744233726294,0.005125576627370565
6,confirmatory,72000,0.5034965034965035,10,0.5,0,0.0,0.05,102,54.0,0.5294117647058824,0.47058823529411764
6,confirmatory,72000,0.5034965034965035,10,0.5,1,0.05,0.1,343,218.0,0.6355685131195336,0.36443148688046645
6,confirmatory,72000,0.5034965034965035,10,0.5,2,0.1,0.2,822,594.0,0.7226277372262774,0.2773722627737226
6,confirmatory,72000,0.5034965034965035,10,0.5,3,0.2,0.4,1390,1195.0,0.8597122302158273,0.14028776978417268
6,confirmatory,72000,0.5034965034965035,10,0.5,4,0.4,1.01,1951,1920.0,0.9841107124551512,0.01588928754484875
6,confirmatory,72000,0.5034965034965035,10,0.75,0,0.0,0.05,102,38.0,0.37254901960784315,0.6274509803921569
6,confirmatory,72000,0.5034965034965035,10,0.75,1,0.05,0.1,343,161.0,0.46938775510204084,0.5306122448979591
6,confirmatory,72000,0.5034965034965035,10,0.75,2,0.1,0.2,822,500.0,0.6082725060827251,0.3917274939172749
6,confirmatory,72000,0.5034965034965035,10,0.75,3,0.2,0.4,1390,1070.0,0.7697841726618705,0.2302158273381295
6,confirmatory,72000,0.5034965034965035,10,0.75,4,0.4,1.01,1951,1862.0,0.9543823680164019,0.04561763198359814
6,confirmatory,72000,0.5034965034965035,10,1.0,0,0.0,0.05,102,32.0,0.3137254901960784,0.6862745098039216
6,confirmatory,72000,0.5034965034965035,10,1.0,1,0.05,0.1,343,122.0,0.3556851311953353,0.6443148688046647
6,confirmatory,72000,0.5034965034965035,10,1.0,2,0.1,0.2,822,425.0,0.5170316301703163,0.4829683698296837
6,confirmatory,72000,0.5034965034965035,10,1.0,3,0.2,0.4,1390,934.0,0.6719424460431654,0.32805755395683456
6,confirmatory,72000,0.5034965034965035,10,1.0,4,0.4,1.01,1951,1764.0,0.9041517170681702,0.09584828293182979
6,confirmatory,143000,1.0,1,0.25,0,0.0,0.05,108,66.0,0.6111111111111112,0.38888888888888884
6,confirmatory,143000,1.0,1,0.25,1,0.05,0.1,370,283.0,0.7648648648648648,0.23513513513513518
6,confirmatory,143000,1.0,1,0.25,2,0.1,0.2,827,701.0,0.8476420798065296,0.1523579201934704
6,confirmatory,143000,1.0,1,0.25,3,0.2,0.4,1348,1241.0,0.9206231454005934,0.07937685459940658
6,confirmatory,143000,1.0,1,0.25,4,0.4,1.01,1955,1937.0,0.9907928388746803,0.009207161125319718
6,confirmatory,143000,1.0,1,0.5,0,0.0,0.05,108,53.0,0.49074074074074076,0.5092592592592593
6,confirmatory,143000,1.0,1,0.5,1,0.05,0.1,370,224.0,0.6054054054054054,0.39459459459459456
6,confirmatory,143000,1.0,1,0.5,2,0.1,0.2,827,608.0,0.7351874244256348,0.2648125755743652
6,confirmatory,143000,1.0,1,0.5,3,0.2,0.4,1348,1129.0,0.8375370919881305,0.16246290801186947
6,confirmatory,143000,1.0,1,0.5,4,0.4,1.01,1955,1907.0,0.9754475703324809,0.024552429667519138
6,confirmatory,143000,1.0,1,0.75,0,0.0,0.05,108,37.0,0.3425925925925926,0.6574074074074074
6,confirmatory,143000,1.0,1,0.75,1,0.05,0.1,370,170.0,0.4594594594594595,0.5405405405405406
6,confirmatory,143000,1.0,1,0.75,2,0.1,0.2,827,484.0,0.585247883917775,0.41475211608222495
6,confirmatory,143000,1.0,1,0.75,3,0.2,0.4,1348,981.0,0.7277448071216617,0.2722551928783383
6,confirmatory,143000,1.0,1,0.75,4,0.4,1.01,1955,1824.0,0.9329923273657289,0.0670076726342711
6,confirmatory,143000,1.0,1,1.0,0,0.0,0.05,108,26.0,0.24074074074074073,0.7592592592592593
6,confirmatory,143000,1.0,1,1.0,1,0.05,0.1,370,139.0,0.37567567567567567,0.6243243243243244
6,confirmatory,143000,1.0,1,1.0,2,0.1,0.2,827,382.0,0.4619105199516324,0.5380894800483675
6,confirmatory,143000,1.0,1,1.0,3,0.2,0.4,1348,798.0,0.5919881305637982,0.4080118694362018
6,confirmatory,143000,1.0,1,1.0,4,0.4,1.01,1955,1655.0,0.8465473145780051,0.15345268542199486
6,confirmatory,143000,1.0,2,0.25,0,0.0,0.05,108,71.0,0.6574074074074074,0.34259259259259256
6,confirmatory,143000,1.0,2,0.25,1,0.05,0.1,370,288.0,0.7783783783783784,0.22162162162162158
6,confirmatory,143000,1.0,2,0.25,2,0.1,0.2,827,696.0,0.841596130592503,0.15840386940749696
6,confirmatory,143000,1.0,2,0.25,3,0.2,0.4,1348,1234.0,0.9154302670623146,0.08456973293768544
6,confirmatory,143000,1.0,2,0.25,4,0.4,1.01,1955,1939.0,0.9918158567774936,0.00818414322250638
6,confirmatory,143000,1.0,2,0.5,0,0.0,0.05,108,49.0,0.4537037037037037,0.5462962962962963
6,confirmatory,143000,1.0,2,0.5,1,0.05,0.1,370,229.0,0.6189189189189189,0.3810810810810811
6,confirmatory,143000,1.0,2,0.5,2,0.1,0.2,827,610.0,0.7376058041112454,0.26239419588875457
6,confirmatory,143000,1.0,2,0.5,3,0.2,0.4,1348,1153.0,0.8553412462908012,0.14465875370919878
6,confirmatory,143000,1.0,2,0.5,4,0.4,1.01,1955,1904.0,0.9739130434782609,0.02608695652173909
6,confirmatory,143000,1.0,2,0.75,0,0.0,0.05,108,36.0,0.3333333333333333,0.6666666666666667
6,confirmatory,143000,1.0,2,0.75,1,0.05,0.1,370,175.0,0.47297297297297297,0.527027027027027
6,confirmatory,143000,1.0,2,0.75,2,0.1,0.2,827,484.0,0.585247883917775,0.41475211608222495
6,confirmatory,143000,1.0,2,0.75,3,0.2,0.4,1348,1011.0,0.75,0.25
6,confirmatory,143000,1.0,2,0.75,4,0.4,1.01,1955,1835.0,0.9386189258312021,0.0613810741687979
6,confirmatory,143000,1.0,2,1.0,0,0.0,0.05,108,29.0,0.26851851851851855,0.7314814814814814
6,confirmatory,143000,1.0,2,1.0,1,0.05,0.1,370,123.0,0.3324324324324324,0.6675675675675676
6,confirmatory,143000,1.0,2,1.0,2,0.1,0.2,827,376.0,0.4546553808948005,0.5453446191051995
6,confirmatory,143000,1.0,2,1.0,3,0.2,0.4,1348,835.0,0.6194362017804155,0.3805637982195845
6,confirmatory,143000,1.0,2,1.0,4,0.4,1.01,1955,1674.0,0.8562659846547315,0.14373401534526853
6,confirmatory,143000,1.0,3,0.25,0,0.0,0.05,108,62.0,0.5740740740740741,0.42592592592592593
6,confirmatory,143000,1.0,3,0.25,1,0.05,0.1,370,282.0,0.7621621621621621,0.23783783783783785
6,confirmatory,143000,1.0,3,0.25,2,0.1,0.2,827,696.0,0.841596130592503,0.15840386940749696
6,confirmatory,143000,1.0,3,0.25,3,0.2,0.4,1348,1240.0,0.9198813056379822,0.0801186943620178
6,confirmatory,143000,1.0,3,0.25,4,0.4,1.01,1955,1935.0,0.989769820971867,0.010230179028132946
6,confirmatory,143000,1.0,3,0.5,0,0.0,0.05,108,45.0,0.4166666666666667,0.5833333333333333
6,confirmatory,143000,1.0,3,0.5,1,0.05,0.1,370,213.0,0.5756756756756757,0.4243243243243243
6,confirmatory,143000,1.0,3,0.5,2,0.1,0.2,827,589.0,0.7122128174123338,0.2877871825876662
6,confirmatory,143000,1.0,3,0.5,3,0.2,0.4,1348,1105.0,0.81973293768546,0.18026706231454004
6,confirmatory,143000,1.0,3,0.5,4,0.4,1.01,1955,1895.0,0.969309462915601,0.03069053708439895
6,confirmatory,143000,1.0,3,0.75,0,0.0,0.05,108,30.0,0.2777777777777778,0.7222222222222222
6,confirmatory,143000,1.0,3,0.75,1,0.05,0.1,370,167.0,0.45135135135135135,0.5486486486486486
6,confirmatory,143000,1.0,3,0.75,2,0.1,0.2,827,485.0,0.5864570737605804,0.4135429262394196
6,confirmatory,143000,1.0,3,0.75,3,0.2,0.4,1348,952.0,0.7062314540059347,0.2937685459940653
6,confirmatory,143000,1.0,3,0.75,4,0.4,1.01,1955,1806.0,0.9237851662404092,0.07621483375959082
6,confirmatory,143000,1.0,3,1.0,0,0.0,0.05,108,24.0,0.2222222222222222,0.7777777777777778
6,confirmatory,143000,1.0,3,1.0,1,0.05,0.1,370,126.0,0.34054054054054056,0.6594594594594594
6,confirmatory,143000,1.0,3,1.0,2,0.1,0.2,827,362.0,0.437726723095526,0.562273276904474
6,confirmatory,143000,1.0,3,1.0,3,0.2,0.4,1348,750.0,0.5563798219584569,0.4436201780415431
6,confirmatory,143000,1.0,3,1.0,4,0.4,1.01,1955,1619.0,0.8281329923273657,0.1718670076726343
6,confirmatory,143000,1.0,4,0.25,0,0.0,0.05,108,64.0,0.5925925925925926,0.40740740740740744
6,confirmatory,143000,1.0,4,0.25,1,0.05,0.1,370,268.0,0.7243243243243244,0.27567567567567564
6,confirmatory,143000,1.0,4,0.25,2,0.1,0.2,827,662.0,0.8004836759371221,0.1995163240628779
6,confirmatory,143000,1.0,4,0.25,3,0.2,0.4,1348,1220.0,0.9050445103857567,0.09495548961424327
6,confirmatory,143000,1.0,4,0.25,4,0.4,1.01,1955,1933.0,0.9887468030690537,0.011253196930946285
6,confirmatory,143000,1.0,4,0.5,0,0.0,0.05,108,41.0,0.37962962962962965,0.6203703703703703
6,confirmatory,143000,1.0,4,0.5,1,0.05,0.1,370,181.0,0.4891891891891892,0.5108108108108108
6,confirmatory,143000,1.0,4,0.5,2,0.1,0.2,827,521.0,0.6299879081015719,0.3700120918984281
6,confirmatory,143000,1.0,4,0.5,3,0.2,0.4,1348,1053.0,0.7811572700296736,0.2188427299703264
6,confirmatory,143000,1.0,4,0.5,4,0.4,1.01,1955,1848.0,0.9452685421994885,0.054731457800511474
6,confirmatory,143000,1.0,4,0.75,0,0.0,0.05,108,23.0,0.21296296296296297,0.787037037037037
6,confirmatory,143000,1.0,4,0.75,1,0.05,0.1,370,112.0,0.3027027027027027,0.6972972972972973
6,confirmatory,143000,1.0,4,0.75,2,0.1,0.2,827,372.0,0.4498186215235792,0.5501813784764208
6,confirmatory,143000,1.0,4,0.75,3,0.2,0.4,1348,797.0,0.591246290801187,0.40875370919881304
6,confirmatory,143000,1.0,4,0.75,4,0.4,1.01,1955,1665.0,0.8516624040920716,0.1483375959079284
6,confirmatory,143000,1.0,4,1.0,0,0.0,0.05,108,12.0,0.1111111111111111,0.8888888888888888
6,confirmatory,143000,1.0,4,1.0,1,0.05,0.1,370,53.0,0.14324324324324325,0.8567567567567568
6,confirmatory,143000,1.0,4,1.0,2,0.1,0.2,827,189.0,0.22853688029020555,0.7714631197097944
6,confirmatory,143000,1.0,4,1.0,3,0.2,0.4,1348,456.0,0.33827893175074186,0.6617210682492581
6,confirmatory,143000,1.0,4,1.0,4,0.4,1.01,1955,1082.0,0.5534526854219949,0.4465473145780051
6,confirmatory,143000,1.0,5,0.25,0,0.0,0.05,108,68.0,0.6296296296296297,0.37037037037037035
6,confirmatory,143000,1.0,5,0.25,1,0.05,0.1,370,284.0,0.7675675675675676,0.2324324324324324
6,confirmatory,143000,1.0,5,0.25,2,0.1,0.2,827,690.0,0.8343409915356711,0.1656590084643289
6,confirmatory,143000,1.0,5,0.25,3,0.2,0.4,1348,1230.0,0.9124629080118695,0.08753709198813053
6,confirmatory,143000,1.0,5,0.25,4,0.4,1.01,1955,1934.0,0.9892583120204603,0.010741687979539671
6,confirmatory,143000,1.0,5,0.5,0,0.0,0.05,108,52.0,0.48148148148148145,0.5185185185185186
6,confirmatory,143000,1.0,5,0.5,1,0.05,0.1,370,231.0,0.6243243243243243,0.3756756756756757
6,confirmatory,143000,1.0,5,0.5,2,0.1,0.2,827,588.0,0.7110036275695284,0.2889963724304716
6,confirmatory,143000,1.0,5,0.5,3,0.2,0.4,1348,1128.0,0.8367952522255193,0.16320474777448069
6,confirmatory,143000,1.0,5,0.5,4,0.4,1.01,1955,1904.0,0.9739130434782609,0.02608695652173909
6,confirmatory,143000,1.0,5,0.75,0,0.0,0.05,108,39.0,0.3611111111111111,0.6388888888888888
6,confirmatory,143000,1.0,5,0.75,1,0.05,0.1,370,171.0,0.46216216216216216,0.5378378378378379
6,confirmatory,143000,1.0,5,0.75,2,0.1,0.2,827,462.0,0.558645707376058,0.441354292623942
6,confirmatory,143000,1.0,5,0.75,3,0.2,0.4,1348,978.0,0.7255192878338279,0.2744807121661721
6,confirmatory,143000,1.0,5,0.75,4,0.4,1.01,1955,1810.0,0.9258312020460358,0.07416879795396425
6,confirmatory,143000,1.0,5,1.0,0,0.0,0.05,108,20.0,0.18518518518518517,0.8148148148148149
6,confirmatory,143000,1.0,5,1.0,1,0.05,0.1,370,121.0,0.327027027027027,0.672972972972973
6,confirmatory,143000,1.0,5,1.0,2,0.1,0.2,827,367.0,0.4437726723095526,0.5562273276904475
6,confirmatory,143000,1.0,5,1.0,3,0.2,0.4,1348,816.0,0.6053412462908012,0.3946587537091988
6,confirmatory,143000,1.0,5,1.0,4,0.4,1.01,1955,1619.0,0.8281329923273657,0.1718670076726343
6,confirmatory,143000,1.0,6,0.25,0,0.0,0.05,108,71.0,0.6574074074074074,0.34259259259259256
6,confirmatory,143000,1.0,6,0.25,1,0.05,0.1,370,277.0,0.7486486486486487,0.25135135135135134
6,confirmatory,143000,1.0,6,0.25,2,0.1,0.2,827,690.0,0.8343409915356711,0.1656590084643289
6,confirmatory,143000,1.0,6,0.25,3,0.2,0.4,1348,1238.0,0.9183976261127597,0.08160237388724034
6,confirmatory,143000,1.0,6,0.25,4,0.4,1.01,1955,1936.0,0.9902813299232737,0.009718670076726332
6,confirmatory,143000,1.0,6,0.5,0,0.0,0.05,108,64.0,0.5925925925925926,0.40740740740740744
6,confirmatory,143000,1.0,6,0.5,1,0.05,0.1,370,246.0,0.6648648648648648,0.33513513513513515
6,confirmatory,143000,1.0,6,0.5,2,0.1,0.2,827,615.0,0.7436517533252721,0.2563482466747279
6,confirmatory,143000,1.0,6,0.5,3,0.2,0.4,1348,1151.0,0.8538575667655787,0.14614243323442133
6,confirmatory,143000,1.0,6,0.5,4,0.4,1.01,1955,1913.0,0.9785166240409208,0.02148337595907923
6,confirmatory,143000,1.0,6,0.75,0,0.0,0.05,108,48.0,0.4444444444444444,0.5555555555555556
6,confirmatory,143000,1.0,6,0.75,1,0.05,0.1,370,193.0,0.5216216216216216,0.4783783783783784
6,confirmatory,143000,1.0,6,0.75,2,0.1,0.2,827,533.0,0.6444981862152358,0.3555018137847642
6,confirmatory,143000,1.0,6,0.75,3,0.2,0.4,1348,1042.0,0.7729970326409495,0.22700296735905046
6,confirmatory,143000,1.0,6,0.75,4,0.4,1.01,1955,1872.0,0.957544757033248,0.04245524296675196
6,confirmatory,143000,1.0,6,1.0,0,0.0,0.05,108,38.0,0.35185185185185186,0.6481481481481481
6,confirmatory,143000,1.0,6,1.0,1,0.05,0.1,370,167.0,0.45135135135135135,0.5486486486486486
6,confirmatory,143000,1.0,6,1.0,2,0.1,0.2,827,453.0,0.5477629987908101,0.45223700120918986
6,confirmatory,143000,1.0,6,1.0,3,0.2,0.4,1348,913.0,0.6772997032640949,0.32270029673590506
6,confirmatory,143000,1.0,6,1.0,4,0.4,1.01,1955,1800.0,0.9207161125319693,0.07928388746803072
6,confirmatory,143000,1.0,7,0.25,0,0.0,0.05,108,71.0,0.6574074074074074,0.34259259259259256
6,confirmatory,143000,1.0,7,0.25,1,0.05,0.1,370,279.0,0.754054054054054,0.245945945945946
6,confirmatory,143000,1.0,7,0.25,2,0.1,0.2,827,686.0,0.8295042321644498,0.1704957678355502
6,confirmatory,143000,1.0,7,0.25,3,0.2,0.4,1348,1233.0,0.9146884272997032,0.08531157270029677
6,confirmatory,143000,1.0,7,0.25,4,0.4,1.01,1955,1933.0,0.9887468030690537,0.011253196930946285
6,confirmatory,143000,1.0,7,0.5,0,0.0,0.05,108,54.0,0.5,0.5
6,confirmatory,143000,1.0,7,0.5,1,0.05,0.1,370,220.0,0.5945945945945946,0.4054054054054054
6,confirmatory,143000,1.0,7,0.5,2,0.1,0.2,827,605.0,0.7315598548972189,0.26844014510278114
6,confirmatory,143000,1.0,7,0.5,3,0.2,0.4,1348,1116.0,0.827893175074184,0.17210682492581597
6,confirmatory,143000,1.0,7,0.5,4,0.4,1.01,1955,1892.0,0.9677749360613811,0.0322250639386189
6,confirmatory,143000,1.0,7,0.75,0,0.0,0.05,108,41.0,0.37962962962962965,0.6203703703703703
6,confirmatory,143000,1.0,7,0.75,1,0.05,0.1,370,157.0,0.4243243243243243,0.5756756756756757
6,confirmatory,143000,1.0,7,0.75,2,0.1,0.2,827,501.0,0.6058041112454655,0.3941958887545345
6,confirmatory,143000,1.0,7,0.75,3,0.2,0.4,1348,953.0,0.706973293768546,0.293026706231454
6,confirmatory,143000,1.0,7,0.75,4,0.4,1.01,1955,1786.0,0.9135549872122762,0.08644501278772376
6,confirmatory,143000,1.0,7,1.0,0,0.0,0.05,108,31.0,0.28703703703703703,0.712962962962963
6,confirmatory,143000,1.0,7,1.0,1,0.05,0.1,370,125.0,0.33783783783783783,0.6621621621621622
6,confirmatory,143000,1.0,7,1.0,2,0.1,0.2,827,375.0,0.4534461910519952,0.5465538089480049
6,confirmatory,143000,1.0,7,1.0,3,0.2,0.4,1348,776.0,0.5756676557863502,0.42433234421364985
6,confirmatory,143000,1.0,7,1.0,4,0.4,1.01,1955,1589.0,0.8127877237851663,0.18721227621483372
6,confirmatory,143000,1.0,8,0.25,0,0.0,0.05,108,76.0,0.7037037037037037,0.2962962962962963
6,confirmatory,143000,1.0,8,0.25,1,0.05,0.1,370,302.0,0.8162162162162162,0.1837837837837838
6,confirmatory,143000,1.0,8,0.25,2,0.1,0.2,827,704.0,0.8512696493349455,0.14873035066505447
6,confirmatory,143000,1.0,8,0.25,3,0.2,0.4,1348,1258.0,0.9332344213649851,0.06676557863501487
6,confirmatory,143000,1.0,8,0.25,4,0.4,1.01,1955,1942.0,0.9933503836317136,0.006649616368286426
6,confirmatory,143000,1.0,8,0.5,0,0.0,0.05,108,65.0,0.6018518518518519,0.39814814814814814
6,confirmatory,143000,1.0,8,0.5,1,0.05,0.1,370,259.0,0.7,0.30000000000000004
6,confirmatory,143000,1.0,8,0.5,2,0.1,0.2,827,619.0,0.7484885126964933,0.2515114873035067
6,confirmatory,143000,1.0,8,0.5,3,0.2,0.4,1348,1150.0,0.8531157270029673,0.14688427299703266
6,confirmatory,143000,1.0,8,0.5,4,0.4,1.01,1955,1917.0,0.9805626598465473,0.019437340153452665
6,confirmatory,143000,1.0,8,0.75,0,0.0,0.05,108,50.0,0.46296296296296297,0.537037037037037
6,confirmatory,143000,1.0,8,0.75,1,0.05,0.1,370,202.0,0.5459459459459459,0.4540540540540541
6,confirmatory,143000,1.0,8,0.75,2,0.1,0.2,827,519.0,0.6275695284159613,0.37243047158403875
6,confirmatory,143000,1.0,8,0.75,3,0.2,0.4,1348,1048.0,0.7774480712166172,0.2225519287833828
6,confirmatory,143000,1.0,8,0.75,4,0.4,1.01,1955,1870.0,0.9565217391304348,0.04347826086956519
6,confirmatory,143000,1.0,8,1.0,0,0.0,0.05,108,37.0,0.3425925925925926,0.6574074074074074
6,confirmatory,143000,1.0,8,1.0,1,0.05,0.1,370,159.0,0.4297297297297297,0.5702702702702702
6,confirmatory,143000,1.0,8,1.0,2,0.1,0.2,827,447.0,0.5405078597339782,0.4594921402660218
6,confirmatory,143000,1.0,8,1.0,3,0.2,0.4,1348,898.0,0.6661721068249258,0.3338278931750742
6,confirmatory,143000,1.0,8,1.0,4,0.4,1.01,1955,1783.0,0.9120204603580563,0.08797953964194372
6,confirmatory,143000,1.0,9,0.25,0,0.0,0.05,108,70.0,0.6481481481481481,0.35185185185185186
6,confirmatory,143000,1.0,9,0.25,1,0.05,0.1,370,295.0,0.7972972972972973,0.20270270270270274
6,confirmatory,143000,1.0,9,0.25,2,0.1,0.2,827,718.0,0.8681983071342201,0.13180169286577992
6,confirmatory,143000,1.0,9,0.25,3,0.2,0.4,1348,1253.0,0.9295252225519288,0.07047477744807118
6,confirmatory,143000,1.0,9,0.25,4,0.4,1.01,1955,1939.0,0.9918158567774936,0.00818414322250638
6,confirmatory,143000,1.0,9,0.5,0,0.0,0.05,108,56.0,0.5185185185185185,0.4814814814814815
6,confirmatory,143000,1.0,9,0.5,1,0.05,0.1,370,254.0,0.6864864864864865,0.31351351351351353
6,confirmatory,143000,1.0,9,0.5,2,0.1,0.2,827,623.0,0.7533252720677146,0.2466747279322854
6,confirmatory,143000,1.0,9,0.5,3,0.2,0.4,1348,1162.0,0.8620178041543026,0.13798219584569738
6,confirmatory,143000,1.0,9,0.5,4,0.4,1.01,1955,1913.0,0.9785166240409208,0.02148337595907923
6,confirmatory,143000,1.0,9,0.75,0,0.0,0.05,108,46.0,0.42592592592592593,0.5740740740740741
6,confirmatory,143000,1.0,9,0.75,1,0.05,0.1,370,202.0,0.5459459459459459,0.4540540540540541
6,confirmatory,143000,1.0,9,0.75,2,0.1,0.2,827,538.0,0.6505441354292624,0.34945586457073763
6,confirmatory,143000,1.0,9,0.75,3,0.2,0.4,1348,1032.0,0.7655786350148368,0.2344213649851632
6,confirmatory,143000,1.0,9,0.75,4,0.4,1.01,1955,1880.0,0.9616368286445013,0.038363171355498715
6,confirmatory,143000,1.0,9,1.0,0,0.0,0.05,108,30.0,0.2777777777777778,0.7222222222222222
6,confirmatory,143000,1.0,9,1.0,1,0.05,0.1,370,157.0,0.4243243243243243,0.5756756756756757
6,confirmatory,143000,1.0,9,1.0,2,0.1,0.2,827,424.0,0.5126964933494559,0.4873035066505441
6,confirmatory,143000,1.0,9,1.0,3,0.2,0.4,1348,890.0,0.6602373887240356,0.3397626112759644
6,confirmatory,143000,1.0,9,1.0,4,0.4,1.01,1955,1785.0,0.9130434782608695,0.08695652173913049
6,confirmatory,143000,1.0,10,0.25,0,0.0,0.05,108,60.0,0.5555555555555556,0.4444444444444444
6,confirmatory,143000,1.0,10,0.25,1,0.05,0.1,370,258.0,0.6972972972972973,0.3027027027027027
6,confirmatory,143000,1.0,10,0.25,2,0.1,0.2,827,634.0,0.7666263603385731,0.23337363966142688
6,confirmatory,143000,1.0,10,0.25,3,0.2,0.4,1348,1151.0,0.8538575667655787,0.14614243323442133
6,confirmatory,143000,1.0,10,0.25,4,0.4,1.01,1955,1902.0,0.9728900255754476,0.02710997442455243
6,confirmatory,143000,1.0,10,0.5,0,0.0,0.05,108,34.0,0.3148148148148148,0.6851851851851851
6,confirmatory,143000,1.0,10,0.5,1,0.05,0.1,370,173.0,0.46756756756756757,0.5324324324324324
6,confirmatory,143000,1.0,10,0.5,2,0.1,0.2,827,495.0,0.5985489721886336,0.40145102781136643
6,confirmatory,143000,1.0,10,0.5,3,0.2,0.4,1348,943.0,0.6995548961424333,0.30044510385756673
6,confirmatory,143000,1.0,10,0.5,4,0.4,1.01,1955,1807.0,0.9242966751918159,0.07570332480818409
6,confirmatory,143000,1.0,10,0.75,0,0.0,0.05,108,29.0,0.26851851851851855,0.7314814814814814
6,confirmatory,143000,1.0,10,0.75,1,0.05,0.1,370,121.0,0.327027027027027,0.672972972972973
6,confirmatory,143000,1.0,10,0.75,2,0.1,0.2,827,386.0,0.4667472793228537,0.5332527206771462
6,confirmatory,143000,1.0,10,0.75,3,0.2,0.4,1348,788.0,0.5845697329376854,0.41543026706231456
6,confirmatory,143000,1.0,10,0.75,4,0.4,1.01,1955,1652.0,0.8450127877237852,0.15498721227621481
6,confirmatory,143000,1.0,10,1.0,0,0.0,0.05,108,24.0,0.2222222222222222,0.7777777777777778
6,confirmatory,143000,1.0,10,1.0,1,0.05,0.1,370,93.0,0.25135135135135134,0.7486486486486487
6,confirmatory,143000,1.0,10,1.0,2,0.1,0.2,827,314.0,0.37968561064087064,0.6203143893591294
6,confirmatory,143000,1.0,10,1.0,3,0.2,0.4,1348,654.0,0.48516320474777447,0.5148367952522255
6,confirmatory,143000,1.0,10,1.0,4,0.4,1.01,1955,1459.0,0.7462915601023018,0.2537084398976982
7,confirmatory,14000,0.0979020979020979,1,0.25,0,0.0,0.05,119,85.0,0.7142857142857143,0.2857142857142857
7,confirmatory,14000,0.0979020979020979,1,0.25,1,0.05,0.1,404,355.0,0.8787128712871287,0.12128712871287128
7,confirmatory,14000,0.0979020979020979,1,0.25,2,0.1,0.2,853,747.0,0.8757327080890973,0.12426729191090269
7,confirmatory,14000,0.0979020979020979,1,0.25,3,0.2,0.4,1369,1300.0,0.9495982468955442,0.050401753104455826
7,confirmatory,14000,0.0979020979020979,1,0.25,4,0.4,1.01,1863,1855.0,0.9957058507783145,0.004294149221685473
7,confirmatory,14000,0.0979020979020979,1,0.5,0,0.0,0.05,119,63.0,0.5294117647058824,0.47058823529411764
7,confirmatory,14000,0.0979020979020979,1,0.5,1,0.05,0.1,404,281.0,0.6955445544554455,0.3044554455445545
7,confirmatory,14000,0.0979020979020979,1,0.5,2,0.1,0.2,853,658.0,0.7713950762016413,0.22860492379835873
7,confirmatory,14000,0.0979020979020979,1,0.5,3,0.2,0.4,1369,1210.0,0.8838568298027758,0.1161431701972242
7,confirmatory,14000,0.0979020979020979,1,0.5,4,0.4,1.01,1863,1820.0,0.9769189479334407,0.023081052066559304
7,confirmatory,14000,0.0979020979020979,1,0.75,0,0.0,0.05,119,38.0,0.31932773109243695,0.680672268907563
7,confirmatory,14000,0.0979020979020979,1,0.75,1,0.05,0.1,404,206.0,0.5099009900990099,0.4900990099009901
7,confirmatory,14000,0.0979020979020979,1,0.75,2,0.1,0.2,853,525.0,0.6154747948417351,0.38452520515826494
7,confirmatory,14000,0.0979020979020979,1,0.75,3,0.2,0.4,1369,1068.0,0.7801314828341855,0.21986851716581446
7,confirmatory,14000,0.0979020979020979,1,0.75,4,0.4,1.01,1863,1745.0,0.9366612989801396,0.06333870101986039
7,confirmatory,14000,0.0979020979020979,1,1.0,0,0.0,0.05,119,30.0,0.25210084033613445,0.7478991596638656
7,confirmatory,14000,0.0979020979020979,1,1.0,1,0.05,0.1,404,153.0,0.3787128712871287,0.6212871287128713
7,confirmatory,14000,0.0979020979020979,1,1.0,2,0.1,0.2,853,412.0,0.48300117233294254,0.5169988276670574
7,confirmatory,14000,0.0979020979020979,1,1.0,3,0.2,0.4,1369,895.0,0.6537618699780862,0.34623813002191384
7,confirmatory,14000,0.0979020979020979,1,1.0,4,0.4,1.01,1863,1608.0,0.8631239935587761,0.13687600644122389
7,confirmatory,14000,0.0979020979020979,2,0.25,0,0.0,0.05,119,87.0,0.7310924369747899,0.26890756302521013
7,confirmatory,14000,0.0979020979020979,2,0.25,1,0.05,0.1,404,338.0,0.8366336633663366,0.1633663366336634
7,confirmatory,14000,0.0979020979020979,2,0.25,2,0.1,0.2,853,745.0,0.8733880422039859,0.12661195779601409
7,confirmatory,14000,0.0979020979020979,2,0.25,3,0.2,0.4,1369,1285.0,0.9386413440467495,0.06135865595325052
7,confirmatory,14000,0.0979020979020979,2,0.25,4,0.4,1.01,1863,1853.0,0.9946323134728932,0.005367686527106841
7,confirmatory,14000,0.0979020979020979,2,0.5,0,0.0,0.05,119,64.0,0.5378151260504201,0.46218487394957986
7,confirmatory,14000,0.0979020979020979,2,0.5,1,0.05,0.1,404,268.0,0.6633663366336634,0.3366336633663366
7,confirmatory,14000,0.0979020979020979,2,0.5,2,0.1,0.2,853,652.0,0.7643610785463072,0.2356389214536928
7,confirmatory,14000,0.0979020979020979,2,0.5,3,0.2,0.4,1369,1185.0,0.8655953250547845,0.13440467494521546
7,confirmatory,14000,0.0979020979020979,2,0.5,4,0.4,1.01,1863,1831.0,0.9828234031132582,0.01717659688674178
7,confirmatory,14000,0.0979020979020979,2,0.75,0,0.0,0.05,119,40.0,0.33613445378151263,0.6638655462184874
7,confirmatory,14000,0.0979020979020979,2,0.75,1,0.05,0.1,404,196.0,0.48514851485148514,0.5148514851485149
7,confirmatory,14000,0.0979020979020979,2,0.75,2,0.1,0.2,853,505.0,0.5920281359906213,0.4079718640093787
7,confirmatory,14000,0.0979020979020979,2,0.75,3,0.2,0.4,1369,1017.0,0.7428780131482834,0.2571219868517166
7,confirmatory,14000,0.0979020979020979,2,0.75,4,0.4,1.01,1863,1738.0,0.9329039184111648,0.06709608158883518
7,confirmatory,14000,0.0979020979020979,2,1.0,0,0.0,0.05,119,28.0,0.23529411764705882,0.7647058823529411
7,confirmatory,14000,0.0979020979020979,2,1.0,1,0.05,0.1,404,130.0,0.3217821782178218,0.6782178217821782
7,confirmatory,14000,0.0979020979020979,2,1.0,2,0.1,0.2,853,358.0,0.4196951934349355,0.5803048065650644
7,confirmatory,14000,0.0979020979020979,2,1.0,3,0.2,0.4,1369,823.0,0.6011687363038715,0.39883126369612854
7,confirmatory,14000,0.0979020979020979,2,1.0,4,0.4,1.01,1863,1541.0,0.8271604938271605,0.1728395061728395
7,confirmatory,14000,0.0979020979020979,3,0.25,0,0.0,0.05,119,86.0,0.7226890756302521,0.2773109243697479
7,confirmatory,14000,0.0979020979020979,3,0.25,1,0.05,0.1,404,341.0,0.844059405940594,0.15594059405940597
7,confirmatory,14000,0.0979020979020979,3,0.25,2,0.1,0.2,853,740.0,0.8675263774912075,0.13247362250879247
7,confirmatory,14000,0.0979020979020979,3,0.25,3,0.2,0.4,1369,1285.0,0.9386413440467495,0.06135865595325052
7,confirmatory,14000,0.0979020979020979,3,0.25,4,0.4,1.01,1863,1854.0,0.9951690821256038,0.004830917874396157
7,confirmatory,14000,0.0979020979020979,3,0.5,0,0.0,0.05,119,57.0,0.4789915966386555,0.5210084033613445
7,confirmatory,14000,0.0979020979020979,3,0.5,1,0.05,0.1,404,274.0,0.6782178217821783,0.32178217821782173
7,confirmatory,14000,0.0979020979020979,3,0.5,2,0.1,0.2,853,653.0,0.7655334114888629,0.2344665885111371
7,confirmatory,14000,0.0979020979020979,3,0.5,3,0.2,0.4,1369,1189.0,0.8685171658144631,0.13148283418553686
7,confirmatory,14000,0.0979020979020979,3,0.5,4,0.4,1.01,1863,1831.0,0.9828234031132582,0.01717659688674178
7,confirmatory,14000,0.0979020979020979,3,0.75,0,0.0,0.05,119,38.0,0.31932773109243695,0.680672268907563
7,confirmatory,14000,0.0979020979020979,3,0.75,1,0.05,0.1,404,205.0,0.5074257425742574,0.49257425742574257
7,confirmatory,14000,0.0979020979020979,3,0.75,2,0.1,0.2,853,523.0,0.6131301289566237,0.38686987104337633
7,confirmatory,14000,0.0979020979020979,3,0.75,3,0.2,0.4,1369,1036.0,0.7567567567567568,0.2432432432432432
7,confirmatory,14000,0.0979020979020979,3,0.75,4,0.4,1.01,1863,1740.0,0.9339774557165862,0.06602254428341381
7,confirmatory,14000,0.0979020979020979,3,1.0,0,0.0,0.05,119,18.0,0.15126050420168066,0.8487394957983193
7,confirmatory,14000,0.0979020979020979,3,1.0,1,0.05,0.1,404,85.0,0.2103960396039604,0.7896039603960396
7,confirmatory,14000,0.0979020979020979,3,1.0,2,0.1,0.2,853,336.0,0.3939038686987104,0.6060961313012896
7,confirmatory,14000,0.0979020979020979,3,1.0,3,0.2,0.4,1369,746.0,0.5449233016800584,0.4550766983199416
7,confirmatory,14000,0.0979020979020979,3,1.0,4,0.4,1.01,1863,1388.0,0.7450348899624262,0.2549651100375738
7,confirmatory,14000,0.0979020979020979,4,0.25,0,0.0,0.05,119,84.0,0.7058823529411765,0.2941176470588235
7,confirmatory,14000,0.0979020979020979,4,0.25,1,0.05,0.1,404,329.0,0.8143564356435643,0.1856435643564357
7,confirmatory,14000,0.0979020979020979,4,0.25,2,0.1,0.2,853,770.0,0.902696365767878,0.09730363423212196
7,confirmatory,14000,0.0979020979020979,4,0.25,3,0.2,0.4,1369,1284.0,0.9379108838568299,0.06208911614317014
7,confirmatory,14000,0.0979020979020979,4,0.25,4,0.4,1.01,1863,1848.0,0.9919484702093397,0.008051529790660261
7,confirmatory,14000,0.0979020979020979,4,0.5,0,0.0,0.05,119,57.0,0.4789915966386555,0.5210084033613445
7,confirmatory,14000,0.0979020979020979,4,0.5,1,0.05,0.1,404,256.0,0.6336633663366337,0.36633663366336633
7,confirmatory,14000,0.0979020979020979,4,0.5,2,0.1,0.2,853,654.0,0.7667057444314185,0.23329425556858152
7,confirmatory,14000,0.0979020979020979,4,0.5,3,0.2,0.4,1369,1169.0,0.8539079620160701,0.1460920379839299
7,confirmatory,14000,0.0979020979020979,4,0.5,4,0.4,1.01,1863,1804.0,0.9683306494900698,0.03166935050993025
7,confirmatory,14000,0.0979020979020979,4,0.75,0,0.0,0.05,119,37.0,0.31092436974789917,0.6890756302521008
7,confirmatory,14000,0.0979020979020979,4,0.75,1,0.05,0.1,404,203.0,0.5024752475247525,0.4975247524752475
7,confirmatory,14000,0.0979020979020979,4,0.75,2,0.1,0.2,853,562.0,0.6588511137162955,0.34114888628370454
7,confirmatory,14000,0.0979020979020979,4,0.75,3,0.2,0.4,1369,1057.0,0.7720964207450693,0.22790357925493065
7,confirmatory,14000,0.0979020979020979,4,0.75,4,0.4,1.01,1863,1736.0,0.9318303811057435,0.06816961889425655
7,confirmatory,14000,0.0979020979020979,4,1.0,0,0.0,0.05,119,28.0,0.23529411764705882,0.7647058823529411
7,confirmatory,14000,0.0979020979020979,4,1.0,1,0.05,0.1,404,147.0,0.36386138613861385,0.6361386138613861
7,confirmatory,14000,0.0979020979020979,4,1.0,2,0.1,0.2,853,455.0,0.5334114888628371,0.46658851113716293
7,confirmatory,14000,0.0979020979020979,4,1.0,3,0.2,0.4,1369,935.0,0.6829802775748721,0.3170197224251279
7,confirmatory,14000,0.0979020979020979,4,1.0,4,0.4,1.01,1863,1618.0,0.868491680085883,0.13150831991411704
7,confirmatory,14000,0.0979020979020979,5,0.25,0,0.0,0.05,119,98.0,0.8235294117647058,0.17647058823529416
7,confirmatory,14000,0.0979020979020979,5,0.25,1,0.05,0.1,404,335.0,0.8292079207920792,0.17079207920792083
7,confirmatory,14000,0.0979020979020979,5,0.25,2,0.1,0.2,853,756.0,0.8862837045720985,0.11371629542790151
7,confirmatory,14000,0.0979020979020979,5,0.25,3,0.2,0.4,1369,1299.0,0.9488677867056245,0.05113221329437545
7,confirmatory,14000,0.0979020979020979,5,0.25,4,0.4,1.01,1863,1858.0,0.9973161567364466,0.0026838432635534204
7,confirmatory,14000,0.0979020979020979,5,0.5,0,0.0,0.05,119,78.0,0.6554621848739496,0.3445378151260504
7,confirmatory,14000,0.0979020979020979,5,0.5,1,0.05,0.1,404,279.0,0.6905940594059405,0.30940594059405946
7,confirmatory,14000,0.0979020979020979,5,0.5,2,0.1,0.2,853,681.0,0.798358733880422,0.201641266119578
7,confirmatory,14000,0.0979020979020979,5,0.5,3,0.2,0.4,1369,1225.0,0.8948137326515705,0.10518626734842951
7,confirmatory,14000,0.0979020979020979,5,0.5,4,0.4,1.01,1863,1847.0,0.991411701556629,0.008588298443370945
7,confirmatory,14000,0.0979020979020979,5,0.75,0,0.0,0.05,119,64.0,0.5378151260504201,0.46218487394957986
7,confirmatory,14000,0.0979020979020979,5,0.75,1,0.05,0.1,404,231.0,0.5717821782178217,0.42821782178217827
7,confirmatory,14000,0.0979020979020979,5,0.75,2,0.1,0.2,853,606.0,0.7104337631887456,0.2895662368112544
7,confirmatory,14000,0.0979020979020979,5,0.75,3,0.2,0.4,1369,1144.0,0.8356464572680788,0.16435354273192115
7,confirmatory,14000,0.0979020979020979,5,0.75,4,0.4,1.01,1863,1804.0,0.9683306494900698,0.03166935050993025
7,confirmatory,14000,0.0979020979020979,5,1.0,0,0.0,0.05,119,48.0,0.40336134453781514,0.5966386554621849
7,confirmatory,14000,0.0979020979020979,5,1.0,1,0.05,0.1,404,190.0,0.47029702970297027,0.5297029702970297
7,confirmatory,14000,0.0979020979020979,5,1.0,2,0.1,0.2,853,533.0,0.6248534583821805,0.37514654161781946
7,confirmatory,14000,0.0979020979020979,5,1.0,3,0.2,0.4,1369,1043.0,0.7618699780861943,0.23813002191380572
7,confirmatory,14000,0.0979020979020979,5,1.0,4,0.4,1.01,1863,1726.0,0.9264626945786366,0.07353730542136339
7,confirmatory,14000,0.0979020979020979,6,0.25,0,0.0,0.05,119,99.0,0.8319327731092437,0.16806722689075626
7,confirmatory,14000,0.0979020979020979,6,0.25,1,0.05,0.1,404,332.0,0.8217821782178217,0.17821782178217827
7,confirmatory,14000,0.0979020979020979,6,0.25,2,0.1,0.2,853,772.0,0.9050410316529894,0.09495896834701056
7,confirmatory,14000,0.0979020979020979,6,0.25,3,0.2,0.4,1369,1302.0,0.9510591672753835,0.04894083272461647
7,confirmatory,14000,0.0979020979020979,6,0.25,4,0.4,1.01,1863,1855.0,0.9957058507783145,0.004294149221685473
7,confirmatory,14000,0.0979020979020979,6,0.5,0,0.0,0.05,119,73.0,0.6134453781512605,0.38655462184873945
7,confirmatory,14000,0.0979020979020979,6,0.5,1,0.05,0.1,404,276.0,0.6831683168316832,0.3168316831683168
7,confirmatory,14000,0.0979020979020979,6,0.5,2,0.1,0.2,853,683.0,0.8007033997655334,0.1992966002344666
7,confirmatory,14000,0.0979020979020979,6,0.5,3,0.2,0.4,1369,1228.0,0.8970051132213295,0.10299488677867052
7,confirmatory,14000,0.0979020979020979,6,0.5,4,0.4,1.01,1863,1844.0,0.989801395598497,0.010198604401502998
7,confirmatory,14000,0.0979020979020979,6,0.75,0,0.0,0.05,119,58.0,0.48739495798319327,0.5126050420168067
7,confirmatory,14000,0.0979020979020979,6,0.75,1,0.05,0.1,404,231.0,0.5717821782178217,0.42821782178217827
7,confirmatory,14000,0.0979020979020979,6,0.75,2,0.1,0.2,853,596.0,0.6987104337631888,0.30128956623681125
7,confirmatory,14000,0.0979020979020979,6,0.75,3,0.2,0.4,1369,1142.0,0.8341855368882396,0.1658144631117604
7,confirmatory,14000,0.0979020979020979,6,0.75,4,0.4,1.01,1863,1822.0,0.9779924852388621,0.022007514761137936
7,confirmatory,14000,0.0979020979020979,6,1.0,0,0.0,0.05,119,46.0,0.3865546218487395,0.6134453781512605
7,confirmatory,14000,0.0979020979020979,6,1.0,1,0.05,0.1,404,200.0,0.49504950495049505,0.504950495049505
7,confirmatory,14000,0.0979020979020979,6,1.0,2,0.1,0.2,853,499.0,0.5849941383352872,0.41500586166471276
7,confirmatory,14000,0.0979020979020979,6,1.0,3,0.2,0.4,1369,1026.0,0.7494521548575602,0.2505478451424398
7,confirmatory,14000,0.0979020979020979,6,1.0,4,0.4,1.01,1863,1756.0,0.942565754159957,0.057434245840042975
7,confirmatory,14000,0.0979020979020979,7,0.25,0,0.0,0.05,119,92.0,0.773109243697479,0.22689075630252098
7,confirmatory,14000,0.0979020979020979,7,0.25,1,0.05,0.1,404,351.0,0.8688118811881188,0.1311881188118812
7,confirmatory,14000,0.0979020979020979,7,0.25,2,0.1,0.2,853,776.0,0.9097303634232122,0.09026963657678777
7,confirmatory,14000,0.0979020979020979,7,0.25,3,0.2,0.4,1369,1314.0,0.9598246895544192,0.04017531044558076
7,confirmatory,14000,0.0979020979020979,7,0.25,4,0.4,1.01,1863,1858.0,0.9973161567364466,0.0026838432635534204
7,confirmatory,14000,0.0979020979020979,7,0.5,0,0.0,0.05,119,73.0,0.6134453781512605,0.38655462184873945
7,confirmatory,14000,0.0979020979020979,7,0.5,1,0.05,0.1,404,297.0,0.7351485148514851,0.26485148514851486
7,confirmatory,14000,0.0979020979020979,7,0.5,2,0.1,0.2,853,699.0,0.8194607268464243,0.18053927315357565
7,confirmatory,14000,0.0979020979020979,7,0.5,3,0.2,0.4,1369,1252.0,0.914536157779401,0.085463842220599
7,confirmatory,14000,0.0979020979020979,7,0.5,4,0.4,1.01,1863,1847.0,0.991411701556629,0.008588298443370945
7,confirmatory,14000,0.0979020979020979,7,0.75,0,0.0,0.05,119,59.0,0.4957983193277311,0.5042016806722689
7,confirmatory,14000,0.0979020979020979,7,0.75,1,0.05,0.1,404,250.0,0.6188118811881188,0.3811881188118812
7,confirmatory,14000,0.0979020979020979,7,0.75,2,0.1,0.2,853,617.0,0.7233294255568582,0.2766705744431418
7,confirmatory,14000,0.0979020979020979,7,0.75,3,0.2,0.4,1369,1180.0,0.8619430241051863,0.1380569758948137
7,confirmatory,14000,0.0979020979020979,7,0.75,4,0.4,1.01,1863,1824.0,0.9790660225442834,0.020933977455716568
7,confirmatory,14000,0.0979020979020979,7,1.0,0,0.0,0.05,119,47.0,0.3949579831932773,0.6050420168067228
7,confirmatory,14000,0.0979020979020979,7,1.0,1,0.05,0.1,404,206.0,0.5099009900990099,0.4900990099009901
7,confirmatory,14000,0.0979020979020979,7,1.0,2,0.1,0.2,853,548.0,0.6424384525205158,0.3575615474794842
7,confirmatory,14000,0.0979020979020979,7,1.0,3,0.2,0.4,1369,1099.0,0.8027757487216947,0.19722425127830534
7,confirmatory,14000,0.0979020979020979,7,1.0,4,0.4,1.01,1863,1784.0,0.9575952764358562,0.04240472356414382
7,confirmatory,14000,0.0979020979020979,8,0.25,0,0.0,0.05,119,84.0,0.7058823529411765,0.2941176470588235
7,confirmatory,14000,0.0979020979020979,8,0.25,1,0.05,0.1,404,335.0,0.8292079207920792,0.17079207920792083
7,confirmatory,14000,0.0979020979020979,8,0.25,2,0.1,0.2,853,757.0,0.8874560375146542,0.11254396248534582
7,confirmatory,14000,0.0979020979020979,8,0.25,3,0.2,0.4,1369,1314.0,0.9598246895544192,0.04017531044558076
7,confirmatory,14000,0.0979020979020979,8,0.25,4,0.4,1.01,1863,1854.0,0.9951690821256038,0.004830917874396157
7,confirmatory,14000,0.0979020979020979,8,0.5,0,0.0,0.05,119,62.0,0.5210084033613446,0.4789915966386554
7,confirmatory,14000,0.0979020979020979,8,0.5,1,0.05,0.1,404,277.0,0.6856435643564357,0.3143564356435643
7,confirmatory,14000,0.0979020979020979,8,0.5,2,0.1,0.2,853,673.0,0.7889800703399765,0.21101992966002348
7,confirmatory,14000,0.0979020979020979,8,0.5,3,0.2,0.4,1369,1231.0,0.8991964937910883,0.10080350620891165
7,confirmatory,14000,0.0979020979020979,8,0.5,4,0.4,1.01,1863,1840.0,0.9876543209876543,0.012345679012345734
7,confirmatory,14000,0.0979020979020979,8,0.75,0,0.0,0.05,119,42.0,0.35294117647058826,0.6470588235294117
7,confirmatory,14000,0.0979020979020979,8,0.75,1,0.05,0.1,404,216.0,0.5346534653465347,0.4653465346534653
7,confirmatory,14000,0.0979020979020979,8,0.75,2,0.1,0.2,853,579.0,0.6787807737397421,0.3212192262602579
7,confirmatory,14000,0.0979020979020979,8,0.75,3,0.2,0.4,1369,1141.0,0.83345507669832,0.16654492330168003
7,confirmatory,14000,0.0979020979020979,8,0.75,4,0.4,1.01,1863,1805.0,0.9688674181427804,0.031132581857219566
7,confirmatory,14000,0.0979020979020979,8,1.0,0,0.0,0.05,119,36.0,0.3025210084033613,0.6974789915966386
7,confirmatory,14000,0.0979020979020979,8,1.0,1,0.05,0.1,404,171.0,0.42326732673267325,0.5767326732673268
7,confirmatory,14000,0.0979020979020979,8,1.0,2,0.1,0.2,853,489.0,0.5732708089097304,0.42672919109026963
7,confirmatory,14000,0.0979020979020979,8,1.0,3,0.2,0.4,1369,1009.0,0.7370343316289262,0.2629656683710738
7,confirmatory,14000,0.0979020979020979,8,1.0,4,0.4,1.01,1863,1741.0,0.9345142243692969,0.06548577563070312
7,confirmatory,14000,0.0979020979020979,9,0.25,0,0.0,0.05,119,94.0,0.7899159663865546,0.2100840336134454
7,confirmatory,14000,0.0979020979020979,9,0.25,1,0.05,0.1,404,350.0,0.8663366336633663,0.13366336633663367
7,confirmatory,14000,0.0979020979020979,9,0.25,2,0.1,0.2,853,764.0,0.895662368112544,0.10433763188745604
7,confirmatory,14000,0.0979020979020979,9,0.25,3,0.2,0.4,1369,1283.0,0.9371804236669101,0.06281957633308988
7,confirmatory,14000,0.0979020979020979,9,0.25,4,0.4,1.01,1863,1849.0,0.9924852388620504,0.007514761137949577
7,confirmatory,14000,0.0979020979020979,9,0.5,0,0.0,0.05,119,74.0,0.6218487394957983,0.37815126050420167
7,confirmatory,14000,0.0979020979020979,9,0.5,1,0.05,0.1,404,296.0,0.7326732673267327,0.26732673267326734
7,confirmatory,14000,0.0979020979020979,9,0.5,2,0.1,0.2,853,684.0,0.8018757327080891,0.1981242672919109
7,confirmatory,14000,0.0979020979020979,9,0.5,3,0.2,0.4,1369,1199.0,0.8758217677136596,0.1241782322863404
7,confirmatory,14000,0.0979020979020979,9,0.5,4,0.4,1.01,1863,1825.0,0.9796027911969941,0.020397208803005884
7,confirmatory,14000,0.0979020979020979,9,0.75,0,0.0,0.05,119,59.0,0.4957983193277311,0.5042016806722689
7,confirmatory,14000,0.0979020979020979,9,0.75,1,0.05,0.1,404,254.0,0.6287128712871287,0.3712871287128713
7,confirmatory,14000,0.0979020979020979,9,0.75,2,0.1,0.2,853,599.0,0.7022274325908558,0.29777256740914415
7,confirmatory,14000,0.0979020979020979,9,0.75,3,0.2,0.4,1369,1118.0,0.816654492330168,0.18334550766983204
7,confirmatory,14000,0.0979020979020979,9,0.75,4,0.4,1.01,1863,1769.0,0.9495437466451959,0.05045625335480408
7,confirmatory,14000,0.0979020979020979,9,1.0,0,0.0,0.05,119,53.0,0.44537815126050423,0.5546218487394958
7,confirmatory,14000,0.0979020979020979,9,1.0,1,0.05,0.1,404,207.0,0.5123762376237624,0.4876237623762376
7,confirmatory,14000,0.0979020979020979,9,1.0,2,0.1,0.2,853,518.0,0.6072684642438453,0.3927315357561547
7,confirmatory,14000,0.0979020979020979,9,1.0,3,0.2,0.4,1369,1005.0,0.7341124908692477,0.2658875091307523
7,confirmatory,14000,0.0979020979020979,9,1.0,4,0.4,1.01,1863,1704.0,0.9146537842190016,0.08534621578099844
7,confirmatory,14000,0.0979020979020979,10,0.25,0,0.0,0.05,119,95.0,0.7983193277310925,0.2016806722689075
7,confirmatory,14000,0.0979020979020979,10,0.25,1,0.05,0.1,404,341.0,0.844059405940594,0.15594059405940597
7,confirmatory,14000,0.0979020979020979,10,0.25,2,0.1,0.2,853,773.0,0.9062133645955451,0.09378663540445487
7,confirmatory,14000,0.0979020979020979,10,0.25,3,0.2,0.4,1369,1284.0,0.9379108838568299,0.06208911614317014
7,confirmatory,14000,0.0979020979020979,10,0.25,4,0.4,1.01,1863,1854.0,0.9951690821256038,0.004830917874396157
7,confirmatory,14000,0.0979020979020979,10,0.5,0,0.0,0.05,119,79.0,0.6638655462184874,0.33613445378151263
7,confirmatory,14000,0.0979020979020979,10,0.5,1,0.05,0.1,404,278.0,0.6881188118811881,0.31188118811881194
7,confirmatory,14000,0.0979020979020979,10,0.5,2,0.1,0.2,853,677.0,0.7936694021101993,0.20633059788980068
7,confirmatory,14000,0.0979020979020979,10,0.5,3,0.2,0.4,1369,1188.0,0.8677867056245434,0.1322132943754566
7,confirmatory,14000,0.0979020979020979,10,0.5,4,0.4,1.01,1863,1829.0,0.9817498658078369,0.018250134192163148
7,confirmatory,14000,0.0979020979020979,10,0.75,0,0.0,0.05,119,64.0,0.5378151260504201,0.46218487394957986
7,confirmatory,14000,0.0979020979020979,10,0.75,1,0.05,0.1,404,241.0,0.5965346534653465,0.4034653465346535
7,confirmatory,14000,0.0979020979020979,10,0.75,2,0.1,0.2,853,597.0,0.6998827667057445,0.30011723329425555
7,confirmatory,14000,0.0979020979020979,10,0.75,3,0.2,0.4,1369,1110.0,0.8108108108108109,0.18918918918918914
7,confirmatory,14000,0.0979020979020979,10,0.75,4,0.4,1.01,1863,1795.0,0.9634997316156736,0.036500268384326406
7,confirmatory,14000,0.0979020979020979,10,1.0,0,0.0,0.05,119,54.0,0.453781512605042,0.546218487394958
7,confirmatory,14000,0.0979020979020979,10,1.0,1,0.05,0.1,404,220.0,0.5445544554455446,0.4554455445544554
7,confirmatory,14000,0.0979020979020979,10,1.0,2,0.1,0.2,853,524.0,0.6143024618991794,0.38569753810082064
7,confirmatory,14000,0.0979020979020979,10,1.0,3,0.2,0.4,1369,1009.0,0.7370343316289262,0.2629656683710738
7,confirmatory,14000,0.0979020979020979,10,1.0,4,0.4,1.01,1863,1737.0,0.9323671497584541,0.06763285024154586
7,confirmatory,72000,0.5034965034965035,1,0.25,0,0.0,0.05,103,71.0,0.6893203883495146,0.3106796116504854
7,confirmatory,72000,0.5034965034965035,1,0.25,1,0.05,0.1,346,276.0,0.7976878612716763,0.20231213872832365
7,confirmatory,72000,0.5034965034965035,1,0.25,2,0.1,0.2,811,711.0,0.8766954377311961,0.12330456226880393
7,confirmatory,72000,0.5034965034965035,1,0.25,3,0.2,0.4,1363,1300.0,0.9537784299339692,0.04622157006603078
7,confirmatory,72000,0.5034965034965035,1,0.25,4,0.4,1.01,1985,1971.0,0.9929471032745592,0.007052896725440849
7,confirmatory,72000,0.5034965034965035,1,0.5,0,0.0,0.05,103,55.0,0.5339805825242718,0.46601941747572817
7,confirmatory,72000,0.5034965034965035,1,0.5,1,0.05,0.1,346,208.0,0.6011560693641619,0.3988439306358381
7,confirmatory,72000,0.5034965034965035,1,0.5,2,0.1,0.2,811,611.0,0.7533908754623921,0.24660912453760786
7,confirmatory,72000,0.5034965034965035,1,0.5,3,0.2,0.4,1363,1171.0,0.8591342626559061,0.1408657373440939
7,confirmatory,72000,0.5034965034965035,1,0.5,4,0.4,1.01,1985,1938.0,0.9763224181360202,0.023677581863979835
7,confirmatory,72000,0.5034965034965035,1,0.75,0,0.0,0.05,103,34.0,0.3300970873786408,0.6699029126213591
7,confirmatory,72000,0.5034965034965035,1,0.75,1,0.05,0.1,346,158.0,0.45664739884393063,0.5433526011560694
7,confirmatory,72000,0.5034965034965035,1,0.75,2,0.1,0.2,811,489.0,0.6029593094944513,0.3970406905055487
7,confirmatory,72000,0.5034965034965035,1,0.75,3,0.2,0.4,1363,990.0,0.7263389581804842,0.2736610418195158
7,confirmatory,72000,0.5034965034965035,1,0.75,4,0.4,1.01,1985,1849.0,0.9314861460957179,0.06851385390428211
7,confirmatory,72000,0.5034965034965035,1,1.0,0,0.0,0.05,103,19.0,0.18446601941747573,0.8155339805825242
7,confirmatory,72000,0.5034965034965035,1,1.0,1,0.05,0.1,346,103.0,0.2976878612716763,0.7023121387283238
7,confirmatory,72000,0.5034965034965035,1,1.0,2,0.1,0.2,811,355.0,0.43773119605425403,0.562268803945746
7,confirmatory,72000,0.5034965034965035,1,1.0,3,0.2,0.4,1363,753.0,0.5524578136463683,0.44754218635363174
7,confirmatory,72000,0.5034965034965035,1,1.0,4,0.4,1.01,1985,1640.0,0.8261964735516373,0.17380352644836272
7,confirmatory,72000,0.5034965034965035,2,0.25,0,0.0,0.05,103,71.0,0.6893203883495146,0.3106796116504854
7,confirmatory,72000,0.5034965034965035,2,0.25,1,0.05,0.1,346,280.0,0.8092485549132948,0.19075144508670516
7,confirmatory,72000,0.5034965034965035,2,0.25,2,0.1,0.2,811,705.0,0.8692971639950678,0.13070283600493215
7,confirmatory,72000,0.5034965034965035,2,0.25,3,0.2,0.4,1363,1281.0,0.9398385913426266,0.060161408657373405
7,confirmatory,72000,0.5034965034965035,2,0.25,4,0.4,1.01,1985,1976.0,0.9954659949622167,0.00453400503778334
7,confirmatory,72000,0.5034965034965035,2,0.5,0,0.0,0.05,103,53.0,0.5145631067961165,0.4854368932038835
7,confirmatory,72000,0.5034965034965035,2,0.5,1,0.05,0.1,346,206.0,0.5953757225433526,0.4046242774566474
7,confirmatory,72000,0.5034965034965035,2,0.5,2,0.1,0.2,811,587.0,0.7237977805178791,0.27620221948212087
7,confirmatory,72000,0.5034965034965035,2,0.5,3,0.2,0.4,1363,1128.0,0.8275862068965517,0.1724137931034483
7,confirmatory,72000,0.5034965034965035,2,0.5,4,0.4,1.01,1985,1950.0,0.982367758186398,0.017632241813602012
7,confirmatory,72000,0.5034965034965035,2,0.75,0,0.0,0.05,103,30.0,0.2912621359223301,0.7087378640776699
7,confirmatory,72000,0.5034965034965035,2,0.75,1,0.05,0.1,346,153.0,0.4421965317919075,0.5578034682080926
7,confirmatory,72000,0.5034965034965035,2,0.75,2,0.1,0.2,811,466.0,0.5745992601726264,0.4254007398273736
7,confirmatory,72000,0.5034965034965035,2,0.75,3,0.2,0.4,1363,936.0,0.6867204695524578,0.3132795304475422
7,confirmatory,72000,0.5034965034965035,2,0.75,4,0.4,1.01,1985,1839.0,0.926448362720403,0.07355163727959702
7,confirmatory,72000,0.5034965034965035,2,1.0,0,0.0,0.05,103,16.0,0.1553398058252427,0.8446601941747574
7,confirmatory,72000,0.5034965034965035,2,1.0,1,0.05,0.1,346,90.0,0.26011560693641617,0.7398843930635839
7,confirmatory,72000,0.5034965034965035,2,1.0,2,0.1,0.2,811,334.0,0.4118372379778052,0.5881627620221948
7,confirmatory,72000,0.5034965034965035,2,1.0,3,0.2,0.4,1363,704.0,0.516507703595011,0.48349229640498903
7,confirmatory,72000,0.5034965034965035,2,1.0,4,0.4,1.01,1985,1578.0,0.7949622166246851,0.20503778337531486
7,confirmatory,72000,0.5034965034965035,3,0.25,0,0.0,0.05,103,63.0,0.6116504854368932,0.38834951456310685
7,confirmatory,72000,0.5034965034965035,3,0.25,1,0.05,0.1,346,287.0,0.8294797687861272,0.17052023121387283
7,confirmatory,72000,0.5034965034965035,3,0.25,2,0.1,0.2,811,694.0,0.8557336621454994,0.1442663378545006
7,confirmatory,72000,0.5034965034965035,3,0.25,3,0.2,0.4,1363,1276.0,0.9361702127659575,0.06382978723404253
7,confirmatory,72000,0.5034965034965035,3,0.25,4,0.4,1.01,1985,1973.0,0.9939546599496222,0.006045340050377823
7,confirmatory,72000,0.5034965034965035,3,0.5,0,0.0,0.05,103,38.0,0.36893203883495146,0.6310679611650485
7,confirmatory,72000,0.5034965034965035,3,0.5,1,0.05,0.1,346,203.0,0.5867052023121387,0.41329479768786126
7,confirmatory,72000,0.5034965034965035,3,0.5,2,0.1,0.2,811,566.0,0.6979038224414303,0.30209617755856966
7,confirmatory,72000,0.5034965034965035,3,0.5,3,0.2,0.4,1363,1156.0,0.8481291269258987,0.1518708730741013
7,confirmatory,72000,0.5034965034965035,3,0.5,4,0.4,1.01,1985,1938.0,0.9763224181360202,0.023677581863979835
7,confirmatory,72000,0.5034965034965035,3,0.75,0,0.0,0.05,103,27.0,0.2621359223300971,0.7378640776699029
7,confirmatory,72000,0.5034965034965035,3,0.75,1,0.05,0.1,346,131.0,0.3786127167630058,0.6213872832369942
7,confirmatory,72000,0.5034965034965035,3,0.75,2,0.1,0.2,811,453.0,0.5585696670776819,0.44143033292231815
7,confirmatory,72000,0.5034965034965035,3,0.75,3,0.2,0.4,1363,968.0,0.7101980924431401,0.28980190755685986
7,confirmatory,72000,0.5034965034965035,3,0.75,4,0.4,1.01,1985,1826.0,0.9198992443324937,0.0801007556675063
7,confirmatory,72000,0.5034965034965035,3,1.0,0,0.0,0.05,103,14.0,0.13592233009708737,0.8640776699029127
7,confirmatory,72000,0.5034965034965035,3,1.0,1,0.05,0.1,346,71.0,0.20520231213872833,0.7947976878612717
7,confirmatory,72000,0.5034965034965035,3,1.0,2,0.1,0.2,811,255.0,0.31442663378545005,0.68557336621455
7,confirmatory,72000,0.5034965034965035,3,1.0,3,0.2,0.4,1363,633.0,0.4644167278063096,0.5355832721936904
7,confirmatory,72000,0.5034965034965035,3,1.0,4,0.4,1.01,1985,1399.0,0.7047858942065491,0.29521410579345087
7,confirmatory,72000,0.5034965034965035,4,0.25,0,0.0,0.05,103,71.0,0.6893203883495146,0.3106796116504854
7,confirmatory,72000,0.5034965034965035,4,0.25,1,0.05,0.1,346,288.0,0.8323699421965318,0.16763005780346818
7,confirmatory,72000,0.5034965034965035,4,0.25,2,0.1,0.2,811,699.0,0.8618988902589396,0.13810110974106038
7,confirmatory,72000,0.5034965034965035,4,0.25,3,0.2,0.4,1363,1295.0,0.9501100513573001,0.04988994864269991
7,confirmatory,72000,0.5034965034965035,4,0.25,4,0.4,1.01,1985,1971.0,0.9929471032745592,0.007052896725440849
7,confirmatory,72000,0.5034965034965035,4,0.5,0,0.0,0.05,103,56.0,0.5436893203883495,0.4563106796116505
7,confirmatory,72000,0.5034965034965035,4,0.5,1,0.05,0.1,346,227.0,0.6560693641618497,0.3439306358381503
7,confirmatory,72000,0.5034965034965035,4,0.5,2,0.1,0.2,811,596.0,0.7348951911220715,0.26510480887792853
7,confirmatory,72000,0.5034965034965035,4,0.5,3,0.2,0.4,1363,1165.0,0.8547322083639032,0.14526779163609682
7,confirmatory,72000,0.5034965034965035,4,0.5,4,0.4,1.01,1985,1933.0,0.9738035264483628,0.026196473551637234
7,confirmatory,72000,0.5034965034965035,4,0.75,0,0.0,0.05,103,38.0,0.36893203883495146,0.6310679611650485
7,confirmatory,72000,0.5034965034965035,4,0.75,1,0.05,0.1,346,169.0,0.4884393063583815,0.5115606936416185
7,confirmatory,72000,0.5034965034965035,4,0.75,2,0.1,0.2,811,503.0,0.6202219482120839,0.3797780517879161
7,confirmatory,72000,0.5034965034965035,4,0.75,3,0.2,0.4,1363,1040.0,0.7630227439471754,0.2369772560528246
7,confirmatory,72000,0.5034965034965035,4,0.75,4,0.4,1.01,1985,1857.0,0.9355163727959698,0.06448362720403022
7,confirmatory,72000,0.5034965034965035,4,1.0,0,0.0,0.05,103,26.0,0.2524271844660194,0.7475728155339806
7,confirmatory,72000,0.5034965034965035,4,1.0,1,0.05,0.1,346,138.0,0.3988439306358382,0.6011560693641618
7,confirmatory,72000,0.5034965034965035,4,1.0,2,0.1,0.2,811,438.0,0.5400739827373613,0.4599260172626387
7,confirmatory,72000,0.5034965034965035,4,1.0,3,0.2,0.4,1363,882.0,0.6471019809244314,0.3528980190755686
7,confirmatory,72000,0.5034965034965035,4,1.0,4,0.4,1.01,1985,1750.0,0.8816120906801007,0.11838790931989929
7,confirmatory,72000,0.5034965034965035,5,0.25,0,0.0,0.05,103,80.0,0.7766990291262136,0.22330097087378642
7,confirmatory,72000,0.5034965034965035,5,0.25,1,0.05,0.1,346,289.0,0.8352601156069365,0.16473988439306353
7,confirmatory,72000,0.5034965034965035,5,0.25,2,0.1,0.2,811,724.0,0.8927250308261405,0.10727496917385948
7,confirmatory,72000,0.5034965034965035,5,0.25,3,0.2,0.4,1363,1288.0,0.9449743213499633,0.05502567865003671
7,confirmatory,72000,0.5034965034965035,5,0.25,4,0.4,1.01,1985,1976.0,0.9954659949622167,0.00453400503778334
7,confirmatory,72000,0.5034965034965035,5,0.5,0,0.0,0.05,103,52.0,0.5048543689320388,0.49514563106796117
7,confirmatory,72000,0.5034965034965035,5,0.5,1,0.05,0.1,346,231.0,0.6676300578034682,0.3323699421965318
7,confirmatory,72000,0.5034965034965035,5,0.5,2,0.1,0.2,811,620.0,0.7644882860665845,0.23551171393341552
7,confirmatory,72000,0.5034965034965035,5,0.5,3,0.2,0.4,1363,1201.0,0.8811445341159208,0.11885546588407925
7,confirmatory,72000,0.5034965034965035,5,0.5,4,0.4,1.01,1985,1951.0,0.9828715365239294,0.017128463476070555
7,confirmatory,72000,0.5034965034965035,5,0.75,0,0.0,0.05,103,41.0,0.39805825242718446,0.6019417475728155
7,confirmatory,72000,0.5034965034965035,5,0.75,1,0.05,0.1,346,186.0,0.5375722543352601,0.4624277456647399
7,confirmatory,72000,0.5034965034965035,5,0.75,2,0.1,0.2,811,525.0,0.6473489519112207,0.35265104808877934
7,confirmatory,72000,0.5034965034965035,5,0.75,3,0.2,0.4,1363,1102.0,0.8085106382978723,0.19148936170212771
7,confirmatory,72000,0.5034965034965035,5,0.75,4,0.4,1.01,1985,1908.0,0.9612090680100756,0.03879093198992445
7,confirmatory,72000,0.5034965034965035,5,1.0,0,0.0,0.05,103,34.0,0.3300970873786408,0.6699029126213591
7,confirmatory,72000,0.5034965034965035,5,1.0,1,0.05,0.1,346,143.0,0.41329479768786126,0.5867052023121387
7,confirmatory,72000,0.5034965034965035,5,1.0,2,0.1,0.2,811,462.0,0.5696670776818742,0.4303329223181258
7,confirmatory,72000,0.5034965034965035,5,1.0,3,0.2,0.4,1363,988.0,0.7248716067498165,0.27512839325018346
7,confirmatory,72000,0.5034965034965035,5,1.0,4,0.4,1.01,1985,1828.0,0.9209068010075567,0.07909319899244327
7,confirmatory,72000,0.5034965034965035,6,0.25,0,0.0,0.05,103,69.0,0.6699029126213593,0.33009708737864074
7,confirmatory,72000,0.5034965034965035,6,0.25,1,0.05,0.1,346,303.0,0.8757225433526011,0.12427745664739887
7,confirmatory,72000,0.5034965034965035,6,0.25,2,0.1,0.2,811,707.0,0.8717632552404438,0.12823674475955615
7,confirmatory,72000,0.5034965034965035,6,0.25,3,0.2,0.4,1363,1289.0,0.9457079970652972,0.05429200293470282
7,confirmatory,72000,0.5034965034965035,6,0.25,4,0.4,1.01,1985,1973.0,0.9939546599496222,0.006045340050377823
7,confirmatory,72000,0.5034965034965035,6,0.5,0,0.0,0.05,103,53.0,0.5145631067961165,0.4854368932038835
7,confirmatory,72000,0.5034965034965035,6,0.5,1,0.05,0.1,346,241.0,0.6965317919075145,0.30346820809248554
7,confirmatory,72000,0.5034965034965035,6,0.5,2,0.1,0.2,811,613.0,0.7558569667077681,0.24414303329223186
7,confirmatory,72000,0.5034965034965035,6,0.5,3,0.2,0.4,1363,1188.0,0.871606749816581,0.12839325018341896
7,confirmatory,72000,0.5034965034965035,6,0.5,4,0.4,1.01,1985,1939.0,0.9768261964735516,0.023173803526448378
7,confirmatory,72000,0.5034965034965035,6,0.75,0,0.0,0.05,103,41.0,0.39805825242718446,0.6019417475728155
7,confirmatory,72000,0.5034965034965035,6,0.75,1,0.05,0.1,346,177.0,0.5115606936416185,0.4884393063583815
7,confirmatory,72000,0.5034965034965035,6,0.75,2,0.1,0.2,811,513.0,0.6325524044389642,0.3674475955610358
7,confirmatory,72000,0.5034965034965035,6,0.75,3,0.2,0.4,1363,1065.0,0.7813646368305209,0.21863536316947907
7,confirmatory,72000,0.5034965034965035,6,0.75,4,0.4,1.01,1985,1880.0,0.947103274559194,0.052896725440806036
7,confirmatory,72000,0.5034965034965035,6,1.0,0,0.0,0.05,103,28.0,0.27184466019417475,0.7281553398058253
7,confirmatory,72000,0.5034965034965035,6,1.0,1,0.05,0.1,346,131.0,0.3786127167630058,0.6213872832369942
7,confirmatory,72000,0.5034965034965035,6,1.0,2,0.1,0.2,811,430.0,0.530209617755857,0.46979038224414305
7,confirmatory,72000,0.5034965034965035,6,1.0,3,0.2,0.4,1363,942.0,0.6911225238444607,0.3088774761555393
7,confirmatory,72000,0.5034965034965035,6,1.0,4,0.4,1.01,1985,1769.0,0.891183879093199,0.10881612090680104
7,confirmatory,72000,0.5034965034965035,7,0.25,0,0.0,0.05,103,70.0,0.6796116504854369,0.3203883495145631
7,confirmatory,72000,0.5034965034965035,7,0.25,1,0.05,0.1,346,287.0,0.8294797687861272,0.17052023121387283
7,confirmatory,72000,0.5034965034965035,7,0.25,2,0.1,0.2,811,722.0,0.8902589395807645,0.10974106041923548
7,confirmatory,72000,0.5034965034965035,7,0.25,3,0.2,0.4,1363,1293.0,0.9486426999266324,0.051357300073367584
7,confirmatory,72000,0.5034965034965035,7,0.25,4,0.4,1.01,1985,1979.0,0.996977329974811,0.003022670025188967
7,confirmatory,72000,0.5034965034965035,7,0.5,0,0.0,0.05,103,54.0,0.5242718446601942,0.47572815533980584
7,confirmatory,72000,0.5034965034965035,7,0.5,1,0.05,0.1,346,238.0,0.6878612716763006,0.3121387283236994
7,confirmatory,72000,0.5034965034965035,7,0.5,2,0.1,0.2,811,619.0,0.7632552404438965,0.23674475955610352
7,confirmatory,72000,0.5034965034965035,7,0.5,3,0.2,0.4,1363,1182.0,0.8672046955245781,0.13279530447542187
7,confirmatory,72000,0.5034965034965035,7,0.5,4,0.4,1.01,1985,1963.0,0.9889168765743073,0.011083123425692731
7,confirmatory,72000,0.5034965034965035,7,0.75,0,0.0,0.05,103,44.0,0.42718446601941745,0.5728155339805825
7,confirmatory,72000,0.5034965034965035,7,0.75,1,0.05,0.1,346,192.0,0.5549132947976878,0.4450867052023122
7,confirmatory,72000,0.5034965034965035,7,0.75,2,0.1,0.2,811,530.0,0.6535141800246609,0.3464858199753391
7,confirmatory,72000,0.5034965034965035,7,0.75,3,0.2,0.4,1363,1085.0,0.7960381511371973,0.20396184886280266
7,confirmatory,72000,0.5034965034965035,7,0.75,4,0.4,1.01,1985,1927.0,0.9707808564231738,0.0292191435768262
7,confirmatory,72000,0.5034965034965035,7,1.0,0,0.0,0.05,103,33.0,0.32038834951456313,0.6796116504854368
7,confirmatory,72000,0.5034965034965035,7,1.0,1,0.05,0.1,346,159.0,0.4595375722543353,0.5404624277456647
7,confirmatory,72000,0.5034965034965035,7,1.0,2,0.1,0.2,811,455.0,0.561035758323058,0.43896424167694204
7,confirmatory,72000,0.5034965034965035,7,1.0,3,0.2,0.4,1363,993.0,0.7285399853264857,0.2714600146735143
7,confirmatory,72000,0.5034965034965035,7,1.0,4,0.4,1.01,1985,1864.0,0.9390428211586902,0.0609571788413098
7,confirmatory,72000,0.5034965034965035,8,0.25,0,0.0,0.05,103,65.0,0.6310679611650486,0.3689320388349514
7,confirmatory,72000,0.5034965034965035,8,0.25,1,0.05,0.1,346,281.0,0.8121387283236994,0.18786127167630062
7,confirmatory,72000,0.5034965034965035,8,0.25,2,0.1,0.2,811,696.0,0.8581997533908755,0.1418002466091245
7,confirmatory,72000,0.5034965034965035,8,0.25,3,0.2,0.4,1363,1279.0,0.9383712399119589,0.06162876008804108
7,confirmatory,72000,0.5034965034965035,8,0.25,4,0.4,1.01,1985,1975.0,0.9949622166246851,0.005037783375314908
7,confirmatory,72000,0.5034965034965035,8,0.5,0,0.0,0.05,103,55.0,0.5339805825242718,0.46601941747572817
7,confirmatory,72000,0.5034965034965035,8,0.5,1,0.05,0.1,346,211.0,0.6098265895953757,0.3901734104046243
7,confirmatory,72000,0.5034965034965035,8,0.5,2,0.1,0.2,811,580.0,0.7151664611590629,0.2848335388409371
7,confirmatory,72000,0.5034965034965035,8,0.5,3,0.2,0.4,1363,1145.0,0.8400586940572267,0.15994130594277334
7,confirmatory,72000,0.5034965034965035,8,0.5,4,0.4,1.01,1985,1942.0,0.9783375314861461,0.021662468513853894
7,confirmatory,72000,0.5034965034965035,8,0.75,0,0.0,0.05,103,46.0,0.44660194174757284,0.5533980582524272
7,confirmatory,72000,0.5034965034965035,8,0.75,1,0.05,0.1,346,160.0,0.4624277456647399,0.5375722543352601
7,confirmatory,72000,0.5034965034965035,8,0.75,2,0.1,0.2,811,474.0,0.5844636251541308,0.41553637484586925
7,confirmatory,72000,0.5034965034965035,8,0.75,3,0.2,0.4,1363,1018.0,0.7468818782098312,0.2531181217901688
7,confirmatory,72000,0.5034965034965035,8,0.75,4,0.4,1.01,1985,1875.0,0.9445843828715366,0.055415617128463435
7,confirmatory,72000,0.5034965034965035,8,1.0,0,0.0,0.05,103,31.0,0.30097087378640774,0.6990291262135923
7,confirmatory,72000,0.5034965034965035,8,1.0,1,0.05,0.1,346,115.0,0.33236994219653176,0.6676300578034682
7,confirmatory,72000,0.5034965034965035,8,1.0,2,0.1,0.2,811,383.0,0.4722564734895191,0.5277435265104808
7,confirmatory,72000,0.5034965034965035,8,1.0,3,0.2,0.4,1363,860.0,0.6309611151870873,0.3690388848129127
7,confirmatory,72000,0.5034965034965035,8,1.0,4,0.4,1.01,1985,1769.0,0.891183879093199,0.10881612090680104
7,confirmatory,72000,0.5034965034965035,9,0.25,0,0.0,0.05,103,64.0,0.6213592233009708,0.3786407766990292
7,confirmatory,72000,0.5034965034965035,9,0.25,1,0.05,0.1,346,278.0,0.8034682080924855,0.19653179190751446
7,confirmatory,72000,0.5034965034965035,9,0.25,2,0.1,0.2,811,682.0,0.840937114673243,0.15906288532675705
7,confirmatory,72000,0.5034965034965035,9,0.25,3,0.2,0.4,1363,1249.0,0.9163609684519443,0.08363903154805574
7,confirmatory,72000,0.5034965034965035,9,0.25,4,0.4,1.01,1985,1969.0,0.9919395465994962,0.008060453400503764
7,confirmatory,72000,0.5034965034965035,9,0.5,0,0.0,0.05,103,52.0,0.5048543689320388,0.49514563106796117
7,confirmatory,72000,0.5034965034965035,9,0.5,1,0.05,0.1,346,211.0,0.6098265895953757,0.3901734104046243
7,confirmatory,72000,0.5034965034965035,9,0.5,2,0.1,0.2,811,568.0,0.7003699136868065,0.29963008631319354
7,confirmatory,72000,0.5034965034965035,9,0.5,3,0.2,0.4,1363,1122.0,0.8231841526045488,0.1768158473954512
7,confirmatory,72000,0.5034965034965035,9,0.5,4,0.4,1.01,1985,1910.0,0.9622166246851386,0.03778337531486142
7,confirmatory,72000,0.5034965034965035,9,0.75,0,0.0,0.05,103,41.0,0.39805825242718446,0.6019417475728155
7,confirmatory,72000,0.5034965034965035,9,0.75,1,0.05,0.1,346,163.0,0.47109826589595377,0.5289017341040463
7,confirmatory,72000,0.5034965034965035,9,0.75,2,0.1,0.2,811,469.0,0.5782983970406905,0.4217016029593095
7,confirmatory,72000,0.5034965034965035,9,0.75,3,0.2,0.4,1363,970.0,0.7116654438738078,0.2883345561261922
7,confirmatory,72000,0.5034965034965035,9,0.75,4,0.4,1.01,1985,1829.0,0.9214105793450882,0.07858942065491181
7,confirmatory,72000,0.5034965034965035,9,1.0,0,0.0,0.05,103,31.0,0.30097087378640774,0.6990291262135923
7,confirmatory,72000,0.5034965034965035,9,1.0,1,0.05,0.1,346,126.0,0.36416184971098264,0.6358381502890174
7,confirmatory,72000,0.5034965034965035,9,1.0,2,0.1,0.2,811,400.0,0.4932182490752158,0.5067817509247843
7,confirmatory,72000,0.5034965034965035,9,1.0,3,0.2,0.4,1363,818.0,0.6001467351430667,0.3998532648569333
7,confirmatory,72000,0.5034965034965035,9,1.0,4,0.4,1.01,1985,1694.0,0.8534005037783375,0.14659949622166246
7,confirmatory,72000,0.5034965034965035,10,0.25,0,0.0,0.05,103,69.0,0.6699029126213593,0.33009708737864074
7,confirmatory,72000,0.5034965034965035,10,0.25,1,0.05,0.1,346,293.0,0.846820809248555,0.15317919075144504
7,confirmatory,72000,0.5034965034965035,10,0.25,2,0.1,0.2,811,692.0,0.8532675709001233,0.14673242909987672
7,confirmatory,72000,0.5034965034965035,10,0.25,3,0.2,0.4,1363,1281.0,0.9398385913426266,0.060161408657373405
7,confirmatory,72000,0.5034965034965035,10,0.25,4,0.4,1.01,1985,1975.0,0.9949622166246851,0.005037783375314908
7,confirmatory,72000,0.5034965034965035,10,0.5,0,0.0,0.05,103,51.0,0.49514563106796117,0.5048543689320388
7,confirmatory,72000,0.5034965034965035,10,0.5,1,0.05,0.1,346,240.0,0.6936416184971098,0.3063583815028902
7,confirmatory,72000,0.5034965034965035,10,0.5,2,0.1,0.2,811,590.0,0.7274969173859432,0.27250308261405676
7,confirmatory,72000,0.5034965034965035,10,0.5,3,0.2,0.4,1363,1172.0,0.8598679383712399,0.14013206162876013
7,confirmatory,72000,0.5034965034965035,10,0.5,4,0.4,1.01,1985,1948.0,0.981360201511335,0.018639798488665038
7,confirmatory,72000,0.5034965034965035,10,0.75,0,0.0,0.05,103,39.0,0.3786407766990291,0.6213592233009708
7,confirmatory,72000,0.5034965034965035,10,0.75,1,0.05,0.1,346,185.0,0.5346820809248555,0.4653179190751445
7,confirmatory,72000,0.5034965034965035,10,0.75,2,0.1,0.2,811,496.0,0.6115906288532675,0.38840937114673246
7,confirmatory,72000,0.5034965034965035,10,0.75,3,0.2,0.4,1363,1064.0,0.780630961115187,0.21936903888481296
7,confirmatory,72000,0.5034965034965035,10,0.75,4,0.4,1.01,1985,1900.0,0.9571788413098237,0.04282115869017633
7,confirmatory,72000,0.5034965034965035,10,1.0,0,0.0,0.05,103,28.0,0.27184466019417475,0.7281553398058253
7,confirmatory,72000,0.5034965034965035,10,1.0,1,0.05,0.1,346,141.0,0.407514450867052,0.5924855491329479
7,confirmatory,72000,0.5034965034965035,10,1.0,2,0.1,0.2,811,416.0,0.5129469790382244,0.4870530209617756
7,confirmatory,72000,0.5034965034965035,10,1.0,3,0.2,0.4,1363,919.0,0.6742479823917829,0.32575201760821715
7,confirmatory,72000,0.5034965034965035,10,1.0,4,0.4,1.01,1985,1810.0,0.9118387909319899,0.08816120906801006
7,confirmatory,143000,1.0,1,0.25,0,0.0,0.05,115,78.0,0.6782608695652174,0.32173913043478264
7,confirmatory,143000,1.0,1,0.25,1,0.05,0.1,362,278.0,0.7679558011049724,0.2320441988950276
7,confirmatory,143000,1.0,1,0.25,2,0.1,0.2,864,747.0,0.8645833333333334,0.13541666666666663
7,confirmatory,143000,1.0,1,0.25,3,0.2,0.4,1353,1266.0,0.9356984478935698,0.06430155210643018
7,confirmatory,143000,1.0,1,0.25,4,0.4,1.01,1914,1898.0,0.9916405433646813,0.008359456635318674
7,confirmatory,143000,1.0,1,0.5,0,0.0,0.05,115,51.0,0.4434782608695652,0.5565217391304348
7,confirmatory,143000,1.0,1,0.5,1,0.05,0.1,362,222.0,0.6132596685082873,0.3867403314917127
7,confirmatory,143000,1.0,1,0.5,2,0.1,0.2,864,648.0,0.75,0.25
7,confirmatory,143000,1.0,1,0.5,3,0.2,0.4,1353,1162.0,0.8588322246858833,0.14116777531411673
7,confirmatory,143000,1.0,1,0.5,4,0.4,1.01,1914,1860.0,0.9717868338557993,0.028213166144200663
7,confirmatory,143000,1.0,1,0.75,0,0.0,0.05,115,28.0,0.24347826086956523,0.7565217391304347
7,confirmatory,143000,1.0,1,0.75,1,0.05,0.1,362,160.0,0.4419889502762431,0.5580110497237569
7,confirmatory,143000,1.0,1,0.75,2,0.1,0.2,864,498.0,0.5763888888888888,0.42361111111111116
7,confirmatory,143000,1.0,1,0.75,3,0.2,0.4,1353,982.0,0.7257945306725795,0.2742054693274205
7,confirmatory,143000,1.0,1,0.75,4,0.4,1.01,1914,1749.0,0.9137931034482759,0.08620689655172409
7,confirmatory,143000,1.0,1,1.0,0,0.0,0.05,115,23.0,0.2,0.8
7,confirmatory,143000,1.0,1,1.0,1,0.05,0.1,362,105.0,0.2900552486187845,0.7099447513812155
7,confirmatory,143000,1.0,1,1.0,2,0.1,0.2,864,376.0,0.4351851851851852,0.5648148148148149
7,confirmatory,143000,1.0,1,1.0,3,0.2,0.4,1353,770.0,0.5691056910569106,0.43089430894308944
7,confirmatory,143000,1.0,1,1.0,4,0.4,1.01,1914,1537.0,0.803030303030303,0.19696969696969702
7,confirmatory,143000,1.0,2,0.25,0,0.0,0.05,115,70.0,0.6086956521739131,0.3913043478260869
7,confirmatory,143000,1.0,2,0.25,1,0.05,0.1,362,292.0,0.8066298342541437,0.1933701657458563
7,confirmatory,143000,1.0,2,0.25,2,0.1,0.2,864,729.0,0.84375,0.15625
7,confirmatory,143000,1.0,2,0.25,3,0.2,0.4,1353,1262.0,0.9327420546932742,0.0672579453067258
7,confirmatory,143000,1.0,2,0.25,4,0.4,1.01,1914,1897.0,0.9911180773249739,0.008881922675026077
7,confirmatory,143000,1.0,2,0.5,0,0.0,0.05,115,60.0,0.5217391304347826,0.4782608695652174
7,confirmatory,143000,1.0,2,0.5,1,0.05,0.1,362,215.0,0.5939226519337016,0.40607734806629836
7,confirmatory,143000,1.0,2,0.5,2,0.1,0.2,864,595.0,0.6886574074074074,0.31134259259259256
7,confirmatory,143000,1.0,2,0.5,3,0.2,0.4,1353,1103.0,0.8152254249815225,0.1847745750184775
7,confirmatory,143000,1.0,2,0.5,4,0.4,1.01,1914,1854.0,0.9686520376175548,0.031347962382445194
7,confirmatory,143000,1.0,2,0.75,0,0.0,0.05,115,34.0,0.2956521739130435,0.7043478260869565
7,confirmatory,143000,1.0,2,0.75,1,0.05,0.1,362,154.0,0.425414364640884,0.574585635359116
7,confirmatory,143000,1.0,2,0.75,2,0.1,0.2,864,449.0,0.5196759259259259,0.48032407407407407
7,confirmatory,143000,1.0,2,0.75,3,0.2,0.4,1353,924.0,0.6829268292682927,0.31707317073170727
7,confirmatory,143000,1.0,2,0.75,4,0.4,1.01,1914,1728.0,0.9028213166144201,0.09717868338557989
7,confirmatory,143000,1.0,2,1.0,0,0.0,0.05,115,21.0,0.1826086956521739,0.817391304347826
7,confirmatory,143000,1.0,2,1.0,1,0.05,0.1,362,88.0,0.2430939226519337,0.7569060773480663
7,confirmatory,143000,1.0,2,1.0,2,0.1,0.2,864,307.0,0.35532407407407407,0.6446759259259259
7,confirmatory,143000,1.0,2,1.0,3,0.2,0.4,1353,653.0,0.4826311899482631,0.5173688100517368
7,confirmatory,143000,1.0,2,1.0,4,0.4,1.01,1914,1418.0,0.7408568443051202,0.2591431556948798
7,confirmatory,143000,1.0,3,0.25,0,0.0,0.05,115,67.0,0.5826086956521739,0.4173913043478261
7,confirmatory,143000,1.0,3,0.25,1,0.05,0.1,362,266.0,0.7348066298342542,0.26519337016574585
7,confirmatory,143000,1.0,3,0.25,2,0.1,0.2,864,727.0,0.8414351851851852,0.15856481481481477
7,confirmatory,143000,1.0,3,0.25,3,0.2,0.4,1353,1244.0,0.9194382852919438,0.08056171470805618
7,confirmatory,143000,1.0,3,0.25,4,0.4,1.01,1914,1900.0,0.9926854754440961,0.007314524555903867
7,confirmatory,143000,1.0,3,0.5,0,0.0,0.05,115,48.0,0.41739130434782606,0.5826086956521739
7,confirmatory,143000,1.0,3,0.5,1,0.05,0.1,362,188.0,0.5193370165745856,0.48066298342541436
7,confirmatory,143000,1.0,3,0.5,2,0.1,0.2,864,596.0,0.6898148148148148,0.31018518518518523
7,confirmatory,143000,1.0,3,0.5,3,0.2,0.4,1353,1122.0,0.8292682926829268,0.1707317073170732
7,confirmatory,143000,1.0,3,0.5,4,0.4,1.01,1914,1845.0,0.9639498432601881,0.036050156739811934
7,confirmatory,143000,1.0,3,0.75,0,0.0,0.05,115,32.0,0.2782608695652174,0.7217391304347827
7,confirmatory,143000,1.0,3,0.75,1,0.05,0.1,362,131.0,0.36187845303867405,0.638121546961326
7,confirmatory,143000,1.0,3,0.75,2,0.1,0.2,864,461.0,0.5335648148148148,0.46643518518518523
7,confirmatory,143000,1.0,3,0.75,3,0.2,0.4,1353,909.0,0.6718403547671841,0.32815964523281593
7,confirmatory,143000,1.0,3,0.75,4,0.4,1.01,1914,1694.0,0.8850574712643678,0.11494252873563215
7,confirmatory,143000,1.0,3,1.0,0,0.0,0.05,115,12.0,0.10434782608695652,0.8956521739130435
7,confirmatory,143000,1.0,3,1.0,1,0.05,0.1,362,74.0,0.20441988950276244,0.7955801104972375
7,confirmatory,143000,1.0,3,1.0,2,0.1,0.2,864,280.0,0.32407407407407407,0.6759259259259259
7,confirmatory,143000,1.0,3,1.0,3,0.2,0.4,1353,625.0,0.4619364375461936,0.5380635624538064
7,confirmatory,143000,1.0,3,1.0,4,0.4,1.01,1914,1274.0,0.6656217345872518,0.3343782654127482
7,confirmatory,143000,1.0,4,0.25,0,0.0,0.05,115,88.0,0.7652173913043478,0.23478260869565215
7,confirmatory,143000,1.0,4,0.25,1,0.05,0.1,362,273.0,0.7541436464088398,0.2458563535911602
7,confirmatory,143000,1.0,4,0.25,2,0.1,0.2,864,731.0,0.8460648148148148,0.15393518518518523
7,confirmatory,143000,1.0,4,0.25,3,0.2,0.4,1353,1236.0,0.9135254988913526,0.0864745011086474
7,confirmatory,143000,1.0,4,0.25,4,0.4,1.01,1914,1896.0,0.9905956112852664,0.009404388714733591
7,confirmatory,143000,1.0,4,0.5,0,0.0,0.05,115,56.0,0.48695652173913045,0.5130434782608695
7,confirmatory,143000,1.0,4,0.5,1,0.05,0.1,362,217.0,0.5994475138121547,0.40055248618784534
7,confirmatory,143000,1.0,4,0.5,2,0.1,0.2,864,611.0,0.7071759259259259,0.29282407407407407
7,confirmatory,143000,1.0,4,0.5,3,0.2,0.4,1353,1114.0,0.8233555062823356,0.17664449371766444
7,confirmatory,143000,1.0,4,0.5,4,0.4,1.01,1914,1851.0,0.9670846394984326,0.0329153605015674
7,confirmatory,143000,1.0,4,0.75,0,0.0,0.05,115,39.0,0.3391304347826087,0.6608695652173913
7,confirmatory,143000,1.0,4,0.75,1,0.05,0.1,362,171.0,0.4723756906077348,0.5276243093922652
7,confirmatory,143000,1.0,4,0.75,2,0.1,0.2,864,503.0,0.5821759259259259,0.41782407407407407
7,confirmatory,143000,1.0,4,0.75,3,0.2,0.4,1353,980.0,0.7243163340724317,0.2756836659275683
7,confirmatory,143000,1.0,4,0.75,4,0.4,1.01,1914,1753.0,0.9158829676071055,0.08411703239289448
7,confirmatory,143000,1.0,4,1.0,0,0.0,0.05,115,31.0,0.26956521739130435,0.7304347826086957
7,confirmatory,143000,1.0,4,1.0,1,0.05,0.1,362,127.0,0.35082872928176795,0.649171270718232
7,confirmatory,143000,1.0,4,1.0,2,0.1,0.2,864,411.0,0.4756944444444444,0.5243055555555556
7,confirmatory,143000,1.0,4,1.0,3,0.2,0.4,1353,833.0,0.6156688839615669,0.38433111603843306
7,confirmatory,143000,1.0,4,1.0,4,0.4,1.01,1914,1614.0,0.8432601880877743,0.15673981191222575
7,confirmatory,143000,1.0,5,0.25,0,0.0,0.05,115,76.0,0.6608695652173913,0.33913043478260874
7,confirmatory,143000,1.0,5,0.25,1,0.05,0.1,362,266.0,0.7348066298342542,0.26519337016574585
7,confirmatory,143000,1.0,5,0.25,2,0.1,0.2,864,738.0,0.8541666666666666,0.14583333333333337
7,confirmatory,143000,1.0,5,0.25,3,0.2,0.4,1353,1252.0,0.925351071692535,0.07464892830746495
7,confirmatory,143000,1.0,5,0.25,4,0.4,1.01,1914,1897.0,0.9911180773249739,0.008881922675026077
7,confirmatory,143000,1.0,5,0.5,0,0.0,0.05,115,58.0,0.5043478260869565,0.4956521739130435
7,confirmatory,143000,1.0,5,0.5,1,0.05,0.1,362,211.0,0.5828729281767956,0.4171270718232044
7,confirmatory,143000,1.0,5,0.5,2,0.1,0.2,864,638.0,0.7384259259259259,0.26157407407407407
7,confirmatory,143000,1.0,5,0.5,3,0.2,0.4,1353,1156.0,0.8543976348854397,0.14560236511456026
7,confirmatory,143000,1.0,5,0.5,4,0.4,1.01,1914,1869.0,0.9764890282131662,0.023510971786833812
7,confirmatory,143000,1.0,5,0.75,0,0.0,0.05,115,38.0,0.33043478260869563,0.6695652173913044
7,confirmatory,143000,1.0,5,0.75,1,0.05,0.1,362,163.0,0.45027624309392267,0.5497237569060773
7,confirmatory,143000,1.0,5,0.75,2,0.1,0.2,864,532.0,0.6157407407407407,0.3842592592592593
7,confirmatory,143000,1.0,5,0.75,3,0.2,0.4,1353,1041.0,0.7694013303769401,0.23059866962305986
7,confirmatory,143000,1.0,5,0.75,4,0.4,1.01,1914,1799.0,0.9399164054336469,0.06008359456635315
7,confirmatory,143000,1.0,5,1.0,0,0.0,0.05,115,28.0,0.24347826086956523,0.7565217391304347
7,confirmatory,143000,1.0,5,1.0,1,0.05,0.1,362,128.0,0.35359116022099446,0.6464088397790055
7,confirmatory,143000,1.0,5,1.0,2,0.1,0.2,864,450.0,0.5208333333333334,0.47916666666666663
7,confirmatory,143000,1.0,5,1.0,3,0.2,0.4,1353,915.0,0.6762749445676275,0.3237250554323725
7,confirmatory,143000,1.0,5,1.0,4,0.4,1.01,1914,1663.0,0.8688610240334378,0.1311389759665622
7,confirmatory,143000,1.0,6,0.25,0,0.0,0.05,115,78.0,0.6782608695652174,0.32173913043478264
7,confirmatory,143000,1.0,6,0.25,1,0.05,0.1,362,263.0,0.7265193370165746,0.27348066298342544
7,confirmatory,143000,1.0,6,0.25,2,0.1,0.2,864,739.0,0.8553240740740741,0.14467592592592593
7,confirmatory,143000,1.0,6,0.25,3,0.2,0.4,1353,1260.0,0.9312638580931264,0.0687361419068736
7,confirmatory,143000,1.0,6,0.25,4,0.4,1.01,1914,1901.0,0.9932079414838035,0.006792058516196464
7,confirmatory,143000,1.0,6,0.5,0,0.0,0.05,115,51.0,0.4434782608695652,0.5565217391304348
7,confirmatory,143000,1.0,6,0.5,1,0.05,0.1,362,193.0,0.5331491712707183,0.46685082872928174
7,confirmatory,143000,1.0,6,0.5,2,0.1,0.2,864,619.0,0.7164351851851852,0.28356481481481477
7,confirmatory,143000,1.0,6,0.5,3,0.2,0.4,1353,1129.0,0.8344419807834442,0.16555801921655577
7,confirmatory,143000,1.0,6,0.5,4,0.4,1.01,1914,1864.0,0.9738766980146291,0.02612330198537094
7,confirmatory,143000,1.0,6,0.75,0,0.0,0.05,115,37.0,0.3217391304347826,0.6782608695652175
7,confirmatory,143000,1.0,6,0.75,1,0.05,0.1,362,140.0,0.3867403314917127,0.6132596685082873
7,confirmatory,143000,1.0,6,0.75,2,0.1,0.2,864,490.0,0.5671296296296297,0.43287037037037035
7,confirmatory,143000,1.0,6,0.75,3,0.2,0.4,1353,965.0,0.713229859571323,0.286770140428677
7,confirmatory,143000,1.0,6,0.75,4,0.4,1.01,1914,1766.0,0.922675026123302,0.07732497387669801
7,confirmatory,143000,1.0,6,1.0,0,0.0,0.05,115,19.0,0.16521739130434782,0.8347826086956522
7,confirmatory,143000,1.0,6,1.0,1,0.05,0.1,362,104.0,0.287292817679558,0.7127071823204421
7,confirmatory,143000,1.0,6,1.0,2,0.1,0.2,864,393.0,0.4548611111111111,0.5451388888888888
7,confirmatory,143000,1.0,6,1.0,3,0.2,0.4,1353,810.0,0.5986696230598669,0.40133037694013307
7,confirmatory,143000,1.0,6,1.0,4,0.4,1.01,1914,1599.0,0.835423197492163,0.16457680250783702
7,confirmatory,143000,1.0,7,0.25,0,0.0,0.05,115,85.0,0.7391304347826086,0.26086956521739135
7,confirmatory,143000,1.0,7,0.25,1,0.05,0.1,362,281.0,0.7762430939226519,0.2237569060773481
7,confirmatory,143000,1.0,7,0.25,2,0.1,0.2,864,741.0,0.8576388888888888,0.14236111111111116
7,confirmatory,143000,1.0,7,0.25,3,0.2,0.4,1353,1266.0,0.9356984478935698,0.06430155210643018
7,confirmatory,143000,1.0,7,0.25,4,0.4,1.01,1914,1897.0,0.9911180773249739,0.008881922675026077
7,confirmatory,143000,1.0,7,0.5,0,0.0,0.05,115,67.0,0.5826086956521739,0.4173913043478261
7,confirmatory,143000,1.0,7,0.5,1,0.05,0.1,362,237.0,0.6546961325966851,0.34530386740331487
7,confirmatory,143000,1.0,7,0.5,2,0.1,0.2,864,650.0,0.7523148148148148,0.24768518518518523
7,confirmatory,143000,1.0,7,0.5,3,0.2,0.4,1353,1168.0,0.8632668144863267,0.1367331855136733
7,confirmatory,143000,1.0,7,0.5,4,0.4,1.01,1914,1872.0,0.9780564263322884,0.021943573667711602
7,confirmatory,143000,1.0,7,0.75,0,0.0,0.05,115,52.0,0.45217391304347826,0.5478260869565217
7,confirmatory,143000,1.0,7,0.75,1,0.05,0.1,362,193.0,0.5331491712707183,0.46685082872928174
7,confirmatory,143000,1.0,7,0.75,2,0.1,0.2,864,553.0,0.6400462962962963,0.3599537037037037
7,confirmatory,143000,1.0,7,0.75,3,0.2,0.4,1353,1069.0,0.7900960827790096,0.20990391722099044
7,confirmatory,143000,1.0,7,0.75,4,0.4,1.01,1914,1824.0,0.9529780564263323,0.047021943573667735
7,confirmatory,143000,1.0,7,1.0,0,0.0,0.05,115,44.0,0.3826086956521739,0.6173913043478261
7,confirmatory,143000,1.0,7,1.0,1,0.05,0.1,362,164.0,0.4530386740331492,0.5469613259668509
7,confirmatory,143000,1.0,7,1.0,2,0.1,0.2,864,471.0,0.5451388888888888,0.45486111111111116
7,confirmatory,143000,1.0,7,1.0,3,0.2,0.4,1353,944.0,0.6977087952697709,0.3022912047302291
7,confirmatory,143000,1.0,7,1.0,4,0.4,1.01,1914,1756.0,0.9174503657262278,0.08254963427377215
7,confirmatory,143000,1.0,8,0.25,0,0.0,0.05,115,69.0,0.6,0.4
7,confirmatory,143000,1.0,8,0.25,1,0.05,0.1,362,275.0,0.7596685082872928,0.24033149171270718
7,confirmatory,143000,1.0,8,0.25,2,0.1,0.2,864,722.0,0.8356481481481481,0.16435185185185186
7,confirmatory,143000,1.0,8,0.25,3,0.2,0.4,1353,1257.0,0.9290465631929047,0.07095343680709532
7,confirmatory,143000,1.0,8,0.25,4,0.4,1.01,1914,1899.0,0.9921630094043887,0.00783699059561127
7,confirmatory,143000,1.0,8,0.5,0,0.0,0.05,115,49.0,0.4260869565217391,0.5739130434782609
7,confirmatory,143000,1.0,8,0.5,1,0.05,0.1,362,215.0,0.5939226519337016,0.40607734806629836
7,confirmatory,143000,1.0,8,0.5,2,0.1,0.2,864,621.0,0.71875,0.28125
7,confirmatory,143000,1.0,8,0.5,3,0.2,0.4,1353,1137.0,0.8403547671840355,0.15964523281596454
7,confirmatory,143000,1.0,8,0.5,4,0.4,1.01,1914,1868.0,0.9759665621734587,0.024033437826541326
7,confirmatory,143000,1.0,8,0.75,0,0.0,0.05,115,34.0,0.2956521739130435,0.7043478260869565
7,confirmatory,143000,1.0,8,0.75,1,0.05,0.1,362,161.0,0.4447513812154696,0.5552486187845305
7,confirmatory,143000,1.0,8,0.75,2,0.1,0.2,864,494.0,0.5717592592592593,0.4282407407407407
7,confirmatory,143000,1.0,8,0.75,3,0.2,0.4,1353,986.0,0.7287509238728751,0.2712490761271249
7,confirmatory,143000,1.0,8,0.75,4,0.4,1.01,1914,1778.0,0.928944618599791,0.07105538140020895
7,confirmatory,143000,1.0,8,1.0,0,0.0,0.05,115,25.0,0.21739130434782608,0.782608695652174
7,confirmatory,143000,1.0,8,1.0,1,0.05,0.1,362,117.0,0.32320441988950277,0.6767955801104972
7,confirmatory,143000,1.0,8,1.0,2,0.1,0.2,864,382.0,0.44212962962962965,0.5578703703703703
7,confirmatory,143000,1.0,8,1.0,3,0.2,0.4,1353,808.0,0.5971914264597191,0.4028085735402809
7,confirmatory,143000,1.0,8,1.0,4,0.4,1.01,1914,1633.0,0.8531870428422152,0.14681295715778475
7,confirmatory,143000,1.0,9,0.25,0,0.0,0.05,115,72.0,0.6260869565217392,0.3739130434782608
7,confirmatory,143000,1.0,9,0.25,1,0.05,0.1,362,277.0,0.7651933701657458,0.23480662983425415
7,confirmatory,143000,1.0,9,0.25,2,0.1,0.2,864,754.0,0.8726851851851852,0.12731481481481477
7,confirmatory,143000,1.0,9,0.25,3,0.2,0.4,1353,1261.0,0.9320029563932003,0.0679970436067997
7,confirmatory,143000,1.0,9,0.25,4,0.4,1.01,1914,1900.0,0.9926854754440961,0.007314524555903867
7,confirmatory,143000,1.0,9,0.5,0,0.0,0.05,115,50.0,0.43478260869565216,0.5652173913043479
7,confirmatory,143000,1.0,9,0.5,1,0.05,0.1,362,231.0,0.638121546961326,0.36187845303867405
7,confirmatory,143000,1.0,9,0.5,2,0.1,0.2,864,645.0,0.7465277777777778,0.2534722222222222
7,confirmatory,143000,1.0,9,0.5,3,0.2,0.4,1353,1149.0,0.8492239467849224,0.1507760532150776
7,confirmatory,143000,1.0,9,0.5,4,0.4,1.01,1914,1877.0,0.9806687565308255,0.019331243469174475
7,confirmatory,143000,1.0,9,0.75,0,0.0,0.05,115,37.0,0.3217391304347826,0.6782608695652175
7,confirmatory,143000,1.0,9,0.75,1,0.05,0.1,362,184.0,0.5082872928176796,0.4917127071823204
7,confirmatory,143000,1.0,9,0.75,2,0.1,0.2,864,541.0,0.6261574074074074,0.37384259259259256
7,confirmatory,143000,1.0,9,0.75,3,0.2,0.4,1353,1018.0,0.7524020694752402,0.24759793052475976
7,confirmatory,143000,1.0,9,0.75,4,0.4,1.01,1914,1812.0,0.9467084639498433,0.053291536050156685
7,confirmatory,143000,1.0,9,1.0,0,0.0,0.05,115,22.0,0.19130434782608696,0.808695652173913
7,confirmatory,143000,1.0,9,1.0,1,0.05,0.1,362,145.0,0.4005524861878453,0.5994475138121547
7,confirmatory,143000,1.0,9,1.0,2,0.1,0.2,864,467.0,0.5405092592592593,0.4594907407407407
7,confirmatory,143000,1.0,9,1.0,3,0.2,0.4,1353,894.0,0.6607538802660754,0.3392461197339246
7,confirmatory,143000,1.0,9,1.0,4,0.4,1.01,1914,1697.0,0.88662486938349,0.11337513061650994
7,confirmatory,143000,1.0,10,0.25,0,0.0,0.05,115,65.0,0.5652173913043478,0.4347826086956522
7,confirmatory,143000,1.0,10,0.25,1,0.05,0.1,362,257.0,0.7099447513812155,0.2900552486187845
7,confirmatory,143000,1.0,10,0.25,2,0.1,0.2,864,695.0,0.8043981481481481,0.19560185185185186
7,confirmatory,143000,1.0,10,0.25,3,0.2,0.4,1353,1195.0,0.8832224685883222,0.11677753141167779
7,confirmatory,143000,1.0,10,0.25,4,0.4,1.01,1914,1892.0,0.9885057471264368,0.011494252873563204
7,confirmatory,143000,1.0,10,0.5,0,0.0,0.05,115,47.0,0.40869565217391307,0.5913043478260869
7,confirmatory,143000,1.0,10,0.5,1,0.05,0.1,362,176.0,0.4861878453038674,0.5138121546961326
7,confirmatory,143000,1.0,10,0.5,2,0.1,0.2,864,551.0,0.6377314814814815,0.3622685185185185
7,confirmatory,143000,1.0,10,0.5,3,0.2,0.4,1353,1015.0,0.7501847745750185,0.24981522542498147
7,confirmatory,143000,1.0,10,0.5,4,0.4,1.01,1914,1826.0,0.9540229885057471,0.04597701149425293
7,confirmatory,143000,1.0,10,0.75,0,0.0,0.05,115,32.0,0.2782608695652174,0.7217391304347827
7,confirmatory,143000,1.0,10,0.75,1,0.05,0.1,362,132.0,0.36464088397790057,0.6353591160220995
7,confirmatory,143000,1.0,10,0.75,2,0.1,0.2,864,430.0,0.4976851851851852,0.5023148148148149
7,confirmatory,143000,1.0,10,0.75,3,0.2,0.4,1353,855.0,0.6319290465631929,0.36807095343680707
7,confirmatory,143000,1.0,10,0.75,4,0.4,1.01,1914,1732.0,0.9049111807732497,0.09508881922675028
7,confirmatory,143000,1.0,10,1.0,0,0.0,0.05,115,21.0,0.1826086956521739,0.817391304347826
7,confirmatory,143000,1.0,10,1.0,1,0.05,0.1,362,110.0,0.30386740331491713,0.6961325966850829
7,confirmatory,143000,1.0,10,1.0,2,0.1,0.2,864,365.0,0.4224537037037037,0.5775462962962963
7,confirmatory,143000,1.0,10,1.0,3,0.2,0.4,1353,724.0,0.5351071692535108,0.46489283074648924
7,confirmatory,143000,1.0,10,1.0,4,0.4,1.01,1914,1603.0,0.8375130616509927,0.1624869383490073
8,confirmatory,14000,0.0979020979020979,1,0.25,0,0.0,0.05,102,79.0,0.7745098039215687,0.22549019607843135
8,confirmatory,14000,0.0979020979020979,1,0.25,1,0.05,0.1,390,330.0,0.8461538461538461,0.15384615384615385
8,confirmatory,14000,0.0979020979020979,1,0.25,2,0.1,0.2,922,834.0,0.9045553145336226,0.09544468546637741
8,confirmatory,14000,0.0979020979020979,1,0.25,3,0.2,0.4,1364,1301.0,0.9538123167155426,0.04618768328445744
8,confirmatory,14000,0.0979020979020979,1,0.25,4,0.4,1.01,1830,1822.0,0.9956284153005465,0.0043715846994535346
8,confirmatory,14000,0.0979020979020979,1,0.5,0,0.0,0.05,102,48.0,0.47058823529411764,0.5294117647058824
8,confirmatory,14000,0.0979020979020979,1,0.5,1,0.05,0.1,390,266.0,0.6820512820512821,0.31794871794871793
8,confirmatory,14000,0.0979020979020979,1,0.5,2,0.1,0.2,922,716.0,0.7765726681127982,0.22342733188720176
8,confirmatory,14000,0.0979020979020979,1,0.5,3,0.2,0.4,1364,1209.0,0.8863636363636364,0.11363636363636365
8,confirmatory,14000,0.0979020979020979,1,0.5,4,0.4,1.01,1830,1803.0,0.9852459016393442,0.014754098360655776
8,confirmatory,14000,0.0979020979020979,1,0.75,0,0.0,0.05,102,31.0,0.30392156862745096,0.696078431372549
8,confirmatory,14000,0.0979020979020979,1,0.75,1,0.05,0.1,390,209.0,0.5358974358974359,0.4641025641025641
8,confirmatory,14000,0.0979020979020979,1,0.75,2,0.1,0.2,922,614.0,0.665943600867679,0.334056399132321
8,confirmatory,14000,0.0979020979020979,1,0.75,3,0.2,0.4,1364,1113.0,0.8159824046920822,0.18401759530791784
8,confirmatory,14000,0.0979020979020979,1,0.75,4,0.4,1.01,1830,1764.0,0.9639344262295082,0.0360655737704918
8,confirmatory,14000,0.0979020979020979,1,1.0,0,0.0,0.05,102,20.0,0.19607843137254902,0.803921568627451
8,confirmatory,14000,0.0979020979020979,1,1.0,1,0.05,0.1,390,166.0,0.4256410256410256,0.5743589743589743
8,confirmatory,14000,0.0979020979020979,1,1.0,2,0.1,0.2,922,515.0,0.5585683297180043,0.4414316702819957
8,confirmatory,14000,0.0979020979020979,1,1.0,3,0.2,0.4,1364,964.0,0.7067448680351907,0.29325513196480935
8,confirmatory,14000,0.0979020979020979,1,1.0,4,0.4,1.01,1830,1658.0,0.9060109289617486,0.09398907103825138
8,confirmatory,14000,0.0979020979020979,2,0.25,0,0.0,0.05,102,73.0,0.7156862745098039,0.28431372549019607
8,confirmatory,14000,0.0979020979020979,2,0.25,1,0.05,0.1,390,322.0,0.8256410256410256,0.1743589743589744
8,confirmatory,14000,0.0979020979020979,2,0.25,2,0.1,0.2,922,817.0,0.886117136659436,0.11388286334056397
8,confirmatory,14000,0.0979020979020979,2,0.25,3,0.2,0.4,1364,1290.0,0.9457478005865103,0.05425219941348969
8,confirmatory,14000,0.0979020979020979,2,0.25,4,0.4,1.01,1830,1824.0,0.9967213114754099,0.003278688524590123
8,confirmatory,14000,0.0979020979020979,2,0.5,0,0.0,0.05,102,50.0,0.49019607843137253,0.5098039215686274
8,confirmatory,14000,0.0979020979020979,2,0.5,1,0.05,0.1,390,261.0,0.6692307692307692,0.3307692307692308
8,confirmatory,14000,0.0979020979020979,2,0.5,2,0.1,0.2,922,707.0,0.7668112798264642,0.23318872017353576
8,confirmatory,14000,0.0979020979020979,2,0.5,3,0.2,0.4,1364,1201.0,0.8804985337243402,0.11950146627565983
8,confirmatory,14000,0.0979020979020979,2,0.5,4,0.4,1.01,1830,1806.0,0.9868852459016394,0.013114754098360604
8,confirmatory,14000,0.0979020979020979,2,0.75,0,0.0,0.05,102,35.0,0.3431372549019608,0.6568627450980392
8,confirmatory,14000,0.0979020979020979,2,0.75,1,0.05,0.1,390,185.0,0.47435897435897434,0.5256410256410257
8,confirmatory,14000,0.0979020979020979,2,0.75,2,0.1,0.2,922,600.0,0.6507592190889371,0.3492407809110629
8,confirmatory,14000,0.0979020979020979,2,0.75,3,0.2,0.4,1364,1029.0,0.7543988269794721,0.24560117302052786
8,confirmatory,14000,0.0979020979020979,2,0.75,4,0.4,1.01,1830,1748.0,0.9551912568306011,0.04480874316939887
8,confirmatory,14000,0.0979020979020979,2,1.0,0,0.0,0.05,102,25.0,0.24509803921568626,0.7549019607843137
8,confirmatory,14000,0.0979020979020979,2,1.0,1,0.05,0.1,390,143.0,0.36666666666666664,0.6333333333333333
8,confirmatory,14000,0.0979020979020979,2,1.0,2,0.1,0.2,922,462.0,0.5010845986984815,0.49891540130151846
8,confirmatory,14000,0.0979020979020979,2,1.0,3,0.2,0.4,1364,857.0,0.6282991202346041,0.3717008797653959
8,confirmatory,14000,0.0979020979020979,2,1.0,4,0.4,1.01,1830,1608.0,0.8786885245901639,0.12131147540983611
8,confirmatory,14000,0.0979020979020979,3,0.25,0,0.0,0.05,102,69.0,0.6764705882352942,0.32352941176470584
8,confirmatory,14000,0.0979020979020979,3,0.25,1,0.05,0.1,390,316.0,0.8102564102564103,0.18974358974358974
8,confirmatory,14000,0.0979020979020979,3,0.25,2,0.1,0.2,922,820.0,0.8893709327548807,0.11062906724511934
8,confirmatory,14000,0.0979020979020979,3,0.25,3,0.2,0.4,1364,1280.0,0.9384164222873901,0.061583577712609916
8,confirmatory,14000,0.0979020979020979,3,0.25,4,0.4,1.01,1830,1825.0,0.9972677595628415,0.002732240437158473
8,confirmatory,14000,0.0979020979020979,3,0.5,0,0.0,0.05,102,51.0,0.5,0.5
8,confirmatory,14000,0.0979020979020979,3,0.5,1,0.05,0.1,390,255.0,0.6538461538461539,0.34615384615384615
8,confirmatory,14000,0.0979020979020979,3,0.5,2,0.1,0.2,922,706.0,0.7657266811279827,0.2342733188720173
8,confirmatory,14000,0.0979020979020979,3,0.5,3,0.2,0.4,1364,1191.0,0.8731671554252199,0.12683284457478006
8,confirmatory,14000,0.0979020979020979,3,0.5,4,0.4,1.01,1830,1801.0,0.9841530054644809,0.015846994535519077
8,confirmatory,14000,0.0979020979020979,3,0.75,0,0.0,0.05,102,34.0,0.3333333333333333,0.6666666666666667
8,confirmatory,14000,0.0979020979020979,3,0.75,1,0.05,0.1,390,195.0,0.5,0.5
8,confirmatory,14000,0.0979020979020979,3,0.75,2,0.1,0.2,922,593.0,0.6431670281995662,0.35683297180043383
8,confirmatory,14000,0.0979020979020979,3,0.75,3,0.2,0.4,1364,1028.0,0.7536656891495601,0.24633431085043989
8,confirmatory,14000,0.0979020979020979,3,0.75,4,0.4,1.01,1830,1733.0,0.9469945355191257,0.05300546448087429
8,confirmatory,14000,0.0979020979020979,3,1.0,0,0.0,0.05,102,22.0,0.21568627450980393,0.7843137254901961
8,confirmatory,14000,0.0979020979020979,3,1.0,1,0.05,0.1,390,134.0,0.3435897435897436,0.6564102564102564
8,confirmatory,14000,0.0979020979020979,3,1.0,2,0.1,0.2,922,460.0,0.49891540130151846,0.5010845986984815
8,confirmatory,14000,0.0979020979020979,3,1.0,3,0.2,0.4,1364,821.0,0.6019061583577713,0.3980938416422287
8,confirmatory,14000,0.0979020979020979,3,1.0,4,0.4,1.01,1830,1600.0,0.8743169398907104,0.12568306010928965
8,confirmatory,14000,0.0979020979020979,4,0.25,0,0.0,0.05,102,68.0,0.6666666666666666,0.33333333333333337
8,confirmatory,14000,0.0979020979020979,4,0.25,1,0.05,0.1,390,310.0,0.7948717948717948,0.20512820512820518
8,confirmatory,14000,0.0979020979020979,4,0.25,2,0.1,0.2,922,800.0,0.8676789587852495,0.13232104121475052
8,confirmatory,14000,0.0979020979020979,4,0.25,3,0.2,0.4,1364,1275.0,0.9347507331378299,0.06524926686217014
8,confirmatory,14000,0.0979020979020979,4,0.25,4,0.4,1.01,1830,1819.0,0.9939890710382514,0.006010928961748596
8,confirmatory,14000,0.0979020979020979,4,0.5,0,0.0,0.05,102,47.0,0.46078431372549017,0.5392156862745099
8,confirmatory,14000,0.0979020979020979,4,0.5,1,0.05,0.1,390,228.0,0.5846153846153846,0.41538461538461535
8,confirmatory,14000,0.0979020979020979,4,0.5,2,0.1,0.2,922,656.0,0.7114967462039046,0.2885032537960954
8,confirmatory,14000,0.0979020979020979,4,0.5,3,0.2,0.4,1364,1139.0,0.8350439882697948,0.16495601173020524
8,confirmatory,14000,0.0979020979020979,4,0.5,4,0.4,1.01,1830,1765.0,0.9644808743169399,0.03551912568306015
8,confirmatory,14000,0.0979020979020979,4,0.75,0,0.0,0.05,102,28.0,0.27450980392156865,0.7254901960784313
8,confirmatory,14000,0.0979020979020979,4,0.75,1,0.05,0.1,390,159.0,0.4076923076923077,0.5923076923076923
8,confirmatory,14000,0.0979020979020979,4,0.75,2,0.1,0.2,922,516.0,0.559652928416486,0.44034707158351405
8,confirmatory,14000,0.0979020979020979,4,0.75,3,0.2,0.4,1364,928.0,0.6803519061583577,0.3196480938416423
8,confirmatory,14000,0.0979020979020979,4,0.75,4,0.4,1.01,1830,1622.0,0.8863387978142077,0.11366120218579234
8,confirmatory,14000,0.0979020979020979,4,1.0,0,0.0,0.05,102,16.0,0.1568627450980392,0.8431372549019608
8,confirmatory,14000,0.0979020979020979,4,1.0,1,0.05,0.1,390,84.0,0.2153846153846154,0.7846153846153846
8,confirmatory,14000,0.0979020979020979,4,1.0,2,0.1,0.2,922,327.0,0.3546637744034707,0.6453362255965294
8,confirmatory,14000,0.0979020979020979,4,1.0,3,0.2,0.4,1364,648.0,0.4750733137829912,0.5249266862170088
8,confirmatory,14000,0.0979020979020979,4,1.0,4,0.4,1.01,1830,1263.0,0.6901639344262295,0.3098360655737705
8,confirmatory,14000,0.0979020979020979,5,0.25,0,0.0,0.05,102,84.0,0.8235294117647058,0.17647058823529416
8,confirmatory,14000,0.0979020979020979,5,0.25,1,0.05,0.1,390,336.0,0.8615384615384616,0.1384615384615384
8,confirmatory,14000,0.0979020979020979,5,0.25,2,0.1,0.2,922,821.0,0.8904555314533622,0.1095444685466378
8,confirmatory,14000,0.0979020979020979,5,0.25,3,0.2,0.4,1364,1310.0,0.9604105571847508,0.03958944281524923
8,confirmatory,14000,0.0979020979020979,5,0.25,4,0.4,1.01,1830,1821.0,0.9950819672131147,0.004918032786885296
8,confirmatory,14000,0.0979020979020979,5,0.5,0,0.0,0.05,102,64.0,0.6274509803921569,0.37254901960784315
8,confirmatory,14000,0.0979020979020979,5,0.5,1,0.05,0.1,390,294.0,0.7538461538461538,0.24615384615384617
8,confirmatory,14000,0.0979020979020979,5,0.5,2,0.1,0.2,922,733.0,0.7950108459869848,0.2049891540130152
8,confirmatory,14000,0.0979020979020979,5,0.5,3,0.2,0.4,1364,1231.0,0.9024926686217009,0.09750733137829914
8,confirmatory,14000,0.0979020979020979,5,0.5,4,0.4,1.01,1830,1807.0,0.987431693989071,0.012568306010928953
8,confirmatory,14000,0.0979020979020979,5,0.75,0,0.0,0.05,102,45.0,0.4411764705882353,0.5588235294117647
8,confirmatory,14000,0.0979020979020979,5,0.75,1,0.05,0.1,390,250.0,0.6410256410256411,0.3589743589743589
8,confirmatory,14000,0.0979020979020979,5,0.75,2,0.1,0.2,922,639.0,0.693058568329718,0.306941431670282
8,confirmatory,14000,0.0979020979020979,5,0.75,3,0.2,0.4,1364,1124.0,0.8240469208211144,0.17595307917888559
8,confirmatory,14000,0.0979020979020979,5,0.75,4,0.4,1.01,1830,1770.0,0.9672131147540983,0.032786885245901676
8,confirmatory,14000,0.0979020979020979,5,1.0,0,0.0,0.05,102,38.0,0.37254901960784315,0.6274509803921569
8,confirmatory,14000,0.0979020979020979,5,1.0,1,0.05,0.1,390,200.0,0.5128205128205128,0.4871794871794872
8,confirmatory,14000,0.0979020979020979,5,1.0,2,0.1,0.2,922,577.0,0.6258134490238612,0.37418655097613884
8,confirmatory,14000,0.0979020979020979,5,1.0,3,0.2,0.4,1364,1030.0,0.7551319648093842,0.24486803519061584
8,confirmatory,14000,0.0979020979020979,5,1.0,4,0.4,1.01,1830,1698.0,0.9278688524590164,0.0721311475409836
8,confirmatory,14000,0.0979020979020979,6,0.25,0,0.0,0.05,102,83.0,0.8137254901960784,0.18627450980392157
8,confirmatory,14000,0.0979020979020979,6,0.25,1,0.05,0.1,390,321.0,0.823076923076923,0.17692307692307696
8,confirmatory,14000,0.0979020979020979,6,0.25,2,0.1,0.2,922,841.0,0.9121475054229935,0.0878524945770065
8,confirmatory,14000,0.0979020979020979,6,0.25,3,0.2,0.4,1364,1310.0,0.9604105571847508,0.03958944281524923
8,confirmatory,14000,0.0979020979020979,6,0.25,4,0.4,1.01,1830,1822.0,0.9956284153005465,0.0043715846994535346
8,confirmatory,14000,0.0979020979020979,6,0.5,0,0.0,0.05,102,72.0,0.7058823529411765,0.2941176470588235
8,confirmatory,14000,0.0979020979020979,6,0.5,1,0.05,0.1,390,274.0,0.7025641025641025,0.2974358974358975
8,confirmatory,14000,0.0979020979020979,6,0.5,2,0.1,0.2,922,760.0,0.824295010845987,0.175704989154013
8,confirmatory,14000,0.0979020979020979,6,0.5,3,0.2,0.4,1364,1246.0,0.9134897360703812,0.0865102639296188
8,confirmatory,14000,0.0979020979020979,6,0.5,4,0.4,1.01,1830,1810.0,0.9890710382513661,0.010928961748633892
8,confirmatory,14000,0.0979020979020979,6,0.75,0,0.0,0.05,102,62.0,0.6078431372549019,0.3921568627450981
8,confirmatory,14000,0.0979020979020979,6,0.75,1,0.05,0.1,390,228.0,0.5846153846153846,0.41538461538461535
8,confirmatory,14000,0.0979020979020979,6,0.75,2,0.1,0.2,922,665.0,0.7212581344902386,0.27874186550976143
8,confirmatory,14000,0.0979020979020979,6,0.75,3,0.2,0.4,1364,1148.0,0.841642228739003,0.15835777126099704
8,confirmatory,14000,0.0979020979020979,6,0.75,4,0.4,1.01,1830,1782.0,0.9737704918032787,0.02622950819672132
8,confirmatory,14000,0.0979020979020979,6,1.0,0,0.0,0.05,102,45.0,0.4411764705882353,0.5588235294117647
8,confirmatory,14000,0.0979020979020979,6,1.0,1,0.05,0.1,390,190.0,0.48717948717948717,0.5128205128205128
8,confirmatory,14000,0.0979020979020979,6,1.0,2,0.1,0.2,922,569.0,0.6171366594360087,0.3828633405639913
8,confirmatory,14000,0.0979020979020979,6,1.0,3,0.2,0.4,1364,1046.0,0.7668621700879765,0.23313782991202348
8,confirmatory,14000,0.0979020979020979,6,1.0,4,0.4,1.01,1830,1707.0,0.9327868852459016,0.06721311475409841
8,confirmatory,14000,0.0979020979020979,7,0.25,0,0.0,0.05,102,85.0,0.8333333333333334,0.16666666666666663
8,confirmatory,14000,0.0979020979020979,7,0.25,1,0.05,0.1,390,329.0,0.8435897435897436,0.1564102564102564
8,confirmatory,14000,0.0979020979020979,7,0.25,2,0.1,0.2,922,839.0,0.9099783080260304,0.09002169197396959
8,confirmatory,14000,0.0979020979020979,7,0.25,3,0.2,0.4,1364,1299.0,0.9523460410557185,0.04765395894428148
8,confirmatory,14000,0.0979020979020979,7,0.25,4,0.4,1.01,1830,1826.0,0.9978142076502732,0.002185792349726823
8,confirmatory,14000,0.0979020979020979,7,0.5,0,0.0,0.05,102,70.0,0.6862745098039216,0.3137254901960784
8,confirmatory,14000,0.0979020979020979,7,0.5,1,0.05,0.1,390,282.0,0.7230769230769231,0.27692307692307694
8,confirmatory,14000,0.0979020979020979,7,0.5,2,0.1,0.2,922,754.0,0.8177874186550976,0.18221258134490237
8,confirmatory,14000,0.0979020979020979,7,0.5,3,0.2,0.4,1364,1234.0,0.9046920821114369,0.09530791788856308
8,confirmatory,14000,0.0979020979020979,7,0.5,4,0.4,1.01,1830,1806.0,0.9868852459016394,0.013114754098360604
8,confirmatory,14000,0.0979020979020979,7,0.75,0,0.0,0.05,102,56.0,0.5490196078431373,0.4509803921568627
8,confirmatory,14000,0.0979020979020979,7,0.75,1,0.05,0.1,390,234.0,0.6,0.4
8,confirmatory,14000,0.0979020979020979,7,0.75,2,0.1,0.2,922,661.0,0.7169197396963124,0.2830802603036876
8,confirmatory,14000,0.0979020979020979,7,0.75,3,0.2,0.4,1364,1159.0,0.8497067448680352,0.1502932551319648
8,confirmatory,14000,0.0979020979020979,7,0.75,4,0.4,1.01,1830,1773.0,0.9688524590163935,0.031147540983606503
8,confirmatory,14000,0.0979020979020979,7,1.0,0,0.0,0.05,102,47.0,0.46078431372549017,0.5392156862745099
8,confirmatory,14000,0.0979020979020979,7,1.0,1,0.05,0.1,390,189.0,0.4846153846153846,0.5153846153846153
8,confirmatory,14000,0.0979020979020979,7,1.0,2,0.1,0.2,922,563.0,0.6106290672451193,0.38937093275488066
8,confirmatory,14000,0.0979020979020979,7,1.0,3,0.2,0.4,1364,1052.0,0.7712609970674487,0.22873900293255134
8,confirmatory,14000,0.0979020979020979,7,1.0,4,0.4,1.01,1830,1724.0,0.9420765027322404,0.05792349726775958
8,confirmatory,14000,0.0979020979020979,8,0.25,0,0.0,0.05,102,81.0,0.7941176470588235,0.20588235294117652
8,confirmatory,14000,0.0979020979020979,8,0.25,1,0.05,0.1,390,315.0,0.8076923076923077,0.1923076923076923
8,confirmatory,14000,0.0979020979020979,8,0.25,2,0.1,0.2,922,820.0,0.8893709327548807,0.11062906724511934
8,confirmatory,14000,0.0979020979020979,8,0.25,3,0.2,0.4,1364,1292.0,0.9472140762463344,0.05278592375366564
8,confirmatory,14000,0.0979020979020979,8,0.25,4,0.4,1.01,1830,1825.0,0.9972677595628415,0.002732240437158473
8,confirmatory,14000,0.0979020979020979,8,0.5,0,0.0,0.05,102,65.0,0.6372549019607843,0.36274509803921573
8,confirmatory,14000,0.0979020979020979,8,0.5,1,0.05,0.1,390,259.0,0.6641025641025641,0.3358974358974359
8,confirmatory,14000,0.0979020979020979,8,0.5,2,0.1,0.2,922,707.0,0.7668112798264642,0.23318872017353576
8,confirmatory,14000,0.0979020979020979,8,0.5,3,0.2,0.4,1364,1190.0,0.8724340175953079,0.12756598240469208
8,confirmatory,14000,0.0979020979020979,8,0.5,4,0.4,1.01,1830,1808.0,0.9879781420765027,0.012021857923497303
8,confirmatory,14000,0.0979020979020979,8,0.75,0,0.0,0.05,102,52.0,0.5098039215686274,0.4901960784313726
8,confirmatory,14000,0.0979020979020979,8,0.75,1,0.05,0.1,390,220.0,0.5641025641025641,0.4358974358974359
8,confirmatory,14000,0.0979020979020979,8,0.75,2,0.1,0.2,922,619.0,0.6713665943600867,0.3286334056399133
8,confirmatory,14000,0.0979020979020979,8,0.75,3,0.2,0.4,1364,1078.0,0.7903225806451613,0.20967741935483875
8,confirmatory,14000,0.0979020979020979,8,0.75,4,0.4,1.01,1830,1762.0,0.9628415300546448,0.03715846994535521
8,confirmatory,14000,0.0979020979020979,8,1.0,0,0.0,0.05,102,36.0,0.35294117647058826,0.6470588235294117
8,confirmatory,14000,0.0979020979020979,8,1.0,1,0.05,0.1,390,172.0,0.441025641025641,0.558974358974359
8,confirmatory,14000,0.0979020979020979,8,1.0,2,0.1,0.2,922,532.0,0.5770065075921909,0.42299349240780915
8,confirmatory,14000,0.0979020979020979,8,1.0,3,0.2,0.4,1364,947.0,0.6942815249266863,0.30571847507331373
8,confirmatory,14000,0.0979020979020979,8,1.0,4,0.4,1.01,1830,1691.0,0.9240437158469945,0.07595628415300548
8,confirmatory,14000,0.0979020979020979,9,0.25,0,0.0,0.05,102,86.0,0.8431372549019608,0.1568627450980392
8,confirmatory,14000,0.0979020979020979,9,0.25,1,0.05,0.1,390,326.0,0.8358974358974359,0.16410256410256407
8,confirmatory,14000,0.0979020979020979,9,0.25,2,0.1,0.2,922,828.0,0.8980477223427332,0.10195227765726678
8,confirmatory,14000,0.0979020979020979,9,0.25,3,0.2,0.4,1364,1301.0,0.9538123167155426,0.04618768328445744
8,confirmatory,14000,0.0979020979020979,9,0.25,4,0.4,1.01,1830,1823.0,0.9961748633879781,0.0038251366120218844
8,confirmatory,14000,0.0979020979020979,9,0.5,0,0.0,0.05,102,71.0,0.696078431372549,0.303921568627451
8,confirmatory,14000,0.0979020979020979,9,0.5,1,0.05,0.1,390,280.0,0.717948717948718,0.28205128205128205
8,confirmatory,14000,0.0979020979020979,9,0.5,2,0.1,0.2,922,734.0,0.7960954446854663,0.20390455531453366
8,confirmatory,14000,0.0979020979020979,9,0.5,3,0.2,0.4,1364,1204.0,0.8826979472140762,0.11730205278592376
8,confirmatory,14000,0.0979020979020979,9,0.5,4,0.4,1.01,1830,1804.0,0.985792349726776,0.014207650273224015
8,confirmatory,14000,0.0979020979020979,9,0.75,0,0.0,0.05,102,56.0,0.5490196078431373,0.4509803921568627
8,confirmatory,14000,0.0979020979020979,9,0.75,1,0.05,0.1,390,225.0,0.5769230769230769,0.42307692307692313
8,confirmatory,14000,0.0979020979020979,9,0.75,2,0.1,0.2,922,639.0,0.693058568329718,0.306941431670282
8,confirmatory,14000,0.0979020979020979,9,0.75,3,0.2,0.4,1364,1114.0,0.8167155425219942,0.1832844574780058
8,confirmatory,14000,0.0979020979020979,9,0.75,4,0.4,1.01,1830,1775.0,0.9699453551912568,0.030054644808743203
8,confirmatory,14000,0.0979020979020979,9,1.0,0,0.0,0.05,102,44.0,0.43137254901960786,0.5686274509803921
8,confirmatory,14000,0.0979020979020979,9,1.0,1,0.05,0.1,390,190.0,0.48717948717948717,0.5128205128205128
8,confirmatory,14000,0.0979020979020979,9,1.0,2,0.1,0.2,922,546.0,0.5921908893709328,0.4078091106290672
8,confirmatory,14000,0.0979020979020979,9,1.0,3,0.2,0.4,1364,1023.0,0.75,0.25
8,confirmatory,14000,0.0979020979020979,9,1.0,4,0.4,1.01,1830,1720.0,0.9398907103825137,0.060109289617486295
8,confirmatory,14000,0.0979020979020979,10,0.25,0,0.0,0.05,102,74.0,0.7254901960784313,0.27450980392156865
8,confirmatory,14000,0.0979020979020979,10,0.25,1,0.05,0.1,390,311.0,0.7974358974358975,0.2025641025641025
8,confirmatory,14000,0.0979020979020979,10,0.25,2,0.1,0.2,922,812.0,0.8806941431670282,0.11930585683297179
8,confirmatory,14000,0.0979020979020979,10,0.25,3,0.2,0.4,1364,1274.0,0.9340175953079178,0.06598240469208216
8,confirmatory,14000,0.0979020979020979,10,0.25,4,0.4,1.01,1830,1821.0,0.9950819672131147,0.004918032786885296
8,confirmatory,14000,0.0979020979020979,10,0.5,0,0.0,0.05,102,57.0,0.5588235294117647,0.4411764705882353
8,confirmatory,14000,0.0979020979020979,10,0.5,1,0.05,0.1,390,251.0,0.6435897435897436,0.35641025641025637
8,confirmatory,14000,0.0979020979020979,10,0.5,2,0.1,0.2,922,711.0,0.7711496746203904,0.2288503253796096
8,confirmatory,14000,0.0979020979020979,10,0.5,3,0.2,0.4,1364,1172.0,0.8592375366568915,0.1407624633431085
8,confirmatory,14000,0.0979020979020979,10,0.5,4,0.4,1.01,1830,1794.0,0.980327868852459,0.01967213114754096
8,confirmatory,14000,0.0979020979020979,10,0.75,0,0.0,0.05,102,40.0,0.39215686274509803,0.607843137254902
8,confirmatory,14000,0.0979020979020979,10,0.75,1,0.05,0.1,390,208.0,0.5333333333333333,0.4666666666666667
8,confirmatory,14000,0.0979020979020979,10,0.75,2,0.1,0.2,922,632.0,0.6854663774403471,0.3145336225596529
8,confirmatory,14000,0.0979020979020979,10,0.75,3,0.2,0.4,1364,1062.0,0.7785923753665689,0.2214076246334311
8,confirmatory,14000,0.0979020979020979,10,0.75,4,0.4,1.01,1830,1750.0,0.9562841530054644,0.04371584699453557
8,confirmatory,14000,0.0979020979020979,10,1.0,0,0.0,0.05,102,35.0,0.3431372549019608,0.6568627450980392
8,confirmatory,14000,0.0979020979020979,10,1.0,1,0.05,0.1,390,167.0,0.4282051282051282,0.5717948717948718
8,confirmatory,14000,0.0979020979020979,10,1.0,2,0.1,0.2,922,539.0,0.5845986984815619,0.4154013015184381
8,confirmatory,14000,0.0979020979020979,10,1.0,3,0.2,0.4,1364,948.0,0.6950146627565983,0.3049853372434017
8,confirmatory,14000,0.0979020979020979,10,1.0,4,0.4,1.01,1830,1678.0,0.9169398907103825,0.08306010928961749
8,confirmatory,72000,0.5034965034965035,1,0.25,0,0.0,0.05,123,89.0,0.7235772357723578,0.2764227642276422
8,confirmatory,72000,0.5034965034965035,1,0.25,1,0.05,0.1,364,299.0,0.8214285714285714,0.1785714285714286
8,confirmatory,72000,0.5034965034965035,1,0.25,2,0.1,0.2,835,754.0,0.9029940119760479,0.0970059880239521
8,confirmatory,72000,0.5034965034965035,1,0.25,3,0.2,0.4,1366,1295.0,0.9480234260614934,0.05197657393850663
8,confirmatory,72000,0.5034965034965035,1,0.25,4,0.4,1.01,1920,1912.0,0.9958333333333333,0.004166666666666652
8,confirmatory,72000,0.5034965034965035,1,0.5,0,0.0,0.05,123,65.0,0.5284552845528455,0.4715447154471545
8,confirmatory,72000,0.5034965034965035,1,0.5,1,0.05,0.1,364,238.0,0.6538461538461539,0.34615384615384615
8,confirmatory,72000,0.5034965034965035,1,0.5,2,0.1,0.2,835,645.0,0.7724550898203593,0.22754491017964074
8,confirmatory,72000,0.5034965034965035,1,0.5,3,0.2,0.4,1366,1194.0,0.8740849194729137,0.12591508052708633
8,confirmatory,72000,0.5034965034965035,1,0.5,4,0.4,1.01,1920,1886.0,0.9822916666666667,0.017708333333333326
8,confirmatory,72000,0.5034965034965035,1,0.75,0,0.0,0.05,123,41.0,0.3333333333333333,0.6666666666666667
8,confirmatory,72000,0.5034965034965035,1,0.75,1,0.05,0.1,364,167.0,0.45879120879120877,0.5412087912087913
8,confirmatory,72000,0.5034965034965035,1,0.75,2,0.1,0.2,835,495.0,0.592814371257485,0.40718562874251496
8,confirmatory,72000,0.5034965034965035,1,0.75,3,0.2,0.4,1366,1047.0,0.7664714494875549,0.23352855051244514
8,confirmatory,72000,0.5034965034965035,1,0.75,4,0.4,1.01,1920,1791.0,0.9328125,0.06718749999999996
8,confirmatory,72000,0.5034965034965035,1,1.0,0,0.0,0.05,123,27.0,0.21951219512195122,0.7804878048780488
8,confirmatory,72000,0.5034965034965035,1,1.0,1,0.05,0.1,364,108.0,0.2967032967032967,0.7032967032967032
8,confirmatory,72000,0.5034965034965035,1,1.0,2,0.1,0.2,835,367.0,0.43952095808383235,0.5604790419161676
8,confirmatory,72000,0.5034965034965035,1,1.0,3,0.2,0.4,1366,824.0,0.6032210834553441,0.3967789165446559
8,confirmatory,72000,0.5034965034965035,1,1.0,4,0.4,1.01,1920,1620.0,0.84375,0.15625
8,confirmatory,72000,0.5034965034965035,2,0.25,0,0.0,0.05,123,89.0,0.7235772357723578,0.2764227642276422
8,confirmatory,72000,0.5034965034965035,2,0.25,1,0.05,0.1,364,292.0,0.8021978021978022,0.19780219780219777
8,confirmatory,72000,0.5034965034965035,2,0.25,2,0.1,0.2,835,739.0,0.8850299401197604,0.11497005988023956
8,confirmatory,72000,0.5034965034965035,2,0.25,3,0.2,0.4,1366,1291.0,0.945095168374817,0.054904831625183004
8,confirmatory,72000,0.5034965034965035,2,0.25,4,0.4,1.01,1920,1913.0,0.9963541666666667,0.003645833333333348
8,confirmatory,72000,0.5034965034965035,2,0.5,0,0.0,0.05,123,72.0,0.5853658536585366,0.41463414634146345
8,confirmatory,72000,0.5034965034965035,2,0.5,1,0.05,0.1,364,241.0,0.6620879120879121,0.33791208791208793
8,confirmatory,72000,0.5034965034965035,2,0.5,2,0.1,0.2,835,622.0,0.7449101796407186,0.2550898203592814
8,confirmatory,72000,0.5034965034965035,2,0.5,3,0.2,0.4,1366,1172.0,0.8579795021961932,0.14202049780380677
8,confirmatory,72000,0.5034965034965035,2,0.5,4,0.4,1.01,1920,1889.0,0.9838541666666667,0.016145833333333304
8,confirmatory,72000,0.5034965034965035,2,0.75,0,0.0,0.05,123,59.0,0.4796747967479675,0.5203252032520325
8,confirmatory,72000,0.5034965034965035,2,0.75,1,0.05,0.1,364,179.0,0.49175824175824173,0.5082417582417582
8,confirmatory,72000,0.5034965034965035,2,0.75,2,0.1,0.2,835,523.0,0.6263473053892216,0.37365269461077844
8,confirmatory,72000,0.5034965034965035,2,0.75,3,0.2,0.4,1366,1008.0,0.7379209370424598,0.26207906295754024
8,confirmatory,72000,0.5034965034965035,2,0.75,4,0.4,1.01,1920,1807.0,0.9411458333333333,0.05885416666666665
8,confirmatory,72000,0.5034965034965035,2,1.0,0,0.0,0.05,123,39.0,0.3170731707317073,0.6829268292682926
8,confirmatory,72000,0.5034965034965035,2,1.0,1,0.05,0.1,364,135.0,0.3708791208791209,0.6291208791208791
8,confirmatory,72000,0.5034965034965035,2,1.0,2,0.1,0.2,835,386.0,0.4622754491017964,0.5377245508982036
8,confirmatory,72000,0.5034965034965035,2,1.0,3,0.2,0.4,1366,839.0,0.6142020497803806,0.3857979502196194
8,confirmatory,72000,0.5034965034965035,2,1.0,4,0.4,1.01,1920,1638.0,0.853125,0.14687499999999998
8,confirmatory,72000,0.5034965034965035,3,0.25,0,0.0,0.05,123,91.0,0.7398373983739838,0.26016260162601623
8,confirmatory,72000,0.5034965034965035,3,0.25,1,0.05,0.1,364,289.0,0.7939560439560439,0.2060439560439561
8,confirmatory,72000,0.5034965034965035,3,0.25,2,0.1,0.2,835,734.0,0.8790419161676647,0.1209580838323353
8,confirmatory,72000,0.5034965034965035,3,0.25,3,0.2,0.4,1366,1282.0,0.9385065885797951,0.061493411420204924
8,confirmatory,72000,0.5034965034965035,3,0.25,4,0.4,1.01,1920,1914.0,0.996875,0.0031250000000000444
8,confirmatory,72000,0.5034965034965035,3,0.5,0,0.0,0.05,123,76.0,0.6178861788617886,0.38211382113821135
8,confirmatory,72000,0.5034965034965035,3,0.5,1,0.05,0.1,364,227.0,0.6236263736263736,0.37637362637362637
8,confirmatory,72000,0.5034965034965035,3,0.5,2,0.1,0.2,835,626.0,0.7497005988023953,0.25029940119760474
8,confirmatory,72000,0.5034965034965035,3,0.5,3,0.2,0.4,1366,1163.0,0.8513909224011713,0.1486090775988287
8,confirmatory,72000,0.5034965034965035,3,0.5,4,0.4,1.01,1920,1888.0,0.9833333333333333,0.01666666666666672
8,confirmatory,72000,0.5034965034965035,3,0.75,0,0.0,0.05,123,54.0,0.43902439024390244,0.5609756097560976
8,confirmatory,72000,0.5034965034965035,3,0.75,1,0.05,0.1,364,168.0,0.46153846153846156,0.5384615384615384
8,confirmatory,72000,0.5034965034965035,3,0.75,2,0.1,0.2,835,511.0,0.6119760479041916,0.3880239520958084
8,confirmatory,72000,0.5034965034965035,3,0.75,3,0.2,0.4,1366,994.0,0.7276720351390923,0.2723279648609077
8,confirmatory,72000,0.5034965034965035,3,0.75,4,0.4,1.01,1920,1790.0,0.9322916666666666,0.06770833333333337
8,confirmatory,72000,0.5034965034965035,3,1.0,0,0.0,0.05,123,37.0,0.3008130081300813,0.6991869918699187
8,confirmatory,72000,0.5034965034965035,3,1.0,1,0.05,0.1,364,123.0,0.33791208791208793,0.6620879120879121
8,confirmatory,72000,0.5034965034965035,3,1.0,2,0.1,0.2,835,393.0,0.47065868263473054,0.5293413173652695
8,confirmatory,72000,0.5034965034965035,3,1.0,3,0.2,0.4,1366,808.0,0.5915080527086384,0.4084919472913616
8,confirmatory,72000,0.5034965034965035,3,1.0,4,0.4,1.01,1920,1598.0,0.8322916666666667,0.16770833333333335
8,confirmatory,72000,0.5034965034965035,4,0.25,0,0.0,0.05,123,90.0,0.7317073170731707,0.2682926829268293
8,confirmatory,72000,0.5034965034965035,4,0.25,1,0.05,0.1,364,291.0,0.7994505494505495,0.2005494505494505
8,confirmatory,72000,0.5034965034965035,4,0.25,2,0.1,0.2,835,722.0,0.8646706586826347,0.1353293413173653
8,confirmatory,72000,0.5034965034965035,4,0.25,3,0.2,0.4,1366,1264.0,0.9253294289897511,0.07467057101024888
8,confirmatory,72000,0.5034965034965035,4,0.25,4,0.4,1.01,1920,1909.0,0.9942708333333333,0.005729166666666674
8,confirmatory,72000,0.5034965034965035,4,0.5,0,0.0,0.05,123,63.0,0.5121951219512195,0.4878048780487805
8,confirmatory,72000,0.5034965034965035,4,0.5,1,0.05,0.1,364,209.0,0.5741758241758241,0.42582417582417587
8,confirmatory,72000,0.5034965034965035,4,0.5,2,0.1,0.2,835,588.0,0.704191616766467,0.295808383233533
8,confirmatory,72000,0.5034965034965035,4,0.5,3,0.2,0.4,1366,1143.0,0.8367496339677891,0.16325036603221088
8,confirmatory,72000,0.5034965034965035,4,0.5,4,0.4,1.01,1920,1858.0,0.9677083333333333,0.03229166666666672
8,confirmatory,72000,0.5034965034965035,4,0.75,0,0.0,0.05,123,39.0,0.3170731707317073,0.6829268292682926
8,confirmatory,72000,0.5034965034965035,4,0.75,1,0.05,0.1,364,146.0,0.4010989010989011,0.5989010989010989
8,confirmatory,72000,0.5034965034965035,4,0.75,2,0.1,0.2,835,438.0,0.5245508982035928,0.4754491017964072
8,confirmatory,72000,0.5034965034965035,4,0.75,3,0.2,0.4,1366,951.0,0.6961932650073206,0.3038067349926794
8,confirmatory,72000,0.5034965034965035,4,0.75,4,0.4,1.01,1920,1691.0,0.8807291666666667,0.11927083333333333
8,confirmatory,72000,0.5034965034965035,4,1.0,0,0.0,0.05,123,16.0,0.13008130081300814,0.8699186991869918
8,confirmatory,72000,0.5034965034965035,4,1.0,1,0.05,0.1,364,81.0,0.22252747252747251,0.7774725274725275
8,confirmatory,72000,0.5034965034965035,4,1.0,2,0.1,0.2,835,273.0,0.3269461077844311,0.6730538922155689
8,confirmatory,72000,0.5034965034965035,4,1.0,3,0.2,0.4,1366,644.0,0.47144948755490484,0.5285505124450951
8,confirmatory,72000,0.5034965034965035,4,1.0,4,0.4,1.01,1920,1281.0,0.6671875,0.33281249999999996
8,confirmatory,72000,0.5034965034965035,5,0.25,0,0.0,0.05,123,96.0,0.7804878048780488,0.2195121951219512
8,confirmatory,72000,0.5034965034965035,5,0.25,1,0.05,0.1,364,295.0,0.8104395604395604,0.18956043956043955
8,confirmatory,72000,0.5034965034965035,5,0.25,2,0.1,0.2,835,750.0,0.8982035928143712,0.10179640718562877
8,confirmatory,72000,0.5034965034965035,5,0.25,3,0.2,0.4,1366,1296.0,0.9487554904831625,0.051244509516837455
8,confirmatory,72000,0.5034965034965035,5,0.25,4,0.4,1.01,1920,1912.0,0.9958333333333333,0.004166666666666652
8,confirmatory,72000,0.5034965034965035,5,0.5,0,0.0,0.05,123,74.0,0.6016260162601627,0.39837398373983735
8,confirmatory,72000,0.5034965034965035,5,0.5,1,0.05,0.1,364,238.0,0.6538461538461539,0.34615384615384615
8,confirmatory,72000,0.5034965034965035,5,0.5,2,0.1,0.2,835,676.0,0.8095808383233533,0.19041916167664674
8,confirmatory,72000,0.5034965034965035,5,0.5,3,0.2,0.4,1366,1217.0,0.8909224011713031,0.10907759882869694
8,confirmatory,72000,0.5034965034965035,5,0.5,4,0.4,1.01,1920,1892.0,0.9854166666666667,0.014583333333333282
8,confirmatory,72000,0.5034965034965035,5,0.75,0,0.0,0.05,123,57.0,0.4634146341463415,0.5365853658536586
8,confirmatory,72000,0.5034965034965035,5,0.75,1,0.05,0.1,364,203.0,0.5576923076923077,0.4423076923076923
8,confirmatory,72000,0.5034965034965035,5,0.75,2,0.1,0.2,835,592.0,0.7089820359281437,0.2910179640718563
8,confirmatory,72000,0.5034965034965035,5,0.75,3,0.2,0.4,1366,1119.0,0.8191800878477306,0.18081991215226945
8,confirmatory,72000,0.5034965034965035,5,0.75,4,0.4,1.01,1920,1849.0,0.9630208333333333,0.036979166666666674
8,confirmatory,72000,0.5034965034965035,5,1.0,0,0.0,0.05,123,48.0,0.3902439024390244,0.6097560975609756
8,confirmatory,72000,0.5034965034965035,5,1.0,1,0.05,0.1,364,157.0,0.43131868131868134,0.5686813186813187
8,confirmatory,72000,0.5034965034965035,5,1.0,2,0.1,0.2,835,506.0,0.6059880239520958,0.39401197604790417
8,confirmatory,72000,0.5034965034965035,5,1.0,3,0.2,0.4,1366,1017.0,0.7445095168374817,0.2554904831625183
8,confirmatory,72000,0.5034965034965035,5,1.0,4,0.4,1.01,1920,1781.0,0.9276041666666667,0.07239583333333333
8,confirmatory,72000,0.5034965034965035,6,0.25,0,0.0,0.05,123,101.0,0.8211382113821138,0.17886178861788615
8,confirmatory,72000,0.5034965034965035,6,0.25,1,0.05,0.1,364,287.0,0.7884615384615384,0.21153846153846156
8,confirmatory,72000,0.5034965034965035,6,0.25,2,0.1,0.2,835,738.0,0.8838323353293414,0.11616766467065864
8,confirmatory,72000,0.5034965034965035,6,0.25,3,0.2,0.4,1366,1286.0,0.9414348462664714,0.05856515373352855
8,confirmatory,72000,0.5034965034965035,6,0.25,4,0.4,1.01,1920,1907.0,0.9932291666666667,0.0067708333333332815
8,confirmatory,72000,0.5034965034965035,6,0.5,0,0.0,0.05,123,83.0,0.6747967479674797,0.3252032520325203
8,confirmatory,72000,0.5034965034965035,6,0.5,1,0.05,0.1,364,231.0,0.6346153846153846,0.3653846153846154
8,confirmatory,72000,0.5034965034965035,6,0.5,2,0.1,0.2,835,648.0,0.7760479041916167,0.22395209580838327
8,confirmatory,72000,0.5034965034965035,6,0.5,3,0.2,0.4,1366,1182.0,0.8653001464128843,0.13469985358711567
8,confirmatory,72000,0.5034965034965035,6,0.5,4,0.4,1.01,1920,1885.0,0.9817708333333334,0.01822916666666663
8,confirmatory,72000,0.5034965034965035,6,0.75,0,0.0,0.05,123,65.0,0.5284552845528455,0.4715447154471545
8,confirmatory,72000,0.5034965034965035,6,0.75,1,0.05,0.1,364,189.0,0.5192307692307693,0.4807692307692307
8,confirmatory,72000,0.5034965034965035,6,0.75,2,0.1,0.2,835,565.0,0.6766467065868264,0.32335329341317365
8,confirmatory,72000,0.5034965034965035,6,0.75,3,0.2,0.4,1366,1056.0,0.7730600292825769,0.2269399707174231
8,confirmatory,72000,0.5034965034965035,6,0.75,4,0.4,1.01,1920,1817.0,0.9463541666666667,0.05364583333333328
8,confirmatory,72000,0.5034965034965035,6,1.0,0,0.0,0.05,123,54.0,0.43902439024390244,0.5609756097560976
8,confirmatory,72000,0.5034965034965035,6,1.0,1,0.05,0.1,364,146.0,0.4010989010989011,0.5989010989010989
8,confirmatory,72000,0.5034965034965035,6,1.0,2,0.1,0.2,835,471.0,0.5640718562874252,0.4359281437125748
8,confirmatory,72000,0.5034965034965035,6,1.0,3,0.2,0.4,1366,926.0,0.677891654465593,0.32210834553440704
8,confirmatory,72000,0.5034965034965035,6,1.0,4,0.4,1.01,1920,1690.0,0.8802083333333334,0.11979166666666663
8,confirmatory,72000,0.5034965034965035,7,0.25,0,0.0,0.05,123,86.0,0.6991869918699187,0.30081300813008127
8,confirmatory,72000,0.5034965034965035,7,0.25,1,0.05,0.1,364,277.0,0.760989010989011,0.23901098901098905
8,confirmatory,72000,0.5034965034965035,7,0.25,2,0.1,0.2,835,716.0,0.8574850299401198,0.14251497005988023
8,confirmatory,72000,0.5034965034965035,7,0.25,3,0.2,0.4,1366,1286.0,0.9414348462664714,0.05856515373352855
8,confirmatory,72000,0.5034965034965035,7,0.25,4,0.4,1.01,1920,1911.0,0.9953125,0.004687499999999956
8,confirmatory,72000,0.5034965034965035,7,0.5,0,0.0,0.05,123,66.0,0.5365853658536586,0.46341463414634143
8,confirmatory,72000,0.5034965034965035,7,0.5,1,0.05,0.1,364,224.0,0.6153846153846154,0.3846153846153846
8,confirmatory,72000,0.5034965034965035,7,0.5,2,0.1,0.2,835,615.0,0.7365269461077845,0.26347305389221554
8,confirmatory,72000,0.5034965034965035,7,0.5,3,0.2,0.4,1366,1186.0,0.8682284040995608,0.1317715959004392
8,confirmatory,72000,0.5034965034965035,7,0.5,4,0.4,1.01,1920,1879.0,0.9786458333333333,0.021354166666666674
8,confirmatory,72000,0.5034965034965035,7,0.75,0,0.0,0.05,123,48.0,0.3902439024390244,0.6097560975609756
8,confirmatory,72000,0.5034965034965035,7,0.75,1,0.05,0.1,364,177.0,0.48626373626373626,0.5137362637362637
8,confirmatory,72000,0.5034965034965035,7,0.75,2,0.1,0.2,835,543.0,0.6502994011976048,0.34970059880239523
8,confirmatory,72000,0.5034965034965035,7,0.75,3,0.2,0.4,1366,1085.0,0.794289897510981,0.205710102489019
8,confirmatory,72000,0.5034965034965035,7,0.75,4,0.4,1.01,1920,1822.0,0.9489583333333333,0.05104166666666665
8,confirmatory,72000,0.5034965034965035,7,1.0,0,0.0,0.05,123,39.0,0.3170731707317073,0.6829268292682926
8,confirmatory,72000,0.5034965034965035,7,1.0,1,0.05,0.1,364,132.0,0.3626373626373626,0.6373626373626373
8,confirmatory,72000,0.5034965034965035,7,1.0,2,0.1,0.2,835,449.0,0.5377245508982036,0.4622754491017964
8,confirmatory,72000,0.5034965034965035,7,1.0,3,0.2,0.4,1366,985.0,0.7210834553440703,0.27891654465592974
8,confirmatory,72000,0.5034965034965035,7,1.0,4,0.4,1.01,1920,1747.0,0.9098958333333333,0.09010416666666665
8,confirmatory,72000,0.5034965034965035,8,0.25,0,0.0,0.05,123,89.0,0.7235772357723578,0.2764227642276422
8,confirmatory,72000,0.5034965034965035,8,0.25,1,0.05,0.1,364,297.0,0.8159340659340659,0.18406593406593408
8,confirmatory,72000,0.5034965034965035,8,0.25,2,0.1,0.2,835,729.0,0.8730538922155688,0.12694610778443116
8,confirmatory,72000,0.5034965034965035,8,0.25,3,0.2,0.4,1366,1255.0,0.9187408491947291,0.08125915080527091
8,confirmatory,72000,0.5034965034965035,8,0.25,4,0.4,1.01,1920,1908.0,0.99375,0.006249999999999978
8,confirmatory,72000,0.5034965034965035,8,0.5,0,0.0,0.05,123,69.0,0.5609756097560976,0.4390243902439024
8,confirmatory,72000,0.5034965034965035,8,0.5,1,0.05,0.1,364,221.0,0.6071428571428571,0.3928571428571429
8,confirmatory,72000,0.5034965034965035,8,0.5,2,0.1,0.2,835,634.0,0.7592814371257485,0.24071856287425153
8,confirmatory,72000,0.5034965034965035,8,0.5,3,0.2,0.4,1366,1135.0,0.8308931185944363,0.16910688140556374
8,confirmatory,72000,0.5034965034965035,8,0.5,4,0.4,1.01,1920,1881.0,0.9796875,0.020312499999999956
8,confirmatory,72000,0.5034965034965035,8,0.75,0,0.0,0.05,123,59.0,0.4796747967479675,0.5203252032520325
8,confirmatory,72000,0.5034965034965035,8,0.75,1,0.05,0.1,364,170.0,0.46703296703296704,0.532967032967033
8,confirmatory,72000,0.5034965034965035,8,0.75,2,0.1,0.2,835,498.0,0.5964071856287425,0.4035928143712575
8,confirmatory,72000,0.5034965034965035,8,0.75,3,0.2,0.4,1366,999.0,0.7313323572474377,0.2686676427525623
8,confirmatory,72000,0.5034965034965035,8,0.75,4,0.4,1.01,1920,1800.0,0.9375,0.0625
8,confirmatory,72000,0.5034965034965035,8,1.0,0,0.0,0.05,123,45.0,0.36585365853658536,0.6341463414634146
8,confirmatory,72000,0.5034965034965035,8,1.0,1,0.05,0.1,364,119.0,0.3269230769230769,0.6730769230769231
8,confirmatory,72000,0.5034965034965035,8,1.0,2,0.1,0.2,835,402.0,0.481437125748503,0.5185628742514969
8,confirmatory,72000,0.5034965034965035,8,1.0,3,0.2,0.4,1366,823.0,0.6024890190336749,0.3975109809663251
8,confirmatory,72000,0.5034965034965035,8,1.0,4,0.4,1.01,1920,1650.0,0.859375,0.140625
8,confirmatory,72000,0.5034965034965035,9,0.25,0,0.0,0.05,123,94.0,0.7642276422764228,0.2357723577235772
8,confirmatory,72000,0.5034965034965035,9,0.25,1,0.05,0.1,364,293.0,0.804945054945055,0.19505494505494503
8,confirmatory,72000,0.5034965034965035,9,0.25,2,0.1,0.2,835,735.0,0.8802395209580839,0.11976047904191611
8,confirmatory,72000,0.5034965034965035,9,0.25,3,0.2,0.4,1366,1304.0,0.9546120058565154,0.0453879941434846
8,confirmatory,72000,0.5034965034965035,9,0.25,4,0.4,1.01,1920,1911.0,0.9953125,0.004687499999999956
8,confirmatory,72000,0.5034965034965035,9,0.5,0,0.0,0.05,123,76.0,0.6178861788617886,0.38211382113821135
8,confirmatory,72000,0.5034965034965035,9,0.5,1,0.05,0.1,364,249.0,0.6840659340659341,0.3159340659340659
8,confirmatory,72000,0.5034965034965035,9,0.5,2,0.1,0.2,835,639.0,0.7652694610778443,0.23473053892215567
8,confirmatory,72000,0.5034965034965035,9,0.5,3,0.2,0.4,1366,1226.0,0.8975109809663251,0.10248901903367491
8,confirmatory,72000,0.5034965034965035,9,0.5,4,0.4,1.01,1920,1895.0,0.9869791666666666,0.01302083333333337
8,confirmatory,72000,0.5034965034965035,9,0.75,0,0.0,0.05,123,58.0,0.4715447154471545,0.5284552845528455
8,confirmatory,72000,0.5034965034965035,9,0.75,1,0.05,0.1,364,202.0,0.554945054945055,0.44505494505494503
8,confirmatory,72000,0.5034965034965035,9,0.75,2,0.1,0.2,835,548.0,0.6562874251497006,0.3437125748502994
8,confirmatory,72000,0.5034965034965035,9,0.75,3,0.2,0.4,1366,1100.0,0.8052708638360175,0.19472913616398246
8,confirmatory,72000,0.5034965034965035,9,0.75,4,0.4,1.01,1920,1854.0,0.965625,0.034375000000000044
8,confirmatory,72000,0.5034965034965035,9,1.0,0,0.0,0.05,123,42.0,0.34146341463414637,0.6585365853658536
8,confirmatory,72000,0.5034965034965035,9,1.0,1,0.05,0.1,364,150.0,0.41208791208791207,0.5879120879120879
8,confirmatory,72000,0.5034965034965035,9,1.0,2,0.1,0.2,835,453.0,0.5425149700598803,0.45748502994011975
8,confirmatory,72000,0.5034965034965035,9,1.0,3,0.2,0.4,1366,965.0,0.7064421669106882,0.2935578330893118
8,confirmatory,72000,0.5034965034965035,9,1.0,4,0.4,1.01,1920,1760.0,0.9166666666666666,0.08333333333333337
8,confirmatory,72000,0.5034965034965035,10,0.25,0,0.0,0.05,123,86.0,0.6991869918699187,0.30081300813008127
8,confirmatory,72000,0.5034965034965035,10,0.25,1,0.05,0.1,364,281.0,0.771978021978022,0.228021978021978
8,confirmatory,72000,0.5034965034965035,10,0.25,2,0.1,0.2,835,729.0,0.8730538922155688,0.12694610778443116
8,confirmatory,72000,0.5034965034965035,10,0.25,3,0.2,0.4,1366,1282.0,0.9385065885797951,0.061493411420204924
8,confirmatory,72000,0.5034965034965035,10,0.25,4,0.4,1.01,1920,1912.0,0.9958333333333333,0.004166666666666652
8,confirmatory,72000,0.5034965034965035,10,0.5,0,0.0,0.05,123,63.0,0.5121951219512195,0.4878048780487805
8,confirmatory,72000,0.5034965034965035,10,0.5,1,0.05,0.1,364,223.0,0.6126373626373627,0.3873626373626373
8,confirmatory,72000,0.5034965034965035,10,0.5,2,0.1,0.2,835,619.0,0.7413173652694611,0.2586826347305389
8,confirmatory,72000,0.5034965034965035,10,0.5,3,0.2,0.4,1366,1174.0,0.8594436310395315,0.14055636896046853
8,confirmatory,72000,0.5034965034965035,10,0.5,4,0.4,1.01,1920,1885.0,0.9817708333333334,0.01822916666666663
8,confirmatory,72000,0.5034965034965035,10,0.75,0,0.0,0.05,123,47.0,0.3821138211382114,0.6178861788617886
8,confirmatory,72000,0.5034965034965035,10,0.75,1,0.05,0.1,364,185.0,0.5082417582417582,0.4917582417582418
8,confirmatory,72000,0.5034965034965035,10,0.75,2,0.1,0.2,835,520.0,0.6227544910179641,0.3772455089820359
8,confirmatory,72000,0.5034965034965035,10,0.75,3,0.2,0.4,1366,1054.0,0.7715959004392386,0.22840409956076135
8,confirmatory,72000,0.5034965034965035,10,0.75,4,0.4,1.01,1920,1845.0,0.9609375,0.0390625
8,confirmatory,72000,0.5034965034965035,10,1.0,0,0.0,0.05,123,34.0,0.2764227642276423,0.7235772357723578
8,confirmatory,72000,0.5034965034965035,10,1.0,1,0.05,0.1,364,150.0,0.41208791208791207,0.5879120879120879
8,confirmatory,72000,0.5034965034965035,10,1.0,2,0.1,0.2,835,442.0,0.5293413173652695,0.47065868263473054
8,confirmatory,72000,0.5034965034965035,10,1.0,3,0.2,0.4,1366,954.0,0.698389458272328,0.301610541727672
8,confirmatory,72000,0.5034965034965035,10,1.0,4,0.4,1.01,1920,1775.0,0.9244791666666666,0.07552083333333337
8,confirmatory,143000,1.0,1,0.25,0,0.0,0.05,103,77.0,0.7475728155339806,0.2524271844660194
8,confirmatory,143000,1.0,1,0.25,1,0.05,0.1,342,270.0,0.7894736842105263,0.21052631578947367
8,confirmatory,143000,1.0,1,0.25,2,0.1,0.2,845,748.0,0.8852071005917159,0.11479289940828408
8,confirmatory,143000,1.0,1,0.25,3,0.2,0.4,1384,1294.0,0.934971098265896,0.06502890173410403
8,confirmatory,143000,1.0,1,0.25,4,0.4,1.01,1934,1918.0,0.9917269906928645,0.008273009307135482
8,confirmatory,143000,1.0,1,0.5,0,0.0,0.05,103,47.0,0.4563106796116505,0.5436893203883495
8,confirmatory,143000,1.0,1,0.5,1,0.05,0.1,342,204.0,0.5964912280701754,0.4035087719298246
8,confirmatory,143000,1.0,1,0.5,2,0.1,0.2,845,626.0,0.7408284023668639,0.25917159763313613
8,confirmatory,143000,1.0,1,0.5,3,0.2,0.4,1384,1191.0,0.8605491329479769,0.13945086705202314
8,confirmatory,143000,1.0,1,0.5,4,0.4,1.01,1934,1890.0,0.9772492244053774,0.022750775594622574
8,confirmatory,143000,1.0,1,0.75,0,0.0,0.05,103,33.0,0.32038834951456313,0.6796116504854368
8,confirmatory,143000,1.0,1,0.75,1,0.05,0.1,342,147.0,0.4298245614035088,0.5701754385964912
8,confirmatory,143000,1.0,1,0.75,2,0.1,0.2,845,480.0,0.5680473372781065,0.4319526627218935
8,confirmatory,143000,1.0,1,0.75,3,0.2,0.4,1384,1005.0,0.7261560693641619,0.2738439306358381
8,confirmatory,143000,1.0,1,0.75,4,0.4,1.01,1934,1807.0,0.9343329886246122,0.06566701137538777
8,confirmatory,143000,1.0,1,1.0,0,0.0,0.05,103,20.0,0.1941747572815534,0.8058252427184466
8,confirmatory,143000,1.0,1,1.0,1,0.05,0.1,342,99.0,0.2894736842105263,0.7105263157894737
8,confirmatory,143000,1.0,1,1.0,2,0.1,0.2,845,357.0,0.42248520710059173,0.5775147928994082
8,confirmatory,143000,1.0,1,1.0,3,0.2,0.4,1384,759.0,0.5484104046242775,0.4515895953757225
8,confirmatory,143000,1.0,1,1.0,4,0.4,1.01,1934,1586.0,0.8200620475698035,0.1799379524301965
8,confirmatory,143000,1.0,2,0.25,0,0.0,0.05,103,63.0,0.6116504854368932,0.38834951456310685
8,confirmatory,143000,1.0,2,0.25,1,0.05,0.1,342,261.0,0.7631578947368421,0.23684210526315785
8,confirmatory,143000,1.0,2,0.25,2,0.1,0.2,845,713.0,0.8437869822485207,0.15621301775147933
8,confirmatory,143000,1.0,2,0.25,3,0.2,0.4,1384,1291.0,0.9328034682080925,0.06719653179190754
8,confirmatory,143000,1.0,2,0.25,4,0.4,1.01,1934,1915.0,0.9901758014477766,0.009824198552223384
8,confirmatory,143000,1.0,2,0.5,0,0.0,0.05,103,47.0,0.4563106796116505,0.5436893203883495
8,confirmatory,143000,1.0,2,0.5,1,0.05,0.1,342,210.0,0.6140350877192983,0.38596491228070173
8,confirmatory,143000,1.0,2,0.5,2,0.1,0.2,845,612.0,0.7242603550295857,0.27573964497041425
8,confirmatory,143000,1.0,2,0.5,3,0.2,0.4,1384,1170.0,0.8453757225433526,0.15462427745664742
8,confirmatory,143000,1.0,2,0.5,4,0.4,1.01,1934,1883.0,0.9736297828335057,0.026370217166494347
8,confirmatory,143000,1.0,2,0.75,0,0.0,0.05,103,35.0,0.33980582524271846,0.6601941747572815
8,confirmatory,143000,1.0,2,0.75,1,0.05,0.1,342,156.0,0.45614035087719296,0.543859649122807
8,confirmatory,143000,1.0,2,0.75,2,0.1,0.2,845,471.0,0.557396449704142,0.44260355029585796
8,confirmatory,143000,1.0,2,0.75,3,0.2,0.4,1384,1005.0,0.7261560693641619,0.2738439306358381
8,confirmatory,143000,1.0,2,0.75,4,0.4,1.01,1934,1774.0,0.9172699069286453,0.0827300930713547
8,confirmatory,143000,1.0,2,1.0,0,0.0,0.05,103,30.0,0.2912621359223301,0.7087378640776699
8,confirmatory,143000,1.0,2,1.0,1,0.05,0.1,342,102.0,0.2982456140350877,0.7017543859649122
8,confirmatory,143000,1.0,2,1.0,2,0.1,0.2,845,358.0,0.4236686390532544,0.5763313609467455
8,confirmatory,143000,1.0,2,1.0,3,0.2,0.4,1384,775.0,0.559971098265896,0.440028901734104
8,confirmatory,143000,1.0,2,1.0,4,0.4,1.01,1934,1544.0,0.7983453981385729,0.20165460186142714
8,confirmatory,143000,1.0,3,0.25,0,0.0,0.05,103,68.0,0.6601941747572816,0.3398058252427184
8,confirmatory,143000,1.0,3,0.25,1,0.05,0.1,342,269.0,0.7865497076023392,0.21345029239766078
8,confirmatory,143000,1.0,3,0.25,2,0.1,0.2,845,708.0,0.8378698224852071,0.16213017751479286
8,confirmatory,143000,1.0,3,0.25,3,0.2,0.4,1384,1273.0,0.9197976878612717,0.0802023121387283
8,confirmatory,143000,1.0,3,0.25,4,0.4,1.01,1934,1924.0,0.9948293691830403,0.005170630816959676
8,confirmatory,143000,1.0,3,0.5,0,0.0,0.05,103,44.0,0.42718446601941745,0.5728155339805825
8,confirmatory,143000,1.0,3,0.5,1,0.05,0.1,342,193.0,0.564327485380117,0.435672514619883
8,confirmatory,143000,1.0,3,0.5,2,0.1,0.2,845,604.0,0.714792899408284,0.28520710059171595
8,confirmatory,143000,1.0,3,0.5,3,0.2,0.4,1384,1135.0,0.8200867052023122,0.1799132947976878
8,confirmatory,143000,1.0,3,0.5,4,0.4,1.01,1934,1887.0,0.9756980351602895,0.024301964839710477
8,confirmatory,143000,1.0,3,0.75,0,0.0,0.05,103,38.0,0.36893203883495146,0.6310679611650485
8,confirmatory,143000,1.0,3,0.75,1,0.05,0.1,342,137.0,0.40058479532163743,0.5994152046783625
8,confirmatory,143000,1.0,3,0.75,2,0.1,0.2,845,446.0,0.527810650887574,0.47218934911242605
8,confirmatory,143000,1.0,3,0.75,3,0.2,0.4,1384,935.0,0.6755780346820809,0.3244219653179191
8,confirmatory,143000,1.0,3,0.75,4,0.4,1.01,1934,1781.0,0.9208893485005171,0.07911065149948293
8,confirmatory,143000,1.0,3,1.0,0,0.0,0.05,103,25.0,0.24271844660194175,0.7572815533980582
8,confirmatory,143000,1.0,3,1.0,1,0.05,0.1,342,102.0,0.2982456140350877,0.7017543859649122
8,confirmatory,143000,1.0,3,1.0,2,0.1,0.2,845,304.0,0.35976331360946745,0.6402366863905326
8,confirmatory,143000,1.0,3,1.0,3,0.2,0.4,1384,692.0,0.5,0.5
8,confirmatory,143000,1.0,3,1.0,4,0.4,1.01,1934,1477.0,0.7637021716649431,0.23629782833505686
8,confirmatory,143000,1.0,4,0.25,0,0.0,0.05,103,60.0,0.5825242718446602,0.41747572815533984
8,confirmatory,143000,1.0,4,0.25,1,0.05,0.1,342,245.0,0.716374269005848,0.283625730994152
8,confirmatory,143000,1.0,4,0.25,2,0.1,0.2,845,710.0,0.8402366863905325,0.1597633136094675
8,confirmatory,143000,1.0,4,0.25,3,0.2,0.4,1384,1262.0,0.911849710982659,0.08815028901734101
8,confirmatory,143000,1.0,4,0.25,4,0.4,1.01,1934,1912.0,0.9886246122026887,0.011375387797311287
8,confirmatory,143000,1.0,4,0.5,0,0.0,0.05,103,45.0,0.4368932038834951,0.5631067961165048
8,confirmatory,143000,1.0,4,0.5,1,0.05,0.1,342,180.0,0.5263157894736842,0.4736842105263158
8,confirmatory,143000,1.0,4,0.5,2,0.1,0.2,845,556.0,0.6579881656804734,0.34201183431952664
8,confirmatory,143000,1.0,4,0.5,3,0.2,0.4,1384,1097.0,0.7926300578034682,0.20736994219653182
8,confirmatory,143000,1.0,4,0.5,4,0.4,1.01,1934,1835.0,0.9488107549120993,0.05118924508790068
8,confirmatory,143000,1.0,4,0.75,0,0.0,0.05,103,28.0,0.27184466019417475,0.7281553398058253
8,confirmatory,143000,1.0,4,0.75,1,0.05,0.1,342,118.0,0.34502923976608185,0.6549707602339181
8,confirmatory,143000,1.0,4,0.75,2,0.1,0.2,845,411.0,0.4863905325443787,0.5136094674556213
8,confirmatory,143000,1.0,4,0.75,3,0.2,0.4,1384,878.0,0.634393063583815,0.365606936416185
8,confirmatory,143000,1.0,4,0.75,4,0.4,1.01,1934,1620.0,0.8376421923474664,0.1623578076525336
8,confirmatory,143000,1.0,4,1.0,0,0.0,0.05,103,14.0,0.13592233009708737,0.8640776699029127
8,confirmatory,143000,1.0,4,1.0,1,0.05,0.1,342,62.0,0.18128654970760233,0.8187134502923976
8,confirmatory,143000,1.0,4,1.0,2,0.1,0.2,845,254.0,0.3005917159763314,0.6994082840236686
8,confirmatory,143000,1.0,4,1.0,3,0.2,0.4,1384,608.0,0.4393063583815029,0.5606936416184971
8,confirmatory,143000,1.0,4,1.0,4,0.4,1.01,1934,1173.0,0.6065149948293692,0.3934850051706308
8,confirmatory,143000,1.0,5,0.25,0,0.0,0.05,103,75.0,0.7281553398058253,0.27184466019417475
8,confirmatory,143000,1.0,5,0.25,1,0.05,0.1,342,267.0,0.7807017543859649,0.2192982456140351
8,confirmatory,143000,1.0,5,0.25,2,0.1,0.2,845,724.0,0.8568047337278106,0.14319526627218937
8,confirmatory,143000,1.0,5,0.25,3,0.2,0.4,1384,1296.0,0.9364161849710982,0.06358381502890176
8,confirmatory,143000,1.0,5,0.25,4,0.4,1.01,1934,1922.0,0.9937952430196484,0.006204756980351611
8,confirmatory,143000,1.0,5,0.5,0,0.0,0.05,103,62.0,0.6019417475728155,0.3980582524271845
8,confirmatory,143000,1.0,5,0.5,1,0.05,0.1,342,203.0,0.5935672514619883,0.4064327485380117
8,confirmatory,143000,1.0,5,0.5,2,0.1,0.2,845,620.0,0.7337278106508875,0.26627218934911245
8,confirmatory,143000,1.0,5,0.5,3,0.2,0.4,1384,1208.0,0.8728323699421965,0.12716763005780352
8,confirmatory,143000,1.0,5,0.5,4,0.4,1.01,1934,1894.0,0.9793174767321613,0.020682523267838704
8,confirmatory,143000,1.0,5,0.75,0,0.0,0.05,103,41.0,0.39805825242718446,0.6019417475728155
8,confirmatory,143000,1.0,5,0.75,1,0.05,0.1,342,165.0,0.4824561403508772,0.5175438596491229
8,confirmatory,143000,1.0,5,0.75,2,0.1,0.2,845,531.0,0.6284023668639053,0.37159763313609473
8,confirmatory,143000,1.0,5,0.75,3,0.2,0.4,1384,1063.0,0.7680635838150289,0.23193641618497107
8,confirmatory,143000,1.0,5,0.75,4,0.4,1.01,1934,1815.0,0.93846949327818,0.06153050672182003
8,confirmatory,143000,1.0,5,1.0,0,0.0,0.05,103,33.0,0.32038834951456313,0.6796116504854368
8,confirmatory,143000,1.0,5,1.0,1,0.05,0.1,342,125.0,0.3654970760233918,0.6345029239766082
8,confirmatory,143000,1.0,5,1.0,2,0.1,0.2,845,451.0,0.5337278106508876,0.4662721893491124
8,confirmatory,143000,1.0,5,1.0,3,0.2,0.4,1384,911.0,0.6582369942196532,0.3417630057803468
8,confirmatory,143000,1.0,5,1.0,4,0.4,1.01,1934,1711.0,0.8846949327817993,0.11530506721820066
8,confirmatory,143000,1.0,6,0.25,0,0.0,0.05,103,75.0,0.7281553398058253,0.27184466019417475
8,confirmatory,143000,1.0,6,0.25,1,0.05,0.1,342,233.0,0.6812865497076024,0.3187134502923976
8,confirmatory,143000,1.0,6,0.25,2,0.1,0.2,845,702.0,0.8307692307692308,0.16923076923076918
8,confirmatory,143000,1.0,6,0.25,3,0.2,0.4,1384,1274.0,0.9205202312138728,0.07947976878612717
8,confirmatory,143000,1.0,6,0.25,4,0.4,1.01,1934,1914.0,0.9896587383660806,0.010341261633919352
8,confirmatory,143000,1.0,6,0.5,0,0.0,0.05,103,53.0,0.5145631067961165,0.4854368932038835
8,confirmatory,143000,1.0,6,0.5,1,0.05,0.1,342,180.0,0.5263157894736842,0.4736842105263158
8,confirmatory,143000,1.0,6,0.5,2,0.1,0.2,845,588.0,0.6958579881656805,0.30414201183431955
8,confirmatory,143000,1.0,6,0.5,3,0.2,0.4,1384,1126.0,0.8135838150289018,0.18641618497109824
8,confirmatory,143000,1.0,6,0.5,4,0.4,1.01,1934,1864.0,0.9638055842812823,0.03619441571871773
8,confirmatory,143000,1.0,6,0.75,0,0.0,0.05,103,31.0,0.30097087378640774,0.6990291262135923
8,confirmatory,143000,1.0,6,0.75,1,0.05,0.1,342,140.0,0.4093567251461988,0.5906432748538012
8,confirmatory,143000,1.0,6,0.75,2,0.1,0.2,845,494.0,0.5846153846153846,0.41538461538461535
8,confirmatory,143000,1.0,6,0.75,3,0.2,0.4,1384,997.0,0.7203757225433526,0.2796242774566474
8,confirmatory,143000,1.0,6,0.75,4,0.4,1.01,1934,1756.0,0.9079627714581179,0.09203722854188212
8,confirmatory,143000,1.0,6,1.0,0,0.0,0.05,103,26.0,0.2524271844660194,0.7475728155339806
8,confirmatory,143000,1.0,6,1.0,1,0.05,0.1,342,104.0,0.30409356725146197,0.695906432748538
8,confirmatory,143000,1.0,6,1.0,2,0.1,0.2,845,408.0,0.48284023668639053,0.5171597633136095
8,confirmatory,143000,1.0,6,1.0,3,0.2,0.4,1384,832.0,0.6011560693641619,0.3988439306358381
8,confirmatory,143000,1.0,6,1.0,4,0.4,1.01,1934,1597.0,0.8257497414684591,0.17425025853154086
8,confirmatory,143000,1.0,7,0.25,0,0.0,0.05,103,70.0,0.6796116504854369,0.3203883495145631
8,confirmatory,143000,1.0,7,0.25,1,0.05,0.1,342,260.0,0.7602339181286549,0.23976608187134507
8,confirmatory,143000,1.0,7,0.25,2,0.1,0.2,845,725.0,0.8579881656804734,0.14201183431952658
8,confirmatory,143000,1.0,7,0.25,3,0.2,0.4,1384,1286.0,0.9291907514450867,0.07080924855491333
8,confirmatory,143000,1.0,7,0.25,4,0.4,1.01,1934,1918.0,0.9917269906928645,0.008273009307135482
8,confirmatory,143000,1.0,7,0.5,0,0.0,0.05,103,52.0,0.5048543689320388,0.49514563106796117
8,confirmatory,143000,1.0,7,0.5,1,0.05,0.1,342,206.0,0.6023391812865497,0.39766081871345027
8,confirmatory,143000,1.0,7,0.5,2,0.1,0.2,845,623.0,0.7372781065088757,0.2627218934911243
8,confirmatory,143000,1.0,7,0.5,3,0.2,0.4,1384,1182.0,0.8540462427745664,0.14595375722543358
8,confirmatory,143000,1.0,7,0.5,4,0.4,1.01,1934,1880.0,0.9720785935884177,0.02792140641158225
8,confirmatory,143000,1.0,7,0.75,0,0.0,0.05,103,36.0,0.34951456310679613,0.6504854368932038
8,confirmatory,143000,1.0,7,0.75,1,0.05,0.1,342,168.0,0.49122807017543857,0.5087719298245614
8,confirmatory,143000,1.0,7,0.75,2,0.1,0.2,845,537.0,0.6355029585798817,0.3644970414201183
8,confirmatory,143000,1.0,7,0.75,3,0.2,0.4,1384,1074.0,0.7760115606936416,0.22398843930635837
8,confirmatory,143000,1.0,7,0.75,4,0.4,1.01,1934,1835.0,0.9488107549120993,0.05118924508790068
8,confirmatory,143000,1.0,7,1.0,0,0.0,0.05,103,28.0,0.27184466019417475,0.7281553398058253
8,confirmatory,143000,1.0,7,1.0,1,0.05,0.1,342,139.0,0.4064327485380117,0.5935672514619883
8,confirmatory,143000,1.0,7,1.0,2,0.1,0.2,845,430.0,0.5088757396449705,0.49112426035502954
8,confirmatory,143000,1.0,7,1.0,3,0.2,0.4,1384,930.0,0.6719653179190751,0.3280346820809249
8,confirmatory,143000,1.0,7,1.0,4,0.4,1.01,1934,1722.0,0.890382626680455,0.10961737331954502
8,confirmatory,143000,1.0,8,0.25,0,0.0,0.05,103,65.0,0.6310679611650486,0.3689320388349514
8,confirmatory,143000,1.0,8,0.25,1,0.05,0.1,342,246.0,0.7192982456140351,0.2807017543859649
8,confirmatory,143000,1.0,8,0.25,2,0.1,0.2,845,705.0,0.834319526627219,0.16568047337278102
8,confirmatory,143000,1.0,8,0.25,3,0.2,0.4,1384,1285.0,0.9284682080924855,0.07153179190751446
8,confirmatory,143000,1.0,8,0.25,4,0.4,1.01,1934,1925.0,0.9953464322647363,0.004653567735263708
8,confirmatory,143000,1.0,8,0.5,0,0.0,0.05,103,44.0,0.42718446601941745,0.5728155339805825
8,confirmatory,143000,1.0,8,0.5,1,0.05,0.1,342,191.0,0.5584795321637427,0.4415204678362573
8,confirmatory,143000,1.0,8,0.5,2,0.1,0.2,845,588.0,0.6958579881656805,0.30414201183431955
8,confirmatory,143000,1.0,8,0.5,3,0.2,0.4,1384,1159.0,0.8374277456647399,0.16257225433526012
8,confirmatory,143000,1.0,8,0.5,4,0.4,1.01,1934,1896.0,0.9803516028955532,0.01964839710444677
8,confirmatory,143000,1.0,8,0.75,0,0.0,0.05,103,30.0,0.2912621359223301,0.7087378640776699
8,confirmatory,143000,1.0,8,0.75,1,0.05,0.1,342,133.0,0.3888888888888889,0.6111111111111112
8,confirmatory,143000,1.0,8,0.75,2,0.1,0.2,845,455.0,0.5384615384615384,0.46153846153846156
8,confirmatory,143000,1.0,8,0.75,3,0.2,0.4,1384,1010.0,0.7297687861271677,0.27023121387283233
8,confirmatory,143000,1.0,8,0.75,4,0.4,1.01,1934,1801.0,0.9312306101344364,0.06876938986556358
8,confirmatory,143000,1.0,8,1.0,0,0.0,0.05,103,25.0,0.24271844660194175,0.7572815533980582
8,confirmatory,143000,1.0,8,1.0,1,0.05,0.1,342,91.0,0.26608187134502925,0.7339181286549707
8,confirmatory,143000,1.0,8,1.0,2,0.1,0.2,845,342.0,0.40473372781065087,0.5952662721893491
8,confirmatory,143000,1.0,8,1.0,3,0.2,0.4,1384,839.0,0.6062138728323699,0.39378612716763006
8,confirmatory,143000,1.0,8,1.0,4,0.4,1.01,1934,1636.0,0.8459152016546019,0.15408479834539812
8,confirmatory,143000,1.0,9,0.25,0,0.0,0.05,103,76.0,0.7378640776699029,0.2621359223300971
8,confirmatory,143000,1.0,9,0.25,1,0.05,0.1,342,258.0,0.7543859649122807,0.24561403508771928
8,confirmatory,143000,1.0,9,0.25,2,0.1,0.2,845,729.0,0.8627218934911243,0.13727810650887573
8,confirmatory,143000,1.0,9,0.25,3,0.2,0.4,1384,1298.0,0.9378612716763006,0.06213872832369938
8,confirmatory,143000,1.0,9,0.25,4,0.4,1.01,1934,1927.0,0.9963805584281282,0.003619441571871773
8,confirmatory,143000,1.0,9,0.5,0,0.0,0.05,103,54.0,0.5242718446601942,0.47572815533980584
8,confirmatory,143000,1.0,9,0.5,1,0.05,0.1,342,224.0,0.6549707602339181,0.3450292397660819
8,confirmatory,143000,1.0,9,0.5,2,0.1,0.2,845,617.0,0.7301775147928994,0.2698224852071006
8,confirmatory,143000,1.0,9,0.5,3,0.2,0.4,1384,1183.0,0.8547687861271677,0.14523121387283233
8,confirmatory,143000,1.0,9,0.5,4,0.4,1.01,1934,1893.0,0.9788004136504653,0.02119958634953467
8,confirmatory,143000,1.0,9,0.75,0,0.0,0.05,103,36.0,0.34951456310679613,0.6504854368932038
8,confirmatory,143000,1.0,9,0.75,1,0.05,0.1,342,168.0,0.49122807017543857,0.5087719298245614
8,confirmatory,143000,1.0,9,0.75,2,0.1,0.2,845,515.0,0.6094674556213018,0.3905325443786982
8,confirmatory,143000,1.0,9,0.75,3,0.2,0.4,1384,1052.0,0.7601156069364162,0.23988439306358378
8,confirmatory,143000,1.0,9,0.75,4,0.4,1.01,1934,1827.0,0.9446742502585316,0.05532574974146842
8,confirmatory,143000,1.0,9,1.0,0,0.0,0.05,103,34.0,0.3300970873786408,0.6699029126213591
8,confirmatory,143000,1.0,9,1.0,1,0.05,0.1,342,125.0,0.3654970760233918,0.6345029239766082
8,confirmatory,143000,1.0,9,1.0,2,0.1,0.2,845,421.0,0.4982248520710059,0.501775147928994
8,confirmatory,143000,1.0,9,1.0,3,0.2,0.4,1384,922.0,0.6661849710982659,0.3338150289017341
8,confirmatory,143000,1.0,9,1.0,4,0.4,1.01,1934,1694.0,0.8759048603929679,0.12409513960703211
8,confirmatory,143000,1.0,10,0.25,0,0.0,0.05,103,55.0,0.5339805825242718,0.46601941747572817
8,confirmatory,143000,1.0,10,0.25,1,0.05,0.1,342,236.0,0.6900584795321637,0.3099415204678363
8,confirmatory,143000,1.0,10,0.25,2,0.1,0.2,845,663.0,0.7846153846153846,0.2153846153846154
8,confirmatory,143000,1.0,10,0.25,3,0.2,0.4,1384,1207.0,0.8721098265895953,0.12789017341040465
8,confirmatory,143000,1.0,10,0.25,4,0.4,1.01,1934,1902.0,0.983453981385729,0.016546018614270963
8,confirmatory,143000,1.0,10,0.5,0,0.0,0.05,103,33.0,0.32038834951456313,0.6796116504854368
8,confirmatory,143000,1.0,10,0.5,1,0.05,0.1,342,164.0,0.47953216374269003,0.52046783625731
8,confirmatory,143000,1.0,10,0.5,2,0.1,0.2,845,506.0,0.5988165680473373,0.4011834319526627
8,confirmatory,143000,1.0,10,0.5,3,0.2,0.4,1384,1027.0,0.7420520231213873,0.2579479768786127
8,confirmatory,143000,1.0,10,0.5,4,0.4,1.01,1934,1808.0,0.9348500517063082,0.0651499482936918
8,confirmatory,143000,1.0,10,0.75,0,0.0,0.05,103,22.0,0.21359223300970873,0.7864077669902912
8,confirmatory,143000,1.0,10,0.75,1,0.05,0.1,342,119.0,0.347953216374269,0.652046783625731
8,confirmatory,143000,1.0,10,0.75,2,0.1,0.2,845,403.0,0.47692307692307695,0.523076923076923
8,confirmatory,143000,1.0,10,0.75,3,0.2,0.4,1384,852.0,0.615606936416185,0.384393063583815
8,confirmatory,143000,1.0,10,0.75,4,0.4,1.01,1934,1663.0,0.859875904860393,0.140124095139607
8,confirmatory,143000,1.0,10,1.0,0,0.0,0.05,103,13.0,0.1262135922330097,0.8737864077669903
8,confirmatory,143000,1.0,10,1.0,1,0.05,0.1,342,86.0,0.25146198830409355,0.7485380116959064
8,confirmatory,143000,1.0,10,1.0,2,0.1,0.2,845,316.0,0.3739644970414201,0.6260355029585799
8,confirmatory,143000,1.0,10,1.0,3,0.2,0.4,1384,691.0,0.49927745664739887,0.5007225433526011
8,confirmatory,143000,1.0,10,1.0,4,0.4,1.01,1934,1484.0,0.7673216132368149,0.23267838676318509
9,pilot,14000,0.0979020979020979,1,0.25,0,0.0,0.05,97,75.0,0.7731958762886598,0.22680412371134018
9,pilot,14000,0.0979020979020979,1,0.25,1,0.05,0.1,350,301.0,0.86,0.14
9,pilot,14000,0.0979020979020979,1,0.25,2,0.1,0.2,874,778.0,0.8901601830663616,0.10983981693363842
9,pilot,14000,0.0979020979020979,1,0.25,3,0.2,0.4,1369,1305.0,0.9532505478451424,0.046749452154857596
9,pilot,14000,0.0979020979020979,1,0.25,4,0.4,1.01,1918,1908.0,0.9947862356621481,0.005213764337851923
9,pilot,14000,0.0979020979020979,1,0.5,0,0.0,0.05,97,57.0,0.5876288659793815,0.41237113402061853
9,pilot,14000,0.0979020979020979,1,0.5,1,0.05,0.1,350,246.0,0.7028571428571428,0.29714285714285715
9,pilot,14000,0.0979020979020979,1,0.5,2,0.1,0.2,874,676.0,0.7734553775743707,0.22654462242562934
9,pilot,14000,0.0979020979020979,1,0.5,3,0.2,0.4,1369,1221.0,0.8918918918918919,0.10810810810810811
9,pilot,14000,0.0979020979020979,1,0.5,4,0.4,1.01,1918,1882.0,0.9812304483837331,0.018769551616266922
9,pilot,14000,0.0979020979020979,1,0.75,0,0.0,0.05,97,32.0,0.32989690721649484,0.6701030927835052
9,pilot,14000,0.0979020979020979,1,0.75,1,0.05,0.1,350,194.0,0.5542857142857143,0.44571428571428573
9,pilot,14000,0.0979020979020979,1,0.75,2,0.1,0.2,874,572.0,0.6544622425629291,0.34553775743707094
9,pilot,14000,0.0979020979020979,1,0.75,3,0.2,0.4,1369,1080.0,0.7888970051132214,0.21110299488677864
9,pilot,14000,0.0979020979020979,1,0.75,4,0.4,1.01,1918,1833.0,0.9556830031282586,0.0443169968717414
9,pilot,14000,0.0979020979020979,1,1.0,0,0.0,0.05,97,28.0,0.28865979381443296,0.711340206185567
9,pilot,14000,0.0979020979020979,1,1.0,1,0.05,0.1,350,135.0,0.38571428571428573,0.6142857142857143
9,pilot,14000,0.0979020979020979,1,1.0,2,0.1,0.2,874,457.0,0.522883295194508,0.47711670480549195
9,pilot,14000,0.0979020979020979,1,1.0,3,0.2,0.4,1369,903.0,0.6596055514974434,0.3403944485025566
9,pilot,14000,0.0979020979020979,1,1.0,4,0.4,1.01,1918,1713.0,0.8931178310740354,0.10688216892596458
9,pilot,14000,0.0979020979020979,2,0.25,0,0.0,0.05,97,70.0,0.7216494845360825,0.27835051546391754
9,pilot,14000,0.0979020979020979,2,0.25,1,0.05,0.1,350,288.0,0.8228571428571428,0.17714285714285716
9,pilot,14000,0.0979020979020979,2,0.25,2,0.1,0.2,874,784.0,0.897025171624714,0.10297482837528604
9,pilot,14000,0.0979020979020979,2,0.25,3,0.2,0.4,1369,1294.0,0.9452154857560263,0.05478451424397368
9,pilot,14000,0.0979020979020979,2,0.25,4,0.4,1.01,1918,1910.0,0.9958289885297185,0.004171011470281538
9,pilot,14000,0.0979020979020979,2,0.5,0,0.0,0.05,97,57.0,0.5876288659793815,0.41237113402061853
9,pilot,14000,0.0979020979020979,2,0.5,1,0.05,0.1,350,237.0,0.6771428571428572,0.32285714285714284
9,pilot,14000,0.0979020979020979,2,0.5,2,0.1,0.2,874,674.0,0.7711670480549199,0.22883295194508013
9,pilot,14000,0.0979020979020979,2,0.5,3,0.2,0.4,1369,1197.0,0.8743608473338204,0.12563915266617964
9,pilot,14000,0.0979020979020979,2,0.5,4,0.4,1.01,1918,1883.0,0.9817518248175182,0.018248175182481785
9,pilot,14000,0.0979020979020979,2,0.75,0,0.0,0.05,97,44.0,0.4536082474226804,0.5463917525773196
9,pilot,14000,0.0979020979020979,2,0.75,1,0.05,0.1,350,183.0,0.5228571428571429,0.4771428571428571
9,pilot,14000,0.0979020979020979,2,0.75,2,0.1,0.2,874,564.0,0.6453089244851259,0.3546910755148741
9,pilot,14000,0.0979020979020979,2,0.75,3,0.2,0.4,1369,1074.0,0.7845142439737034,0.2154857560262966
9,pilot,14000,0.0979020979020979,2,0.75,4,0.4,1.01,1918,1814.0,0.9457768508863399,0.05422314911366011
9,pilot,14000,0.0979020979020979,2,1.0,0,0.0,0.05,97,32.0,0.32989690721649484,0.6701030927835052
9,pilot,14000,0.0979020979020979,2,1.0,1,0.05,0.1,350,125.0,0.35714285714285715,0.6428571428571428
9,pilot,14000,0.0979020979020979,2,1.0,2,0.1,0.2,874,441.0,0.5045766590389016,0.4954233409610984
9,pilot,14000,0.0979020979020979,2,1.0,3,0.2,0.4,1369,891.0,0.6508400292184076,0.34915997078159244
9,pilot,14000,0.0979020979020979,2,1.0,4,0.4,1.01,1918,1700.0,0.886339937434828,0.11366006256517203
9,pilot,14000,0.0979020979020979,3,0.25,0,0.0,0.05,97,68.0,0.7010309278350515,0.2989690721649485
9,pilot,14000,0.0979020979020979,3,0.25,1,0.05,0.1,350,291.0,0.8314285714285714,0.1685714285714286
9,pilot,14000,0.0979020979020979,3,0.25,2,0.1,0.2,874,756.0,0.8649885583524027,0.13501144164759726
9,pilot,14000,0.0979020979020979,3,0.25,3,0.2,0.4,1369,1273.0,0.9298758217677137,0.07012417823228634
9,pilot,14000,0.0979020979020979,3,0.25,4,0.4,1.01,1918,1900.0,0.9906152241918665,0.009384775808133461
9,pilot,14000,0.0979020979020979,3,0.5,0,0.0,0.05,97,50.0,0.5154639175257731,0.48453608247422686
9,pilot,14000,0.0979020979020979,3,0.5,1,0.05,0.1,350,220.0,0.6285714285714286,0.37142857142857144
9,pilot,14000,0.0979020979020979,3,0.5,2,0.1,0.2,874,640.0,0.7322654462242563,0.26773455377574373
9,pilot,14000,0.0979020979020979,3,0.5,3,0.2,0.4,1369,1124.0,0.8210372534696859,0.17896274653031408
9,pilot,14000,0.0979020979020979,3,0.5,4,0.4,1.01,1918,1853.0,0.9661105318039624,0.03388946819603755
9,pilot,14000,0.0979020979020979,3,0.75,0,0.0,0.05,97,28.0,0.28865979381443296,0.711340206185567
9,pilot,14000,0.0979020979020979,3,0.75,1,0.05,0.1,350,136.0,0.38857142857142857,0.6114285714285714
9,pilot,14000,0.0979020979020979,3,0.75,2,0.1,0.2,874,466.0,0.5331807780320366,0.46681922196796344
9,pilot,14000,0.0979020979020979,3,0.75,3,0.2,0.4,1369,939.0,0.6859021183345507,0.3140978816654493
9,pilot,14000,0.0979020979020979,3,0.75,4,0.4,1.01,1918,1707.0,0.8899895724713243,0.11001042752867574
9,pilot,14000,0.0979020979020979,3,1.0,0,0.0,0.05,97,10.0,0.10309278350515463,0.8969072164948454
9,pilot,14000,0.0979020979020979,3,1.0,1,0.05,0.1,350,59.0,0.16857142857142857,0.8314285714285714
9,pilot,14000,0.0979020979020979,3,1.0,2,0.1,0.2,874,266.0,0.30434782608695654,0.6956521739130435
9,pilot,14000,0.0979020979020979,3,1.0,3,0.2,0.4,1369,592.0,0.43243243243243246,0.5675675675675675
9,pilot,14000,0.0979020979020979,3,1.0,4,0.4,1.01,1918,1296.0,0.67570385818561,0.32429614181439004
9,pilot,14000,0.0979020979020979,4,0.25,0,0.0,0.05,97,79.0,0.8144329896907216,0.18556701030927836
9,pilot,14000,0.0979020979020979,4,0.25,1,0.05,0.1,350,289.0,0.8257142857142857,0.17428571428571427
9,pilot,14000,0.0979020979020979,4,0.25,2,0.1,0.2,874,783.0,0.8958810068649885,0.1041189931350115
9,pilot,14000,0.0979020979020979,4,0.25,3,0.2,0.4,1369,1295.0,0.9459459459459459,0.05405405405405406
9,pilot,14000,0.0979020979020979,4,0.25,4,0.4,1.01,1918,1906.0,0.9937434827945777,0.006256517205422307
9,pilot,14000,0.0979020979020979,4,0.5,0,0.0,0.05,97,57.0,0.5876288659793815,0.41237113402061853
9,pilot,14000,0.0979020979020979,4,0.5,1,0.05,0.1,350,228.0,0.6514285714285715,0.34857142857142853
9,pilot,14000,0.0979020979020979,4,0.5,2,0.1,0.2,874,695.0,0.7951945080091534,0.20480549199084663
9,pilot,14000,0.0979020979020979,4,0.5,3,0.2,0.4,1369,1209.0,0.8831263696128561,0.11687363038714393
9,pilot,14000,0.0979020979020979,4,0.5,4,0.4,1.01,1918,1884.0,0.9822732012513035,0.017726798748696537
9,pilot,14000,0.0979020979020979,4,0.75,0,0.0,0.05,97,43.0,0.44329896907216493,0.5567010309278351
9,pilot,14000,0.0979020979020979,4,0.75,1,0.05,0.1,350,179.0,0.5114285714285715,0.48857142857142855
9,pilot,14000,0.0979020979020979,4,0.75,2,0.1,0.2,874,592.0,0.6773455377574371,0.3226544622425629
9,pilot,14000,0.0979020979020979,4,0.75,3,0.2,0.4,1369,1094.0,0.7991234477720964,0.20087655222790357
9,pilot,14000,0.0979020979020979,4,0.75,4,0.4,1.01,1918,1820.0,0.948905109489051,0.051094890510948954
9,pilot,14000,0.0979020979020979,4,1.0,0,0.0,0.05,97,34.0,0.35051546391752575,0.6494845360824743
9,pilot,14000,0.0979020979020979,4,1.0,1,0.05,0.1,350,152.0,0.4342857142857143,0.5657142857142857
9,pilot,14000,0.0979020979020979,4,1.0,2,0.1,0.2,874,499.0,0.5709382151029748,0.4290617848970252
9,pilot,14000,0.0979020979020979,4,1.0,3,0.2,0.4,1369,968.0,0.7070854638422206,0.2929145361577794
9,pilot,14000,0.0979020979020979,4,1.0,4,0.4,1.01,1918,1724.0,0.8988529718456726,0.10114702815432741
9,pilot,14000,0.0979020979020979,5,0.25,0,0.0,0.05,97,75.0,0.7731958762886598,0.22680412371134018
9,pilot,14000,0.0979020979020979,5,0.25,1,0.05,0.1,350,297.0,0.8485714285714285,0.15142857142857147
9,pilot,14000,0.0979020979020979,5,0.25,2,0.1,0.2,874,791.0,0.9050343249427918,0.09496567505720821
9,pilot,14000,0.0979020979020979,5,0.25,3,0.2,0.4,1369,1316.0,0.9612856099342586,0.0387143900657414
9,pilot,14000,0.0979020979020979,5,0.25,4,0.4,1.01,1918,1905.0,0.9932221063607924,0.006777893639207555
9,pilot,14000,0.0979020979020979,5,0.5,0,0.0,0.05,97,59.0,0.6082474226804123,0.3917525773195877
9,pilot,14000,0.0979020979020979,5,0.5,1,0.05,0.1,350,235.0,0.6714285714285714,0.3285714285714286
9,pilot,14000,0.0979020979020979,5,0.5,2,0.1,0.2,874,701.0,0.8020594965675057,0.19794050343249425
9,pilot,14000,0.0979020979020979,5,0.5,3,0.2,0.4,1369,1235.0,0.902118334550767,0.09788166544923305
9,pilot,14000,0.0979020979020979,5,0.5,4,0.4,1.01,1918,1884.0,0.9822732012513035,0.017726798748696537
9,pilot,14000,0.0979020979020979,5,0.75,0,0.0,0.05,97,52.0,0.5360824742268041,0.4639175257731959
9,pilot,14000,0.0979020979020979,5,0.75,1,0.05,0.1,350,201.0,0.5742857142857143,0.4257142857142857
9,pilot,14000,0.0979020979020979,5,0.75,2,0.1,0.2,874,599.0,0.6853546910755148,0.31464530892448517
9,pilot,14000,0.0979020979020979,5,0.75,3,0.2,0.4,1369,1126.0,0.8224981738495252,0.17750182615047483
9,pilot,14000,0.0979020979020979,5,0.75,4,0.4,1.01,1918,1844.0,0.9614181438998958,0.03858185610010423
9,pilot,14000,0.0979020979020979,5,1.0,0,0.0,0.05,97,43.0,0.44329896907216493,0.5567010309278351
9,pilot,14000,0.0979020979020979,5,1.0,1,0.05,0.1,350,158.0,0.4514285714285714,0.5485714285714286
9,pilot,14000,0.0979020979020979,5,1.0,2,0.1,0.2,874,514.0,0.5881006864988558,0.41189931350114417
9,pilot,14000,0.0979020979020979,5,1.0,3,0.2,0.4,1369,997.0,0.7282688093498905,0.27173119065010953
9,pilot,14000,0.0979020979020979,5,1.0,4,0.4,1.01,1918,1766.0,0.9207507820646507,0.07924921793534934
9,pilot,14000,0.0979020979020979,6,0.25,0,0.0,0.05,97,73.0,0.7525773195876289,0.24742268041237114
9,pilot,14000,0.0979020979020979,6,0.25,1,0.05,0.1,350,306.0,0.8742857142857143,0.12571428571428567
9,pilot,14000,0.0979020979020979,6,0.25,2,0.1,0.2,874,779.0,0.8913043478260869,0.10869565217391308
9,pilot,14000,0.0979020979020979,6,0.25,3,0.2,0.4,1369,1301.0,0.9503287070854638,0.0496712929145362
9,pilot,14000,0.0979020979020979,6,0.25,4,0.4,1.01,1918,1907.0,0.9942648592283628,0.0057351407716371705
9,pilot,14000,0.0979020979020979,6,0.5,0,0.0,0.05,97,59.0,0.6082474226804123,0.3917525773195877
9,pilot,14000,0.0979020979020979,6,0.5,1,0.05,0.1,350,258.0,0.7371428571428571,0.2628571428571429
9,pilot,14000,0.0979020979020979,6,0.5,2,0.1,0.2,874,697.0,0.7974828375286042,0.20251716247139584
9,pilot,14000,0.0979020979020979,6,0.5,3,0.2,0.4,1369,1218.0,0.8897005113221329,0.1102994886778671
9,pilot,14000,0.0979020979020979,6,0.5,4,0.4,1.01,1918,1893.0,0.9869655891553701,0.013034410844629862
9,pilot,14000,0.0979020979020979,6,0.75,0,0.0,0.05,97,43.0,0.44329896907216493,0.5567010309278351
9,pilot,14000,0.0979020979020979,6,0.75,1,0.05,0.1,350,219.0,0.6257142857142857,0.37428571428571433
9,pilot,14000,0.0979020979020979,6,0.75,2,0.1,0.2,874,623.0,0.7128146453089245,0.28718535469107553
9,pilot,14000,0.0979020979020979,6,0.75,3,0.2,0.4,1369,1109.0,0.8100803506208911,0.18991964937910888
9,pilot,14000,0.0979020979020979,6,0.75,4,0.4,1.01,1918,1868.0,0.9739311783107404,0.026068821689259614
9,pilot,14000,0.0979020979020979,6,1.0,0,0.0,0.05,97,34.0,0.35051546391752575,0.6494845360824743
9,pilot,14000,0.0979020979020979,6,1.0,1,0.05,0.1,350,177.0,0.5057142857142857,0.49428571428571433
9,pilot,14000,0.0979020979020979,6,1.0,2,0.1,0.2,874,545.0,0.6235697940503433,0.3764302059496567
9,pilot,14000,0.0979020979020979,6,1.0,3,0.2,0.4,1369,971.0,0.7092768444119796,0.2907231555880204
9,pilot,14000,0.0979020979020979,6,1.0,4,0.4,1.01,1918,1781.0,0.9285714285714286,0.0714285714285714
9,pilot,14000,0.0979020979020979,7,0.25,0,0.0,0.05,97,67.0,0.6907216494845361,0.30927835051546393
9,pilot,14000,0.0979020979020979,7,0.25,1,0.05,0.1,350,299.0,0.8542857142857143,0.14571428571428569
9,pilot,14000,0.0979020979020979,7,0.25,2,0.1,0.2,874,782.0,0.8947368421052632,0.10526315789473684
9,pilot,14000,0.0979020979020979,7,0.25,3,0.2,0.4,1369,1286.0,0.9393718042366691,0.060628195763330894
9,pilot,14000,0.0979020979020979,7,0.25,4,0.4,1.01,1918,1905.0,0.9932221063607924,0.006777893639207555
9,pilot,14000,0.0979020979020979,7,0.5,0,0.0,0.05,97,51.0,0.5257731958762887,0.4742268041237113
9,pilot,14000,0.0979020979020979,7,0.5,1,0.05,0.1,350,254.0,0.7257142857142858,0.27428571428571424
9,pilot,14000,0.0979020979020979,7,0.5,2,0.1,0.2,874,691.0,0.7906178489702517,0.20938215102974833
9,pilot,14000,0.0979020979020979,7,0.5,3,0.2,0.4,1369,1192.0,0.870708546384222,0.12929145361577798
9,pilot,14000,0.0979020979020979,7,0.5,4,0.4,1.01,1918,1889.0,0.9848800834202294,0.015119916579770631
9,pilot,14000,0.0979020979020979,7,0.75,0,0.0,0.05,97,44.0,0.4536082474226804,0.5463917525773196
9,pilot,14000,0.0979020979020979,7,0.75,1,0.05,0.1,350,203.0,0.58,0.42000000000000004
9,pilot,14000,0.0979020979020979,7,0.75,2,0.1,0.2,874,602.0,0.6887871853546911,0.3112128146453089
9,pilot,14000,0.0979020979020979,7,0.75,3,0.2,0.4,1369,1085.0,0.7925493060628196,0.2074506939371804
9,pilot,14000,0.0979020979020979,7,0.75,4,0.4,1.01,1918,1832.0,0.9551616266944735,0.044838373305526535
9,pilot,14000,0.0979020979020979,7,1.0,0,0.0,0.05,97,37.0,0.38144329896907214,0.6185567010309279
9,pilot,14000,0.0979020979020979,7,1.0,1,0.05,0.1,350,159.0,0.4542857142857143,0.5457142857142857
9,pilot,14000,0.0979020979020979,7,1.0,2,0.1,0.2,874,514.0,0.5881006864988558,0.41189931350114417
9,pilot,14000,0.0979020979020979,7,1.0,3,0.2,0.4,1369,960.0,0.7012417823228634,0.2987582176771366
9,pilot,14000,0.0979020979020979,7,1.0,4,0.4,1.01,1918,1753.0,0.9139728884254432,0.08602711157455678
9,pilot,14000,0.0979020979020979,8,0.25,0,0.0,0.05,97,72.0,0.7422680412371134,0.25773195876288657
9,pilot,14000,0.0979020979020979,8,0.25,1,0.05,0.1,350,290.0,0.8285714285714286,0.17142857142857137
9,pilot,14000,0.0979020979020979,8,0.25,2,0.1,0.2,874,774.0,0.88558352402746,0.11441647597254001
9,pilot,14000,0.0979020979020979,8,0.25,3,0.2,0.4,1369,1302.0,0.9510591672753835,0.04894083272461647
9,pilot,14000,0.0979020979020979,8,0.25,4,0.4,1.01,1918,1913.0,0.997393117831074,0.002606882168926017
9,pilot,14000,0.0979020979020979,8,0.5,0,0.0,0.05,97,59.0,0.6082474226804123,0.3917525773195877
9,pilot,14000,0.0979020979020979,8,0.5,1,0.05,0.1,350,256.0,0.7314285714285714,0.26857142857142857
9,pilot,14000,0.0979020979020979,8,0.5,2,0.1,0.2,874,695.0,0.7951945080091534,0.20480549199084663
9,pilot,14000,0.0979020979020979,8,0.5,3,0.2,0.4,1369,1217.0,0.8889700511322133,0.11102994886778672
9,pilot,14000,0.0979020979020979,8,0.5,4,0.4,1.01,1918,1890.0,0.9854014598540146,0.014598540145985384
9,pilot,14000,0.0979020979020979,8,0.75,0,0.0,0.05,97,46.0,0.4742268041237113,0.5257731958762887
9,pilot,14000,0.0979020979020979,8,0.75,1,0.05,0.1,350,214.0,0.6114285714285714,0.38857142857142857
9,pilot,14000,0.0979020979020979,8,0.75,2,0.1,0.2,874,602.0,0.6887871853546911,0.3112128146453089
9,pilot,14000,0.0979020979020979,8,0.75,3,0.2,0.4,1369,1133.0,0.8276113951789628,0.17238860482103724
9,pilot,14000,0.0979020979020979,8,0.75,4,0.4,1.01,1918,1866.0,0.97288842544317,0.027111574556829998
9,pilot,14000,0.0979020979020979,8,1.0,0,0.0,0.05,97,35.0,0.36082474226804123,0.6391752577319587
9,pilot,14000,0.0979020979020979,8,1.0,1,0.05,0.1,350,174.0,0.49714285714285716,0.5028571428571429
9,pilot,14000,0.0979020979020979,8,1.0,2,0.1,0.2,874,522.0,0.597254004576659,0.402745995423341
9,pilot,14000,0.0979020979020979,8,1.0,3,0.2,0.4,1369,1016.0,0.7421475529583638,0.25785244704163623
9,pilot,14000,0.0979020979020979,8,1.0,4,0.4,1.01,1918,1811.0,0.9442127215849844,0.05578727841501563
9,pilot,14000,0.0979020979020979,9,0.25,0,0.0,0.05,97,77.0,0.7938144329896907,0.20618556701030932
9,pilot,14000,0.0979020979020979,9,0.25,1,0.05,0.1,350,286.0,0.8171428571428572,0.18285714285714283
9,pilot,14000,0.0979020979020979,9,0.25,2,0.1,0.2,874,786.0,0.8993135011441648,0.10068649885583525
9,pilot,14000,0.0979020979020979,9,0.25,3,0.2,0.4,1369,1297.0,0.9474068663257852,0.05259313367421481
9,pilot,14000,0.0979020979020979,9,0.25,4,0.4,1.01,1918,1908.0,0.9947862356621481,0.005213764337851923
9,pilot,14000,0.0979020979020979,9,0.5,0,0.0,0.05,97,63.0,0.6494845360824743,0.35051546391752575
9,pilot,14000,0.0979020979020979,9,0.5,1,0.05,0.1,350,239.0,0.6828571428571428,0.31714285714285717
9,pilot,14000,0.0979020979020979,9,0.5,2,0.1,0.2,874,709.0,0.8112128146453089,0.18878718535469108
9,pilot,14000,0.0979020979020979,9,0.5,3,0.2,0.4,1369,1199.0,0.8758217677136596,0.1241782322863404
9,pilot,14000,0.0979020979020979,9,0.5,4,0.4,1.01,1918,1885.0,0.9827945776850886,0.0172054223149114
9,pilot,14000,0.0979020979020979,9,0.75,0,0.0,0.05,97,47.0,0.4845360824742268,0.5154639175257731
9,pilot,14000,0.0979020979020979,9,0.75,1,0.05,0.1,350,183.0,0.5228571428571429,0.4771428571428571
9,pilot,14000,0.0979020979020979,9,0.75,2,0.1,0.2,874,630.0,0.7208237986270023,0.2791762013729977
9,pilot,14000,0.0979020979020979,9,0.75,3,0.2,0.4,1369,1092.0,0.7976625273922571,0.20233747260774293
9,pilot,14000,0.0979020979020979,9,0.75,4,0.4,1.01,1918,1845.0,0.9619395203336809,0.03806047966631909
9,pilot,14000,0.0979020979020979,9,1.0,0,0.0,0.05,97,40.0,0.41237113402061853,0.5876288659793815
9,pilot,14000,0.0979020979020979,9,1.0,1,0.05,0.1,350,151.0,0.43142857142857144,0.5685714285714285
9,pilot,14000,0.0979020979020979,9,1.0,2,0.1,0.2,874,532.0,0.6086956521739131,0.3913043478260869
9,pilot,14000,0.0979020979020979,9,1.0,3,0.2,0.4,1369,980.0,0.7158509861212564,0.2841490138787436
9,pilot,14000,0.0979020979020979,9,1.0,4,0.4,1.01,1918,1781.0,0.9285714285714286,0.0714285714285714
9,pilot,14000,0.0979020979020979,10,0.25,0,0.0,0.05,97,71.0,0.7319587628865979,0.2680412371134021
9,pilot,14000,0.0979020979020979,10,0.25,1,0.05,0.1,350,285.0,0.8142857142857143,0.18571428571428572
9,pilot,14000,0.0979020979020979,10,0.25,2,0.1,0.2,874,750.0,0.8581235697940504,0.14187643020594964
9,pilot,14000,0.0979020979020979,10,0.25,3,0.2,0.4,1369,1269.0,0.926953981008035,0.07304601899196494
9,pilot,14000,0.0979020979020979,10,0.25,4,0.4,1.01,1918,1904.0,0.9927007299270073,0.007299270072992692
9,pilot,14000,0.0979020979020979,10,0.5,0,0.0,0.05,97,58.0,0.5979381443298969,0.4020618556701031
9,pilot,14000,0.0979020979020979,10,0.5,1,0.05,0.1,350,234.0,0.6685714285714286,0.3314285714285714
9,pilot,14000,0.0979020979020979,10,0.5,2,0.1,0.2,874,651.0,0.7448512585812357,0.2551487414187643
9,pilot,14000,0.0979020979020979,10,0.5,3,0.2,0.4,1369,1142.0,0.8341855368882396,0.1658144631117604
9,pilot,14000,0.0979020979020979,10,0.5,4,0.4,1.01,1918,1874.0,0.9770594369134515,0.02294056308654846
9,pilot,14000,0.0979020979020979,10,0.75,0,0.0,0.05,97,46.0,0.4742268041237113,0.5257731958762887
9,pilot,14000,0.0979020979020979,10,0.75,1,0.05,0.1,350,194.0,0.5542857142857143,0.44571428571428573
9,pilot,14000,0.0979020979020979,10,0.75,2,0.1,0.2,874,564.0,0.6453089244851259,0.3546910755148741
9,pilot,14000,0.0979020979020979,10,0.75,3,0.2,0.4,1369,1027.0,0.75018261504748,0.24981738495252004
9,pilot,14000,0.0979020979020979,10,0.75,4,0.4,1.01,1918,1817.0,0.9473409801876955,0.052659019812304475
9,pilot,14000,0.0979020979020979,10,1.0,0,0.0,0.05,97,39.0,0.4020618556701031,0.5979381443298969
9,pilot,14000,0.0979020979020979,10,1.0,1,0.05,0.1,350,167.0,0.47714285714285715,0.5228571428571429
9,pilot,14000,0.0979020979020979,10,1.0,2,0.1,0.2,874,495.0,0.5663615560640732,0.43363844393592677
9,pilot,14000,0.0979020979020979,10,1.0,3,0.2,0.4,1369,907.0,0.662527392257122,0.337472607742878
9,pilot,14000,0.0979020979020979,10,1.0,4,0.4,1.01,1918,1749.0,0.9118873826903025,0.08811261730969755
9,pilot,72000,0.5034965034965035,1,0.25,0,0.0,0.05,118,82.0,0.6949152542372882,0.30508474576271183
9,pilot,72000,0.5034965034965035,1,0.25,1,0.05,0.1,371,298.0,0.8032345013477089,0.1967654986522911
9,pilot,72000,0.5034965034965035,1,0.25,2,0.1,0.2,808,716.0,0.8861386138613861,0.11386138613861385
9,pilot,72000,0.5034965034965035,1,0.25,3,0.2,0.4,1384,1302.0,0.9407514450867052,0.05924855491329484
9,pilot,72000,0.5034965034965035,1,0.25,4,0.4,1.01,1927,1917.0,0.9948105864037364,0.00518941359626357
9,pilot,72000,0.5034965034965035,1,0.5,0,0.0,0.05,118,68.0,0.576271186440678,0.423728813559322
9,pilot,72000,0.5034965034965035,1,0.5,1,0.05,0.1,371,248.0,0.6684636118598383,0.33153638814016173
9,pilot,72000,0.5034965034965035,1,0.5,2,0.1,0.2,808,612.0,0.7574257425742574,0.24257425742574257
9,pilot,72000,0.5034965034965035,1,0.5,3,0.2,0.4,1384,1208.0,0.8728323699421965,0.12716763005780352
9,pilot,72000,0.5034965034965035,1,0.5,4,0.4,1.01,1927,1882.0,0.9766476388168137,0.023352361183186288
9,pilot,72000,0.5034965034965035,1,0.75,0,0.0,0.05,118,36.0,0.3050847457627119,0.6949152542372881
9,pilot,72000,0.5034965034965035,1,0.75,1,0.05,0.1,371,175.0,0.4716981132075472,0.5283018867924528
9,pilot,72000,0.5034965034965035,1,0.75,2,0.1,0.2,808,471.0,0.5829207920792079,0.4170792079207921
9,pilot,72000,0.5034965034965035,1,0.75,3,0.2,0.4,1384,1007.0,0.7276011560693642,0.27239884393063585
9,pilot,72000,0.5034965034965035,1,0.75,4,0.4,1.01,1927,1795.0,0.9314997405293202,0.06850025947067984
9,pilot,72000,0.5034965034965035,1,1.0,0,0.0,0.05,118,22.0,0.1864406779661017,0.8135593220338984
9,pilot,72000,0.5034965034965035,1,1.0,1,0.05,0.1,371,124.0,0.33423180592991913,0.6657681940700808
9,pilot,72000,0.5034965034965035,1,1.0,2,0.1,0.2,808,332.0,0.41089108910891087,0.5891089108910892
9,pilot,72000,0.5034965034965035,1,1.0,3,0.2,0.4,1384,796.0,0.5751445086705202,0.42485549132947975
9,pilot,72000,0.5034965034965035,1,1.0,4,0.4,1.01,1927,1610.0,0.8354955889984432,0.16450441100155677
9,pilot,72000,0.5034965034965035,2,0.25,0,0.0,0.05,118,83.0,0.7033898305084746,0.2966101694915254
9,pilot,72000,0.5034965034965035,2,0.25,1,0.05,0.1,371,313.0,0.8436657681940701,0.15633423180592987
9,pilot,72000,0.5034965034965035,2,0.25,2,0.1,0.2,808,710.0,0.8787128712871287,0.12128712871287128
9,pilot,72000,0.5034965034965035,2,0.25,3,0.2,0.4,1384,1309.0,0.9458092485549133,0.05419075144508667
9,pilot,72000,0.5034965034965035,2,0.25,4,0.4,1.01,1927,1918.0,0.9953295277633627,0.004670472236637302
9,pilot,72000,0.5034965034965035,2,0.5,0,0.0,0.05,118,59.0,0.5,0.5
9,pilot,72000,0.5034965034965035,2,0.5,1,0.05,0.1,371,254.0,0.6846361185983828,0.3153638814016172
9,pilot,72000,0.5034965034965035,2,0.5,2,0.1,0.2,808,610.0,0.754950495049505,0.24504950495049505
9,pilot,72000,0.5034965034965035,2,0.5,3,0.2,0.4,1384,1191.0,0.8605491329479769,0.13945086705202314
9,pilot,72000,0.5034965034965035,2,0.5,4,0.4,1.01,1927,1895.0,0.9833938764919564,0.01660612350804358
9,pilot,72000,0.5034965034965035,2,0.75,0,0.0,0.05,118,38.0,0.3220338983050847,0.6779661016949152
9,pilot,72000,0.5034965034965035,2,0.75,1,0.05,0.1,371,190.0,0.5121293800539084,0.4878706199460916
9,pilot,72000,0.5034965034965035,2,0.75,2,0.1,0.2,808,489.0,0.6051980198019802,0.3948019801980198
9,pilot,72000,0.5034965034965035,2,0.75,3,0.2,0.4,1384,1036.0,0.7485549132947977,0.25144508670520227
9,pilot,72000,0.5034965034965035,2,0.75,4,0.4,1.01,1927,1803.0,0.9356512714063311,0.06434872859366891
9,pilot,72000,0.5034965034965035,2,1.0,0,0.0,0.05,118,26.0,0.22033898305084745,0.7796610169491526
9,pilot,72000,0.5034965034965035,2,1.0,1,0.05,0.1,371,132.0,0.3557951482479784,0.6442048517520216
9,pilot,72000,0.5034965034965035,2,1.0,2,0.1,0.2,808,352.0,0.43564356435643564,0.5643564356435644
9,pilot,72000,0.5034965034965035,2,1.0,3,0.2,0.4,1384,774.0,0.5592485549132948,0.44075144508670516
9,pilot,72000,0.5034965034965035,2,1.0,4,0.4,1.01,1927,1601.0,0.8308251167618059,0.16917488323819407
9,pilot,72000,0.5034965034965035,3,0.25,0,0.0,0.05,118,79.0,0.6694915254237288,0.3305084745762712
9,pilot,72000,0.5034965034965035,3,0.25,1,0.05,0.1,371,298.0,0.8032345013477089,0.1967654986522911
9,pilot,72000,0.5034965034965035,3,0.25,2,0.1,0.2,808,704.0,0.8712871287128713,0.12871287128712872
9,pilot,72000,0.5034965034965035,3,0.25,3,0.2,0.4,1384,1286.0,0.9291907514450867,0.07080924855491333
9,pilot,72000,0.5034965034965035,3,0.25,4,0.4,1.01,1927,1908.0,0.9901401141670991,0.009859885832900872
9,pilot,72000,0.5034965034965035,3,0.5,0,0.0,0.05,118,53.0,0.4491525423728814,0.5508474576271186
9,pilot,72000,0.5034965034965035,3,0.5,1,0.05,0.1,371,218.0,0.5876010781671159,0.41239892183288407
9,pilot,72000,0.5034965034965035,3,0.5,2,0.1,0.2,808,582.0,0.7202970297029703,0.27970297029702973
9,pilot,72000,0.5034965034965035,3,0.5,3,0.2,0.4,1384,1124.0,0.8121387283236994,0.18786127167630062
9,pilot,72000,0.5034965034965035,3,0.5,4,0.4,1.01,1927,1843.0,0.9564089257913856,0.04359107420861441
9,pilot,72000,0.5034965034965035,3,0.75,0,0.0,0.05,118,40.0,0.3389830508474576,0.6610169491525424
9,pilot,72000,0.5034965034965035,3,0.75,1,0.05,0.1,371,138.0,0.3719676549865229,0.628032345013477
9,pilot,72000,0.5034965034965035,3,0.75,2,0.1,0.2,808,421.0,0.5210396039603961,0.47896039603960394
9,pilot,72000,0.5034965034965035,3,0.75,3,0.2,0.4,1384,904.0,0.653179190751445,0.34682080924855496
9,pilot,72000,0.5034965034965035,3,0.75,4,0.4,1.01,1927,1649.0,0.8557343020238714,0.14426569797612865
9,pilot,72000,0.5034965034965035,3,1.0,0,0.0,0.05,118,18.0,0.15254237288135594,0.847457627118644
9,pilot,72000,0.5034965034965035,3,1.0,1,0.05,0.1,371,80.0,0.215633423180593,0.784366576819407
9,pilot,72000,0.5034965034965035,3,1.0,2,0.1,0.2,808,260.0,0.3217821782178218,0.6782178217821782
9,pilot,72000,0.5034965034965035,3,1.0,3,0.2,0.4,1384,642.0,0.4638728323699422,0.5361271676300579
9,pilot,72000,0.5034965034965035,3,1.0,4,0.4,1.01,1927,1269.0,0.6585365853658537,0.3414634146341463
9,pilot,72000,0.5034965034965035,4,0.25,0,0.0,0.05,118,84.0,0.711864406779661,0.288135593220339
9,pilot,72000,0.5034965034965035,4,0.25,1,0.05,0.1,371,312.0,0.8409703504043127,0.15902964959568733
9,pilot,72000,0.5034965034965035,4,0.25,2,0.1,0.2,808,711.0,0.879950495049505,0.12004950495049505
9,pilot,72000,0.5034965034965035,4,0.25,3,0.2,0.4,1384,1314.0,0.9494219653179191,0.050578034682080886
9,pilot,72000,0.5034965034965035,4,0.25,4,0.4,1.01,1927,1921.0,0.9968863518422418,0.0031136481577581643
9,pilot,72000,0.5034965034965035,4,0.5,0,0.0,0.05,118,63.0,0.5338983050847458,0.4661016949152542
9,pilot,72000,0.5034965034965035,4,0.5,1,0.05,0.1,371,266.0,0.7169811320754716,0.28301886792452835
9,pilot,72000,0.5034965034965035,4,0.5,2,0.1,0.2,808,620.0,0.7673267326732673,0.23267326732673266
9,pilot,72000,0.5034965034965035,4,0.5,3,0.2,0.4,1384,1233.0,0.8908959537572254,0.10910404624277459
9,pilot,72000,0.5034965034965035,4,0.5,4,0.4,1.01,1927,1893.0,0.9823559937727037,0.01764400622729634
9,pilot,72000,0.5034965034965035,4,0.75,0,0.0,0.05,118,45.0,0.3813559322033898,0.6186440677966102
9,pilot,72000,0.5034965034965035,4,0.75,1,0.05,0.1,371,230.0,0.6199460916442049,0.3800539083557951
9,pilot,72000,0.5034965034965035,4,0.75,2,0.1,0.2,808,525.0,0.6497524752475248,0.3502475247524752
9,pilot,72000,0.5034965034965035,4,0.75,3,0.2,0.4,1384,1136.0,0.8208092485549133,0.17919075144508667
9,pilot,72000,0.5034965034965035,4,0.75,4,0.4,1.01,1927,1845.0,0.9574468085106383,0.04255319148936165
9,pilot,72000,0.5034965034965035,4,1.0,0,0.0,0.05,118,32.0,0.2711864406779661,0.728813559322034
9,pilot,72000,0.5034965034965035,4,1.0,1,0.05,0.1,371,185.0,0.49865229110512127,0.5013477088948788
9,pilot,72000,0.5034965034965035,4,1.0,2,0.1,0.2,808,444.0,0.5495049504950495,0.45049504950495045
9,pilot,72000,0.5034965034965035,4,1.0,3,0.2,0.4,1384,997.0,0.7203757225433526,0.2796242774566474
9,pilot,72000,0.5034965034965035,4,1.0,4,0.4,1.01,1927,1742.0,0.903995848469123,0.09600415153087705
9,pilot,72000,0.5034965034965035,5,0.25,0,0.0,0.05,118,85.0,0.7203389830508474,0.2796610169491526
9,pilot,72000,0.5034965034965035,5,0.25,1,0.05,0.1,371,300.0,0.8086253369272237,0.19137466307277629
9,pilot,72000,0.5034965034965035,5,0.25,2,0.1,0.2,808,702.0,0.8688118811881188,0.1311881188118812
9,pilot,72000,0.5034965034965035,5,0.25,3,0.2,0.4,1384,1305.0,0.9429190751445087,0.05708092485549132
9,pilot,72000,0.5034965034965035,5,0.25,4,0.4,1.01,1927,1916.0,0.99429164504411,0.005708354955889949
9,pilot,72000,0.5034965034965035,5,0.5,0,0.0,0.05,118,56.0,0.4745762711864407,0.5254237288135593
9,pilot,72000,0.5034965034965035,5,0.5,1,0.05,0.1,371,236.0,0.6361185983827493,0.3638814016172507
9,pilot,72000,0.5034965034965035,5,0.5,2,0.1,0.2,808,606.0,0.75,0.25
9,pilot,72000,0.5034965034965035,5,0.5,3,0.2,0.4,1384,1205.0,0.8706647398843931,0.12933526011560692
9,pilot,72000,0.5034965034965035,5,0.5,4,0.4,1.01,1927,1888.0,0.9797612869745719,0.020238713025428123
9,pilot,72000,0.5034965034965035,5,0.75,0,0.0,0.05,118,46.0,0.3898305084745763,0.6101694915254237
9,pilot,72000,0.5034965034965035,5,0.75,1,0.05,0.1,371,179.0,0.48247978436657685,0.5175202156334231
9,pilot,72000,0.5034965034965035,5,0.75,2,0.1,0.2,808,515.0,0.6373762376237624,0.3626237623762376
9,pilot,72000,0.5034965034965035,5,0.75,3,0.2,0.4,1384,1109.0,0.8013005780346821,0.19869942196531787
9,pilot,72000,0.5034965034965035,5,0.75,4,0.4,1.01,1927,1837.0,0.9532952776336274,0.046704722366372575
9,pilot,72000,0.5034965034965035,5,1.0,0,0.0,0.05,118,38.0,0.3220338983050847,0.6779661016949152
9,pilot,72000,0.5034965034965035,5,1.0,1,0.05,0.1,371,131.0,0.353099730458221,0.6469002695417789
9,pilot,72000,0.5034965034965035,5,1.0,2,0.1,0.2,808,424.0,0.5247524752475248,0.4752475247524752
9,pilot,72000,0.5034965034965035,5,1.0,3,0.2,0.4,1384,976.0,0.7052023121387283,0.2947976878612717
9,pilot,72000,0.5034965034965035,5,1.0,4,0.4,1.01,1927,1751.0,0.9086663207057603,0.09133367929423974
9,pilot,72000,0.5034965034965035,6,0.25,0,0.0,0.05,118,88.0,0.7457627118644068,0.2542372881355932
9,pilot,72000,0.5034965034965035,6,0.25,1,0.05,0.1,371,315.0,0.8490566037735849,0.15094339622641506
9,pilot,72000,0.5034965034965035,6,0.25,2,0.1,0.2,808,722.0,0.8935643564356436,0.10643564356435642
9,pilot,72000,0.5034965034965035,6,0.25,3,0.2,0.4,1384,1311.0,0.9472543352601156,0.0527456647398844
9,pilot,72000,0.5034965034965035,6,0.25,4,0.4,1.01,1927,1922.0,0.9974052932018682,0.002594706798131785
9,pilot,72000,0.5034965034965035,6,0.5,0,0.0,0.05,118,68.0,0.576271186440678,0.423728813559322
9,pilot,72000,0.5034965034965035,6,0.5,1,0.05,0.1,371,246.0,0.6630727762803235,0.33692722371967654
9,pilot,72000,0.5034965034965035,6,0.5,2,0.1,0.2,808,630.0,0.7797029702970297,0.22029702970297027
9,pilot,72000,0.5034965034965035,6,0.5,3,0.2,0.4,1384,1219.0,0.8807803468208093,0.1192196531791907
9,pilot,72000,0.5034965034965035,6,0.5,4,0.4,1.01,1927,1897.0,0.9844317592112092,0.015568240788790821
9,pilot,72000,0.5034965034965035,6,0.75,0,0.0,0.05,118,55.0,0.4661016949152542,0.5338983050847458
9,pilot,72000,0.5034965034965035,6,0.75,1,0.05,0.1,371,211.0,0.568733153638814,0.43126684636118595
9,pilot,72000,0.5034965034965035,6,0.75,2,0.1,0.2,808,539.0,0.6670792079207921,0.3329207920792079
9,pilot,72000,0.5034965034965035,6,0.75,3,0.2,0.4,1384,1103.0,0.7969653179190751,0.2030346820809249
9,pilot,72000,0.5034965034965035,6,0.75,4,0.4,1.01,1927,1860.0,0.9652309289050337,0.0347690710949663
9,pilot,72000,0.5034965034965035,6,1.0,0,0.0,0.05,118,43.0,0.3644067796610169,0.6355932203389831
9,pilot,72000,0.5034965034965035,6,1.0,1,0.05,0.1,371,178.0,0.4797843665768194,0.5202156334231807
9,pilot,72000,0.5034965034965035,6,1.0,2,0.1,0.2,808,469.0,0.5804455445544554,0.4195544554455446
9,pilot,72000,0.5034965034965035,6,1.0,3,0.2,0.4,1384,995.0,0.7189306358381503,0.2810693641618497
9,pilot,72000,0.5034965034965035,6,1.0,4,0.4,1.01,1927,1769.0,0.9180072651790347,0.08199273482096525
9,pilot,72000,0.5034965034965035,7,0.25,0,0.0,0.05,118,89.0,0.7542372881355932,0.2457627118644068
9,pilot,72000,0.5034965034965035,7,0.25,1,0.05,0.1,371,302.0,0.8140161725067385,0.18598382749326148
9,pilot,72000,0.5034965034965035,7,0.25,2,0.1,0.2,808,697.0,0.8626237623762376,0.1373762376237624
9,pilot,72000,0.5034965034965035,7,0.25,3,0.2,0.4,1384,1301.0,0.940028901734104,0.05997109826589597
9,pilot,72000,0.5034965034965035,7,0.25,4,0.4,1.01,1927,1917.0,0.9948105864037364,0.00518941359626357
9,pilot,72000,0.5034965034965035,7,0.5,0,0.0,0.05,118,69.0,0.5847457627118644,0.4152542372881356
9,pilot,72000,0.5034965034965035,7,0.5,1,0.05,0.1,371,246.0,0.6630727762803235,0.33692722371967654
9,pilot,72000,0.5034965034965035,7,0.5,2,0.1,0.2,808,600.0,0.7425742574257426,0.25742574257425743
9,pilot,72000,0.5034965034965035,7,0.5,3,0.2,0.4,1384,1166.0,0.8424855491329479,0.15751445086705207
9,pilot,72000,0.5034965034965035,7,0.5,4,0.4,1.01,1927,1869.0,0.969901401141671,0.030098598858328995
9,pilot,72000,0.5034965034965035,7,0.75,0,0.0,0.05,118,46.0,0.3898305084745763,0.6101694915254237
9,pilot,72000,0.5034965034965035,7,0.75,1,0.05,0.1,371,189.0,0.5094339622641509,0.49056603773584906
9,pilot,72000,0.5034965034965035,7,0.75,2,0.1,0.2,808,483.0,0.5977722772277227,0.40222772277227725
9,pilot,72000,0.5034965034965035,7,0.75,3,0.2,0.4,1384,1022.0,0.7384393063583815,0.2615606936416185
9,pilot,72000,0.5034965034965035,7,0.75,4,0.4,1.01,1927,1789.0,0.928386092371562,0.071613907628438
9,pilot,72000,0.5034965034965035,7,1.0,0,0.0,0.05,118,31.0,0.2627118644067797,0.7372881355932204
9,pilot,72000,0.5034965034965035,7,1.0,1,0.05,0.1,371,141.0,0.38005390835579517,0.6199460916442048
9,pilot,72000,0.5034965034965035,7,1.0,2,0.1,0.2,808,408.0,0.504950495049505,0.49504950495049505
9,pilot,72000,0.5034965034965035,7,1.0,3,0.2,0.4,1384,866.0,0.6257225433526011,0.37427745664739887
9,pilot,72000,0.5034965034965035,7,1.0,4,0.4,1.01,1927,1639.0,0.8505448884276077,0.14945511157239233
9,pilot,72000,0.5034965034965035,8,0.25,0,0.0,0.05,118,88.0,0.7457627118644068,0.2542372881355932
9,pilot,72000,0.5034965034965035,8,0.25,1,0.05,0.1,371,307.0,0.8274932614555256,0.1725067385444744
9,pilot,72000,0.5034965034965035,8,0.25,2,0.1,0.2,808,705.0,0.8725247524752475,0.12747524752475248
9,pilot,72000,0.5034965034965035,8,0.25,3,0.2,0.4,1384,1302.0,0.9407514450867052,0.05924855491329484
9,pilot,72000,0.5034965034965035,8,0.25,4,0.4,1.01,1927,1920.0,0.9963674104826155,0.0036325895173845435
9,pilot,72000,0.5034965034965035,8,0.5,0,0.0,0.05,118,59.0,0.5,0.5
9,pilot,72000,0.5034965034965035,8,0.5,1,0.05,0.1,371,258.0,0.6954177897574124,0.3045822102425876
9,pilot,72000,0.5034965034965035,8,0.5,2,0.1,0.2,808,607.0,0.7512376237623762,0.24876237623762376
9,pilot,72000,0.5034965034965035,8,0.5,3,0.2,0.4,1384,1208.0,0.8728323699421965,0.12716763005780352
9,pilot,72000,0.5034965034965035,8,0.5,4,0.4,1.01,1927,1897.0,0.9844317592112092,0.015568240788790821
9,pilot,72000,0.5034965034965035,8,0.75,0,0.0,0.05,118,40.0,0.3389830508474576,0.6610169491525424
9,pilot,72000,0.5034965034965035,8,0.75,1,0.05,0.1,371,203.0,0.5471698113207547,0.4528301886792453
9,pilot,72000,0.5034965034965035,8,0.75,2,0.1,0.2,808,522.0,0.6460396039603961,0.35396039603960394
9,pilot,72000,0.5034965034965035,8,0.75,3,0.2,0.4,1384,1075.0,0.7767341040462428,0.22326589595375723
9,pilot,72000,0.5034965034965035,8,0.75,4,0.4,1.01,1927,1841.0,0.9553710430721328,0.04462895692786717
9,pilot,72000,0.5034965034965035,8,1.0,0,0.0,0.05,118,27.0,0.2288135593220339,0.771186440677966
9,pilot,72000,0.5034965034965035,8,1.0,1,0.05,0.1,371,146.0,0.3935309973045822,0.6064690026954178
9,pilot,72000,0.5034965034965035,8,1.0,2,0.1,0.2,808,423.0,0.5235148514851485,0.47648514851485146
9,pilot,72000,0.5034965034965035,8,1.0,3,0.2,0.4,1384,951.0,0.6871387283236994,0.3128612716763006
9,pilot,72000,0.5034965034965035,8,1.0,4,0.4,1.01,1927,1759.0,0.9128178515827712,0.08718214841722882
9,pilot,72000,0.5034965034965035,9,0.25,0,0.0,0.05,118,79.0,0.6694915254237288,0.3305084745762712
9,pilot,72000,0.5034965034965035,9,0.25,1,0.05,0.1,371,305.0,0.8221024258760108,0.1778975741239892
9,pilot,72000,0.5034965034965035,9,0.25,2,0.1,0.2,808,712.0,0.8811881188118812,0.1188118811881188
9,pilot,72000,0.5034965034965035,9,0.25,3,0.2,0.4,1384,1306.0,0.9436416184971098,0.05635838150289019
9,pilot,72000,0.5034965034965035,9,0.25,4,0.4,1.01,1927,1922.0,0.9974052932018682,0.002594706798131785
9,pilot,72000,0.5034965034965035,9,0.5,0,0.0,0.05,118,58.0,0.4915254237288136,0.5084745762711864
9,pilot,72000,0.5034965034965035,9,0.5,1,0.05,0.1,371,243.0,0.6549865229110512,0.3450134770889488
9,pilot,72000,0.5034965034965035,9,0.5,2,0.1,0.2,808,595.0,0.7363861386138614,0.2636138613861386
9,pilot,72000,0.5034965034965035,9,0.5,3,0.2,0.4,1384,1209.0,0.8735549132947977,0.12644508670520227
9,pilot,72000,0.5034965034965035,9,0.5,4,0.4,1.01,1927,1893.0,0.9823559937727037,0.01764400622729634
9,pilot,72000,0.5034965034965035,9,0.75,0,0.0,0.05,118,46.0,0.3898305084745763,0.6101694915254237
9,pilot,72000,0.5034965034965035,9,0.75,1,0.05,0.1,371,194.0,0.522911051212938,0.477088948787062
9,pilot,72000,0.5034965034965035,9,0.75,2,0.1,0.2,808,503.0,0.6225247524752475,0.3774752475247525
9,pilot,72000,0.5034965034965035,9,0.75,3,0.2,0.4,1384,1059.0,0.7651734104046243,0.23482658959537572
9,pilot,72000,0.5034965034965035,9,0.75,4,0.4,1.01,1927,1844.0,0.956927867151012,0.04307213284898803
9,pilot,72000,0.5034965034965035,9,1.0,0,0.0,0.05,118,33.0,0.2796610169491525,0.7203389830508475
9,pilot,72000,0.5034965034965035,9,1.0,1,0.05,0.1,371,154.0,0.41509433962264153,0.5849056603773585
9,pilot,72000,0.5034965034965035,9,1.0,2,0.1,0.2,808,411.0,0.5086633663366337,0.49133663366336633
9,pilot,72000,0.5034965034965035,9,1.0,3,0.2,0.4,1384,899.0,0.6495664739884393,0.35043352601156075
9,pilot,72000,0.5034965034965035,9,1.0,4,0.4,1.01,1927,1762.0,0.9143746756616502,0.0856253243383498
9,pilot,72000,0.5034965034965035,10,0.25,0,0.0,0.05,118,73.0,0.6186440677966102,0.3813559322033898
9,pilot,72000,0.5034965034965035,10,0.25,1,0.05,0.1,371,286.0,0.77088948787062,0.22911051212938005
9,pilot,72000,0.5034965034965035,10,0.25,2,0.1,0.2,808,704.0,0.8712871287128713,0.12871287128712872
9,pilot,72000,0.5034965034965035,10,0.25,3,0.2,0.4,1384,1283.0,0.9270231213872833,0.07297687861271673
9,pilot,72000,0.5034965034965035,10,0.25,4,0.4,1.01,1927,1920.0,0.9963674104826155,0.0036325895173845435
9,pilot,72000,0.5034965034965035,10,0.5,0,0.0,0.05,118,65.0,0.5508474576271186,0.4491525423728814
9,pilot,72000,0.5034965034965035,10,0.5,1,0.05,0.1,371,228.0,0.6145552560646901,0.3854447439353099
9,pilot,72000,0.5034965034965035,10,0.5,2,0.1,0.2,808,598.0,0.7400990099009901,0.2599009900990099
9,pilot,72000,0.5034965034965035,10,0.5,3,0.2,0.4,1384,1189.0,0.8591040462427746,0.1408959537572254
9,pilot,72000,0.5034965034965035,10,0.5,4,0.4,1.01,1927,1888.0,0.9797612869745719,0.020238713025428123
9,pilot,72000,0.5034965034965035,10,0.75,0,0.0,0.05,118,46.0,0.3898305084745763,0.6101694915254237
9,pilot,72000,0.5034965034965035,10,0.75,1,0.05,0.1,371,172.0,0.4636118598382749,0.5363881401617251
9,pilot,72000,0.5034965034965035,10,0.75,2,0.1,0.2,808,523.0,0.6472772277227723,0.3527227722772277
9,pilot,72000,0.5034965034965035,10,0.75,3,0.2,0.4,1384,1079.0,0.7796242774566474,0.22037572254335258
9,pilot,72000,0.5034965034965035,10,0.75,4,0.4,1.01,1927,1829.0,0.9491437467566165,0.0508562532433835
9,pilot,72000,0.5034965034965035,10,1.0,0,0.0,0.05,118,34.0,0.288135593220339,0.711864406779661
9,pilot,72000,0.5034965034965035,10,1.0,1,0.05,0.1,371,131.0,0.353099730458221,0.6469002695417789
9,pilot,72000,0.5034965034965035,10,1.0,2,0.1,0.2,808,445.0,0.5507425742574258,0.4492574257425742
9,pilot,72000,0.5034965034965035,10,1.0,3,0.2,0.4,1384,975.0,0.7044797687861272,0.29552023121387283
9,pilot,72000,0.5034965034965035,10,1.0,4,0.4,1.01,1927,1764.0,0.915412558380903,0.08458744161909704
9,pilot,143000,1.0,1,0.25,0,0.0,0.05,108,66.0,0.6111111111111112,0.38888888888888884
9,pilot,143000,1.0,1,0.25,1,0.05,0.1,350,295.0,0.8428571428571429,0.15714285714285714
9,pilot,143000,1.0,1,0.25,2,0.1,0.2,839,701.0,0.8355184743742551,0.16448152562574492
9,pilot,143000,1.0,1,0.25,3,0.2,0.4,1407,1310.0,0.9310589907604833,0.06894100923951674
9,pilot,143000,1.0,1,0.25,4,0.4,1.01,1904,1891.0,0.993172268907563,0.0068277310924369505
9,pilot,143000,1.0,1,0.5,0,0.0,0.05,108,52.0,0.48148148148148145,0.5185185185185186
9,pilot,143000,1.0,1,0.5,1,0.05,0.1,350,220.0,0.6285714285714286,0.37142857142857144
9,pilot,143000,1.0,1,0.5,2,0.1,0.2,839,602.0,0.7175208581644815,0.2824791418355185
9,pilot,143000,1.0,1,0.5,3,0.2,0.4,1407,1193.0,0.8479033404406539,0.15209665955934615
9,pilot,143000,1.0,1,0.5,4,0.4,1.01,1904,1846.0,0.9695378151260504,0.030462184873949583
9,pilot,143000,1.0,1,0.75,0,0.0,0.05,108,26.0,0.24074074074074073,0.7592592592592593
9,pilot,143000,1.0,1,0.75,1,0.05,0.1,350,156.0,0.44571428571428573,0.5542857142857143
9,pilot,143000,1.0,1,0.75,2,0.1,0.2,839,472.0,0.5625744934445769,0.4374255065554231
9,pilot,143000,1.0,1,0.75,3,0.2,0.4,1407,1005.0,0.7142857142857143,0.2857142857142857
9,pilot,143000,1.0,1,0.75,4,0.4,1.01,1904,1738.0,0.9128151260504201,0.08718487394957986
9,pilot,143000,1.0,1,1.0,0,0.0,0.05,108,21.0,0.19444444444444445,0.8055555555555556
9,pilot,143000,1.0,1,1.0,1,0.05,0.1,350,98.0,0.28,0.72
9,pilot,143000,1.0,1,1.0,2,0.1,0.2,839,369.0,0.4398092967818832,0.5601907032181168
9,pilot,143000,1.0,1,1.0,3,0.2,0.4,1407,808.0,0.574271499644634,0.425728500355366
9,pilot,143000,1.0,1,1.0,4,0.4,1.01,1904,1532.0,0.8046218487394958,0.19537815126050417
9,pilot,143000,1.0,2,0.25,0,0.0,0.05,108,71.0,0.6574074074074074,0.34259259259259256
9,pilot,143000,1.0,2,0.25,1,0.05,0.1,350,276.0,0.7885714285714286,0.2114285714285714
9,pilot,143000,1.0,2,0.25,2,0.1,0.2,839,683.0,0.8140643623361145,0.18593563766388554
9,pilot,143000,1.0,2,0.25,3,0.2,0.4,1407,1282.0,0.9111584932480455,0.08884150675195446
9,pilot,143000,1.0,2,0.25,4,0.4,1.01,1904,1890.0,0.9926470588235294,0.007352941176470562
9,pilot,143000,1.0,2,0.5,0,0.0,0.05,108,43.0,0.39814814814814814,0.6018518518518519
9,pilot,143000,1.0,2,0.5,1,0.05,0.1,350,200.0,0.5714285714285714,0.4285714285714286
9,pilot,143000,1.0,2,0.5,2,0.1,0.2,839,596.0,0.7103694874851013,0.2896305125148987
9,pilot,143000,1.0,2,0.5,3,0.2,0.4,1407,1165.0,0.828002842928216,0.17199715707178398
9,pilot,143000,1.0,2,0.5,4,0.4,1.01,1904,1846.0,0.9695378151260504,0.030462184873949583
9,pilot,143000,1.0,2,0.75,0,0.0,0.05,108,28.0,0.25925925925925924,0.7407407407407407
9,pilot,143000,1.0,2,0.75,1,0.05,0.1,350,135.0,0.38571428571428573,0.6142857142857143
9,pilot,143000,1.0,2,0.75,2,0.1,0.2,839,470.0,0.5601907032181168,0.4398092967818832
9,pilot,143000,1.0,2,0.75,3,0.2,0.4,1407,998.0,0.7093105899076049,0.29068941009239513
9,pilot,143000,1.0,2,0.75,4,0.4,1.01,1904,1724.0,0.9054621848739496,0.09453781512605042
9,pilot,143000,1.0,2,1.0,0,0.0,0.05,108,17.0,0.1574074074074074,0.8425925925925926
9,pilot,143000,1.0,2,1.0,1,0.05,0.1,350,86.0,0.24571428571428572,0.7542857142857142
9,pilot,143000,1.0,2,1.0,2,0.1,0.2,839,324.0,0.38617401668653156,0.6138259833134685
9,pilot,143000,1.0,2,1.0,3,0.2,0.4,1407,778.0,0.5529495380241649,0.4470504619758351
9,pilot,143000,1.0,2,1.0,4,0.4,1.01,1904,1469.0,0.7715336134453782,0.22846638655462181
9,pilot,143000,1.0,3,0.25,0,0.0,0.05,108,60.0,0.5555555555555556,0.4444444444444444
9,pilot,143000,1.0,3,0.25,1,0.05,0.1,350,249.0,0.7114285714285714,0.2885714285714286
9,pilot,143000,1.0,3,0.25,2,0.1,0.2,839,679.0,0.8092967818831943,0.19070321811680568
9,pilot,143000,1.0,3,0.25,3,0.2,0.4,1407,1237.0,0.8791755508173419,0.12082444918265811
9,pilot,143000,1.0,3,0.25,4,0.4,1.01,1904,1878.0,0.9863445378151261,0.013655462184873901
9,pilot,143000,1.0,3,0.5,0,0.0,0.05,108,38.0,0.35185185185185186,0.6481481481481481
9,pilot,143000,1.0,3,0.5,1,0.05,0.1,350,182.0,0.52,0.48
9,pilot,143000,1.0,3,0.5,2,0.1,0.2,839,536.0,0.6388557806912991,0.3611442193087009
9,pilot,143000,1.0,3,0.5,3,0.2,0.4,1407,1085.0,0.7711442786069652,0.22885572139303478
9,pilot,143000,1.0,3,0.5,4,0.4,1.01,1904,1785.0,0.9375,0.0625
9,pilot,143000,1.0,3,0.75,0,0.0,0.05,108,19.0,0.17592592592592593,0.8240740740740741
9,pilot,143000,1.0,3,0.75,1,0.05,0.1,350,108.0,0.30857142857142855,0.6914285714285715
9,pilot,143000,1.0,3,0.75,2,0.1,0.2,839,399.0,0.4755661501787843,0.5244338498212158
9,pilot,143000,1.0,3,0.75,3,0.2,0.4,1407,849.0,0.603411513859275,0.39658848614072495
9,pilot,143000,1.0,3,0.75,4,0.4,1.01,1904,1569.0,0.8240546218487395,0.17594537815126055
9,pilot,143000,1.0,3,1.0,0,0.0,0.05,108,14.0,0.12962962962962962,0.8703703703703703
9,pilot,143000,1.0,3,1.0,1,0.05,0.1,350,68.0,0.19428571428571428,0.8057142857142857
9,pilot,143000,1.0,3,1.0,2,0.1,0.2,839,252.0,0.300357568533969,0.699642431466031
9,pilot,143000,1.0,3,1.0,3,0.2,0.4,1407,587.0,0.4171997157071784,0.5828002842928216
9,pilot,143000,1.0,3,1.0,4,0.4,1.01,1904,1197.0,0.6286764705882353,0.3713235294117647
9,pilot,143000,1.0,4,0.25,0,0.0,0.05,108,74.0,0.6851851851851852,0.31481481481481477
9,pilot,143000,1.0,4,0.25,1,0.05,0.1,350,274.0,0.7828571428571428,0.2171428571428572
9,pilot,143000,1.0,4,0.25,2,0.1,0.2,839,705.0,0.8402860548271752,0.15971394517282478
9,pilot,143000,1.0,4,0.25,3,0.2,0.4,1407,1300.0,0.923951670220327,0.07604832977967302
9,pilot,143000,1.0,4,0.25,4,0.4,1.01,1904,1885.0,0.9900210084033614,0.00997899159663862
9,pilot,143000,1.0,4,0.5,0,0.0,0.05,108,55.0,0.5092592592592593,0.4907407407407407
9,pilot,143000,1.0,4,0.5,1,0.05,0.1,350,213.0,0.6085714285714285,0.39142857142857146
9,pilot,143000,1.0,4,0.5,2,0.1,0.2,839,611.0,0.7282479141835518,0.27175208581644816
9,pilot,143000,1.0,4,0.5,3,0.2,0.4,1407,1185.0,0.8422174840085288,0.1577825159914712
9,pilot,143000,1.0,4,0.5,4,0.4,1.01,1904,1848.0,0.9705882352941176,0.02941176470588236
9,pilot,143000,1.0,4,0.75,0,0.0,0.05,108,43.0,0.39814814814814814,0.6018518518518519
9,pilot,143000,1.0,4,0.75,1,0.05,0.1,350,154.0,0.44,0.56
9,pilot,143000,1.0,4,0.75,2,0.1,0.2,839,511.0,0.6090584028605482,0.39094159713945176
9,pilot,143000,1.0,4,0.75,3,0.2,0.4,1407,1062.0,0.7547974413646056,0.24520255863539442
9,pilot,143000,1.0,4,0.75,4,0.4,1.01,1904,1789.0,0.9396008403361344,0.060399159663865554
9,pilot,143000,1.0,4,1.0,0,0.0,0.05,108,34.0,0.3148148148148148,0.6851851851851851
9,pilot,143000,1.0,4,1.0,1,0.05,0.1,350,117.0,0.3342857142857143,0.6657142857142857
9,pilot,143000,1.0,4,1.0,2,0.1,0.2,839,422.0,0.5029797377830751,0.49702026221692486
9,pilot,143000,1.0,4,1.0,3,0.2,0.4,1407,943.0,0.6702203269367448,0.3297796730632552
9,pilot,143000,1.0,4,1.0,4,0.4,1.01,1904,1675.0,0.8797268907563025,0.1202731092436975
9,pilot,143000,1.0,5,0.25,0,0.0,0.05,108,74.0,0.6851851851851852,0.31481481481481477
9,pilot,143000,1.0,5,0.25,1,0.05,0.1,350,273.0,0.78,0.21999999999999997
9,pilot,143000,1.0,5,0.25,2,0.1,0.2,839,700.0,0.834326579261025,0.16567342073897495
9,pilot,143000,1.0,5,0.25,3,0.2,0.4,1407,1274.0,0.9054726368159204,0.09452736318407962
9,pilot,143000,1.0,5,0.25,4,0.4,1.01,1904,1888.0,0.9915966386554622,0.008403361344537785
9,pilot,143000,1.0,5,0.5,0,0.0,0.05,108,47.0,0.4351851851851852,0.5648148148148149
9,pilot,143000,1.0,5,0.5,1,0.05,0.1,350,208.0,0.5942857142857143,0.4057142857142857
9,pilot,143000,1.0,5,0.5,2,0.1,0.2,839,613.0,0.7306317044100119,0.2693682955899881
9,pilot,143000,1.0,5,0.5,3,0.2,0.4,1407,1169.0,0.8308457711442786,0.1691542288557214
9,pilot,143000,1.0,5,0.5,4,0.4,1.01,1904,1854.0,0.9737394957983193,0.02626050420168069
9,pilot,143000,1.0,5,0.75,0,0.0,0.05,108,33.0,0.3055555555555556,0.6944444444444444
9,pilot,143000,1.0,5,0.75,1,0.05,0.1,350,168.0,0.48,0.52
9,pilot,143000,1.0,5,0.75,2,0.1,0.2,839,478.0,0.5697258641239571,0.4302741358760429
9,pilot,143000,1.0,5,0.75,3,0.2,0.4,1407,1033.0,0.7341862117981521,0.26581378820184787
9,pilot,143000,1.0,5,0.75,4,0.4,1.01,1904,1781.0,0.9353991596638656,0.06460084033613445
9,pilot,143000,1.0,5,1.0,0,0.0,0.05,108,21.0,0.19444444444444445,0.8055555555555556
9,pilot,143000,1.0,5,1.0,1,0.05,0.1,350,115.0,0.32857142857142857,0.6714285714285715
9,pilot,143000,1.0,5,1.0,2,0.1,0.2,839,385.0,0.45887961859356374,0.5411203814064363
9,pilot,143000,1.0,5,1.0,3,0.2,0.4,1407,865.0,0.6147832267235253,0.38521677327647474
9,pilot,143000,1.0,5,1.0,4,0.4,1.01,1904,1633.0,0.8576680672268907,0.1423319327731093
9,pilot,143000,1.0,6,0.25,0,0.0,0.05,108,65.0,0.6018518518518519,0.39814814814814814
9,pilot,143000,1.0,6,0.25,1,0.05,0.1,350,282.0,0.8057142857142857,0.19428571428571428
9,pilot,143000,1.0,6,0.25,2,0.1,0.2,839,693.0,0.8259833134684148,0.1740166865315852
9,pilot,143000,1.0,6,0.25,3,0.2,0.4,1407,1299.0,0.9232409381663113,0.07675906183368875
9,pilot,143000,1.0,6,0.25,4,0.4,1.01,1904,1887.0,0.9910714285714286,0.008928571428571397
9,pilot,143000,1.0,6,0.5,0,0.0,0.05,108,44.0,0.4074074074074074,0.5925925925925926
9,pilot,143000,1.0,6,0.5,1,0.05,0.1,350,217.0,0.62,0.38
9,pilot,143000,1.0,6,0.5,2,0.1,0.2,839,600.0,0.7151370679380215,0.28486293206197855
9,pilot,143000,1.0,6,0.5,3,0.2,0.4,1407,1185.0,0.8422174840085288,0.1577825159914712
9,pilot,143000,1.0,6,0.5,4,0.4,1.01,1904,1861.0,0.9774159663865546,0.02258403361344541
9,pilot,143000,1.0,6,0.75,0,0.0,0.05,108,29.0,0.26851851851851855,0.7314814814814814
9,pilot,143000,1.0,6,0.75,1,0.05,0.1,350,169.0,0.4828571428571429,0.5171428571428571
9,pilot,143000,1.0,6,0.75,2,0.1,0.2,839,519.0,0.6185935637663885,0.3814064362336115
9,pilot,143000,1.0,6,0.75,3,0.2,0.4,1407,1069.0,0.759772565742715,0.240227434257285
9,pilot,143000,1.0,6,0.75,4,0.4,1.01,1904,1804.0,0.9474789915966386,0.05252100840336138
9,pilot,143000,1.0,6,1.0,0,0.0,0.05,108,20.0,0.18518518518518517,0.8148148148148149
9,pilot,143000,1.0,6,1.0,1,0.05,0.1,350,138.0,0.3942857142857143,0.6057142857142856
9,pilot,143000,1.0,6,1.0,2,0.1,0.2,839,441.0,0.5256257449344458,0.4743742550655542
9,pilot,143000,1.0,6,1.0,3,0.2,0.4,1407,968.0,0.6879886282871357,0.3120113717128643
9,pilot,143000,1.0,6,1.0,4,0.4,1.01,1904,1712.0,0.8991596638655462,0.10084033613445376
9,pilot,143000,1.0,7,0.25,0,0.0,0.05,108,70.0,0.6481481481481481,0.35185185185185186
9,pilot,143000,1.0,7,0.25,1,0.05,0.1,350,276.0,0.7885714285714286,0.2114285714285714
9,pilot,143000,1.0,7,0.25,2,0.1,0.2,839,693.0,0.8259833134684148,0.1740166865315852
9,pilot,143000,1.0,7,0.25,3,0.2,0.4,1407,1291.0,0.9175550817341862,0.0824449182658138
9,pilot,143000,1.0,7,0.25,4,0.4,1.01,1904,1892.0,0.9936974789915967,0.006302521008403339
9,pilot,143000,1.0,7,0.5,0,0.0,0.05,108,56.0,0.5185185185185185,0.4814814814814815
9,pilot,143000,1.0,7,0.5,1,0.05,0.1,350,219.0,0.6257142857142857,0.37428571428571433
9,pilot,143000,1.0,7,0.5,2,0.1,0.2,839,606.0,0.7222884386174017,0.27771156138259834
9,pilot,143000,1.0,7,0.5,3,0.2,0.4,1407,1167.0,0.8294243070362474,0.17057569296375263
9,pilot,143000,1.0,7,0.5,4,0.4,1.01,1904,1859.0,0.9763655462184874,0.023634453781512632
9,pilot,143000,1.0,7,0.75,0,0.0,0.05,108,40.0,0.37037037037037035,0.6296296296296297
9,pilot,143000,1.0,7,0.75,1,0.05,0.1,350,176.0,0.5028571428571429,0.4971428571428571
9,pilot,143000,1.0,7,0.75,2,0.1,0.2,839,507.0,0.6042908224076281,0.3957091775923719
9,pilot,143000,1.0,7,0.75,3,0.2,0.4,1407,1026.0,0.7292110874200426,0.2707889125799574
9,pilot,143000,1.0,7,0.75,4,0.4,1.01,1904,1783.0,0.9364495798319328,0.06355042016806722
9,pilot,143000,1.0,7,1.0,0,0.0,0.05,108,26.0,0.24074074074074073,0.7592592592592593
9,pilot,143000,1.0,7,1.0,1,0.05,0.1,350,129.0,0.36857142857142855,0.6314285714285715
9,pilot,143000,1.0,7,1.0,2,0.1,0.2,839,406.0,0.48390941597139453,0.5160905840286054
9,pilot,143000,1.0,7,1.0,3,0.2,0.4,1407,883.0,0.6275764036958067,0.3724235963041933
9,pilot,143000,1.0,7,1.0,4,0.4,1.01,1904,1624.0,0.8529411764705882,0.1470588235294118
9,pilot,143000,1.0,8,0.25,0,0.0,0.05,108,75.0,0.6944444444444444,0.3055555555555556
9,pilot,143000,1.0,8,0.25,1,0.05,0.1,350,296.0,0.8457142857142858,0.15428571428571425
9,pilot,143000,1.0,8,0.25,2,0.1,0.2,839,714.0,0.8510131108462455,0.14898688915375446
9,pilot,143000,1.0,8,0.25,3,0.2,0.4,1407,1306.0,0.9282160625444208,0.0717839374555792
9,pilot,143000,1.0,8,0.25,4,0.4,1.01,1904,1887.0,0.9910714285714286,0.008928571428571397
9,pilot,143000,1.0,8,0.5,0,0.0,0.05,108,57.0,0.5277777777777778,0.4722222222222222
9,pilot,143000,1.0,8,0.5,1,0.05,0.1,350,243.0,0.6942857142857143,0.3057142857142857
9,pilot,143000,1.0,8,0.5,2,0.1,0.2,839,630.0,0.7508939213349225,0.2491060786650775
9,pilot,143000,1.0,8,0.5,3,0.2,0.4,1407,1177.0,0.8365316275764036,0.16346837242359635
9,pilot,143000,1.0,8,0.5,4,0.4,1.01,1904,1863.0,0.9784663865546218,0.021533613445378186
9,pilot,143000,1.0,8,0.75,0,0.0,0.05,108,41.0,0.37962962962962965,0.6203703703703703
9,pilot,143000,1.0,8,0.75,1,0.05,0.1,350,194.0,0.5542857142857143,0.44571428571428573
9,pilot,143000,1.0,8,0.75,2,0.1,0.2,839,550.0,0.6555423122765197,0.3444576877234803
9,pilot,143000,1.0,8,0.75,3,0.2,0.4,1407,1070.0,0.7604832977967306,0.23951670220326937
9,pilot,143000,1.0,8,0.75,4,0.4,1.01,1904,1818.0,0.9548319327731093,0.04516806722689071
9,pilot,143000,1.0,8,1.0,0,0.0,0.05,108,31.0,0.28703703703703703,0.712962962962963
9,pilot,143000,1.0,8,1.0,1,0.05,0.1,350,139.0,0.39714285714285713,0.6028571428571429
9,pilot,143000,1.0,8,1.0,2,0.1,0.2,839,456.0,0.5435041716328963,0.4564958283671037
9,pilot,143000,1.0,8,1.0,3,0.2,0.4,1407,956.0,0.6794598436389481,0.32054015636105193
9,pilot,143000,1.0,8,1.0,4,0.4,1.01,1904,1731.0,0.9091386554621849,0.09086134453781514
9,pilot,143000,1.0,9,0.25,0,0.0,0.05,108,76.0,0.7037037037037037,0.2962962962962963
9,pilot,143000,1.0,9,0.25,1,0.05,0.1,350,287.0,0.82,0.18000000000000005
9,pilot,143000,1.0,9,0.25,2,0.1,0.2,839,723.0,0.8617401668653158,0.13825983313468415
9,pilot,143000,1.0,9,0.25,3,0.2,0.4,1407,1285.0,0.9132906894100924,0.0867093105899076
9,pilot,143000,1.0,9,0.25,4,0.4,1.01,1904,1888.0,0.9915966386554622,0.008403361344537785
9,pilot,143000,1.0,9,0.5,0,0.0,0.05,108,57.0,0.5277777777777778,0.4722222222222222
9,pilot,143000,1.0,9,0.5,1,0.05,0.1,350,230.0,0.6571428571428571,0.34285714285714286
9,pilot,143000,1.0,9,0.5,2,0.1,0.2,839,603.0,0.7187127532777116,0.28128724672228844
9,pilot,143000,1.0,9,0.5,3,0.2,0.4,1407,1167.0,0.8294243070362474,0.17057569296375263
9,pilot,143000,1.0,9,0.5,4,0.4,1.01,1904,1861.0,0.9774159663865546,0.02258403361344541
9,pilot,143000,1.0,9,0.75,0,0.0,0.05,108,43.0,0.39814814814814814,0.6018518518518519
9,pilot,143000,1.0,9,0.75,1,0.05,0.1,350,189.0,0.54,0.45999999999999996
9,pilot,143000,1.0,9,0.75,2,0.1,0.2,839,514.0,0.6126340882002383,0.38736591179976165
9,pilot,143000,1.0,9,0.75,3,0.2,0.4,1407,1037.0,0.7370291400142146,0.2629708599857854
9,pilot,143000,1.0,9,0.75,4,0.4,1.01,1904,1808.0,0.9495798319327731,0.050420168067226934
9,pilot,143000,1.0,9,1.0,0,0.0,0.05,108,36.0,0.3333333333333333,0.6666666666666667
9,pilot,143000,1.0,9,1.0,1,0.05,0.1,350,146.0,0.41714285714285715,0.5828571428571429
9,pilot,143000,1.0,9,1.0,2,0.1,0.2,839,433.0,0.5160905840286055,0.4839094159713945
9,pilot,143000,1.0,9,1.0,3,0.2,0.4,1407,899.0,0.6389481165600569,0.3610518834399431
9,pilot,143000,1.0,9,1.0,4,0.4,1.01,1904,1701.0,0.8933823529411765,0.10661764705882348
9,pilot,143000,1.0,10,0.25,0,0.0,0.05,108,59.0,0.5462962962962963,0.4537037037037037
9,pilot,143000,1.0,10,0.25,1,0.05,0.1,350,240.0,0.6857142857142857,0.3142857142857143
9,pilot,143000,1.0,10,0.25,2,0.1,0.2,839,664.0,0.7914183551847438,0.2085816448152562
9,pilot,143000,1.0,10,0.25,3,0.2,0.4,1407,1224.0,0.8699360341151386,0.13006396588486135
9,pilot,143000,1.0,10,0.25,4,0.4,1.01,1904,1872.0,0.9831932773109243,0.01680672268907568
9,pilot,143000,1.0,10,0.5,0,0.0,0.05,108,41.0,0.37962962962962965,0.6203703703703703
9,pilot,143000,1.0,10,0.5,1,0.05,0.1,350,160.0,0.45714285714285713,0.5428571428571429
9,pilot,143000,1.0,10,0.5,2,0.1,0.2,839,512.0,0.6102502979737783,0.3897497020262217
9,pilot,143000,1.0,10,0.5,3,0.2,0.4,1407,1053.0,0.7484008528784648,0.2515991471215352
9,pilot,143000,1.0,10,0.5,4,0.4,1.01,1904,1798.0,0.944327731092437,0.05567226890756305
9,pilot,143000,1.0,10,0.75,0,0.0,0.05,108,33.0,0.3055555555555556,0.6944444444444444
9,pilot,143000,1.0,10,0.75,1,0.05,0.1,350,121.0,0.3457142857142857,0.6542857142857144
9,pilot,143000,1.0,10,0.75,2,0.1,0.2,839,410.0,0.48867699642431467,0.5113230035756853
9,pilot,143000,1.0,10,0.75,3,0.2,0.4,1407,871.0,0.6190476190476191,0.38095238095238093
9,pilot,143000,1.0,10,0.75,4,0.4,1.01,1904,1667.0,0.8755252100840336,0.12447478991596639
9,pilot,143000,1.0,10,1.0,0,0.0,0.05,108,24.0,0.2222222222222222,0.7777777777777778
9,pilot,143000,1.0,10,1.0,1,0.05,0.1,350,87.0,0.24857142857142858,0.7514285714285714
9,pilot,143000,1.0,10,1.0,2,0.1,0.2,839,344.0,0.4100119189511323,0.5899880810488677
9,pilot,143000,1.0,10,1.0,3,0.2,0.4,1407,696.0,0.4946695095948827,0.5053304904051172
9,pilot,143000,1.0,10,1.0,4,0.4,1.01,1904,1501.0,0.7883403361344538,0.21165966386554624
