run_id,stage,step,progress,layer,alpha,top1_agreement,top1_damage,nll_damage,kl,activation_relative_magnitude,activation_absolute_rms,intact_update_rms,layer_parameter_l2,alpha_layer_parameter_l2_proxy,alpha_layer_parameter_l2_relative_model,baseline_nll,baseline_confidence
1,pilot,14000,0.0979020979020979,1,0.25,0.9409722222222222,0.05902777777777779,0.004769802093505711,0.009613881508509317,0.10355032400952446,0.11025486720932853,0.44101946883731413,97.44437854306734,24.361094635766836,0.04220479181932887,3.1252391603257923,0.4032067325380113
1,pilot,14000,0.0979020979020979,1,0.5,0.8723958333333334,0.12760416666666666,0.04508810573154035,0.04926121855775515,0.20710064801904893,0.22050973441865707,0.44101946883731413,97.44437854306734,48.72218927153367,0.08440958363865773,3.1252391603257923,0.4032067325380113
1,pilot,14000,0.0979020979020979,1,0.75,0.781032986111111,0.21896701388888892,0.1678769323560926,0.15964497874180475,0.310650775829951,0.33076440956857467,0.44101946883731413,97.44437854306734,73.08328390730051,0.12661437545798662,3.1252391603257923,0.4032067325380113
1,pilot,14000,0.0979020979020979,1,1.0,0.6976996527777778,0.3023003472222222,0.3489034175872803,0.3358679711818695,0.41420129603809785,0.44101946883731413,0.44101946883731413,97.44437854306734,97.44437854306734,0.16881916727731547,3.1252391603257923,0.4032067325380113
1,pilot,14000,0.0979020979020979,2,0.25,0.935763888888889,0.06423611111111109,0.0076562298668753455,0.00971942643324534,0.10042705138524373,0.12105424205462138,0.48421696821848553,100.44130306930681,25.110325767326703,0.043502810007954036,3.1252391603257923,0.4032067325380113
1,pilot,14000,0.0979020979020979,2,0.5,0.8736979166666666,0.12630208333333334,0.045621792475382485,0.04693048530154758,0.20085410277048746,0.24210848410924277,0.48421696821848553,100.44130306930681,50.220651534653406,0.08700562001590807,3.1252391603257923,0.4032067325380113
1,pilot,14000,0.0979020979020979,2,0.75,0.7907986111111112,0.20920138888888887,0.1445230378044977,0.14165342681937748,0.30128099852138096,0.3631626003318362,0.48421696821848553,100.44130306930681,75.33097730198011,0.13050843002386212,3.1252391603257923,0.4032067325380113
1,pilot,14000,0.0979020979020979,2,1.0,0.6799045138888888,0.3200954861111111,0.3734918965233696,0.3583042985863156,0.4017082055409749,0.48421696821848553,0.48421696821848553,100.44130306930681,100.44130306930681,0.17401124003181614,3.1252391603257923,0.4032067325380113
1,pilot,14000,0.0979020979020979,3,0.25,0.92578125,0.07421875,0.024770789676242355,0.02236184622678492,0.1233120933175087,0.19735869765281677,0.7894347906112671,99.9755638539496,24.9938909634874,0.04330109055609708,3.1252391603257923,0.4032067325380113
1,pilot,14000,0.0979020979020979,3,0.5,0.8205295138888888,0.17947048611111113,0.12438342306349008,0.10777122527360916,0.2466241866350174,0.39471739530563354,0.7894347906112671,99.9755638539496,49.9877819269748,0.08660218111219416,3.1252391603257923,0.4032067325380113
1,pilot,14000,0.0979020979020979,3,0.75,0.6842447916666666,0.3157552083333333,0.4123511844211154,0.36771597133742434,0.3699363205167982,0.5920781824323865,0.7894347906112671,99.9755638539496,74.98167289046219,0.12990327166829124,3.1252391603257923,0.4032067325380113
1,pilot,14000,0.0979020979020979,3,1.0,0.4346788194444444,0.5653211805555556,1.4270930290222168,1.3468582497702706,0.4932483732700348,0.7894347906112671,0.7894347906112671,99.9755638539496,99.9755638539496,0.17320436222438831,3.1252391603257923,0.4032067325380113
1,pilot,14000,0.0979020979020979,4,0.25,0.9368489583333334,0.06315104166666667,0.01805085606045198,0.010869345834685696,0.09760881960391998,0.13578534291850194,0.5431413716740078,100.72206732988495,25.180516832471238,0.04362441370993434,3.1252391603257923,0.4032067325380113
1,pilot,14000,0.0979020979020979,4,0.5,0.8697916666666666,0.13020833333333334,0.0690245893266465,0.05252032892571556,0.19521763920783997,0.2715706858370039,0.5431413716740078,100.72206732988495,50.361033664942475,0.08724882741986868,3.1252391603257923,0.4032067325380113
1,pilot,14000,0.0979020979020979,4,0.75,0.7927517361111112,0.20724826388888887,0.17076857884724936,0.14151985115475127,0.2928263478808933,0.4073558714654711,0.5431413716740078,100.72206732988495,75.54155049741371,0.13087324112980306,3.1252391603257923,0.4032067325380113
1,pilot,14000,0.0979020979020979,4,1.0,0.7061631944444445,0.2938368055555555,0.3382537364959717,0.29371902843316394,0.39043527841567993,0.5431413716740078,0.5431413716740078,100.72206732988495,100.72206732988495,0.17449765483973737,3.1252391603257923,0.4032067325380113
1,pilot,14000,0.0979020979020979,5,0.25,0.939453125,0.060546875,0.01709474457634815,0.008539550420310762,0.09613489773538376,0.1422262920273675,0.56890516810947,107.11425393537498,26.778563483843744,0.04639297675060041,3.1252391603257923,0.4032067325380113
1,pilot,14000,0.0979020979020979,5,0.5,0.880859375,0.119140625,0.05879545211791992,0.039044301956892014,0.19226979547076753,0.284452584054735,0.56890516810947,107.11425393537498,53.55712696768749,0.09278595350120082,3.1252391603257923,0.4032067325380113
1,pilot,14000,0.0979020979020979,5,0.75,0.8190104166666666,0.18098958333333334,0.13426383336385092,0.10127059370279312,0.28840457730823094,0.42667871051364475,0.56890516810947,107.11425393537498,80.33569045153124,0.13917893025180123,3.1252391603257923,0.4032067325380113
1,pilot,14000,0.0979020979020979,5,1.0,0.7463107638888888,0.2536892361111111,0.2544970247480604,0.2070154315895504,0.38453959094153506,0.56890516810947,0.56890516810947,107.11425393537498,107.11425393537498,0.18557190700240164,3.1252391603257923,0.4032067325380113
1,pilot,14000,0.0979020979020979,6,0.25,0.937717013888889,0.062282986111111084,0.015694141387939453,0.00935781860931052,0.10230428145991431,0.16715948945946166,0.6686379578378466,107.94545854811359,26.986364637028398,0.04675298538490449,3.1252391603257923,0.4032067325380113
1,pilot,14000,0.0979020979020979,6,0.5,0.8654513888888888,0.13454861111111113,0.05796199374728728,0.04360687939657106,0.20460856291982862,0.3343189789189233,0.6686379578378466,107.94545854811359,53.972729274056796,0.09350597076980897,3.1252391603257923,0.4032067325380113
1,pilot,14000,0.0979020979020979,6,0.75,0.7821180555555557,0.21788194444444442,0.1417726145850288,0.11706086248159409,0.3069126572873857,0.5014781786335839,0.6686379578378466,107.94545854811359,80.95909391108519,0.14025895615471345,3.1252391603257923,0.4032067325380113
1,pilot,14000,0.0979020979020979,6,1.0,0.7057291666666666,0.2942708333333333,0.2912422551049126,0.2526576370000839,0.40921712583965725,0.6686379578378466,0.6686379578378466,107.94545854811359,107.94545854811359,0.18701194153961795,3.1252391603257923,0.4032067325380113
1,pilot,14000,0.0979020979020979,7,0.25,0.9487847222222223,0.051215277777777755,0.004372782177395192,0.00711190566006634,0.0943232129017512,0.17260328763061097,0.6904131505224439,109.17088195995571,27.292720489988927,0.04728373678134826,3.1252391603257923,0.4032067325380113
1,pilot,14000,0.0979020979020979,7,0.5,0.8932291666666666,0.10677083333333337,0.026320430967542812,0.031345433452063136,0.1886464258035024,0.34520657526122195,0.6904131505224439,109.17088195995571,54.585440979977854,0.09456747356269651,3.1252391603257923,0.4032067325380113
1,pilot,14000,0.0979020979020979,7,0.75,0.8324652777777777,0.16753472222222224,0.0722596910264756,0.07882704668574862,0.2829697198337979,0.5178100201818677,0.6904131505224439,109.17088195995571,81.87816146996678,0.14185121034404477,3.1252391603257923,0.4032067325380113
1,pilot,14000,0.0979020979020979,7,1.0,0.7690972222222222,0.2309027777777778,0.15165130297342921,0.15811669826507568,0.3772928516070048,0.6904131505224439,0.6904131505224439,109.17088195995571,109.17088195995571,0.18913494712539303,3.1252391603257923,0.4032067325380113
1,pilot,14000,0.0979020979020979,8,0.25,0.9377170138888888,0.062282986111111126,0.007883972591823904,0.009120015013549062,0.08593881875276566,0.17699058519469368,0.7079623407787747,120.93118367100402,30.232795917751005,0.05237732035043966,3.1252391603257923,0.4032067325380113
1,pilot,14000,0.0979020979020979,8,0.5,0.8767361111111112,0.12326388888888888,0.03589113553365072,0.037180379033088684,0.1718776375055313,0.35398117038938737,0.7079623407787747,120.93118367100402,60.46559183550201,0.10475464070087932,3.1252391603257923,0.4032067325380113
1,pilot,14000,0.0979020979020979,8,0.75,0.8192274305555555,0.18077256944444445,0.08871944745381673,0.08778051783641179,0.2578163511223263,0.5309714873631796,0.7079623407787747,120.93118367100402,90.69838775325302,0.157131961051319,3.1252391603257923,0.4032067325380113
1,pilot,14000,0.0979020979020979,8,1.0,0.755859375,0.244140625,0.17758366796705452,0.17197346521748436,0.3437552750110626,0.7079623407787747,0.7079623407787747,120.93118367100402,120.93118367100402,0.20950928140175865,3.1252391603257923,0.4032067325380113
1,pilot,14000,0.0979020979020979,9,0.25,0.9314236111111112,0.06857638888888888,0.012411117553710938,0.013262697702480687,0.0941823638147778,0.23374491930007935,0.9349796772003174,123.69027806256493,30.922569515641232,0.05357233032584056,3.1252391603257923,0.4032067325380113
1,pilot,14000,0.0979020979020979,9,0.5,0.868923611111111,0.13107638888888892,0.05700643857320135,0.05833437252375814,0.1883647276295556,0.4674898386001587,0.9349796772003174,123.69027806256493,61.845139031282464,0.10714466065168111,3.1252391603257923,0.4032067325380113
1,pilot,14000,0.0979020979020979,9,0.75,0.795138888888889,0.20486111111111108,0.1436098681555853,0.14467495679855347,0.28254708647727966,0.7012346982955933,0.9349796772003174,123.69027806256493,92.7677085469237,0.16071699097752168,3.1252391603257923,0.4032067325380113
1,pilot,14000,0.0979020979020979,9,1.0,0.718967013888889,0.2810329861111111,0.28734151522318524,0.2859085847934087,0.3767294552591112,0.9349796772003174,0.9349796772003174,123.69027806256493,123.69027806256493,0.21428932130336223,3.1252391603257923,0.4032067325380113
1,pilot,14000,0.0979020979020979,10,0.25,0.9292534722222222,0.07074652777777779,0.015083630879720053,0.014298139243490167,0.09402140892214245,0.28592852751413983,1.1437141100565593,132.49617644362272,33.12404411090568,0.05738631234831762,3.1252391603257923,0.4032067325380113
1,pilot,14000,0.0979020979020979,10,0.5,0.8537326388888888,0.14626736111111113,0.06243178579542367,0.06056618566314379,0.1880428178442849,0.5718570550282797,1.1437141100565593,132.49617644362272,66.24808822181136,0.11477262469663524,3.1252391603257923,0.4032067325380113
1,pilot,14000,0.0979020979020979,10,0.75,0.783203125,0.216796875,0.14863093694051108,0.14539105693499246,0.2820640239450667,0.8577848540412055,1.1437141100565593,132.49617644362272,99.37213233271704,0.17215893704495286,3.1252391603257923,0.4032067325380113
1,pilot,14000,0.0979020979020979,10,1.0,0.6996527777777778,0.3003472222222222,0.2844424512651231,0.2794322636392381,0.3760856356885698,1.1437141100565593,1.1437141100565593,132.49617644362272,132.49617644362272,0.22954524939327048,3.1252391603257923,0.4032067325380113
1,pilot,72000,0.5034965034965035,1,0.25,0.9420572916666666,0.057942708333333336,0.01278869311014826,0.01191583824240499,0.11683624734481175,0.09251780228482354,0.37007120913929414,106.89030021770925,26.722575054427313,0.02276806749114066,3.011972506841024,0.41848991976843936
1,pilot,72000,0.5034965034965035,1,0.5,0.8723958333333334,0.12760416666666666,0.061682197782728355,0.05966956582334306,0.2336724946896235,0.18503560456964707,0.37007120913929414,106.89030021770925,53.44515010885463,0.04553613498228132,3.011972506841024,0.41848991976843936
1,pilot,72000,0.5034965034965035,1,0.75,0.7651909722222222,0.2348090277777778,0.2314513789282905,0.22547233932548097,0.35050880246692234,0.2775533960925208,0.37007120913929414,106.89030021770925,80.16772516328194,0.06830420247342198,3.011972506841024,0.41848991976843936
1,pilot,72000,0.5034965034965035,1,1.0,0.6325954861111112,0.36740451388888884,0.5584832032521566,0.5507959458563062,0.467344989379247,0.37007120913929414,0.37007120913929414,106.89030021770925,106.89030021770925,0.09107226996456264,3.011972506841024,0.41848991976843936
1,pilot,72000,0.5034965034965035,2,0.25,0.9348958333333334,0.06510416666666663,0.007812738418579249,0.01266734270999829,0.11329955773221123,0.10022828314039443,0.40091313256157773,105.59271200324095,26.398178000810237,0.022491675938468902,3.011972506841024,0.41848991976843936
1,pilot,72000,0.5034965034965035,2,0.5,0.8600260416666666,0.13997395833333334,0.05119077364603678,0.06137884449627665,0.22659911546442246,0.20045656628078887,0.40091313256157773,105.59271200324095,52.796356001620474,0.044983351876937805,3.011972506841024,0.41848991976843936
1,pilot,72000,0.5034965034965035,2,0.75,0.7712673611111112,0.22873263888888887,0.17991092469957146,0.19355638490782845,0.3398987584643894,0.30068509115113157,0.40091313256157773,105.59271200324095,79.19453400243071,0.0674750278154067,3.011972506841024,0.41848991976843936
1,pilot,72000,0.5034965034965035,2,1.0,0.6399739583333334,0.3600260416666667,0.5363554689619275,0.5410904354519314,0.4531982309288449,0.40091313256157773,0.40091313256157773,105.59271200324095,105.59271200324095,0.08996670375387561,3.011972506841024,0.41848991976843936
1,pilot,72000,0.5034965034965035,3,0.25,0.9288194444444443,0.07118055555555558,0.03172161844041602,0.028398579814367827,0.14148010975784728,0.15323883957333034,0.6129553582933214,108.01218084845084,27.00304521211271,0.02300703261581243,3.011972506841024,0.41848991976843936
1,pilot,72000,0.5034965034965035,3,0.5,0.8226996527777778,0.1773003472222222,0.13781955507066504,0.12473909556865692,0.28296021951569456,0.3064776791466607,0.6129553582933214,108.01218084845084,54.00609042422542,0.04601406523162486,3.011972506841024,0.41848991976843936
1,pilot,72000,0.5034965034965035,3,0.75,0.6963975694444445,0.3036024305555555,0.43964118427700455,0.40921539068222046,0.42444048656357664,0.4597185883257124,0.6129553582933214,108.01218084845084,81.00913563633813,0.06902109784743729,3.011972506841024,0.41848991976843936
1,pilot,72000,0.5034965034965035,3,1.0,0.46484375,0.53515625,1.3462014463212755,1.2926349772347345,0.5659204390313891,0.6129553582933214,0.6129553582933214,108.01218084845084,108.01218084845084,0.09202813046324972,3.011972506841024,0.41848991976843936
1,pilot,72000,0.5034965034965035,4,0.25,0.9390190972222223,0.060980902777777755,0.008353233337402344,0.01108592055324051,0.11034322943952347,0.10210838417212169,0.40843353668848675,169.13366292143846,42.283415730359614,0.03602615620478114,3.011972506841024,0.41848991976843936
1,pilot,72000,0.5034965034965035,4,0.5,0.869140625,0.130859375,0.04597380426194938,0.049655076944165766,0.22068645887904695,0.20421676834424338,0.40843353668848675,169.13366292143846,84.56683146071923,0.07205231240956228,3.011972506841024,0.41848991976843936
1,pilot,72000,0.5034965034965035,4,0.75,0.7962239583333334,0.20377604166666663,0.12231445312500015,0.12731831769148508,0.3310295144716899,0.3063249720467462,0.40843353668848675,169.13366292143846,126.85024719107884,0.1080784686143434,3.011972506841024,0.41848991976843936
1,pilot,72000,0.5034965034965035,4,1.0,0.7222222222222222,0.2777777777777778,0.2558601962195503,0.25982942514949375,0.4413729177580939,0.40843353668848675,0.40843353668848675,169.13366292143846,169.13366292143846,0.14410462481912456,3.011972506841024,0.41848991976843936
1,pilot,72000,0.5034965034965035,5,0.25,0.9403211805555555,0.059678819444444454,0.009610493977864584,0.010953600725366011,0.10877411895328098,0.10471973071495692,0.4188789228598277,234.6304506062272,58.6576126515568,0.04997723763520936,3.011972506841024,0.41848991976843936
1,pilot,72000,0.5034965034965035,5,0.5,0.8799913194444445,0.12000868055555554,0.045011891259087555,0.048013864705959954,0.21754823790656197,0.20943946142991385,0.4188789228598277,234.6304506062272,117.3152253031136,0.09995447527041872,3.011972506841024,0.41848991976843936
1,pilot,72000,0.5034965034965035,5,0.75,0.81640625,0.18359375,0.11440610885620117,0.11936814917458427,0.3263222376505534,0.31415908204184634,0.4188789228598277,234.6304506062272,175.97283795467038,0.14993171290562807,3.011972506841024,0.41848991976843936
1,pilot,72000,0.5034965034965035,5,1.0,0.740234375,0.259765625,0.22764990064832893,0.23322526779439712,0.43509647581312394,0.4188789228598277,0.4188789228598277,234.6304506062272,234.6304506062272,0.19990895054083743,3.011972506841024,0.41848991976843936
1,pilot,72000,0.5034965034965035,6,0.25,0.9361979166666666,0.06380208333333333,0.013945420583089193,0.012499774185319742,0.11314214517672856,0.12349028223090702,0.4939611289236281,195.20233746816106,48.800584367040265,0.041578889617218735,3.011972506841024,0.41848991976843936
1,pilot,72000,0.5034965034965035,6,0.5,0.8671875,0.1328125,0.06032111909654395,0.05690383124682638,0.22628429035345712,0.24698056446181404,0.4939611289236281,195.20233746816106,97.60116873408053,0.08315777923443747,3.011972506841024,0.41848991976843936
1,pilot,72000,0.5034965034965035,6,0.75,0.7903645833333334,0.20963541666666666,0.15880258878072104,0.15202542146046957,0.33942631549305385,0.370470705959532,0.4939611289236281,195.20233746816106,146.4017531011208,0.12473666885165623,3.011972506841024,0.41848991976843936
1,pilot,72000,0.5034965034965035,6,1.0,0.6927083333333334,0.30729166666666663,0.3496826224856906,0.3358409537209405,0.45256858070691425,0.4939611289236281,0.4939611289236281,195.20233746816106,195.20233746816106,0.16631555846887494,3.011972506841024,0.41848991976843936
1,pilot,72000,0.5034965034965035,7,0.25,0.9351128472222223,0.06488715277777775,0.012009488211737787,0.010432159942057399,0.10202330019738941,0.12847969432671866,0.5139187773068746,292.74517209757363,73.18629302439341,0.06235590902493196,3.011972506841024,0.41848991976843936
1,pilot,72000,0.5034965034965035,7,0.5,0.8702256944444445,0.12977430555555555,0.04908132553100586,0.04530897570980919,0.20404660039477882,0.2569593886534373,0.5139187773068746,292.74517209757363,146.37258604878681,0.12471181804986392,3.011972506841024,0.41848991976843936
1,pilot,72000,0.5034965034965035,7,0.75,0.8033854166666666,0.19661458333333334,0.11893863148159456,0.11345576246579488,0.30606980125109357,0.3854389290014903,0.5139187773068746,292.74517209757363,219.55887907318024,0.18706772707479588,3.011972506841024,0.41848991976843936
1,pilot,72000,0.5034965034965035,7,1.0,0.7337239583333334,0.2662760416666667,0.23418336444430876,0.22861914005544448,0.40809320078955763,0.5139187773068746,0.5139187773068746,292.74517209757363,292.74517209757363,0.24942363609972784,3.011972506841024,0.41848991976843936
1,pilot,72000,0.5034965034965035,8,0.25,0.9288194444444445,0.07118055555555554,0.017540163464016434,0.013201481869651211,0.10268536789549722,0.15455040832360586,0.6182016332944235,383.9011724618346,95.97529311545865,0.08177250682930488,3.011972506841024,0.41848991976843936
1,pilot,72000,0.5034965034965035,8,0.5,0.8559027777777777,0.14409722222222224,0.06354784965515137,0.05474308505654335,0.20537073579099444,0.30910081664721173,0.6182016332944235,383.9011724618346,191.9505862309173,0.16354501365860977,3.011972506841024,0.41848991976843936
1,pilot,72000,0.5034965034965035,8,0.75,0.789279513888889,0.21072048611111108,0.15070909923977313,0.13412329223420885,0.3080560829904344,0.46365121006965637,0.6182016332944235,383.9011724618346,287.92587934637595,0.24531752048791466,3.011972506841024,0.41848991976843936
1,pilot,72000,0.5034965034965035,8,1.0,0.7085503472222222,0.2914496527777778,0.2980763382381862,0.2698316441641913,0.41074147158198887,0.6182016332944235,0.6182016332944235,383.9011724618346,383.9011724618346,0.32709002731721953,3.011972506841024,0.41848991976843936
1,pilot,72000,0.5034965034965035,9,0.25,0.929904513888889,0.07009548611111109,0.01078616248236767,0.015125901541776128,0.11880774713224836,0.2351086801952786,0.9404347207811145,352.5736469098529,88.14341172746323,0.07509961682296004,3.011972506841024,0.41848991976843936
1,pilot,72000,0.5034965034965035,9,0.5,0.849609375,0.150390625,0.06332921981811523,0.0706930011510849,0.2376154942644967,0.4702173603905572,0.9404347207811145,352.5736469098529,176.28682345492646,0.15019923364592008,3.011972506841024,0.41848991976843936
1,pilot,72000,0.5034965034965035,9,0.75,0.7630208333333334,0.23697916666666666,0.18697264459398064,0.19405356711811492,0.3564230799674988,0.7053257624308268,0.9404347207811145,352.5736469098529,264.4302351823897,0.22529885046888012,3.011972506841024,0.41848991976843936
1,pilot,72000,0.5034965034965035,9,1.0,0.66796875,0.33203125,0.43409003151787645,0.4376919799380832,0.4752309885289934,0.9404347207811145,0.9404347207811145,352.5736469098529,352.5736469098529,0.30039846729184017,3.011972506841024,0.41848991976843936
1,pilot,72000,0.5034965034965035,10,0.25,0.9281684027777778,0.07183159722222221,0.03259693251715771,0.024238376567761104,0.14027189380592772,0.32305095261997646,1.2922038104799058,502.55134341045476,125.63783585261369,0.1070454744839134,3.011972506841024,0.41848991976843936
1,pilot,72000,0.5034965034965035,10,0.5,0.8472222222222223,0.15277777777777776,0.11138290829128694,0.09290563729074265,0.28054378761185544,0.6461019052399529,1.2922038104799058,502.55134341045476,251.27567170522738,0.2140909489678268,3.011972506841024,0.41848991976843936
1,pilot,72000,0.5034965034965035,10,0.75,0.7775607638888888,0.22243923611111113,0.2526446713341608,0.22295686602592468,0.42081591818067765,0.9691539605458578,1.2922038104799058,502.55134341045476,376.91350755784106,0.3211364234517402,3.011972506841024,0.41848991976843936
1,pilot,72000,0.5034965034965035,10,1.0,0.6918402777777778,0.3081597222222222,0.5040526919894748,0.4597821368111505,0.5610875752237109,1.2922038104799058,1.2922038104799058,502.55134341045476,502.55134341045476,0.4281818979356536,3.011972506841024,0.41848991976843936
1,pilot,143000,1.0,1,0.25,0.9286024305555557,0.07139756944444442,0.013293504714965673,0.01804809458553791,0.1271136932902866,0.05102905589673254,0.20411622358693016,101.1164287917993,25.279107197949823,0.016444460788187246,3.031189733081394,0.41071624888314145
1,pilot,143000,1.0,1,0.5,0.8582899305555555,0.14171006944444445,0.0806360244750975,0.07770294530524148,0.2542273865805732,0.10205811179346508,0.20411622358693016,101.1164287917993,50.55821439589965,0.03288892157637449,3.031189733081394,0.41071624888314145
1,pilot,143000,1.0,1,0.75,0.751953125,0.248046875,0.25713695420159227,0.2468618932697508,0.38134100039800006,0.15308712257279292,0.20411622358693016,101.1164287917993,75.83732159384947,0.04933338236456173,3.031189733081394,0.41071624888314145
1,pilot,143000,1.0,1,1.0,0.6108940972222222,0.38910590277777773,0.6143178410000271,0.580488940080007,0.5084547731611464,0.20411622358693016,0.20411622358693016,101.1164287917993,101.1164287917993,0.06577784315274898,3.031189733081394,0.41071624888314145
1,pilot,143000,1.0,2,0.25,0.9223090277777778,0.07769097222222221,0.016094631618923366,0.02077133663826519,0.128655183646414,0.059305613239606224,0.2372224529584249,95.80134411941033,23.950336029852583,0.01558007403595175,3.031189733081394,0.41071624888314145
1,pilot,143000,1.0,2,0.5,0.8413628472222222,0.1586371527777778,0.08485587437947577,0.08229973829454847,0.257310367292828,0.11861122647921245,0.2372224529584249,95.80134411941033,47.900672059705165,0.0311601480719035,3.031189733081394,0.41071624888314145
1,pilot,143000,1.0,2,0.75,0.7406684027777778,0.2593315972222222,0.2658225960201686,0.25140388475524056,0.38596561882230973,0.17791708807150522,0.2372224529584249,95.80134411941033,71.85100808955775,0.04674022210785525,3.031189733081394,0.41071624888314145
1,pilot,143000,1.0,2,1.0,0.5920138888888888,0.40798611111111116,0.7280290921529132,0.6906690001487732,0.514620734585656,0.2372224529584249,0.2372224529584249,95.80134411941033,95.80134411941033,0.062320296143807,3.031189733081394,0.41071624888314145
1,pilot,143000,1.0,3,0.25,0.8990885416666666,0.10091145833333333,0.055063406626383316,0.05094181373715401,0.1645409597290887,0.09116678271028729,0.36466713084114916,105.11069964655444,26.27767491163861,0.0170940449480834,3.031189733081394,0.41071624888314145
1,pilot,143000,1.0,3,0.5,0.7888454861111112,0.21115451388888887,0.23953443103366423,0.20456495384375253,0.3290819194581774,0.18233356542057458,0.36466713084114916,105.11069964655444,52.55534982327722,0.0341880898961668,3.031189733081394,0.41071624888314145
1,pilot,143000,1.0,3,0.75,0.6154513888888888,0.38454861111111116,0.7079621420966253,0.636461873849233,0.4936231838332283,0.2735035220781962,0.36466713084114916,105.11069964655444,78.83302473491582,0.0512821348442502,3.031189733081394,0.41071624888314145
1,pilot,143000,1.0,3,1.0,0.4246961805555556,0.5753038194444444,1.5044716464148626,1.3843868838416207,0.6581638389163548,0.36466713084114916,0.36466713084114916,105.11069964655444,105.11069964655444,0.0683761797923336,3.031189733081394,0.41071624888314145
1,pilot,143000,1.0,4,0.25,0.927734375,0.072265625,0.014276822408040365,0.019191729525725048,0.12423468215598,0.062177061206764646,0.24870824482705858,232.34982485035007,58.08745621258752,0.037786812979332944,3.031189733081394,0.41071624888314145
1,pilot,143000,1.0,4,0.5,0.861545138888889,0.13845486111111108,0.06414413452148438,0.06774905737903382,0.24846936431196,0.12435412241352929,0.24870824482705858,232.34982485035007,116.17491242517504,0.07557362595866589,3.031189733081394,0.41071624888314145
1,pilot,143000,1.0,4,0.75,0.7821180555555557,0.21788194444444442,0.1601450443267821,0.1642604817946752,0.37270395623313063,0.18653113808896807,0.24870824482705858,232.34982485035007,174.26236863776253,0.11336043893799881,3.031189733081394,0.41071624888314145
1,pilot,143000,1.0,4,1.0,0.7003038194444443,0.2996961805555556,0.3336666954888236,0.3286185297701094,0.49693872862392,0.24870824482705858,0.24870824482705858,232.34982485035007,232.34982485035007,0.15114725191733178,3.031189733081394,0.41071624888314145
1,pilot,143000,1.0,5,0.25,0.927517361111111,0.07248263888888891,0.014023515913221521,0.019992676046159532,0.1270685609843996,0.06753965715567271,0.27015862862269086,323.7521009139525,80.93802522848813,0.05265147110302724,3.031189733081394,0.41071624888314145
1,pilot,143000,1.0,5,0.5,0.8602430555555555,0.13975694444444445,0.06021096971299903,0.06956215368376838,0.2541371219687992,0.13507931431134543,0.27015862862269086,323.7521009139525,161.87605045697626,0.10530294220605448,3.031189733081394,0.41071624888314145
1,pilot,143000,1.0,5,0.75,0.7855902777777778,0.2144097222222222,0.14996541870964894,0.15979832741949293,0.38120538327429027,0.20261880093150667,0.27015862862269086,323.7521009139525,242.81407568546442,0.15795441330908175,3.031189733081394,0.41071624888314145
1,pilot,143000,1.0,5,1.0,0.720703125,0.279296875,0.29361097017923976,0.3009285231431325,0.5082742439375983,0.27015862862269086,0.27015862862269086,323.7521009139525,323.7521009139525,0.21060588441210895,3.031189733081394,0.41071624888314145
1,pilot,143000,1.0,6,0.25,0.9116753472222222,0.08832465277777779,0.02355888154771583,0.023477779287430972,0.1593808415863249,0.10955074015590881,0.43820296062363523,305.41172359733054,76.35293089933263,0.04966879440817735,3.031189733081394,0.41071624888314145
1,pilot,143000,1.0,6,0.5,0.8287760416666666,0.17122395833333337,0.09425486458672398,0.0933558601472113,0.3187616831726498,0.21910148031181761,0.43820296062363523,305.41172359733054,152.70586179866527,0.0993375888163547,3.031189733081394,0.41071624888314145
1,pilot,143000,1.0,6,0.75,0.7215711805555557,0.2784288194444444,0.26124972767300064,0.25320787727832794,0.4781420860025618,0.3286519514189826,0.43820296062363523,305.41172359733054,229.0587926979979,0.14900638322453202,3.031189733081394,0.41071624888314145
1,pilot,143000,1.0,6,1.0,0.6030815972222222,0.39691840277777773,0.597056574291653,0.5707003010643853,0.6375233663452996,0.43820296062363523,0.43820296062363523,305.41172359733054,305.41172359733054,0.1986751776327094,3.031189733081394,0.41071624888314145
1,pilot,143000,1.0,7,0.25,0.931640625,0.068359375,0.016420761744181167,0.016100453005896673,0.15383417904376984,0.11240201195081075,0.449608047803243,441.30632770615813,110.32658192653953,0.07176919406919746,3.031189733081394,0.41071624888314145
1,pilot,143000,1.0,7,0.5,0.8682725694444445,0.13172743055555555,0.06201725535922561,0.05707470493184195,0.3076683580875397,0.2248040239016215,0.449608047803243,441.30632770615813,220.65316385307906,0.14353838813839492,3.031189733081394,0.41071624888314145
1,pilot,143000,1.0,7,0.75,0.794921875,0.20507812499999997,0.14530618985493962,0.1335598412487242,0.46150250898467166,0.3372060292296939,0.449608047803243,441.30632770615813,330.9797457796186,0.21530758220759239,3.031189733081394,0.41071624888314145
1,pilot,143000,1.0,7,1.0,0.7287326388888888,0.2712673611111111,0.28436001141866035,0.26041193306446075,0.6153367161750793,0.449608047803243,0.449608047803243,441.30632770615813,441.30632770615813,0.28707677627678985,3.031189733081394,0.41071624888314145
1,pilot,143000,1.0,8,0.25,0.9314236111111112,0.06857638888888888,0.008534113566080729,0.015643602651026513,0.16001800364918178,0.15163355072339377,0.6065342028935751,540.0421543646216,135.0105385911554,0.08782649998154825,3.031189733081394,0.41071624888314145
1,pilot,143000,1.0,8,0.5,0.8732638888888888,0.12673611111111113,0.044836521148681495,0.054999764180845685,0.32003600729836357,0.30326710144678753,0.6065342028935751,540.0421543646216,270.0210771823108,0.1756529999630965,3.031189733081394,0.41071624888314145
1,pilot,143000,1.0,8,0.75,0.8135850694444443,0.18641493055555558,0.11677196290757896,0.12966652380095586,0.48005404074986774,0.45490066210428876,0.6065342028935751,540.0421543646216,405.0316157734662,0.26347949994464476,3.031189733081394,0.41071624888314145
1,pilot,143000,1.0,8,1.0,0.7426215277777778,0.2573784722222222,0.24444376097785092,0.2522670676310857,0.6400720145967271,0.6065342028935751,0.6065342028935751,540.0421543646216,540.0421543646216,0.351305999926193,3.031189733081394,0.41071624888314145
1,pilot,143000,1.0,9,0.25,0.931640625,0.068359375,0.014294889238145517,0.01773520579768552,0.1939732482035955,0.19363308615154692,0.7745323446061877,529.3144182721542,132.32860456803854,0.0860818592972749,3.031189733081394,0.41071624888314145
1,pilot,143000,1.0,9,0.5,0.8561197916666666,0.1438802083333333,0.06327276759677458,0.0665473524067137,0.387946496407191,0.38726617230309385,0.7745323446061877,529.3144182721542,264.6572091360771,0.1721637185945498,3.031189733081394,0.41071624888314145
1,pilot,143000,1.0,9,0.75,0.7845052083333334,0.21549479166666663,0.16193601820203973,0.16162179244889152,0.5819194316864014,0.5808989273177253,0.7745323446061877,529.3144182721542,396.9858137041156,0.2582455778918247,3.031189733081394,0.41071624888314145
1,pilot,143000,1.0,9,1.0,0.701171875,0.298828125,0.33023140165540904,0.3264215754138099,0.775892992814382,0.7745323446061877,0.7745323446061877,529.3144182721542,529.3144182721542,0.3443274371890996,3.031189733081394,0.41071624888314145
1,pilot,143000,1.0,10,0.25,0.894314236111111,0.10568576388888891,0.08444547653198227,0.06128633560405836,0.2126056303580602,0.23436560067865583,0.9374624027146233,676.6880692697781,169.17201731744453,0.1100490845444443,3.031189733081394,0.41071624888314145
1,pilot,143000,1.0,10,0.5,0.7810329861111112,0.21896701388888887,0.282935857772827,0.23510193824768066,0.4252112607161204,0.46873120135731167,0.9374624027146233,676.6880692697781,338.34403463488906,0.2200981690888886,3.031189733081394,0.41071624888314145
1,pilot,143000,1.0,10,0.75,0.6651475694444445,0.3348524305555555,0.5698407491048175,0.4953635566764408,0.6378167072931925,0.70309669441647,0.9374624027146233,676.6880692697781,507.51605195233356,0.33014725363333286,3.031189733081394,0.41071624888314145
1,pilot,143000,1.0,10,1.0,0.5575086805555556,0.4424913194444444,0.9121197064717611,0.8155446913507248,0.8504225214322408,0.9374624027146233,0.9374624027146233,676.6880692697781,676.6880692697781,0.4401963381777772,3.031189733081394,0.41071624888314145
4,pilot,14000,0.0979020979020979,1,0.25,0.9450954861111112,0.054904513888888874,0.006936497158474293,0.00862560985195968,0.10266794761021932,0.10939912746349971,0.43759650985399884,97.69728772265007,24.42432193066252,0.04235748381783769,3.122148116429647,0.40229752328660756
4,pilot,14000,0.0979020979020979,1,0.5,0.8862847222222222,0.11371527777777779,0.0389780998229979,0.040000797559817634,0.20533589522043863,0.21879825492699942,0.43759650985399884,97.69728772265007,48.84864386132504,0.08471496763567538,3.122148116429647,0.40229752328660756
4,pilot,14000,0.0979020979020979,1,0.75,0.8053385416666666,0.19466145833333334,0.11808933152092808,0.11595726344320507,0.3080037169986301,0.32819726400905186,0.43759650985399884,97.69728772265007,73.27296579198756,0.12707245145351306,3.122148116429647,0.40229752328660756
4,pilot,14000,0.0979020979020979,1,1.0,0.7163628472222222,0.2836371527777778,0.3058484925164115,0.291908644967609,0.41067179044087726,0.43759650985399884,0.43759650985399884,97.69728772265007,97.69728772265007,0.16942993527135075,3.122148116429647,0.40229752328660756
4,pilot,14000,0.0979020979020979,2,0.25,0.9325086805555555,0.06749131944444446,0.01776801215277768,0.013523635661436452,0.12235930479235119,0.14759861098395455,0.5903944439358182,100.62960846992326,25.157402117480814,0.043628816231424616,3.122148116429647,0.40229752328660756
4,pilot,14000,0.0979020979020979,2,0.5,0.8465711805555555,0.15342881944444445,0.09152189890543605,0.07384633852375878,0.24471860958470237,0.2951972219679091,0.5903944439358182,100.62960846992326,50.31480423496163,0.08725763246284923,3.122148116429647,0.40229752328660756
4,pilot,14000,0.0979020979020979,2,0.75,0.7317708333333334,0.2682291666666667,0.28762774997287305,0.24928818974230024,0.36707791023784214,0.4427958495087094,0.5903944439358182,100.62960846992326,75.47220635244244,0.13088644869427385,3.122148116429647,0.40229752328660756
4,pilot,14000,0.0979020979020979,2,1.0,0.5889756944444445,0.4110243055555555,0.732475095325046,0.6765716605716281,0.48943721916940475,0.5903944439358182,0.5903944439358182,100.62960846992326,100.62960846992326,0.17451526492569847,3.122148116429647,0.40229752328660756
4,pilot,14000,0.0979020979020979,3,0.25,0.9407552083333334,0.059244791666666664,0.015526824527316574,0.008904259548419053,0.10374192314015496,0.13676503797372183,0.5470601518948873,100.68493014346897,25.171232535867244,0.0436528014099962,3.122148116429647,0.40229752328660756
4,pilot,14000,0.0979020979020979,3,0.5,0.8760850694444445,0.12391493055555554,0.05930301878187386,0.04480671385924021,0.2074838462803099,0.27353007594744366,0.5470601518948873,100.68493014346897,50.34246507173449,0.0873056028199924,3.122148116429647,0.40229752328660756
4,pilot,14000,0.0979020979020979,3,0.75,0.8157552083333334,0.18424479166666663,0.14611755477057553,0.1233146886030833,0.3112254970603519,0.4102947612603505,0.5470601518948873,100.68493014346897,75.51369760760173,0.13095840422998864,3.122148116429647,0.40229752328660756
4,pilot,14000,0.0979020979020979,3,1.0,0.7356770833333334,0.2643229166666667,0.3052472273508706,0.2730206317371792,0.4149676925606198,0.5470601518948873,0.5470601518948873,100.68493014346897,100.68493014346897,0.1746112056399848,3.122148116429647,0.40229752328660756
4,pilot,14000,0.0979020979020979,4,0.25,0.9390190972222222,0.06098090277777779,0.010763035880194671,0.011268494754201837,0.12493827359543908,0.2263828714688619,0.9055314858754476,101.72469609075239,25.431174022688097,0.044103600713774484,3.122148116429647,0.40229752328660756
4,pilot,14000,0.0979020979020979,4,0.5,0.8702256944444445,0.12977430555555555,0.059637255138820976,0.055623598810699254,0.24987654719087815,0.4527657429377238,0.9055314858754476,101.72469609075239,50.862348045376194,0.08820720142754897,3.122148116429647,0.40229752328660756
4,pilot,14000,0.0979020979020979,4,0.75,0.7827690972222222,0.2172309027777778,0.17359903123643652,0.15825495455000135,0.37481468584802413,0.679149846235911,0.9055314858754476,101.72469609075239,76.29352206806429,0.13231080214132346,3.122148116429647,0.40229752328660756
4,pilot,14000,0.0979020979020979,4,1.0,0.6393229166666666,0.3606770833333333,0.5000434186723496,0.4644023577372233,0.4997530943817563,0.9055314858754476,0.9055314858754476,101.72469609075239,101.72469609075239,0.17641440285509793,3.122148116429647,0.40229752328660756
4,pilot,14000,0.0979020979020979,5,0.25,0.9444444444444443,0.05555555555555558,0.016017013125949237,0.009508587626947297,0.08971890227662192,0.14243156048986647,0.5697262419594659,99.4469506001974,24.86173765004935,0.04311606492842875,3.122148116429647,0.40229752328660756
4,pilot,14000,0.0979020979020979,5,0.5,0.8895399305555557,0.11046006944444442,0.05812480714586036,0.04205652823050817,0.17943780455324385,0.28486312097973293,0.5697262419594659,99.4469506001974,49.7234753000987,0.0862321298568575,3.122148116429647,0.40229752328660756
4,pilot,14000,0.0979020979020979,5,0.75,0.8276909722222223,0.17230902777777776,0.13733047909206805,0.10857467270559734,0.2691565222210354,0.42729438344637555,0.5697262419594659,99.4469506001974,74.58521295014805,0.12934819478528622,3.122148116429647,0.40229752328660756
4,pilot,14000,0.0979020979020979,5,1.0,0.7667100694444443,0.23328993055555558,0.2557118203904893,0.21289360523223877,0.3588756091064877,0.5697262419594659,0.5697262419594659,99.4469506001974,99.4469506001974,0.172464259713715,3.122148116429647,0.40229752328660756
4,pilot,14000,0.0979020979020979,6,0.25,0.9392361111111112,0.060763888888888874,0.020326799816555347,0.010894588815669218,0.10716095566749573,0.17109579179022047,0.6843831671608819,114.32586043053038,28.581465107632596,0.04956694188782342,3.122148116429647,0.40229752328660756
4,pilot,14000,0.0979020979020979,6,0.5,0.875,0.125,0.07213918368021632,0.05129306846194797,0.21432191133499146,0.34219158358044094,0.6843831671608819,114.32586043053038,57.16293021526519,0.09913388377564684,3.122148116429647,0.40229752328660756
4,pilot,14000,0.0979020979020979,6,0.75,0.7942708333333334,0.2057291666666667,0.175542116165161,0.14018789264890882,0.3214829961458842,0.5132875243822733,0.6843831671608819,114.32586043053038,85.74439532289779,0.14870082566347026,3.122148116429647,0.40229752328660756
4,pilot,14000,0.0979020979020979,6,1.0,0.7003038194444445,0.2996961805555555,0.37821504804823114,0.3200696077611711,0.4286438226699829,0.6843831671608819,0.6843831671608819,114.32586043053038,114.32586043053038,0.1982677675512937,3.122148116429647,0.40229752328660756
4,pilot,14000,0.0979020979020979,7,0.25,0.951388888888889,0.048611111111111084,0.008781221177842783,0.006373160673926274,0.08475320951806174,0.15163634220759073,0.6065453688303629,107.70316250140623,26.925790625351556,0.046695615294196115,3.122148116429647,0.40229752328660756
4,pilot,14000,0.0979020979020979,7,0.5,0.9012586805555557,0.09874131944444442,0.03389385011461036,0.02822791722913583,0.16950641903612348,0.30327268441518146,0.6065453688303629,107.70316250140623,53.85158125070311,0.09339123058839223,3.122148116429647,0.40229752328660756
4,pilot,14000,0.0979020979020979,7,0.75,0.8491753472222222,0.1508246527777778,0.08163415061102963,0.07144877645704482,0.25425962938202756,0.45490900013181895,0.6065453688303629,107.70316250140623,80.77737187605467,0.14008684588258835,3.122148116429647,0.40229752328660756
4,pilot,14000,0.0979020979020979,7,1.0,0.793185763888889,0.20681423611111108,0.16101818614535857,0.14491417341762117,0.33901283807224697,0.6065453688303629,0.6065453688303629,107.70316250140623,107.70316250140623,0.18678246117678446,3.122148116429647,0.40229752328660756
4,pilot,14000,0.0979020979020979,8,0.25,0.953125,0.046875,0.0038474400838214664,0.007135414673636357,0.08324578321642345,0.1711301571793026,0.6845206287172104,117.81459896155583,29.453649740388958,0.051079513928636765,3.122148116429647,0.40229752328660756
4,pilot,14000,0.0979020979020979,8,0.5,0.904296875,0.095703125,0.025580061806572612,0.030971860513091087,0.1664915664328469,0.3422603143586052,0.6845206287172104,117.81459896155583,58.907299480777915,0.10215902785727353,3.122148116429647,0.40229752328660756
4,pilot,14000,0.0979020979020979,8,0.75,0.8489583333333334,0.15104166666666666,0.069953680038452,0.07671665069129731,0.24973721967803106,0.513390236430698,0.6845206287172104,117.81459896155583,88.36094922116688,0.1532385417859103,3.122148116429647,0.40229752328660756
4,pilot,14000,0.0979020979020979,8,1.0,0.7897135416666666,0.21028645833333334,0.14519919289482944,0.1529098136557473,0.3329831328656938,0.6845206287172104,0.6845206287172104,117.81459896155583,117.81459896155583,0.20431805571454706,3.122148116429647,0.40229752328660756
4,pilot,14000,0.0979020979020979,9,0.25,0.9418402777777778,0.05815972222222221,0.01887883080376514,0.010102034856875738,0.08746117187870873,0.21320172482066682,0.8528068992826673,121.07565649870902,30.268914124677256,0.05249337295255499,3.122148116429647,0.40229752328660756
4,pilot,14000,0.0979020979020979,9,0.5,0.881076388888889,0.11892361111111109,0.06183759371439616,0.04415114182564947,0.17492234375741747,0.42640344964133364,0.8528068992826673,121.07565649870902,60.53782824935451,0.10498674590510998,3.122148116429647,0.40229752328660756
4,pilot,14000,0.0979020979020979,9,0.75,0.81640625,0.18359375,0.13757880528767888,0.11037964787748124,0.26238343450758195,0.639604992336697,0.8528068992826673,121.07565649870902,90.80674237403177,0.15748011885766497,3.122148116429647,0.40229752328660756
4,pilot,14000,0.0979020979020979,9,1.0,0.7491319444444443,0.2508680555555556,0.26145365503099205,0.22293329404460058,0.34984468751483494,0.8528068992826673,0.8528068992826673,121.07565649870902,121.07565649870902,0.20997349181021996,3.122148116429647,0.40229752328660756
4,pilot,14000,0.0979020979020979,10,0.25,0.9301215277777778,0.06987847222222221,0.011635833316379074,0.013137957288159264,0.09040373812119167,0.2732646895779504,1.0930587583118017,134.76928075481473,33.69232018870368,0.05843035934548505,3.122148116429647,0.40229752328660756
4,pilot,14000,0.0979020979020979,10,0.5,0.8604600694444443,0.13953993055555558,0.05335919062296535,0.05612652459078365,0.18080747624238333,0.5465293791559008,1.0930587583118017,134.76928075481473,67.38464037740737,0.1168607186909701,3.122148116429647,0.40229752328660756
4,pilot,14000,0.0979020979020979,10,0.75,0.7996961805555555,0.20030381944444445,0.12955742412143265,0.13227023432652155,0.2712111605538262,0.819794237613678,1.0930587583118017,134.76928075481473,101.07696056611104,0.17529107803645513,3.122148116429647,0.40229752328660756
4,pilot,14000,0.0979020979020979,10,1.0,0.7339409722222223,0.26605902777777773,0.244863881005181,0.24561180339919197,0.36161495248476666,1.0930587583118017,1.0930587583118017,134.76928075481473,134.76928075481473,0.2337214373819402,3.122148116429647,0.40229752328660756
4,pilot,72000,0.5034965034965035,1,0.25,0.9368489583333334,0.06315104166666667,0.006037765079074386,0.012244353691736857,0.11031788256433274,0.08695807721879749,0.34783230887518995,109.2963257029366,27.32408142573415,0.021042069186986184,3.0169535477956138,0.4240336815516154
4,pilot,72000,0.5034965034965035,1,0.5,0.8546006944444443,0.14539930555555558,0.050425052642822266,0.061736777010891176,0.22063576512866548,0.17391615443759498,0.34783230887518995,109.2963257029366,54.6481628514683,0.04208413837397237,3.0169535477956138,0.4240336815516154
4,pilot,72000,0.5034965034965035,1,0.75,0.76171875,0.23828125000000003,0.19270062446594238,0.20240766141149735,0.3309539490275913,0.26087451643413967,0.34783230887518995,109.2963257029366,81.97224427720245,0.06312620756095853,3.0169535477956138,0.4240336815516154
4,pilot,72000,0.5034965034965035,1,1.0,0.6187065972222222,0.38129340277777773,0.6144933700561523,0.6133972406387329,0.44127153025733096,0.34783230887518995,0.34783230887518995,109.2963257029366,109.2963257029366,0.08416827674794473,3.0169535477956138,0.4240336815516154
4,pilot,72000,0.5034965034965035,2,0.25,0.919921875,0.080078125,0.022026724285549488,0.017689266138606604,0.13217954337596893,0.11574681682719125,0.462987267308765,108.88887364028291,27.222218410070727,0.020963625246280964,3.0169535477956138,0.4240336815516154
4,pilot,72000,0.5034965034965035,2,0.5,0.8276909722222222,0.1723090277777778,0.10885304874844026,0.09766417493422826,0.26435908675193787,0.2314936336543825,0.462987267308765,108.88887364028291,54.444436820141455,0.04192725049256193,3.0169535477956138,0.4240336815516154
4,pilot,72000,0.5034965034965035,2,0.75,0.7059461805555555,0.2940538194444445,0.3471683131323921,0.33236867520544267,0.3965386946996053,0.3472401665316687,0.462987267308765,108.88887364028291,81.66665523021219,0.06289087573884289,3.0169535477956138,0.4240336815516154
4,pilot,72000,0.5034965034965035,2,1.0,0.5509982638888888,0.44900173611111116,0.8585605621337891,0.8480025132497152,0.5287181735038757,0.462987267308765,0.462987267308765,108.88887364028291,108.88887364028291,0.08385450098512386,3.0169535477956138,0.4240336815516154
4,pilot,72000,0.5034965034965035,3,0.25,0.9329427083333334,0.06705729166666667,0.018535375595092624,0.01289358859260877,0.11248576806651221,0.10933059453964233,0.43732237815856934,127.63587189303688,31.90896797325922,0.024572855764742565,3.0169535477956138,0.4240336815516154
4,pilot,72000,0.5034965034965035,3,0.5,0.8700086805555555,0.12999131944444445,0.07413201861911345,0.061848616848389305,0.22497153613302442,0.21866118907928467,0.43732237815856934,127.63587189303688,63.81793594651844,0.04914571152948513,3.0169535477956138,0.4240336815516154
4,pilot,72000,0.5034965034965035,3,0.75,0.7940538194444445,0.20594618055555555,0.1917177571190729,0.17014207608169982,0.337457279364268,0.3279916379186842,0.43732237815856934,127.63587189303688,95.72690391977766,0.0737185672942277,3.0169535477956138,0.4240336815516154
4,pilot,72000,0.5034965034965035,3,1.0,0.6924913194444445,0.3075086805555555,0.4135258197784424,0.3810840282175276,0.44994307226604885,0.43732237815856934,0.43732237815856934,127.63587189303688,127.63587189303688,0.09829142305897026,3.0169535477956138,0.4240336815516154
4,pilot,72000,0.5034965034965035,4,0.25,0.9327256944444445,0.06727430555555554,0.01931966675652408,0.02439201229976283,0.13413123289744058,0.18107460770342085,0.7242984308136834,136.07417593996797,34.01854398499199,0.02619742435325074,3.0169535477956138,0.4240336815516154
4,pilot,72000,0.5034965034965035,4,0.5,0.8489583333333334,0.15104166666666666,0.08000270525614421,0.08714710672696431,0.26826246579488117,0.3621492154068417,0.7242984308136834,136.07417593996797,68.03708796998399,0.05239484870650148,3.0169535477956138,0.4240336815516154
4,pilot,72000,0.5034965034965035,4,0.75,0.7463107638888888,0.2536892361111111,0.21721355120340982,0.21733585993448892,0.40239400333828396,0.5432338251007928,0.7242984308136834,136.07417593996797,102.05563195497598,0.07859227305975222,3.0169535477956138,0.4240336815516154
4,pilot,72000,0.5034965034965035,4,1.0,0.5635850694444445,0.4364149305555555,0.7940482563442653,0.7711514698134527,0.5365249315897623,0.7242984308136834,0.7242984308136834,136.07417593996797,136.07417593996797,0.10478969741300297,3.0169535477956138,0.4240336815516154
4,pilot,72000,0.5034965034965035,5,0.25,0.9364149305555555,0.06358506944444446,0.01992193857828776,0.01284925039443705,0.10033510542578168,0.10126950177881454,0.40507800711525815,244.73285462689537,61.183213656723844,0.04711673174983413,3.0169535477956138,0.4240336815516154
4,pilot,72000,0.5034965034965035,5,0.5,0.8684895833333334,0.13151041666666666,0.0700070858001709,0.055065788328647614,0.20067021085156336,0.20253900355762908,0.40507800711525815,244.73285462689537,122.36642731344769,0.09423346349966825,3.0169535477956138,0.4240336815516154
4,pilot,72000,0.5034965034965035,5,0.75,0.7990451388888888,0.20095486111111113,0.15924353069729266,0.134748347931438,0.3010052541891734,0.30380845069885254,0.40507800711525815,244.73285462689537,183.5496409701715,0.14135019524950235,3.0169535477956138,0.4240336815516154
4,pilot,72000,0.5034965034965035,5,1.0,0.7350260416666666,0.2649739583333333,0.2881118986341688,0.25333698756164974,0.4013404217031267,0.40507800711525815,0.40507800711525815,244.73285462689537,244.73285462689537,0.1884669269993365,3.0169535477956138,0.4240336815516154
4,pilot,72000,0.5034965034965035,6,0.25,0.9307725694444445,0.06922743055555554,0.019564443164401535,0.014712199465268187,0.11700565450721317,0.12625352955526778,0.5050141182210711,317.48604206545116,79.37151051636279,0.06112340209131232,3.0169535477956138,0.4240336815516154
4,pilot,72000,0.5034965034965035,6,0.5,0.8474392361111112,0.15256076388888887,0.07850514517890088,0.067635178565979,0.23401130901442635,0.25250705911053556,0.5050141182210711,317.48604206545116,158.74302103272558,0.12224680418262464,3.0169535477956138,0.4240336815516154
4,pilot,72000,0.5034965034965035,6,0.75,0.7680121527777778,0.2319878472222222,0.2040504349602593,0.18510867324140334,0.35101684265666533,0.3787604769070943,0.5050141182210711,317.48604206545116,238.11453154908838,0.18337020627393696,3.0169535477956138,0.4240336815516154
4,pilot,72000,0.5034965034965035,6,1.0,0.6688368055555555,0.3311631944444445,0.4442224237653944,0.4177462524837918,0.4680226180288527,0.5050141182210711,0.5050141182210711,317.48604206545116,317.48604206545116,0.24449360836524928,3.0169535477956138,0.4240336815516154
4,pilot,72000,0.5034965034965035,7,0.25,0.9429253472222223,0.057074652777777755,0.010785738627116034,0.010085085820820598,0.0941862811644872,0.11366563787062962,0.4546625514825185,341.93707603947064,85.48426900986766,0.0658307913403623,3.0169535477956138,0.4240336815516154
4,pilot,72000,0.5034965034965035,7,0.5,0.8836805555555555,0.11631944444444446,0.04363364643520784,0.04354706903298696,0.1883725623289744,0.22733127574125925,0.4546625514825185,341.93707603947064,170.96853801973532,0.1316615826807246,3.0169535477956138,0.4240336815516154
4,pilot,72000,0.5034965034965035,7,0.75,0.8159722222222222,0.1840277777777778,0.10654256078932016,0.10882714473538929,0.2825588583946228,0.34099696079889935,0.4546625514825185,341.93707603947064,256.452807029603,0.19749237402108688,3.0169535477956138,0.4240336815516154
4,pilot,72000,0.5034965034965035,7,1.0,0.751953125,0.248046875,0.21308769120110402,0.21932823956012726,0.3767451246579488,0.4546625514825185,0.4546625514825185,341.93707603947064,341.93707603947064,0.2633231653614492,3.0169535477956138,0.4240336815516154
4,pilot,72000,0.5034965034965035,8,0.25,0.937717013888889,0.062282986111111084,0.008610725402832031,0.010691438284185195,0.09856648494799931,0.13818921811050838,0.5527568724420335,450.26203879261834,112.56550969815459,0.08668585070552988,3.0169535477956138,0.4240336815516154
4,pilot,72000,0.5034965034965035,8,0.5,0.8756510416666666,0.12434895833333333,0.039971325132582024,0.04558176381720438,0.19713296989599863,0.27637843622101677,0.5527568724420335,450.26203879261834,225.13101939630917,0.17337170141105976,3.0169535477956138,0.4240336815516154
4,pilot,72000,0.5034965034965035,8,0.75,0.8077256944444445,0.19227430555555555,0.1031951904296875,0.1131538533502155,0.2956993911001417,0.41456758313708836,0.5527568724420335,450.26203879261834,337.69652909446376,0.26005755211658965,3.0169535477956138,0.4240336815516154
4,pilot,72000,0.5034965034965035,8,1.0,0.7439236111111112,0.2560763888888889,0.2140524652269152,0.2281639956765705,0.39426593979199726,0.5527568724420335,0.5527568724420335,450.26203879261834,450.26203879261834,0.3467434028221195,3.0169535477956138,0.4240336815516154
4,pilot,72000,0.5034965034965035,9,0.25,0.9231770833333334,0.0768229166666667,0.0187202824486626,0.016763367586665686,0.11959748384025363,0.22571461068259346,0.9028584427303739,448.5897652789542,112.14744131973855,0.08636389939794681,3.0169535477956138,0.4240336815516154
4,pilot,72000,0.5034965034965035,9,0.5,0.843967013888889,0.15603298611111108,0.08261802461412208,0.07858141263326009,0.23919496768050727,0.45142922136518693,0.9028584427303739,448.5897652789542,224.2948826394771,0.17272779879589362,3.0169535477956138,0.4240336815516154
4,pilot,72000,0.5034965034965035,9,0.75,0.7610677083333334,0.23893229166666666,0.21897737185160318,0.2126532660590278,0.35879237453142804,0.6771436995930142,0.9028584427303739,448.5897652789542,336.4423239592156,0.2590916981938404,3.0169535477956138,0.4240336815516154
4,pilot,72000,0.5034965034965035,9,1.0,0.6592881944444444,0.3407118055555556,0.48344262440999347,0.47419126828511554,0.47838993536101454,0.9028584427303739,0.9028584427303739,448.5897652789542,448.5897652789542,0.34545559759178723,3.0169535477956138,0.4240336815516154
4,pilot,72000,0.5034965034965035,10,0.25,0.92578125,0.07421875,0.017776224348280117,0.0202140085813072,0.1233782230152024,0.2917110092110104,1.1668440368440416,571.822597300683,142.95564932517075,0.11008906820698201,3.0169535477956138,0.4240336815516154
4,pilot,72000,0.5034965034965035,10,0.5,0.853515625,0.146484375,0.07661867141723618,0.08265899204545551,0.2467564460304048,0.5834220184220208,1.1668440368440416,571.822597300683,285.9112986503415,0.22017813641396403,3.0169535477956138,0.4240336815516154
4,pilot,72000,0.5034965034965035,10,0.75,0.7825520833333334,0.21744791666666666,0.18136967553032765,0.19099902113278708,0.3701341119077471,0.8751318322287666,1.1668440368440416,571.822597300683,428.86694797551235,0.33026720462094605,3.0169535477956138,0.4240336815516154
4,pilot,72000,0.5034965034965035,10,1.0,0.702907986111111,0.2970920138888889,0.3482206397586398,0.36164241698053146,0.4935128920608096,1.1668440368440416,1.1668440368440416,571.822597300683,571.822597300683,0.44035627282792805,3.0169535477956138,0.4240336815516154
4,pilot,143000,1.0,1,0.25,0.9188368055555557,0.08116319444444442,0.009661171171400232,0.022379329635037314,0.12035040143463348,0.05104369380407864,0.20417477521631455,99.15034639809714,24.787586599524285,0.014718454028788233,3.005774206585354,0.4162711236211989
4,pilot,143000,1.0,1,0.5,0.8465711805555555,0.15342881944444445,0.06134626600477441,0.07902814158134991,0.24070080286926696,0.10208738760815728,0.20417477521631455,99.15034639809714,49.57517319904857,0.029436908057576466,3.005774206585354,0.4162711236211989
4,pilot,143000,1.0,1,0.75,0.7415364583333334,0.25846354166666663,0.2275876733991836,0.2365536242723465,0.36105089717441136,0.15313094192081025,0.20417477521631455,99.15034639809714,74.36275979857285,0.0441553620863647,3.005774206585354,0.4162711236211989
4,pilot,143000,1.0,1,1.0,0.5891927083333334,0.4108072916666667,0.7012475861443415,0.6896834903293185,0.4814016057385339,0.20417477521631455,0.20417477521631455,99.15034639809714,99.15034639809714,0.05887381611515293,3.005774206585354,0.4162711236211989
4,pilot,143000,1.0,2,0.25,0.8975694444444443,0.10243055555555558,0.030053721533881344,0.0305647709303432,0.15072101685735914,0.07231393373674816,0.28925573494699264,95.87990047944112,23.96997511986028,0.014232970017324398,3.005774206585354,0.4162711236211989
4,pilot,143000,1.0,2,0.5,0.806857638888889,0.19314236111111108,0.1317067941029868,0.12675555547078451,0.3014420337147183,0.14462786747349632,0.28925573494699264,95.87990047944112,47.93995023972056,0.028465940034648796,3.005774206585354,0.4162711236211989
4,pilot,143000,1.0,2,0.75,0.677517361111111,0.3224826388888889,0.41059263547261554,0.3873969250255161,0.4521629148059421,0.21694214476479426,0.28925573494699264,95.87990047944112,71.90992535958084,0.0426989100519732,3.005774206585354,0.4162711236211989
4,pilot,143000,1.0,2,1.0,0.5342881944444445,0.4657118055555555,0.9456897576649984,0.9136590427822536,0.6028840674294366,0.28925573494699264,0.28925573494699264,95.87990047944112,95.87990047944112,0.05693188006929759,3.005774206585354,0.4162711236211989
4,pilot,143000,1.0,3,0.25,0.912109375,0.087890625,0.02180422676934146,0.025361913152866896,0.12373120917214288,0.06737664838631947,0.2695065935452779,139.14175116175898,34.785437790439744,0.02065501072216874,3.005774206585354,0.4162711236211989
4,pilot,143000,1.0,3,0.5,0.843967013888889,0.15603298611111108,0.09846941630045587,0.08947503318389256,0.24746241834428576,0.13475329677263895,0.2695065935452779,139.14175116175898,69.57087558087949,0.04131002144433748,3.005774206585354,0.4162711236211989
4,pilot,143000,1.0,3,0.75,0.7632378472222222,0.2367621527777778,0.2571600808037651,0.23165880309210882,0.37119368380970424,0.2021302299367057,0.2695065935452779,139.14175116175898,104.35631337131923,0.06196503216650621,3.005774206585354,0.4162711236211989
4,pilot,143000,1.0,3,1.0,0.6493055555555555,0.3506944444444445,0.5517173608144126,0.5160609814855787,0.4949248366885715,0.2695065935452779,0.2695065935452779,139.14175116175898,139.14175116175898,0.08262004288867496,3.005774206585354,0.4162711236211989
4,pilot,143000,1.0,4,0.25,0.9034288194444443,0.09657118055555558,0.03473763995700422,0.04280218150880602,0.15209569864802888,0.1111874274081654,0.4447497096326616,156.8742239837906,39.21855599594765,0.023287322111176834,3.005774206585354,0.4162711236211989
4,pilot,143000,1.0,4,0.5,0.8231336805555555,0.17686631944444445,0.11644726329379622,0.11455754025114906,0.30419139729605776,0.2223748548163308,0.4447497096326616,156.8742239837906,78.4371119918953,0.04657464422235367,3.005774206585354,0.4162711236211989
4,pilot,143000,1.0,4,0.75,0.7124565972222222,0.2875434027777778,0.3013366063435874,0.2878192663192749,0.4562867548730638,0.33355921838018626,0.4447497096326616,156.8742239837906,117.65566798784296,0.06986196633353052,3.005774206585354,0.4162711236211989
4,pilot,143000,1.0,4,1.0,0.5167100694444445,0.4832899305555555,0.9017853471967908,0.8791328999731275,0.6083827945921155,0.4447497096326616,0.4447497096326616,156.8742239837906,156.8742239837906,0.09314928844470734,3.005774206585354,0.4162711236211989
4,pilot,143000,1.0,5,0.25,0.91796875,0.08203125,0.022837003072102863,0.02367251676817735,0.11967221150795619,0.07015638218985663,0.28062552875942653,357.70679823333677,89.42669955833419,0.053100077375861164,3.005774206585354,0.4162711236211989
4,pilot,143000,1.0,5,0.5,0.8559027777777777,0.14409722222222224,0.07882298363579654,0.07447073774205314,0.23934442301591238,0.14031276437971327,0.28062552875942653,357.70679823333677,178.85339911666838,0.10620015475172233,3.005774206585354,0.4162711236211989
4,pilot,143000,1.0,5,0.75,0.7868923611111112,0.21310763888888887,0.18714491526285806,0.17086230549547407,0.3590165707800123,0.210469095243348,0.28062552875942653,357.70679823333677,268.2800986750026,0.15930023212758349,3.005774206585354,0.4162711236211989
4,pilot,143000,1.0,5,1.0,0.7081163194444445,0.2918836805555555,0.3423706690470379,0.31916484898991054,0.47868884603182477,0.28062552875942653,0.28062552875942653,357.70679823333677,357.70679823333677,0.21240030950344466,3.005774206585354,0.4162711236211989
4,pilot,143000,1.0,6,0.25,0.8988715277777778,0.10112847222222221,0.027440309524536133,0.03001576744847827,0.15519211027357313,0.098569189508756,0.394276758035024,414.5419892108767,103.63549730271917,0.06153702364997297,3.005774206585354,0.4162711236211989
4,pilot,143000,1.0,6,0.5,0.814236111111111,0.18576388888888892,0.10094563166300456,0.10782288594378364,0.31038422054714626,0.197138379017512,0.394276758035024,414.5419892108767,207.27099460543835,0.12307404729994594,3.005774206585354,0.4162711236211989
4,pilot,143000,1.0,6,0.75,0.705078125,0.294921875,0.2816482120090062,0.2833221587869856,0.4655761222044627,0.29570745428403217,0.394276758035024,414.5419892108767,310.90649190815753,0.1846110709499189,3.005774206585354,0.4162711236211989
4,pilot,143000,1.0,6,1.0,0.5831163194444445,0.4168836805555555,0.6276899708641902,0.624182211028205,0.6207684410942925,0.394276758035024,0.394276758035024,414.5419892108767,414.5419892108767,0.24614809459989187,3.005774206585354,0.4162711236211989
4,pilot,143000,1.0,7,0.25,0.922092013888889,0.07790798611111109,0.015755971272786457,0.021527318904797237,0.14344283772839442,0.11849271754423778,0.4739708701769511,491.7625051897666,122.94062629744165,0.0730000861182692,3.005774206585354,0.4162711236211989
4,pilot,143000,1.0,7,0.5,0.8569878472222223,0.14301215277777776,0.06169205241733137,0.06726459703511661,0.28688567545678884,0.23698543508847555,0.4739708701769511,491.7625051897666,245.8812525948833,0.1460001722365384,3.005774206585354,0.4162711236211989
4,pilot,143000,1.0,7,0.75,0.7873263888888888,0.21267361111111113,0.14721759160359715,0.1531496561235852,0.43032835258377916,0.3554780085881551,0.4739708701769511,491.7625051897666,368.82187889232495,0.2190002583548076,3.005774206585354,0.4162711236211989
4,pilot,143000,1.0,7,1.0,0.71484375,0.28515625,0.2828652064005534,0.29186529252264237,0.5737713509135777,0.4739708701769511,0.4739708701769511,491.7625051897666,491.7625051897666,0.2920003444730768,3.005774206585354,0.4162711236211989
4,pilot,143000,1.0,8,0.25,0.9264322916666666,0.07356770833333333,0.008352306154039368,0.01950988463229603,0.1620009723636839,0.14423919055196974,0.576956762207879,611.4993451643071,152.87483629107678,0.09077451897442583,3.005774206585354,0.4162711236211989
4,pilot,143000,1.0,8,0.5,0.8726128472222223,0.12738715277777776,0.03997704717848046,0.06078649602002568,0.3240019447273678,0.2884783811039395,0.576956762207879,611.4993451643071,305.74967258215355,0.18154903794885166,3.005774206585354,0.4162711236211989
4,pilot,143000,1.0,8,0.75,0.8081597222222222,0.1918402777777778,0.11387186580234114,0.14346630540159014,0.4860026141007741,0.43271724714173215,0.576956762207879,611.4993451643071,458.6245088732303,0.2723235569232774,3.005774206585354,0.4162711236211989
4,pilot,143000,1.0,8,1.0,0.7361111111111112,0.2638888888888889,0.2530139287312827,0.2833886808819241,0.6480038894547356,0.576956762207879,0.576956762207879,611.4993451643071,611.4993451643071,0.3630980758977033,3.005774206585354,0.4162711236211989
4,pilot,143000,1.0,9,0.25,0.9164496527777777,0.08355034722222225,0.027454137802124173,0.02333987028234535,0.16817823880248597,0.1714898828003142,0.6859595312012567,622.6277418583601,155.65693546459002,0.09242648289695106,3.005774206585354,0.4162711236211989
4,pilot,143000,1.0,9,0.5,0.8500434027777778,0.1499565972222222,0.09717371728685172,0.08245616985691918,0.33635647760497195,0.3429797656006284,0.6859595312012567,622.6277418583601,311.31387092918004,0.18485296579390212,3.005774206585354,0.4162711236211989
4,pilot,143000,1.0,9,0.75,0.771267361111111,0.22873263888888892,0.22113731172349738,0.19791345960564086,0.5045342809624143,0.5144692460695902,0.6859595312012567,622.6277418583601,466.9708063937701,0.2772794486908532,3.005774206585354,0.4162711236211989
4,pilot,143000,1.0,9,1.0,0.6809895833333334,0.31901041666666663,0.43344349331325976,0.39969313475820756,0.6727129552099439,0.6859595312012567,0.6859595312012567,622.6277418583601,622.6277418583601,0.36970593158780424,3.005774206585354,0.4162711236211989
4,pilot,143000,1.0,10,0.25,0.888888888888889,0.11111111111111109,0.07213997840881363,0.06008754008346134,0.18953238427639008,0.22845398717456392,0.9138159486982557,757.638226504098,189.4095566260245,0.11246822439207559,3.005774206585354,0.4162711236211989
4,pilot,143000,1.0,10,0.5,0.779296875,0.220703125,0.25383978419833725,0.228926549355189,0.37906476855278015,0.45690797434912783,0.9138159486982557,757.638226504098,378.819113252049,0.22493644878415117,3.005774206585354,0.4162711236211989
4,pilot,143000,1.0,10,0.75,0.6764322916666666,0.3235677083333333,0.5359865559471979,0.49760093622737456,0.5685976611243354,0.6853629019525315,0.9138159486982557,757.638226504098,568.2286698780736,0.3374046731762268,3.005774206585354,0.4162711236211989
4,pilot,143000,1.0,10,1.0,0.5770399305555555,0.4229600694444445,0.8900008466508654,0.8430850307146708,0.7581295371055603,0.9138159486982557,0.9138159486982557,757.638226504098,757.638226504098,0.44987289756830234,3.005774206585354,0.4162711236211989
6,confirmatory,14000,0.0979020979020979,1,0.25,0.9448784722222222,0.05512152777777779,0.002148522271050298,0.01116538585888015,0.1050401305158933,0.11265085306432511,0.45060341225730044,97.88249620570268,24.47062405142567,0.042884390331692335,3.135772148768107,0.40634647011756897
6,confirmatory,14000,0.0979020979020979,1,0.5,0.873046875,0.12695312499999997,0.04078782929314517,0.05543331967459784,0.2100802610317866,0.22530170612865022,0.45060341225730044,97.88249620570268,48.94124810285134,0.08576878066338467,3.135772148768107,0.40634647011756897
6,confirmatory,14000,0.0979020979020979,1,0.75,0.7814670138888888,0.21853298611111113,0.16932100719875764,0.18450567622979483,0.315120346016354,0.3379525277349684,0.45060341225730044,97.88249620570268,73.411872154277,0.12865317099507703,3.135772148768107,0.40634647011756897
6,confirmatory,14000,0.0979020979020979,1,1.0,0.683376736111111,0.3166232638888889,0.3713389237721761,0.38899964425298905,0.4201605220635732,0.45060341225730044,0.45060341225730044,97.88249620570268,97.88249620570268,0.17153756132676934,3.135772148768107,0.40634647011756897
6,confirmatory,14000,0.0979020979020979,2,0.25,0.9409722222222223,0.059027777777777755,0.011749479505750818,0.009735054543448819,0.09824964900811513,0.12198575503296323,0.4879430201318529,102.92760785747144,25.73190196436786,0.045094760374633856,3.135772148768107,0.40634647011756897
6,confirmatory,14000,0.0979020979020979,2,0.5,0.8834635416666666,0.11653645833333333,0.05407849947611491,0.04718808581431707,0.19649929801623026,0.24397151006592646,0.4879430201318529,102.92760785747144,51.46380392873572,0.09018952074926771,3.135772148768107,0.40634647011756897
6,confirmatory,14000,0.0979020979020979,2,0.75,0.7983940972222222,0.2016059027777778,0.15361992518107095,0.13717162360747656,0.29474899503919816,0.36595733629332655,0.4879430201318529,102.92760785747144,77.19570589310358,0.13528428112390153,3.135772148768107,0.40634647011756897
6,confirmatory,14000,0.0979020979020979,2,1.0,0.700954861111111,0.2990451388888889,0.3551782502068413,0.3299749063120948,0.3929985960324605,0.4879430201318529,0.4879430201318529,102.92760785747144,102.92760785747144,0.18037904149853543,3.135772148768107,0.40634647011756897
6,confirmatory,14000,0.0979020979020979,3,0.25,0.9485677083333334,0.051432291666666664,0.011299477683173334,0.009601577185094357,0.09990231775575213,0.1366344541311264,0.5465378165245056,102.83974831572668,25.70993707893167,0.04505626725248637,3.135772148768107,0.40634647011756897
6,confirmatory,14000,0.0979020979020979,3,0.5,0.8815104166666666,0.11848958333333333,0.05218211809794123,0.04772899837957487,0.19980463551150426,0.2732689082622528,0.5465378165245056,102.83974831572668,51.41987415786334,0.09011253450497274,3.135772148768107,0.40634647011756897
6,confirmatory,14000,0.0979020979020979,3,0.75,0.7999131944444445,0.20008680555555555,0.14494827058580192,0.13508689569102394,0.2997067107094659,0.40990304284625584,0.5465378165245056,102.83974831572668,77.129811236795,0.1351688017574591,3.135772148768107,0.40634647011756897
6,confirmatory,14000,0.0979020979020979,3,1.0,0.6918402777777777,0.30815972222222227,0.3524850209554036,0.3338012794653575,0.3996092710230085,0.5465378165245056,0.5465378165245056,102.83974831572668,102.83974831572668,0.18022506900994548,3.135772148768107,0.40634647011756897
6,confirmatory,14000,0.0979020979020979,4,0.25,0.9409722222222223,0.059027777777777755,0.02203655242919922,0.015941711763540905,0.12052194194661246,0.2202758921517266,0.8811035686069064,100.46288057123236,25.11572014280809,0.04401491125858636,3.135772148768107,0.40634647011756897
6,confirmatory,14000,0.0979020979020979,4,0.5,0.84765625,0.15234375,0.10749398337470166,0.0874455099304517,0.24104388389322493,0.4405517843034532,0.8811035686069064,100.46288057123236,50.23144028561618,0.08802982251717272,3.135772148768107,0.40634647011756897
6,confirmatory,14000,0.0979020979020979,4,0.75,0.7185329861111112,0.2814670138888889,0.3279837237464056,0.28577398591571385,0.3615655236774021,0.6608235637346903,0.8811035686069064,100.46288057123236,75.34716042842427,0.1320447337757591,3.135772148768107,0.40634647011756897
6,confirmatory,14000,0.0979020979020979,4,1.0,0.5093315972222222,0.49066840277777785,0.937216255399916,0.8554398285018072,0.48208776778644985,0.8811035686069064,0.8811035686069064,100.46288057123236,100.46288057123236,0.17605964503434543,3.135772148768107,0.40634647011756897
6,confirmatory,14000,0.0979020979020979,5,0.25,0.9500868055555555,0.049913194444444454,0.012911028332180349,0.009579692035913467,0.09457272953457302,0.1516632967525058,0.6066531870100232,101.10979535123494,25.277448837808734,0.04429833829623229,3.135772148768107,0.40634647011756897
6,confirmatory,14000,0.0979020979020979,5,0.5,0.8930121527777777,0.10698784722222225,0.05549290445115821,0.046531866408056684,0.18914545906914604,0.3033265935050116,0.6066531870100232,101.10979535123494,50.55489767561747,0.08859667659246458,3.135772148768107,0.40634647011756897
6,confirmatory,14000,0.0979020979020979,5,0.75,0.826388888888889,0.17361111111111108,0.13893077108595117,0.1210402382744683,0.28371814886728924,0.4549898604551951,0.6066531870100232,101.10979535123494,75.8323465134262,0.13289501488869687,3.135772148768107,0.40634647011756897
6,confirmatory,14000,0.0979020979020979,5,1.0,0.7562934027777777,0.24370659722222224,0.27025291654798717,0.23991514411237505,0.3782909181382921,0.6066531870100232,0.6066531870100232,101.10979535123494,101.10979535123494,0.17719335318492915,3.135772148768107,0.40634647011756897
6,confirmatory,14000,0.0979020979020979,6,0.25,0.9503038194444445,0.049696180555555546,0.01603595415751154,0.008648877756463157,0.08763145158688228,0.13663510150379607,0.5465404060151843,101.15678307528621,25.289195768821553,0.04431892461122346,3.135772148768107,0.40634647011756897
6,confirmatory,14000,0.0979020979020979,6,0.5,0.896484375,0.103515625,0.05773154894510905,0.04086093459692266,0.17526290317376456,0.27327020300759214,0.5465404060151843,101.15678307528621,50.57839153764311,0.08863784922244693,3.135772148768107,0.40634647011756897
6,confirmatory,14000,0.0979020979020979,6,0.75,0.8294270833333334,0.17057291666666666,0.1354752381642661,0.10690871046649085,0.2628942330678304,0.4099051356315613,0.5465404060151843,101.15678307528621,75.86758730646466,0.13295677383367038,3.135772148768107,0.40634647011756897
6,confirmatory,14000,0.0979020979020979,6,1.0,0.759548611111111,0.24045138888888892,0.238514608807034,0.19760078522894117,0.3505258063475291,0.5465404060151843,0.5465404060151843,101.15678307528621,101.15678307528621,0.17727569844489385,3.135772148768107,0.40634647011756897
6,confirmatory,14000,0.0979020979020979,7,0.25,0.9440104166666666,0.055989583333333336,0.01224321789211702,0.008927355986088514,0.10640066862106323,0.1835680454969406,0.7342721819877625,112.73167665494627,28.182919163736567,0.04939013012354285,3.135772148768107,0.40634647011756897
6,confirmatory,14000,0.0979020979020979,7,0.5,0.8776041666666666,0.1223958333333333,0.048654211892022126,0.03958432790305879,0.21280133724212646,0.3671360909938812,0.7342721819877625,112.73167665494627,56.365838327473135,0.0987802602470857,3.135772148768107,0.40634647011756897
6,confirmatory,14000,0.0979020979020979,7,0.75,0.8101128472222222,0.1898871527777778,0.11961754163106282,0.10166065643231074,0.31920159194204545,0.5507034659385681,0.7342721819877625,112.73167665494627,84.5487574912097,0.14817039037062857,3.135772148768107,0.40634647011756897
6,confirmatory,14000,0.0979020979020979,7,1.0,0.7317708333333334,0.2682291666666667,0.24737675984700536,0.21697483625676897,0.42560267448425293,0.7342721819877625,0.7342721819877625,112.73167665494627,112.73167665494627,0.1975605204941714,3.135772148768107,0.40634647011756897
6,confirmatory,14000,0.0979020979020979,8,0.25,0.9483506944444445,0.051649305555555546,0.017788145277235195,0.009296132251620293,0.10160606933964623,0.20808760159545472,0.8323504063818189,115.99809641730313,28.999524104325783,0.05082121765712686,3.135772148768107,0.40634647011756897
6,confirmatory,14000,0.0979020979020979,8,0.5,0.8899739583333334,0.1100260416666667,0.058269898096720375,0.04061267235212856,0.20321213867929247,0.41617520319090945,0.8323504063818189,115.99809641730313,57.999048208651566,0.10164243531425372,3.135772148768107,0.40634647011756897
6,confirmatory,14000,0.0979020979020979,8,0.75,0.8263888888888888,0.17361111111111113,0.12842162450154623,0.10149482637643814,0.3048177990648481,0.6242619024382697,0.8323504063818189,115.99809641730313,86.99857231297734,0.1524636529713806,3.135772148768107,0.40634647011756897
6,confirmatory,14000,0.0979020979020979,8,1.0,0.7606336805555555,0.23936631944444445,0.24053141805860725,0.20431056453122035,0.40642427735858494,0.8323504063818189,0.8323504063818189,115.99809641730313,115.99809641730313,0.20328487062850745,3.135772148768107,0.40634647011756897
6,confirmatory,14000,0.0979020979020979,9,0.25,0.9437934027777777,0.056206597222222245,0.009673860337999182,0.009281638699273268,0.09492523554298614,0.23313498828146192,0.9325399531258477,121.46989312160325,30.367473280400812,0.05321852743955968,3.135772148768107,0.40634647011756897
6,confirmatory,14000,0.0979020979020979,9,0.5,0.8854166666666666,0.11458333333333337,0.04088695844014486,0.0398489638335175,0.18985047108597228,0.46626997656292385,0.9325399531258477,121.46989312160325,60.734946560801625,0.10643705487911936,3.135772148768107,0.40634647011756897
6,confirmatory,14000,0.0979020979020979,9,0.75,0.8248697916666666,0.17513020833333334,0.09940030839708121,0.09719408220714992,0.2847757240136464,0.6994049814012316,0.9325399531258477,121.46989312160325,91.10241984120243,0.15965558231867905,3.135772148768107,0.40634647011756897
6,confirmatory,14000,0.0979020979020979,9,1.0,0.7599826388888888,0.24001736111111113,0.1940390268961587,0.18958854344156054,0.37970094217194456,0.9325399531258477,0.9325399531258477,121.46989312160325,121.46989312160325,0.21287410975823873,3.135772148768107,0.40634647011756897
6,confirmatory,14000,0.0979020979020979,10,0.25,0.9359809027777778,0.06401909722222221,0.010727882385253906,0.012899805067314042,0.09374777889913982,0.2756716443432702,1.1026865773730807,128.50290092624428,32.12572523156107,0.05629983680120725,3.135772148768107,0.40634647011756897
6,confirmatory,14000,0.0979020979020979,10,0.5,0.8741319444444445,0.12586805555555555,0.051346672905815925,0.05510287317964766,0.18749555779827964,0.5513432886865404,1.1026865773730807,128.50290092624428,64.25145046312214,0.1125996736024145,3.135772148768107,0.40634647011756897
6,confirmatory,14000,0.0979020979020979,10,0.75,0.8114149305555557,0.18858506944444442,0.127148707707723,0.13186171071396932,0.28124331765704685,0.8270149098502264,1.1026865773730807,128.50290092624428,96.37717569468322,0.1688995104036218,3.135772148768107,0.40634647011756897
6,confirmatory,14000,0.0979020979020979,10,1.0,0.7411024305555555,0.2588975694444445,0.24544125133090558,0.249805705414878,0.3749911155965593,1.1026865773730807,1.1026865773730807,128.50290092624428,128.50290092624428,0.225199347204829,3.135772148768107,0.40634647011756897
6,confirmatory,72000,0.5034965034965035,1,0.25,0.9403211805555555,0.059678819444444454,0.0075238810645209915,0.011791432897249857,0.11012867424223159,0.08735227170917724,0.34940908683670896,106.7204375562266,26.68010938905665,0.023377017486043445,3.0203994115193686,0.42096500926547575
6,confirmatory,72000,0.5034965034965035,1,0.5,0.869357638888889,0.13064236111111108,0.05660367012023926,0.0590979949467712,0.22025734848446318,0.17470454341835448,0.34940908683670896,106.7204375562266,53.3602187781133,0.04675403497208689,3.0203994115193686,0.42096500926547575
6,confirmatory,72000,0.5034965034965035,1,0.75,0.7649739583333334,0.23502604166666666,0.2239126099480524,0.21549387110604182,0.3303861154450311,0.26205689708391827,0.34940908683670896,106.7204375562266,80.04032816716995,0.07013105245813034,3.0203994115193686,0.42096500926547575
6,confirmatory,72000,0.5034965034965035,1,1.0,0.6566840277777778,0.34331597222222215,0.5147468513912625,0.49988259209526914,0.44051469696892637,0.34940908683670896,0.34940908683670896,106.7204375562266,106.7204375562266,0.09350806994417378,3.0203994115193686,0.42096500926547575
6,confirmatory,72000,0.5034965034965035,2,0.25,0.9424913194444445,0.057508680555555546,0.016137652926974777,0.011149767889744706,0.1047858057750596,0.09911884450250202,0.3964753780100081,107.3042163684391,26.826054092109775,0.023504893718689922,3.0203994115193686,0.42096500926547575
6,confirmatory,72000,0.5034965034965035,2,0.5,0.8821614583333334,0.11783854166666667,0.06954362657335074,0.05540219942728678,0.2095716115501192,0.19823768900500405,0.3964753780100081,107.3042163684391,53.65210818421955,0.047009787437379845,3.0203994115193686,0.42096500926547575
6,confirmatory,72000,0.5034965034965035,2,0.75,0.7981770833333334,0.20182291666666666,0.19634917047288689,0.16783388621277281,0.3143574827247196,0.29735660884115434,0.3964753780100081,107.3042163684391,80.47816227632933,0.07051468115606976,3.0203994115193686,0.42096500926547575
6,confirmatory,72000,0.5034965034965035,2,1.0,0.691189236111111,0.3088107638888889,0.4514165454440648,0.4069863425360786,0.4191432231002384,0.3964753780100081,0.3964753780100081,107.3042163684391,107.3042163684391,0.09401957487475969,3.0203994115193686,0.42096500926547575
6,confirmatory,72000,0.5034965034965035,3,0.25,0.9377170138888888,0.062282986111111126,0.016204065746731278,0.012530842485527197,0.11203497731023365,0.1108366855316692,0.4433467421266768,108.58998505631764,27.14749626407941,0.023786540212911867,3.0203994115193686,0.42096500926547575
6,confirmatory,72000,0.5034965034965035,3,0.5,0.873046875,0.126953125,0.0695485273996989,0.059142364809910454,0.2240699546204673,0.2216733710633384,0.4433467421266768,108.58998505631764,54.29499252815882,0.047573080425823734,3.0203994115193686,0.42096500926547575
6,confirmatory,72000,0.5034965034965035,3,0.75,0.7855902777777778,0.2144097222222222,0.1899584929148356,0.17351832489172617,0.3361046082443661,0.332509501112832,0.4433467421266768,108.58998505631764,81.44248879223824,0.07135962063873562,3.0203994115193686,0.42096500926547575
6,confirmatory,72000,0.5034965034965035,3,1.0,0.6742621527777777,0.32573784722222227,0.45481581158108186,0.4313900371392568,0.4481399092409346,0.4433467421266768,0.4433467421266768,108.58998505631764,108.58998505631764,0.09514616085164747,3.0203994115193686,0.42096500926547575
6,confirmatory,72000,0.5034965034965035,4,0.25,0.9288194444444445,0.07118055555555554,0.020634280310736813,0.01926329421500365,0.13940722909238604,0.17650613023175132,0.7060245209270053,106.43007834236106,26.607519585590264,0.023313414556977566,3.0203994115193686,0.42096500926547575
6,confirmatory,72000,0.5034965034965035,4,0.5,0.8352864583333334,0.16471354166666663,0.10496163368225098,0.09825468063354492,0.2788144581847721,0.35301226046350265,0.7060245209270053,106.43007834236106,53.21503917118053,0.04662682911395513,3.0203994115193686,0.42096500926547575
6,confirmatory,72000,0.5034965034965035,4,0.75,0.7139756944444443,0.2860243055555556,0.33682751655578613,0.32228364878230625,0.4182215895917681,0.5295159286922878,0.7060245209270053,106.43007834236106,79.82255875677079,0.0699402436709327,3.0203994115193686,0.42096500926547575
6,confirmatory,72000,0.5034965034965035,4,1.0,0.4383680555555556,0.5616319444444444,1.3182085355122881,1.2912144263585408,0.5576289163695441,0.7060245209270053,0.7060245209270053,106.43007834236106,106.43007834236106,0.09325365822791026,3.0203994115193686,0.42096500926547575
6,confirmatory,72000,0.5034965034965035,5,0.25,0.9440104166666666,0.055989583333333336,0.016488499111599293,0.011571386725538306,0.10360847496324115,0.11007193972667058,0.4402877589066823,146.3091500549373,36.577287513734326,0.032048889955126204,3.0203994115193686,0.42096500926547575
6,confirmatory,72000,0.5034965034965035,5,0.5,0.8845486111111112,0.11545138888888888,0.058670017454359215,0.05180404666397307,0.2072169499264823,0.22014387945334116,0.4402877589066823,146.3091500549373,73.15457502746865,0.06409777991025241,3.0203994115193686,0.42096500926547575
6,confirmatory,72000,0.5034965034965035,5,0.75,0.8233506944444445,0.17664930555555555,0.14315774705674902,0.13472897311051688,0.3108253048525916,0.3302156925201416,0.4402877589066823,146.3091500549373,109.73186254120299,0.09614666986537862,3.0203994115193686,0.42096500926547575
6,confirmatory,72000,0.5034965034965035,5,1.0,0.7424045138888888,0.2575954861111111,0.2835089100731743,0.2726731267240312,0.4144338998529646,0.4402877589066823,0.4402877589066823,146.3091500549373,146.3091500549373,0.12819555982050482,3.0203994115193686,0.42096500926547575
6,confirmatory,72000,0.5034965034965035,6,0.25,0.9444444444444445,0.055555555555555546,0.009405348036024256,0.010179672493702836,0.10022635675138898,0.10404800044165717,0.4161920017666287,239.5380473957218,59.88451184893045,0.05247059748599934,3.0203994115193686,0.42096500926547575
6,confirmatory,72000,0.5034965034965035,6,0.5,0.8862847222222223,0.11371527777777775,0.041266017489963204,0.04323936171001858,0.20045271350277796,0.20809600088331434,0.4161920017666287,239.5380473957218,119.7690236978609,0.10494119497199868,3.0203994115193686,0.42096500926547575
6,confirmatory,72000,0.5034965034965035,6,0.75,0.8276909722222222,0.1723090277777778,0.10413726170857733,0.1069516862432162,0.3006790379683177,0.3121439715226491,0.4161920017666287,239.5380473957218,179.65353554679135,0.15741179245799802,3.0203994115193686,0.42096500926547575
6,confirmatory,72000,0.5034965034965035,6,1.0,0.7621527777777778,0.2378472222222222,0.20841471354166666,0.2119023816453086,0.4009054270055559,0.4161920017666287,0.4161920017666287,239.5380473957218,239.5380473957218,0.20988238994399736,3.0203994115193686,0.42096500926547575
6,confirmatory,72000,0.5034965034965035,7,0.25,0.9312065972222223,0.06879340277777775,0.02111726337009001,0.014352538312474886,0.11850698706176545,0.1417967759900623,0.5671871039602492,287.1226943234449,71.78067358086122,0.06289397232186913,3.0203994115193686,0.42096500926547575
6,confirmatory,72000,0.5034965034965035,7,0.5,0.8559027777777778,0.1440972222222222,0.07940011554294157,0.06372773357563549,0.2370139741235309,0.2835935519801246,0.5671871039602492,287.1226943234449,143.56134716172244,0.12578794464373827,3.0203994115193686,0.42096500926547575
6,confirmatory,72000,0.5034965034965035,7,0.75,0.7682291666666666,0.23177083333333334,0.18759237395392528,0.1648321085506015,0.35552106963263613,0.42539051837391323,0.5671871039602492,287.1226943234449,215.34202074258368,0.1886819169656074,3.0203994115193686,0.42096500926547575
6,confirmatory,72000,0.5034965034965035,7,1.0,0.669921875,0.330078125,0.38132619857788086,0.3518172005812327,0.4740279482470618,0.5671871039602492,0.5671871039602492,287.1226943234449,287.1226943234449,0.25157588928747654,3.0203994115193686,0.42096500926547575
6,confirmatory,72000,0.5034965034965035,8,0.25,0.935763888888889,0.06423611111111109,0.017331971062554203,0.012758781823019186,0.11032772974835502,0.1647214111354616,0.6588856445418464,396.4149061554776,99.1037265388694,0.08683433468910277,3.0203994115193686,0.42096500926547575
6,confirmatory,72000,0.5034965034965035,8,0.5,0.8637152777777777,0.13628472222222224,0.06944839159647624,0.05805673201878866,0.22065545949671003,0.3294428222709232,0.6588856445418464,396.4149061554776,198.2074530777388,0.17366866937820555,3.0203994115193686,0.42096500926547575
6,confirmatory,72000,0.5034965034965035,8,0.75,0.7881944444444445,0.21180555555555555,0.17273651229010692,0.15172461668650308,0.3309833837880029,0.4941645363966624,0.6588856445418464,396.4149061554776,297.3111796166082,0.26050300406730825,3.0203994115193686,0.42096500926547575
6,confirmatory,72000,0.5034965034965035,8,1.0,0.701388888888889,0.2986111111111111,0.35374848047892254,0.31913350356949705,0.44131091899342006,0.6588856445418464,0.6588856445418464,396.4149061554776,396.4149061554776,0.3473373387564111,3.0203994115193686,0.42096500926547575
6,confirmatory,72000,0.5034965034965035,9,0.25,0.9346788194444443,0.06532118055555558,0.01699323124355745,0.013201162736448979,0.11148859394921196,0.22328292661243018,0.8931317064497207,424.0133951293462,106.00334878233654,0.09287975929664888,3.0203994115193686,0.42096500926547575
6,confirmatory,72000,0.5034965034965035,9,0.5,0.8680555555555557,0.13194444444444442,0.06751590304904524,0.058622535318136215,0.2229771878984239,0.44656585322486037,0.8931317064497207,424.0133951293462,212.0066975646731,0.18575951859329776,3.0203994115193686,0.42096500926547575
6,confirmatory,72000,0.5034965034965035,9,0.75,0.7894965277777778,0.2105034722222222,0.16197143660651317,0.14870715472433302,0.3344658580091264,0.66984889904658,0.8931317064497207,424.0133951293462,318.0100463470096,0.2786392778899467,3.0203994115193686,0.42096500926547575
6,confirmatory,72000,0.5034965034965035,9,1.0,0.7052951388888888,0.2947048611111111,0.3212614854176839,0.3043348524305555,0.4459543757968478,0.8931317064497207,0.8931317064497207,424.0133951293462,424.0133951293462,0.3715190371865955,3.0203994115193686,0.42096500926547575
6,confirmatory,72000,0.5034965034965035,10,0.25,0.9312065972222222,0.06879340277777779,0.01729469829135481,0.016900607177780733,0.12035465074910058,0.28309348225593567,1.1323739290237427,489.1699967250952,122.2924991812738,0.1071522552656848,3.0203994115193686,0.42096500926547575
6,confirmatory,72000,0.5034965034965035,10,0.5,0.8639322916666666,0.13606770833333334,0.07469791836208772,0.07306483056810166,0.24070930149820116,0.5661869645118713,1.1323739290237427,489.1699967250952,244.5849983625476,0.2143045105313696,3.0203994115193686,0.42096500926547575
6,confirmatory,72000,0.5034965034965035,10,0.75,0.7879774305555555,0.21202256944444445,0.18067812919616713,0.1769204984108607,0.36106405324406093,0.8492804964383444,1.1323739290237427,489.1699967250952,366.8774975438214,0.3214567657970544,3.0203994115193686,0.42096500926547575
6,confirmatory,72000,0.5034965034965035,10,1.0,0.711154513888889,0.2888454861111111,0.35076061884562176,0.3439057105117374,0.4814186029964023,1.1323739290237427,1.1323739290237427,489.1699967250952,489.1699967250952,0.4286090210627392,3.0203994115193686,0.42096500926547575
6,confirmatory,143000,1.0,1,0.25,0.9175347222222222,0.08246527777777779,0.007944213019477045,0.022365060945351917,0.12129975027508205,0.04834645282891062,0.19338581131564248,100.38406273556647,25.09601568389162,0.016485384304346127,3.0184274514516196,0.419957611295912
6,confirmatory,143000,1.0,1,0.5,0.8509114583333334,0.14908854166666666,0.06269171502855093,0.0785473957657814,0.2425995005501641,0.09669290565782124,0.19338581131564248,100.38406273556647,50.19203136778324,0.032970768608692254,3.0184274514516196,0.419957611295912
6,confirmatory,143000,1.0,1,0.75,0.7586805555555555,0.24131944444444445,0.24089182747734914,0.24858251876301238,0.36389900247255963,0.1450392421748903,0.19338581131564248,100.38406273556647,75.28804705167485,0.04945615291303838,3.0184274514516196,0.419957611295912
6,confirmatory,143000,1.0,1,1.0,0.6510416666666666,0.3489583333333333,0.5589634577433268,0.5516558421982659,0.4851990011003282,0.19338581131564248,0.19338581131564248,100.38406273556647,100.38406273556647,0.06594153721738451,3.0184274514516196,0.419957611295912
6,confirmatory,143000,1.0,2,0.25,0.9175347222222222,0.08246527777777779,0.011673927307128906,0.02129583723015255,0.12186162670453389,0.06035961707433065,0.2414384682973226,100.34330461498865,25.085826153747163,0.0164786908784881,3.0184274514516196,0.419957611295912
6,confirmatory,143000,1.0,2,0.5,0.8561197916666666,0.14388020833333334,0.0703117847442627,0.07667571223444408,0.24372325340906778,0.1207192341486613,0.2414384682973226,100.34330461498865,50.17165230749433,0.0329573817569762,3.0184274514516196,0.419957611295912
6,confirmatory,143000,1.0,2,0.75,0.7684461805555555,0.23155381944444445,0.2159983052147759,0.20958671470483145,0.3655850125683679,0.18107894559701285,0.2414384682973226,100.34330461498865,75.25747846124149,0.04943607263546431,3.0184274514516196,0.419957611295912
6,confirmatory,143000,1.0,2,1.0,0.6590711805555555,0.3409288194444445,0.509999778535631,0.48415165146191913,0.48744650681813556,0.2414384682973226,0.2414384682973226,100.34330461498865,100.34330461498865,0.0659147635139524,3.0184274514516196,0.419957611295912
6,confirmatory,143000,1.0,3,0.25,0.9147135416666666,0.0852864583333333,0.022729953130086262,0.02426930475566122,0.12852536969714692,0.06631855914990108,0.2652742365996043,100.86887070317512,25.21721767579378,0.01656500098295069,3.0184274514516196,0.419957611295912
6,confirmatory,143000,1.0,3,0.5,0.8348524305555555,0.16514756944444445,0.09754141171773274,0.08573799083630244,0.25705073939429385,0.13263711829980215,0.2652742365996043,100.86887070317512,50.43443535158756,0.03313000196590138,3.0184274514516196,0.419957611295912
6,confirmatory,143000,1.0,3,0.75,0.7465277777777777,0.25347222222222227,0.2555477884080675,0.2307248330778546,0.3855760362413195,0.19895574616061318,0.2652742365996043,100.86887070317512,75.65165302738134,0.04969500294885207,3.0184274514516196,0.419957611295912
6,confirmatory,143000,1.0,3,1.0,0.6252170138888888,0.37478298611111116,0.5955148802863227,0.5485293732749091,0.5141014787885877,0.2652742365996043,0.2652742365996043,100.86887070317512,100.86887070317512,0.06626000393180276,3.0184274514516196,0.419957611295912
6,confirmatory,143000,1.0,4,0.25,0.8999565972222222,0.10004340277777779,0.03095253308614095,0.03534215688705444,0.1635532908969455,0.0993310304151641,0.3973241216606564,97.94288694566086,24.485721736415215,0.016084486791789077,3.0184274514516196,0.419957611295912
6,confirmatory,143000,1.0,4,0.5,0.790798611111111,0.20920138888888892,0.14322174919976138,0.13921629306342867,0.327106581793891,0.1986620608303282,0.3973241216606564,97.94288694566086,48.97144347283043,0.032168973583578155,3.0184274514516196,0.419957611295912
6,confirmatory,143000,1.0,4,0.75,0.644314236111111,0.3556857638888889,0.439010328716702,0.42034172680642873,0.49065967069731825,0.29799196124076843,0.3973241216606564,97.94288694566086,73.45716520924564,0.04825346037536723,3.0184274514516196,0.419957611295912
6,confirmatory,143000,1.0,4,1.0,0.3888888888888889,0.611111111111111,1.473940557903714,1.416213287247552,0.654213163587782,0.3973241216606564,0.3973241216606564,97.94288694566086,97.94288694566086,0.06433794716715631,3.0184274514516196,0.419957611295912
6,confirmatory,143000,1.0,5,0.25,0.9127604166666666,0.08723958333333333,0.019652975930108063,0.027182066606150735,0.12649420317676333,0.07687163684103225,0.307486547364129,194.80831421757114,48.702078554392784,0.031992029790806946,3.0184274514516196,0.419957611295912
6,confirmatory,143000,1.0,5,0.5,0.8470052083333334,0.1529947916666667,0.09707779354519304,0.09866078115171856,0.25298840635352665,0.1537432736820645,0.307486547364129,194.80831421757114,97.40415710878557,0.06398405958161389,3.0184274514516196,0.419957611295912
6,confirmatory,143000,1.0,5,0.75,0.7508680555555555,0.24913194444444445,0.2603757381439209,0.2528740531868405,0.3794824580351512,0.23061480124791464,0.307486547364129,194.80831421757114,146.10623566317835,0.09597608937242084,3.0184274514516196,0.419957611295912
6,confirmatory,143000,1.0,5,1.0,0.638671875,0.361328125,0.5507788128323025,0.525523821512858,0.5059768127070533,0.307486547364129,0.307486547364129,194.80831421757114,194.80831421757114,0.12796811916322778,3.0184274514516196,0.419957611295912
6,confirmatory,143000,1.0,6,0.25,0.9140625,0.0859375,0.008500311109754874,0.022241678295864,0.1360858960284127,0.09001894626352523,0.3600757850541009,371.1367241020028,92.7841810255007,0.06094923197514548,3.0184274514516196,0.419957611295912
6,confirmatory,143000,1.0,6,0.5,0.8656684027777777,0.13433159722222224,0.05187090237935384,0.06751709721154636,0.2721717920568254,0.18003789252705046,0.3600757850541009,371.1367241020028,185.5683620510014,0.12189846395029096,3.0184274514516196,0.419957611295912
6,confirmatory,143000,1.0,6,0.75,0.8003472222222222,0.1996527777777778,0.12716009881761345,0.14802857405609557,0.40825748774740434,0.27005670136875576,0.3600757850541009,371.1367241020028,278.3525430765021,0.18284769592543645,3.0184274514516196,0.419957611295912
6,confirmatory,143000,1.0,6,1.0,0.7315538194444445,0.2684461805555555,0.25340525309244794,0.27140555282433826,0.5443435841136508,0.3600757850541009,0.3600757850541009,371.1367241020028,371.1367241020028,0.2437969279005819,3.0184274514516196,0.419957611295912
6,confirmatory,143000,1.0,7,0.25,0.9118923611111112,0.08810763888888888,0.020833174387613933,0.025056358840730455,0.15894304878181884,0.12232321831915115,0.4892928732766046,431.7444860987617,107.93612152469042,0.07090242794186853,3.0184274514516196,0.419957611295912
6,confirmatory,143000,1.0,7,0.5,0.8435329861111112,0.15646701388888887,0.08859753608703613,0.08742185185352962,0.31788609756363767,0.2446464366383023,0.4892928732766046,431.7444860987617,215.87224304938084,0.14180485588373706,3.0184274514516196,0.419957611295912
6,confirmatory,143000,1.0,7,0.75,0.74609375,0.25390624999999994,0.22835622893439403,0.21829661064677766,0.47682913144429523,0.3669696417119768,0.4892928732766046,431.7444860987617,323.8083645740713,0.21270728382560558,3.0184274514516196,0.419957611295912
6,confirmatory,143000,1.0,7,1.0,0.6284722222222222,0.37152777777777785,0.49646555052863234,0.477499074406094,0.6357721951272753,0.4892928732766046,0.4892928732766046,431.7444860987617,431.7444860987617,0.2836097117674741,3.0184274514516196,0.419957611295912
6,confirmatory,143000,1.0,8,0.25,0.9292534722222222,0.07074652777777779,0.0159659915500218,0.018341764186819393,0.16482876406775582,0.14787296454111734,0.5914918581644694,558.976851559385,139.74421288984624,0.09179692437298621,3.0184274514516196,0.419957611295912
6,confirmatory,143000,1.0,8,0.5,0.8702256944444443,0.12977430555555558,0.05984004338582342,0.06207247368163532,0.32965752813551163,0.2957459290822347,0.5914918581644694,558.976851559385,279.4884257796925,0.18359384874597243,3.0184274514516196,0.419957611295912
6,confirmatory,143000,1.0,8,0.75,0.8005642361111112,0.19943576388888887,0.1518698533376058,0.15022770894898307,0.49448610345522565,0.44361873467763263,0.5914918581644694,558.976851559385,419.23263866953874,0.27539077311895865,3.0184274514516196,0.419957611295912
6,confirmatory,143000,1.0,8,1.0,0.7213541666666666,0.2786458333333333,0.3205443753136528,0.3106814854674869,0.6593150562710233,0.5914918581644694,0.5914918581644694,558.976851559385,558.976851559385,0.36718769749194485,3.0184274514516196,0.419957611295912
6,confirmatory,143000,1.0,9,0.25,0.927734375,0.072265625,0.017557011710272945,0.019467728005515203,0.17340571516089967,0.16271748973263633,0.6508699589305453,590.6597989666311,147.66494974165778,0.09699999694914513,3.0184274514516196,0.419957611295912
6,confirmatory,143000,1.0,9,0.5,0.8697916666666666,0.13020833333333334,0.06942817899915903,0.06806646742754513,0.34681143032179934,0.32543497946527267,0.6508699589305453,590.6597989666311,295.32989948331556,0.19399999389829026,3.0184274514516196,0.419957611295912
6,confirmatory,143000,1.0,9,0.75,0.802517361111111,0.19748263888888892,0.1689306894938151,0.16377805338965523,0.5202169881926643,0.48815229535102844,0.6508699589305453,590.6597989666311,442.9948492249734,0.2909999908474354,3.0184274514516196,0.419957611295912
6,confirmatory,143000,1.0,9,1.0,0.7131076388888888,0.2868923611111111,0.34121749136182994,0.32882407969898647,0.6936228606435987,0.6508699589305453,0.6508699589305453,590.6597989666311,590.6597989666311,0.3879999877965805,3.0184274514516196,0.419957611295912
6,confirmatory,143000,1.0,10,0.25,0.869140625,0.130859375,0.09065776401095915,0.07237507402896881,0.1938621186547809,0.21849633422162798,0.8739853368865119,642.5789904282142,160.64474760705355,0.10552632872622981,3.0184274514516196,0.419957611295912
6,confirmatory,143000,1.0,10,0.5,0.7491319444444445,0.2508680555555555,0.3192767037285698,0.2770196232530806,0.3877242373095618,0.43699266844325596,0.8739853368865119,642.5789904282142,321.2894952141071,0.21105265745245963,3.0184274514516196,0.419957611295912
6,confirmatory,143000,1.0,10,0.75,0.6458333333333334,0.3541666666666667,0.648370107014974,0.5844769477844238,0.5815869371096293,0.6554902460840014,0.8739853368865119,642.5789904282142,481.9342428211606,0.31657898617868946,3.0184274514516196,0.419957611295912
6,confirmatory,143000,1.0,10,1.0,0.5520833333333334,0.4479166666666667,1.0370753871070015,0.9533752534124585,0.7754484746191236,0.8739853368865119,0.8739853368865119,642.5789904282142,642.5789904282142,0.42210531490491926,3.0184274514516196,0.419957611295912
7,confirmatory,14000,0.0979020979020979,1,0.25,0.9422743055555557,0.05772569444444442,0.0032470756106905974,0.010830383747816086,0.11136129084560607,0.11931858708461125,0.477274348338445,97.57878311766035,24.394695779415088,0.04276630246436205,3.117256297005547,0.4023337397310469
7,confirmatory,14000,0.0979020979020979,1,0.5,0.875,0.125,0.04612941212124285,0.056978822168376714,0.22272258169121215,0.2386371741692225,0.477274348338445,97.57878311766035,48.789391558830175,0.0855326049287241,3.117256297005547,0.4023337397310469
7,confirmatory,14000,0.0979020979020979,1,0.75,0.77734375,0.22265625,0.18234965536329492,0.19014238814512888,0.3340836465358734,0.35795555512110394,0.477274348338445,97.57878311766035,73.18408733824526,0.1282989073930861,3.117256297005547,0.4023337397310469
7,confirmatory,14000,0.0979020979020979,1,1.0,0.6723090277777778,0.3276909722222222,0.41844836870829266,0.41798072722223073,0.4454451633824243,0.477274348338445,0.477274348338445,97.57878311766035,97.57878311766035,0.1710652098574482,3.117256297005547,0.4023337397310469
7,confirmatory,14000,0.0979020979020979,2,0.25,0.9348958333333334,0.06510416666666667,0.013493855794270834,0.01318645974000295,0.10719517866770427,0.13027858568562403,0.5211143427424961,102.27887897266582,25.569719743166456,0.04482623511082972,3.117256297005547,0.4023337397310469
7,confirmatory,14000,0.0979020979020979,2,0.5,0.8680555555555555,0.13194444444444445,0.06531384256150978,0.06741990562942292,0.21439035733540854,0.26055717137124806,0.5211143427424961,102.27887897266582,51.13943948633291,0.08965247022165944,3.117256297005547,0.4023337397310469
7,confirmatory,14000,0.0979020979020979,2,0.75,0.7586805555555555,0.24131944444444445,0.21646928787231445,0.2108583682113224,0.3215854201051924,0.39083559314409894,0.5211143427424961,102.27887897266582,76.70915922949936,0.13447870533248918,3.117256297005547,0.4023337397310469
7,confirmatory,14000,0.0979020979020979,2,1.0,0.625,0.375,0.5537435478634305,0.5240278575155469,0.4287807146708171,0.5211143427424961,0.5211143427424961,102.27887897266582,102.27887897266582,0.17930494044331888,3.117256297005547,0.4023337397310469
7,confirmatory,14000,0.0979020979020979,3,0.25,0.9344618055555555,0.06553819444444446,0.012641827265421698,0.013181446016662652,0.11721931315130658,0.18912726640701294,0.7565090656280518,101.23644463021645,25.309111157554113,0.044369362612894675,3.117256297005547,0.4023337397310469
7,confirmatory,14000,0.0979020979020979,3,0.5,0.8689236111111112,0.13107638888888887,0.06694798999362532,0.06248304578993056,0.23443862630261317,0.3782545328140259,0.7565090656280518,101.23644463021645,50.61822231510823,0.08873872522578935,3.117256297005547,0.4023337397310469
7,confirmatory,14000,0.0979020979020979,3,0.75,0.7686631944444445,0.23133680555555555,0.21765899658203125,0.1882198303937912,0.3516577945815193,0.5673823025491502,0.7565090656280518,101.23644463021645,75.92733347266234,0.13310808783868402,3.117256297005547,0.4023337397310469
7,confirmatory,14000,0.0979020979020979,3,1.0,0.5583767361111112,0.44162326388888884,0.8103174368540448,0.7493024667104086,0.46887725260522634,0.7565090656280518,0.7565090656280518,101.23644463021645,101.23644463021645,0.1774774504515787,3.117256297005547,0.4023337397310469
7,confirmatory,14000,0.0979020979020979,4,0.25,0.9364149305555555,0.06358506944444446,0.030808687210083008,0.01722501590847969,0.10618429548210569,0.15734724369313982,0.6293889747725593,99.42416486151969,24.85604121537992,0.04357508641614527,3.117256297005547,0.4023337397310469
7,confirmatory,14000,0.0979020979020979,4,0.5,0.8550347222222222,0.1449652777777778,0.09988827175564256,0.07689897798829609,0.21236859096421137,0.31469448738627964,0.6293889747725593,99.42416486151969,49.71208243075984,0.08715017283229054,3.117256297005547,0.4023337397310469
7,confirmatory,14000,0.0979020979020979,4,0.75,0.7801649305555555,0.21983506944444445,0.22432928615146208,0.18212580846415627,0.31855282187461853,0.4720415704780154,0.6293889747725593,99.42416486151969,74.56812364613977,0.1307252592484358,3.117256297005547,0.4023337397310469
7,confirmatory,14000,0.0979020979020979,4,1.0,0.6907552083333334,0.3092447916666667,0.4194662570953369,0.35272961523797774,0.42473718192842275,0.6293889747725593,0.6293889747725593,99.42416486151969,99.42416486151969,0.17430034566458108,3.117256297005547,0.4023337397310469
7,confirmatory,14000,0.0979020979020979,5,0.25,0.9431423611111112,0.056857638888888874,0.009330696529812332,0.007993279852800898,0.10474197649293476,0.15363245209058127,0.6145298083623251,107.27124472342457,26.817811180856143,0.047014262229924116,3.117256297005547,0.4023337397310469
7,confirmatory,14000,0.0979020979020979,5,0.5,0.8919270833333334,0.10807291666666667,0.041440486907958984,0.036270498401588865,0.20948395298586953,0.30726490418116253,0.6145298083623251,107.27124472342457,53.63562236171229,0.09402852445984823,3.117256297005547,0.4023337397310469
7,confirmatory,14000,0.0979020979020979,5,0.75,0.8352864583333334,0.16471354166666663,0.1068547301822238,0.09566832582155864,0.3142257961961958,0.4608971708350711,0.6145298083623251,107.27124472342457,80.45343354256843,0.14104278668977235,3.117256297005547,0.4023337397310469
7,confirmatory,14000,0.0979020979020979,5,1.0,0.7682291666666666,0.23177083333333334,0.21957635879516602,0.20089204609394073,0.41896790597173905,0.6145298083623251,0.6145298083623251,107.27124472342457,107.27124472342457,0.18805704891969646,3.117256297005547,0.4023337397310469
7,confirmatory,14000,0.0979020979020979,6,0.25,0.9461805555555555,0.053819444444444454,0.014322519302368312,0.007801876041210361,0.10561114301284154,0.172358148627811,0.689432594511244,107.41909756263813,26.854774390659532,0.04707906237438172,3.117256297005547,0.4023337397310469
7,confirmatory,14000,0.0979020979020979,6,0.5,0.890625,0.109375,0.0501301023695205,0.035028098771969475,0.21122228602568308,0.344716297255622,0.689432594511244,107.41909756263813,53.709548781319064,0.09415812474876344,3.117256297005547,0.4023337397310469
7,confirmatory,14000,0.0979020979020979,6,0.75,0.8352864583333334,0.16471354166666666,0.11702969339158804,0.0902898982167244,0.3168331053521898,0.5170739491780599,0.689432594511244,107.41909756263813,80.5643231719786,0.14123718712314517,3.117256297005547,0.4023337397310469
7,confirmatory,14000,0.0979020979020979,6,1.0,0.7654079861111112,0.23459201388888887,0.23256429036458348,0.19031292531225416,0.42244457205136615,0.689432594511244,0.689432594511244,107.41909756263813,107.41909756263813,0.18831624949752687,3.117256297005547,0.4023337397310469
7,confirmatory,14000,0.0979020979020979,7,0.25,0.952907986111111,0.047092013888888916,0.009694470299614899,0.006968942005187273,0.09046040889289643,0.16321434080600739,0.6528573632240295,106.50124211101895,26.62531052775474,0.04667678964040863,3.117256297005547,0.4023337397310469
7,confirmatory,14000,0.0979020979020979,7,0.5,0.9045138888888888,0.09548611111111112,0.03650919596354182,0.02959834101299445,0.18092081778579286,0.32642868161201477,0.6528573632240295,106.50124211101895,53.25062105550948,0.09335357928081726,3.117256297005547,0.4023337397310469
7,confirmatory,14000,0.0979020979020979,7,0.75,0.8528645833333334,0.14713541666666666,0.08408292134602864,0.0718502468532986,0.27138113644387984,0.4896428982416789,0.6528573632240295,106.50124211101895,79.87593158326422,0.14003036892122586,3.117256297005547,0.4023337397310469
7,confirmatory,14000,0.0979020979020979,7,1.0,0.7994791666666666,0.20052083333333334,0.1588308016459147,0.14017659094598559,0.3618416355715857,0.6528573632240295,0.6528573632240295,106.50124211101895,106.50124211101895,0.18670715856163453,3.117256297005547,0.4023337397310469
7,confirmatory,14000,0.0979020979020979,8,0.25,0.9427083333333334,0.057291666666666664,0.01644868320888948,0.008801835175189707,0.10025256872177124,0.2160179167985916,0.8640716671943665,111.51169879496364,27.87792469874091,0.04887274555606894,3.117256297005547,0.4023337397310469
7,confirmatory,14000,0.0979020979020979,8,0.5,0.8860677083333334,0.11393229166666667,0.05692330996195475,0.040095107836855784,0.20050513744354248,0.4320358335971832,0.8640716671943665,111.51169879496364,55.75584939748182,0.09774549111213789,3.117256297005547,0.4023337397310469
7,confirmatory,14000,0.0979020979020979,8,0.75,0.8209635416666666,0.17903645833333334,0.1342223750220405,0.10676938709285523,0.3007576200697157,0.6480535798602635,0.8640716671943665,111.51169879496364,83.63377409622272,0.14661823666820684,3.117256297005547,0.4023337397310469
7,confirmatory,14000,0.0979020979020979,8,1.0,0.7478298611111112,0.2521701388888889,0.27287271287706166,0.23328202466169992,0.40101027488708496,0.8640716671943665,0.8640716671943665,111.51169879496364,111.51169879496364,0.19549098222427577,3.117256297005547,0.4023337397310469
7,confirmatory,14000,0.0979020979020979,9,0.25,0.9418402777777778,0.05815972222222221,0.008465660942925298,0.00998728277368678,0.09029336439238654,0.23920617997646332,0.9568247199058533,126.01719858330536,31.50429964582634,0.05523013772191456,3.117256297005547,0.4023337397310469
7,confirmatory,14000,0.0979020979020979,9,0.5,0.884982638888889,0.11501736111111109,0.04044771194458008,0.0423304612437884,0.18058672878477308,0.47841235995292664,0.9568247199058533,126.01719858330536,63.00859929165268,0.11046027544382912,3.117256297005547,0.4023337397310469
7,confirmatory,14000,0.0979020979020979,9,0.75,0.824435763888889,0.17556423611111108,0.10046937730577261,0.10168395770920648,0.2708798845609029,0.7176179952091641,0.9568247199058533,126.01719858330536,94.51289893747902,0.16569041316574368,3.117256297005547,0.4023337397310469
7,confirmatory,14000,0.0979020979020979,9,1.0,0.7567274305555555,0.24327256944444445,0.19602733188205304,0.1956303699149026,0.36117345756954616,0.9568247199058533,0.9568247199058533,126.01719858330536,126.01719858330536,0.22092055088765825,3.117256297005547,0.4023337397310469
7,confirmatory,14000,0.0979020979020979,10,0.25,0.943359375,0.056640625,0.013076305389404444,0.011782235052022671,0.07833829604917103,0.24606419768598342,0.9842567907439337,127.8609157223753,31.965228930593824,0.05603819211969402,3.117256297005547,0.4023337397310469
7,confirmatory,14000,0.0979020979020979,10,0.5,0.8791232638888888,0.12087673611111112,0.04965800709194612,0.044912142886055835,0.15667659209834206,0.49212839537196684,0.9842567907439337,127.8609157223753,63.93045786118765,0.11207638423938804,3.117256297005547,0.4023337397310469
7,confirmatory,14000,0.0979020979020979,10,0.75,0.826171875,0.173828125,0.1099271244472928,0.10037978407409455,0.2350150677892897,0.7381947305467395,0.9842567907439337,127.8609157223753,95.89568679178147,0.16811457635908203,3.117256297005547,0.4023337397310469
7,confirmatory,14000,0.0979020979020979,10,1.0,0.7690972222222222,0.2309027777777778,0.19824957847595215,0.18239384392897287,0.3133531841966841,0.9842567907439337,0.9842567907439337,127.8609157223753,127.8609157223753,0.22415276847877608,3.117256297005547,0.4023337397310469
7,confirmatory,72000,0.5034965034965035,1,0.25,0.939453125,0.060546875,0.0031505160861544645,0.01220573236544927,0.11619627806875439,0.09303367634614308,0.37213470538457233,104.95556028481684,26.23889007120421,0.02404459424222749,2.9845550060272217,0.4235558874077267
7,confirmatory,72000,0.5034965034965035,1,0.5,0.8643663194444445,0.13563368055555555,0.04827250374688038,0.06356663546628422,0.23239255613750878,0.18606735269228616,0.37213470538457233,104.95556028481684,52.47778014240842,0.04808918848445498,2.9845550060272217,0.4235558874077267
7,confirmatory,72000,0.5034965034965035,1,0.75,0.7638888888888888,0.23611111111111113,0.20887663629319939,0.23711377713415357,0.34858869181738966,0.27910087174839443,0.37213470538457233,104.95556028481684,78.71667021361263,0.07213378272668247,2.9845550060272217,0.4235558874077267
7,confirmatory,72000,0.5034965034965035,1,1.0,0.6228298611111112,0.37717013888888884,0.5737627347310384,0.600195566813151,0.46478511227501756,0.37213470538457233,0.37213470538457233,104.95556028481684,104.95556028481684,0.09617837696890996,2.9845550060272217,0.4235558874077267
7,confirmatory,72000,0.5034965034965035,2,0.25,0.9359809027777778,0.06401909722222221,0.008807844585842606,0.015174225179685486,0.1154538666208585,0.10319839004013275,0.412793560160531,110.02406708062443,27.50601677015611,0.025205754155894267,2.9845550060272217,0.4235558874077267
7,confirmatory,72000,0.5034965034965035,2,0.5,0.8515625,0.1484375,0.06154288185967349,0.07728858209318584,0.230907733241717,0.2063967800802655,0.412793560160531,110.02406708062443,55.01203354031222,0.05041150831178853,2.9845550060272217,0.4235558874077267
7,confirmatory,72000,0.5034965034965035,2,0.75,0.7430555555555555,0.2569444444444445,0.24227288034227165,0.2623945623636246,0.3463617165883382,0.30959550870789426,0.412793560160531,110.02406708062443,82.51805031046833,0.0756172624676828,2.9845550060272217,0.4235558874077267
7,confirmatory,72000,0.5034965034965035,2,1.0,0.5907118055555555,0.4092881944444445,0.6880320443047417,0.696167356438107,0.461815466483434,0.412793560160531,0.412793560160531,110.02406708062443,110.02406708062443,0.10082301662357707,2.9845550060272217,0.4235558874077267
7,confirmatory,72000,0.5034965034965035,3,0.25,0.931640625,0.068359375,0.019479327731662277,0.01867958303127024,0.12441540509462357,0.15184333423773447,0.6073733369509379,106.84636540264741,26.711591350661852,0.024477764640498806,2.9845550060272217,0.4235558874077267
7,confirmatory,72000,0.5034965034965035,3,0.5,0.8465711805555555,0.15342881944444445,0.08347280820210774,0.07990995049476624,0.24883081018924713,0.30368666847546893,0.6073733369509379,106.84636540264741,53.423182701323704,0.04895552928099761,2.9845550060272217,0.4235558874077267
7,confirmatory,72000,0.5034965034965035,3,0.75,0.7389322916666666,0.2610677083333333,0.2563555240631102,0.24217350118690065,0.37324627902772695,0.45553245478206206,0.6073733369509379,106.84636540264741,80.13477405198556,0.07343329392149642,2.9845550060272217,0.4235558874077267
7,confirmatory,72000,0.5034965034965035,3,1.0,0.5147569444444444,0.4852430555555556,1.0011743704477947,0.9869980613390604,0.49766162037849426,0.6073733369509379,0.6073733369509379,106.84636540264741,106.84636540264741,0.09791105856199522,2.9845550060272217,0.4235558874077267
7,confirmatory,72000,0.5034965034965035,4,0.25,0.9383680555555557,0.06163194444444442,0.03039383888244629,0.01723517229159673,0.1176875564787123,0.11363641917705536,0.45454567670822144,136.39415417904854,34.098538544762135,0.03124695904959565,2.9845550060272217,0.4235558874077267
7,confirmatory,72000,0.5034965034965035,4,0.5,0.8630642361111112,0.13693576388888887,0.08899211883544922,0.06948736972279018,0.2353751129574246,0.22727283835411072,0.45454567670822144,136.39415417904854,68.19707708952427,0.0624939180991913,2.9845550060272217,0.4235558874077267
7,confirmatory,72000,0.5034965034965035,4,0.75,0.7827690972222223,0.21723090277777776,0.19570586416456429,0.1730676144361496,0.3530629045433469,0.3409093585279253,0.45454567670822144,136.39415417904854,102.29561563428642,0.09374087714878694,2.9845550060272217,0.4235558874077267
7,confirmatory,72000,0.5034965034965035,4,1.0,0.7018229166666666,0.2981770833333333,0.36322522163391113,0.3382566538121965,0.4707502259148492,0.45454567670822144,0.45454567670822144,136.39415417904854,136.39415417904854,0.1249878361983826,2.9845550060272217,0.4235558874077267
7,confirmatory,72000,0.5034965034965035,5,0.25,0.945529513888889,0.054470486111111084,0.008792320887247573,0.010580350127485065,0.10862257911099327,0.10551770114236408,0.42207080456945634,237.45303389255136,59.36325847313784,0.05439885067583442,2.9845550060272217,0.4235558874077267
7,confirmatory,72000,0.5034965034965035,5,0.5,0.8799913194444445,0.12000868055555554,0.04210450914171012,0.04604255532224973,0.21724515822198653,0.21103540228472817,0.42207080456945634,237.45303389255136,118.72651694627568,0.10879770135166884,2.9845550060272217,0.4235558874077267
7,confirmatory,72000,0.5034965034965035,5,0.75,0.81640625,0.18359375000000003,0.10917494032118065,0.1150658908817503,0.32586749725871617,0.3165528906716241,0.42207080456945634,237.45303389255136,178.0897754194135,0.16319655202750327,2.9845550060272217,0.4235558874077267
7,confirmatory,72000,0.5034965034965035,5,1.0,0.7497829861111112,0.2502170138888889,0.22108681996663412,0.2312953786717521,0.43449031644397307,0.42207080456945634,0.42207080456945634,237.45303389255136,237.45303389255136,0.2175954027033377,2.9845550060272217,0.4235558874077267
7,confirmatory,72000,0.5034965034965035,6,0.25,0.9420572916666666,0.057942708333333294,0.007812738418579249,0.011309822193450397,0.11254155387481053,0.1197587822874387,0.4790351291497548,188.94870374915806,47.237175937289514,0.04328684351657532,2.9845550060272217,0.4235558874077267
7,confirmatory,72000,0.5034965034965035,6,0.5,0.8754340277777778,0.12456597222222221,0.04518964555528434,0.050947812696297966,0.22508310774962106,0.2395175645748774,0.4790351291497548,188.94870374915806,94.47435187457903,0.08657368703315065,2.9845550060272217,0.4235558874077267
7,confirmatory,72000,0.5034965034965035,6,0.75,0.7977430555555555,0.20225694444444445,0.12763423389858675,0.1329330098297861,0.33762445383601714,0.35927613245116335,0.4790351291497548,188.94870374915806,141.71152781186854,0.12986053054972593,2.9845550060272217,0.4235558874077267
7,confirmatory,72000,0.5034965034965035,6,1.0,0.7161458333333334,0.2838541666666667,0.27930702103508837,0.2815042667918735,0.45016621549924213,0.4790351291497548,0.4790351291497548,188.94870374915806,188.94870374915806,0.1731473740663013,2.9845550060272217,0.4235558874077267
7,confirmatory,72000,0.5034965034965035,7,0.25,0.9442274305555557,0.05577256944444442,0.013911459181043787,0.011093684368663363,0.10088699807723363,0.11753533780574799,0.47014135122299194,246.06226562079948,61.51556640519987,0.05637116622616153,2.9845550060272217,0.4235558874077267
7,confirmatory,72000,0.5034965034965035,7,0.5,0.8802083333333334,0.1197916666666667,0.05254107051425505,0.046683050278160304,0.20177399615446726,0.23507067561149597,0.47014135122299194,246.06226562079948,123.03113281039974,0.11274233245232305,2.9845550060272217,0.4235558874077267
7,confirmatory,72000,0.5034965034965035,7,0.75,0.8198784722222222,0.1801215277777778,0.12242537074618864,0.11226950916979049,0.30266091227531433,0.3526059190432231,0.47014135122299194,246.06226562079948,184.5466992155996,0.16911349867848455,2.9845550060272217,0.4235558874077267
7,confirmatory,72000,0.5034965034965035,7,1.0,0.7604166666666666,0.23958333333333334,0.23291614320543083,0.21594686475065017,0.4035479923089345,0.47014135122299194,0.47014135122299194,246.06226562079948,246.06226562079948,0.2254846649046461,2.9845550060272217,0.4235558874077267
7,confirmatory,72000,0.5034965034965035,8,0.25,0.9322916666666666,0.06770833333333337,0.014262093438042633,0.013176045277052455,0.11329162534740235,0.16186898946762085,0.6474759578704834,264.46372304937296,66.11593076234324,0.06058681307836244,2.9845550060272217,0.4235558874077267
7,confirmatory,72000,0.5034965034965035,8,0.5,0.853515625,0.146484375,0.06327083375718863,0.060895632952451706,0.2265832506948047,0.3237379789352417,0.6474759578704834,264.46372304937296,132.23186152468648,0.12117362615672488,2.9845550060272217,0.4235558874077267
7,confirmatory,72000,0.5034965034965035,8,0.75,0.775390625,0.22460937500000003,0.1674403879377578,0.16315153737862906,0.339874741103914,0.48560677965482074,0.6474759578704834,264.46372304937296,198.34779228702973,0.18176043923508733,2.9845550060272217,0.4235558874077267
7,confirmatory,72000,0.5034965034965035,8,1.0,0.6853298611111112,0.3146701388888889,0.36562527550591356,0.35864759153789944,0.4531665013896094,0.6474759578704834,0.6474759578704834,264.46372304937296,264.46372304937296,0.24234725231344975,2.9845550060272217,0.4235558874077267
7,confirmatory,72000,0.5034965034965035,9,0.25,0.9205729166666666,0.07942708333333333,0.027368466059366863,0.01500504422518942,0.11692930261294048,0.2280251913600498,0.9121007654401992,419.5677009969338,104.89192524923345,0.09612006357966064,2.9845550060272217,0.4235558874077267
7,confirmatory,72000,0.5034965034965035,9,0.5,0.8383246527777778,0.1616753472222222,0.09510623084174268,0.06773855123254988,0.23385860522588095,0.4560503827200996,0.9121007654401992,419.5677009969338,209.7838504984669,0.1922401271593213,2.9845550060272217,0.4235558874077267
7,confirmatory,72000,0.5034965034965035,9,0.75,0.7534722222222222,0.2465277777777778,0.21986662016974545,0.17656789388921526,0.350787298546897,0.6840743356280857,0.9121007654401992,419.5677009969338,314.67577574770036,0.2883601907389819,2.9845550060272217,0.4235558874077267
7,confirmatory,72000,0.5034965034965035,9,1.0,0.666015625,0.333984375,0.4345107343461779,0.37608338726891416,0.4677172104517619,0.9121007654401992,0.9121007654401992,419.5677009969338,419.5677009969338,0.3844802543186426,2.9845550060272217,0.4235558874077267
7,confirmatory,72000,0.5034965034965035,10,0.25,0.935329861111111,0.06467013888888891,0.018095387352837555,0.01959450315270159,0.09877175009912915,0.24542544285456339,0.9817017714182535,462.8153920007947,115.70384800019868,0.10602781100418178,2.9845550060272217,0.4235558874077267
7,confirmatory,72000,0.5034965034965035,10,0.5,0.8682725694444443,0.13172743055555558,0.06954971949259425,0.07168096262547706,0.1975435001982583,0.49085088570912677,0.9817017714182535,462.8153920007947,231.40769600039735,0.21205562200836356,2.9845550060272217,0.4235558874077267
7,confirmatory,72000,0.5034965034965035,10,0.75,0.7994791666666666,0.20052083333333337,0.15960383415222168,0.1610849781168832,0.29631522628996104,0.7362760106722513,0.9817017714182535,462.8153920007947,347.11154400059604,0.3180834330125453,2.9845550060272217,0.4235558874077267
7,confirmatory,72000,0.5034965034965035,10,1.0,0.7191840277777777,0.28081597222222227,0.298592382007175,0.29791998863220215,0.3950870003965166,0.9817017714182535,0.9817017714182535,462.8153920007947,462.8153920007947,0.4241112440167271,2.9845550060272217,0.4235558874077267
7,confirmatory,143000,1.0,1,0.25,0.9259982638888888,0.07400173611111112,0.006591426001654632,0.01789211088584529,0.12866556975576612,0.05132256944974264,0.20529027779897055,91.97120705672079,22.992801764180196,0.016464200623713357,3.0134974055820045,0.41194499201244783
7,confirmatory,143000,1.0,1,0.5,0.8556857638888888,0.14431423611111113,0.06038657824198405,0.07835375352038278,0.25733113951153225,0.10264513889948527,0.20529027779897055,91.97120705672079,45.98560352836039,0.032928401247426714,3.0134974055820045,0.41194499201244783
7,confirmatory,143000,1.0,1,0.75,0.7415364583333334,0.2584635416666667,0.2506152788798013,0.2641115619076623,0.3859968152311113,0.15396777126524183,0.20529027779897055,91.97120705672079,68.97840529254059,0.049392601871140064,3.0134974055820045,0.41194499201244783
7,confirmatory,143000,1.0,1,1.0,0.6100260416666666,0.3899739583333333,0.6558626492818195,0.6666726734903125,0.5146622790230645,0.20529027779897055,0.20529027779897055,91.97120705672079,91.97120705672079,0.06585680249485343,3.0134974055820045,0.41194499201244783
7,confirmatory,143000,1.0,2,0.25,0.9223090277777778,0.07769097222222221,0.013520956039428563,0.022780842872129548,0.13440879351562923,0.061176858014530607,0.24470743205812243,101.66039275362645,25.415098188406613,0.01819870756669483,3.0134974055820045,0.41194499201244783
7,confirmatory,143000,1.0,2,0.5,0.8305121527777778,0.1694878472222222,0.09058343039618588,0.10511023882362579,0.26881758703125846,0.12235371602906121,0.24470743205812243,101.66039275362645,50.83019637681323,0.03639741513338966,3.0134974055820045,0.41194499201244783
7,confirmatory,143000,1.0,2,0.75,0.7137586805555555,0.2862413194444445,0.32722764545016814,0.3409326407644484,0.40322617689768475,0.18353017502360872,0.24470743205812243,101.66039275362645,76.24529456521984,0.054596122700084494,3.0134974055820045,0.41194499201244783
7,confirmatory,143000,1.0,2,1.0,0.5397135416666666,0.4602864583333333,0.8916485044691296,0.8838328056865269,0.5376351740625169,0.24470743205812243,0.24470743205812243,101.66039275362645,101.66039275362645,0.07279483026677933,3.0134974055820045,0.41194499201244783
7,confirmatory,143000,1.0,3,0.25,0.9123263888888888,0.08767361111111112,0.01827798949347592,0.030777374489439856,0.14650466872586143,0.08719147741794586,0.34876590967178345,95.1367473999306,23.78418684998265,0.01703087896752288,3.0134974055820045,0.41194499201244783
7,confirmatory,143000,1.0,3,0.5,0.8244357638888888,0.17556423611111113,0.10476655430263948,0.11213286966085434,0.29300933745172286,0.17438295483589172,0.34876590967178345,95.1367473999306,47.5683736999653,0.03406175793504576,3.0134974055820045,0.41194499201244783
7,confirmatory,143000,1.0,3,0.75,0.7003038194444443,0.2996961805555556,0.3695989979637992,0.3600291907787323,0.4395139714082082,0.26157527830865646,0.34876590967178345,95.1367473999306,71.35256054994795,0.051092636902568635,3.0134974055820045,0.41194499201244783
7,confirmatory,143000,1.0,3,1.0,0.4915364583333333,0.5084635416666667,1.2076337072584364,1.1672669516669378,0.5860186749034457,0.34876590967178345,0.34876590967178345,95.1367473999306,95.1367473999306,0.06812351587009152,3.0134974055820045,0.41194499201244783
7,confirmatory,143000,1.0,4,0.25,0.9166666666666666,0.08333333333333333,0.03654212421841082,0.02793820823232333,0.14105046954419878,0.07021821869744195,0.2808728747897678,148.2608857432083,37.06522143580207,0.026540882148259785,3.0134974055820045,0.41194499201244783
7,confirmatory,143000,1.0,4,0.5,0.8352864583333334,0.16471354166666666,0.12831939591301791,0.10426454246044159,0.28210093908839756,0.1404364373948839,0.2808728747897678,148.2608857432083,74.13044287160415,0.05308176429651957,3.0134974055820045,0.41194499201244783
7,confirmatory,143000,1.0,4,0.75,0.7478298611111112,0.2521701388888889,0.28231390317281074,0.24355548620224,0.42315129107899135,0.2106545749637816,0.2808728747897678,148.2608857432083,111.19566430740622,0.07962264644477936,3.0134974055820045,0.41194499201244783
7,confirmatory,143000,1.0,4,1.0,0.654513888888889,0.3454861111111111,0.520536290274726,0.4663412405384912,0.5642018781767951,0.2808728747897678,0.2808728747897678,148.2608857432083,148.2608857432083,0.10616352859303914,3.0134974055820045,0.41194499201244783
7,confirmatory,143000,1.0,5,0.25,0.9177517361111112,0.08224826388888888,0.011671119266086105,0.019552078925900992,0.13314333226945665,0.06503831098477046,0.26015324393908185,319.4106633980847,79.85266584952117,0.05717921305845419,3.0134974055820045,0.41194499201244783
7,confirmatory,143000,1.0,5,0.5,0.853298611111111,0.14670138888888892,0.06106095843844924,0.07535287655062145,0.2662866645389133,0.13007662196954092,0.26015324393908185,319.4106633980847,159.70533169904235,0.11435842611690838,3.0134974055820045,0.41194499201244783
7,confirmatory,143000,1.0,5,0.75,0.775390625,0.224609375,0.170156849755181,0.18324822021855247,0.399429933892356,0.19511490563551584,0.26015324393908185,319.4106633980847,239.55799754856352,0.17153763917536258,3.0134974055820045,0.41194499201244783
7,confirmatory,143000,1.0,5,1.0,0.6909722222222223,0.30902777777777773,0.3568576706780326,0.3673390282524957,0.5325733290778266,0.26015324393908185,0.26015324393908185,319.4106633980847,319.4106633980847,0.22871685223381677,3.0134974055820045,0.41194499201244783
7,confirmatory,143000,1.0,6,0.25,0.9203559027777777,0.07964409722222225,0.02121074994405096,0.02204825998180442,0.1573746750752131,0.09455938471688165,0.3782375388675266,261.1323386636114,65.28308466590285,0.04674653460235287,3.0134974055820045,0.41194499201244783
7,confirmatory,143000,1.0,6,0.5,0.8368055555555557,0.16319444444444442,0.09005173047383612,0.0884167527159055,0.3147493501504262,0.1891187694337633,0.3782375388675266,261.1323386636114,130.5661693318057,0.09349306920470574,3.0134974055820045,0.41194499201244783
7,confirmatory,143000,1.0,6,0.75,0.7374131944444443,0.2625868055555556,0.233488400777181,0.22898406618171266,0.4721238315105438,0.2836780316299862,0.3782375388675266,261.1323386636114,195.8492539977086,0.14023960380705863,3.0134974055820045,0.41194499201244783
7,confirmatory,143000,1.0,6,1.0,0.634765625,0.365234375,0.4940873781840005,0.4771033989058601,0.6294987003008524,0.3782375388675266,0.3782375388675266,261.1323386636114,261.1323386636114,0.18698613840941147,3.0134974055820045,0.41194499201244783
7,confirmatory,143000,1.0,7,0.25,0.9266493055555557,0.07335069444444442,0.013156705432467941,0.017956762471132807,0.17170214487446678,0.11758127891355091,0.47032511565420365,386.04466271628297,96.51116567907074,0.06910768032820094,3.0134974055820045,0.41194499201244783
7,confirmatory,143000,1.0,7,0.5,0.8667534722222222,0.1332465277777778,0.0601140922970241,0.06283274624082778,0.34340428974893356,0.23516255782710183,0.47032511565420365,386.04466271628297,193.02233135814149,0.1382153606564019,3.0134974055820045,0.41194499201244783
7,confirmatory,143000,1.0,7,0.75,0.800998263888889,0.19900173611111108,0.14052971204121892,0.14045611023902893,0.5151063270039029,0.35274378789795774,0.47032511565420365,386.04466271628297,289.5334970372122,0.20732304098460283,3.0134974055820045,0.41194499201244783
7,confirmatory,143000,1.0,7,1.0,0.7332899305555557,0.2667100694444444,0.262696690029568,0.2550754381550683,0.6868085794978671,0.47032511565420365,0.47032511565420365,386.04466271628297,386.04466271628297,0.2764307213128038,3.0134974055820045,0.41194499201244783
7,confirmatory,143000,1.0,8,0.25,0.916232638888889,0.08376736111111109,0.021420266893174816,0.020101947089036305,0.17039801180362701,0.14224104748831856,0.5689641899532742,386.4190345919829,96.60475864799572,0.06917469840773532,3.0134974055820045,0.41194499201244783
7,confirmatory,143000,1.0,8,0.5,0.8441840277777777,0.15581597222222224,0.0914889706505669,0.08481148050891028,0.34079602360725403,0.2844820949766371,0.5689641899532742,386.4190345919829,193.20951729599145,0.13834939681547065,3.0134974055820045,0.41194499201244783
7,confirmatory,143000,1.0,8,0.75,0.7493489583333334,0.2506510416666667,0.2386464807722303,0.2266091273890601,0.5111941364076403,0.42672321531507706,0.5689641899532742,386.4190345919829,289.8142759439872,0.20752409522320595,3.0134974055820045,0.41194499201244783
7,confirmatory,143000,1.0,8,1.0,0.6434461805555556,0.3565538194444444,0.534018145667182,0.5132657521300845,0.6815920472145081,0.5689641899532742,0.5689641899532742,386.4190345919829,386.4190345919829,0.2766987936309413,3.0134974055820045,0.41194499201244783
7,confirmatory,143000,1.0,9,0.25,0.9253472222222223,0.07465277777777775,0.024390432569715664,0.0179950019551648,0.18530928095181784,0.20269118911690184,0.8107647564676074,587.1564104468881,146.78910261172203,0.1051096451646552,3.0134974055820045,0.41194499201244783
7,confirmatory,143000,1.0,9,0.5,0.8576388888888888,0.14236111111111113,0.08889542685614682,0.072586623330911,0.3706185619036357,0.4053823782338037,0.8107647564676074,587.1564104468881,293.57820522344406,0.2102192903293104,3.0134974055820045,0.41194499201244783
7,confirmatory,143000,1.0,9,0.75,0.7795138888888888,0.22048611111111113,0.20313790109422447,0.178906230462922,0.5559278196758695,0.6080735590722827,0.8107647564676074,587.1564104468881,440.36730783516606,0.31532893549396557,3.0134974055820045,0.41194499201244783
7,confirmatory,143000,1.0,9,1.0,0.6998697916666666,0.3001302083333333,0.391332467397054,0.3576623830530379,0.7412371238072714,0.8107647564676074,0.8107647564676074,587.1564104468881,587.1564104468881,0.4204385806586208,3.0134974055820045,0.41194499201244783
7,confirmatory,143000,1.0,10,0.25,0.890625,0.109375,0.08657985263400603,0.06055964156985283,0.20002113448248968,0.2191508991850747,0.8766035967402988,635.352155764819,158.83803894120476,0.11373739340802047,3.0134974055820045,0.41194499201244783
7,confirmatory,143000,1.0,10,0.5,0.7845052083333334,0.21549479166666666,0.2735184298621281,0.22108977536360422,0.40004226896497935,0.4383017983701494,0.8766035967402988,635.352155764819,317.6760778824095,0.22747478681604094,3.0134974055820045,0.41194499201244783
7,confirmatory,143000,1.0,10,0.75,0.6903211805555555,0.3096788194444445,0.529548724492391,0.4549725850423177,0.6000629862149557,0.657451762093438,0.8766035967402988,635.352155764819,476.5141168236143,0.34121218022406136,3.0134974055820045,0.41194499201244783
7,confirmatory,143000,1.0,10,1.0,0.6126302083333334,0.3873697916666667,0.8352369997236462,0.7447054319911534,0.8000845379299587,0.8766035967402988,0.8766035967402988,635.352155764819,635.352155764819,0.4549495736320819,3.0134974055820045,0.41194499201244783
8,confirmatory,14000,0.0979020979020979,1,0.25,0.9474826388888888,0.052517361111111126,0.008292728000216965,0.00848667204586996,0.10124718315071529,0.1100231549806065,0.440092619922426,97.35648543505766,24.339121358764416,0.042207215242711475,3.12722478972541,0.39829498529434204
8,confirmatory,14000,0.0979020979020979,1,0.5,0.877170138888889,0.12282986111111109,0.03842014736599397,0.0470941708319717,0.20249436630143058,0.220046309961213,0.440092619922426,97.35648543505766,48.67824271752883,0.08441443048542295,3.12722478972541,0.39829498529434204
8,confirmatory,14000,0.0979020979020979,1,0.75,0.8096788194444443,0.19032118055555558,0.1225304073757596,0.13621055914296043,0.30374155441919964,0.3300694657696618,0.440092619922426,97.35648543505766,73.01736407629325,0.12662164572813442,3.12722478972541,0.39829498529434204
8,confirmatory,14000,0.0979020979020979,1,1.0,0.7211371527777778,0.2788628472222222,0.3102588123745389,0.31250977350605863,0.40498873260286117,0.440092619922426,0.440092619922426,97.35648543505766,97.35648543505766,0.1688288609708459,3.12722478972541,0.39829498529434204
8,confirmatory,14000,0.0979020979020979,2,0.25,0.9388020833333334,0.061197916666666664,0.007644494374593099,0.010314925263325373,0.10528354595104854,0.1296743949254354,0.5186975797017416,101.43083010660713,25.357707526651783,0.043973576690093365,3.12722478972541,0.39829498529434204
8,confirmatory,14000,0.0979020979020979,2,0.5,0.8734809027777777,0.12651909722222224,0.049672444661458336,0.05107468573583498,0.21056709190209708,0.2593487898508708,0.5186975797017416,101.43083010660713,50.715415053303566,0.08794715338018673,3.12722478972541,0.39829498529434204
8,confirmatory,14000,0.0979020979020979,2,0.75,0.7805989583333334,0.21940104166666666,0.16237990061442056,0.1550560212797589,0.31585053933991325,0.3890230655670166,0.5186975797017416,101.43083010660713,76.07312257995535,0.1319207300702801,3.12722478972541,0.39829498529434204
8,confirmatory,14000,0.0979020979020979,2,1.0,0.6716579861111112,0.3283420138888889,0.4032211038801405,0.3864246242576175,0.42113418380419415,0.5186975797017416,0.5186975797017416,101.43083010660713,101.43083010660713,0.17589430676037346,3.12722478972541,0.39829498529434204
8,confirmatory,14000,0.0979020979020979,3,0.25,0.9353298611111112,0.06467013888888888,0.008894867367214529,0.01080737573405107,0.09814316034317017,0.13480964799722037,0.5392385919888815,102.56047632410724,25.64011908102681,0.04446331520969047,3.12722478972541,0.39829498529434204
8,confirmatory,14000,0.0979020979020979,3,0.5,0.8689236111111112,0.13107638888888887,0.053640418582492355,0.05374343320727348,0.19628632068634033,0.26961929599444073,0.5392385919888815,102.56047632410724,51.28023816205362,0.08892663041938094,3.12722478972541,0.39829498529434204
8,confirmatory,14000,0.0979020979020979,3,0.75,0.7775607638888888,0.22243923611111113,0.17327740457322852,0.16419397625658247,0.29442938831117416,0.4044288595517476,0.5392385919888815,102.56047632410724,76.92035724308043,0.13338994562907142,3.12722478972541,0.39829498529434204
8,confirmatory,14000,0.0979020979020979,3,1.0,0.6590711805555555,0.3409288194444445,0.43591684765285904,0.4102431535720825,0.39257264137268066,0.5392385919888815,0.5392385919888815,102.56047632410724,102.56047632410724,0.17785326083876188,3.12722478972541,0.39829498529434204
8,confirmatory,14000,0.0979020979020979,4,0.25,0.9270833333333334,0.07291666666666667,0.03120565414428711,0.019412339354554813,0.12186936206287807,0.22870758175849915,0.9148303270339966,101.74645265223087,25.436613163057718,0.04411040936907787,3.12722478972541,0.39829498529434204
8,confirmatory,14000,0.0979020979020979,4,0.5,0.832248263888889,0.16775173611111108,0.13385242886013446,0.10173905806408988,0.24373872412575615,0.4574151635169983,0.9148303270339966,101.74645265223087,50.873226326115436,0.08822081873815574,3.12722478972541,0.39829498529434204
8,confirmatory,14000,0.0979020979020979,4,0.75,0.7059461805555555,0.2940538194444445,0.3643649419148762,0.3047475384341346,0.36560794379976064,0.6861207352744209,0.9148303270339966,101.74645265223087,76.30983948917316,0.1323312281072336,3.12722478972541,0.39829498529434204
8,confirmatory,14000,0.0979020979020979,4,1.0,0.5073784722222222,0.49262152777777773,1.0398512946234806,0.945654981666141,0.4874774482515123,0.9148303270339966,0.9148303270339966,101.74645265223087,101.74645265223087,0.17644163747631147,3.12722478972541,0.39829498529434204
8,confirmatory,14000,0.0979020979020979,5,0.25,0.9487847222222222,0.05121527777777779,0.01728169123331706,0.008579013248284658,0.08671986560026805,0.1361667662858963,0.5446670651435852,104.16502501851932,26.04125625462983,0.04515893945916729,3.12722478972541,0.39829498529434204
8,confirmatory,14000,0.0979020979020979,5,0.5,0.8960503472222222,0.10394965277777779,0.05612924363878028,0.03839929691619343,0.1734397312005361,0.2723335325717926,0.5446670651435852,104.16502501851932,52.08251250925966,0.09031787891833458,3.12722478972541,0.39829498529434204
8,confirmatory,14000,0.0979020979020979,5,0.75,0.8307291666666666,0.1692708333333333,0.12108755111694336,0.09526851193772422,0.26015949580404496,0.4085001515017615,0.5446670651435852,104.16502501851932,78.12376876388949,0.13547681837750186,3.12722478972541,0.39829498529434204
8,confirmatory,14000,0.0979020979020979,5,1.0,0.7688802083333334,0.23111979166666666,0.22092058923509375,0.18752912514739564,0.3468794624010722,0.5446670651435852,0.5446670651435852,104.16502501851932,104.16502501851932,0.18063575783666916,3.12722478972541,0.39829498529434204
8,confirmatory,14000,0.0979020979020979,6,0.25,0.9498697916666666,0.050130208333333294,0.012355407079060724,0.007341920605136289,0.08588793211513096,0.13841415776146782,0.5536566310458713,110.50627418234843,27.62656854558711,0.04790807802111687,3.12722478972541,0.39829498529434204
8,confirmatory,14000,0.0979020979020979,6,0.5,0.9032118055555557,0.09678819444444442,0.043343729443020194,0.032258478096789785,0.17177586423026192,0.27682831552293563,0.5536566310458713,110.50627418234843,55.25313709117422,0.09581615604223374,3.12722478972541,0.39829498529434204
8,confirmatory,14000,0.0979020979020979,6,0.75,0.8430989583333334,0.15690104166666666,0.10063317086961525,0.08183480054140091,0.2576637400521173,0.41524237725469804,0.5536566310458713,110.50627418234843,82.87970563676133,0.1437242340633506,3.12722478972541,0.39829498529434204
8,confirmatory,14000,0.0979020979020979,6,1.0,0.7719184027777778,0.2280815972222222,0.1976016362508138,0.16925386422210267,0.34355172846052384,0.5536566310458713,0.5536566310458713,110.50627418234843,110.50627418234843,0.1916323120844675,3.12722478972541,0.39829498529434204
8,confirmatory,14000,0.0979020979020979,7,0.25,0.9500868055555555,0.049913194444444454,0.006793234083387538,0.007705949350363679,0.08947218043936624,0.15878202848964265,0.6351281139585706,109.57762040055108,27.39440510013777,0.047505476285042224,3.12722478972541,0.39829498529434204
8,confirmatory,14000,0.0979020979020979,7,0.5,0.8997395833333334,0.10026041666666667,0.032584852642483085,0.03309022324780623,0.17894436087873247,0.3175640569792853,0.6351281139585706,109.57762040055108,54.78881020027554,0.09501095257008445,3.12722478972541,0.39829498529434204
8,confirmatory,14000,0.0979020979020979,7,0.75,0.8426649305555557,0.15733506944444442,0.08317965931362566,0.08172323223617342,0.2684165272447798,0.47634607222345143,0.6351281139585706,109.57762040055108,82.18321530041331,0.1425164288551267,3.12722478972541,0.39829498529434204
8,confirmatory,14000,0.0979020979020979,7,1.0,0.7758246527777778,0.2241753472222222,0.16851849026150179,0.1638753745290968,0.35788872175746494,0.6351281139585706,0.6351281139585706,109.57762040055108,109.57762040055108,0.1900219051401689,3.12722478972541,0.39829498529434204
8,confirmatory,14000,0.0979020979020979,8,0.25,0.9403211805555557,0.05967881944444442,0.01975920465257423,0.008903314100785388,0.09520141366455291,0.19932169218858084,0.7972867687543234,118.79316098519799,29.698290246299496,0.05150071402699621,3.12722478972541,0.39829498529434204
8,confirmatory,14000,0.0979020979020979,8,0.5,0.8743489583333334,0.12565104166666666,0.060942278967963226,0.03951186603969998,0.19040282732910582,0.3986433843771617,0.7972867687543234,118.79316098519799,59.39658049259899,0.10300142805399241,3.12722478972541,0.39829498529434204
8,confirmatory,14000,0.0979020979020979,8,0.75,0.8096788194444445,0.19032118055555555,0.13393870989481607,0.10132696810695858,0.28560421864191693,0.5979650484191047,0.7972867687543234,118.79316098519799,89.09487073889848,0.15450214208098864,3.12722478972541,0.39829498529434204
8,confirmatory,14000,0.0979020979020979,8,1.0,0.7330729166666666,0.2669270833333333,0.25973953141106493,0.212565196885003,0.38080565465821165,0.7972867687543234,0.7972867687543234,118.79316098519799,118.79316098519799,0.20600285610798483,3.12722478972541,0.39829498529434204
8,confirmatory,14000,0.0979020979020979,9,0.25,0.9470486111111112,0.052951388888888874,0.0036193529764811196,0.009950798315306505,0.0879676275783115,0.21868213348918494,0.8747285339567398,124.56091297462224,31.14022824365556,0.05400122283846718,3.12722478972541,0.39829498529434204
8,confirmatory,14000,0.0979020979020979,9,0.5,0.8882378472222222,0.11176215277777779,0.02960681915283203,0.04244091651505894,0.175935255156623,0.4373642669783699,0.8747285339567398,124.56091297462224,62.28045648731112,0.10800244567693436,3.12722478972541,0.39829498529434204
8,confirmatory,14000,0.0979020979020979,9,0.75,0.8266059027777778,0.1733940972222222,0.0829894277784559,0.10243632396062215,0.2639027403460608,0.6560460262828404,0.8747285339567398,124.56091297462224,93.42068473096668,0.16200366851540154,3.12722478972541,0.39829498529434204
8,confirmatory,14000,0.0979020979020979,9,1.0,0.7645399305555555,0.23546006944444445,0.1720992194281683,0.19770090613100263,0.351870510313246,0.8747285339567398,0.8747285339567398,124.56091297462224,124.56091297462224,0.21600489135386872,3.12722478972541,0.39829498529434204
8,confirmatory,14000,0.0979020979020979,10,0.25,0.9314236111111112,0.06857638888888888,0.014002561569213867,0.01321895451595386,0.08826304392682183,0.2763294014665816,1.1053176058663263,132.35401146434944,33.08850286608736,0.05737978548782429,3.12722478972541,0.39829498529434204
8,confirmatory,14000,0.0979020979020979,10,0.5,0.8648003472222222,0.1351996527777778,0.05698513984680176,0.0549607305890984,0.17652608785364365,0.5526588029331632,1.1053176058663263,132.35401146434944,66.17700573217472,0.11475957097564858,3.12722478972541,0.39829498529434204
8,confirmatory,14000,0.0979020979020979,10,0.75,0.8012152777777778,0.1987847222222222,0.1325992743174235,0.12846764508220884,0.26478912101851565,0.8289878037240771,1.1053176058663263,132.35401146434944,99.26550859826209,0.17213935646347286,3.12722478972541,0.39829498529434204
8,confirmatory,14000,0.0979020979020979,10,1.0,0.7306857638888888,0.2693142361111111,0.24997229046291766,0.24221281707286835,0.3530521757072873,1.1053176058663263,1.1053176058663263,132.35401146434944,132.35401146434944,0.22951914195129716,3.12722478972541,0.39829498529434204
8,confirmatory,72000,0.5034965034965035,1,0.25,0.9437934027777777,0.056206597222222245,0.011641634835137213,0.010931220526496569,0.1122421349088351,0.09245693849192725,0.369827753967709,107.54975019804579,26.887437549511446,0.022440635075786128,3.027594778272841,0.41356005602412754
8,confirmatory,72000,0.5034965034965035,1,0.5,0.8741319444444445,0.12586805555555555,0.056287076738145515,0.057527086387077965,0.2244842698176702,0.1849138769838545,0.369827753967709,107.54975019804579,53.77487509902289,0.044881270151572256,3.027594778272841,0.41356005602412754
8,confirmatory,72000,0.5034965034965035,1,0.75,0.7684461805555555,0.23155381944444445,0.21373992496066618,0.21418261859152055,0.33672569526566404,0.277370164791743,0.369827753967709,107.54975019804579,80.66231264853434,0.06732190522735838,3.027594778272841,0.41356005602412754
8,confirmatory,72000,0.5034965034965035,1,1.0,0.6393229166666666,0.3606770833333333,0.5251685248480901,0.5170488953590393,0.4489685396353404,0.369827753967709,0.369827753967709,107.54975019804579,107.54975019804579,0.08976254030314451,3.027594778272841,0.41356005602412754
8,confirmatory,72000,0.5034965034965035,2,0.25,0.9383680555555555,0.061631944444444454,0.013097683588663589,0.012391995328168074,0.1120759944121043,0.10503632823626201,0.42014531294504803,108.63327738728613,27.158319346821532,0.022666716849139023,3.027594778272841,0.41356005602412754
8,confirmatory,72000,0.5034965034965035,2,0.5,0.8671875,0.1328125,0.06230733129713251,0.05973188786043062,0.2241519888242086,0.21007265647252402,0.42014531294504803,108.63327738728613,54.316638693643064,0.045333433698278046,3.027594778272841,0.41356005602412754
8,confirmatory,72000,0.5034965034965035,2,0.75,0.7760416666666666,0.22395833333333334,0.18810404671563039,0.1843604197104772,0.33622777462005615,0.3151087429788378,0.42014531294504803,108.63327738728613,81.4749580404646,0.06800015054741707,3.027594778272841,0.41356005602412754
8,confirmatory,72000,0.5034965034965035,2,1.0,0.6590711805555555,0.3409288194444445,0.4744414488474528,0.47453513079219395,0.4483039776484172,0.42014531294504803,0.42014531294504803,108.63327738728613,108.63327738728613,0.09066686739655609,3.027594778272841,0.41356005602412754
8,confirmatory,72000,0.5034965034965035,3,0.25,0.935329861111111,0.06467013888888891,0.011295901404486663,0.013285187693933645,0.10915245612462361,0.11316216157542335,0.4526486463016934,107.88443144272021,26.971107860680053,0.022510467499056466,3.027594778272841,0.41356005602412754
8,confirmatory,72000,0.5034965034965035,3,0.5,0.8637152777777778,0.1362847222222222,0.06042819552951384,0.06467003044154908,0.21830491224924722,0.2263243231508467,0.4526486463016934,107.88443144272021,53.94221572136011,0.04502093499811293,3.027594778272841,0.41356005602412754
8,confirmatory,72000,0.5034965034965035,3,0.75,0.7632378472222222,0.2367621527777778,0.18956475787692595,0.19809600048595002,0.3274572127395206,0.3394862181610531,0.4526486463016934,107.88443144272021,80.91332358204016,0.0675314024971694,3.027594778272841,0.41356005602412754
8,confirmatory,72000,0.5034965034965035,3,1.0,0.6421440972222222,0.35785590277777785,0.48579200108846016,0.5000400046507517,0.43660982449849445,0.4526486463016934,0.4526486463016934,107.88443144272021,107.88443144272021,0.09004186999622586,3.027594778272841,0.41356005602412754
8,confirmatory,72000,0.5034965034965035,4,0.25,0.927951388888889,0.07204861111111109,0.030582136578029957,0.028055119845602248,0.13383873634868196,0.18181883792082468,0.7272753516832987,111.35092791006673,27.837731977516682,0.02323376422519464,3.027594778272841,0.41356005602412754
8,confirmatory,72000,0.5034965034965035,4,0.5,0.837890625,0.162109375,0.1334571838378905,0.12458110435141458,0.2676774726973639,0.36363767584164935,0.7272753516832987,111.35092791006673,55.675463955033365,0.04646752845038928,3.027594778272841,0.41356005602412754
8,confirmatory,72000,0.5034965034965035,4,0.75,0.7085503472222222,0.2914496527777778,0.3456187513139512,0.3248164786232842,0.40151605672306484,0.5454546941651238,0.7272753516832987,111.35092791006673,83.51319593255005,0.0697012926755839,3.027594778272841,0.41356005602412754
8,confirmatory,72000,0.5034965034965035,4,1.0,0.498046875,0.501953125,1.0054239432017005,0.9648492005136277,0.5353549453947278,0.7272753516832987,0.7272753516832987,111.35092791006673,111.35092791006673,0.09293505690077856,3.027594778272841,0.41356005602412754
8,confirmatory,72000,0.5034965034965035,5,0.25,0.9437934027777778,0.05620659722222221,0.005109707514444839,0.010583216634889444,0.10510370549228458,0.11303615818421046,0.45214463273684186,211.88007548169193,52.97001887042298,0.0442095257772255,3.027594778272841,0.41356005602412754
8,confirmatory,72000,0.5034965034965035,5,0.5,0.8891059027777777,0.11089409722222225,0.03232354587978777,0.04392825894885593,0.21020741098456916,0.22607231636842093,0.45214463273684186,211.88007548169193,105.94003774084597,0.088419051554451,3.027594778272841,0.41356005602412754
8,confirmatory,72000,0.5034965034965035,5,0.75,0.8289930555555555,0.17100694444444445,0.09344275792439778,0.11091113421652053,0.3153108490837945,0.339108192258411,0.45214463273684186,211.88007548169193,158.91005661126894,0.1326285773316765,3.027594778272841,0.41356005602412754
8,confirmatory,72000,0.5034965034965035,5,1.0,0.7615017361111112,0.23849826388888887,0.2014591428968641,0.22148218419816756,0.4204148219691383,0.45214463273684186,0.45214463273684186,211.88007548169193,211.88007548169193,0.176838103108902,3.027594778272841,0.41356005602412754
8,confirmatory,72000,0.5034965034965035,6,0.25,0.9372829861111112,0.06271701388888888,0.021708223554822936,0.01291022677388456,0.11057782007588281,0.12581453720728555,0.5032581488291422,281.8301716130769,70.45754290326923,0.05880486028902143,3.027594778272841,0.41356005602412754
8,confirmatory,72000,0.5034965034965035,6,0.5,0.8743489583333334,0.1256510416666667,0.071790509753757,0.05439771173728838,0.22115564015176561,0.2516290744145711,0.5032581488291422,281.8301716130769,140.91508580653846,0.11760972057804286,3.027594778272841,0.41356005602412754
8,confirmatory,72000,0.5034965034965035,6,0.75,0.8012152777777777,0.19878472222222224,0.160595973332723,0.13590473267767164,0.3317333261171977,0.37744346592161393,0.5032581488291422,281.8301716130769,211.37262870980769,0.1764145808670643,3.027594778272841,0.41356005602412754
8,confirmatory,72000,0.5034965034965035,6,1.0,0.7133246527777778,0.2866753472222222,0.3084748056199815,0.2748453269402186,0.44231128030353123,0.5032581488291422,0.5032581488291422,281.8301716130769,281.8301716130769,0.23521944115608573,3.027594778272841,0.41356005602412754
8,confirmatory,72000,0.5034965034965035,7,0.25,0.9279513888888888,0.07204861111111112,0.014948632982042001,0.012506054507361518,0.11303727328777313,0.14711068405045402,0.5884427362018161,271.76783137570976,67.94195784392744,0.05670531747409765,3.027594778272841,0.41356005602412754
8,confirmatory,72000,0.5034965034965035,7,0.5,0.8615451388888888,0.13845486111111113,0.05740838580661345,0.0533038696481122,0.22607454657554626,0.29422136810090804,0.5884427362018161,271.76783137570976,135.88391568785488,0.1134106349481953,3.027594778272841,0.41356005602412754
8,confirmatory,72000,0.5034965034965035,7,0.75,0.7975260416666666,0.2024739583333333,0.13904929161071763,0.13454153140385947,0.3391117089324527,0.4413318865829044,0.5884427362018161,271.76783137570976,203.82587353178232,0.17011595242229294,3.027594778272841,0.41356005602412754
8,confirmatory,72000,0.5034965034965035,7,1.0,0.7274305555555555,0.2725694444444445,0.28115794393751337,0.27364691098531085,0.45214909315109253,0.5884427362018161,0.5884427362018161,271.76783137570976,271.76783137570976,0.2268212698963906,3.027594778272841,0.41356005602412754
8,confirmatory,72000,0.5034965034965035,8,0.25,0.9283854166666666,0.07161458333333337,0.02734653155008937,0.01732719565431277,0.13703960676987967,0.2338009476661682,0.9352037906646729,376.11156833502486,94.02789208375621,0.07847700656901434,3.027594778272841,0.41356005602412754
8,confirmatory,72000,0.5034965034965035,8,0.5,0.8550347222222222,0.1449652777777778,0.09283653895060207,0.07584152536259757,0.27407921353975934,0.4676018953323364,0.9352037906646729,376.11156833502486,188.05578416751243,0.15695401313802868,3.027594778272841,0.41356005602412754
8,confirmatory,72000,0.5034965034965035,8,0.75,0.7651909722222222,0.2348090277777778,0.2200272348192002,0.19845983551608193,0.41111830208036637,0.7014018628332349,0.9352037906646729,376.11156833502486,282.0836762512686,0.23543101970704297,3.027594778272841,0.41356005602412754
8,confirmatory,72000,0.5034965034965035,8,1.0,0.6595052083333334,0.3404947916666667,0.46155280537075455,0.43640609582265216,0.5481584270795187,0.9352037906646729,0.9352037906646729,376.11156833502486,376.11156833502486,0.31390802627605735,3.027594778272841,0.41356005602412754
8,confirmatory,72000,0.5034965034965035,9,0.25,0.9411892361111112,0.058810763888888874,0.01168905364142514,0.010987786679632135,0.11522490696774589,0.23909064299530455,0.9563625719812182,444.94311642816086,111.23577910704022,0.09283895208367304,3.027594778272841,0.41356005602412754
8,confirmatory,72000,0.5034965034965035,9,0.5,0.8865017361111112,0.11349826388888888,0.05058725674947088,0.048365164134237505,0.23044981393549177,0.4781812859906091,0.9563625719812182,444.94311642816086,222.47155821408043,0.1856779041673461,3.027594778272841,0.41356005602412754
8,confirmatory,72000,0.5034965034965035,9,0.75,0.81640625,0.18359375,0.1264399422539603,0.12285305394066703,0.3456747465663486,0.7172720034917196,0.9563625719812182,444.94311642816086,333.70733732112063,0.27851685625101913,3.027594778272841,0.41356005602412754
8,confirmatory,72000,0.5034965034965035,9,1.0,0.7313368055555555,0.2686631944444445,0.2579832871754963,0.2523678094148636,0.46089962787098354,0.9563625719812182,0.9563625719812182,444.94311642816086,444.94311642816086,0.3713558083346922,3.027594778272841,0.41356005602412754
8,confirmatory,72000,0.5034965034965035,10,0.25,0.9309895833333334,0.06901041666666667,0.024434725443521987,0.020883855927321646,0.13549096551206377,0.3260612388451894,1.3042449553807576,503.76477758181846,125.94119439545462,0.10511229934919519,3.027594778272841,0.41356005602412754
8,confirmatory,72000,0.5034965034965035,10,0.5,0.8602430555555555,0.13975694444444445,0.09618144565158415,0.08853927668597962,0.27098193102412754,0.6521224776903788,1.3042449553807576,503.76477758181846,251.88238879090923,0.21022459869839039,3.027594778272841,0.41356005602412754
8,confirmatory,72000,0.5034965034965035,10,0.75,0.7923177083333334,0.20768229166666666,0.21872364150153242,0.2070703887277179,0.4064726796415117,0.9781832032733493,1.3042449553807576,503.76477758181846,377.8235831863638,0.3153368980475856,3.027594778272841,0.41356005602412754
8,confirmatory,72000,0.5034965034965035,10,1.0,0.7280815972222222,0.2719184027777778,0.4002963436974419,0.3849250045087602,0.5419638620482551,1.3042449553807576,1.3042449553807576,503.76477758181846,503.76477758181846,0.42044919739678077,3.027594778272841,0.41356005602412754
8,confirmatory,143000,1.0,1,0.25,0.9346788194444445,0.06532118055555554,0.01288392808702247,0.015986090732945338,0.1204129093223148,0.04783366703324848,0.1913346681329939,101.45344845855205,25.36336211463801,0.016507805414404816,2.9720260832044816,0.41523095634248525
8,confirmatory,143000,1.0,1,0.5,0.8589409722222222,0.1410590277777778,0.06847426626417352,0.07346586055225797,0.2408258186446296,0.09566733406649695,0.1913346681329939,101.45344845855205,50.72672422927602,0.03301561082880963,2.9720260832044816,0.41523095634248525
8,confirmatory,143000,1.0,1,0.75,0.7534722222222222,0.2465277777777778,0.2502597173055012,0.24600853357050154,0.36123865842819214,0.14350098371505737,0.1913346681329939,101.45344845855205,76.09008634391404,0.049523416243214456,2.9720260832044816,0.41523095634248525
8,confirmatory,143000,1.0,1,1.0,0.6121961805555555,0.3878038194444445,0.6348689926995171,0.6160669757260216,0.4816516372892592,0.1913346681329939,0.1913346681329939,101.45344845855205,101.45344845855205,0.06603122165761927,2.9720260832044816,0.41523095634248525
8,confirmatory,143000,1.0,2,0.25,0.9207899305555555,0.07921006944444446,0.013046132193671234,0.018658475743399724,0.127305441432529,0.05867517905102835,0.2347007162041134,103.98549063733952,25.99637265933488,0.016919801854383548,2.9720260832044816,0.41523095634248525
8,confirmatory,143000,1.0,2,0.5,0.8511284722222222,0.1488715277777778,0.0761797428131102,0.07989834745724995,0.254610882865058,0.1173503581020567,0.2347007162041134,103.98549063733952,51.99274531866976,0.033839603708767096,2.9720260832044816,0.41523095634248525
8,confirmatory,143000,1.0,2,0.75,0.7467447916666666,0.2532552083333333,0.2380286057790119,0.24131745762295195,0.3819162713156807,0.17602549493312836,0.2347007162041134,103.98549063733952,77.98911797800464,0.050759405563150645,2.9720260832044816,0.41523095634248525
8,confirmatory,143000,1.0,2,1.0,0.6095920138888888,0.39040798611111116,0.6131359471215142,0.616708238919576,0.509221765730116,0.2347007162041134,0.2347007162041134,103.98549063733952,103.98549063733952,0.06767920741753419,2.9720260832044816,0.41523095634248525
8,confirmatory,143000,1.0,3,0.25,0.9205729166666666,0.07942708333333337,0.014244106080796884,0.020695796029435266,0.12386830233865315,0.0649195346567366,0.2596781386269464,103.70401548285218,25.926003870713046,0.016874002158563797,2.9720260832044816,0.41523095634248525
8,confirmatory,143000,1.0,3,0.5,0.8383246527777777,0.16167534722222224,0.08460055457221127,0.09250984340906143,0.2477366046773063,0.1298390693134732,0.2596781386269464,103.70401548285218,51.85200774142609,0.03374800431712759,2.9720260832044816,0.41523095634248525
8,confirmatory,143000,1.0,3,0.75,0.7241753472222222,0.2758246527777778,0.2752857473161483,0.28329623407787746,0.37160481678115004,0.19475862383842468,0.2596781386269464,103.70401548285218,77.77801161213914,0.05062200647569139,2.9720260832044816,0.41523095634248525
8,confirmatory,143000,1.0,3,1.0,0.5642361111111112,0.43576388888888884,0.7425299485524494,0.7346047626601324,0.4954732093546126,0.2596781386269464,0.2596781386269464,103.70401548285218,103.70401548285218,0.06749600863425519,2.9720260832044816,0.41523095634248525
8,confirmatory,143000,1.0,4,0.25,0.9090711805555557,0.09092881944444442,0.03962583012051043,0.0376749150454998,0.15946079956160653,0.10571157518360351,0.42284630073441404,113.18526302551602,28.296315756379006,0.018416725367071007,2.9720260832044816,0.41523095634248525
8,confirmatory,143000,1.0,4,0.5,0.8057725694444445,0.19422743055555555,0.15686686833699545,0.143783923652437,0.31892159912321305,0.21142315036720702,0.42284630073441404,113.18526302551602,56.59263151275801,0.036833450734142015,2.9720260832044816,0.41523095634248525
8,confirmatory,143000,1.0,4,0.75,0.6629774305555556,0.3370225694444444,0.4469776418473986,0.4161620007620918,0.47838231258922154,0.3171362479527791,0.42284630073441404,113.18526302551602,84.88894726913702,0.05525017610121302,2.9720260832044816,0.41523095634248525
8,confirmatory,143000,1.0,4,1.0,0.4581163194444444,0.5418836805555556,1.1805106533898246,1.1193455457687378,0.6378431982464261,0.42284630073441404,0.42284630073441404,113.18526302551602,113.18526302551602,0.07366690146828403,2.9720260832044816,0.41523095634248525
8,confirmatory,143000,1.0,5,0.25,0.9296875,0.0703125,0.006019035975138198,0.01829762715432379,0.12110944506194855,0.06633749521440929,0.26534998085763717,295.96161769932473,73.99040442483118,0.048156833201277754,2.9720260832044816,0.41523095634248525
8,confirmatory,143000,1.0,5,0.5,0.865234375,0.134765625,0.056392749150593925,0.07128634800513585,0.2422188901238971,0.13267499042881858,0.26534998085763717,295.96161769932473,147.98080884966237,0.09631366640255551,2.9720260832044816,0.41523095634248525
8,confirmatory,143000,1.0,5,0.75,0.7845052083333334,0.21549479166666666,0.16010610262552882,0.1768694519996643,0.3633282019032373,0.19901241858800253,0.26534998085763717,295.96161769932473,221.97121327449358,0.14447049960383326,2.9720260832044816,0.41523095634248525
8,confirmatory,143000,1.0,5,1.0,0.701171875,0.298828125,0.34284864531622966,0.355977690882153,0.4844377802477942,0.26534998085763717,0.26534998085763717,295.96161769932473,295.96161769932473,0.19262733280511102,2.9720260832044816,0.41523095634248525
8,confirmatory,143000,1.0,6,0.25,0.9110243055555557,0.08897569444444442,0.022222492429945156,0.02157517626053757,0.13114405506187013,0.08101041366656621,0.32404165466626483,402.57604174631075,100.64401043657769,0.065504396968472,2.9720260832044816,0.41523095634248525
8,confirmatory,143000,1.0,6,0.5,0.8270399305555557,0.17296006944444442,0.09272511800130208,0.08254202703634898,0.26228811012374026,0.16202082733313242,0.32404165466626483,402.57604174631075,201.28802087315538,0.131008793936944,2.9720260832044816,0.41523095634248525
8,confirmatory,143000,1.0,6,0.75,0.7417534722222222,0.2582465277777778,0.22804511917961948,0.20261821978622016,0.393432166841295,0.24303121036953393,0.32404165466626483,402.57604174631075,301.9320313097331,0.196513190905416,2.9720260832044816,0.41523095634248525
8,confirmatory,143000,1.0,6,1.0,0.6438802083333334,0.3561197916666667,0.4436580869886608,0.3982430862055884,0.5245762202474805,0.32404165466626483,0.32404165466626483,402.57604174631075,402.57604174631075,0.262017587873888,2.9720260832044816,0.41523095634248525
8,confirmatory,143000,1.0,7,0.25,0.9242621527777778,0.07573784722222221,0.01676336924235026,0.019384137458271448,0.123302167488469,0.08774535606304805,0.3509814242521922,423.43496468900554,105.85874117225138,0.06889841704688013,2.9720260832044816,0.41523095634248525
8,confirmatory,143000,1.0,7,0.5,0.8556857638888888,0.14431423611111113,0.07489673296610515,0.07583500444889069,0.246604334976938,0.1754907121260961,0.3509814242521922,423.43496468900554,211.71748234450277,0.13779683409376026,2.9720260832044816,0.41523095634248525
8,confirmatory,143000,1.0,7,0.75,0.7921006944444445,0.20789930555555555,0.18589644961886917,0.18166390226946938,0.3699064453442891,0.26323603590329486,0.3509814242521922,423.43496468900554,317.57622351675417,0.20669525114064044,2.9720260832044816,0.41523095634248525
8,confirmatory,143000,1.0,7,1.0,0.705078125,0.294921875,0.3622555732727049,0.34923983613650006,0.493208669953876,0.3509814242521922,0.3509814242521922,423.43496468900554,423.43496468900554,0.2755936681875205,2.9720260832044816,0.41523095634248525
8,confirmatory,143000,1.0,8,0.25,0.9171006944444445,0.08289930555555554,0.025809870825873382,0.021199795314007338,0.14333548148473105,0.1128390423125691,0.4513561692502764,517.0115583071313,129.25288957678282,0.08412455496787892,2.9720260832044816,0.41523095634248525
8,confirmatory,143000,1.0,8,0.5,0.841579861111111,0.15842013888888892,0.1002438333299424,0.08922169191969764,0.2866709629694621,0.2256780846251382,0.4513561692502764,517.0115583071313,258.50577915356564,0.16824910993575784,2.9720260832044816,0.41523095634248525
8,confirmatory,143000,1.0,8,0.75,0.744140625,0.255859375,0.2555611928304036,0.23882860938707987,0.43000662326812744,0.3385172651873694,0.4513561692502764,517.0115583071313,387.75866873034846,0.2523736649036368,2.9720260832044816,0.41523095634248525
8,confirmatory,143000,1.0,8,1.0,0.6365017361111112,0.36349826388888884,0.5758341683281792,0.5450838539335462,0.5733419259389242,0.4513561692502764,0.4513561692502764,517.0115583071313,517.0115583071313,0.3364982198715157,2.9720260832044816,0.41523095634248525
8,confirmatory,143000,1.0,9,0.25,0.9305555555555557,0.06944444444444442,0.01649080382453046,0.016472849891417556,0.15047482815053728,0.14421945479181078,0.5768778191672431,618.9449047698065,154.73622619245162,0.10071044607568491,2.9720260832044816,0.41523095634248525
8,confirmatory,143000,1.0,9,0.5,0.8617621527777778,0.1382378472222222,0.07328963279724106,0.06700194834007157,0.30094965630107456,0.28843890958362156,0.5768778191672431,618.9449047698065,309.47245238490325,0.20142089215136982,2.9720260832044816,0.41523095634248525
8,confirmatory,143000,1.0,9,0.75,0.7808159722222222,0.2191840277777778,0.18103983667161735,0.16824406882127127,0.45142409536573624,0.43265791071785825,0.5768778191672431,618.9449047698065,464.2086785773549,0.30213133822705474,2.9720260832044816,0.41523095634248525
8,confirmatory,143000,1.0,9,1.0,0.6935763888888888,0.3064236111111111,0.3658361434936522,0.34044439925087827,0.6018993126021491,0.5768778191672431,0.5768778191672431,618.9449047698065,618.9449047698065,0.40284178430273965,2.9720260832044816,0.41523095634248525
8,confirmatory,143000,1.0,10,0.25,0.8817274305555555,0.11827256944444446,0.0851350625356037,0.06305705797341135,0.19812934928470186,0.22977203296290505,0.9190881318516202,680.2976419868633,170.0744104967158,0.11069334032924057,2.9720260832044816,0.41523095634248525
8,confirmatory,143000,1.0,10,0.5,0.767795138888889,0.23220486111111108,0.3031775686475964,0.260087905658616,0.3962586985694037,0.4595440659258101,0.9190881318516202,680.2976419868633,340.1488209934316,0.22138668065848113,2.9720260832044816,0.41523095634248525
8,confirmatory,143000,1.0,10,0.75,0.6638454861111112,0.33615451388888884,0.614358001285129,0.5538050532341003,0.594387067688836,0.6893174052238464,0.9190881318516202,680.2976419868633,510.2232314901474,0.3320800209877217,2.9720260832044816,0.41523095634248525
8,confirmatory,143000,1.0,10,1.0,0.5620659722222222,0.43793402777777785,0.9667355749342175,0.892961323261261,0.7925173971388074,0.9190881318516202,0.9190881318516202,680.2976419868633,680.2976419868633,0.44277336131696227,2.9720260832044816,0.41523095634248525
9,pilot,14000,0.0979020979020979,1,0.25,0.9476996527777778,0.05230034722222221,0.009580585691663904,0.009164727499915494,0.10134873373640908,0.10871077080567677,0.4348430832227071,97.34127538024653,24.335318845061632,0.042432412589856465,3.1139476564195423,0.4148124919997322
9,pilot,14000,0.0979020979020979,1,0.5,0.8858506944444445,0.11414930555555554,0.054747978846232094,0.05414814088079664,0.20269746747281817,0.21742154161135355,0.4348430832227071,97.34127538024653,48.670637690123264,0.08486482517971293,3.1139476564195423,0.4148124919997322
9,pilot,14000,0.0979020979020979,1,0.75,0.8053385416666666,0.19466145833333334,0.15822879473368312,0.1511069652107027,0.304045965274175,0.326132016049491,0.4348430832227071,97.34127538024653,73.0059565351849,0.1272972377695694,3.1139476564195423,0.4148124919997322
9,pilot,14000,0.0979020979020979,1,1.0,0.7022569444444445,0.2977430555555555,0.3715532620747884,0.359157704644733,0.40539493494563633,0.4348430832227071,0.4348430832227071,97.34127538024653,97.34127538024653,0.16972965035942586,3.1139476564195423,0.4148124919997322
9,pilot,14000,0.0979020979020979,2,0.25,0.9431423611111112,0.056857638888888874,0.008866204155815923,0.009901044786804253,0.10269910593827565,0.12336706866820653,0.4934682746728261,100.16926336892966,25.042315842232416,0.043665171793659883,3.1139476564195423,0.4148124919997322
9,pilot,14000,0.0979020979020979,2,0.5,0.8784722222222222,0.12152777777777779,0.04826905992296012,0.047262492693132825,0.2053982118765513,0.24673413733641306,0.4934682746728261,100.16926336892966,50.08463168446483,0.08733034358731977,3.1139476564195423,0.4148124919997322
9,pilot,14000,0.0979020979020979,2,0.75,0.7983940972222222,0.2016059027777778,0.1465520328945583,0.13994270894262525,0.30809731284777325,0.3701011902756161,0.4934682746728261,100.16926336892966,75.12694752669725,0.13099551538097964,3.1139476564195423,0.4148124919997322
9,pilot,14000,0.0979020979020979,2,1.0,0.6920572916666666,0.3079427083333333,0.3631955252753363,0.34992127286063296,0.4107964237531026,0.4934682746728261,0.4934682746728261,100.16926336892966,100.16926336892966,0.17466068717463953,3.1139476564195423,0.4148124919997322
9,pilot,14000,0.0979020979020979,3,0.25,0.9305555555555557,0.06944444444444442,0.02965370814005534,0.02153230561978287,0.1256273678607411,0.20433962841828665,0.8173585136731466,99.08257516433069,24.770643791082673,0.043191469327014044,3.1139476564195423,0.4148124919997322
9,pilot,14000,0.0979020979020979,3,0.5,0.843532986111111,0.15646701388888892,0.11877632141113266,0.10267119026846355,0.2512547357214822,0.4086792568365733,0.8173585136731466,99.08257516433069,49.541287582165346,0.08638293865402809,3.1139476564195423,0.4148124919997322
9,pilot,14000,0.0979020979020979,3,0.75,0.7109375,0.2890625,0.34504206975301105,0.31499431861771476,0.37688191400633925,0.6130183868938023,0.8173585136731466,99.08257516433069,74.31193137324802,0.12957440798104214,3.1139476564195423,0.4148124919997322
9,pilot,14000,0.0979020979020979,3,1.0,0.482421875,0.517578125,1.0846082899305558,1.0602990786234539,0.5025094714429644,0.8173585136731466,0.8173585136731466,99.08257516433069,99.08257516433069,0.17276587730805618,3.1139476564195423,0.4148124919997322
9,pilot,14000,0.0979020979020979,4,0.25,0.9444444444444445,0.055555555555555546,0.014896763695610845,0.01021472695800993,0.09930897586875491,0.1347254067659378,0.5389016270637512,104.74256662593369,26.185641656483423,0.0456587381399162,3.1139476564195423,0.4148124919997322
9,pilot,14000,0.0979020979020979,4,0.5,0.8838975694444445,0.11610243055555554,0.05552779303656674,0.04689610873659452,0.19861795173750982,0.2694508135318756,0.5389016270637512,104.74256662593369,52.371283312966845,0.0913174762798324,3.1139476564195423,0.4148124919997322
9,pilot,14000,0.0979020979020979,4,0.75,0.8090277777777778,0.1909722222222222,0.13402130868699821,0.12145117008023792,0.2979266709751553,0.4041759106847975,0.5389016270637512,104.74256662593369,78.55692496945026,0.1369762144197486,3.1139476564195423,0.4148124919997322
9,pilot,14000,0.0979020979020979,4,1.0,0.7328559027777778,0.2671440972222222,0.27054540316263836,0.2529200166463852,0.39723590347501964,0.5389016270637512,0.5389016270637512,104.74256662593369,104.74256662593369,0.1826349525596648,3.1139476564195423,0.4148124919997322
9,pilot,14000,0.0979020979020979,5,0.25,0.9513888888888888,0.048611111111111126,0.008832163280910965,0.00845346548077133,0.09790206452210744,0.14569778078132203,0.5827911231252881,104.22738719534136,26.05684679883534,0.04543416427778726,3.1139476564195423,0.4148124919997322
9,pilot,14000,0.0979020979020979,5,0.5,0.8927951388888888,0.10720486111111112,0.03878140449523926,0.038153708395030766,0.19580412904421488,0.29139556156264407,0.5827911231252881,104.22738719534136,52.11369359767068,0.09086832855557452,3.1139476564195423,0.4148124919997322
9,pilot,14000,0.0979020979020979,5,0.75,0.8294270833333334,0.17057291666666666,0.10261938307020395,0.1003835457894537,0.29370607601271737,0.4370931850539313,0.5827911231252881,104.22738719534136,78.17054039650603,0.13630249283336174,3.1139476564195423,0.4148124919997322
9,pilot,14000,0.0979020979020979,5,1.0,0.7547743055555557,0.24522569444444442,0.22277853224012567,0.21615466641055212,0.39160825808842975,0.5827911231252881,0.5827911231252881,104.22738719534136,104.22738719534136,0.18173665711114903,3.1139476564195423,0.4148124919997322
9,pilot,14000,0.0979020979020979,6,0.25,0.947482638888889,0.052517361111111084,0.010334836112128412,0.008312465726501413,0.0919641728202502,0.1505581190188726,0.6022324760754904,104.63033606652637,26.157584016631592,0.045609815281823805,3.1139476564195423,0.4148124919997322
9,pilot,14000,0.0979020979020979,6,0.5,0.8951822916666666,0.10481770833333333,0.0421240594651963,0.03717016718453831,0.1839283456405004,0.3011162380377452,0.6022324760754904,104.63033606652637,52.315168033263184,0.09121963056364761,3.1139476564195423,0.4148124919997322
9,pilot,14000,0.0979020979020979,6,0.75,0.8381076388888888,0.16189236111111113,0.10446084870232457,0.0953210327360365,0.2758924729294247,0.45167428255081177,0.6022324760754904,104.63033606652637,78.47275204989478,0.13682944584547138,3.1139476564195423,0.4148124919997322
9,pilot,14000,0.0979020979020979,6,1.0,0.7612847222222222,0.2387152777777778,0.2097553677029079,0.19536792900827196,0.3678566912810008,0.6022324760754904,0.6022324760754904,104.63033606652637,104.63033606652637,0.18243926112729522,3.1139476564195423,0.4148124919997322
9,pilot,14000,0.0979020979020979,7,0.25,0.941623263888889,0.058376736111111084,0.014627456665039062,0.009359125772284137,0.09304994841416676,0.1778530346022712,0.7114121384090848,113.37516385416727,28.343790963541817,0.049421807052662255,3.1139476564195423,0.4148124919997322
9,pilot,14000,0.0979020979020979,7,0.5,0.884765625,0.115234375,0.0515390502081976,0.0410257155696551,0.18609989682833353,0.3557060692045424,0.7114121384090848,113.37516385416727,56.687581927083635,0.09884361410532451,3.1139476564195423,0.4148124919997322
9,pilot,14000,0.0979020979020979,7,0.75,0.8172743055555555,0.18272569444444445,0.11854508188035758,0.10352873057126999,0.27914955880906844,0.533558534251319,0.7114121384090848,113.37516385416727,85.03137289062545,0.14826542115798677,3.1139476564195423,0.4148124919997322
9,pilot,14000,0.0979020979020979,7,1.0,0.7428385416666666,0.25716145833333337,0.2303032080332438,0.21216987404558393,0.37219979365666706,0.7114121384090848,0.7114121384090848,113.37516385416727,113.37516385416727,0.19768722821064902,3.1139476564195423,0.4148124919997322
9,pilot,14000,0.0979020979020979,8,0.25,0.9442274305555555,0.055772569444444454,0.011190096537271987,0.00787327392026782,0.0802021539873547,0.17417692806985643,0.6967077122794257,114.19107751691665,28.547769379229162,0.04977747513940389,3.1139476564195423,0.4148124919997322
9,pilot,14000,0.0979020979020979,8,0.5,0.8934461805555555,0.10655381944444446,0.04067447450425895,0.03435971256759431,0.1604043079747094,0.34835385613971287,0.6967077122794257,114.19107751691665,57.095538758458325,0.09955495027880779,3.1139476564195423,0.4148124919997322
9,pilot,14000,0.0979020979020979,8,0.75,0.837890625,0.162109375,0.09364766544765901,0.08491907185978359,0.24060646030637953,0.5225307610299853,0.6967077122794257,114.19107751691665,85.64330813768748,0.14933242541821168,3.1139476564195423,0.4148124919997322
9,pilot,14000,0.0979020979020979,8,1.0,0.7721354166666666,0.22786458333333337,0.1778726577758789,0.16706934902403092,0.3208086159494188,0.6967077122794257,0.6967077122794257,114.19107751691665,114.19107751691665,0.19910990055761557,3.1139476564195423,0.4148124919997322
9,pilot,14000,0.0979020979020979,9,0.25,0.9448784722222222,0.05512152777777779,0.010022772683037603,0.010966670492457017,0.08455823361873627,0.21727275351683298,0.8690910140673319,126.22922308530154,31.557305771325385,0.055025069827053914,3.1139476564195423,0.4148124919997322
9,pilot,14000,0.0979020979020979,9,0.5,0.888671875,0.111328125,0.044038004345363944,0.046621044890748135,0.16911646723747253,0.43454550703366596,0.8690910140673319,126.22922308530154,63.11461154265077,0.11005013965410783,3.1139476564195423,0.4148124919997322
9,pilot,14000,0.0979020979020979,9,0.75,0.8240017361111112,0.17599826388888887,0.1080750359429253,0.11286145862605836,0.25367460317081875,0.6518180171648661,0.8690910140673319,126.22922308530154,94.67191731397615,0.16507520948116175,3.1139476564195423,0.4148124919997322
9,pilot,14000,0.0979020979020979,9,1.0,0.7560763888888888,0.24392361111111113,0.21322883499993214,0.2206465370125241,0.33823293447494507,0.8690910140673319,0.8690910140673319,126.22922308530154,126.22922308530154,0.22010027930821566,3.1139476564195423,0.4148124919997322
9,pilot,14000,0.0979020979020979,10,0.25,0.9286024305555555,0.07139756944444446,0.010572645399305506,0.013464616818560494,0.07941691080729167,0.24204311933782366,0.9681724773512946,130.9843116113017,32.74607790282543,0.05709787889441361,3.1139476564195423,0.4148124919997322
9,pilot,14000,0.0979020979020979,10,0.5,0.859157986111111,0.14084201388888892,0.05023002624511704,0.05636232925785912,0.15883382161458334,0.4840862386756473,0.9681724773512946,130.9843116113017,65.49215580565085,0.11419575778882722,3.1139476564195423,0.4148124919997322
9,pilot,14000,0.0979020979020979,10,0.75,0.7916666666666666,0.2083333333333333,0.12359963523017026,0.13301566574308607,0.23825069268544516,0.726129154364268,0.9681724773512946,130.9843116113017,98.23823370847629,0.17129363668324082,3.1139476564195423,0.4148124919997322
9,pilot,14000,0.0979020979020979,10,1.0,0.728515625,0.271484375,0.23682175742255307,0.24912107487519583,0.3176676432291667,0.9681724773512946,0.9681724773512946,130.9843116113017,130.9843116113017,0.22839151557765444,3.1139476564195423,0.4148124919997322
9,pilot,72000,0.5034965034965035,1,0.25,0.9364149305555555,0.06358506944444446,0.013239357206556482,0.01190720136380858,0.11260118004348542,0.0900221574637625,0.36008862985505,108.0588375478091,27.014709386952276,0.022716933501044038,3.033619827694363,0.41789010167121887
9,pilot,72000,0.5034965034965035,1,0.5,0.8719618055555557,0.12803819444444442,0.06760893927680127,0.06762383091780876,0.22520236008697084,0.180044314927525,0.36008862985505,108.0588375478091,54.02941877390455,0.045433867002088076,3.033619827694363,0.41789010167121887
9,pilot,72000,0.5034965034965035,1,0.75,0.7560763888888888,0.24392361111111113,0.26484889454311783,0.2616863151391347,0.33780331412951153,0.2700663407643636,0.36008862985505,108.0588375478091,81.04412816085683,0.06815080050313212,3.033619827694363,0.41789010167121887
9,pilot,72000,0.5034965034965035,1,1.0,0.6258680555555556,0.3741319444444444,0.6463385687934028,0.6397057705455356,0.4504047201739417,0.36008862985505,0.36008862985505,108.0588375478091,108.0588375478091,0.09086773400417615,3.033619827694363,0.41789010167121887
9,pilot,72000,0.5034965034965035,2,0.25,0.9403211805555555,0.059678819444444454,0.012967930899725921,0.012250868189666008,0.1167217344045639,0.10511782185898888,0.4204712874359555,112.61277452622353,28.153193631555883,0.023674296044027307,3.033619827694363,0.41789010167121887
9,pilot,72000,0.5034965034965035,2,0.5,0.8700086805555555,0.12999131944444445,0.06471996837192091,0.06079402565956116,0.2334434688091278,0.21023564371797776,0.4204712874359555,112.61277452622353,56.306387263111766,0.047348592088054614,3.033619827694363,0.41789010167121887
9,pilot,72000,0.5034965034965035,2,0.75,0.7717013888888888,0.22829861111111113,0.20856650670369467,0.1971057222949134,0.35016530089908177,0.3153545757134755,0.4204712874359555,112.61277452622353,84.45958089466765,0.07102288813208191,3.033619827694363,0.41789010167121887
9,pilot,72000,0.5034965034965035,2,1.0,0.6260850694444445,0.3739149305555555,0.5595059129926893,0.5443463424841563,0.4668869376182556,0.4204712874359555,0.4204712874359555,112.61277452622353,112.61277452622353,0.09469718417610923,3.033619827694363,0.41789010167121887
9,pilot,72000,0.5034965034965035,3,0.25,0.927734375,0.072265625,0.026198254691229828,0.026904074682129756,0.14181348515881434,0.15051862431897056,0.6020744972758822,127.67544820461103,31.918862051152757,0.026840883470515792,3.033619827694363,0.41789010167121887
9,pilot,72000,0.5034965034965035,3,0.5,0.8289930555555555,0.17100694444444445,0.12254208988613557,0.11995401647355823,0.2836269703176287,0.3010372486379411,0.6020744972758822,127.67544820461103,63.837724102305515,0.053681766941031585,3.033619827694363,0.41789010167121887
9,pilot,72000,0.5034965034965035,3,0.75,0.6840277777777778,0.3159722222222222,0.36739749378628206,0.35459123717414004,0.4254406823052301,0.45155884491072756,0.6020744972758822,127.67544820461103,95.75658615345827,0.0805226504115474,3.033619827694363,0.41789010167121887
9,pilot,72000,0.5034965034965035,3,1.0,0.4924045138888889,0.507595486111111,1.0138766765594485,0.9793176915910508,0.5672539406352574,0.6020744972758822,0.6020744972758822,127.67544820461103,127.67544820461103,0.10736353388206317,3.033619827694363,0.41789010167121887
9,pilot,72000,0.5034965034965035,4,0.25,0.9422743055555555,0.057725694444444454,0.011686325073242188,0.011371571674115129,0.11104508406586117,0.09915147473414739,0.39660589893658954,195.05435554297995,48.76358888574499,0.041005779115460377,3.033619827694363,0.41789010167121887
9,pilot,72000,0.5034965034965035,4,0.5,0.8843315972222222,0.11566840277777779,0.049408806694878425,0.04925808393292957,0.22209016813172233,0.19830294946829477,0.39660589893658954,195.05435554297995,97.52717777148997,0.08201155823092075,3.033619827694363,0.41789010167121887
9,pilot,72000,0.5034965034965035,4,0.75,0.820529513888889,0.17947048611111108,0.1257005532582601,0.12494753135575187,0.33313508497344124,0.2974542909198337,0.39660589893658954,195.05435554297995,146.29076665723497,0.12301733734638114,3.033619827694363,0.41789010167121887
9,pilot,72000,0.5034965034965035,4,1.0,0.7378472222222223,0.26215277777777773,0.26184010505676253,0.25667383273442584,0.44418033626344466,0.39660589893658954,0.39660589893658954,195.05435554297995,195.05435554297995,0.1640231164618415,3.033619827694363,0.41789010167121887
9,pilot,72000,0.5034965034965035,5,0.25,0.9348958333333334,0.06510416666666663,0.0198309686448838,0.012552014448576504,0.11185908897055519,0.11154140532016754,0.44616562128067017,235.2063749815239,58.80159374538098,0.04944683563815775,3.033619827694363,0.41789010167121887
9,pilot,72000,0.5034965034965035,5,0.5,0.8661024305555555,0.13389756944444445,0.06975722312927231,0.05459307423896259,0.22371817794111037,0.22308281064033508,0.44616562128067017,235.2063749815239,117.60318749076195,0.0988936712763155,3.033619827694363,0.41789010167121887
9,pilot,72000,0.5034965034965035,5,0.75,0.7999131944444443,0.20008680555555558,0.16276730431450734,0.13953014214833578,0.33557700779702926,0.33462397919760817,0.44616562128067017,235.2063749815239,176.4047812361429,0.14834050691447326,3.033619827694363,0.41789010167121887
9,pilot,72000,0.5034965034965035,5,1.0,0.720486111111111,0.2795138888888889,0.32353430324130567,0.29223594731754726,0.44743635588222075,0.44616562128067017,0.44616562128067017,235.2063749815239,235.2063749815239,0.197787342552631,3.033619827694363,0.41789010167121887
9,pilot,72000,0.5034965034965035,6,0.25,0.9457465277777778,0.05425347222222221,0.0133462217119004,0.011515618301928043,0.10447640882598029,0.11118799696365993,0.4447519878546397,276.1929075200962,69.04822688002405,0.05806332971903455,3.033619827694363,0.41789010167121887
9,pilot,72000,0.5034965034965035,6,0.5,0.8810763888888888,0.11892361111111112,0.05380572213066944,0.04956499569945866,0.20895281765196058,0.22237599392731985,0.4447519878546397,276.1929075200962,138.0964537600481,0.1161266594380691,3.033619827694363,0.41789010167121887
9,pilot,72000,0.5034965034965035,6,0.75,0.8177083333333334,0.18229166666666666,0.13037580913967547,0.12430903895033729,0.3134293225076464,0.33356407947010464,0.4447519878546397,276.1929075200962,207.14468064007212,0.17418998915710363,3.033619827694363,0.41789010167121887
9,pilot,72000,0.5034965034965035,6,1.0,0.7495659722222222,0.2504340277777778,0.2562348577711317,0.2503507253196504,0.41790563530392116,0.4447519878546397,0.4447519878546397,276.1929075200962,276.1929075200962,0.2322533188761382,3.033619827694363,0.41789010167121887
9,pilot,72000,0.5034965034965035,7,0.25,0.9344618055555557,0.06553819444444442,0.020967351065741546,0.013403055982457267,0.11260622243086497,0.14818078113926783,0.5927231245570713,313.54812761808296,78.38703190452074,0.06591642225769322,3.033619827694363,0.41789010167121887
9,pilot,72000,0.5034965034965035,7,0.5,0.8572048611111112,0.14279513888888887,0.07556965616014273,0.05986525118350983,0.22521244486172995,0.29636156227853566,0.5927231245570713,313.54812761808296,156.77406380904148,0.13183284451538643,3.033619827694363,0.41789010167121887
9,pilot,72000,0.5034965034965035,7,0.75,0.7658420138888888,0.23415798611111113,0.1814049349890814,0.15627210670047334,0.33781881133715314,0.4445425305101607,0.5927231245570713,313.54812761808296,235.16109571356222,0.19774926677307966,3.033619827694363,0.41789010167121887
9,pilot,72000,0.5034965034965035,7,1.0,0.6694878472222222,0.3305121527777778,0.37363073560926646,0.3401175041993459,0.4504248897234599,0.5927231245570713,0.5927231245570713,313.54812761808296,313.54812761808296,0.26366568903077287,3.033619827694363,0.41789010167121887
9,pilot,72000,0.5034965034965035,8,0.25,0.9379340277777778,0.06206597222222221,0.014939520094129724,0.011912186009188494,0.10369186600049336,0.16415915886561075,0.656636635462443,369.582367248018,92.3955918120045,0.07769635737768386,3.033619827694363,0.41789010167121887
9,pilot,72000,0.5034965034965035,8,0.5,0.8743489583333334,0.12565104166666663,0.05720586246914339,0.05191753307978312,0.20738373200098673,0.3283183177312215,0.656636635462443,369.582367248018,184.791183624009,0.15539271475536773,3.033619827694363,0.41789010167121887
9,pilot,72000,0.5034965034965035,8,0.75,0.798828125,0.201171875,0.13783876101175943,0.13019000159369576,0.3110758165518443,0.4924778342247009,0.656636635462443,369.582367248018,277.1867754360135,0.2330890721330516,3.033619827694363,0.41789010167121887
9,pilot,72000,0.5034965034965035,8,1.0,0.7174479166666666,0.2825520833333333,0.26994925075107146,0.2618483669228024,0.41476746400197345,0.656636635462443,0.656636635462443,369.582367248018,369.582367248018,0.31078542951073546,3.033619827694363,0.41789010167121887
9,pilot,72000,0.5034965034965035,9,0.25,0.9383680555555555,0.061631944444444454,0.009508715735541498,0.012462451122701168,0.10859943760765924,0.21540923085477615,0.8616369234191046,419.75863504672657,104.93965876168164,0.08824478603729748,3.033619827694363,0.41789010167121887
9,pilot,72000,0.5034965034965035,9,0.5,0.8676215277777778,0.1323784722222222,0.0494225819905599,0.05632622415820757,0.21719887521531847,0.4308184617095523,0.8616369234191046,419.75863504672657,209.87931752336328,0.17648957207459495,3.033619827694363,0.41789010167121887
9,pilot,72000,0.5034965034965035,9,0.75,0.7912326388888888,0.20876736111111113,0.13556869824727377,0.1466869744989607,0.3257983922958374,0.6462278167406718,0.8616369234191046,419.75863504672657,314.8189762850449,0.26473435811189244,3.033619827694363,0.41789010167121887
9,pilot,72000,0.5034965034965035,9,1.0,0.7072482638888888,0.2927517361111111,0.29568974177042645,0.3098612361484104,0.43439775043063694,0.8616369234191046,0.8616369234191046,419.75863504672657,419.75863504672657,0.3529791441491899,3.033619827694363,0.41789010167121887
9,pilot,72000,0.5034965034965035,10,0.25,0.92578125,0.07421875000000004,0.022087944878472026,0.021076453228791554,0.10386557711495294,0.24485302137004003,0.9794120854801601,481.1802816450343,120.29507041125858,0.10115730196808424,3.033619827694363,0.41789010167121887
9,pilot,72000,0.5034965034965035,10,0.5,0.861111111111111,0.13888888888888892,0.08899487389458545,0.08469791875945197,0.20773115422990587,0.48970604274008006,0.9794120854801601,481.1802816450343,240.59014082251716,0.20231460393616849,3.033619827694363,0.41789010167121887
9,pilot,72000,0.5034965034965035,10,0.75,0.7918836805555555,0.20811631944444445,0.20381352636549202,0.19531521035565272,0.3115965757105085,0.7345587478743659,0.9794120854801601,481.1802816450343,360.8852112337757,0.30347190590425277,3.033619827694363,0.41789010167121887
9,pilot,72000,0.5034965034965035,10,1.0,0.7267795138888888,0.2732204861111111,0.3712311585744222,0.3579923543665144,0.41546230845981175,0.9794120854801601,0.9794120854801601,481.1802816450343,481.1802816450343,0.40462920787233697,3.033619827694363,0.41789010167121887
9,pilot,143000,1.0,1,0.25,0.9251302083333334,0.07486979166666667,0.008500973383585611,0.01996054562429587,0.12347192896736993,0.05143616762426165,0.2057446704970466,104.89530518704105,26.22382629676026,0.01641564348499576,3.0146052042643228,0.41476765275001526
9,pilot,143000,1.0,1,0.5,0.8491753472222222,0.1508246527777778,0.06774401664733887,0.08363494608137341,0.24694385793473986,0.1028723352485233,0.2057446704970466,104.89530518704105,52.44765259352052,0.03283128696999152,3.0146052042643228,0.41476765275001526
9,pilot,143000,1.0,1,0.75,0.7371961805555557,0.2628038194444444,0.26189716657002754,0.28330181042353314,0.37041594584782916,0.1543086055252287,0.2057446704970466,104.89530518704105,78.67147889028078,0.049246930454987285,3.0146052042643228,0.41476765275001526
9,pilot,143000,1.0,1,1.0,0.6137152777777778,0.38628472222222227,0.6306379636128744,0.6499245696597629,0.4938877158694797,0.2057446704970466,0.2057446704970466,104.89530518704105,104.89530518704105,0.06566257393998304,3.0146052042643228,0.41476765275001526
9,pilot,143000,1.0,2,0.25,0.911892361111111,0.08810763888888891,0.01834731631808806,0.023705246133936778,0.13249871300326452,0.06469680286116071,0.25878721144464284,118.6658019088372,29.6664504772093,0.01857066428781655,3.0146052042643228,0.41476765275001526
9,pilot,143000,1.0,2,0.5,0.8355034722222222,0.1644965277777778,0.08685090806749123,0.08953710811005698,0.26499742600652904,0.12939360572232142,0.25878721144464284,118.6658019088372,59.3329009544186,0.0371413285756331,3.0146052042643228,0.41476765275001526
9,pilot,143000,1.0,2,0.75,0.7280815972222222,0.2719184027777778,0.2740836408403184,0.27059880561298794,0.3974957565466563,0.1940900716516707,0.25878721144464284,118.6658019088372,88.99935143162789,0.055711992863449654,3.0146052042643228,0.41476765275001526
9,pilot,143000,1.0,2,1.0,0.5802951388888888,0.41970486111111116,0.7190523147583007,0.7049709293577405,0.5299948520130581,0.25878721144464284,0.25878721144464284,118.6658019088372,118.6658019088372,0.0742826571512662,3.0146052042643228,0.41476765275001526
9,pilot,143000,1.0,3,0.25,0.8904079861111112,0.10959201388888888,0.03789665963914649,0.049404738677872546,0.16309871938493517,0.09256263408395977,0.3702505363358391,154.77515225767283,38.69378806441821,0.024221615212115147,3.0146052042643228,0.41476765275001526
9,pilot,143000,1.0,3,0.5,0.7868923611111112,0.21310763888888887,0.16807044876946323,0.16902319259113738,0.32619743876987034,0.18512526816791955,0.3702505363358391,154.77515225767283,77.38757612883641,0.048443230424230294,3.0146052042643228,0.41476765275001526
9,pilot,143000,1.0,3,0.75,0.6388888888888888,0.36111111111111116,0.4911245240105521,0.4826429817411635,0.4892957806587219,0.2776835295889113,0.3702505363358391,154.77515225767283,116.08136419325461,0.07266484563634543,3.0146052042643228,0.41476765275001526
9,pilot,143000,1.0,3,1.0,0.4596354166666667,0.5403645833333334,1.2207231786515977,1.1867367294099596,0.6523948775397407,0.3702505363358391,0.3702505363358391,154.77515225767283,154.77515225767283,0.09688646084846059,3.0146052042643228,0.41476765275001526
9,pilot,143000,1.0,4,0.25,0.9197048611111112,0.08029513888888888,0.015003283818562677,0.02106668013665411,0.12352596388922797,0.06177984467811055,0.2471193787124422,248.93429637234343,62.233574093085856,0.03895709777620731,3.0146052042643228,0.41476765275001526
9,pilot,143000,1.0,4,0.5,0.8489583333333334,0.15104166666666666,0.06688234541151239,0.07094460394647385,0.24705192777845594,0.1235596893562211,0.2471193787124422,248.93429637234343,124.46714818617171,0.07791419555241462,3.0146052042643228,0.41476765275001526
9,pilot,143000,1.0,4,0.75,0.7723524305555555,0.22764756944444445,0.16395134396023195,0.17056888507472143,0.3705777559015486,0.1853394541475508,0.2471193787124422,248.93429637234343,186.70072227925758,0.11687129332862194,3.0146052042643228,0.41476765275001526
9,pilot,143000,1.0,4,1.0,0.6924913194444443,0.3075086805555556,0.3352692392137313,0.33897242612308925,0.4941038555569119,0.2471193787124422,0.2471193787124422,248.93429637234343,248.93429637234343,0.15582839110482924,3.0146052042643228,0.41476765275001526
9,pilot,143000,1.0,5,0.25,0.9134114583333334,0.08658854166666667,0.021937635209825206,0.025062583179937467,0.1337695320447286,0.07567223740948571,0.30268894963794285,341.8333753289055,85.45834383222638,0.05349538581032035,3.0146052042643228,0.41476765275001526
9,pilot,143000,1.0,5,0.5,0.8444010416666666,0.15559895833333334,0.09028723504808205,0.08750051259994507,0.2675390640894572,0.15134447481897143,0.30268894963794285,341.8333753289055,170.91668766445275,0.1069907716206407,3.0146052042643228,0.41476765275001526
9,pilot,143000,1.0,5,0.75,0.7580295138888888,0.24197048611111113,0.21818174256218784,0.20997611184914908,0.4013083808951908,0.22701660626464418,0.30268894963794285,341.8333753289055,256.3750314966791,0.16048615743096106,3.0146052042643228,0.41476765275001526
9,pilot,143000,1.0,5,1.0,0.6551649305555555,0.3448350694444445,0.44359217749701596,0.42939789096514386,0.5350781281789144,0.30268894963794285,0.30268894963794285,341.8333753289055,341.8333753289055,0.2139815432412814,3.0146052042643228,0.41476765275001526
9,pilot,143000,1.0,6,0.25,0.9171006944444443,0.08289930555555558,0.017032172944810558,0.02326723374426365,0.13164971272150675,0.09419432944721645,0.3767773177888658,420.13914931392566,105.03478732848141,0.06574988725118705,3.0146052042643228,0.41476765275001526
9,pilot,143000,1.0,6,0.5,0.847873263888889,0.15212673611111108,0.07062119907802981,0.07724712789058685,0.2632994254430135,0.1883886588944329,0.3767773177888658,420.13914931392566,210.06957465696283,0.1314997745023741,3.0146052042643228,0.41476765275001526
9,pilot,143000,1.0,6,0.75,0.7790798611111112,0.22092013888888887,0.17517367998758923,0.17991285191641915,0.39494919445779586,0.28258300489849514,0.3767773177888658,420.13914931392566,315.10436198544426,0.19724966175356118,3.0146052042643228,0.41476765275001526
9,pilot,143000,1.0,6,1.0,0.7115885416666666,0.2884114583333333,0.34618451860215904,0.3508193459775713,0.526598850886027,0.3767773177888658,0.3767773177888658,420.13914931392566,420.13914931392566,0.2629995490047482,3.0146052042643228,0.41476765275001526
9,pilot,143000,1.0,7,0.25,0.9162326388888888,0.08376736111111112,0.018532037734985057,0.021631409310632285,0.1398529029554791,0.10517325003941853,0.42069300015767414,494.340102981748,123.585025745437,0.0773620027742385,3.0146052042643228,0.41476765275001526
9,pilot,143000,1.0,7,0.5,0.847873263888889,0.15212673611111108,0.07459431224399138,0.07714130398299958,0.2797058059109582,0.21034650007883707,0.42069300015767414,494.340102981748,247.170051490874,0.154724005548477,3.0146052042643228,0.41476765275001526
9,pilot,143000,1.0,7,0.75,0.7664930555555557,0.23350694444444442,0.19594229592217335,0.1935436493820614,0.4195588529109955,0.3155198527706994,0.42069300015767414,494.340102981748,370.7550772363109,0.23208600832271553,3.0146052042643228,0.41476765275001526
9,pilot,143000,1.0,7,1.0,0.6657986111111112,0.33420138888888884,0.4145932197570799,0.40758071674240964,0.5594116118219165,0.42069300015767414,0.42069300015767414,494.340102981748,494.340102981748,0.309448011096954,3.0146052042643228,0.41476765275001526
9,pilot,143000,1.0,8,0.25,0.9283854166666666,0.07161458333333333,0.007903708351982766,0.018325877686341602,0.12935782968997955,0.11076344135734771,0.44305376542939084,533.0022251179324,133.2505562794831,0.0834124510019193,3.0146052042643228,0.41476765275001526
9,pilot,143000,1.0,8,0.5,0.8615451388888888,0.13845486111111113,0.04689908027648911,0.060801477895842664,0.2587156593799591,0.22152688271469542,0.44305376542939084,533.0022251179324,266.5011125589662,0.1668249020038386,3.0146052042643228,0.41476765275001526
9,pilot,143000,1.0,8,0.75,0.7970920138888888,0.20290798611111113,0.12748413615756546,0.14449171473582587,0.3880733615822262,0.33229026529524064,0.44305376542939084,533.0022251179324,399.75166883844923,0.2502373530057579,3.0146052042643228,0.41476765275001526
9,pilot,143000,1.0,8,1.0,0.718967013888889,0.2810329861111111,0.26892073949178047,0.28866589069366455,0.5174313187599182,0.44305376542939084,0.44305376542939084,533.0022251179324,533.0022251179324,0.3336498040076772,3.0146052042643228,0.41476765275001526
9,pilot,143000,1.0,9,0.25,0.9242621527777777,0.07573784722222225,0.018589231703016445,0.02094642569621404,0.1559370242887073,0.1564383291535907,0.6257533166143628,586.3237193974547,146.58092984936368,0.09175702503808898,3.0146052042643228,0.41476765275001526
9,pilot,143000,1.0,9,0.5,0.8502604166666666,0.1497395833333333,0.0745965904659694,0.07278688997030258,0.3118740485774146,0.3128766583071814,0.6257533166143628,586.3237193974547,293.16185969872737,0.18351405007617796,3.0146052042643228,0.41476765275001526
9,pilot,143000,1.0,9,0.75,0.779296875,0.22070312500000003,0.18307052718268477,0.1749480797184838,0.46781115399466616,0.469315058655209,0.6257533166143628,586.3237193974547,439.74278954809114,0.275271075114267,3.0146052042643228,0.41476765275001526
9,pilot,143000,1.0,9,1.0,0.6976996527777778,0.3023003472222222,0.3647477361891003,0.35321396258142257,0.6237480971548292,0.6257533166143628,0.6257533166143628,586.3237193974547,586.3237193974547,0.36702810015235593,3.0146052042643228,0.41476765275001526
9,pilot,143000,1.0,10,0.25,0.880859375,0.119140625,0.07564393679300929,0.06383502607544263,0.16554754310184053,0.1912984997034073,0.7651939988136292,663.1380233808891,165.78450584522227,0.10377811813173804,3.0146052042643228,0.41476765275001526
9,pilot,143000,1.0,10,0.5,0.7734375,0.22656250000000003,0.2690868377685545,0.239853956633144,0.33109508620368105,0.3825969994068146,0.7651939988136292,663.1380233808891,331.56901169044454,0.20755623626347608,3.0146052042643228,0.41476765275001526
9,pilot,143000,1.0,10,0.75,0.6731770833333334,0.3268229166666667,0.5561181969112817,0.5118319590886434,0.49664240413241917,0.5738940570089551,0.7651939988136292,663.1380233808891,497.35351753566675,0.3113343543952141,3.0146052042643228,0.41476765275001526
9,pilot,143000,1.0,10,1.0,0.5755208333333334,0.4244791666666667,0.9052896234724255,0.8486946556303238,0.6621901724073621,0.7651939988136292,0.7651939988136292,663.1380233808891,663.1380233808891,0.41511247252695216,3.0146052042643228,0.41476765275001526
