run_id,step,progress,evaluation_seed,layer,beta,direction_id,tokens,top1_agreement,top1_damage,intervened_nll,nll_damage,kl,activation_relative_magnitude,activation_absolute_rms
2,14000,0.0979020979020979,11,1,0.35,101,1536,0.7942708333333334,0.20572916666666663,4.0500861803690595,0.13700612386067723,0.12697076549132666,0.3500003119309743,0.3811766008536021
2,14000,0.0979020979020979,11,1,0.35,202,1536,0.7890625,0.2109375,4.0343194007873535,0.1212393442789712,0.13057070473829904,0.35000020265579224,0.38117654124895733
2,14000,0.0979020979020979,11,1,0.35,303,1536,0.7981770833333334,0.20182291666666663,4.045882860819499,0.13280280431111668,0.12322140733400981,0.35000018278757733,0.38117655118306476
2,14000,0.0979020979020979,11,1,0.5,101,1536,0.6692708333333334,0.33072916666666663,4.260058403015137,0.3469783465067544,0.3329455455144246,0.5000003377596537,0.5445379813512167
2,14000,0.0979020979020979,11,1,0.5,202,1536,0.6829427083333334,0.31705729166666663,4.2454938888549805,0.33241383234659816,0.3359752297401428,0.4999998410542806,0.5445374647776285
2,14000,0.0979020979020979,11,1,0.5,303,1536,0.6653645833333334,0.33463541666666663,4.263403097788493,0.3503230412801108,0.33034391204516095,0.4999997715155284,0.5445374449094137
2,14000,0.0979020979020979,11,1,0.75,101,1536,0.4505208333333333,0.5494791666666667,5.039662520090739,1.126582463582357,1.090218424797058,0.7500000397364298,0.8168064554532369
2,14000,0.0979020979020979,11,1,0.75,202,1536,0.4635416666666667,0.5364583333333333,5.020999431610107,1.1079193751017251,1.0750826597213745,0.7499993840853373,0.8168057203292847
2,14000,0.0979020979020979,11,1,0.75,303,1536,0.4453125,0.5546875,5.059683481852214,1.1466034253438315,1.1030242045720418,0.7500006556510925,0.8168071508407593
2,14000,0.0979020979020979,11,2,0.35,101,1536,0.791015625,0.208984375,4.055954933166504,0.1428748766581216,0.13232740263144174,0.34999995430310565,0.42865221699078876
2,14000,0.0979020979020979,11,2,0.35,202,1536,0.79296875,0.20703125,4.029630899429321,0.11655084292093898,0.11979556083679199,0.35000039140383404,0.4286528726418813
2,14000,0.0979020979020979,11,2,0.35,303,1536,0.78515625,0.21484375,4.040040175120036,0.1269601186116538,0.1270856037735939,0.3499995668729146,0.4286518394947052
2,14000,0.0979020979020979,11,2,0.5,101,1536,0.6790364583333334,0.32096354166666663,4.262852668762207,0.3497726122538247,0.3314271072546641,0.4999999503294627,0.6123604774475098
2,14000,0.0979020979020979,11,2,0.5,202,1536,0.6953125,0.3046875,4.21762736638387,0.30454730987548784,0.3061989446481069,0.5000000794728597,0.6123605171839396
2,14000,0.0979020979020979,11,2,0.5,303,1536,0.67578125,0.32421875,4.23947811126709,0.32639805475870753,0.3219844897588094,0.4999999205271403,0.6123603582382202
2,14000,0.0979020979020979,11,2,0.75,101,1536,0.4759114583333333,0.5240885416666667,4.940343062082927,1.0272630055745444,0.9769638379414877,0.75,0.9185407956441244
2,14000,0.0979020979020979,11,2,0.75,202,1536,0.4876302083333333,0.5123697916666667,4.894044876098633,0.9809648195902505,0.9570903778076172,0.7500002582867941,0.9185412327448527
2,14000,0.0979020979020979,11,2,0.75,303,1536,0.4908854166666667,0.5091145833333333,4.933714866638184,1.0206348101298013,0.9906424283981323,0.7500000596046448,0.9185408353805542
2,14000,0.0979020979020979,11,3,0.35,101,1536,0.744140625,0.255859375,4.18420950571696,0.2711294492085776,0.27249522507190704,0.3500003019968669,0.5138172109921774
2,14000,0.0979020979020979,11,3,0.35,202,1536,0.7233072916666666,0.27669270833333337,4.195746739705403,0.28266668319702104,0.2899484932422638,0.34999985496203107,0.513816754023234
2,14000,0.0979020979020979,11,3,0.35,303,1536,0.7298177083333334,0.27018229166666663,4.197925408681233,0.2848453521728511,0.285571167866389,0.35000022252400714,0.5138165553410848
2,14000,0.0979020979020979,11,3,0.5,101,1536,0.62109375,0.37890625,4.486852169036865,0.5737721125284829,0.5578490694363912,0.5000000993410746,0.7340246637662252
2,14000,0.0979020979020979,11,3,0.5,202,1536,0.603515625,0.396484375,4.517882188161214,0.6048021316528316,0.5995738307634989,0.49999959270159405,0.7340248028437296
2,14000,0.0979020979020979,11,3,0.5,303,1536,0.6256510416666666,0.37434895833333337,4.526073773701985,0.6129937171936031,0.5955324172973633,0.4999999205271403,0.7340239485104879
2,14000,0.0979020979020979,11,3,0.75,101,1536,0.4440104166666667,0.5559895833333333,5.228453477223714,1.3153734207153316,1.2609491348266602,0.7500001986821493,1.1010374625523884
2,14000,0.0979020979020979,11,3,0.75,202,1536,0.4231770833333333,0.5768229166666667,5.334356625874837,1.4212765693664546,1.3662957350413005,0.7499999602635702,1.1010361909866333
2,14000,0.0979020979020979,11,3,0.75,303,1536,0.4283854166666667,0.5716145833333333,5.352321306864421,1.4392412503560386,1.3799148797988892,0.749999980131785,1.101036787033081
2,14000,0.0979020979020979,11,4,0.35,101,1536,0.7265625,0.2734375,4.17970609664917,0.2666260401407876,0.2568722863992055,0.3499995271364848,0.5320773124694824
2,14000,0.0979020979020979,11,4,0.35,202,1536,0.736328125,0.263671875,4.099487066268921,0.1864070097605386,0.25101084510485333,0.3500000834465027,0.5320783654848734
2,14000,0.0979020979020979,11,4,0.35,303,1536,0.7252604166666666,0.27473958333333337,4.2024203936258955,0.28934033711751317,0.2645596315463384,0.35000015298525494,0.5320786039034525
2,14000,0.0979020979020979,11,4,0.5,101,1536,0.626953125,0.373046875,4.455892403920491,0.5428123474121089,0.5123635431130728,0.49999990065892536,0.7601111133893331
2,14000,0.0979020979020979,11,4,0.5,202,1536,0.6354166666666666,0.36458333333333337,4.326722621917725,0.4136425654093423,0.4885645310084025,0.4999997019767761,0.7601104974746704
2,14000,0.0979020979020979,11,4,0.5,303,1536,0.599609375,0.400390625,4.490468660990397,0.5773886044820151,0.5308408439159393,0.5000000794728597,0.7601108352343241
2,14000,0.0979020979020979,11,4,0.75,101,1536,0.474609375,0.525390625,5.129850705464681,1.2167706489562984,1.128385345141093,0.7499996821085612,1.1401654084523518
2,14000,0.0979020979020979,11,4,0.75,202,1536,0.462890625,0.537109375,4.920888106028239,1.007808049519857,1.0681337118148804,0.7499998013178507,1.1401667992273967
2,14000,0.0979020979020979,11,4,0.75,303,1536,0.44140625,0.55859375,5.170385360717773,1.2573053042093911,1.1615552107493083,0.7499999602635702,1.140165646870931
2,14000,0.0979020979020979,11,5,0.35,101,1536,0.7415364583333334,0.25846354166666663,4.128672281901042,0.21559222539265965,0.2149138649304708,0.3500000437100728,0.5616397062937418
2,14000,0.0979020979020979,11,5,0.35,202,1536,0.7486979166666666,0.25130208333333337,4.111453374226888,0.19837331771850542,0.22095109025637308,0.3500002423922221,0.5616405606269836
2,14000,0.0979020979020979,11,5,0.35,303,1536,0.751953125,0.248046875,4.118360837300618,0.20528078079223588,0.21944046517213187,0.35000014305114746,0.5616395870844523
2,14000,0.0979020979020979,11,5,0.5,101,1536,0.6438802083333334,0.35611979166666663,4.336190700531006,0.42311064402262355,0.4129411180814107,0.4999997019767761,0.8023413419723511
2,14000,0.0979020979020979,11,5,0.5,202,1536,0.6640625,0.3359375,4.3255720138549805,0.41249195734659816,0.4286568760871887,0.4999997615814209,0.8023419976234436
2,14000,0.0979020979020979,11,5,0.5,303,1536,0.658203125,0.341796875,4.331883589426677,0.4188035329182944,0.4216165542602539,0.49999988079071045,0.8023432493209839
2,14000,0.0979020979020979,11,5,0.75,101,1536,0.5052083333333334,0.49479166666666663,4.8338362375895185,0.9207561810811362,0.8822457194328308,0.7499999205271403,1.2035154898961384
2,14000,0.0979020979020979,11,5,0.75,202,1536,0.5162760416666666,0.48372395833333337,4.843759536743164,0.9306794802347818,0.9136900901794434,0.7499999006589254,1.203514854113261
2,14000,0.0979020979020979,11,5,0.75,303,1536,0.5162760416666666,0.48372395833333337,4.849439779917399,0.9363597234090171,0.9083900849024454,0.75,1.203514536221822
2,14000,0.0979020979020979,11,6,0.35,101,1536,0.7604166666666666,0.23958333333333337,4.146137714385986,0.23305765787760402,0.2052275389432907,0.35000017285346985,0.5986738602320353
2,14000,0.0979020979020979,11,6,0.35,202,1536,0.7467447916666666,0.25325520833333337,4.126625855763753,0.21354579925537065,0.2136386682589849,0.350000262260437,0.5986745357513428
2,14000,0.0979020979020979,11,6,0.35,303,1536,0.7506510416666666,0.24934895833333337,4.152118682861328,0.23903862635294582,0.22103635966777802,0.350000262260437,0.5986743966738383
2,14000,0.0979020979020979,11,6,0.5,101,1536,0.6608072916666666,0.33919270833333337,4.347468535105388,0.43438847859700536,0.3921373188495636,0.4999999900658925,0.8552476565043131
2,14000,0.0979020979020979,11,6,0.5,202,1536,0.6634114583333334,0.33658854166666663,4.337821960449219,0.42474190394083644,0.4108503262201945,0.49999988079071045,0.8552476763725281
2,14000,0.0979020979020979,11,6,0.5,303,1536,0.6614583333333334,0.33854166666666663,4.370341936747233,0.45726188023885106,0.4191955327987671,0.49999990065892536,0.8552485108375549
2,14000,0.0979020979020979,11,6,0.75,101,1536,0.533203125,0.466796875,4.809493859608968,0.8964138031005855,0.829849640528361,0.7499999403953552,1.2828717231750488
2,14000,0.0979020979020979,11,6,0.75,202,1536,0.5247395833333334,0.47526041666666663,4.818964163462321,0.905884106953939,0.8633864124615988,0.7499995827674866,1.2828714450200398
2,14000,0.0979020979020979,11,6,0.75,303,1536,0.5182291666666666,0.48177083333333337,4.865932464599609,0.9528524080912271,0.8818817734718323,0.75,1.282873233159383
2,14000,0.0979020979020979,11,7,0.35,101,1536,0.775390625,0.224609375,4.119148254394531,0.20606819788614894,0.1961270123720169,0.3499997556209564,0.6778928438822428
2,14000,0.0979020979020979,11,7,0.35,202,1536,0.7493489583333334,0.25065104166666663,4.155124505360921,0.24204444885253862,0.20843431850274405,0.3500001033147176,0.6778938372929891
2,14000,0.0979020979020979,11,7,0.35,303,1536,0.7734375,0.2265625,4.142033576965332,0.22895352045694972,0.212111567457517,0.35000022252400714,0.6778945128122965
2,14000,0.0979020979020979,11,7,0.5,101,1536,0.6822916666666666,0.31770833333333337,4.311169465382894,0.3980894088745113,0.3700328866640727,0.5000001589457194,0.9684192538261414
2,14000,0.0979020979020979,11,7,0.5,202,1536,0.6549479166666666,0.34505208333333337,4.374734083811442,0.46165402730306004,0.39567895730336505,0.5000002980232239,0.9684202671051025
2,14000,0.0979020979020979,11,7,0.5,303,1536,0.6686197916666666,0.33138020833333337,4.360446929931641,0.4473668734232583,0.4073084890842438,0.5000000993410746,0.9684203863143921
2,14000,0.0979020979020979,11,7,0.75,101,1536,0.5553385416666666,0.44466145833333337,4.767884890238444,0.854804833730062,0.7866068283716837,0.7499997019767761,1.452627460161845
2,14000,0.0979020979020979,11,7,0.75,202,1536,0.5104166666666666,0.48958333333333337,4.884414831797282,0.9713347752888999,0.8426617781321207,0.7500000794728597,1.4526297251383464
2,14000,0.0979020979020979,11,7,0.75,303,1536,0.5169270833333334,0.48307291666666663,4.868205388387044,0.9551253318786617,0.8655303319295248,0.7499999205271403,1.4526293675104778
2,14000,0.0979020979020979,11,8,0.35,101,1536,0.78125,0.21875,4.112698872884114,0.19961881637573198,0.1959460824728012,0.35000019272168476,0.7546345790227255
2,14000,0.0979020979020979,11,8,0.35,202,1536,0.7819010416666666,0.21809895833333337,4.128061453501384,0.21498139699300145,0.1934934010108312,0.34999964634577435,0.7546339432398478
2,14000,0.0979020979020979,11,8,0.35,303,1536,0.779296875,0.220703125,4.103265126546224,0.19018507003784135,0.19445951779683432,0.35000025232632953,0.7546347777048746
2,14000,0.0979020979020979,11,8,0.5,101,1536,0.6842447916666666,0.31575520833333337,4.29852835337321,0.3854482968648276,0.3674909671147664,0.4999998211860657,1.0780484278996785
2,14000,0.0979020979020979,11,8,0.5,202,1536,0.6920572916666666,0.30794270833333337,4.311776955922444,0.39869689941406206,0.36016950011253357,0.5000000596046448,1.078049659729004
2,14000,0.0979020979020979,11,8,0.5,303,1536,0.6803385416666666,0.31966145833333337,4.278889973958333,0.36580991744995073,0.3599199553330739,0.5,1.078048865000407
2,14000,0.0979020979020979,11,8,0.75,101,1536,0.5436197916666666,0.45638020833333337,4.722956816355388,0.8098767598470054,0.760740598042806,0.7500004569689432,1.617074728012085
2,14000,0.0979020979020979,11,8,0.75,202,1536,0.552734375,0.447265625,4.730110963185628,0.8170309066772456,0.7445876598358154,0.7499995231628418,1.6170727014541626
2,14000,0.0979020979020979,11,8,0.75,303,1536,0.5384114583333334,0.46158854166666663,4.688442230224609,0.7753621737162271,0.7448135018348694,0.750000019868215,1.6170746088027954
2,14000,0.0979020979020979,11,9,0.35,101,1536,0.779296875,0.220703125,4.121422449747722,0.20834239323933934,0.2012660801410675,0.3500000337759654,0.8510757684707642
2,14000,0.0979020979020979,11,9,0.35,202,1536,0.7903645833333334,0.20963541666666663,4.0788843631744385,0.16580430666605617,0.18554441630840302,0.35000012318293255,0.8510760068893433
2,14000,0.0979020979020979,11,9,0.35,303,1536,0.7669270833333334,0.23307291666666663,4.114419301350911,0.20133924484252885,0.1940085639556249,0.35000025232632953,0.851076622804006
2,14000,0.0979020979020979,11,9,0.5,101,1536,0.693359375,0.306640625,4.296239058176677,0.3831590016682944,0.36375126242637634,0.49999983112017315,1.2158217430114746
2,14000,0.0979020979020979,11,9,0.5,202,1536,0.7096354166666666,0.29036458333333337,4.242662747701009,0.3295826911926265,0.3429532547791799,0.5000004371007284,1.2158233324686687
2,14000,0.0979020979020979,11,9,0.5,303,1536,0.677734375,0.322265625,4.290559768676758,0.3774797121683755,0.35637731353441876,0.5000002185503641,1.2158232529958088
2,14000,0.0979020979020979,11,9,0.75,101,1536,0.556640625,0.443359375,4.684183279673259,0.7711032231648765,0.7257007161776224,0.7499998609224955,1.8237321376800537
2,14000,0.0979020979020979,11,9,0.75,202,1536,0.5709635416666666,0.42903645833333337,4.610984484354655,0.6979044278462729,0.6951783100763956,0.7499994238217672,1.8237332105636597
2,14000,0.0979020979020979,11,9,0.75,303,1536,0.5579427083333334,0.44205729166666663,4.677523612976074,0.7644435564676919,0.7165226141611735,0.7499998410542806,1.8237327337265015
2,14000,0.0979020979020979,11,10,0.35,101,1536,0.76171875,0.23828125,4.090160846710205,0.17708079020182277,0.17663259307543436,0.3500000337759654,1.009619156519572
2,14000,0.0979020979020979,11,10,0.35,202,1536,0.755859375,0.244140625,4.12798531850179,0.21490526199340776,0.1866593857606252,0.3499998052914937,1.0096184412638347
2,14000,0.0979020979020979,11,10,0.35,303,1536,0.7591145833333334,0.24088541666666663,4.088200012842814,0.17511995633443211,0.17990599075953165,0.3500003516674042,1.0096195538838704
2,14000,0.0979020979020979,11,10,0.5,101,1536,0.6770833333333334,0.32291666666666663,4.258114655812581,0.3450345993041988,0.33527979254722595,0.4999999801317851,1.4423117637634277
2,14000,0.0979020979020979,11,10,0.5,202,1536,0.6751302083333334,0.32486979166666663,4.304121335347493,0.3910412788391109,0.3488750457763672,0.49999988079071045,1.4423118829727173
2,14000,0.0979020979020979,11,10,0.5,303,1536,0.6783854166666666,0.32161458333333337,4.257580598195394,0.3445005416870113,0.3415783445040385,0.5000001788139343,1.4423129955927532
2,14000,0.0979020979020979,11,10,0.75,101,1536,0.55859375,0.44140625,4.6367926597595215,0.7237126032511392,0.6945401628812155,0.749999980131785,2.163468837738037
2,14000,0.0979020979020979,11,10,0.75,202,1536,0.541015625,0.458984375,4.683170318603516,0.7700902620951333,0.7114331324895223,0.7500002384185791,2.163469394048055
2,14000,0.0979020979020979,11,10,0.75,303,1536,0.5546875,0.4453125,4.635873476664226,0.7227934201558432,0.7040884892145792,0.7500006357828776,2.163470188776652
2,14000,0.0979020979020979,23,1,0.35,101,1536,0.7994791666666666,0.20052083333333337,4.000964403152466,0.18313272794087743,0.12754513074954352,0.34999961654345196,0.38324042161305744
2,14000,0.0979020979020979,23,1,0.35,202,1536,0.7747395833333334,0.22526041666666663,3.9715329806009927,0.1537013053894043,0.13082047800223032,0.3499995768070221,0.38324035207430523
2,14000,0.0979020979020979,23,1,0.35,303,1536,0.7864583333333334,0.21354166666666663,3.9612203439076743,0.1433886686960859,0.12039993206659953,0.3499998946984609,0.3832407295703888
2,14000,0.0979020979020979,23,1,0.5,101,1536,0.6796875,0.3203125,4.236549297968547,0.41871762275695845,0.32126272718111676,0.49999985098838806,0.5474867026011149
2,14000,0.0979020979020979,23,1,0.5,202,1536,0.6803385416666666,0.31966145833333337,4.209707578023274,0.39187590281168605,0.3349340359369914,0.5,0.5474868814150492
2,14000,0.0979020979020979,23,1,0.5,303,1536,0.6966145833333334,0.30338541666666663,4.1947518189748125,0.37692014376322414,0.3130350013573964,0.500000019868215,0.547486941019694
2,14000,0.0979020979020979,23,1,0.75,101,1536,0.5065104166666666,0.49348958333333337,5.028573354085286,1.2107416788736978,1.0255207419395447,0.749999980131785,0.821230391661326
2,14000,0.0979020979020979,23,1,0.75,202,1536,0.4921875,0.5078125,4.978784879048665,1.1609532038370767,1.0330917437871296,0.7499999006589254,0.8212302724520365
2,14000,0.0979020979020979,23,1,0.75,303,1536,0.5,0.5,4.977370421091716,1.1595387458801274,1.008350670337677,0.750000536441803,0.8212310075759888
2,14000,0.0979020979020979,23,2,0.35,101,1536,0.791015625,0.208984375,3.942364533742269,0.12453285853068063,0.11494079977273941,0.34999988476435345,0.4300219615300496
2,14000,0.0979020979020979,23,2,0.35,202,1536,0.7903645833333334,0.20963541666666663,3.973605473836263,0.15577379862467478,0.1253667895992597,0.35000069936116535,0.43002307415008545
2,14000,0.0979020979020979,23,2,0.35,303,1536,0.7890625,0.2109375,3.9704328378041587,0.15260116259257028,0.12383240709702174,0.3500003019968669,0.4300226370493571
2,14000,0.0979020979020979,23,2,0.5,101,1536,0.6888020833333334,0.31119791666666663,4.141821543375651,0.32398986816406294,0.28949953118960065,0.5000002185503641,0.6143176952997843
2,14000,0.0979020979020979,23,2,0.5,202,1536,0.6985677083333334,0.30143229166666663,4.183737754821777,0.36590607961018895,0.30853914221127826,0.5000001887480418,0.6143176754315695
2,14000,0.0979020979020979,23,2,0.5,303,1536,0.6809895833333334,0.31901041666666663,4.188857555389404,0.3710258801778159,0.31074156363805133,0.4999999801317851,0.6143174568812052
2,14000,0.0979020979020979,23,2,0.75,101,1536,0.5227864583333334,0.47721354166666663,4.826067765553792,1.0082360903422036,0.9046068986256918,0.7500003576278687,0.9214766224225363
2,14000,0.0979020979020979,23,2,0.75,202,1536,0.5110677083333334,0.48893229166666663,4.850718816121419,1.0328871409098306,0.9134073456128439,0.750000019868215,0.9214760859807333
2,14000,0.0979020979020979,23,2,0.75,303,1536,0.5045572916666666,0.49544270833333337,4.877954324086507,1.0601226488749185,0.9409357706705729,0.7500001589457194,0.9214765032132467
2,14000,0.0979020979020979,23,3,0.35,101,1536,0.7278645833333334,0.27213541666666663,4.1145399411519366,0.29670826594034816,0.27471980452537537,0.3500000437100728,0.5087472001711527
2,14000,0.0979020979020979,23,3,0.35,202,1536,0.7135416666666666,0.28645833333333337,4.1179477373758955,0.3001160621643071,0.26730398337046307,0.3499998450279236,0.5087476372718811
2,14000,0.0979020979020979,23,3,0.35,303,1536,0.7076822916666666,0.29231770833333337,4.090979019800822,0.27314734458923384,0.2862693170706431,0.3499998251597087,0.5087469418843588
2,14000,0.0979020979020979,23,3,0.5,101,1536,0.611328125,0.388671875,4.427633603413899,0.609801928202311,0.5624191363652548,0.49999962250391644,0.7267817656199137
2,14000,0.0979020979020979,23,3,0.5,202,1536,0.6119791666666666,0.38802083333333337,4.420146624247233,0.602314949035645,0.5390332937240601,0.5000001788139343,0.7267820239067078
2,14000,0.0979020979020979,23,3,0.5,303,1536,0.5983072916666666,0.40169270833333337,4.412079493204753,0.5942478179931645,0.5844964186350504,0.49999972184499103,0.7267817854881287
2,14000,0.0979020979020979,23,3,0.75,101,1536,0.4453125,0.5546875,5.179782867431641,1.3619511922200522,1.249432643254598,0.749999483426412,1.0901713371276855
2,14000,0.0979020979020979,23,3,0.75,202,1536,0.4466145833333333,0.5533854166666667,5.168374220530192,1.350542545318604,1.2310458421707153,0.7499997615814209,1.0901724100112915
2,14000,0.0979020979020979,23,3,0.75,303,1536,0.443359375,0.556640625,5.194554964701335,1.3767232894897465,1.3092979192733765,0.7500007351239523,1.0901743570963542
2,14000,0.0979020979020979,23,4,0.35,101,1536,0.7213541666666666,0.27864583333333337,4.082254727681478,0.2644230524698892,0.24855543673038483,0.3500000635782878,0.5278541048367819
2,14000,0.0979020979020979,23,4,0.35,202,1536,0.75,0.25,4.071578502655029,0.2537468274434409,0.23657527069250742,0.3500003119309743,0.5278550386428833
2,14000,0.0979020979020979,23,4,0.35,303,1536,0.7415364583333334,0.25846354166666663,4.084183772404988,0.2663520971933999,0.2540084322293599,0.3499998152256012,0.5278545816739401
2,14000,0.0979020979020979,23,4,0.5,101,1536,0.6360677083333334,0.36393229166666663,4.328528881072998,0.5106972058614097,0.47664886713027954,0.5000002880891165,0.7540782888730367
2,14000,0.0979020979020979,23,4,0.5,202,1536,0.65234375,0.34765625,4.332736968994141,0.5149052937825522,0.4668114284674327,0.5000003774960836,0.7540781497955322
2,14000,0.0979020979020979,23,4,0.5,303,1536,0.6412760416666666,0.35872395833333337,4.354724248250325,0.5368925730387368,0.49895042181015015,0.4999997317790985,0.7540777921676636
2,14000,0.0979020979020979,23,4,0.75,101,1536,0.5,0.5,4.9086839358011884,1.0908522605896,1.0143760840098064,0.7500000596046448,1.1311158339182537
2,14000,0.0979020979020979,23,4,0.75,202,1536,0.4856770833333333,0.5143229166666667,4.964635848999023,1.146804173787435,1.0309009949366252,0.7500001986821493,1.1311177412668865
2,14000,0.0979020979020979,23,4,0.75,303,1536,0.48828125,0.51171875,5.008740266164144,1.1909085909525552,1.0929176012674968,0.7499995430310568,1.1311170657475789
2,14000,0.0979020979020979,23,5,0.35,101,1536,0.7447916666666666,0.25520833333333337,4.038162151972453,0.2203304767608647,0.21172177294890085,0.35000013311704,0.5605761607487997
2,14000,0.0979020979020979,23,5,0.35,202,1536,0.7506510416666666,0.24934895833333337,4.044831911722819,0.2270002365112309,0.2058511326710383,0.3500003019968669,0.5605763991673788
2,14000,0.0979020979020979,23,5,0.35,303,1536,0.7591145833333334,0.24088541666666663,4.043598810831706,0.22576713562011763,0.21498429775238037,0.35000009338061017,0.5605759620666504
2,14000,0.0979020979020979,23,5,0.5,101,1536,0.6705729166666666,0.32942708333333337,4.244683742523193,0.42685206731160497,0.400254746278127,0.4999998410542806,0.8008225361506144
2,14000,0.0979020979020979,23,5,0.5,202,1536,0.6705729166666666,0.32942708333333337,4.261127948760986,0.44329627354939793,0.3952701985836029,0.5000001589457194,0.8008233507474264
2,14000,0.0979020979020979,23,5,0.5,303,1536,0.6634114583333334,0.33658854166666663,4.260097821553548,0.4422661463419595,0.411686231692632,0.4999997814496358,0.8008217215538025
2,14000,0.0979020979020979,23,5,0.75,101,1536,0.5279947916666666,0.47200520833333337,4.739462693532308,0.9216310183207193,0.8518123229344686,0.7500003178914388,1.201234499613444
2,14000,0.0979020979020979,23,5,0.75,202,1536,0.5234375,0.4765625,4.767839749654134,0.9500080744425454,0.8483434120814005,0.7500002582867941,1.2012348175048828
2,14000,0.0979020979020979,23,5,0.75,303,1536,0.5390625,0.4609375,4.772412141164144,0.9545804659525552,0.8803437948226929,0.750000516573588,1.2012341022491455
2,14000,0.0979020979020979,23,6,0.35,101,1536,0.7662760416666666,0.23372395833333337,4.032029787699382,0.2141981124877934,0.20649539430936178,0.3499998251597087,0.5947505434354147
2,14000,0.0979020979020979,23,6,0.35,202,1536,0.75,0.25,4.0551981925964355,0.23736651738484715,0.21088054279486337,0.35000012318293255,0.594750165939331
2,14000,0.0979020979020979,23,6,0.35,303,1536,0.7591145833333334,0.24088541666666663,4.049678325653076,0.23184665044148778,0.21292935808499655,0.35000044107437134,0.5947516759236654
2,14000,0.0979020979020979,23,6,0.5,101,1536,0.6803385416666666,0.31966145833333337,4.238896528879802,0.42106485366821333,0.39069893956184387,0.5000002582867941,0.8496443629264832
2,14000,0.0979020979020979,23,6,0.5,202,1536,0.6705729166666666,0.32942708333333337,4.262874603271484,0.445042928059896,0.3957204719384511,0.4999997019767761,0.8496434092521667
2,14000,0.0979020979020979,23,6,0.5,303,1536,0.6647135416666666,0.33528645833333337,4.260197480519612,0.44236580530802394,0.4046846628189087,0.5000001986821493,0.8496442437171936
2,14000,0.0979020979020979,23,6,0.75,101,1536,0.5625,0.4375,4.699563980102539,0.8817323048909507,0.8118850390116373,0.7500002384185791,1.274466872215271
2,14000,0.0979020979020979,23,6,0.75,202,1536,0.5481770833333334,0.45182291666666663,4.716347535451253,0.8985158602396646,0.8110286394755045,0.7500001192092896,1.2744669914245605
2,14000,0.0979020979020979,23,6,0.75,303,1536,0.5514322916666666,0.44856770833333337,4.726487159729004,0.9086554845174155,0.8308651248613993,0.7499995231628418,1.2744643688201904
2,14000,0.0979020979020979,23,7,0.35,101,1536,0.765625,0.234375,4.054297844568889,0.23646616935730025,0.20610668261845908,0.3499998946984609,0.675356129805247
2,14000,0.0979020979020979,23,7,0.35,202,1536,0.7721354166666666,0.22786458333333337,4.024495283762614,0.20666360855102583,0.1893790860970815,0.35000022252400714,0.6753576000531515
2,14000,0.0979020979020979,23,7,0.35,303,1536,0.7552083333333334,0.24479166666666663,4.033153931299846,0.21532225608825728,0.20222262541453043,0.3500003417332967,0.6753571232159933
2,14000,0.0979020979020979,23,7,0.5,101,1536,0.6744791666666666,0.32552083333333337,4.2596516609191895,0.44181998570760106,0.3867855171362559,0.4999999403953552,0.9647948344548544
2,14000,0.0979020979020979,23,7,0.5,202,1536,0.6751302083333334,0.32486979166666663,4.218608140945435,0.4007764657338462,0.3584093153476715,0.5000006159146627,0.9647966821988424
2,14000,0.0979020979020979,23,7,0.5,303,1536,0.6653645833333334,0.33463541666666663,4.239278237024943,0.42144656181335494,0.3869400918483734,0.5000001192092896,0.9647950728734335
2,14000,0.0979020979020979,23,7,0.75,101,1536,0.5423177083333334,0.45768229166666663,4.7374521891276045,0.9196205139160161,0.8160951932271322,0.7500001788139343,1.4471930662790935
2,14000,0.0979020979020979,23,7,0.75,202,1536,0.5592447916666666,0.44075520833333337,4.672924836476644,0.8550931612650552,0.7560044924418131,0.7499998013178507,1.4471924702326457
2,14000,0.0979020979020979,23,7,0.75,303,1536,0.533203125,0.466796875,4.725622653961182,0.9077909787495932,0.8290183345476786,0.7500004371007284,1.4471928278605144
2,14000,0.0979020979020979,23,8,0.35,101,1536,0.7688802083333334,0.23111979166666663,4.04186216990153,0.22403049468994185,0.20059411724408469,0.3500003218650818,0.754946211973826
2,14000,0.0979020979020979,23,8,0.35,202,1536,0.7662760416666666,0.23372395833333337,4.051508982976277,0.23367730776468898,0.2090714623530706,0.3500002423922221,0.7549455165863037
2,14000,0.0979020979020979,23,8,0.35,303,1536,0.7916666666666666,0.20833333333333337,4.037995338439941,0.220163663228353,0.19552058974901834,0.34999991456667584,0.7549448410669962
2,14000,0.0979020979020979,23,8,0.5,101,1536,0.693359375,0.306640625,4.227497418721517,0.40966574350992824,0.36857306957244873,0.5000005563100179,1.0784941514333088
2,14000,0.0979020979020979,23,8,0.5,202,1536,0.6927083333333334,0.30729166666666663,4.246785481770833,0.42895380655924464,0.3826602001984914,0.5000000993410746,1.078492561976115
2,14000,0.0979020979020979,23,8,0.5,303,1536,0.7063802083333334,0.29361979166666663,4.223033587137858,0.40520191192627,0.3573414484659831,0.5000003973642985,1.0784931977589924
2,14000,0.0979020979020979,23,8,0.75,101,1536,0.5572916666666666,0.44270833333333337,4.641428470611572,0.8235967953999839,0.7491095860799154,0.7499998211860657,1.6177385648091633
2,14000,0.0979020979020979,23,8,0.75,202,1536,0.5631510416666666,0.43684895833333337,4.6743842760721845,0.8565526008605961,0.7703137000401815,0.7500000794728597,1.6177393992741902
2,14000,0.0979020979020979,23,8,0.75,303,1536,0.5813802083333334,0.41861979166666663,4.644340515136719,0.8265088399251304,0.7322431604067484,0.7500000794728597,1.6177393198013306
2,14000,0.0979020979020979,23,9,0.35,101,1536,0.7740885416666666,0.22591145833333337,4.016608079274495,0.19877640406290675,0.1922362893819809,0.35000014305114746,0.8578184644381205
2,14000,0.0979020979020979,23,9,0.35,202,1536,0.7643229166666666,0.23567708333333337,4.0325024127960205,0.21467073758443211,0.19187165796756744,0.34999990463256836,0.857818603515625
2,14000,0.0979020979020979,23,9,0.35,303,1536,0.7623697916666666,0.23763020833333337,4.026785373687744,0.20895369847615575,0.19656583666801453,0.35000025232632953,0.8578185637791952
2,14000,0.0979020979020979,23,9,0.5,101,1536,0.6861979166666666,0.31380208333333337,4.194744904836019,0.3769132296244302,0.3514683147271474,0.4999998410542806,1.2254541317621868
2,14000,0.0979020979020979,23,9,0.5,202,1536,0.685546875,0.314453125,4.200499614079793,0.3826679388682046,0.3438149889310201,0.5000000695387522,1.2254547278086345
2,14000,0.0979020979020979,23,9,0.5,303,1536,0.6796875,0.3203125,4.2049327691396075,0.38710109392801906,0.3564176758130391,0.49999990065892536,1.2254550457000732
2,14000,0.0979020979020979,23,9,0.75,101,1536,0.5638020833333334,0.43619791666666663,4.584757486979167,0.7669258117675786,0.7073520421981812,0.7499997218449911,1.8381818532943726
2,14000,0.0979020979020979,23,9,0.75,202,1536,0.583984375,0.416015625,4.569296360015869,0.7514646848042807,0.6860072811444601,0.7500002582867941,1.838182767232259
2,14000,0.0979020979020979,23,9,0.75,303,1536,0.5618489583333334,0.43815104166666663,4.599447568257649,0.781615893046061,0.7160414656003317,0.7499998013178507,1.8381827274958293
2,14000,0.0979020979020979,23,10,0.35,101,1536,0.7506510416666666,0.24934895833333337,4.020577271779378,0.20274559656778957,0.17879526813824972,0.3500000635782878,1.020849585533142
2,14000,0.0979020979020979,23,10,0.35,202,1536,0.7486979166666666,0.25130208333333337,3.9864784876505532,0.16864681243896484,0.17891883353392282,0.3500000536441803,1.0208495060602825
2,14000,0.0979020979020979,23,10,0.35,303,1536,0.7701822916666666,0.22981770833333337,4.0121385256449384,0.19430685043335005,0.17346541583538055,0.34999940792719525,1.0208475589752197
2,14000,0.0979020979020979,23,10,0.5,101,1536,0.6575520833333334,0.34244791666666663,4.195750713348389,0.3779190381368003,0.33849506576855976,0.5000001589457194,1.4583568175633748
2,14000,0.0979020979020979,23,10,0.5,202,1536,0.671875,0.328125,4.155821482340495,0.3379898071289067,0.34086618820826214,0.4999995827674866,1.4583547115325928
2,14000,0.0979020979020979,23,10,0.5,303,1536,0.6920572916666666,0.30794270833333337,4.185108582178752,0.36727690696716353,0.33205928405125934,0.4999999403953552,1.4583558638890584
2,14000,0.0979020979020979,23,10,0.75,101,1536,0.5345052083333334,0.46549479166666663,4.581982294718425,0.7641506195068364,0.6965535680452982,0.7500000397364298,2.1875344117482505
2,14000,0.0979020979020979,23,10,0.75,202,1536,0.556640625,0.443359375,4.533056418100993,0.7152247428894047,0.7018585205078125,0.7499997814496359,2.187533140182495
2,14000,0.0979020979020979,23,10,0.75,303,1536,0.5631510416666666,0.43684895833333337,4.569180806477864,0.7513491312662759,0.6917089422543844,0.7499998013178507,2.187533696492513
2,14000,0.0979020979020979,37,1,0.35,101,1536,0.78515625,0.21484375,4.0000215371449785,0.13880284627278616,0.11804432421922684,0.35000013311704,0.38542573650677997
2,14000,0.0979020979020979,37,1,0.35,202,1536,0.7897135416666666,0.21028645833333337,3.998529593149821,0.13731090227762843,0.11943195511897405,0.35000016291936237,0.3854257861773173
2,14000,0.0979020979020979,37,1,0.35,303,1536,0.79296875,0.20703125,3.9907171726226807,0.12949848175048828,0.118094968299071,0.3499998350938161,0.3854254384835561
2,14000,0.0979020979020979,37,1,0.5,101,1536,0.6809895833333334,0.31901041666666663,4.212209383646647,0.35099069277445505,0.31090166171391803,0.4999995529651642,0.5506075024604797
2,14000,0.0979020979020979,37,1,0.5,202,1536,0.67578125,0.32421875,4.206127007802327,0.3449083169301348,0.3106236358483632,0.5000004569689432,0.5506085356076559
2,14000,0.0979020979020979,37,1,0.5,303,1536,0.6822916666666666,0.31770833333333337,4.196091810862224,0.3348731199900312,0.31247514486312866,0.49999986092249554,0.5506077607472738
2,14000,0.0979020979020979,37,1,0.75,101,1536,0.4602864583333333,0.5397135416666667,4.982324759165446,1.1211060682932539,1.0540787776311238,0.7499998013178507,0.8259117603302002
2,14000,0.0979020979020979,37,1,0.75,202,1536,0.4615885416666667,0.5384114583333333,4.975605010986328,1.1143863201141357,1.0604349772135417,0.7499999006589254,0.8259118398030599
2,14000,0.0979020979020979,37,1,0.75,303,1536,0.4674479166666667,0.5325520833333333,4.96522331237793,1.1040046215057373,1.0701939463615417,0.750000516573588,0.8259125550587972
2,14000,0.0979020979020979,37,2,0.35,101,1536,0.787109375,0.212890625,3.9874523480733237,0.12623365720113133,0.116435373822848,0.35000014305114746,0.43094080686569214
2,14000,0.0979020979020979,37,2,0.35,202,1536,0.7845052083333334,0.21549479166666663,3.9833431243896484,0.12212443351745605,0.11263926823933919,0.35000012318293255,0.4309408366680145
2,14000,0.0979020979020979,37,2,0.35,303,1536,0.8001302083333334,0.19986979166666663,3.9925529956817627,0.1313343048095703,0.11084612210591634,0.3499998251597087,0.43094056844711304
2,14000,0.0979020979020979,37,2,0.5,101,1536,0.6796875,0.3203125,4.187861601511638,0.3266429106394453,0.30448992053667706,0.5000002582867941,0.6156299312909445
2,14000,0.0979020979020979,37,2,0.5,202,1536,0.681640625,0.318359375,4.182690938313802,0.3214722474416094,0.29352108637491864,0.4999999503294627,0.615629514058431
2,14000,0.0979020979020979,37,2,0.5,303,1536,0.6927083333333334,0.30729166666666663,4.185739199320476,0.3245205084482832,0.2895791331926982,0.5000004271666209,0.6156300107638041
2,14000,0.0979020979020979,37,2,0.75,101,1536,0.4778645833333333,0.5221354166666667,4.8849131266276045,1.023694435755412,0.9797815084457397,0.7499997615814209,0.9234440724054972
2,14000,0.0979020979020979,37,2,0.75,202,1536,0.4596354166666667,0.5403645833333333,4.889336268107097,1.0281175772349043,0.9636699557304382,0.7500001589457194,0.9234445492426554
2,14000,0.0979020979020979,37,2,0.75,303,1536,0.4869791666666667,0.5130208333333333,4.859503110249837,0.9982844193776446,0.9413686196009318,0.7500001986821493,0.9234444896380106
2,14000,0.0979020979020979,37,3,0.35,101,1536,0.7213541666666666,0.27864583333333337,4.148108005523682,0.28688931465148926,0.26923022667566937,0.3499998946984609,0.5067196091016134
2,14000,0.0979020979020979,37,3,0.35,202,1536,0.7083333333333334,0.29166666666666663,4.170531988143921,0.3093132972717285,0.2608100076516469,0.35000013311704,0.5067201356093088
2,14000,0.0979020979020979,37,3,0.35,303,1536,0.7063802083333334,0.29361979166666663,4.155864397684733,0.294645706812541,0.2728763123353322,0.3500001132488251,0.5067201455434164
2,14000,0.0979020979020979,37,3,0.5,101,1536,0.611328125,0.388671875,4.465071201324463,0.6038525104522705,0.5645219087600708,0.49999993046124774,0.7238849798838297
2,14000,0.0979020979020979,37,3,0.5,202,1536,0.5989583333333334,0.40104166666666663,4.479321161905925,0.6181024710337324,0.5491865475972494,0.5000002582867941,0.7238854567209879
2,14000,0.0979020979020979,37,3,0.5,303,1536,0.5970052083333334,0.40299479166666663,4.472975889841716,0.6117571989695234,0.5717742443084717,0.5000000794728597,0.7238858540852865
2,14000,0.0979020979020979,37,3,0.75,101,1536,0.4225260416666667,0.5774739583333333,5.2471418380737305,1.385923147201538,1.315503676732381,0.7500000397364298,1.0858289400736492
2,14000,0.0979020979020979,37,3,0.75,202,1536,0.4147135416666667,0.5852864583333333,5.237651189168294,1.3764324982961016,1.281232754389445,0.7499997417132059,1.0858280261357625
2,14000,0.0979020979020979,37,3,0.75,303,1536,0.431640625,0.568359375,5.232792218526204,1.3715735276540117,1.3070983091990154,0.7500002781550089,1.0858295758565266
2,14000,0.0979020979020979,37,4,0.35,101,1536,0.7317708333333334,0.26822916666666663,4.132033824920654,0.2708151340484619,0.2413102388381958,0.35000019272168476,0.5253229737281799
2,14000,0.0979020979020979,37,4,0.35,202,1536,0.7220052083333334,0.27799479166666663,4.12702735265096,0.2658086617787676,0.2517080058654149,0.34999993443489075,0.5253225564956665
2,14000,0.0979020979020979,37,4,0.35,303,1536,0.6959635416666666,0.30403645833333337,4.145545482635498,0.28432679176330566,0.2435659815867742,0.34999961654345196,0.5253216028213501
2,14000,0.0979020979020979,37,4,0.5,101,1536,0.6497395833333334,0.35026041666666663,4.39351749420166,0.5322988033294678,0.47520862023035687,0.4999997814496358,0.7504609227180481
2,14000,0.0979020979020979,37,4,0.5,202,1536,0.6223958333333334,0.37760416666666663,4.380039532979329,0.5188208421071367,0.4864606261253357,0.4999997814496358,0.7504605650901794
2,14000,0.0979020979020979,37,4,0.5,303,1536,0.6119791666666666,0.38802083333333337,4.407538414001465,0.5463197231292725,0.4740814169247945,0.4999999900658925,0.7504605650901794
2,14000,0.0979020979020979,37,4,0.75,101,1536,0.4791666666666667,0.5208333333333333,5.008411884307861,1.147193193435669,1.0547749201456706,0.7499998807907104,1.1256916125615437
2,14000,0.0979020979020979,37,4,0.75,202,1536,0.4498697916666667,0.5501302083333333,5.009925842285156,1.1487071514129639,1.081651469071706,0.7500001788139343,1.1256922086079915
2,14000,0.0979020979020979,37,4,0.75,303,1536,0.4537760416666667,0.5462239583333333,5.02783997853597,1.1666212876637774,1.0437867244084675,0.7499995827674866,1.12568998336792
2,14000,0.0979020979020979,37,5,0.35,101,1536,0.71875,0.28125,4.1011223793029785,0.23990368843078613,0.21575000882148743,0.34999985496203107,0.5563978552818298
2,14000,0.0979020979020979,37,5,0.35,202,1536,0.7408854166666666,0.25911458333333337,4.050757884979248,0.18953919410705566,0.2108059823513031,0.3499998350938161,0.556397557258606
2,14000,0.0979020979020979,37,5,0.35,303,1536,0.7356770833333334,0.26432291666666663,4.11147673924764,0.2502580483754473,0.21657952666282654,0.35000022252400714,0.5563986500104269
2,14000,0.0979020979020979,37,5,0.5,101,1536,0.6432291666666666,0.35677083333333337,4.324575106302897,0.46335641543070505,0.41926565766334534,0.5000000993410746,0.7948552568753561
2,14000,0.0979020979020979,37,5,0.5,202,1536,0.6510416666666666,0.34895833333333337,4.25356912612915,0.392350435256958,0.4064146677652995,0.5000000993410746,0.7948549191157023
2,14000,0.0979020979020979,37,5,0.5,303,1536,0.6354166666666666,0.36458333333333337,4.3472263018290205,0.4860076109568281,0.42108167211214703,0.5000002284844717,0.7948548992474874
2,14000,0.0979020979020979,37,5,0.75,101,1536,0.5013020833333334,0.49869791666666663,4.834174633026123,0.9729559421539307,0.9017164508501688,0.7500002582867941,1.192283034324646
2,14000,0.0979020979020979,37,5,0.75,202,1536,0.5130208333333334,0.48697916666666663,4.739343007405599,0.8781243165334063,0.8698723316192627,0.7499998807907104,1.19228200117747
2,14000,0.0979020979020979,37,5,0.75,303,1536,0.49609375,0.50390625,4.861751874287923,1.0005331834157305,0.8878064751625061,0.7499995827674866,1.192280371983846
2,14000,0.0979020979020979,37,6,0.35,101,1536,0.7415364583333334,0.25846354166666663,4.0796693166097,0.21845062573750784,0.19386243323485056,0.3500001033147176,0.5886458158493042
2,14000,0.0979020979020979,37,6,0.35,202,1536,0.7272135416666666,0.27278645833333337,4.123512903849284,0.26229421297709177,0.22009347875912985,0.3500002423922221,0.5886460741360983
2,14000,0.0979020979020979,37,6,0.35,303,1536,0.73828125,0.26171875,4.111232280731201,0.2500135898590088,0.2024118254582087,0.3500002324581146,0.5886462132136027
2,14000,0.0979020979020979,37,6,0.5,101,1536,0.658203125,0.341796875,4.268537839253743,0.4073191483815508,0.36415354410807294,0.4999997119108836,0.840921680132548
2,14000,0.0979020979020979,37,6,0.5,202,1536,0.6471354166666666,0.35286458333333337,4.340345064798991,0.4791263739267988,0.4101249078909556,0.4999997019767761,0.8409220973650614
2,14000,0.0979020979020979,37,6,0.5,303,1536,0.646484375,0.353515625,4.315554777781169,0.45433608690897653,0.3826180597146352,0.5000001589457194,0.8409232099850973
2,14000,0.0979020979020979,37,6,0.75,101,1536,0.525390625,0.474609375,4.686107317606608,0.824888626734416,0.7577895323435465,0.7500000794728597,1.2613837321599324
2,14000,0.0979020979020979,37,6,0.75,202,1536,0.4973958333333333,0.5026041666666667,4.807664076487224,0.9464453856150312,0.8378984332084656,0.7500001390775045,1.261385162671407
2,14000,0.0979020979020979,37,6,0.75,303,1536,0.51953125,0.48046875,4.753897984822591,0.8926792939503985,0.793133000532786,0.7500001986821493,1.2613846858342488
2,14000,0.0979020979020979,37,7,0.35,101,1536,0.7408854166666666,0.25911458333333337,4.04965353012085,0.18843483924865723,0.19823159277439117,0.3499997357527415,0.6736487944920858
2,14000,0.0979020979020979,37,7,0.35,202,1536,0.7408854166666666,0.25911458333333337,4.089761892954509,0.22854320208231638,0.20719373226165771,0.3500000536441803,0.6736487150192261
2,14000,0.0979020979020979,37,7,0.35,303,1536,0.7473958333333334,0.25260416666666663,4.075641632080078,0.21442294120788574,0.20380120972792307,0.3500000536441803,0.6736487944920858
2,14000,0.0979020979020979,37,7,0.5,101,1536,0.6497395833333334,0.35026041666666663,4.2379177411397295,0.37669905026753714,0.38164565960566205,0.49999985098838806,0.9623554150263468
2,14000,0.0979020979020979,37,7,0.5,202,1536,0.6490885416666666,0.35091145833333337,4.296229521433513,0.4350108305613203,0.39371652404467267,0.49999988079071045,0.9623555143674215
2,14000,0.0979020979020979,37,7,0.5,303,1536,0.6627604166666666,0.33723958333333337,4.281447569529216,0.4202288786570234,0.38773228724797565,0.5000004967053732,0.9623569846153259
2,14000,0.0979020979020979,37,7,0.75,101,1536,0.5091145833333334,0.49088541666666663,4.680650552113851,0.8194318612416582,0.8127722342809042,0.7500001788139343,1.4435343742370605
2,14000,0.0979020979020979,37,7,0.75,202,1536,0.521484375,0.478515625,4.7626369794209795,0.9014182885487871,0.8258950312932333,0.7500002980232239,1.4435346126556396
2,14000,0.0979020979020979,37,7,0.75,303,1536,0.515625,0.484375,4.739034016927083,0.8778153260548907,0.8146875500679016,0.7500001390775045,1.4435344537099202
2,14000,0.0979020979020979,37,8,0.35,101,1536,0.7467447916666666,0.25325520833333337,4.080573558807373,0.21935486793518066,0.2024919092655182,0.3500000238418579,0.7521459658940634
2,14000,0.0979020979020979,37,8,0.35,202,1536,0.7506510416666666,0.24934895833333337,4.047749996185303,0.18653130531311035,0.19475814203421274,0.3500000834465027,0.7521457672119141
2,14000,0.0979020979020979,37,8,0.35,303,1536,0.76171875,0.23828125,4.066994825998942,0.20577613512674997,0.1950945903857549,0.3499998648961385,0.7521460056304932
2,14000,0.0979020979020979,37,8,0.5,101,1536,0.6608072916666666,0.33919270833333337,4.268685658772786,0.4074669679005938,0.37877221902211505,0.500000019868215,1.074494202931722
2,14000,0.0979020979020979,37,8,0.5,202,1536,0.666015625,0.333984375,4.228794097900391,0.36757540702819824,0.36622700095176697,0.5000003178914388,1.0744949579238892
2,14000,0.0979020979020979,37,8,0.5,303,1536,0.6647135416666666,0.33528645833333337,4.245090484619141,0.38387179374694824,0.36213478446006775,0.5000000496705373,1.0744949579238892
2,14000,0.0979020979020979,37,8,0.75,101,1536,0.552734375,0.447265625,4.683032989501953,0.8218142986297607,0.7785519361495972,0.7500001589457194,1.6117422978083293
2,14000,0.0979020979020979,37,8,0.75,202,1536,0.54296875,0.45703125,4.637114365895589,0.7758956750233965,0.7603487571080526,0.7500000596046448,1.6117418209711711
2,14000,0.0979020979020979,37,8,0.75,303,1536,0.5338541666666666,0.46614583333333337,4.646201769510905,0.7849830786387129,0.7506235639254252,0.7499996026357015,1.611741542816162
2,14000,0.0979020979020979,37,9,0.35,101,1536,0.7682291666666666,0.23177083333333337,4.055977503458659,0.19475881258646677,0.182423268755277,0.3499997854232788,0.8499667644500732
2,14000,0.0979020979020979,37,9,0.35,202,1536,0.7610677083333334,0.23893229166666663,4.0539389451344805,0.19272025426228812,0.18152980506420135,0.34999993443489075,0.8499663869539896
2,14000,0.0979020979020979,37,9,0.35,303,1536,0.7486979166666666,0.25130208333333337,4.023279746373494,0.1620610555013018,0.19550159573554993,0.3500000834465027,0.8499671022097269
2,14000,0.0979020979020979,37,9,0.5,101,1536,0.681640625,0.318359375,4.222204923629761,0.36098623275756836,0.3394177258014679,0.49999990065892536,1.2142384052276611
2,14000,0.0979020979020979,37,9,0.5,202,1536,0.6842447916666666,0.31575520833333337,4.219130198160808,0.3579115072886152,0.33933844168980914,0.4999997615814209,1.2142386436462402
2,14000,0.0979020979020979,37,9,0.5,303,1536,0.6575520833333334,0.34244791666666663,4.179733594258626,0.3185149033864336,0.36050522327423096,0.500000019868215,1.2142387628555298
2,14000,0.0979020979020979,37,9,0.75,101,1536,0.5338541666666666,0.46614583333333337,4.592769463857015,0.7315507729848223,0.6964998245239258,0.7500004371007284,1.8213594754536946
2,14000,0.0979020979020979,37,9,0.75,202,1536,0.5501302083333334,0.44986979166666663,4.591265837351481,0.730047146479289,0.7015323440233866,0.75,1.8213578859965007
2,14000,0.0979020979020979,37,9,0.75,303,1536,0.5247395833333334,0.47526041666666663,4.535806814829509,0.6745881239573164,0.7297456463177999,0.7499992847442627,1.8213555018107097
2,14000,0.0979020979020979,37,10,0.35,101,1536,0.7630208333333334,0.23697916666666663,4.024486064910889,0.1632673740386963,0.17250052591164908,0.3499999741713206,1.014262855052948
2,14000,0.0979020979020979,37,10,0.35,202,1536,0.7701822916666666,0.22981770833333337,4.036477724711101,0.17525903383890817,0.17516735196113586,0.35000009338061017,1.0142629742622375
2,14000,0.0979020979020979,37,10,0.35,303,1536,0.7571614583333334,0.24283854166666663,4.03043270111084,0.16921401023864746,0.17240788539250693,0.3499997854232788,1.0142625570297241
2,14000,0.0979020979020979,37,10,0.5,101,1536,0.6725260416666666,0.32747395833333337,4.180089791615804,0.31887110074361136,0.3311249216397603,0.49999991059303284,1.4489463965098064
2,14000,0.0979020979020979,37,10,0.5,202,1536,0.6705729166666666,0.32942708333333337,4.20400333404541,0.3427846431732178,0.337315837542216,0.5000005563100179,1.4489487012227376
2,14000,0.0979020979020979,37,10,0.5,303,1536,0.6692708333333334,0.33072916666666663,4.192411740620931,0.3311930497487383,0.3323464095592499,0.4999997317790985,1.448946436246236
2,14000,0.0979020979020979,37,10,0.75,101,1536,0.5247395833333334,0.47526041666666663,4.540759404500325,0.6795407136281328,0.6961710055669149,0.7499999205271403,2.1734209060668945
2,14000,0.0979020979020979,37,10,0.75,202,1536,0.5384114583333334,0.46158854166666663,4.580361207326253,0.7191425164540606,0.7039434512456259,0.7499994436899821,2.1734189987182617
2,14000,0.0979020979020979,37,10,0.75,303,1536,0.52734375,0.47265625,4.562390645345052,0.7011719544728594,0.6975393295288086,0.7500001589457194,2.1734205881754556
2,72000,0.5034965034965035,11,1,0.35,101,1536,0.7936197916666666,0.20638020833333337,3.914583206176758,0.13831663131713867,0.13222315410772958,0.35000036160151166,0.27673272291819256
2,72000,0.5034965034965035,11,1,0.35,202,1536,0.8014322916666666,0.19856770833333337,3.9211508433024087,0.14488426844278957,0.14532814919948578,0.3500000337759654,0.27673250436782837
2,72000,0.5034965034965035,11,1,0.35,303,1536,0.7825520833333334,0.21744791666666663,3.929697116216024,0.15343054135640477,0.14516574144363403,0.35000016291936237,0.2767325242360433
2,72000,0.5034965034965035,11,1,0.5,101,1536,0.6790364583333334,0.32096354166666663,4.125968853632609,0.3497022787729902,0.3361910084883372,0.5000000794728597,0.39533209800720215
2,72000,0.5034965034965035,11,1,0.5,202,1536,0.6979166666666666,0.30208333333333337,4.155486424763997,0.37921984990437796,0.36544938882191974,0.499999741713206,0.39533179998397827
2,72000,0.5034965034965035,11,1,0.5,303,1536,0.6647135416666666,0.33528645833333337,4.1631449063618975,0.38687833150227835,0.3647798200448354,0.5000002582867941,0.3953322470188141
2,72000,0.5034965034965035,11,1,0.75,101,1536,0.4954427083333333,0.5045572916666667,4.889065742492676,1.1127991676330566,1.0838432312011719,0.7499998211860657,0.5929979483286539
2,72000,0.5034965034965035,11,1,0.75,202,1536,0.46484375,0.53515625,4.957135359446208,1.1808687845865888,1.1301770607630413,0.7499993642171224,0.5929975509643555
2,72000,0.5034965034965035,11,1,0.75,303,1536,0.4739583333333333,0.5260416666666667,4.947014172871907,1.1707475980122881,1.1208164691925049,0.7500004172325134,0.5929983456929525
2,72000,0.5034965034965035,11,2,0.35,101,1536,0.7727864583333334,0.22721354166666663,3.9537657101949057,0.1774991353352866,0.17640662690003714,0.34999998410542804,0.3146545886993408
2,72000,0.5034965034965035,11,2,0.35,202,1536,0.7890625,0.2109375,3.932373364766439,0.1561067899068198,0.16785651942094168,0.35000014305114746,0.31465454896291095
2,72000,0.5034965034965035,11,2,0.35,303,1536,0.787109375,0.212890625,3.9576061566670737,0.18133958180745458,0.17867513994375864,0.3499999741713206,0.3146544297536214
2,72000,0.5034965034965035,11,2,0.5,101,1536,0.6705729166666666,0.32942708333333337,4.182709534962972,0.40644296010335257,0.40000787377357483,0.5000003377596537,0.4495067596435547
2,72000,0.5034965034965035,11,2,0.5,202,1536,0.6868489583333334,0.31315104166666663,4.15209436416626,0.3758277893066406,0.3845066825548808,0.4999995728333791,0.4495060642560323
2,72000,0.5034965034965035,11,2,0.5,303,1536,0.671875,0.328125,4.197648207346599,0.42138163248697946,0.40762705604235333,0.5000000397364298,0.44950653115908307
2,72000,0.5034965034965035,11,2,0.75,101,1536,0.4641927083333333,0.5358072916666667,4.889702320098877,1.1134357452392578,1.091942568620046,0.7500000993410746,0.6742598414421082
2,72000,0.5034965034965035,11,2,0.75,202,1536,0.4720052083333333,0.5279947916666667,4.887786388397217,1.1115198135375977,1.0897059043248494,0.7499999006589254,0.6742599805196127
2,72000,0.5034965034965035,11,2,0.75,303,1536,0.4700520833333333,0.5299479166666667,4.977115154266357,1.2008485794067383,1.1479089260101318,0.7500001986821493,0.6742598017056783
2,72000,0.5034965034965035,11,3,0.35,101,1536,0.6608072916666666,0.33919270833333337,4.2871785163879395,0.5109119415283203,0.5244430899620056,0.34999998410542804,0.38563058773676556
2,72000,0.5034965034965035,11,3,0.35,202,1536,0.640625,0.359375,4.342976729075114,0.5667101542154951,0.5346956451733907,0.3500000735123952,0.38563089569409686
2,72000,0.5034965034965035,11,3,0.35,303,1536,0.625,0.375,4.346844514211019,0.5705779393513994,0.5535183548927307,0.3500003019968669,0.38563082615534466
2,72000,0.5034965034965035,11,3,0.5,101,1536,0.5162760416666666,0.48372395833333337,4.831714630126953,1.055448055267334,1.044233798980713,0.49999986092249554,0.5509007771809896
2,72000,0.5034965034965035,11,3,0.5,202,1536,0.4908854166666667,0.5091145833333333,4.948025385538737,1.1717588106791181,1.1013024648030598,0.5000001688798269,0.5509013136227926
2,72000,0.5034965034965035,11,3,0.5,303,1536,0.490234375,0.509765625,4.950656890869141,1.1743903160095215,1.1378530661265056,0.4999999403953552,0.550901194413503
2,72000,0.5034965034965035,11,3,0.75,101,1536,0.3131510416666667,0.6868489583333333,6.028408845265706,2.252142270406087,2.1806182066599527,0.7500000993410746,0.8263521194458008
2,72000,0.5034965034965035,11,3,0.75,202,1536,0.306640625,0.693359375,6.317615350087483,2.5413487752278643,2.3653148810068765,0.7500003178914388,0.8263509472211202
2,72000,0.5034965034965035,11,3,0.75,303,1536,0.2955729166666667,0.7044270833333333,6.2010273933410645,2.4247608184814453,2.3679888248443604,0.7500000794728597,0.826352596282959
2,72000,0.5034965034965035,11,4,0.35,101,1536,0.6497395833333334,0.35026041666666663,4.256027857462565,0.47976128260294626,0.46216918031374615,0.35000017285346985,0.3865385452906291
2,72000,0.5034965034965035,11,4,0.35,202,1536,0.66015625,0.33984375,4.253436088562012,0.4771695137023926,0.49479055404663086,0.3500000536441803,0.38653892278671265
2,72000,0.5034965034965035,11,4,0.35,303,1536,0.6692708333333334,0.33072916666666663,4.301782925923665,0.5255163510640459,0.4965834816296895,0.34999995430310565,0.38653866449991864
2,72000,0.5034965034965035,11,4,0.5,101,1536,0.5266927083333334,0.47330729166666663,4.740365664164226,0.9640990893046064,0.9095536669095358,0.5000000298023224,0.5521983504295349
2,72000,0.5034965034965035,11,4,0.5,202,1536,0.52734375,0.47265625,4.712912082672119,0.9366455078125,0.9470300277074178,0.5000001192092896,0.5521980921427408
2,72000,0.5034965034965035,11,4,0.5,303,1536,0.5358072916666666,0.46419270833333337,4.7944231033325195,1.0181565284729004,0.9603962103525797,0.5000000298023224,0.5521969397862753
2,72000,0.5034965034965035,11,4,0.75,101,1536,0.3522135416666667,0.6477864583333333,5.756453196207683,1.9801866213480634,1.854652961095174,0.7500003178914388,0.8282966017723083
2,72000,0.5034965034965035,11,4,0.75,202,1536,0.3470052083333333,0.6529947916666667,5.664493560791016,1.8882269859313965,1.8733782768249512,0.7500003973642985,0.82829616467158
2,72000,0.5034965034965035,11,4,0.75,303,1536,0.3470052083333333,0.6529947916666667,5.806687831878662,2.030421257019043,1.9168630838394165,0.7499996622403463,0.8282964626948038
2,72000,0.5034965034965035,11,5,0.35,101,1536,0.68359375,0.31640625,4.216522216796875,0.44025564193725586,0.422084500392278,0.3500000834465027,0.4056072533130646
2,72000,0.5034965034965035,11,5,0.35,202,1536,0.7005208333333334,0.29947916666666663,4.165868600209554,0.3896020253499346,0.39924254020055133,0.3500000437100728,0.4056062201658885
2,72000,0.5034965034965035,11,5,0.35,303,1536,0.6790364583333334,0.32096354166666663,4.217569510142009,0.4413029352823896,0.4218711058298747,0.3499999940395355,0.40560681621233624
2,72000,0.5034965034965035,11,5,0.5,101,1536,0.5677083333333334,0.43229166666666663,4.6252031326293945,0.8489365577697754,0.807182252407074,0.5000000596046448,0.579438050587972
2,72000,0.5034965034965035,11,5,0.5,202,1536,0.5859375,0.4140625,4.5517964363098145,0.7755298614501953,0.7648046215375265,0.4999997913837433,0.5794378519058228
2,72000,0.5034965034965035,11,5,0.5,303,1536,0.5618489583333334,0.43815104166666663,4.606584707895915,0.8303181330362959,0.7878042459487915,0.5000001986821493,0.579438308874766
2,72000,0.5034965034965035,11,5,0.75,101,1536,0.39453125,0.60546875,5.470171769460042,1.6939051946004229,1.5948750575383503,0.7499993840853373,0.8691569368044535
2,72000,0.5034965034965035,11,5,0.75,202,1536,0.384765625,0.615234375,5.401612281799316,1.6253457069396973,1.5618127981821697,0.7499999602635702,0.869157095750173
2,72000,0.5034965034965035,11,5,0.75,303,1536,0.404296875,0.595703125,5.407680829366048,1.6314142545064287,1.5400062799453735,0.7500001986821493,0.8691576719284058
2,72000,0.5034965034965035,11,6,0.35,101,1536,0.705078125,0.294921875,4.159040133158366,0.38277355829874704,0.36636462807655334,0.3499998648961385,0.4268295963605245
2,72000,0.5034965034965035,11,6,0.35,202,1536,0.6907552083333334,0.30924479166666663,4.187790075937907,0.41152350107828806,0.4145748217900594,0.3500002324581146,0.42683160305023193
2,72000,0.5034965034965035,11,6,0.35,303,1536,0.6881510416666666,0.31184895833333337,4.239617347717285,0.463350772857666,0.4344908595085144,0.3500002721945445,0.42683027187983197
2,72000,0.5034965034965035,11,6,0.5,101,1536,0.595703125,0.404296875,4.489042599995931,0.7127760251363116,0.6837907830874125,0.5000001788139343,0.6097573240598043
2,72000,0.5034965034965035,11,6,0.5,202,1536,0.580078125,0.419921875,4.568674723307292,0.7924081484476728,0.775503953297933,0.5000003576278687,0.6097574830055237
2,72000,0.5034965034965035,11,6,0.5,303,1536,0.568359375,0.431640625,4.643624623616536,0.867358048756917,0.8104470173517863,0.5000000397364298,0.6097570061683655
2,72000,0.5034965034965035,11,6,0.75,101,1536,0.4440104166666667,0.5559895833333333,5.193340460459392,1.4170738855997724,1.3649787108103435,0.7500003178914388,0.9146371483802795
2,72000,0.5034965034965035,11,6,0.75,202,1536,0.408203125,0.591796875,5.3332061767578125,1.5569396018981934,1.4947658777236938,0.7500004371007284,0.9146363735198975
2,72000,0.5034965034965035,11,6,0.75,303,1536,0.412109375,0.587890625,5.423645655314128,1.6473790804545088,1.5405189990997314,0.7499998609224955,0.9146350622177124
2,72000,0.5034965034965035,11,7,0.35,101,1536,0.7083333333333334,0.29166666666666663,4.157646020253499,0.3813794453938799,0.36774208148320514,0.34999987483024597,0.4785478313763936
2,72000,0.5034965034965035,11,7,0.35,202,1536,0.6953125,0.3046875,4.170839150746663,0.394572575887044,0.39479799071947735,0.35000014305114746,0.4785485665003459
2,72000,0.5034965034965035,11,7,0.35,303,1536,0.6985677083333334,0.30143229166666663,4.18812354405721,0.41185696919759085,0.39062562584877014,0.3499998648961385,0.47854844729105633
2,72000,0.5034965034965035,11,7,0.5,101,1536,0.6119791666666666,0.38802083333333337,4.489829858144124,0.7135632832845049,0.6760328412055969,0.4999999403953552,0.6836402614911398
2,72000,0.5034965034965035,11,7,0.5,202,1536,0.5911458333333334,0.40885416666666663,4.522249698638916,0.7459831237792969,0.7221856315930685,0.5000000794728597,0.6836405992507935
2,72000,0.5034965034965035,11,7,0.5,303,1536,0.595703125,0.404296875,4.547363917032878,0.7710973421732588,0.7249497771263123,0.5000003377596537,0.6836409171422323
2,72000,0.5034965034965035,11,7,0.75,101,1536,0.46484375,0.53515625,5.18386967976888,1.4076031049092608,1.3130210638046265,0.749999980131785,1.0254603226979573
2,72000,0.5034965034965035,11,7,0.75,202,1536,0.439453125,0.560546875,5.243183135986328,1.466916561126709,1.3850963115692139,0.7499998807907104,1.025461236635844
2,72000,0.5034965034965035,11,7,0.75,303,1536,0.4420572916666667,0.5579427083333333,5.254573027292888,1.4783064524332685,1.394816001256307,0.7500003973642985,1.0254610379536946
2,72000,0.5034965034965035,11,8,0.35,101,1536,0.71875,0.28125,4.117982228597005,0.34171565373738577,0.34233396251996356,0.35000016291936237,0.566973070303599
2,72000,0.5034965034965035,11,8,0.35,202,1536,0.70703125,0.29296875,4.154661496480306,0.37839492162068655,0.3463057577610016,0.35000009338061017,0.5669719378153483
2,72000,0.5034965034965035,11,8,0.35,303,1536,0.708984375,0.291015625,4.096006711324056,0.31974013646443655,0.3454824189345042,0.35000017285346985,0.5669722755750021
2,72000,0.5034965034965035,11,8,0.5,101,1536,0.611328125,0.388671875,4.419341564178467,0.6430749893188477,0.6302356918652853,0.5000000794728597,0.8099608023961385
2,72000,0.5034965034965035,11,8,0.5,202,1536,0.6022135416666666,0.39778645833333337,4.459493637084961,0.6832270622253418,0.6294153134028116,0.49999986092249554,0.8099598089853922
2,72000,0.5034965034965035,11,8,0.5,303,1536,0.6126302083333334,0.38736979166666663,4.404943466186523,0.6286768913269043,0.6434688568115234,0.5000001390775045,0.8099604646364847
2,72000,0.5034965034965035,11,8,0.75,101,1536,0.4498697916666667,0.5501302083333333,5.06191889444987,1.285652319590251,1.238977273305257,0.7499996225039164,1.2149407466252644
2,72000,0.5034965034965035,11,8,0.75,202,1536,0.4635416666666667,0.5364583333333333,5.09188445409139,1.3156178792317705,1.213888684908549,0.7500001390775045,1.2149396737416585
2,72000,0.5034965034965035,11,8,0.75,303,1536,0.44921875,0.55078125,5.054688453674316,1.2784218788146973,1.255142052968343,0.7500001192092896,1.2149393558502197
2,72000,0.5034965034965035,11,9,0.35,101,1536,0.7180989583333334,0.28190104166666663,4.110474904378255,0.33420832951863577,0.3311435679594676,0.35000012318293255,0.6792347431182861
2,72000,0.5034965034965035,11,9,0.35,202,1536,0.7278645833333334,0.27213541666666663,4.0574080149332685,0.2811414400736494,0.3039968013763428,0.34999992450078327,0.6792343854904175
2,72000,0.5034965034965035,11,9,0.35,303,1536,0.71875,0.28125,4.094379583994548,0.3181130091349287,0.32580475012461346,0.35000049074490863,0.6792363921801249
2,72000,0.5034965034965035,11,9,0.5,101,1536,0.6158854166666666,0.38411458333333337,4.397687911987305,0.6214213371276855,0.6016050974527994,0.500000019868215,0.9703364570935568
2,72000,0.5034965034965035,11,9,0.5,202,1536,0.6360677083333334,0.36393229166666663,4.318896134694417,0.5426295598347979,0.5612173875172933,0.49999991059303284,0.9703346689542135
2,72000,0.5034965034965035,11,9,0.5,303,1536,0.6236979166666666,0.37630208333333337,4.3732099533081055,0.5969433784484863,0.5953947901725769,0.4999997317790985,0.970333993434906
2,72000,0.5034965034965035,11,9,0.75,101,1536,0.4811197916666667,0.5188802083333333,4.964825630187988,1.1885590553283691,1.144569714864095,0.7499995827674866,1.4555013179779053
2,72000,0.5034965034965035,11,9,0.75,202,1536,0.4856770833333333,0.5143229166666667,4.869388739267985,1.0931221644083662,1.0954370896021526,0.7500006159146627,1.455503026644389
2,72000,0.5034965034965035,11,9,0.75,303,1536,0.4641927083333333,0.5358072916666667,4.940980116526286,1.164713541666667,1.1410584847132366,0.7499998211860657,1.4555038213729858
2,72000,0.5034965034965035,11,10,0.35,101,1536,0.7220052083333334,0.27799479166666663,4.054811239242554,0.27854466438293457,0.2836007972558339,0.34999966621398926,0.8201021353403727
2,72000,0.5034965034965035,11,10,0.35,202,1536,0.7057291666666666,0.29427083333333337,4.107627550760905,0.3313609759012861,0.2940352161725362,0.35000016291936237,0.8201035857200623
2,72000,0.5034965034965035,11,10,0.35,303,1536,0.724609375,0.275390625,4.079277515411377,0.3030109405517578,0.28663864731788635,0.35000009338061017,0.82010285059611
2,72000,0.5034965034965035,11,10,0.5,101,1536,0.6217447916666666,0.37825520833333337,4.305707772572835,0.5294411977132158,0.5276334087053934,0.5000000695387522,1.1715755860010784
2,72000,0.5034965034965035,11,10,0.5,202,1536,0.6100260416666666,0.38997395833333337,4.377533117930095,0.6012665430704756,0.5441770156224569,0.4999999503294627,1.1715761820475261
2,72000,0.5034965034965035,11,10,0.5,303,1536,0.6263020833333334,0.37369791666666663,4.341593583424886,0.5653270085652666,0.5368363857269287,0.5000001192092896,1.1715762217839558
2,72000,0.5034965034965035,11,10,0.75,101,1536,0.474609375,0.525390625,4.8406572341918945,1.0643906593322754,1.0490778684616089,0.7499995628992716,1.7573622862497966
2,72000,0.5034965034965035,11,10,0.75,202,1536,0.4622395833333333,0.5377604166666667,4.936439037322998,1.160172462463379,1.0730280876159668,0.7500003377596537,1.7573645114898682
2,72000,0.5034965034965035,11,10,0.75,303,1536,0.4759114583333333,0.5240885416666667,4.893227577209473,1.1169610023498535,1.0713449716567993,0.7500002185503641,1.7573640743891399
2,72000,0.5034965034965035,23,1,0.35,101,1536,0.771484375,0.228515625,3.8446853160858154,0.161102294921875,0.13924371202786764,0.3499998152256012,0.27604034543037415
2,72000,0.5034965034965035,23,1,0.35,202,1536,0.783203125,0.216796875,3.8274134000142417,0.14383037885030125,0.14588434000809988,0.3500000337759654,0.27604055404663086
2,72000,0.5034965034965035,23,1,0.35,303,1536,0.787109375,0.212890625,3.818139632542928,0.13455661137898778,0.13467803597450256,0.3500002125898997,0.27604066332181293
2,72000,0.5034965034965035,23,1,0.5,101,1536,0.68359375,0.31640625,4.075209299723308,0.39162627855936716,0.345500369866689,0.4999999701976776,0.3943435152371724
2,72000,0.5034965034965035,23,1,0.5,202,1536,0.6705729166666666,0.32942708333333337,4.0574951171875,0.37391209602355957,0.3557053009668986,0.4999997814496358,0.39434340596199036
2,72000,0.5034965034965035,23,1,0.5,303,1536,0.6790364583333334,0.32096354166666663,4.041839520136516,0.35825649897257517,0.3458230495452881,0.5000002284844717,0.39434370398521423
2,72000,0.5034965034965035,23,1,0.75,101,1536,0.498046875,0.501953125,4.839990456899007,1.1564074357350664,1.0476655165354412,0.7500003178914388,0.5915155410766602
2,72000,0.5034965034965035,23,1,0.75,202,1536,0.5006510416666666,0.49934895833333337,4.812323252360026,1.128740231196086,1.0555636485417683,0.7500001192092896,0.5915154417355856
2,72000,0.5034965034965035,23,1,0.75,303,1536,0.505859375,0.494140625,4.805144309997559,1.1215612888336182,1.0541521708170574,0.7499998211860657,0.5915152033170065
2,72000,0.5034965034965035,23,2,0.35,101,1536,0.7779947916666666,0.22200520833333337,3.8652326265970864,0.181649605433146,0.15910073618094125,0.3500000238418579,0.3130061129728953
2,72000,0.5034965034965035,23,2,0.35,202,1536,0.7734375,0.2265625,3.860374689102173,0.17679166793823242,0.16736324628194174,0.34999993443489075,0.31300599376360577
2,72000,0.5034965034965035,23,2,0.35,303,1536,0.7610677083333334,0.23893229166666663,3.8824311892191568,0.19884816805521632,0.17508738736311594,0.3499997655550639,0.31300580501556396
2,72000,0.5034965034965035,23,2,0.5,101,1536,0.6712239583333334,0.32877604166666663,4.109365304311116,0.4257822831471758,0.37613462408383685,0.49999993046124774,0.44715158144632977
2,72000,0.5034965034965035,23,2,0.5,202,1536,0.6744791666666666,0.32552083333333337,4.1099569002787275,0.4263738791147871,0.39607395728429157,0.5000002185503641,0.447151521841685
2,72000,0.5034965034965035,23,2,0.5,303,1536,0.6595052083333334,0.34049479166666663,4.146549145380656,0.4629661242167158,0.410526305437088,0.49999989072481793,0.44715126355489093
2,72000,0.5034965034965035,23,2,0.75,101,1536,0.49609375,0.50390625,4.863338629404704,1.1797556082407636,1.0538503527641296,0.7499995827674866,0.6707264184951782
2,72000,0.5034965034965035,23,2,0.75,202,1536,0.4817708333333333,0.5182291666666667,4.887911796569824,1.2043287754058838,1.1104590098063152,0.7499999403953552,0.6707267959912618
2,72000,0.5034965034965035,23,2,0.75,303,1536,0.4856770833333333,0.5143229166666667,4.888152281443278,1.2045692602793379,1.107454498608907,0.7499997814496359,0.6707267761230469
2,72000,0.5034965034965035,23,3,0.35,101,1536,0.6360677083333334,0.36393229166666663,4.255229632059733,0.5716466108957929,0.531577487786611,0.35000022252400714,0.3801240722338359
2,72000,0.5034965034965035,23,3,0.35,202,1536,0.6334635416666666,0.36653645833333337,4.266035238901774,0.582452217737834,0.5400779644648234,0.34999994436899823,0.3801238238811493
2,72000,0.5034965034965035,23,3,0.35,303,1536,0.6438802083333334,0.35611979166666663,4.265610853830974,0.5820278326670332,0.5659532944361368,0.3500000437100728,0.3801236351331075
2,72000,0.5034965034965035,23,3,0.5,101,1536,0.4973958333333333,0.5026041666666667,4.832588990529378,1.1490059693654375,1.0648428996404011,0.5000002582867941,0.5430349310239156
2,72000,0.5034965034965035,23,3,0.5,202,1536,0.50390625,0.49609375,4.823010762532552,1.1394277413686114,1.061439315478007,0.49999980131785077,0.5430328845977783
2,72000,0.5034965034965035,23,3,0.5,303,1536,0.521484375,0.478515625,4.843010425567627,1.1594274044036865,1.1150201161702473,0.4999999403953552,0.5430336991945902
2,72000,0.5034965034965035,23,3,0.75,101,1536,0.3333333333333333,0.6666666666666667,6.034870306650798,2.3512872854868574,2.188734769821167,0.7500001788139343,0.814550002415975
2,72000,0.5034965034965035,23,3,0.75,202,1536,0.345703125,0.654296875,6.022590160369873,2.3390071392059326,2.182926893234253,0.7500002384185791,0.8145496249198914
2,72000,0.5034965034965035,23,3,0.75,303,1536,0.3450520833333333,0.6549479166666667,6.026106834411621,2.3425238132476807,2.24304469426473,0.7499996622403463,0.8145506779352824
2,72000,0.5034965034965035,23,4,0.35,101,1536,0.66015625,0.33984375,4.197107791900635,0.5135247707366943,0.5034951368967692,0.3499997655550639,0.3810294469197591
2,72000,0.5034965034965035,23,4,0.35,202,1536,0.67578125,0.32421875,4.2447083791097,0.5611253579457598,0.48767270644505817,0.35000018278757733,0.38103054960568744
2,72000,0.5034965034965035,23,4,0.35,303,1536,0.6399739583333334,0.36002604166666663,4.249818007151286,0.5662349859873457,0.5632636447747549,0.34999969601631165,0.3810291488965352
2,72000,0.5034965034965035,23,4,0.5,101,1536,0.5475260416666666,0.45247395833333337,4.64932123819987,0.9657382170359297,0.9290091196695963,0.5000000894069672,0.5443283319473267
2,72000,0.5034965034965035,23,4,0.5,202,1536,0.5501302083333334,0.44986979166666663,4.746823946634929,1.0632409254709883,0.9458113312721252,0.4999997913837433,0.5443272391955057
2,72000,0.5034965034965035,23,4,0.5,303,1536,0.5234375,0.4765625,4.76883586247762,1.0852528413136797,1.0586742758750916,0.4999995529651642,0.5443261464436849
2,72000,0.5034965034965035,23,4,0.75,101,1536,0.3795572916666667,0.6204427083333333,5.584607442220052,1.9010244210561114,1.8061583836873372,0.7499996622403463,0.8164906104405721
2,72000,0.5034965034965035,23,4,0.75,202,1536,0.3671875,0.6328125,5.755665461222331,2.0720824400583906,1.8820651769638062,0.7500003178914388,0.8164903521537781
2,72000,0.5034965034965035,23,4,0.75,303,1536,0.3404947916666667,0.6595052083333333,5.859009742736816,2.175426721572876,2.086070458094279,0.7500001192092896,0.8164915243784586
2,72000,0.5034965034965035,23,5,0.35,101,1536,0.6575520833333334,0.34244791666666663,4.123800992965698,0.4402179718017578,0.4321280022462209,0.3499998251597087,0.4026131331920624
2,72000,0.5034965034965035,23,5,0.35,202,1536,0.6848958333333334,0.31510416666666663,4.118027528127034,0.4344445069630938,0.42159273227055866,0.35000009338061017,0.4026137789090474
2,72000,0.5034965034965035,23,5,0.35,303,1536,0.6809895833333334,0.31901041666666663,4.13468058904012,0.4510975678761797,0.4410679837067922,0.34999998410542804,0.40261314312616986
2,72000,0.5034965034965035,23,5,0.5,101,1536,0.544921875,0.455078125,4.5280914306640625,0.8445084095001221,0.8180769880612692,0.5000002582867941,0.5751612385114034
2,72000,0.5034965034965035,23,5,0.5,202,1536,0.5846354166666666,0.41536458333333337,4.51902421315511,0.83544119199117,0.7878270347913107,0.49999962250391644,0.5751609404881796
2,72000,0.5034965034965035,23,5,0.5,303,1536,0.578125,0.421875,4.533248742421468,0.8496657212575274,0.8120426535606384,0.49999986092249554,0.5751613775889078
2,72000,0.5034965034965035,23,5,0.75,101,1536,0.404296875,0.595703125,5.373960812886556,1.6903777917226153,1.6171271006266277,0.7499996225039164,0.8627415696779887
2,72000,0.5034965034965035,23,5,0.75,202,1536,0.4407552083333333,0.5592447916666667,5.316638310750325,1.6330552895863848,1.532871166865031,0.7500001192092896,0.8627423644065857
2,72000,0.5034965034965035,23,5,0.75,303,1536,0.408203125,0.591796875,5.372933705647786,1.6893506844838457,1.5880979299545288,0.7499998609224955,0.8627419869105021
2,72000,0.5034965034965035,23,6,0.35,101,1536,0.6770833333333334,0.32291666666666663,4.1276936531066895,0.444110631942749,0.41647930939992267,0.34999998410542804,0.42128119866053265
2,72000,0.5034965034965035,23,6,0.35,202,1536,0.6868489583333334,0.31315104166666663,4.1089324951171875,0.42534947395324707,0.40585577487945557,0.3500002920627594,0.4212818741798401
2,72000,0.5034965034965035,23,6,0.35,303,1536,0.6744791666666666,0.32552083333333337,4.140956163406372,0.45737314224243164,0.42760026454925537,0.3500002721945445,0.4212816655635834
2,72000,0.5034965034965035,23,6,0.5,101,1536,0.568359375,0.431640625,4.515969594319661,0.8323865731557207,0.7741493980089823,0.499999741713206,0.6018304824829102
2,72000,0.5034965034965035,23,6,0.5,202,1536,0.5813802083333334,0.41861979166666663,4.4644521077473955,0.7808690865834551,0.7455073396364847,0.5000003576278687,0.6018301844596863
2,72000,0.5034965034965035,23,6,0.5,303,1536,0.560546875,0.439453125,4.5234306653340655,0.839847644170125,0.7882219155629476,0.5000000099341074,0.6018301049868265
2,72000,0.5034965034965035,23,6,0.75,101,1536,0.4322916666666667,0.5677083333333333,5.292343298594157,1.6087602774302168,1.4994192123413086,0.75,0.90274578332901
2,72000,0.5034965034965035,23,6,0.75,202,1536,0.458984375,0.541015625,5.1660787264506025,1.482495705286662,1.408446987469991,0.7499997814496359,0.9027451276779175
2,72000,0.5034965034965035,23,6,0.75,303,1536,0.4147135416666667,0.5852864583333333,5.265863577524821,1.5822805563608808,1.4881991545359294,0.7500001986821493,0.9027449687321981
2,72000,0.5034965034965035,23,7,0.35,101,1536,0.677734375,0.322265625,4.074572483698527,0.3909894625345869,0.40617034832636517,0.34999967614809674,0.47245287895202637
2,72000,0.5034965034965035,23,7,0.35,202,1536,0.689453125,0.310546875,4.045842965443929,0.3622599442799883,0.3744737108548482,0.3500000536441803,0.47245296835899353
2,72000,0.5034965034965035,23,7,0.35,303,1536,0.685546875,0.314453125,4.078872998555501,0.3952899773915606,0.3911033868789673,0.3500001132488251,0.4724532465140025
2,72000,0.5034965034965035,23,7,0.5,101,1536,0.5885416666666666,0.41145833333333337,4.427988052368164,0.7444050312042236,0.7409162918726603,0.4999999801317851,0.6749336123466492
2,72000,0.5034965034965035,23,7,0.5,202,1536,0.58984375,0.41015625,4.383656978607178,0.7000739574432373,0.6909494400024414,0.5000003973642985,0.6749333143234253
2,72000,0.5034965034965035,23,7,0.5,303,1536,0.5944010416666666,0.40559895833333337,4.427541255950928,0.7439582347869873,0.7184092998504639,0.5000000596046448,0.6749341090520223
2,72000,0.5034965034965035,23,7,0.75,101,1536,0.4537760416666667,0.5462239583333333,5.121706008911133,1.4381229877471924,1.3946247895558674,0.7499998013178507,1.0124008655548096
2,72000,0.5034965034965035,23,7,0.75,202,1536,0.455078125,0.544921875,5.0881656010945635,1.404582579930623,1.3433369398117065,0.7500001192092896,1.0124013026555378
2,72000,0.5034965034965035,23,7,0.75,303,1536,0.43359375,0.56640625,5.130542914072673,1.4469598929087324,1.3787777423858643,0.7500001589457194,1.01240078608195
2,72000,0.5034965034965035,23,8,0.35,101,1536,0.6881510416666666,0.31184895833333337,4.0820357004801435,0.3984526793162031,0.38182870546976727,0.3499999741713206,0.5656428337097168
2,72000,0.5034965034965035,23,8,0.35,202,1536,0.7083333333333334,0.29166666666666663,4.088565190633138,0.4049821694691973,0.38185309370358783,0.34999990463256836,0.5656425754229227
2,72000,0.5034965034965035,23,8,0.35,303,1536,0.7063802083333334,0.29361979166666663,4.057225942611694,0.3736429214477539,0.36458773414293927,0.35000001390775043,0.5656421979268392
2,72000,0.5034965034965035,23,8,0.5,101,1536,0.5911458333333334,0.40885416666666663,4.41333023707072,0.7297472159067793,0.6903298298517863,0.49999966224034625,0.8080611824989319
2,72000,0.5034965034965035,23,8,0.5,202,1536,0.6061197916666666,0.39388020833333337,4.424554030100505,0.7409710089365644,0.690665046374003,0.5000002185503641,0.8080616195996603
2,72000,0.5034965034965035,23,8,0.5,303,1536,0.6061197916666666,0.39388020833333337,4.385364691416423,0.7017816702524824,0.6652535200119019,0.49999993046124774,0.8080617586771647
2,72000,0.5034965034965035,23,8,0.75,101,1536,0.4537760416666667,0.5462239583333333,5.074723402659099,1.3911403814951582,1.3142618735631306,0.7500003576278687,1.2120933135350545
2,72000,0.5034965034965035,23,8,0.75,202,1536,0.4694010416666667,0.5305989583333333,5.084021886189778,1.400438865025838,1.3033164342244465,0.7499995628992716,1.2120902140935261
2,72000,0.5034965034965035,23,8,0.75,303,1536,0.44921875,0.55078125,5.061176458994548,1.3775934378306074,1.2833057641983032,0.7499997218449911,1.2120919624964397
2,72000,0.5034965034965035,23,9,0.35,101,1536,0.7115885416666666,0.28841145833333337,4.03363561630249,0.3500525951385498,0.33931512633959454,0.34999996423721313,0.6813838879267374
2,72000,0.5034965034965035,23,9,0.35,202,1536,0.73046875,0.26953125,4.037296136220296,0.3537131150563555,0.3286120394865672,0.3499998152256012,0.6813836892445883
2,72000,0.5034965034965035,23,9,0.35,303,1536,0.7005208333333334,0.29947916666666663,4.027371486028035,0.34378846486409476,0.3293704291184743,0.3499997754891713,0.6813833117485046
2,72000,0.5034965034965035,23,9,0.5,101,1536,0.6067708333333334,0.39322916666666663,4.32122262318929,0.6376396020253496,0.6092985073725382,0.5000004172325134,0.9734062353769938
2,72000,0.5034965034965035,23,9,0.5,202,1536,0.625,0.375,4.316211064656575,0.6326280434926348,0.5882080396016439,0.4999998410542806,0.9734048446019491
2,72000,0.5034965034965035,23,9,0.5,303,1536,0.607421875,0.392578125,4.315853754679362,0.6322707335154218,0.5955209732055664,0.5000000397364298,0.9734057784080505
2,72000,0.5034965034965035,23,9,0.75,101,1536,0.4700520833333333,0.5299479166666667,4.898375670115153,1.2147926489512129,1.150777816772461,0.7500001589457194,1.4601083993911743
2,72000,0.5034965034965035,23,9,0.75,202,1536,0.4720052083333333,0.5279947916666667,4.878597895304362,1.1950148741404218,1.1228670080502827,0.7499998807907104,1.4601089159647624
2,72000,0.5034965034965035,23,9,0.75,303,1536,0.462890625,0.537109375,4.915034770965576,1.2314517498016357,1.1472193400065105,0.7499999006589254,1.4601088364919026
2,72000,0.5034965034965035,23,10,0.35,101,1536,0.71875,0.28125,3.976174275080363,0.2925912539164224,0.2732548515001933,0.3499998450279236,0.8238341410954794
2,72000,0.5034965034965035,23,10,0.35,202,1536,0.701171875,0.298828125,3.936185677846273,0.2526026566823325,0.283990482489268,0.350000262260437,0.8238352537155151
2,72000,0.5034965034965035,23,10,0.35,303,1536,0.7109375,0.2890625,3.982927083969116,0.2993440628051758,0.27863099177678424,0.35000057021776837,0.8238360285758972
2,72000,0.5034965034965035,23,10,0.5,101,1536,0.6263020833333334,0.37369791666666663,4.234035491943359,0.550452470779419,0.5110428134600321,0.49999956289927167,1.1769055525461833
2,72000,0.5034965034965035,23,10,0.5,202,1536,0.6100260416666666,0.38997395833333337,4.187647819519043,0.5040647983551025,0.5303948720296224,0.4999999701976776,1.1769059499104817
2,72000,0.5034965034965035,23,10,0.5,303,1536,0.615234375,0.384765625,4.243249575297038,0.5596665541330976,0.524660607179006,0.5000001887480418,1.1769066254297893
2,72000,0.5034965034965035,23,10,0.75,101,1536,0.48828125,0.51171875,4.7810564041137695,1.097473382949829,1.0253809889157612,0.7500005563100179,1.7653607924779255
2,72000,0.5034965034965035,23,10,0.75,202,1536,0.4778645833333333,0.5221354166666667,4.724499861399333,1.0409168402353925,1.0562547445297241,0.7500002384185791,1.765360951423645
2,72000,0.5034965034965035,23,10,0.75,303,1536,0.490234375,0.509765625,4.789415200551351,1.1058321793874102,1.0430139700571697,0.7500003774960836,1.7653611501057942
2,72000,0.5034965034965035,37,1,0.35,101,1536,0.783203125,0.216796875,3.850825548171997,0.1321934064229331,0.13519698878129324,0.3500000834465027,0.27872568368911743
2,72000,0.5034965034965035,37,1,0.35,202,1536,0.7526041666666666,0.24739583333333337,3.8494904041290283,0.13085826237996434,0.1396958827972412,0.3499999741713206,0.27872559428215027
2,72000,0.5034965034965035,37,1,0.35,303,1536,0.7962239583333334,0.20377604166666663,3.870132843653361,0.15150070190429688,0.13554629683494568,0.3500001033147176,0.27872568368911743
2,72000,0.5034965034965035,37,1,0.5,101,1536,0.673828125,0.326171875,4.065005620320638,0.34637347857157375,0.34287280837694806,0.4999998410542806,0.3981793522834778
2,72000,0.5034965034965035,37,1,0.5,202,1536,0.6653645833333334,0.33463541666666663,4.062189340591431,0.3435571988423667,0.3513061801592509,0.5000003576278687,0.39817969004313153
2,72000,0.5034965034965035,37,1,0.5,303,1536,0.671875,0.328125,4.082664489746094,0.36403234799702977,0.3408857087294261,0.49999990065892536,0.3981793224811554
2,72000,0.5034965034965035,37,1,0.75,101,1536,0.4759114583333333,0.5240885416666667,4.799660841623942,1.0810286998748784,1.0845071872075398,0.75,0.5972691377003988
2,72000,0.5034965034965035,37,1,0.75,202,1536,0.46484375,0.53515625,4.810333887736003,1.091701745986939,1.0921167929967244,0.7499999403953552,0.5972691774368286
2,72000,0.5034965034965035,37,1,0.75,303,1536,0.4778645833333333,0.5221354166666667,4.824578921000163,1.105946779251099,1.0830343961715698,0.749999483426412,0.5972687800725301
2,72000,0.5034965034965035,37,2,0.35,101,1536,0.7701822916666666,0.22981770833333337,3.849172830581665,0.13054068883260106,0.1495854059855143,0.34999995430310565,0.3143298029899597
2,72000,0.5034965034965035,37,2,0.35,202,1536,0.7688802083333334,0.23111979166666663,3.8827821413675943,0.16414999961853027,0.15169099966684976,0.3500000635782878,0.31432992219924927
2,72000,0.5034965034965035,37,2,0.35,303,1536,0.7838541666666666,0.21614583333333337,3.8822220166524253,0.1635898749033613,0.159907857577006,0.34999994436899823,0.3143297036488851
2,72000,0.5034965034965035,37,2,0.5,101,1536,0.658203125,0.341796875,4.0587897300720215,0.3401575883229575,0.3645581603050232,0.49999945362408954,0.4490421811739604
2,72000,0.5034965034965035,37,2,0.5,202,1536,0.6588541666666666,0.34114583333333337,4.0994954109191895,0.3808632691701255,0.3608868320782979,0.49999988079071045,0.44904274741808575
2,72000,0.5034965034965035,37,2,0.5,303,1536,0.673828125,0.326171875,4.0954023996988935,0.37677025794982955,0.3677810827891032,0.5000002582867941,0.44904301563898724
2,72000,0.5034965034965035,37,2,0.75,101,1536,0.484375,0.515625,4.759658177693685,1.0410260359446206,1.0742286046346028,0.7499995231628418,0.673563559850057
2,72000,0.5034965034965035,37,2,0.75,202,1536,0.4694010416666667,0.5305989583333333,4.847509384155273,1.1288772424062095,1.0892127354939778,0.7499995827674866,0.6735635797182719
2,72000,0.5034965034965035,37,2,0.75,303,1536,0.4694010416666667,0.5305989583333333,4.784593423207601,1.0659612814585366,1.051359474658966,0.7500002582867941,0.6735642155011495
2,72000,0.5034965034965035,37,3,0.35,101,1536,0.62890625,0.37109375,4.272562185923259,0.5539300441741948,0.5606609384218851,0.34999996423721313,0.3796440164248149
2,72000,0.5034965034965035,37,3,0.35,202,1536,0.6243489583333334,0.37565104166666663,4.320733706156413,0.6021015644073491,0.5530893405278524,0.3499995867411296,0.3796431024869283
2,72000,0.5034965034965035,37,3,0.35,303,1536,0.630859375,0.369140625,4.287445545196533,0.5688134034474692,0.5601379076639811,0.34999993443489075,0.37964367866516113
2,72000,0.5034965034965035,37,3,0.5,101,1536,0.494140625,0.505859375,4.820421854654948,1.1017897129058842,1.0989341934521992,0.49999962250391644,0.5423482656478882
2,72000,0.5034965034965035,37,3,0.5,202,1536,0.4928385416666667,0.5071614583333333,4.908644835154216,1.1900126934051518,1.1205364068349202,0.4999995529651642,0.5423482259114584
2,72000,0.5034965034965035,37,3,0.5,303,1536,0.4915364583333333,0.5084635416666667,4.862736860911052,1.1441047191619877,1.1131810545921326,0.49999990065892536,0.5423482060432434
2,72000,0.5034965034965035,37,3,0.75,101,1536,0.3053385416666667,0.6946614583333333,5.962998231252034,2.2443660895029702,2.242828289667765,0.7499999602635702,0.8135218620300293
2,72000,0.5034965034965035,37,3,0.75,202,1536,0.3125,0.6875,6.139208952585856,2.4205768108367924,2.31819478670756,0.7500003178914388,0.8135228157043457
2,72000,0.5034965034965035,37,3,0.75,303,1536,0.2975260416666667,0.7024739583333333,6.107450803120931,2.3888186613718667,2.3364554246266684,0.7500002384185791,0.8135214050610861
2,72000,0.5034965034965035,37,4,0.35,101,1536,0.6321614583333334,0.36783854166666663,4.254808982213338,0.5361768404642739,0.5136889616648356,0.3500001033147176,0.378685603539149
2,72000,0.5034965034965035,37,4,0.35,202,1536,0.6477864583333334,0.35221354166666663,4.239022175470988,0.5203900337219243,0.535622368256251,0.3500005801518758,0.37868653734525043
2,72000,0.5034965034965035,37,4,0.35,303,1536,0.6399739583333334,0.36002604166666663,4.222724596659343,0.5040924549102788,0.5210122664769491,0.3500002324581146,0.3786859114964803
2,72000,0.5034965034965035,37,4,0.5,101,1536,0.5130208333333334,0.48697916666666663,4.727299531300862,1.0086673895517984,0.9760488073031107,0.49999987085660297,0.5409791866938273
2,72000,0.5034965034965035,37,4,0.5,202,1536,0.5162760416666666,0.48372395833333337,4.718484083811442,0.9998519420623784,1.0061022241910298,0.5000003576278687,0.5409794847170512
2,72000,0.5034965034965035,37,4,0.5,303,1536,0.505859375,0.494140625,4.710258324940999,0.9916261831919351,1.001096785068512,0.4999998211860657,0.540979286034902
2,72000,0.5034965034965035,37,4,0.75,101,1536,0.33203125,0.66796875,5.6896006266276045,1.9709684848785405,1.9223771890004475,0.7500002980232239,0.8114695350329081
2,72000,0.5034965034965035,37,4,0.75,202,1536,0.3626302083333333,0.6373697916666667,5.687440554300944,1.9688084125518803,1.9612493515014648,0.7500001986821493,0.8114692568778992
2,72000,0.5034965034965035,37,4,0.75,303,1536,0.3359375,0.6640625,5.689531008402507,1.9708988666534428,1.9685126145680745,0.7500003377596537,0.8114691972732544
2,72000,0.5034965034965035,37,5,0.35,101,1536,0.6764322916666666,0.32356770833333337,4.180901686350505,0.4622695446014409,0.45350776116053265,0.3500005801518758,0.3987607955932617
2,72000,0.5034965034965035,37,5,0.35,202,1536,0.6497395833333334,0.35026041666666663,4.117390791575114,0.39875864982605025,0.4501534601052602,0.3499998152256012,0.3987596829732259
2,72000,0.5034965034965035,37,5,0.35,303,1536,0.6627604166666666,0.33723958333333337,4.208440065383911,0.48980792363484715,0.4902358849843343,0.3499997854232788,0.39876030882199603
2,72000,0.5034965034965035,37,5,0.5,101,1536,0.5696614583333334,0.43033854166666663,4.580973466237386,0.8623413244883218,0.849961539109548,0.49999988079071045,0.56965704758962
2,72000,0.5034965034965035,37,5,0.5,202,1536,0.5481770833333334,0.45182291666666663,4.51228141784668,0.7936492760976157,0.8480504751205444,0.5000002980232239,0.5696588158607483
2,72000,0.5034965034965035,37,5,0.5,303,1536,0.5384114583333334,0.46158854166666663,4.639267921447754,0.9206357796986899,0.9080697894096375,0.5000000596046448,0.5696572661399841
2,72000,0.5034965034965035,37,5,0.75,101,1536,0.4010416666666667,0.5989583333333333,5.375110467274983,1.6564783255259194,1.6364682912826538,0.7500000794728597,0.8544869422912598
2,72000,0.5034965034965035,37,5,0.75,202,1536,0.3990885416666667,0.6009114583333333,5.306835651397705,1.588203509648641,1.6292483806610107,0.7500002384185791,0.8544868628184
2,72000,0.5034965034965035,37,5,0.75,303,1536,0.3717447916666667,0.6282552083333333,5.434529940287272,1.7158977985382085,1.6806348164876301,0.7500004371007284,0.854488213857015
2,72000,0.5034965034965035,37,6,0.35,101,1536,0.6731770833333334,0.32682291666666663,4.1269480387369795,0.4083158969879155,0.410875270764033,0.34999992450078327,0.4174545307954152
2,72000,0.5034965034965035,37,6,0.35,202,1536,0.654296875,0.345703125,4.167622089385986,0.44898994763692235,0.459029088417689,0.34999994436899823,0.4174550175666809
2,72000,0.5034965034965035,37,6,0.35,303,1536,0.6842447916666666,0.31575520833333337,4.168179194132487,0.4495470523834233,0.41592397292455036,0.35000020265579224,0.41745443145434064
2,72000,0.5034965034965035,37,6,0.5,101,1536,0.5618489583333334,0.43815104166666663,4.491739908854167,0.773107767105103,0.756734828154246,0.5000003973642985,0.596363385518392
2,72000,0.5034965034965035,37,6,0.5,202,1536,0.5397135416666666,0.46028645833333337,4.575454394022624,0.85682225227356,0.8518605629603068,0.5000003973642985,0.5963631868362427
2,72000,0.5034965034965035,37,6,0.5,303,1536,0.5833333333333334,0.41666666666666663,4.534420013427734,0.8157878716786704,0.7610393961270651,0.5000001192092896,0.5963634848594666
2,72000,0.5034965034965035,37,6,0.75,101,1536,0.4114583333333333,0.5885416666666667,5.1781431833903,1.4595110416412358,1.407887061436971,0.7500004172325134,0.8945460518201193
2,72000,0.5034965034965035,37,6,0.75,202,1536,0.39453125,0.60546875,5.310323238372803,1.5916910966237388,1.5752862294514973,0.7500003576278687,0.8945456743240356
2,72000,0.5034965034965035,37,6,0.75,303,1536,0.431640625,0.568359375,5.203190326690674,1.4845581849416098,1.4051181475321453,0.7500003576278687,0.8945460518201193
2,72000,0.5034965034965035,37,7,0.35,101,1536,0.7005208333333334,0.29947916666666663,4.112814664840698,0.39418252309163426,0.37641584873199463,0.3500001132488251,0.47027109066645306
2,72000,0.5034965034965035,37,7,0.35,202,1536,0.6842447916666666,0.31575520833333337,4.122148831685384,0.40351668993631984,0.4029376407464345,0.3499998152256012,0.4702702860037486
2,72000,0.5034965034965035,37,7,0.35,303,1536,0.6848958333333334,0.31510416666666663,4.0947911739349365,0.37615903218587254,0.3935023844242096,0.3499995668729146,0.47027043501536053
2,72000,0.5034965034965035,37,7,0.5,101,1536,0.5826822916666666,0.41731770833333337,4.467193444569905,0.7485613028208413,0.7141487995783488,0.5000000695387522,0.671816885471344
2,72000,0.5034965034965035,37,7,0.5,202,1536,0.5651041666666666,0.43489583333333337,4.476942539215088,0.7583103974660239,0.7452943523724874,0.5000003774960836,0.6718158920605978
2,72000,0.5034965034965035,37,7,0.5,303,1536,0.5716145833333334,0.42838541666666663,4.448880672454834,0.73024853070577,0.7324108282725016,0.49999990065892536,0.6718160112698873
2,72000,0.5034965034965035,37,7,0.75,101,1536,0.4205729166666667,0.5794270833333333,5.171945571899414,1.45331343015035,1.3964104255040486,0.7499997019767761,1.0077232718467712
2,72000,0.5034965034965035,37,7,0.75,202,1536,0.412109375,0.587890625,5.166932106018066,1.4482999642690024,1.419913609822591,0.7499998807907104,1.0077220797538757
2,72000,0.5034965034965035,37,7,0.75,303,1536,0.4290364583333333,0.5709635416666667,5.159167448679606,1.4405353069305424,1.4153894583384197,0.75,1.0077231129010518
2,72000,0.5034965034965035,37,8,0.35,101,1536,0.6881510416666666,0.31184895833333337,4.097799619038899,0.37916747728983546,0.38302629192670185,0.3500007490317027,0.5610695083936056
2,72000,0.5034965034965035,37,8,0.35,202,1536,0.6920572916666666,0.30794270833333337,4.067469437917073,0.3488372961680093,0.37332617243131,0.3500002324581146,0.5610686540603638
2,72000,0.5034965034965035,37,8,0.35,303,1536,0.6868489583333334,0.31315104166666663,4.0943357944488525,0.37570365269978856,0.3951752682526906,0.35000009338061017,0.5610681176185608
2,72000,0.5034965034965035,37,8,0.5,101,1536,0.5859375,0.4140625,4.426923592885335,0.708291451136271,0.7119918068250021,0.49999959270159405,0.8015249172846476
2,72000,0.5034965034965035,37,8,0.5,202,1536,0.5911458333333334,0.40885416666666663,4.373729467391968,0.6550973256429038,0.6783311565717062,0.4999993642171224,0.8015242218971252
2,72000,0.5034965034965035,37,8,0.5,303,1536,0.5859375,0.4140625,4.409326076507568,0.6906939347585044,0.7086826960245768,0.49999961256980896,0.8015258312225342
2,72000,0.5034965034965035,37,8,0.75,101,1536,0.439453125,0.560546875,5.0820380846659345,1.3634059429168706,1.3752777973810832,0.7499997417132059,1.2022885084152222
2,72000,0.5034965034965035,37,8,0.75,202,1536,0.4440104166666667,0.5559895833333333,4.999953587849935,1.2813214461008706,1.2998361190160115,0.7500002185503641,1.2022902568181355
2,72000,0.5034965034965035,37,8,0.75,303,1536,0.4283854166666667,0.5716145833333333,5.042696952819824,1.3240648110707602,1.338500181833903,0.7500003178914388,1.2022907336552937
2,72000,0.5034965034965035,37,9,0.35,101,1536,0.701171875,0.298828125,4.056561231613159,0.3379290898640952,0.32313782970110577,0.3500004808108012,0.6748131712277731
2,72000,0.5034965034965035,37,9,0.35,202,1536,0.7076822916666666,0.29231770833333337,4.015255610148112,0.2966234683990483,0.3230750262737274,0.34999992450078327,0.6748124957084656
2,72000,0.5034965034965035,37,9,0.35,303,1536,0.6848958333333334,0.31510416666666663,4.031230767567952,0.3125986258188882,0.34448809425036114,0.35000009338061017,0.6748121579488119
2,72000,0.5034965034965035,37,9,0.5,101,1536,0.5904947916666666,0.40950520833333337,4.335330963134766,0.6166988213857016,0.6016136010487875,0.5000002185503641,0.9640180468559265
2,72000,0.5034965034965035,37,9,0.5,202,1536,0.5904947916666666,0.40950520833333337,4.2831729253133135,0.5645407835642495,0.5948807001113892,0.5000000397364298,0.9640171925226847
2,72000,0.5034965034965035,37,9,0.5,303,1536,0.5930989583333334,0.40690104166666663,4.308044354120891,0.5894122123718266,0.6303882996241251,0.49999966224034625,0.9640163580576578
2,72000,0.5034965034965035,37,9,0.75,101,1536,0.4485677083333333,0.5514322916666667,4.911133289337158,1.1925011475880942,1.1800101200739543,0.7499994436899821,1.4460253318150837
2,72000,0.5034965034965035,37,9,0.75,202,1536,0.4583333333333333,0.5416666666666667,4.850507895151774,1.1318757534027104,1.1588675181070964,0.7500002384185791,1.4460268020629883
2,72000,0.5034965034965035,37,9,0.75,303,1536,0.4498697916666667,0.5501302083333333,4.865303834279378,1.146671692530314,1.204806645711263,0.7500001192092896,1.446026881535848
2,72000,0.5034965034965035,37,10,0.35,101,1536,0.7220052083333334,0.27799479166666663,3.9768542448679605,0.2582221031188965,0.27220073342323303,0.34999988476435345,0.8193083802858988
2,72000,0.5034965034965035,37,10,0.35,202,1536,0.7115885416666666,0.28841145833333337,3.9758145014444985,0.25718235969543457,0.2806439797083537,0.35000046094258624,0.8193100094795227
2,72000,0.5034965034965035,37,10,0.35,303,1536,0.70703125,0.29296875,3.95866592725118,0.24003378550211618,0.2805873950322469,0.35000039140383404,0.8193097909291586
2,72000,0.5034965034965035,37,10,0.5,101,1536,0.6223958333333334,0.37760416666666663,4.211481889088948,0.4928497473398843,0.5119262834390005,0.49999980131785077,1.170440435409546
2,72000,0.5034965034965035,37,10,0.5,202,1536,0.5950520833333334,0.40494791666666663,4.218927383422852,0.5002952416737876,0.5288984974225363,0.5000002086162567,1.1704419453938801
2,72000,0.5034965034965035,37,10,0.5,303,1536,0.609375,0.390625,4.199493408203125,0.480861266454061,0.527063230673472,0.5000002483526865,1.1704415082931519
2,72000,0.5034965034965035,37,10,0.75,101,1536,0.4817708333333333,0.5182291666666667,4.7259542147318525,1.0073220729827885,1.0347730318705242,0.7500002384185791,1.7556623617808025
2,72000,0.5034965034965035,37,10,0.75,202,1536,0.4544270833333333,0.5455729166666667,4.749231338500977,1.0305991967519126,1.0629047552744548,0.7500003377596537,1.7556626399358113
2,72000,0.5034965034965035,37,10,0.75,303,1536,0.4694010416666667,0.5305989583333333,4.730672995249431,1.0120408535003667,1.0641769568125408,0.7499999205271403,1.7556612094243367
2,143000,1.0,11,1,0.35,101,1536,0.7721354166666666,0.22786458333333337,3.845893065134684,0.1324020226796465,0.14326273401578268,0.3499997357527415,0.13985086977481842
2,143000,1.0,11,1,0.35,202,1536,0.7578125,0.2421875,3.863711357116699,0.15022031466166164,0.15900900959968567,0.34999985496203107,0.13985088964303335
2,143000,1.0,11,1,0.35,303,1536,0.7630208333333334,0.23697916666666663,3.8722538153330484,0.15876277287801077,0.15703517695267996,0.34999994436899823,0.13985092441240946
2,143000,1.0,11,1,0.5,101,1536,0.66796875,0.33203125,4.051227410634358,0.33773636817932084,0.3482285737991333,0.4999997913837433,0.19978699584801993
2,143000,1.0,11,1,0.5,202,1536,0.6497395833333334,0.35026041666666663,4.099620342254639,0.3861292997996011,0.3773067792256673,0.4999995231628418,0.19978687663873038
2,143000,1.0,11,1,0.5,303,1536,0.6634114583333334,0.33658854166666663,4.106192111968994,0.39270106951395656,0.37384795149167377,0.4999997814496358,0.1997869908809662
2,143000,1.0,11,1,0.75,101,1536,0.4713541666666667,0.5286458333333333,4.782608509063721,1.0691174666086831,1.0442184805870056,0.7499998807907104,0.29968059062957764
2,143000,1.0,11,1,0.75,202,1536,0.4596354166666667,0.5403645833333333,4.851846694946289,1.1383556524912515,1.09933602809906,0.7500001390775045,0.2996807297070821
2,143000,1.0,11,1,0.75,303,1536,0.4557291666666667,0.5442708333333333,4.849368413289388,1.1358773708343501,1.0852575302124023,0.7500003973642985,0.29968078931172687
2,143000,1.0,11,2,0.35,101,1536,0.7395833333333334,0.26041666666666663,3.921989679336548,0.20849863688151027,0.20637938380241394,0.3499998450279236,0.16135413448015848
2,143000,1.0,11,2,0.35,202,1536,0.73828125,0.26171875,3.9219584465026855,0.20846740404764796,0.19384126861890158,0.35000015298525494,0.1613541543483734
2,143000,1.0,11,2,0.35,303,1536,0.7473958333333334,0.25260416666666663,3.943211396535238,0.2297203540802002,0.20925425986448923,0.35000009338061017,0.16135413944721222
2,143000,1.0,11,2,0.5,101,1536,0.6328125,0.3671875,4.175703366597493,0.4622123241424556,0.4543114999930064,0.5000003576278687,0.230506161848704
2,143000,1.0,11,2,0.5,202,1536,0.6412760416666666,0.35872395833333337,4.170841693878174,0.45735065142313625,0.428495059410731,0.49999988079071045,0.23050591349601746
2,143000,1.0,11,2,0.5,303,1536,0.6419270833333334,0.35807291666666663,4.202126502990723,0.4886354605356851,0.4587440590063731,0.49999985098838806,0.23050589362780252
2,143000,1.0,11,2,0.75,101,1536,0.4231770833333333,0.5768229166666667,4.9564634958903,1.2429724534352622,1.212604284286499,0.7499997019767761,0.3457589348157247
2,143000,1.0,11,2,0.75,202,1536,0.4563802083333333,0.5436197916666667,4.932092984517415,1.2186019420623775,1.1740995645523071,0.750000019868215,0.3457590937614441
2,143000,1.0,11,2,0.75,303,1536,0.4381510416666667,0.5618489583333333,5.023582935333252,1.3100918928782144,1.2597890694936116,0.7500004371007284,0.34575892488161725
2,143000,1.0,11,3,0.35,101,1536,0.6263020833333334,0.37369791666666663,4.322728792826335,0.6092377503712973,0.6023975610733032,0.3499997854232788,0.20097900927066803
2,143000,1.0,11,3,0.35,202,1536,0.5970052083333334,0.40299479166666663,4.376154104868571,0.6626630624135337,0.6483866572380066,0.34999966621398926,0.20097866157690683
2,143000,1.0,11,3,0.35,303,1536,0.6041666666666666,0.39583333333333337,4.332691351572673,0.6192003091176352,0.6038583517074585,0.35000036160151166,0.20097878575325012
2,143000,1.0,11,3,0.5,101,1536,0.4837239583333333,0.5162760416666667,4.975577513376872,1.2620864709218345,1.2231538693110149,0.5000001986821493,0.2871125837167104
2,143000,1.0,11,3,0.5,202,1536,0.4609375,0.5390625,5.095693429311116,1.3822023868560787,1.319981853167216,0.499999741713206,0.28711273272832233
2,143000,1.0,11,3,0.5,303,1536,0.4635416666666667,0.5364583333333333,4.976972738901774,1.2634816964467368,1.2243698835372925,0.49999996026357013,0.2871129810810089
2,143000,1.0,11,3,0.75,101,1536,0.2877604166666667,0.7122395833333333,6.358293215433757,2.6448021729787192,2.5306538740793862,0.7500002582867941,0.43066882093747455
2,143000,1.0,11,3,0.75,202,1536,0.263671875,0.736328125,6.56863530476888,2.8551442623138423,2.7132914066314697,0.7499997218449911,0.43066850304603577
2,143000,1.0,11,3,0.75,303,1536,0.2649739583333333,0.7350260416666667,6.276198863983154,2.5627078215281167,2.4920875231424966,0.7500000794728597,0.43066872159639996
2,143000,1.0,11,4,0.35,101,1536,0.619140625,0.380859375,4.2782877286275225,0.5647966861724849,0.5490524371465048,0.3500002324581146,0.20382298032442728
2,143000,1.0,11,4,0.35,202,1536,0.63671875,0.36328125,4.230931917826335,0.5174408753712973,0.5750920176506042,0.34999991456667584,0.2038226773341497
2,143000,1.0,11,4,0.35,303,1536,0.5970052083333334,0.40299479166666663,4.3097513516743975,0.5962603092193599,0.5692162911097208,0.34999971588452655,0.20382225016752878
2,143000,1.0,11,4,0.5,101,1536,0.4830729166666667,0.5169270833333333,4.818374315897624,1.1048832734425864,1.067229191462199,0.5000004967053732,0.29117487867673236
2,143000,1.0,11,4,0.5,202,1536,0.5026041666666666,0.49739583333333337,4.759119828542073,1.0456287860870357,1.1046496033668518,0.5000002980232239,0.29117558399836224
2,143000,1.0,11,4,0.5,303,1536,0.474609375,0.525390625,4.868899981180827,1.1554089387257895,1.1111080646514893,0.49999991059303284,0.2911754846572876
2,143000,1.0,11,4,0.75,101,1536,0.3079427083333333,0.6920572916666667,5.908351898193359,2.194860855738322,2.1109461784362793,0.7499999403953552,0.4367630084355672
2,143000,1.0,11,4,0.75,202,1536,0.3138020833333333,0.6861979166666667,5.833425362904866,2.1199343204498287,2.1407225926717124,0.7499997814496359,0.43676281968752545
2,143000,1.0,11,4,0.75,303,1536,0.3072916666666667,0.6927083333333333,5.975396951039632,2.2619059085845943,2.1820387840270996,0.7499999403953552,0.4367634455362956
2,143000,1.0,11,5,0.35,101,1536,0.6634114583333334,0.33658854166666663,4.191076755523682,0.47758571306864406,0.4669247567653656,0.3500000536441803,0.21688519418239594
2,143000,1.0,11,5,0.35,202,1536,0.662109375,0.337890625,4.148560365041097,0.4350693225860591,0.45335741837819415,0.35000015298525494,0.21688626209894815
2,143000,1.0,11,5,0.35,303,1536,0.650390625,0.349609375,4.221565246582031,0.5080742041269937,0.47919098536173504,0.3500000735123952,0.21688581506411234
2,143000,1.0,11,5,0.5,101,1536,0.5247395833333334,0.47526041666666663,4.645084540049235,0.9315934975941977,0.898958663145701,0.49999990065892536,0.30983694394429523
2,143000,1.0,11,5,0.5,202,1536,0.5260416666666666,0.47395833333333337,4.587163925170898,0.8736728827158609,0.8695373932520548,0.5,0.3098372220993042
2,143000,1.0,11,5,0.5,303,1536,0.5345052083333334,0.46549479166666663,4.685980637868245,0.9724895954132076,0.9073169628779093,0.5000001986821493,0.30983656644821167
2,143000,1.0,11,5,0.75,101,1536,0.3489583333333333,0.6510416666666667,5.600058237711589,1.8865671952565513,1.7900137106577556,0.7499997615814209,0.4647553066412608
2,143000,1.0,11,5,0.75,202,1536,0.3515625,0.6484375,5.5574618975321455,1.843970855077108,1.7709335883458455,0.7499995628992716,0.4647543728351593
2,143000,1.0,11,5,0.75,303,1536,0.359375,0.640625,5.617492198944092,1.9040011564890542,1.782784382502238,0.7500005960464478,0.46475547552108765
2,143000,1.0,11,6,0.35,101,1536,0.6634114583333334,0.33658854166666663,4.1148451169331866,0.40135407447814897,0.38736995061238605,0.3500000337759654,0.22893508772055307
2,143000,1.0,11,6,0.35,202,1536,0.650390625,0.349609375,4.115477879842122,0.4019868373870845,0.4228554566701253,0.3499998052914937,0.22893451154232025
2,143000,1.0,11,6,0.35,303,1536,0.677734375,0.322265625,4.185948212941487,0.47245717048644975,0.4681849976380666,0.35000046094258624,0.22893481949965158
2,143000,1.0,11,6,0.5,101,1536,0.5553385416666666,0.44466145833333337,4.48982588450114,0.776334842046102,0.7319952448209127,0.4999999801317851,0.3270495931307475
2,143000,1.0,11,6,0.5,202,1536,0.5397135416666666,0.46028645833333337,4.4884928067525225,0.7750017642974849,0.7952910661697388,0.5000004172325134,0.3270500898361206
2,143000,1.0,11,6,0.5,303,1536,0.5768229166666666,0.42317708333333337,4.6155781745910645,0.9020871321360269,0.862799326578776,0.5000002980232239,0.3270499606927236
2,143000,1.0,11,6,0.75,101,1536,0.3828125,0.6171875,5.339009920756022,1.6255188783009848,1.5170268217722576,0.7500001986821493,0.4905746281147003
2,143000,1.0,11,6,0.75,202,1536,0.3802083333333333,0.6197916666666667,5.306163469950358,1.5926724274953208,1.570699691772461,0.7500001589457194,0.49057435989379883
2,143000,1.0,11,6,0.75,303,1536,0.400390625,0.599609375,5.461442788441976,1.747951745986938,1.664647897084554,0.7500006357828776,0.4905743698279063
2,143000,1.0,11,7,0.35,101,1536,0.685546875,0.314453125,4.094340165456136,0.3808491230010982,0.37807971239089966,0.3500003218650818,0.28055380781491596
2,143000,1.0,11,7,0.35,202,1536,0.66796875,0.33203125,4.080530325571696,0.3670392831166587,0.3956657648086548,0.34999994436899823,0.280553936958313
2,143000,1.0,11,7,0.35,303,1536,0.6907552083333334,0.30924479166666663,4.120926062266032,0.4074350198109946,0.39432911078135174,0.35000016291936237,0.2805539568265279
2,143000,1.0,11,7,0.5,101,1536,0.58203125,0.41796875,4.430716355641683,0.7172253131866451,0.7001130779584249,0.4999994436899821,0.40079063177108765
2,143000,1.0,11,7,0.5,202,1536,0.5520833333333334,0.44791666666666663,4.431776523590088,0.7182854811350503,0.7323570648829142,0.5000001390775045,0.40079135696093243
2,143000,1.0,11,7,0.5,303,1536,0.576171875,0.423828125,4.483710130055745,0.7702190876007076,0.7368091543515524,0.5000001887480418,0.400790939728419
2,143000,1.0,11,7,0.75,101,1536,0.4147135416666667,0.5852864583333333,5.172186533610026,1.4586954911549888,1.410517692565918,0.7500000397364298,0.6011869112650553
2,143000,1.0,11,7,0.75,202,1536,0.3951822916666667,0.6048177083333333,5.182853062947591,1.4693620204925533,1.4683024485905964,0.7499996821085612,0.6011868119239807
2,143000,1.0,11,7,0.75,303,1536,0.419921875,0.580078125,5.264602343241374,1.5511113007863364,1.4727455774943035,0.7499999403953552,0.6011860370635986
2,143000,1.0,11,8,0.35,101,1536,0.69140625,0.30859375,4.067202568054199,0.35371152559916164,0.3478463490804036,0.34999971588452655,0.32271018624305725
2,143000,1.0,11,8,0.35,202,1536,0.697265625,0.302734375,4.083011468251546,0.36952042579650834,0.34076476097106934,0.35000016291936237,0.3227103352546692
2,143000,1.0,11,8,0.35,303,1536,0.6868489583333334,0.31315104166666663,4.040461381276448,0.3269703388214107,0.3422437111536662,0.3500000536441803,0.3227103153864543
2,143000,1.0,11,8,0.5,101,1536,0.5729166666666666,0.42708333333333337,4.397809187571208,0.6843181451161704,0.6572025616963705,0.5000003576278687,0.46101486682891846
2,143000,1.0,11,8,0.5,202,1536,0.5872395833333334,0.41276041666666663,4.411411285400391,0.697920242945353,0.6424732605616251,0.49999986092249554,0.4610140224297841
2,143000,1.0,11,8,0.5,303,1536,0.583984375,0.416015625,4.355669180552165,0.6421781380971274,0.6497839291890463,0.5000001192092896,0.46101489663124084
2,143000,1.0,11,8,0.75,101,1536,0.40625,0.59375,5.14870564142863,1.4352145989735923,1.359968662261963,0.75,0.6915217638015747
2,143000,1.0,11,8,0.75,202,1536,0.4290364583333333,0.5709635416666667,5.1392903327941895,1.4257992903391519,1.321131706237793,0.7500001390775045,0.6915219227472941
2,143000,1.0,11,8,0.75,303,1536,0.4303385416666667,0.5696614583333333,5.094343821207683,1.380852778752645,1.3447877963383992,0.7500000794728597,0.6915223201115926
2,143000,1.0,11,9,0.35,101,1536,0.689453125,0.310546875,4.073822577794393,0.360331535339355,0.34166932106018066,0.35000042120615643,0.366580327351888
2,143000,1.0,11,9,0.35,202,1536,0.7109375,0.2890625,4.022670348485311,0.309179306030273,0.32055698831876117,0.35000017285346985,0.3665789067745209
2,143000,1.0,11,9,0.35,303,1536,0.701171875,0.298828125,4.032177686691284,0.3186866442362466,0.33771337072054547,0.3500005006790161,0.3665795723597209
2,143000,1.0,11,9,0.5,101,1536,0.578125,0.421875,4.393410523732503,0.6799194812774654,0.6402919888496399,0.5000001092751821,0.5236846804618835
2,143000,1.0,11,9,0.5,202,1536,0.615234375,0.384765625,4.307420253753662,0.5939292112986245,0.5974968274434408,0.5000002185503641,0.5236851771672567
2,143000,1.0,11,9,0.5,303,1536,0.587890625,0.412109375,4.335376262664795,0.6218852202097573,0.6280645132064819,0.4999999701976776,0.523684541384379
2,143000,1.0,11,9,0.75,101,1536,0.4309895833333333,0.5690104166666667,5.06478754679362,1.3512965043385825,1.2828377485275269,0.7499999006589254,0.7855269114176432
2,143000,1.0,11,9,0.75,202,1536,0.4427083333333333,0.5572916666666667,4.964464982350667,1.2509739398956294,1.2258845170338948,0.7500004172325134,0.7855270107587179
2,143000,1.0,11,9,0.75,303,1536,0.4127604166666667,0.5872395833333333,4.996335347493489,1.2828443050384517,1.2648889621098836,0.7500002384185791,0.7855268319447836
2,143000,1.0,11,10,0.35,101,1536,0.7154947916666666,0.28450520833333337,4.002601146697998,0.28911010424296046,0.2799417773882548,0.35000001390775043,0.3830852806568146
2,143000,1.0,11,10,0.35,202,1536,0.7018229166666666,0.29817708333333337,4.030853271484375,0.3173622290293374,0.28560983141263324,0.35000025232632953,0.3830859363079071
2,143000,1.0,11,10,0.35,303,1536,0.720703125,0.279296875,4.012318054835002,0.29882701237996434,0.2782695492108663,0.3500000337759654,0.3830856184164683
2,143000,1.0,11,10,0.5,101,1536,0.60546875,0.39453125,4.2460479736328125,0.5325569311777749,0.5172372261683146,0.4999998112519582,0.5472647349039713
2,143000,1.0,11,10,0.5,202,1536,0.6100260416666666,0.38997395833333337,4.293994426727295,0.5805033842722573,0.5295024514198303,0.5000001788139343,0.5472651918729147
2,143000,1.0,11,10,0.5,303,1536,0.6243489583333334,0.37565104166666663,4.272611776987712,0.5591207345326743,0.523337185382843,0.499999741713206,0.5472646355628967
2,143000,1.0,11,10,0.75,101,1536,0.4752604166666667,0.5247395833333333,4.783620675404866,1.0701296329498287,1.0411864519119263,0.7500001390775045,0.8208975593249003
2,143000,1.0,11,10,0.75,202,1536,0.4602864583333333,0.5397135416666667,4.866993109385173,1.1535020669301352,1.0663649638493855,0.7499996026357015,0.8208968838055929
2,143000,1.0,11,10,0.75,303,1536,0.4641927083333333,0.5358072916666667,4.842757225036621,1.1292661825815835,1.0682534376780193,0.7499999602635702,0.8208973209063212
2,143000,1.0,23,1,0.35,101,1536,0.75390625,0.24609375,3.870959997177124,0.18277128537495946,0.16707607607046762,0.35000019272168476,0.13897538681825003
2,143000,1.0,23,1,0.35,202,1536,0.7682291666666666,0.23177083333333337,3.8385672569274902,0.15037854512532567,0.15812158087889353,0.35000044107437134,0.1389754911263784
2,143000,1.0,23,1,0.35,303,1536,0.7552083333333334,0.24479166666666663,3.8590544859568277,0.17086577415466309,0.15978939334551492,0.34999998410542804,0.13897528251012167
2,143000,1.0,23,1,0.5,101,1536,0.6490885416666666,0.35091145833333337,4.083707491556804,0.3955187797546391,0.38149382670720416,0.5000000596046448,0.19853615760803223
2,143000,1.0,23,1,0.5,202,1536,0.6731770833333334,0.32682291666666663,4.053528865178426,0.36534015337626125,0.3628562092781067,0.5000002384185791,0.19853625694910684
2,143000,1.0,23,1,0.5,303,1536,0.6647135416666666,0.33528645833333337,4.069664001464844,0.3814752896626792,0.3716064890225728,0.49999964237213135,0.19853601356347403
2,143000,1.0,23,1,0.75,101,1536,0.4934895833333333,0.5065104166666667,4.786111036936442,1.0979223251342778,1.0548802415529888,0.7500003377596537,0.2978043258190155
2,143000,1.0,23,1,0.75,202,1536,0.4947916666666667,0.5052083333333333,4.730116526285808,1.041927814483643,1.0160353581110637,0.7499992847442627,0.29780394832293194
2,143000,1.0,23,1,0.75,303,1536,0.482421875,0.517578125,4.785432815551758,1.0972441037495932,1.058633804321289,0.7500000993410746,0.29780425628026325
2,143000,1.0,23,2,0.35,101,1536,0.7506510416666666,0.24934895833333337,3.8873089949289956,0.19912028312683105,0.20064758757750192,0.3499998052914937,0.16034414867560068
2,143000,1.0,23,2,0.35,202,1536,0.7526041666666666,0.24739583333333337,3.881819009780884,0.19363029797871922,0.20583807428677878,0.35000022252400714,0.1603444665670395
2,143000,1.0,23,2,0.35,303,1536,0.73828125,0.26171875,3.9022673765818277,0.21407866477966309,0.2145348091920217,0.3499998946984609,0.16034426788489023
2,143000,1.0,23,2,0.5,101,1536,0.6477864583333334,0.35221354166666663,4.140697479248047,0.4525087674458823,0.43898044029871625,0.5,0.2290632724761963
2,143000,1.0,23,2,0.5,202,1536,0.6419270833333334,0.35807291666666663,4.134376446406047,0.4461877346038823,0.45063647627830505,0.5000000099341074,0.22906329731146494
2,143000,1.0,23,2,0.5,303,1536,0.65625,0.34375,4.161169370015462,0.4729806582132974,0.46134500702222186,0.4999993046124776,0.22906292974948883
2,143000,1.0,23,2,0.75,101,1536,0.4791666666666667,0.5208333333333333,4.908583323160808,1.220394611358643,1.1637643575668335,0.7499995827674866,0.34359469016393024
2,143000,1.0,23,2,0.75,202,1536,0.4622395833333333,0.5377604166666667,4.923969109853108,1.2357803980509439,1.1986119349797566,0.7500001986821493,0.3435950775941213
2,143000,1.0,23,2,0.75,303,1536,0.4674479166666667,0.5325520833333333,4.924798011779785,1.2366092999776206,1.1994532942771912,0.7499998807907104,0.3435950775941213
2,143000,1.0,23,3,0.35,101,1536,0.5989583333333334,0.40104166666666663,4.339204629262288,0.6510159174601235,0.6358620723088583,0.35000040133794147,0.19982210795084634
2,143000,1.0,23,3,0.35,202,1536,0.61328125,0.38671875,4.346882025400798,0.6586933135986333,0.6193487644195557,0.35000017285346985,0.1998219092686971
2,143000,1.0,23,3,0.35,303,1536,0.607421875,0.392578125,4.3438371022542315,0.6556483904520669,0.6622084975242615,0.35000043114026386,0.1998220831155777
2,143000,1.0,23,3,0.5,101,1536,0.4661458333333333,0.5338541666666667,4.982676029205322,1.2944873174031577,1.2525028387705486,0.5000000794728597,0.2854599853356679
2,143000,1.0,23,3,0.5,202,1536,0.490234375,0.509765625,4.92533540725708,1.2371466954549155,1.1926642656326294,0.5000003576278687,0.2854604125022888
2,143000,1.0,23,3,0.5,303,1536,0.474609375,0.525390625,5.005051294962565,1.3168625831604008,1.2996143102645874,0.5000003973642985,0.2854602535565694
2,143000,1.0,23,3,0.75,101,1536,0.2975260416666667,0.7024739583333333,6.2862504323323565,2.598061720530192,2.5039169788360596,0.7500005761782328,0.4281901518503825
2,143000,1.0,23,3,0.75,202,1536,0.3157552083333333,0.6842447916666667,6.189157168070476,2.500968456268311,2.410380999247233,0.7499995231628418,0.42818930745124817
2,143000,1.0,23,3,0.75,303,1536,0.3040364583333333,0.6959635416666667,6.335675557454427,2.647486845652262,2.5672672589619956,0.7500000794728597,0.4281901816527049
2,143000,1.0,23,4,0.35,101,1536,0.6263020833333334,0.37369791666666663,4.2386259237925215,0.5504372119903569,0.5697274605433146,0.34999991456667584,0.2028650144735972
2,143000,1.0,23,4,0.35,202,1536,0.6315104166666666,0.36848958333333337,4.2803653081258135,0.5921765963236489,0.5750640134016672,0.3500001033147176,0.20286491016546884
2,143000,1.0,23,4,0.35,303,1536,0.6106770833333334,0.38932291666666663,4.279315153757731,0.5911264419555669,0.6428393522898356,0.3500000536441803,0.20286492009957632
2,143000,1.0,23,4,0.5,101,1536,0.5084635416666666,0.49153645833333337,4.7368699709574384,1.0486812591552739,1.0563345948855083,0.4999998112519582,0.28980685273806256
2,143000,1.0,23,4,0.5,202,1536,0.49609375,0.50390625,4.841001510620117,1.1528127988179526,1.1061395804087322,0.5000000894069672,0.2898075183232625
2,143000,1.0,23,4,0.5,303,1536,0.484375,0.515625,4.869566599527995,1.1813778877258305,1.2179701725641887,0.5000001589457194,0.2898071805636088
2,143000,1.0,23,4,0.75,101,1536,0.3450520833333333,0.6549479166666667,5.763853708902995,2.0756649971008305,2.042989174524943,0.7499998410542806,0.43471015493075055
2,143000,1.0,23,4,0.75,202,1536,0.30859375,0.69140625,5.998096942901611,2.3099082310994468,2.2065864404042563,0.7500001589457194,0.4347105622291565
2,143000,1.0,23,4,0.75,303,1536,0.3125,0.6875,6.096424420674642,2.408235708872477,2.410440444946289,0.7500002185503641,0.434710830450058
2,143000,1.0,23,5,0.35,101,1536,0.625,0.375,4.160874525705974,0.47268581390380904,0.4994136691093445,0.34999993443489075,0.2175683081150055
2,143000,1.0,23,5,0.35,202,1536,0.65234375,0.34765625,4.1488566398620605,0.460667928059896,0.49349573254585266,0.3500000337759654,0.21756849189599356
2,143000,1.0,23,5,0.35,303,1536,0.6295572916666666,0.37044270833333337,4.210403521855672,0.5222148100535073,0.5098691582679749,0.3499997953573863,0.21756807963053384
2,143000,1.0,23,5,0.5,101,1536,0.5130208333333334,0.48697916666666663,4.609635988871257,0.9214472770690922,0.939549446105957,0.5000000993410746,0.31081195672353107
2,143000,1.0,23,5,0.5,202,1536,0.533203125,0.466796875,4.593512217203776,0.9053235054016118,0.9193799098332723,0.5000001688798269,0.31081236402193707
2,143000,1.0,23,5,0.5,303,1536,0.5201822916666666,0.47981770833333337,4.681629657745361,0.9934409459431968,0.9623324076334635,0.49999988079071045,0.31081171830495197
2,143000,1.0,23,5,0.75,101,1536,0.3580729166666667,0.6419270833333333,5.595954895019531,1.9077661832173667,1.8870176871617634,0.7500003774960836,0.46621890862782794
2,143000,1.0,23,5,0.75,202,1536,0.3802083333333333,0.6197916666666667,5.528659184773763,1.8404704729715982,1.7922857602437336,0.7499995827674866,0.4662175178527832
2,143000,1.0,23,5,0.75,303,1536,0.3619791666666667,0.6380208333333333,5.672626495361328,1.9844377835591636,1.9162603616714478,0.7500004371007284,0.46621885895729065
2,143000,1.0,23,6,0.35,101,1536,0.6497395833333334,0.35026041666666663,4.101541360219319,0.4133526484171548,0.423041711250941,0.3499999940395355,0.2289193868637085
2,143000,1.0,23,6,0.35,202,1536,0.6809895833333334,0.31901041666666663,4.100313504536946,0.41212479273478175,0.42561238010724384,0.35000018278757733,0.22891936202843985
2,143000,1.0,23,6,0.35,303,1536,0.6549479166666666,0.34505208333333337,4.1546556154886884,0.4664669036865239,0.45891720056533813,0.3500000437100728,0.22891934712727866
2,143000,1.0,23,6,0.5,101,1536,0.541015625,0.458984375,4.468606948852539,0.7804182370503745,0.7819743355115255,0.5000000993410746,0.3270288308461507
2,143000,1.0,23,6,0.5,202,1536,0.5670572916666666,0.43294270833333337,4.4380903244018555,0.7499016125996909,0.7697555621465048,0.49999967217445374,0.32702746987342834
2,143000,1.0,23,6,0.5,303,1536,0.525390625,0.474609375,4.5512386957804365,0.8630499839782719,0.8545233011245728,0.5000002483526865,0.3270280361175537
2,143000,1.0,23,6,0.75,101,1536,0.4036458333333333,0.5963541666666667,5.268209298451741,1.5800205866495767,1.542710582415263,0.7499999006589254,0.49054181575775146
2,143000,1.0,23,6,0.75,202,1536,0.423828125,0.576171875,5.169881502787272,1.4816927909851079,1.486849069595337,0.7500000993410746,0.49054203430811566
2,143000,1.0,23,6,0.75,303,1536,0.3678385416666667,0.6321614583333333,5.382237911224365,1.6940491994222007,1.6625253756841023,0.7500001589457194,0.4905420144399007
2,143000,1.0,23,7,0.35,101,1536,0.6829427083333334,0.31705729166666663,4.061211188634236,0.3730224768320718,0.39416173100471497,0.34999994436899823,0.27988581856091815
2,143000,1.0,23,7,0.35,202,1536,0.68359375,0.31640625,4.065994580586751,0.37780586878458644,0.3864077925682068,0.3500003715356191,0.279885729153951
2,143000,1.0,23,7,0.35,303,1536,0.6614583333333334,0.33854166666666663,4.0742708047231035,0.386082092920939,0.3933910330136617,0.35000018278757733,0.2798859278361003
2,143000,1.0,23,7,0.5,101,1536,0.5696614583333334,0.43033854166666663,4.414899667104085,0.7267109553019204,0.7255417108535767,0.5,0.39983715613683063
2,143000,1.0,23,7,0.5,202,1536,0.5696614583333334,0.43033854166666663,4.4223965009053545,0.73420778910319,0.7244003812472025,0.5,0.39983652035395306
2,143000,1.0,23,7,0.5,303,1536,0.5638020833333334,0.43619791666666663,4.429534435272217,0.7413457234700522,0.7329953710238138,0.500000019868215,0.39983709653218585
2,143000,1.0,23,7,0.75,101,1536,0.41796875,0.58203125,5.178520838419597,1.490332126617432,1.4502150217692058,0.7499998211860657,0.5997552076975504
2,143000,1.0,23,7,0.75,202,1536,0.4166666666666667,0.5833333333333333,5.189873377482097,1.501684665679932,1.4505789677302043,0.7499999602635702,0.5997547507286072
2,143000,1.0,23,7,0.75,303,1536,0.4049479166666667,0.5950520833333333,5.201815128326416,1.5136264165242515,1.4730606476465862,0.7499995430310568,0.5997553666432699
2,143000,1.0,23,8,0.35,101,1536,0.669921875,0.330078125,4.092794418334961,0.40460570653279637,0.3726198375225067,0.3500001132488251,0.3251061538855235
2,143000,1.0,23,8,0.35,202,1536,0.689453125,0.310546875,4.065268675486247,0.3770799636840825,0.3793127437432607,0.350000003973643,0.3251059949398041
2,143000,1.0,23,8,0.35,303,1536,0.681640625,0.318359375,4.083931922912598,0.3957432111104331,0.3656643231709798,0.3500000337759654,0.32510648171106976
2,143000,1.0,23,8,0.5,101,1536,0.5846354166666666,0.41536458333333337,4.4344455401102705,0.7462568283081059,0.6914975643157959,0.5000002781550089,0.46443748474121094
2,143000,1.0,23,8,0.5,202,1536,0.5826822916666666,0.41731770833333337,4.41187842686971,0.7236897150675454,0.701606551806132,0.5000004371007284,0.46443770329157513
2,143000,1.0,23,8,0.5,303,1536,0.5872395833333334,0.41276041666666663,4.433959007263184,0.745770295461019,0.6829328934351603,0.5,0.4644371469815572
2,143000,1.0,23,8,0.75,101,1536,0.4192708333333333,0.5807291666666667,5.1760322252909345,1.48784351348877,1.4024433294932048,0.7500000596046448,0.6966559489568075
2,143000,1.0,23,8,0.75,202,1536,0.4361979166666667,0.5638020833333333,5.169769128163655,1.4815804163614907,1.4093910058339436,0.75,0.6966566642125448
2,143000,1.0,23,8,0.75,303,1536,0.439453125,0.560546875,5.214132150014241,1.5259434382120767,1.4023041327794392,0.7499998807907104,0.6966564257939657
2,143000,1.0,23,9,0.35,101,1536,0.697265625,0.302734375,4.056887706120809,0.36869899431864406,0.3552515010039012,0.34999968608220416,0.3738511800765991
2,143000,1.0,23,9,0.35,202,1536,0.6875,0.3125,4.067752679189046,0.37956396738688136,0.35964099566141766,0.35000025232632953,0.3738521337509155
2,143000,1.0,23,9,0.35,303,1536,0.6848958333333334,0.31510416666666663,4.0684920946757,0.3803033828735356,0.3467933237552643,0.34999990463256836,0.37385130921999615
2,143000,1.0,23,9,0.5,101,1536,0.595703125,0.404296875,4.37981653213501,0.6916278203328452,0.6597918073336283,0.49999990065892536,0.5340735117594401
2,143000,1.0,23,9,0.5,202,1536,0.5846354166666666,0.41536458333333337,4.38426144917806,0.696072737375895,0.6590268413225809,0.5000002781550089,0.534074087937673
2,143000,1.0,23,9,0.5,303,1536,0.587890625,0.412109375,4.391338507334392,0.703149795532227,0.6447458068529764,0.4999997814496358,0.5340738296508789
2,143000,1.0,23,9,0.75,101,1536,0.4309895833333333,0.5690104166666667,5.070042133331299,1.3818534215291343,1.3226125637690227,0.7500003774960836,0.8011106650034586
2,143000,1.0,23,9,0.75,202,1536,0.4322916666666667,0.5677083333333333,5.080355962117513,1.3921672503153482,1.319759209950765,0.7500001589457194,0.8011107842127482
2,143000,1.0,23,9,0.75,303,1536,0.41796875,0.58203125,5.093340873718262,1.4051521619160972,1.3193788528442383,0.7499998609224955,0.8011106252670288
2,143000,1.0,23,10,0.35,101,1536,0.7083333333333334,0.29166666666666663,3.963843504587809,0.27565479278564453,0.2647714515527089,0.35000022252400714,0.3853190541267395
2,143000,1.0,23,10,0.35,202,1536,0.7096354166666666,0.29036458333333337,3.9413442611694336,0.25315554936726903,0.28306883573532104,0.3500000238418579,0.3853190839290619
2,143000,1.0,23,10,0.35,303,1536,0.7239583333333334,0.27604166666666663,3.975701649983724,0.28751293818155954,0.27011943856875104,0.3500003218650818,0.385319064060847
2,143000,1.0,23,10,0.5,101,1536,0.623046875,0.376953125,4.208919525146484,0.5207308133443198,0.4995197653770447,0.5000003178914388,0.5504560271898905
2,143000,1.0,23,10,0.5,202,1536,0.6126302083333334,0.38736979166666663,4.181333223978679,0.4931445121765141,0.5285024245580038,0.5000000894069672,0.550455113252004
2,143000,1.0,23,10,0.5,303,1536,0.623046875,0.376953125,4.225028435389201,0.5368397235870366,0.5090139309565226,0.4999994436899821,0.5504549741744995
2,143000,1.0,23,10,0.75,101,1536,0.5,0.5,4.749022960662842,1.0608342488606772,1.0172924598058064,0.7499999602635702,0.8256826400756836
2,143000,1.0,23,10,0.75,202,1536,0.4791666666666667,0.5208333333333333,4.723600069681804,1.0354113578796391,1.0669775009155273,0.7499998807907104,0.8256827195485433
2,143000,1.0,23,10,0.75,303,1536,0.4680989583333333,0.5319010416666667,4.764431476593018,1.076242764790853,1.0398489634195964,0.7499994039535522,0.8256827592849731
2,143000,1.0,37,1,0.35,101,1536,0.7662760416666666,0.23372395833333337,3.8092498779296875,0.12513748804728175,0.1535116583108902,0.35000018278757733,0.1410514861345291
2,143000,1.0,37,1,0.35,202,1536,0.78125,0.21875,3.8118592898050943,0.1277468999226885,0.1502051850159963,0.3500000536441803,0.1410514364639918
2,143000,1.0,37,1,0.35,303,1536,0.7701822916666666,0.22981770833333337,3.8289177417755127,0.14480535189310695,0.1534650425116221,0.3499998648961385,0.14105137685934702
2,143000,1.0,37,1,0.5,101,1536,0.6555989583333334,0.34440104166666663,4.016408284505208,0.3322958946228023,0.3621152440706889,0.5000003774960836,0.20150218904018402
2,143000,1.0,37,1,0.5,202,1536,0.6666666666666666,0.33333333333333337,4.0109632809956866,0.3268508911132808,0.3567743996779124,0.5000000596046448,0.20150204996267954
2,143000,1.0,37,1,0.5,303,1536,0.6490885416666666,0.35091145833333337,4.040849208831787,0.35673681894938136,0.36710861325263977,0.5000004371007284,0.20150220890839896
2,143000,1.0,37,1,0.75,101,1536,0.4700520833333333,0.5299479166666667,4.7179059982299805,1.0337936083475747,1.066275159517924,0.7500002781550089,0.3022531569004059
2,143000,1.0,37,1,0.75,202,1536,0.453125,0.546875,4.8372476895650225,1.1531352996826167,1.1829024354616802,0.7500000993410746,0.3022530972957611
2,143000,1.0,37,1,0.75,303,1536,0.4440104166666667,0.5559895833333333,4.768444220225017,1.0843318303426108,1.101008454958598,0.7499998410542806,0.30225303769111633
2,143000,1.0,37,2,0.35,101,1536,0.751953125,0.248046875,3.822801113128662,0.13868872324625636,0.18579121927420297,0.3500003218650818,0.16103693842887878
2,143000,1.0,37,2,0.35,202,1536,0.74609375,0.25390625,3.860759417215983,0.17664702733357718,0.18564983208974203,0.3500003417332967,0.16103684405485788
2,143000,1.0,37,2,0.35,303,1536,0.7565104166666666,0.24348958333333337,3.8524741331736245,0.16836174329121878,0.18611520528793335,0.34999985496203107,0.16103659570217133
2,143000,1.0,37,2,0.5,101,1536,0.6419270833333334,0.35807291666666663,4.048161109288533,0.3640487194061275,0.4250760277112325,0.4999998112519582,0.23005234201749167
2,143000,1.0,37,2,0.5,202,1536,0.6380208333333334,0.36197916666666663,4.100142002105713,0.41602961222330714,0.4236947000026703,0.5000001589457194,0.23005244135856628
2,143000,1.0,37,2,0.5,303,1536,0.65234375,0.34765625,4.086341301600139,0.4022289117177329,0.41164739926656085,0.5000001788139343,0.2300525406996409
2,143000,1.0,37,2,0.75,101,1536,0.45703125,0.54296875,4.830029646555583,1.1459172566731772,1.219280203183492,0.7499991456667582,0.3450781802336375
2,143000,1.0,37,2,0.75,202,1536,0.4329427083333333,0.5670572916666667,4.880522092183431,1.196409702301025,1.2134759028752644,0.749999980131785,0.34507859746615094
2,143000,1.0,37,2,0.75,303,1536,0.458984375,0.541015625,4.801552931467692,1.1174405415852866,1.1522146860758464,0.7499996225039164,0.3450784881909688
2,143000,1.0,37,3,0.35,101,1536,0.578125,0.421875,4.3557173411051435,0.6716049512227378,0.6829346617062887,0.35000009338061017,0.19911721845467886
2,143000,1.0,37,3,0.35,202,1536,0.60546875,0.39453125,4.382783571879069,0.6986711819966636,0.6737690369288126,0.35000020265579224,0.19911721845467886
2,143000,1.0,37,3,0.35,303,1536,0.58984375,0.41015625,4.339051564534505,0.6549391746520992,0.6479465762774149,0.3500000834465027,0.19911698500315347
2,143000,1.0,37,3,0.5,101,1536,0.4309895833333333,0.5690104166666667,5.022232373555501,1.3381199836730953,1.3642308712005615,0.5000003178914388,0.2844530741373698
2,143000,1.0,37,3,0.5,202,1536,0.4440104166666667,0.5559895833333333,5.095213413238525,1.4111010233561196,1.3640334208806355,0.5000001192092896,0.28445297479629517
2,143000,1.0,37,3,0.5,303,1536,0.451171875,0.548828125,5.011570771535237,1.3274583816528316,1.3133674065272014,0.49999990065892536,0.2844530741373698
2,143000,1.0,37,3,0.75,101,1536,0.2591145833333333,0.7408854166666667,6.4160183270772295,2.7319059371948238,2.7841391563415527,0.7500001192092896,0.4266792833805084
2,143000,1.0,37,3,0.75,202,1536,0.2779947916666667,0.7220052083333333,6.450459321339925,2.766346931457519,2.7034589449564614,0.7499995827674866,0.42667853832244873
2,143000,1.0,37,3,0.75,303,1536,0.28515625,0.71484375,6.3946614265441895,2.7105490366617837,2.695197105407715,0.7499997019767761,0.42667892575263977
2,143000,1.0,37,4,0.35,101,1536,0.6041666666666666,0.39583333333333337,4.270077228546143,0.5859648386637368,0.5910322864850363,0.35000017285346985,0.2015829732020696
2,143000,1.0,37,4,0.35,202,1536,0.5983072916666666,0.40169270833333337,4.248150666554769,0.5640382766723628,0.5945092439651489,0.3499998052914937,0.20158287386099497
2,143000,1.0,37,4,0.35,303,1536,0.5983072916666666,0.40169270833333337,4.264111677805583,0.5799992879231772,0.5915536483128866,0.35000014305114746,0.20158340533574423
2,143000,1.0,37,4,0.5,101,1536,0.484375,0.515625,4.833009560902913,1.1488971710205074,1.1345507701237996,0.49999986092249554,0.2879758377869924
2,143000,1.0,37,4,0.5,202,1536,0.4811197916666667,0.5188802083333333,4.782871723175049,1.098759333292643,1.1322158376375835,0.49999985098838806,0.2879759867986043
2,143000,1.0,37,4,0.5,303,1536,0.4563802083333333,0.5436197916666667,4.829210917154948,1.1450985272725425,1.1493512789408367,0.5000000993410746,0.28797613581021625
2,143000,1.0,37,4,0.75,101,1536,0.306640625,0.693359375,5.9308366775512695,2.246724287668864,2.230737845102946,0.750000019868215,0.4319641391436259
2,143000,1.0,37,4,0.75,202,1536,0.3131510416666667,0.6868489583333333,5.8612626393636065,2.1771502494812007,2.2178874810536704,0.7500004768371582,0.4319644669691722
2,143000,1.0,37,4,0.75,303,1536,0.2936197916666667,0.7063802083333333,5.963923613230388,2.279811223347982,2.28747550646464,0.7500001986821493,0.4319641689459483
2,143000,1.0,37,5,0.35,101,1536,0.6334635416666666,0.36653645833333337,4.176106850306193,0.4919944604237876,0.5265085697174072,0.3500001132488251,0.21469616889953613
2,143000,1.0,37,5,0.35,202,1536,0.6171875,0.3828125,4.142978350321452,0.45886596043904637,0.5122998158137003,0.3499996562798818,0.2146960844596227
2,143000,1.0,37,5,0.35,303,1536,0.6399739583333334,0.36002604166666663,4.2164450486501055,0.5323326587676998,0.5306881864865621,0.34999992450078327,0.21469577153523764
2,143000,1.0,37,5,0.5,101,1536,0.5006510416666666,0.49934895833333337,4.637407620747884,0.9532952308654781,1.0176127354303997,0.5000002582867941,0.30670838554700214
2,143000,1.0,37,5,0.5,202,1536,0.5091145833333334,0.49088541666666663,4.591915289560954,0.9078028996785483,0.9675480326016744,0.5000009338061014,0.3067087431748708
2,143000,1.0,37,5,0.5,303,1536,0.5091145833333334,0.49088541666666663,4.684198379516602,1.0000859896341958,0.999953051408132,0.5,0.30670855442682904
2,143000,1.0,37,5,0.75,101,1536,0.3430989583333333,0.6569010416666667,5.628448486328125,1.9443360964457193,2.0234684149424234,0.750000019868215,0.4600623846054077
2,143000,1.0,37,5,0.75,202,1536,0.34375,0.65625,5.519059816996257,1.834947427113851,1.9040369987487793,0.7500002185503641,0.4600634276866913
2,143000,1.0,37,5,0.75,303,1536,0.34765625,0.65234375,5.612168312072754,1.9280559221903482,1.9227206707000732,0.749999980131785,0.4600622256596883
2,143000,1.0,37,6,0.35,101,1536,0.654296875,0.345703125,4.066598892211914,0.3824865023295083,0.4300234019756317,0.35000017285346985,0.22543803850809732
2,143000,1.0,37,6,0.35,202,1536,0.6458333333333334,0.35416666666666663,4.173983097076416,0.48987070719401027,0.49034951130549115,0.3500002423922221,0.2254381130139033
2,143000,1.0,37,6,0.35,303,1536,0.6705729166666666,0.32942708333333337,4.135259628295898,0.4511472384134927,0.4330732723077138,0.3500000536441803,0.22543870409329733
2,143000,1.0,37,6,0.5,101,1536,0.5436197916666666,0.45638020833333337,4.433208465576172,0.7490960756937661,0.7950746417045593,0.5000003377596537,0.3220546742280324
2,143000,1.0,37,6,0.5,202,1536,0.5240885416666666,0.47591145833333337,4.602047284444173,0.9179348945617671,0.9178007046381632,0.49999989072481793,0.32205456495285034
2,143000,1.0,37,6,0.5,303,1536,0.56640625,0.43359375,4.5195027987162275,0.8353904088338218,0.8026501933733622,0.4999997715155284,0.3220539093017578
2,143000,1.0,37,6,0.75,101,1536,0.3841145833333333,0.6158854166666667,5.200357437133789,1.5162450472513833,1.5475436051686604,0.7499999205271403,0.4830821653207143
2,143000,1.0,37,6,0.75,202,1536,0.357421875,0.642578125,5.430189768473308,1.7460773785909018,1.778307318687439,0.7499999205271403,0.48308136065800983
2,143000,1.0,37,6,0.75,303,1536,0.4186197916666667,0.5813802083333333,5.265536944071452,1.5814245541890464,1.5415273904800415,0.7500001390775045,0.48308176795641583
2,143000,1.0,37,7,0.35,101,1536,0.6647135416666666,0.33528645833333337,4.069271723429362,0.38515933354695653,0.38322826226552326,0.34999992450078327,0.2766520480314891
2,143000,1.0,37,7,0.35,202,1536,0.662109375,0.337890625,4.07958459854126,0.395472208658854,0.41749003529548645,0.349999596675237,0.2766522268454234
2,143000,1.0,37,7,0.35,303,1536,0.6790364583333334,0.32096354166666663,4.03666615486145,0.35255376497904445,0.38789000113805133,0.34999994436899823,0.2766526440779368
2,143000,1.0,37,7,0.5,101,1536,0.5618489583333334,0.43815104166666663,4.4054029782613116,0.7212905883789058,0.7264895637830099,0.5000003576278687,0.39521849155426025
2,143000,1.0,37,7,0.5,202,1536,0.5494791666666666,0.45052083333333337,4.435311476389567,0.7511990865071616,0.7711471319198608,0.5000000794728597,0.39521802465120953
2,143000,1.0,37,7,0.5,303,1536,0.564453125,0.435546875,4.37587038675944,0.6917579968770347,0.7287953495979309,0.5000000298023224,0.39521721998850506
2,143000,1.0,37,7,0.75,101,1536,0.3880208333333333,0.6119791666666667,5.140410582224528,1.4562981923421225,1.4700669447580974,0.7499998211860657,0.5928269028663635
2,143000,1.0,37,7,0.75,202,1536,0.404296875,0.595703125,5.184962431589763,1.500850041707357,1.5188402732213337,0.7499999602635702,0.5928268432617188
2,143000,1.0,37,7,0.75,303,1536,0.4010416666666667,0.5989583333333333,5.136534849802653,1.4524224599202475,1.4762976964314778,0.7500001192092896,0.592827320098877
2,143000,1.0,37,8,0.35,101,1536,0.6842447916666666,0.31575520833333337,4.013163010279338,0.3290506203969321,0.37065794070561725,0.34999985496203107,0.3233953615029653
2,143000,1.0,37,8,0.35,202,1536,0.66015625,0.33984375,4.011428674062093,0.32731628417968706,0.36889880895614624,0.3500003715356191,0.3233955105145772
2,143000,1.0,37,8,0.35,303,1536,0.6940104166666666,0.30598958333333337,4.020270983378093,0.336158593495687,0.3672396242618561,0.3499996264775594,0.3233949542045593
2,143000,1.0,37,8,0.5,101,1536,0.5579427083333334,0.44205729166666663,4.341524203618367,0.6574118137359615,0.7144742409388224,0.4999999503294627,0.4619934360186259
2,143000,1.0,37,8,0.5,202,1536,0.5598958333333334,0.44010416666666663,4.338003953297933,0.6538915634155269,0.7041366298993429,0.500000019868215,0.46199339628219604
2,143000,1.0,37,8,0.5,303,1536,0.5735677083333334,0.42643229166666663,4.343894799550374,0.6597824096679683,0.7024994889895121,0.5000001788139343,0.46199333667755127
2,143000,1.0,37,8,0.75,101,1536,0.3958333333333333,0.6041666666666667,5.100050449371338,1.4159380594889321,1.4923445383707683,0.7499997814496359,0.6929899056752523
2,143000,1.0,37,8,0.75,202,1536,0.4010416666666667,0.5989583333333333,5.086077690124512,1.401965300242106,1.4561269680658977,0.7499998410542806,0.6929899056752523
2,143000,1.0,37,8,0.75,303,1536,0.4016927083333333,0.5983072916666667,5.07162872950236,1.3875163396199546,1.4573277632395427,0.7500000794728597,0.692989448706309
2,143000,1.0,37,9,0.35,101,1536,0.68359375,0.31640625,4.008738835652669,0.32462644577026323,0.3329480787118276,0.3500000735123952,0.3643531898657481
2,143000,1.0,37,9,0.35,202,1536,0.6822916666666666,0.31770833333333337,3.9921350479125977,0.3080226580301919,0.336583544810613,0.35000019272168476,0.3643531799316406
2,143000,1.0,37,9,0.35,303,1536,0.6920572916666666,0.30794270833333337,3.9819442431131997,0.297831853230794,0.3413798113663991,0.35000033179918927,0.36435343821843463
2,143000,1.0,37,9,0.5,101,1536,0.57421875,0.42578125,4.307573636372884,0.6234612464904781,0.6372690200805664,0.5000002185503641,0.520504891872406
2,143000,1.0,37,9,0.5,202,1536,0.5807291666666666,0.41927083333333337,4.28862190246582,0.6045095125834146,0.6458477973937988,0.49999986092249554,0.5205040375391642
2,143000,1.0,37,9,0.5,303,1536,0.5677083333333334,0.43229166666666663,4.279952208201091,0.595839818318685,0.6558943589528402,0.49999989072481793,0.5205042759577433
2,143000,1.0,37,9,0.75,101,1536,0.4088541666666667,0.5911458333333333,4.970312754313151,1.2862003644307456,1.3140554030736287,0.7499995231628418,0.7807561357816061
2,143000,1.0,37,9,0.75,202,1536,0.4225260416666667,0.5774739583333333,4.971969763437907,1.2878573735555015,1.329184889793396,0.7500000993410746,0.7807568709055582
2,143000,1.0,37,9,0.75,303,1536,0.408203125,0.591796875,4.931824684143066,1.2477122942606607,1.3352014223734539,0.7499996622403463,0.7807564934094747
2,143000,1.0,37,10,0.35,101,1536,0.71875,0.28125,3.928607940673828,0.24449555079142238,0.2722366849581401,0.34999995430310565,0.3830956021944682
2,143000,1.0,37,10,0.35,202,1536,0.71484375,0.28515625,3.9351072311401367,0.25099484125773097,0.2765377263228099,0.3500003417332967,0.38309600949287415
2,143000,1.0,37,10,0.35,303,1536,0.7291666666666666,0.27083333333333337,3.9129563172658286,0.22884392738342285,0.27219344178835553,0.35000009338061017,0.3830958704153697
2,143000,1.0,37,10,0.5,101,1536,0.6145833333333334,0.38541666666666663,4.155189434687297,0.4710770448048911,0.5156663457552592,0.49999991059303284,0.547279417514801
2,143000,1.0,37,10,0.5,202,1536,0.6119791666666666,0.38802083333333337,4.173648754755656,0.4895363648732505,0.5229602654774984,0.5000000993410746,0.5472797950108846
2,143000,1.0,37,10,0.5,303,1536,0.61328125,0.38671875,4.143354733784993,0.45924234390258745,0.5165793498357137,0.49999990065892536,0.5472798148790995
2,143000,1.0,37,10,0.75,101,1536,0.4622395833333333,0.5377604166666667,4.676307996114095,0.992195606231689,1.0606693426767986,0.7499997814496359,0.8209192355473837
2,143000,1.0,37,10,0.75,202,1536,0.47265625,0.52734375,4.716790994008382,1.0326786041259761,1.0768169562021892,0.7500001788139343,0.8209195137023926
2,143000,1.0,37,10,0.75,303,1536,0.4615885416666667,0.5384114583333333,4.6791151364644366,0.9950027465820308,1.0700028936068218,0.7499996026357015,0.8209189375241598
3,14000,0.0979020979020979,11,1,0.35,101,1536,0.7877604166666666,0.21223958333333337,4.054154396057129,0.16789515813191747,0.1267710948983828,0.34999985496203107,0.3747522334257762
3,14000,0.0979020979020979,11,1,0.35,202,1536,0.78125,0.21875,4.02249813079834,0.1362388928731284,0.12657247732083002,0.3500001132488251,0.3747525711854299
3,14000,0.0979020979020979,11,1,0.35,303,1536,0.7877604166666666,0.21223958333333337,4.04298750559489,0.15672826766967818,0.12029528617858887,0.3500000238418579,0.3747524321079254
3,14000,0.0979020979020979,11,1,0.5,101,1536,0.6796875,0.3203125,4.271387418111165,0.38512818018595363,0.31557754675547284,0.5000000298023224,0.5353606144587199
3,14000,0.0979020979020979,11,1,0.5,202,1536,0.66796875,0.33203125,4.235927263895671,0.34966802597045943,0.31852538386980694,0.5000000794728597,0.5353606939315796
3,14000,0.0979020979020979,11,1,0.5,303,1536,0.6848958333333334,0.31510416666666663,4.2587235768636065,0.37246433893839503,0.30257869760195416,0.4999999205271403,0.53536057472229
3,14000,0.0979020979020979,11,1,0.75,101,1536,0.478515625,0.521484375,4.973053773244222,1.0867945353190103,0.9731682141621908,0.7500006357828776,0.8030416568120321
3,14000,0.0979020979020979,11,1,0.75,202,1536,0.4680989583333333,0.5319010416666667,4.967772006988525,1.081512769063314,0.9999411900838217,0.7500003377596537,0.8030412197113037
3,14000,0.0979020979020979,11,1,0.75,303,1536,0.47265625,0.52734375,5.003433068593343,1.1171738306681314,0.9769256512324015,0.7500004172325134,0.8030413786570231
3,14000,0.0979020979020979,11,2,0.35,101,1536,0.7877604166666666,0.21223958333333337,4.04476531346639,0.15850607554117824,0.12264926483233769,0.34999987483024597,0.41869349280993146
3,14000,0.0979020979020979,11,2,0.35,202,1536,0.7779947916666666,0.22200520833333337,4.021155675252278,0.1348964373270669,0.11883288621902466,0.3500002721945445,0.4186939100424449
3,14000,0.0979020979020979,11,2,0.35,303,1536,0.7779947916666666,0.22200520833333337,4.034321626027425,0.1480623881022134,0.1205877959728241,0.34999968608220416,0.4186932444572449
3,14000,0.0979020979020979,11,2,0.5,101,1536,0.6790364583333334,0.32096354166666663,4.267737706502278,0.3814784685770669,0.3164788583914439,0.5000002980232239,0.5981341203053793
3,14000,0.0979020979020979,11,2,0.5,202,1536,0.6705729166666666,0.32942708333333337,4.229597727457683,0.34333848953247115,0.30137768387794495,0.5000001986821493,0.5981339812278748
3,14000,0.0979020979020979,11,2,0.5,303,1536,0.6751302083333334,0.32486979166666663,4.244859377543132,0.35860013961792037,0.300904502471288,0.4999998112519582,0.5981335043907166
3,14000,0.0979020979020979,11,2,0.75,101,1536,0.4602864583333333,0.5397135416666667,4.9946395556132,1.1083803176879887,0.9792327682177225,0.7500001589457194,0.8972008426984152
3,14000,0.0979020979020979,11,2,0.75,202,1536,0.4615885416666667,0.5384114583333333,4.965632915496826,1.0793736775716147,0.9675962328910828,0.7499997218449911,0.8972003062566122
3,14000,0.0979020979020979,11,2,0.75,303,1536,0.4811197916666667,0.5188802083333333,4.939525763193767,1.0532665252685551,0.9309414823849996,0.7500003973642985,0.897201140721639
3,14000,0.0979020979020979,11,3,0.35,101,1536,0.689453125,0.310546875,4.205485184987386,0.31922594706217433,0.29121337334314984,0.3500001132488251,0.5036079287528992
3,14000,0.0979020979020979,11,3,0.35,202,1536,0.7096354166666666,0.29036458333333337,4.179373741149902,0.2931145032246909,0.26443004608154297,0.3500003019968669,0.5036083857218424
3,14000,0.0979020979020979,11,3,0.35,303,1536,0.7083333333333334,0.29166666666666663,4.178633054097493,0.29237381617228175,0.2747716208299001,0.34999974568684894,0.503607988357544
3,14000,0.0979020979020979,11,3,0.5,101,1536,0.5592447916666666,0.44075520833333337,4.57443888982137,0.6881796518961587,0.6280606190363566,0.5000001788139343,0.7194400827089945
3,14000,0.0979020979020979,11,3,0.5,202,1536,0.5813802083333334,0.41861979166666663,4.499867121378581,0.6136078834533696,0.5557428896427155,0.4999999801317851,0.7194405794143677
3,14000,0.0979020979020979,11,3,0.5,303,1536,0.5989583333333334,0.40104166666666663,4.519063154856364,0.6328039169311528,0.5790883898735046,0.5,0.7194408774375916
3,14000,0.0979020979020979,11,3,0.75,101,1536,0.3893229166666667,0.6106770833333333,5.435643831888835,1.5493845939636235,1.420201063156128,0.7499993840853373,1.0791595379511516
3,14000,0.0979020979020979,11,3,0.75,202,1536,0.40625,0.59375,5.2643968264261884,1.378137588500977,1.2702226241429646,0.7500002781550089,1.0791606108347576
3,14000,0.0979020979020979,11,3,0.75,303,1536,0.4036458333333333,0.5963541666666667,5.3337985674540205,1.447539329528809,1.3137598037719727,0.7500000596046448,1.079161564509074
3,14000,0.0979020979020979,11,4,0.35,101,1536,0.72265625,0.27734375,4.191421826680501,0.30516258875528957,0.2675014038880666,0.3499996264775594,0.5288717150688171
3,14000,0.0979020979020979,11,4,0.35,202,1536,0.7135416666666666,0.28645833333333337,4.179946422576904,0.29368718465169286,0.26960916817188263,0.3500002423922221,0.5288724700609843
3,14000,0.0979020979020979,11,4,0.35,303,1536,0.7024739583333334,0.29752604166666663,4.182061672210693,0.2958024342854819,0.2669951965411504,0.34999991456667584,0.5288720925649008
3,14000,0.0979020979020979,11,4,0.5,101,1536,0.625,0.375,4.463835080464681,0.5775758425394693,0.5150021513303121,0.5000004371007284,0.7555328408877054
3,14000,0.0979020979020979,11,4,0.5,202,1536,0.62109375,0.37890625,4.456648031870524,0.5703887939453129,0.5180136263370514,0.4999997715155284,0.7555325627326965
3,14000,0.0979020979020979,11,4,0.5,303,1536,0.5852864583333334,0.41471354166666663,4.488916714986165,0.6026574770609536,0.5337880452473959,0.5000002880891165,0.7555324832598368
3,14000,0.0979020979020979,11,4,0.75,101,1536,0.4654947916666667,0.5345052083333333,5.092111110687256,1.2058518727620444,1.104878544807434,0.7500001986821493,1.1332989136377971
3,14000,0.0979020979020979,11,4,0.75,202,1536,0.4791666666666667,0.5208333333333333,5.069471836090088,1.1832125981648765,1.0785825451215107,0.7500000794728597,1.1332979202270508
3,14000,0.0979020979020979,11,4,0.75,303,1536,0.44140625,0.55859375,5.163110891977946,1.2768516540527348,1.1415425141652424,0.7500000993410746,1.1332989931106567
3,14000,0.0979020979020979,11,5,0.35,101,1536,0.732421875,0.267578125,4.1273220380147295,0.24106280008951808,0.232216810186704,0.35000009338061017,0.5613654851913452
3,14000,0.0979020979020979,11,5,0.35,202,1536,0.7526041666666666,0.24739583333333337,4.103287855784099,0.21702861785888716,0.22327046593030295,0.3500000635782878,0.5613662203152975
3,14000,0.0979020979020979,11,5,0.35,303,1536,0.7408854166666666,0.25911458333333337,4.16223939259847,0.2759801546732583,0.2316791663567225,0.3499996562798818,0.5613651672999064
3,14000,0.0979020979020979,11,5,0.5,101,1536,0.6399739583333334,0.36002604166666663,4.360830148061116,0.4745709101359048,0.4462102750937144,0.4999999503294627,0.8019498189290365
3,14000,0.0979020979020979,11,5,0.5,202,1536,0.671875,0.328125,4.333826859792073,0.44756762186686183,0.43462416529655457,0.4999999701976776,0.8019506136576334
3,14000,0.0979020979020979,11,5,0.5,303,1536,0.6477864583333334,0.35221354166666663,4.4098006884257,0.5235414505004887,0.441548893849055,0.49999961256980896,0.8019502758979797
3,14000,0.0979020979020979,11,5,0.75,101,1536,0.4759114583333333,0.5240885416666667,4.910366535186768,1.0241072972615561,0.9481527805328369,0.7499999006589254,1.2029248476028442
3,14000,0.0979020979020979,11,5,0.75,202,1536,0.48828125,0.51171875,4.898928324381511,1.0126690864562993,0.943040688832601,0.7500001788139343,1.2029261191685994
3,14000,0.0979020979020979,11,5,0.75,303,1536,0.4947916666666667,0.5052083333333333,4.985592206319173,1.0993329683939614,0.937306543191274,0.749999463558197,1.2029239336649578
3,14000,0.0979020979020979,11,6,0.35,101,1536,0.7369791666666666,0.26302083333333337,4.113218466440837,0.22695922851562544,0.20931600530942282,0.3499997059504191,0.6233452558517456
3,14000,0.0979020979020979,11,6,0.35,202,1536,0.7662760416666666,0.23372395833333337,4.088312943776448,0.20205370585123683,0.21276572346687317,0.35000017285346985,0.6233471433321635
3,14000,0.0979020979020979,11,6,0.35,303,1536,0.7447916666666666,0.25520833333333337,4.128174781799316,0.24191554387410497,0.21205472946166992,0.35000001390775043,0.6233461499214172
3,14000,0.0979020979020979,11,6,0.5,101,1536,0.6634114583333334,0.33658854166666663,4.324412981669108,0.43815374374389693,0.4005836447079976,0.49999985098838806,0.8904931545257568
3,14000,0.0979020979020979,11,6,0.5,202,1536,0.6692708333333334,0.33072916666666663,4.289679527282715,0.4034202893575034,0.4065762360890706,0.4999994734923045,0.8904934326807658
3,14000,0.0979020979020979,11,6,0.5,303,1536,0.6529947916666666,0.34700520833333337,4.3478349049886065,0.46157566706339503,0.40329185128211975,0.5000006159146627,0.8904955784479777
3,14000,0.0979020979020979,11,6,0.75,101,1536,0.5305989583333334,0.46940104166666663,4.8164747556050616,0.9302155176798501,0.8489889899889628,0.7499999205271403,1.3357408444086711
3,14000,0.0979020979020979,11,6,0.75,202,1536,0.537109375,0.462890625,4.761754035949707,0.8754947980244956,0.8511280020078024,0.7499997218449911,1.3357406457265217
3,14000,0.0979020979020979,11,6,0.75,303,1536,0.5123697916666666,0.48763020833333337,4.84373124440511,0.9574720064798989,0.8449251453081766,0.7499998211860657,1.335741678873698
3,14000,0.0979020979020979,11,7,0.35,101,1536,0.7578125,0.2421875,4.132189830144246,0.24593059221903468,0.19882571200529733,0.3499998648961385,0.676804761091868
3,14000,0.0979020979020979,11,7,0.35,202,1536,0.755859375,0.244140625,4.083169460296631,0.19691022237141942,0.1956190268198649,0.3500002324581146,0.676805833975474
3,14000,0.0979020979020979,11,7,0.35,303,1536,0.78515625,0.21484375,4.102856953938802,0.21659771601359035,0.19228680431842804,0.3499999741713206,0.6768046418825785
3,14000,0.0979020979020979,11,7,0.5,101,1536,0.669921875,0.330078125,4.3342030843098955,0.4479438463846841,0.37553922335306805,0.5000004569689432,0.9668658177057902
3,14000,0.0979020979020979,11,7,0.5,202,1536,0.673828125,0.326171875,4.258962790171306,0.3727035522460942,0.3648305634657542,0.5000003675619761,0.9668651024500529
3,14000,0.0979020979020979,11,7,0.5,303,1536,0.6940104166666666,0.30598958333333337,4.292592843373616,0.4063336054484048,0.3609933654467265,0.5000002582867941,0.9668645064036051
3,14000,0.0979020979020979,11,7,0.75,101,1536,0.5579427083333334,0.44205729166666663,4.777884324391683,0.8916250864664712,0.7702214320500692,0.7500000596046448,1.45029612382253
3,14000,0.0979020979020979,11,7,0.75,202,1536,0.54296875,0.45703125,4.660971164703369,0.7747119267781577,0.7470194101333618,0.7499998211860657,1.4502962032953899
3,14000,0.0979020979020979,11,7,0.75,303,1536,0.5579427083333334,0.44205729166666663,4.719554424285889,0.8332951863606772,0.7455462018648783,0.7499997218449911,1.4502955277760823
3,14000,0.0979020979020979,11,8,0.35,101,1536,0.76171875,0.23828125,4.08007566134135,0.19381642341613814,0.19305708507696787,0.34999988476435345,0.7737273375193278
3,14000,0.0979020979020979,11,8,0.35,202,1536,0.7610677083333334,0.23893229166666663,4.104712009429932,0.2184527715047202,0.1987962027390798,0.3499998350938161,0.7737272381782532
3,14000,0.0979020979020979,11,8,0.35,303,1536,0.7526041666666666,0.24739583333333337,4.07418425877889,0.18792502085367824,0.19050381580988565,0.35000009338061017,0.7737282713254293
3,14000,0.0979020979020979,11,8,0.5,101,1536,0.6822916666666666,0.31770833333333337,4.262953758239746,0.37669452031453465,0.36303279797236127,0.4999999900658925,1.1053256193796794
3,14000,0.0979020979020979,11,8,0.5,202,1536,0.6783854166666666,0.32161458333333337,4.299625078837077,0.4133658409118657,0.37432687481244403,0.4999999900658925,1.1053251425425212
3,14000,0.0979020979020979,11,8,0.5,303,1536,0.6692708333333334,0.33072916666666663,4.257610479990642,0.37135124206543013,0.3607353667418162,0.4999999205271403,1.1053250630696614
3,14000,0.0979020979020979,11,8,0.75,101,1536,0.564453125,0.435546875,4.6866828600565595,0.8004236221313481,0.7542423208554586,0.7500002384185791,1.6579880317052205
3,14000,0.0979020979020979,11,8,0.75,202,1536,0.5462239583333334,0.45377604166666663,4.729621251424153,0.8433620134989419,0.7680190801620483,0.7500001192092896,1.6579888264338176
3,14000,0.0979020979020979,11,8,0.75,303,1536,0.5546875,0.4453125,4.678337415059407,0.7920781771341958,0.7479821840922037,0.7500003178914388,1.6579880317052205
3,14000,0.0979020979020979,11,9,0.35,101,1536,0.75390625,0.24609375,4.089656352996826,0.20339711507161473,0.1955037365357081,0.35000001390775043,0.8484300971031189
3,14000,0.0979020979020979,11,9,0.35,202,1536,0.7552083333333334,0.24479166666666663,4.103378931681315,0.21711969375610396,0.19059085845947266,0.35000013311704,0.8484304745992025
3,14000,0.0979020979020979,11,9,0.35,303,1536,0.76171875,0.23828125,4.087406317392985,0.20114707946777388,0.1878556360801061,0.3500002721945445,0.8484305938084921
3,14000,0.0979020979020979,11,9,0.5,101,1536,0.6692708333333334,0.33072916666666663,4.277278900146484,0.39101966222127293,0.3697688678900401,0.49999966224034625,1.2120418548583984
3,14000,0.0979020979020979,11,9,0.5,202,1536,0.6783854166666666,0.32161458333333337,4.290079434712728,0.40382019678751613,0.3598738412062327,0.5000000596046448,1.212043046951294
3,14000,0.0979020979020979,11,9,0.5,303,1536,0.681640625,0.318359375,4.269300778706868,0.38304154078165675,0.35194849967956543,0.4999999503294627,1.2120428482691448
3,14000,0.0979020979020979,11,9,0.75,101,1536,0.521484375,0.478515625,4.701305866241455,0.8150466283162436,0.7623291015625,0.7500000596046448,1.8180646101633708
3,14000,0.0979020979020979,11,9,0.75,202,1536,0.556640625,0.443359375,4.70121415456136,0.8149549166361489,0.7415358026822408,0.7499997814496359,1.8180633385976155
3,14000,0.0979020979020979,11,9,0.75,303,1536,0.5553385416666666,0.44466145833333337,4.6772529284159345,0.7909936904907231,0.7260317405064901,0.75,1.8180642525355022
3,14000,0.0979020979020979,11,10,0.35,101,1536,0.7493489583333334,0.25065104166666663,4.103637456893921,0.21737821896870946,0.17416362961133322,0.35000020265579224,0.9661232233047485
3,14000,0.0979020979020979,11,10,0.35,202,1536,0.7467447916666666,0.25325520833333337,4.085376421610515,0.19911718368530318,0.17200888196627298,0.34999992450078327,0.9661222100257874
3,14000,0.0979020979020979,11,10,0.35,303,1536,0.759765625,0.240234375,4.061009883880615,0.1747506459554038,0.17088618874549866,0.35000022252400714,0.9661230643590292
3,14000,0.0979020979020979,11,10,0.5,101,1536,0.6614583333333334,0.33854166666666663,4.289738496144612,0.4034792582194009,0.33712876836458844,0.4999997516473134,1.3801746368408203
3,14000,0.0979020979020979,11,10,0.5,202,1536,0.6673177083333334,0.33268229166666663,4.270672003428142,0.38441276550293013,0.3353792031606038,0.5000001986821493,1.380175511042277
3,14000,0.0979020979020979,11,10,0.5,303,1536,0.67578125,0.32421875,4.233112653096517,0.3468534151713052,0.3358308970928192,0.4999999801317851,1.3801753520965576
3,14000,0.0979020979020979,11,10,0.75,101,1536,0.53515625,0.46484375,4.695357163747151,0.80909792582194,0.7070268392562866,0.7500001788139343,2.0702638626098633
3,14000,0.0979020979020979,11,10,0.75,202,1536,0.5358072916666666,0.46419270833333337,4.67739470799764,0.7911354700724282,0.7059213519096375,0.7500000397364298,2.070262908935547
3,14000,0.0979020979020979,11,10,0.75,303,1536,0.5299479166666666,0.47005208333333337,4.62532107035319,0.739061832427979,0.7128918766975403,0.7499998807907104,2.0702629884084067
3,14000,0.0979020979020979,23,1,0.35,101,1536,0.7890625,0.2109375,4.081651528676351,0.12300713857014944,0.12115402271350224,0.34999998410542804,0.37517569462458294
3,14000,0.0979020979020979,23,1,0.35,202,1536,0.787109375,0.212890625,4.0805463790893555,0.1219019889831543,0.12276878456274669,0.3499999741713206,0.37517570455869037
3,14000,0.0979020979020979,23,1,0.35,303,1536,0.7955729166666666,0.20442708333333337,4.089084625244141,0.13044023513793945,0.11751663933197658,0.34999985496203107,0.3751755356788635
3,14000,0.0979020979020979,23,1,0.5,101,1536,0.6861979166666666,0.31380208333333337,4.266062418619792,0.3074180285135908,0.2978047728538513,0.49999937415122986,0.5359646677970886
3,14000,0.0979020979020979,23,1,0.5,202,1536,0.689453125,0.310546875,4.273289044698079,0.31464465459187796,0.3021031618118286,0.5000004768371582,0.5359658400217692
3,14000,0.0979020979020979,23,1,0.5,303,1536,0.6959635416666666,0.30403645833333337,4.27695910135905,0.3183147112528486,0.2927341163158417,0.4999998211860657,0.535965104897817
3,14000,0.0979020979020979,23,1,0.75,101,1536,0.5130208333333334,0.48697916666666663,4.9113616943359375,0.9527173042297363,0.8885548909505209,0.7500000397364298,0.8039480447769165
3,14000,0.0979020979020979,23,1,0.75,202,1536,0.513671875,0.486328125,4.949985186258952,0.991340796152751,0.9159154494603475,0.7499994436899821,0.8039473096529642
3,14000,0.0979020979020979,23,1,0.75,303,1536,0.515625,0.484375,4.923141161600749,0.9644967714945478,0.896290640036265,0.7499998609224955,0.8039478063583374
3,14000,0.0979020979020979,23,2,0.35,101,1536,0.7994791666666666,0.20052083333333337,4.077759504318237,0.11911511421203613,0.11481940497954686,0.3499998152256012,0.4168940583864848
3,14000,0.0979020979020979,23,2,0.35,202,1536,0.802734375,0.197265625,4.081901550292969,0.12325716018676758,0.11390113830566406,0.3499997357527415,0.41689392924308777
3,14000,0.0979020979020979,23,2,0.35,303,1536,0.7779947916666666,0.22200520833333337,4.081407070159912,0.12276268005371094,0.11430315424998601,0.3500004510084788,0.4168947438398997
3,14000,0.0979020979020979,23,2,0.5,101,1536,0.7063802083333334,0.29361979166666663,4.260594288508098,0.30194989840189645,0.2823199927806854,0.5000000596046448,0.5955633719762167
3,14000,0.0979020979020979,23,2,0.5,202,1536,0.705078125,0.294921875,4.2696248690287275,0.31098047892252634,0.28316983580589294,0.5000002880891165,0.5955635905265808
3,14000,0.0979020979020979,23,2,0.5,303,1536,0.6901041666666666,0.30989583333333337,4.273591836293538,0.31494744618733694,0.28577081362406415,0.4999997814496358,0.5955630540847778
3,14000,0.0979020979020979,23,2,0.75,101,1536,0.5319010416666666,0.46809895833333337,4.91443665822347,0.9557922681172686,0.8779984911282858,0.7499996622403463,0.8933443625768026
3,14000,0.0979020979020979,23,2,0.75,202,1536,0.515625,0.484375,4.935430685679118,0.976786295572917,0.8812113205591837,0.7500003178914388,0.8933452169100443
3,14000,0.0979020979020979,23,2,0.75,303,1536,0.5026041666666666,0.49739583333333337,4.955801486968994,0.997157096862793,0.9029696583747864,0.7499992847442627,0.893343985080719
3,14000,0.0979020979020979,23,3,0.35,101,1536,0.7408854166666666,0.25911458333333337,4.205000559488933,0.24635616938273142,0.2281815012296041,0.3500000635782878,0.49891865253448486
3,14000,0.0979020979020979,23,3,0.35,202,1536,0.7369791666666666,0.26302083333333337,4.210615793863933,0.2519714037577314,0.24120905001958212,0.3499998251597087,0.4989176591237386
3,14000,0.0979020979020979,23,3,0.35,303,1536,0.7578125,0.2421875,4.21965758005778,0.26101318995157907,0.23494682709376016,0.35000042120615643,0.4989187518755595
3,14000,0.0979020979020979,23,3,0.5,101,1536,0.6328125,0.3671875,4.480649948120117,0.522005558013916,0.4751577874024709,0.5000000298023224,0.7127397656440735
3,14000,0.0979020979020979,23,3,0.5,202,1536,0.6484375,0.3515625,4.485872745513916,0.5272283554077148,0.4953709344069163,0.5000002781550089,0.7127402027448019
3,14000,0.0979020979020979,23,3,0.5,303,1536,0.6484375,0.3515625,4.503532886505127,0.5448884963989258,0.4918256898721059,0.4999996026357015,0.7127394080162048
3,14000,0.0979020979020979,23,3,0.75,101,1536,0.48046875,0.51953125,5.162773132324219,1.2041287422180176,1.1013966004053752,0.7499993642171224,1.0691090822219849
3,14000,0.0979020979020979,23,3,0.75,202,1536,0.482421875,0.517578125,5.157628854115804,1.1989844640096026,1.1133325497309368,0.7499995628992716,1.069109559059143
3,14000,0.0979020979020979,23,3,0.75,303,1536,0.4772135416666667,0.5227864583333333,5.22155777613322,1.2629133860270185,1.1588758826255798,0.7499991854031881,1.069108525911967
3,14000,0.0979020979020979,23,4,0.35,101,1536,0.7578125,0.2421875,4.197904030481975,0.2392596403757734,0.23086121678352356,0.3499998946984609,0.5258740186691284
3,14000,0.0979020979020979,23,4,0.35,202,1536,0.7584635416666666,0.24153645833333337,4.163345098495483,0.20470070838928223,0.21792390942573547,0.3500000337759654,0.5258735617001852
3,14000,0.0979020979020979,23,4,0.35,303,1536,0.75,0.25,4.207972685496013,0.2493282953898115,0.24036763111750284,0.350000262260437,0.5258739988009135
3,14000,0.0979020979020979,23,4,0.5,101,1536,0.6653645833333334,0.33463541666666663,4.433516025543213,0.4748716354370117,0.44337359070777893,0.5000001390775045,0.7512480616569519
3,14000,0.0979020979020979,23,4,0.5,202,1536,0.6692708333333334,0.33072916666666663,4.403666019439697,0.4450216293334961,0.4301680127779643,0.49999996026357013,0.7512481013933817
3,14000,0.0979020979020979,23,4,0.5,303,1536,0.63671875,0.36328125,4.456339518229167,0.4976951281229658,0.4682515263557434,0.4999996026357015,0.7512474258740743
3,14000,0.0979020979020979,23,4,0.75,101,1536,0.5104166666666666,0.48958333333333337,4.9923427899678545,1.0336983998616533,0.9457483688990275,0.7499997218449911,1.1268716255823772
3,14000,0.0979020979020979,23,4,0.75,202,1536,0.5162760416666666,0.48372395833333337,5.004312833150228,1.0456684430440264,0.9643741250038147,0.7499999205271403,1.126872181892395
3,14000,0.0979020979020979,23,4,0.75,303,1536,0.4908854166666667,0.5091145833333333,5.037856737772624,1.0792123476664228,0.9960107604662577,0.7500002781550089,1.1268723011016846
3,14000,0.0979020979020979,23,5,0.35,101,1536,0.7545572916666666,0.24544270833333337,4.203841209411621,0.24519681930541992,0.20290951430797577,0.3499998152256012,0.5667993823687235
3,14000,0.0979020979020979,23,5,0.35,202,1536,0.75390625,0.24609375,4.173310120900472,0.21466573079427054,0.20013021429379782,0.3499999741713206,0.5667993227640787
3,14000,0.0979020979020979,23,5,0.35,303,1536,0.75390625,0.24609375,4.194813251495361,0.23616886138916016,0.20689208308855692,0.35000049074490863,0.566800057888031
3,14000,0.0979020979020979,23,5,0.5,101,1536,0.6712239583333334,0.32877604166666663,4.416809876759847,0.45816548665364554,0.38385558128356934,0.4999999503294627,0.809714158376058
3,14000,0.0979020979020979,23,5,0.5,202,1536,0.6575520833333334,0.34244791666666663,4.391884167989095,0.4332397778828936,0.39013243714968365,0.49999988079071045,0.8097132643063863
3,14000,0.0979020979020979,23,5,0.5,303,1536,0.6725260416666666,0.32747395833333337,4.416119893391927,0.4574755032857256,0.39770464102427167,0.4999997715155284,0.8097134629885355
3,14000,0.0979020979020979,23,5,0.75,101,1536,0.537109375,0.462890625,4.9333869616190595,0.9747425715128584,0.8301685055096945,0.7499994238217672,1.2145697275797527
3,14000,0.0979020979020979,23,5,0.75,202,1536,0.5052083333333334,0.49479166666666663,4.930303891499837,0.9716595013936358,0.8625052769978842,0.7499996622403463,1.214569369951884
3,14000,0.0979020979020979,23,5,0.75,303,1536,0.5286458333333334,0.47135416666666663,4.935957113901774,0.9773127237955732,0.8471715251604716,0.7500000794728597,1.2145709594090779
3,14000,0.0979020979020979,23,6,0.35,101,1536,0.7721354166666666,0.22786458333333337,4.164139588673909,0.20549519856770804,0.187291090687116,0.3500000337759654,0.6317331592241923
3,14000,0.0979020979020979,23,6,0.35,202,1536,0.7734375,0.2265625,4.1735860506693525,0.21494166056315134,0.19143813848495483,0.35000043114026386,0.6317332983016968
3,14000,0.0979020979020979,23,6,0.35,303,1536,0.7688802083333334,0.23111979166666663,4.154709339141846,0.19606494903564453,0.2041876713434855,0.34999992450078327,0.6317324042320251
3,14000,0.0979020979020979,23,6,0.5,101,1536,0.6881510416666666,0.31184895833333337,4.361323833465576,0.402679443359375,0.36428798238436383,0.4999998211860657,0.9024756948153178
3,14000,0.0979020979020979,23,6,0.5,202,1536,0.6751302083333334,0.32486979166666663,4.374190807342529,0.4155464172363281,0.3676956693331401,0.4999999205271403,0.9024753570556641
3,14000,0.0979020979020979,23,6,0.5,303,1536,0.6731770833333334,0.32682291666666663,4.362786610921224,0.4041422208150225,0.3912293314933777,0.4999997715155284,0.9024747014045715
3,14000,0.0979020979020979,23,6,0.75,101,1536,0.5546875,0.4453125,4.829726854960124,0.8710824648539228,0.7869196931521097,0.7500002781550089,1.3537135124206543
3,14000,0.0979020979020979,23,6,0.75,202,1536,0.54296875,0.45703125,4.848871072133382,0.8902266820271807,0.7918615738550822,0.7500002980232239,1.3537133534749348
3,14000,0.0979020979020979,23,6,0.75,303,1536,0.5247395833333334,0.47526041666666663,4.8476230303446455,0.8889786402384443,0.8240699966748556,0.7499999205271403,1.353713035583496
3,14000,0.0979020979020979,23,7,0.35,101,1536,0.767578125,0.232421875,4.120822747548421,0.16217835744221976,0.1714773029088974,0.35000013311704,0.685918907324473
3,14000,0.0979020979020979,23,7,0.35,202,1536,0.7779947916666666,0.22200520833333337,4.115009943644206,0.15636555353800485,0.17719183365503946,0.3500004808108012,0.6859196027119955
3,14000,0.0979020979020979,23,7,0.35,303,1536,0.7897135416666666,0.21028645833333337,4.1518448193868,0.19320042928059866,0.17988011737664542,0.35000020265579224,0.6859189867973328
3,14000,0.0979020979020979,23,7,0.5,101,1536,0.6881510416666666,0.31184895833333337,4.287129878997803,0.32848548889160156,0.3300716082255046,0.49999988079071045,0.9798832535743713
3,14000,0.0979020979020979,23,7,0.5,202,1536,0.7005208333333334,0.29947916666666663,4.281372706095378,0.32272831598917673,0.3381261924902598,0.5000000695387522,0.979884405930837
3,14000,0.0979020979020979,23,7,0.5,303,1536,0.7083333333333334,0.29166666666666663,4.32545534769694,0.36681095759073923,0.33969391385714215,0.5000000397364298,0.9798837304115295
3,14000,0.0979020979020979,23,7,0.75,101,1536,0.5572916666666666,0.44270833333333337,4.68438180287679,0.7257374127705889,0.6997909148534139,0.7499996821085612,1.4698258241017659
3,14000,0.0979020979020979,23,7,0.75,202,1536,0.5872395833333334,0.41276041666666663,4.677359422047933,0.7187150319417315,0.7092947761217753,0.7499997615814209,1.4698254664738972
3,14000,0.0979020979020979,23,7,0.75,303,1536,0.5833333333333334,0.41666666666666663,4.731348037719727,0.7727036476135254,0.7105172077814738,0.7499998609224955,1.4698259035746257
3,14000,0.0979020979020979,23,8,0.35,101,1536,0.75390625,0.24609375,4.169065634409587,0.2104212443033857,0.18522476653258005,0.34999996423721313,0.7824152310689291
3,14000,0.0979020979020979,23,8,0.35,202,1536,0.7740885416666666,0.22591145833333337,4.1473619143168134,0.18871752421061228,0.18007596830526987,0.35000009338061017,0.7824156681696574
3,14000,0.0979020979020979,23,8,0.35,303,1536,0.77734375,0.22265625,4.137813965479533,0.179169575373332,0.1776503324508667,0.35000017285346985,0.7824153502782186
3,14000,0.0979020979020979,23,8,0.5,101,1536,0.6549479166666666,0.34505208333333337,4.363069534301758,0.40442514419555664,0.3550369342168172,0.5000002483526865,1.1177358627319336
3,14000,0.0979020979020979,23,8,0.5,202,1536,0.7024739583333334,0.29752604166666663,4.324693044026692,0.36604865392049124,0.3394657075405121,0.4999995728333791,1.117734710375468
3,14000,0.0979020979020979,23,8,0.5,303,1536,0.70703125,0.29296875,4.3126145998636884,0.3539702097574873,0.33457186818122864,0.4999999801317851,1.1177352666854858
3,14000,0.0979020979020979,23,8,0.75,101,1536,0.5436197916666666,0.45638020833333337,4.797458012898763,0.8388136227925616,0.7474039991696676,0.7500001986821493,1.6766041119893391
3,14000,0.0979020979020979,23,8,0.75,202,1536,0.587890625,0.412109375,4.727528254191081,0.7688838640848799,0.7060685356458029,0.7499998013178507,1.676602840423584
3,14000,0.0979020979020979,23,8,0.75,303,1536,0.5755208333333334,0.42447916666666663,4.72238810857137,0.763743718465169,0.7008444468180338,0.750001072883606,1.6766057014465332
3,14000,0.0979020979020979,23,9,0.35,101,1536,0.7662760416666666,0.23372395833333337,4.1090898513793945,0.15044546127319336,0.1800217479467392,0.35000033179918927,0.8570647637049357
3,14000,0.0979020979020979,23,9,0.35,202,1536,0.7669270833333334,0.23307291666666663,4.12310775121053,0.16446336110432913,0.17447783052921295,0.35000019272168476,0.8570651412010193
3,14000,0.0979020979020979,23,9,0.35,303,1536,0.767578125,0.232421875,4.167585611343384,0.20894122123718262,0.18430315454800925,0.35000020265579224,0.8570652604103088
3,14000,0.0979020979020979,23,9,0.5,101,1536,0.6731770833333334,0.32682291666666663,4.278791427612305,0.3201470375061035,0.34160975615183514,0.5000005960464478,1.2243796586990356
3,14000,0.0979020979020979,23,9,0.5,202,1536,0.6842447916666666,0.31575520833333337,4.2935411135355634,0.3348967234293623,0.3332361876964569,0.5000002185503641,1.2243788242340088
3,14000,0.0979020979020979,23,9,0.5,303,1536,0.6809895833333334,0.31901041666666663,4.350109100341797,0.3914647102355957,0.34977476795514423,0.4999999205271403,1.2243777513504028
3,14000,0.0979020979020979,23,9,0.75,101,1536,0.5514322916666666,0.44856770833333337,4.67717965443929,0.7185352643330889,0.7153334816296896,0.7499998807907104,1.8365669250488281
3,14000,0.0979020979020979,23,9,0.75,202,1536,0.5703125,0.4296875,4.695704936981201,0.737060546875,0.70052570104599,0.7500001390775045,1.836567481358846
3,14000,0.0979020979020979,23,9,0.75,303,1536,0.5390625,0.4609375,4.764293988545735,0.8056495984395342,0.7296991348266602,0.7500002185503641,1.8365674018859863
3,14000,0.0979020979020979,23,10,0.35,101,1536,0.7662760416666666,0.23372395833333337,4.131590525309245,0.17294613520304392,0.16911714275678,0.3500001132488251,0.9818344513575236
3,14000,0.0979020979020979,23,10,0.35,202,1536,0.7721354166666666,0.22786458333333337,4.134186188379924,0.17554179827372263,0.16992630064487457,0.35000009338061017,0.981834352016449
3,14000,0.0979020979020979,23,10,0.35,303,1536,0.771484375,0.228515625,4.136144955952962,0.17750056584676077,0.16891970733801523,0.3500000337759654,0.9818349281946818
3,14000,0.0979020979020979,23,10,0.5,101,1536,0.6842447916666666,0.31575520833333337,4.302690664927165,0.34404627482096384,0.3301331698894501,0.49999986092249554,1.4026203950246174
3,14000,0.0979020979020979,23,10,0.5,202,1536,0.67578125,0.32421875,4.307651042938232,0.34900665283203125,0.3315740128358205,0.4999999503294627,1.4026201963424683
3,14000,0.0979020979020979,23,10,0.5,303,1536,0.689453125,0.310546875,4.305362542470296,0.34671815236409476,0.32923688491185504,0.5000000894069672,1.4026207129160564
3,14000,0.0979020979020979,23,10,0.75,101,1536,0.5631510416666666,0.43684895833333337,4.690385818481445,0.7317414283752441,0.6981989542643229,0.7500000794728597,2.103931427001953
3,14000,0.0979020979020979,23,10,0.75,202,1536,0.5481770833333334,0.45182291666666663,4.702816645304362,0.7441722551981611,0.7012435992558798,0.7499999205271403,2.1039303143819175
3,14000,0.0979020979020979,23,10,0.75,303,1536,0.5638020833333334,0.43619791666666663,4.68961222966512,0.730967839558919,0.6967222293217977,0.7500001589457194,2.1039315859476724
3,14000,0.0979020979020979,37,1,0.35,101,1536,0.7779947916666666,0.22200520833333337,4.008685906728108,0.14490930239359523,0.11391631762186687,0.34999994436899823,0.3803555170694987
3,14000,0.0979020979020979,37,1,0.35,202,1536,0.787109375,0.212890625,3.9975213209788003,0.1337447166442871,0.1158971016605695,0.3500000437100728,0.38035566608111065
3,14000,0.0979020979020979,37,1,0.35,303,1536,0.7897135416666666,0.21028645833333337,4.004010359446208,0.14023375511169478,0.1135332112510999,0.35000001390775043,0.3803556164105733
3,14000,0.0979020979020979,37,1,0.5,101,1536,0.6686197916666666,0.33138020833333337,4.212902148564656,0.3491255442301431,0.29447515805562335,0.4999995430310567,0.5433646440505981
3,14000,0.0979020979020979,37,1,0.5,202,1536,0.673828125,0.326171875,4.208865165710449,0.345088561375936,0.2999072273572286,0.49999980131785077,0.543364961942037
3,14000,0.0979020979020979,37,1,0.5,303,1536,0.677734375,0.322265625,4.215424140294393,0.3516475359598794,0.2981038788954417,0.5,0.5433651010195414
3,14000,0.0979020979020979,37,1,0.75,101,1536,0.462890625,0.537109375,4.929405689239502,1.0656290849049888,0.962973395983378,0.749999980131785,0.8150476018587748
3,14000,0.0979020979020979,37,1,0.75,202,1536,0.4759114583333333,0.5240885416666667,4.940105279286702,1.076328674952189,0.9758377273877462,0.7499995032946268,0.8150470852851868
3,14000,0.0979020979020979,37,1,0.75,303,1536,0.4622395833333333,0.5377604166666667,4.969980875651042,1.1062042713165288,0.9810164968172709,0.7499998807907104,0.8150474826494852
3,14000,0.0979020979020979,37,2,0.35,101,1536,0.77734375,0.22265625,3.9873801867167153,0.12360358238220215,0.11492407321929932,0.35000015298525494,0.4222841064135234
3,14000,0.0979020979020979,37,2,0.35,202,1536,0.7819010416666666,0.21809895833333337,4.005613485972087,0.1418368816375737,0.115020456413428,0.35000012318293255,0.4222840666770935
3,14000,0.0979020979020979,37,2,0.35,303,1536,0.7845052083333334,0.21549479166666663,3.9994912147521973,0.13571461041768407,0.11709246536095937,0.34999987483024597,0.422283798456192
3,14000,0.0979020979020979,37,2,0.5,101,1536,0.6692708333333334,0.33072916666666663,4.1941854159037275,0.3304088115692143,0.29904290040334064,0.49999996026357013,0.603262742360433
3,14000,0.0979020979020979,37,2,0.5,202,1536,0.6861979166666666,0.31380208333333337,4.212379376093547,0.34860277175903365,0.2903006076812744,0.49999980131785077,0.6032625436782837
3,14000,0.0979020979020979,37,2,0.5,303,1536,0.6901041666666666,0.30989583333333337,4.207945028940837,0.3441684246063237,0.2985106905301412,0.49999945362408954,0.6032620867093405
3,14000,0.0979020979020979,37,2,0.75,101,1536,0.4765625,0.5234375,4.938971996307373,1.0751953919728598,0.9712911446889242,0.7500002384185791,0.9048943519592285
3,14000,0.0979020979020979,37,2,0.75,202,1536,0.490234375,0.509765625,4.912535826365153,1.04875922203064,0.9282655119895935,0.7500001192092896,0.9048941930135092
3,14000,0.0979020979020979,37,2,0.75,303,1536,0.4830729166666667,0.5169270833333333,4.945764064788818,1.0819874604543052,0.9609877864519755,0.7500002384185791,0.9048943320910136
3,14000,0.0979020979020979,37,3,0.35,101,1536,0.6822916666666666,0.31770833333333337,4.167469422022502,0.3036928176879887,0.27862351139386493,0.35000018278757733,0.4991920391718547
3,14000,0.0979020979020979,37,3,0.35,202,1536,0.7298177083333334,0.27018229166666663,4.128812313079834,0.2650357087453208,0.24284551541010538,0.3499998946984609,0.4991919795672099
3,14000,0.0979020979020979,37,3,0.35,303,1536,0.7330729166666666,0.26692708333333337,4.1620987256368,0.29832212130228664,0.25527069965998334,0.34999985496203107,0.4991917014122009
3,14000,0.0979020979020979,37,3,0.5,101,1536,0.57421875,0.42578125,4.503252347310384,0.6394757429758706,0.5852563778559366,0.4999999205271403,0.7131319443384806
3,14000,0.0979020979020979,37,3,0.5,202,1536,0.607421875,0.392578125,4.42339563369751,0.5596190293629966,0.5118239223957062,0.4999998410542806,0.7131314476331075
3,14000,0.0979020979020979,37,3,0.5,303,1536,0.6119791666666666,0.38802083333333337,4.480803648630778,0.6170270442962651,0.5436020493507385,0.4999999503294627,0.7131311893463135
3,14000,0.0979020979020979,37,3,0.75,101,1536,0.4212239583333333,0.5787760416666667,5.285883744557698,1.422107140223185,1.314312179883321,0.7499999602635702,1.0696974992752075
3,14000,0.0979020979020979,37,3,0.75,202,1536,0.4251302083333333,0.5748697916666667,5.174527486165364,1.310750881830851,1.2171926101048787,0.7499998211860657,1.0696972608566284
3,14000,0.0979020979020979,37,3,0.75,303,1536,0.42578125,0.57421875,5.250400225321452,1.386623620986939,1.2691813309987385,0.7499997417132059,1.069697101910909
3,14000,0.0979020979020979,37,4,0.35,101,1536,0.7291666666666666,0.27083333333333337,4.1323879559834795,0.2686113516489663,0.23581736783186594,0.35000012318293255,0.5234155853589376
3,14000,0.0979020979020979,37,4,0.35,202,1536,0.7265625,0.2734375,4.1515129407246905,0.28773633639017726,0.2475839157899221,0.35000022252400714,0.5234161615371704
3,14000,0.0979020979020979,37,4,0.35,303,1536,0.7154947916666666,0.28450520833333337,4.178821404774983,0.31504480044047023,0.2609571615854899,0.34999990463256836,0.5234154462814331
3,14000,0.0979020979020979,37,4,0.5,101,1536,0.642578125,0.357421875,4.387885411580403,0.5241088072458902,0.46234793464342755,0.500000387430191,0.7477374275525411
3,14000,0.0979020979020979,37,4,0.5,202,1536,0.6328125,0.3671875,4.41098419825236,0.5472075939178471,0.47791115442911786,0.49999996026357013,0.7477364738782247
3,14000,0.0979020979020979,37,4,0.5,303,1536,0.6126302083333334,0.38736979166666663,4.4652778307596845,0.6015012264251713,0.5184990962346395,0.500000019868215,0.7477361758550009
3,14000,0.0979020979020979,37,4,0.75,101,1536,0.4778645833333333,0.5221354166666667,4.9746964772542315,1.1109198729197183,0.9976476629575094,0.7500003178914388,1.1216049591700237
3,14000,0.0979020979020979,37,4,0.75,202,1536,0.482421875,0.517578125,5.000384489695231,1.1366078853607182,1.0216888189315796,0.7499996622403463,1.121604084968567
3,14000,0.0979020979020979,37,4,0.75,303,1536,0.46484375,0.53515625,5.078258037567139,1.2144814332326255,1.0932761033376057,0.7499991655349731,1.1216035683949788
3,14000,0.0979020979020979,37,5,0.35,101,1536,0.7395833333333334,0.26041666666666663,4.119027932484944,0.25525132815043117,0.2204933762550354,0.34999998410542804,0.5557522177696228
3,14000,0.0979020979020979,37,5,0.35,202,1536,0.7467447916666666,0.25325520833333337,4.113084077835083,0.2493074735005698,0.2231062799692154,0.3499997953573863,0.5557521979014078
3,14000,0.0979020979020979,37,5,0.35,303,1536,0.7623697916666666,0.23763020833333337,4.094467083613078,0.2306904792785649,0.2199210822582245,0.35000018278757733,0.5557525555292765
3,14000,0.0979020979020979,37,5,0.5,101,1536,0.640625,0.359375,4.357360363006592,0.4935837586720786,0.4261601467927297,0.5000000596046448,0.7939311265945435
3,14000,0.0979020979020979,37,5,0.5,202,1536,0.6497395833333334,0.35026041666666663,4.34358549118042,0.4798088868459067,0.42885888616244,0.4999997814496358,0.7939325968424479
3,14000,0.0979020979020979,37,5,0.5,303,1536,0.6529947916666666,0.34700520833333337,4.319971084594727,0.45619448026021336,0.42747276027997333,0.49999986092249554,0.7939315835634867
3,14000,0.0979020979020979,37,5,0.75,101,1536,0.4947916666666667,0.5052083333333333,4.907213052113851,1.0434364477793374,0.9147683382034302,0.750000536441803,1.19089937210083
3,14000,0.0979020979020979,37,5,0.75,202,1536,0.4993489583333333,0.5006510416666667,4.877847989400228,1.0140713850657144,0.9115893840789795,0.7499996225039164,1.1908973058064778
3,14000,0.0979020979020979,37,5,0.75,303,1536,0.4973958333333333,0.5026041666666667,4.865734259287517,1.0019576549530034,0.928886353969574,0.7500001192092896,1.1908987760543823
3,14000,0.0979020979020979,37,6,0.35,101,1536,0.7486979166666666,0.25130208333333337,4.079324086507161,0.21554748217264796,0.20716446141401926,0.3499998648961385,0.616850733757019
3,14000,0.0979020979020979,37,6,0.35,202,1536,0.748046875,0.251953125,4.110906521479289,0.24712991714477583,0.2077195942401886,0.34999991456667584,0.6168512503306071
3,14000,0.0979020979020979,37,6,0.35,303,1536,0.7701822916666666,0.22981770833333337,4.101507822672526,0.23773121833801314,0.2059504638115565,0.3500002920627594,0.6168519457181295
3,14000,0.0979020979020979,37,6,0.5,101,1536,0.6497395833333334,0.35026041666666663,4.290670553843181,0.42689394950866744,0.4029940366744995,0.5000000794728597,0.8812155922253927
3,14000,0.0979020979020979,37,6,0.5,202,1536,0.6484375,0.3515625,4.324479103088379,0.4607024987538657,0.3986996312936147,0.49999986092249554,0.8812152942021688
3,14000,0.0979020979020979,37,6,0.5,303,1536,0.6712239583333334,0.32877604166666663,4.32081937789917,0.4570427735646567,0.40086350838343304,0.5000003178914388,0.8812167247136434
3,14000,0.0979020979020979,37,6,0.75,101,1536,0.4934895833333333,0.5065104166666667,4.771988868713379,0.9082122643788657,0.8543977538744608,0.749999980131785,1.3218242327372234
3,14000,0.0979020979020979,37,6,0.75,202,1536,0.521484375,0.478515625,4.795686721801758,0.9319101174672446,0.8403675754865011,0.7499998410542806,1.321824272473653
3,14000,0.0979020979020979,37,6,0.75,303,1536,0.53125,0.46875,4.803194046020508,0.9394174416859946,0.8499724268913269,0.7500004569689432,1.3218253056208293
3,14000,0.0979020979020979,37,7,0.35,101,1536,0.7662760416666666,0.23372395833333337,4.043137788772583,0.1793611844380698,0.17887163162231445,0.34999974568684894,0.6734504501024882
3,14000,0.0979020979020979,37,7,0.35,202,1536,0.7604166666666666,0.23958333333333337,4.053310712178548,0.18953410784403468,0.19282407561937967,0.35000017285346985,0.6734519004821777
3,14000,0.0979020979020979,37,7,0.35,303,1536,0.7578125,0.2421875,4.057866970698039,0.19409036636352583,0.1840426375468572,0.35000016291936237,0.6734510660171509
3,14000,0.0979020979020979,37,7,0.5,101,1536,0.6725260416666666,0.32747395833333337,4.22037394841512,0.35659734408060695,0.34337037801742554,0.4999999801317851,0.9620731075604757
3,14000,0.0979020979020979,37,7,0.5,202,1536,0.6653645833333334,0.33463541666666663,4.232021649678548,0.3682450453440347,0.364350547393163,0.499999741713206,0.9620725313822428
3,14000,0.0979020979020979,37,7,0.5,303,1536,0.666015625,0.333984375,4.244197686513265,0.3804210821787515,0.3510899444421132,0.49999987085660297,0.9620731870333353
3,14000,0.0979020979020979,37,7,0.75,101,1536,0.5325520833333334,0.46744791666666663,4.627819856007894,0.7640432516733804,0.7257492939631144,0.7499996026357015,1.4431086778640747
3,14000,0.0979020979020979,37,7,0.75,202,1536,0.5377604166666666,0.46223958333333337,4.633098284403483,0.7693216800689702,0.7514105439186096,0.7500002980232239,1.4431100686391194
3,14000,0.0979020979020979,37,7,0.75,303,1536,0.5533854166666666,0.44661458333333337,4.6667860349019366,0.8030094305674234,0.7348488171895345,0.7499997417132059,1.4431089957555134
3,14000,0.0979020979020979,37,8,0.35,101,1536,0.76171875,0.23828125,4.055206139882405,0.1914295355478921,0.18440168599287668,0.3500005602836609,0.770867129166921
3,14000,0.0979020979020979,37,8,0.35,202,1536,0.7493489583333334,0.25065104166666663,4.059983253479004,0.1962066491444907,0.18635495007038116,0.35000022252400714,0.770866314570109
3,14000,0.0979020979020979,37,8,0.35,303,1536,0.7623697916666666,0.23763020833333337,4.089235305786133,0.22545870145161961,0.18468348681926727,0.3500000834465027,0.770866334438324
3,14000,0.0979020979020979,37,8,0.5,101,1536,0.67578125,0.32421875,4.240357160568237,0.3765805562337241,0.35599900285402936,0.4999999701976776,1.1012369394302368
3,14000,0.0979020979020979,37,8,0.5,202,1536,0.6529947916666666,0.34700520833333337,4.242207686106364,0.37843108177185103,0.35488749543825787,0.5000000794728597,1.1012372573216755
3,14000,0.0979020979020979,37,8,0.5,303,1536,0.6744791666666666,0.32552083333333337,4.277375857035319,0.4135992527008061,0.3518613378206889,0.500000407298406,1.1012372970581055
3,14000,0.0979020979020979,37,8,0.75,101,1536,0.541015625,0.458984375,4.671903133392334,0.8081265290578208,0.7534742752710978,0.7499998013178507,1.6518547932306926
3,14000,0.0979020979020979,37,8,0.75,202,1536,0.5338541666666666,0.46614583333333337,4.651937961578369,0.7881613572438559,0.7410651842753092,0.7499999006589254,1.6518547137578328
3,14000,0.0979020979020979,37,8,0.75,303,1536,0.537109375,0.462890625,4.6958244641621905,0.8320478598276773,0.7372572422027588,0.7499999205271403,1.651855746905009
3,14000,0.0979020979020979,37,9,0.35,101,1536,0.76171875,0.23828125,4.0500532786051435,0.18627667427063033,0.18229069312413534,0.34999993443489075,0.8473638296127319
3,14000,0.0979020979020979,37,9,0.35,202,1536,0.751953125,0.248046875,4.057502905527751,0.19372630119323775,0.18590566019217172,0.35000009338061017,0.8473644057909647
3,14000,0.0979020979020979,37,9,0.35,303,1536,0.7447916666666666,0.25520833333333337,4.07283075650533,0.2090541521708169,0.18973656495412192,0.3500002423922221,0.8473647634188334
3,14000,0.0979020979020979,37,9,0.5,101,1536,0.6744791666666666,0.32552083333333337,4.22920560836792,0.3654290040334067,0.34905988971392315,0.5000000496705373,1.2105204661687214
3,14000,0.0979020979020979,37,9,0.5,202,1536,0.662109375,0.337890625,4.241761763890584,0.3779851595560708,0.35880837837855023,0.49999961256980896,1.210519512494405
3,14000,0.0979020979020979,37,9,0.5,303,1536,0.650390625,0.349609375,4.2581697305043535,0.39439312616984035,0.3630629281202952,0.5000004967053732,1.2105214993158977
3,14000,0.0979020979020979,37,9,0.75,101,1536,0.541015625,0.458984375,4.64662520090739,0.7828485965728764,0.7416073679924011,0.7500000794728597,1.8157806793848674
3,14000,0.0979020979020979,37,9,0.75,202,1536,0.5299479166666666,0.47005208333333337,4.666388352711995,0.802611748377482,0.7584068576494852,0.7499997417132059,1.815779447555542
3,14000,0.0979020979020979,37,9,0.75,303,1536,0.5305989583333334,0.46940104166666663,4.67600679397583,0.8122301896413169,0.7614983916282654,0.7500002781550089,1.8157813151677449
3,14000,0.0979020979020979,37,10,0.35,101,1536,0.744140625,0.255859375,4.039388338724772,0.17561173439025923,0.17251432438691458,0.3500000536441803,0.9690692027409872
3,14000,0.0979020979020979,37,10,0.35,202,1536,0.7434895833333334,0.25651041666666663,4.037517547607422,0.17374094327290868,0.1684390902519226,0.35000017285346985,0.9690694014231364
3,14000,0.0979020979020979,37,10,0.35,303,1536,0.77734375,0.22265625,4.046355088551839,0.1825784842173257,0.16753768920898438,0.3499997556209564,0.9690686265627543
3,14000,0.0979020979020979,37,10,0.5,101,1536,0.6575520833333334,0.34244791666666663,4.212613741556804,0.3488371372222905,0.3382272521654765,0.5000000993410746,1.3843847115834553
3,14000,0.0979020979020979,37,10,0.5,202,1536,0.6595052083333334,0.34049479166666663,4.208730379740397,0.34495377540588423,0.33053059379259747,0.4999999701976776,1.3843845923741658
3,14000,0.0979020979020979,37,10,0.5,303,1536,0.6861979166666666,0.31380208333333337,4.221860249837239,0.3580836455027261,0.3295496503512065,0.4999997913837433,1.3843836386998494
3,14000,0.0979020979020979,37,10,0.75,101,1536,0.5319010416666666,0.46809895833333337,4.60577917098999,0.742002566655477,0.7170032262802124,0.7499998211860657,2.0765763918558755
3,14000,0.0979020979020979,37,10,0.75,202,1536,0.5325520833333334,0.46744791666666663,4.6040910085042315,0.7403144041697183,0.7066987554232279,0.749999980131785,2.076577107111613
3,14000,0.0979020979020979,37,10,0.75,303,1536,0.5592447916666666,0.44075520833333337,4.621056238810222,0.7572796344757085,0.7030490438143412,0.749999980131785,2.0765769481658936
3,72000,0.5034965034965035,11,1,0.35,101,1536,0.7727864583333334,0.22721354166666663,3.915040890375773,0.17055281003316214,0.16001083453496298,0.3499999940395355,0.27645571033159894
3,72000,0.5034965034965035,11,1,0.35,202,1536,0.76953125,0.23046875,3.89595627784729,0.15146819750467921,0.15267450114091238,0.35000019272168476,0.2764558494091034
3,72000,0.5034965034965035,11,1,0.35,303,1536,0.7799479166666666,0.22005208333333337,3.8988559246063232,0.15436784426371242,0.15312283237775168,0.34999988476435345,0.27645567059516907
3,72000,0.5034965034965035,11,1,0.5,101,1536,0.6614583333333334,0.33854166666666663,4.149745941162109,0.40525786081949855,0.39540306727091473,0.5000000794728597,0.39493682980537415
3,72000,0.5034965034965035,11,1,0.5,202,1536,0.64453125,0.35546875,4.135679403940837,0.39119132359822606,0.3801993131637573,0.4999997913837433,0.39493661125500995
3,72000,0.5034965034965035,11,1,0.5,303,1536,0.6549479166666666,0.34505208333333337,4.128196398417155,0.3837083180745444,0.3886003295580546,0.5000001788139343,0.3949369291464488
3,72000,0.5034965034965035,11,1,0.75,101,1536,0.4485677083333333,0.5514322916666667,4.942699273427327,1.1982111930847164,1.1805624564488728,0.7499999602635702,0.5924051602681478
3,72000,0.5034965034965035,11,1,0.75,202,1536,0.4342447916666667,0.5657552083333333,4.966874281565349,1.2223862012227378,1.1897053718566895,0.7500000397364298,0.5924052198727926
3,72000,0.5034965034965035,11,1,0.75,303,1536,0.4368489583333333,0.5631510416666667,4.920184930165608,1.1756968498229976,1.1750845909118652,0.750000019868215,0.5924052993456522
3,72000,0.5034965034965035,11,2,0.35,101,1536,0.7766927083333334,0.22330729166666663,3.8952956994374595,0.15080761909484863,0.151233638326327,0.3500002821286519,0.30957452456156415
3,72000,0.5034965034965035,11,2,0.35,202,1536,0.775390625,0.224609375,3.9166988531748452,0.1722107728322344,0.1539024511973063,0.3500000437100728,0.3095744550228119
3,72000,0.5034965034965035,11,2,0.35,303,1536,0.771484375,0.228515625,3.8922441800435386,0.14775609970092773,0.15565679470698038,0.3500002920627594,0.3095744848251343
3,72000,0.5034965034965035,11,2,0.5,101,1536,0.6497395833333334,0.35026041666666663,4.105379104614258,0.360891024271647,0.3672270675500234,0.5000000993410746,0.44224907954533893
3,72000,0.5034965034965035,11,2,0.5,202,1536,0.6653645833333334,0.33463541666666663,4.138413270314534,0.3939251899719234,0.3647829393545787,0.5000004768371582,0.44224949677785236
3,72000,0.5034965034965035,11,2,0.5,303,1536,0.6640625,0.3359375,4.096739848454793,0.3522517681121822,0.3632021943728129,0.5000003178914388,0.44224921862284344
3,72000,0.5034965034965035,11,2,0.75,101,1536,0.4596354166666667,0.5403645833333333,4.831689357757568,1.0872012774149575,1.0698941548665364,0.7500003178914388,0.6633737087249756
3,72000,0.5034965034965035,11,2,0.75,202,1536,0.4602864583333333,0.5397135416666667,4.857052803039551,1.11256472269694,1.053229848543803,0.7500003178914388,0.6633737881978353
3,72000,0.5034965034965035,11,2,0.75,303,1536,0.4680989583333333,0.5319010416666667,4.79836638768514,1.0538783073425289,1.0419013102849324,0.7499995628992716,0.6633732120196024
3,72000,0.5034965034965035,11,3,0.35,101,1536,0.6178385416666666,0.38216145833333337,4.299767017364502,0.5552789370218911,0.571654349565506,0.3500002821286519,0.3728104035059611
3,72000,0.5034965034965035,11,3,0.35,202,1536,0.6412760416666666,0.35872395833333337,4.220061143239339,0.47557306289672807,0.5133570631345113,0.35000015298525494,0.37281031409899396
3,72000,0.5034965034965035,11,3,0.35,303,1536,0.6236979166666666,0.37630208333333337,4.25865379969279,0.5141657193501792,0.5550486445426941,0.3500001132488251,0.37280982732772827
3,72000,0.5034965034965035,11,3,0.5,101,1536,0.4739583333333333,0.5260416666666667,4.897784233093262,1.153296152750651,1.1433480580647786,0.500000019868215,0.5325857798258463
3,72000,0.5034965034965035,11,3,0.5,202,1536,0.4954427083333333,0.5045572916666667,4.704077084859212,0.9595890045166011,1.0058595339457195,0.49999986092249554,0.5325856606165568
3,72000,0.5034965034965035,11,3,0.5,303,1536,0.4869791666666667,0.5130208333333333,4.787728786468506,1.043240706125895,1.0807195107142131,0.5000000596046448,0.5325852831204733
3,72000,0.5034965034965035,11,3,0.75,101,1536,0.28515625,0.71484375,6.1358113288879395,2.3913232485453286,2.2969393730163574,0.7500000397364298,0.7988786697387695
3,72000,0.5034965034965035,11,3,0.75,202,1536,0.3307291666666667,0.6692708333333333,5.766604900360107,2.0221168200174966,2.068594813346863,0.7499992648760477,0.7988776961962382
3,72000,0.5034965034965035,11,3,0.75,303,1536,0.2819010416666667,0.7180989583333333,5.91946283976237,2.1749747594197593,2.168738921483358,0.7500007351239523,0.7988792856534322
3,72000,0.5034965034965035,11,4,0.35,101,1536,0.625,0.375,4.1881477038065595,0.4436596234639487,0.4885389804840088,0.3500000834465027,0.38350794712702435
3,72000,0.5034965034965035,11,4,0.35,202,1536,0.6217447916666666,0.37825520833333337,4.246443430582683,0.5019553502400718,0.5206098953882853,0.350000003973643,0.3835081060727437
3,72000,0.5034965034965035,11,4,0.35,303,1536,0.6282552083333334,0.37174479166666663,4.279874165852864,0.5353860855102535,0.5169800917307535,0.35000020265579224,0.38350799679756165
3,72000,0.5034965034965035,11,4,0.5,101,1536,0.50390625,0.49609375,4.64933967590332,0.9048515955607095,0.9377352794011434,0.500000407298406,0.5478680729866028
3,72000,0.5034965034965035,11,4,0.5,202,1536,0.4850260416666667,0.5149739583333333,4.725094636281331,0.9806065559387203,0.9862032930056254,0.49999988079071045,0.547868013381958
3,72000,0.5034965034965035,11,4,0.5,303,1536,0.5026041666666666,0.49739583333333337,4.781623840332031,1.0371357599894204,0.9974035819371542,0.5000001887480418,0.5478681127230326
3,72000,0.5034965034965035,11,4,0.75,101,1536,0.3470052083333333,0.6529947916666667,5.634366035461426,1.889877955118815,1.86411718527476,0.7499997814496359,0.8218014041582743
3,72000,0.5034965034965035,11,4,0.75,202,1536,0.3177083333333333,0.6822916666666667,5.706912040710449,1.9624239603678384,1.9384407599767048,0.7500002185503641,0.8218013445536295
3,72000,0.5034965034965035,11,4,0.75,303,1536,0.3203125,0.6796875,5.8214796384175616,2.0769915580749507,1.9864940245946248,0.7500002980232239,0.821802000204722
3,72000,0.5034965034965035,11,5,0.35,101,1536,0.6510416666666666,0.34895833333333337,4.191922505696614,0.44743442535400346,0.4497312108675639,0.3500004510084788,0.3948001265525818
3,72000,0.5034965034965035,11,5,0.35,202,1536,0.6666666666666666,0.33333333333333337,4.186057090759277,0.4415690104166665,0.4467511872450511,0.35000018278757733,0.39479897419611615
3,72000,0.5034965034965035,11,5,0.35,303,1536,0.6536458333333334,0.34635416666666663,4.1880513827006025,0.4435633023579917,0.45295320947964984,0.3500000437100728,0.3947990338007609
3,72000,0.5034965034965035,11,5,0.5,101,1536,0.5416666666666666,0.45833333333333337,4.582148392995198,0.8376603126525874,0.830033540725708,0.5000001688798269,0.5639979044596354
3,72000,0.5034965034965035,11,5,0.5,202,1536,0.5377604166666666,0.46223958333333337,4.6013007164001465,0.8568126360575357,0.8351707061131796,0.5000000993410746,0.563998798529307
3,72000,0.5034965034965035,11,5,0.5,303,1536,0.5358072916666666,0.46419270833333337,4.586736838022868,0.8422487576802573,0.8438690702120463,0.5000001390775045,0.5639986594518026
3,72000,0.5034965034965035,11,5,0.75,101,1536,0.3795572916666667,0.6204427083333333,5.412404855092366,1.6679167747497554,1.6090763409932454,0.7499995032946268,0.845997134844462
3,72000,0.5034965034965035,11,5,0.75,202,1536,0.373046875,0.626953125,5.459123611450195,1.7146355311075845,1.6281999349594116,0.7500002980232239,0.8459977507591248
3,72000,0.5034965034965035,11,5,0.75,303,1536,0.369140625,0.630859375,5.406707286834717,1.662219206492106,1.6333470344543457,0.750000019868215,0.8459972937901815
3,72000,0.5034965034965035,11,6,0.35,101,1536,0.6796875,0.3203125,4.137576738993327,0.3930886586507163,0.39742926756540936,0.3499996264775594,0.4394497076670329
3,72000,0.5034965034965035,11,6,0.35,202,1536,0.6705729166666666,0.32942708333333337,4.137358506520589,0.39287042617797807,0.4127166469891866,0.34999993443489075,0.43944960832595825
3,72000,0.5034965034965035,11,6,0.35,303,1536,0.658203125,0.341796875,4.154332796732585,0.4098447163899741,0.4253270924091339,0.3499998350938161,0.4394501745700836
3,72000,0.5034965034965035,11,6,0.5,101,1536,0.5638020833333334,0.43619791666666663,4.502976417541504,0.7584883371988931,0.7478520472844442,0.500000129143397,0.6277858217557272
3,72000,0.5034965034965035,11,6,0.5,202,1536,0.5520833333333334,0.44791666666666663,4.495965639750163,0.7514775594075522,0.7557457685470581,0.4999995529651642,0.6277855634689331
3,72000,0.5034965034965035,11,6,0.5,303,1536,0.5403645833333334,0.45963541666666663,4.5390974680582685,0.7946093877156577,0.78779004017512,0.5000002384185791,0.6277863581975301
3,72000,0.5034965034965035,11,6,0.75,101,1536,0.423828125,0.576171875,5.2643232345581055,1.5198351542154946,1.472231109937032,0.7499997615814209,0.9416772723197937
3,72000,0.5034965034965035,11,6,0.75,202,1536,0.3984375,0.6015625,5.255190531412761,1.5107024510701499,1.4692140420277913,0.7500003774960836,0.9416793584823608
3,72000,0.5034965034965035,11,6,0.75,303,1536,0.3893229166666667,0.6106770833333333,5.310635248819987,1.5661471684773765,1.4982050657272339,0.749999980131785,0.9416778286298116
3,72000,0.5034965034965035,11,7,0.35,101,1536,0.7076822916666666,0.29231770833333337,4.116840998331706,0.3723529179890952,0.3501646816730499,0.3500000635782878,0.4736115535100301
3,72000,0.5034965034965035,11,7,0.35,202,1536,0.6796875,0.3203125,4.095567544301351,0.3510794639587398,0.3580080370108287,0.3500000536441803,0.47361114621162415
3,72000,0.5034965034965035,11,7,0.35,303,1536,0.6868489583333334,0.31315104166666663,4.107367038726807,0.3628789583841958,0.36321109533309937,0.3499998946984609,0.47361157337824505
3,72000,0.5034965034965035,11,7,0.5,101,1536,0.5911458333333334,0.40885416666666663,4.419094244639079,0.6746061642964682,0.6340697407722473,0.500000019868215,0.6765875418980917
3,72000,0.5034965034965035,11,7,0.5,202,1536,0.5865885416666666,0.41341145833333337,4.398100852966309,0.6536127726236978,0.6454930901527405,0.500000129143397,0.6765879988670349
3,72000,0.5034965034965035,11,7,0.5,303,1536,0.5833333333333334,0.41666666666666663,4.409552892049153,0.6650648117065425,0.6558427015940348,0.5000003178914388,0.6765876412391663
3,72000,0.5034965034965035,11,7,0.75,101,1536,0.4485677083333333,0.5514322916666667,5.039225419362386,1.294737339019775,1.2218283414840698,0.7500002980232239,1.0148817896842957
3,72000,0.5034965034965035,11,7,0.75,202,1536,0.4322916666666667,0.5677083333333333,5.011557102203369,1.2670690218607583,1.2284318208694458,0.750000536441803,1.0148824055989583
3,72000,0.5034965034965035,11,7,0.75,303,1536,0.423828125,0.576171875,5.047948360443115,1.3034602801005044,1.2553128798802693,0.750000019868215,1.0148818095525105
3,72000,0.5034965034965035,11,8,0.35,101,1536,0.703125,0.296875,4.052752176920573,0.3082640965779624,0.32526252667109173,0.34999996423721313,0.5660191178321838
3,72000,0.5034965034965035,11,8,0.35,202,1536,0.7063802083333334,0.29361979166666663,4.0792538324991865,0.33476575215657567,0.32384078701337177,0.34999993443489075,0.5660198330879211
3,72000,0.5034965034965035,11,8,0.35,303,1536,0.7135416666666666,0.28645833333333337,4.054853518803914,0.31036543846130327,0.31724942723910016,0.3500000635782878,0.5660191178321838
3,72000,0.5034965034965035,11,8,0.5,101,1536,0.6087239583333334,0.39127604166666663,4.335838317871094,0.5913502375284829,0.598299245039622,0.5000001192092896,0.8085994124412537
3,72000,0.5034965034965035,11,8,0.5,202,1536,0.60546875,0.39453125,4.374017079671224,0.6295289993286128,0.6015535990397135,0.49999989072481793,0.8085992932319641
3,72000,0.5034965034965035,11,8,0.5,303,1536,0.623046875,0.376953125,4.329526424407959,0.5850383440653482,0.580614447593689,0.5000000596046448,0.8085997104644775
3,72000,0.5034965034965035,11,8,0.75,101,1536,0.4544270833333333,0.5455729166666667,4.936577161153157,1.1920890808105464,1.1720949411392212,0.7499998807907104,1.2128985325495403
3,72000,0.5034965034965035,11,8,0.75,202,1536,0.4576822916666667,0.5423177083333333,5.005606333414714,1.261118253072103,1.1962791681289673,0.7500003774960836,1.212900201479594
3,72000,0.5034965034965035,11,8,0.75,303,1536,0.46875,0.53125,4.919245878855388,1.1747577985127768,1.1393068234125774,0.7499998211860657,1.2128985325495403
3,72000,0.5034965034965035,11,9,0.35,101,1536,0.7154947916666666,0.28450520833333337,4.066203912099202,0.32171583175659135,0.31054572264353436,0.34999968608220416,0.668972373008728
3,72000,0.5034965034965035,11,9,0.35,202,1536,0.7018229166666666,0.29817708333333337,4.0860975583394366,0.34160947799682573,0.30812453230222064,0.3500002423922221,0.6689734856287638
3,72000,0.5034965034965035,11,9,0.35,303,1536,0.7337239583333334,0.26627604166666663,4.032987753550212,0.28849967320760106,0.30123528838157654,0.35000043114026386,0.6689735651016235
3,72000,0.5034965034965035,11,9,0.5,101,1536,0.615234375,0.384765625,4.337744235992432,0.5932561556498208,0.5695606668790182,0.49999991059303284,0.9556749860445658
3,72000,0.5034965034965035,11,9,0.5,202,1536,0.59375,0.40625,4.3668437004089355,0.6223556200663247,0.5689493616422018,0.49999990065892536,0.9556750059127808
3,72000,0.5034965034965035,11,9,0.5,303,1536,0.6360677083333334,0.36393229166666663,4.2866716384887695,0.5421835581461587,0.5550268491109213,0.5000000993410746,0.9556756814320883
3,72000,0.5034965034965035,11,9,0.75,101,1536,0.4674479166666667,0.5325520833333333,4.910187721252441,1.1656996409098306,1.1181406577428181,0.7500002582867941,1.4335131247838337
3,72000,0.5034965034965035,11,9,0.75,202,1536,0.458984375,0.541015625,4.944827874501546,1.200339794158935,1.1141550540924072,0.7499997218449911,1.4335130055745442
3,72000,0.5034965034965035,11,9,0.75,303,1536,0.4817708333333333,0.5182291666666667,4.836552619934082,1.0920645395914712,1.095887263615926,0.7499995231628418,1.4335116942723591
3,72000,0.5034965034965035,11,10,0.35,101,1536,0.7102864583333334,0.28971354166666663,4.056530634562175,0.31204255421956395,0.27461040019989014,0.35000019272168476,0.7936351497968038
3,72000,0.5034965034965035,11,10,0.35,202,1536,0.720703125,0.279296875,4.04664961496989,0.3021615346272788,0.2806646227836609,0.3500003516674042,0.7936354478200277
3,72000,0.5034965034965035,11,10,0.35,303,1536,0.7194010416666666,0.28059895833333337,4.015849749247233,0.27136166890462254,0.2730832099914551,0.3500005106131236,0.79363614320755
3,72000,0.5034965034965035,11,10,0.5,101,1536,0.6067708333333334,0.39322916666666663,4.319913387298584,0.5754253069559732,0.5188460846741995,0.49999987085660297,1.133763591448466
3,72000,0.5034965034965035,11,10,0.5,202,1536,0.619140625,0.380859375,4.304175694783528,0.5596876144409175,0.5220436851183573,0.49999963243802387,1.1337633927663167
3,72000,0.5034965034965035,11,10,0.5,303,1536,0.6087239583333334,0.39127604166666663,4.266541957855225,0.5220538775126138,0.519291341304779,0.49999993046124774,1.1337637106577556
3,72000,0.5034965034965035,11,10,0.75,101,1536,0.466796875,0.533203125,4.870100657145183,1.1256125768025718,1.0437994400660198,0.7499998410542806,1.7006458044052124
3,72000,0.5034965034965035,11,10,0.75,202,1536,0.4733072916666667,0.5266927083333333,4.840986410776774,1.0964983304341636,1.0352706909179688,0.7499996026357015,1.7006454865137737
3,72000,0.5034965034965035,11,10,0.75,303,1536,0.4713541666666667,0.5286458333333333,4.805252393086751,1.0607643127441402,1.0505810181299846,0.7500001986821493,1.7006460825602214
3,72000,0.5034965034965035,23,1,0.35,101,1536,0.78515625,0.21484375,3.898632367451986,0.16287986437479685,0.1553703397512436,0.350000262260437,0.27661071221033734
3,72000,0.5034965034965035,23,1,0.35,202,1536,0.78515625,0.21484375,3.896956125895182,0.16120362281799316,0.15256367623806,0.34999988476435345,0.27661044398943585
3,72000,0.5034965034965035,23,1,0.35,303,1536,0.78515625,0.21484375,3.9066476027170816,0.17089509963989258,0.1517342527707418,0.34999998410542804,0.27661041418711346
3,72000,0.5034965034965035,23,1,0.5,101,1536,0.67578125,0.32421875,4.134797096252441,0.3990445931752524,0.3832049071788788,0.5000002185503641,0.39515795310338336
3,72000,0.5034965034965035,23,1,0.5,202,1536,0.6744791666666666,0.32552083333333337,4.144004503885905,0.40825200080871626,0.38182928164800006,0.500000129143397,0.3951578934987386
3,72000,0.5034965034965035,23,1,0.5,303,1536,0.673828125,0.326171875,4.148055950800578,0.4123034477233891,0.3786739408969879,0.5000003973642985,0.3951580921808879
3,72000,0.5034965034965035,23,1,0.75,101,1536,0.5,0.5,4.881135145823161,1.1453826427459721,1.1098389426867168,0.7499995827674866,0.5927363832791647
3,72000,0.5034965034965035,23,1,0.75,202,1536,0.4889322916666667,0.5110677083333333,4.929638862609863,1.1938863595326743,1.1303459604581196,0.7500005761782328,0.5927371978759766
3,72000,0.5034965034965035,23,1,0.75,303,1536,0.4856770833333333,0.5143229166666667,4.893581708272298,1.157829205195109,1.1053725481033325,0.7499998410542806,0.592736542224884
3,72000,0.5034965034965035,23,2,0.35,101,1536,0.7897135416666666,0.21028645833333337,3.876093069712321,0.14034056663513184,0.13283944129943848,0.3500003019968669,0.30681684613227844
3,72000,0.5034965034965035,23,2,0.35,202,1536,0.810546875,0.189453125,3.853837807973226,0.11808530489603708,0.13190995653470358,0.35000013311704,0.30681662758191425
3,72000,0.5034965034965035,23,2,0.35,303,1536,0.7819010416666666,0.21809895833333337,3.883403937021891,0.14765143394470215,0.14362415174643198,0.3499998450279236,0.30681636929512024
3,72000,0.5034965034965035,23,2,0.5,101,1536,0.6829427083333334,0.31705729166666663,4.067134539286296,0.3313820362091069,0.3179105321566264,0.5000003178914388,0.4383095403512319
3,72000,0.5034965034965035,23,2,0.5,202,1536,0.7044270833333334,0.29557291666666663,4.038335720698039,0.30258321762085005,0.31491323312123615,0.5000003377596537,0.4383096396923065
3,72000,0.5034965034965035,23,2,0.5,303,1536,0.6979166666666666,0.30208333333333337,4.088960647583008,0.35320814450581883,0.33867477377255756,0.500000516573588,0.43830973903338116
3,72000,0.5034965034965035,23,2,0.75,101,1536,0.5143229166666666,0.48567708333333337,4.7131272951761884,0.9773747920989995,0.9374884565671285,0.7500000794728597,0.6574640472730001
3,72000,0.5034965034965035,23,2,0.75,202,1536,0.5130208333333334,0.48697916666666663,4.7316819826761884,0.9959294795989995,0.972549041112264,0.7499997417132059,0.6574637691179911
3,72000,0.5034965034965035,23,2,0.75,303,1536,0.5013020833333334,0.49869791666666663,4.772117614746094,1.0363651116689048,1.0054731170336406,0.7500002384185791,0.6574642459551493
3,72000,0.5034965034965035,23,3,0.35,101,1536,0.673828125,0.326171875,4.259878238042195,0.5241257349650064,0.4880463182926178,0.3500002125898997,0.36734885970751446
3,72000,0.5034965034965035,23,3,0.35,202,1536,0.6536458333333334,0.34635416666666663,4.2299362023671465,0.49418369928995753,0.48854926228523254,0.34999992450078327,0.3673489491144816
3,72000,0.5034965034965035,23,3,0.35,303,1536,0.658203125,0.341796875,4.222958246866862,0.4872057437896733,0.48545824488004047,0.3499999940395355,0.36734920740127563
3,72000,0.5034965034965035,23,3,0.5,101,1536,0.5579427083333334,0.44205729166666663,4.722993691762288,0.9872411886850991,0.9353319605191549,0.500000387430191,0.5247840483983358
3,72000,0.5034965034965035,23,3,0.5,202,1536,0.5455729166666666,0.45442708333333337,4.677443663279216,0.9416911602020268,0.9249164660771688,0.5000000596046448,0.5247840483983358
3,72000,0.5034965034965035,23,3,0.5,303,1536,0.5481770833333334,0.45182291666666663,4.6849870681762695,0.9492345650990806,0.926713764667511,0.5000003973642985,0.5247845848401388
3,72000,0.5034965034965035,23,3,0.75,101,1536,0.36328125,0.63671875,5.715766588846843,1.9800140857696538,1.8909730911254883,0.7499997218449911,0.7871758937835693
3,72000,0.5034965034965035,23,3,0.75,202,1536,0.3782552083333333,0.6217447916666667,5.659695625305176,1.9239431222279868,1.862385908762614,0.75,0.7871763110160828
3,72000,0.5034965034965035,23,3,0.75,303,1536,0.3561197916666667,0.6438802083333333,5.723525524139404,1.9877730210622153,1.9271188179651897,0.7499999006589254,0.7871763507525126
3,72000,0.5034965034965035,23,4,0.35,101,1536,0.6666666666666666,0.33333333333333337,4.216807285944621,0.4810547828674321,0.464027464389801,0.3500001033147176,0.3784855802853902
3,72000,0.5034965034965035,23,4,0.35,202,1536,0.65234375,0.34765625,4.226787249247233,0.4910347461700444,0.507079541683197,0.3499998946984609,0.3784857889016469
3,72000,0.5034965034965035,23,4,0.35,303,1536,0.6686197916666666,0.33138020833333337,4.213288227717082,0.477535724639893,0.4914669891198476,0.3500000536441803,0.37848516305287677
3,72000,0.5034965034965035,23,4,0.5,101,1536,0.5579427083333334,0.44205729166666663,4.644214948018392,0.9084624449412027,0.8626252214113871,0.49999967217445374,0.5406931042671204
3,72000,0.5034965034965035,23,4,0.5,202,1536,0.537109375,0.462890625,4.710646947224935,0.9748944441477456,0.9650237162907919,0.5000000099341074,0.5406932433446249
3,72000,0.5034965034965035,23,4,0.5,303,1536,0.5377604166666666,0.46223958333333337,4.659331480662028,0.9235789775848393,0.9317793846130371,0.49999990065892536,0.540693442026774
3,72000,0.5034965034965035,23,4,0.75,101,1536,0.3912760416666667,0.6087239583333333,5.550433317820231,1.8146808147430424,1.706221620241801,0.75,0.8110396265983582
3,72000,0.5034965034965035,23,4,0.75,202,1536,0.365234375,0.634765625,5.692539532979329,1.9567870299021402,1.8987911144892375,0.7500004569689432,0.8110407988230387
3,72000,0.5034965034965035,23,4,0.75,303,1536,0.3795572916666667,0.6204427083333333,5.582189718882243,1.8464372158050542,1.822333812713623,0.7500001390775045,0.8110404014587402
3,72000,0.5034965034965035,23,5,0.35,101,1536,0.6770833333333334,0.32291666666666663,4.182651042938232,0.44689853986104344,0.42776016394297284,0.3500000337759654,0.39177342255910236
3,72000,0.5034965034965035,23,5,0.35,202,1536,0.681640625,0.318359375,4.1605039437611895,0.4247514406840005,0.41576900084813434,0.3499996562798818,0.39177393913269043
3,72000,0.5034965034965035,23,5,0.35,303,1536,0.6920572916666666,0.30794270833333337,4.182769616444905,0.4470171133677163,0.4150304893652598,0.3500004510084788,0.39177465438842773
3,72000,0.5034965034965035,23,5,0.5,101,1536,0.5813802083333334,0.41861979166666663,4.559587796529134,0.8238352934519448,0.7867382168769836,0.4999999403953552,0.5596766273180643
3,72000,0.5034965034965035,23,5,0.5,202,1536,0.572265625,0.427734375,4.521625677744548,0.7858731746673588,0.7674626708030701,0.5000006357828776,0.5596781969070435
3,72000,0.5034965034965035,23,5,0.5,303,1536,0.5865885416666666,0.41341145833333337,4.535277048746745,0.7995245456695561,0.7519433299700419,0.5000001986821493,0.5596774617830912
3,72000,0.5034965034965035,23,5,0.75,101,1536,0.4205729166666667,0.5794270833333333,5.360989093780518,1.6252365907033286,1.5526111125946045,0.7499997019767761,0.8395154277483622
3,72000,0.5034965034965035,23,5,0.75,202,1536,0.4186197916666667,0.5813802083333333,5.288271427154541,1.552518924077352,1.5122803846995037,0.7500004967053732,0.8395160237948099
3,72000,0.5034965034965035,23,5,0.75,303,1536,0.4322916666666667,0.5677083333333333,5.287517070770264,1.5517645676930747,1.4705664316813152,0.7500004172325134,0.8395161628723145
3,72000,0.5034965034965035,23,6,0.35,101,1536,0.7005208333333334,0.29947916666666663,4.168730099995931,0.4329775969187417,0.4024546444416046,0.3499998648961385,0.43582863608996075
3,72000,0.5034965034965035,23,6,0.35,202,1536,0.701171875,0.298828125,4.152308305104573,0.4165558020273843,0.3986292978127797,0.3500000337759654,0.4358290135860443
3,72000,0.5034965034965035,23,6,0.35,303,1536,0.6998697916666666,0.30013020833333337,4.187297344207764,0.4515448411305747,0.3983922799428304,0.3499998450279236,0.4358282486597697
3,72000,0.5034965034965035,23,6,0.5,101,1536,0.5859375,0.4140625,4.541501363118489,0.8057488600413003,0.7508758703867594,0.5000001986821493,0.6226131518681844
3,72000,0.5034965034965035,23,6,0.5,202,1536,0.6028645833333334,0.39713541666666663,4.509591579437256,0.7738390763600669,0.7418466011683146,0.5000003973642985,0.6226128737131754
3,72000,0.5034965034965035,23,6,0.5,303,1536,0.6009114583333334,0.39908854166666663,4.551802635192871,0.8160501321156821,0.7307876547177633,0.49999943375587463,0.6226121385892233
3,72000,0.5034965034965035,23,6,0.75,101,1536,0.4108072916666667,0.5891927083333333,5.309362729390462,1.573610226313273,1.4799243609110515,0.7499996622403463,0.9339183370272318
3,72000,0.5034965034965035,23,6,0.75,202,1536,0.4609375,0.5390625,5.2255539894104,1.4898014863332114,1.4336053133010864,0.7499996821085612,0.9339180986086527
3,72000,0.5034965034965035,23,6,0.75,303,1536,0.4361979166666667,0.5638020833333333,5.270709991455078,1.5349574883778891,1.4054410854975383,0.7499997019767761,0.9339183966318766
3,72000,0.5034965034965035,23,7,0.35,101,1536,0.703125,0.296875,4.10544999440511,0.3696974913279214,0.360355406999588,0.3499995569388072,0.47078003485997516
3,72000,0.5034965034965035,23,7,0.35,202,1536,0.724609375,0.275390625,4.04183292388916,0.3060804208119712,0.32883208990097046,0.34999972581863403,0.4707800845305125
3,72000,0.5034965034965035,23,7,0.35,303,1536,0.71484375,0.28515625,4.105522473653157,0.3697699705759683,0.34912146131197613,0.34999998410542804,0.4707803626855214
3,72000,0.5034965034965035,23,7,0.5,101,1536,0.6080729166666666,0.39192708333333337,4.408478577931722,0.6727260748545327,0.6541335582733154,0.5000001092751821,0.6725431283315023
3,72000,0.5034965034965035,23,7,0.5,202,1536,0.638671875,0.361328125,4.296745300292969,0.5609927972157798,0.5867261489232382,0.49999990065892536,0.6725444197654724
3,72000,0.5034965034965035,23,7,0.5,303,1536,0.6236979166666666,0.37630208333333337,4.405141194661458,0.6693886915842691,0.6345435976982117,0.5000001390775045,0.6725437045097351
3,72000,0.5034965034965035,23,7,0.75,101,1536,0.4700520833333333,0.5299479166666667,5.035407543182373,1.299655040105184,1.25514817237854,0.7499997615814209,1.0088158051172893
3,72000,0.5034965034965035,23,7,0.75,202,1536,0.5123697916666666,0.48763020833333337,4.847375869750977,1.1116233666737876,1.1271698872248332,0.7499995231628418,1.0088159441947937
3,72000,0.5034965034965035,23,7,0.75,303,1536,0.4791666666666667,0.5208333333333333,5.006902535756429,1.2711500326792398,1.206679900487264,0.7500001390775045,1.0088163614273071
3,72000,0.5034965034965035,23,8,0.35,101,1536,0.7161458333333334,0.28385416666666663,4.0793178876241045,0.34356538454691554,0.32199227809906006,0.3500001033147176,0.5698792537053426
3,72000,0.5034965034965035,23,8,0.35,202,1536,0.7239583333333334,0.27604166666666663,4.044624328613281,0.30887182553609227,0.3125108579794566,0.34999998410542804,0.5698787768681844
3,72000,0.5034965034965035,23,8,0.35,303,1536,0.7311197916666666,0.26888020833333337,4.0386881828308105,0.30293567975362157,0.3004608452320099,0.34999987483024597,0.5698794722557068
3,72000,0.5034965034965035,23,8,0.5,101,1536,0.623046875,0.376953125,4.376771132151286,0.6410186290740971,0.5967927177747091,0.4999995529651642,0.8141132593154907
3,72000,0.5034965034965035,23,8,0.5,202,1536,0.6354166666666666,0.36458333333333337,4.321282386779785,0.5855298837025962,0.5718652606010437,0.5000000397364298,0.8141132791837057
3,72000,0.5034965034965035,23,8,0.5,303,1536,0.6380208333333334,0.36197916666666663,4.294551849365234,0.5587993462880454,0.5441363851229349,0.5000001986821493,0.8141138553619385
3,72000,0.5034965034965035,23,8,0.75,101,1536,0.4700520833333333,0.5299479166666667,4.985611279805501,1.249858776728312,1.1690176924069722,0.750000794728597,1.221171776453654
3,72000,0.5034965034965035,23,8,0.75,202,1536,0.4869791666666667,0.5130208333333333,4.897183895111084,1.161431392033895,1.11360764503479,0.7499994238217672,1.2211689949035645
3,72000,0.5034965034965035,23,8,0.75,303,1536,0.5065104166666666,0.49348958333333337,4.8350911140441895,1.0993386109670005,1.0585561196009319,0.7500000397364298,1.22117018699646
3,72000,0.5034965034965035,23,9,0.35,101,1536,0.7272135416666666,0.27278645833333337,3.990094025929769,0.25434152285258005,0.296043594678243,0.35000038146972656,0.6793922185897827
3,72000,0.5034965034965035,23,9,0.35,202,1536,0.728515625,0.271484375,4.0157701174418134,0.28001761436462447,0.291613241036733,0.3500003019968669,0.6793925960858663
3,72000,0.5034965034965035,23,9,0.35,303,1536,0.7220052083333334,0.27799479166666663,4.02563230196635,0.2898797988891606,0.2961965004603068,0.3499998152256012,0.6793912649154663
3,72000,0.5034965034965035,23,9,0.5,101,1536,0.6276041666666666,0.37239583333333337,4.244219621022542,0.508467117945353,0.5484111408392588,0.4999998112519582,0.9705588022867838
3,72000,0.5034965034965035,23,9,0.5,202,1536,0.6315104166666666,0.36848958333333337,4.279053370157878,0.5433008670806889,0.5443274776140848,0.5000002185503641,0.9705594579378763
3,72000,0.5034965034965035,23,9,0.5,303,1536,0.6197916666666666,0.38020833333333337,4.280417442321777,0.5446649392445884,0.5458218057950338,0.5000001788139343,0.9705597360928854
3,72000,0.5034965034965035,23,9,0.75,101,1536,0.46875,0.53125,4.785763263702393,1.0500107606252036,1.083679437637329,0.7499997218449911,1.4558394352595012
3,72000,0.5034965034965035,23,9,0.75,202,1536,0.5032552083333334,0.49674479166666663,4.838190237681071,1.1024377346038823,1.0720720291137695,0.75,1.4558390776316326
3,72000,0.5034965034965035,23,9,0.75,303,1536,0.4798177083333333,0.5201822916666667,4.8327789306640625,1.0970264275868735,1.079553206761678,0.7499998807907104,1.4558378060658772
3,72000,0.5034965034965035,23,10,0.35,101,1536,0.7389322916666666,0.26106770833333337,3.9902984301249185,0.2545459270477295,0.26367637515068054,0.34999998410542804,0.805253823598226
3,72000,0.5034965034965035,23,10,0.35,202,1536,0.7376302083333334,0.26236979166666663,3.9942596753438315,0.25850717226664255,0.2646257132291794,0.35000020265579224,0.8052539428075155
3,72000,0.5034965034965035,23,10,0.35,303,1536,0.7259114583333334,0.27408854166666663,3.993710517883301,0.2579580148061118,0.26745980978012085,0.35000016291936237,0.8052537639935812
3,72000,0.5034965034965035,23,10,0.5,101,1536,0.6484375,0.3515625,4.225174983342488,0.48942248026529933,0.4965457816918691,0.49999996026357013,1.150362213452657
3,72000,0.5034965034965035,23,10,0.5,202,1536,0.6516927083333334,0.34830729166666663,4.234716097513835,0.49896359443664595,0.49967386325200397,0.5000000993410746,1.1503626108169556
3,72000,0.5034965034965035,23,10,0.5,303,1536,0.619140625,0.380859375,4.232525746027629,0.4967732429504399,0.5059961577256521,0.4999997615814209,1.1503620545069377
3,72000,0.5034965034965035,23,10,0.75,101,1536,0.5,0.5,4.735852082570394,1.0000995794932046,0.9991986354192098,0.7499996423721313,1.725542465845744
3,72000,0.5034965034965035,23,10,0.75,202,1536,0.4954427083333333,0.5045572916666667,4.757782459259033,1.0220299561818442,1.0035761992136638,0.7500000794728597,1.72554349899292
3,72000,0.5034965034965035,23,10,0.75,303,1536,0.48046875,0.51953125,4.741220633188884,1.0054681301116948,1.0107112328211467,0.7499997019767761,1.7255431413650513
3,72000,0.5034965034965035,37,1,0.35,101,1536,0.7786458333333334,0.22135416666666663,3.8453284899393716,0.15853365262349417,0.14532864093780518,0.35000033179918927,0.2806502779324849
3,72000,0.5034965034965035,37,1,0.35,202,1536,0.7819010416666666,0.21809895833333337,3.835411787033081,0.14861694971720363,0.14116494357585907,0.350000003973643,0.2806500196456909
3,72000,0.5034965034965035,37,1,0.35,303,1536,0.779296875,0.220703125,3.8377412954966226,0.15094645818074515,0.13687611122926077,0.34999992450078327,0.28064996004104614
3,72000,0.5034965034965035,37,1,0.5,101,1536,0.6692708333333334,0.33072916666666663,4.071894486745198,0.38509964942932084,0.3625788986682892,0.5000003476937612,0.4009288450082143
3,72000,0.5034965034965035,37,1,0.5,202,1536,0.6647135416666666,0.33528645833333337,4.078328768412272,0.391533931096395,0.3709539274374644,0.49999972184499103,0.40092838803927106
3,72000,0.5034965034965035,37,1,0.5,303,1536,0.66796875,0.33203125,4.075937668482463,0.38914283116658543,0.3685658077398936,0.5000002781550089,0.4009288251399994
3,72000,0.5034965034965035,37,1,0.75,101,1536,0.462890625,0.537109375,4.846004486083984,1.159209648768107,1.133008599281311,0.75,0.6013928254445394
3,72000,0.5034965034965035,37,1,0.75,202,1536,0.453125,0.546875,4.897091070810954,1.2102962334950766,1.1734614769617717,0.749999980131785,0.601392944653829
3,72000,0.5034965034965035,37,1,0.75,303,1536,0.4537760416666667,0.5462239583333333,4.975096384684245,1.2883015473683677,1.2495768070220947,0.749999980131785,0.601392924785614
3,72000,0.5034965034965035,37,2,0.35,101,1536,0.7897135416666666,0.21028645833333337,3.805434465408325,0.11863962809244777,0.12971858431895575,0.3500003417332967,0.3081080714861552
3,72000,0.5034965034965035,37,2,0.35,202,1536,0.787109375,0.212890625,3.8183024724324546,0.13150763511657715,0.1278714289267858,0.35000014305114746,0.30810797214508057
3,72000,0.5034965034965035,37,2,0.35,303,1536,0.78125,0.21875,3.8249096870422363,0.1381148497263589,0.1341849019130071,0.3500002821286519,0.3081079324086507
3,72000,0.5034965034965035,37,2,0.5,101,1536,0.685546875,0.314453125,3.9996376832326255,0.31284284591674805,0.3158782223860423,0.49999972184499103,0.44015370806058246
3,72000,0.5034965034965035,37,2,0.5,202,1536,0.6875,0.3125,4.016081651051839,0.32928681373596147,0.31744662920633954,0.4999996821085612,0.44015341997146606
3,72000,0.5034965034965035,37,2,0.5,303,1536,0.6751302083333334,0.32486979166666663,4.012360731760661,0.3255658944447837,0.3236227035522461,0.5000002880891165,0.4401540160179138
3,72000,0.5034965034965035,37,2,0.75,101,1536,0.4759114583333333,0.5240885416666667,4.754934310913086,1.0681394735972085,1.0497685074806213,0.750000019868215,0.6602310935656229
3,72000,0.5034965034965035,37,2,0.75,202,1536,0.4895833333333333,0.5104166666666667,4.709562619527181,1.0227677822113033,0.9974904656410217,0.7499999602635702,0.6602308948834738
3,72000,0.5034965034965035,37,2,0.75,303,1536,0.5006510416666666,0.49934895833333337,4.6802077293396,0.9934128920237222,1.00069793065389,0.7500002781550089,0.6602309346199036
3,72000,0.5034965034965035,37,3,0.35,101,1536,0.6061197916666666,0.39388020833333337,4.323725541432698,0.6369307041168208,0.6038814981778463,0.35000018278757733,0.36729349692662555
3,72000,0.5034965034965035,37,3,0.35,202,1536,0.6490885416666666,0.35091145833333337,4.217765887578328,0.5309710502624507,0.5154988169670105,0.3499999741713206,0.3672936161359151
3,72000,0.5034965034965035,37,3,0.35,303,1536,0.6484375,0.3515625,4.220784346262614,0.5339895089467368,0.5261484781901041,0.34999971588452655,0.3672935763994853
3,72000,0.5034965034965035,37,3,0.5,101,1536,0.46875,0.53125,4.938460985819499,1.2516661485036216,1.2041325171788533,0.5000001887480418,0.5247053702672323
3,72000,0.5034965034965035,37,3,0.5,202,1536,0.515625,0.484375,4.730185031890869,1.0433901945749917,1.0153276125590007,0.5000000794728597,0.5247045556704203
3,72000,0.5034965034965035,37,3,0.5,303,1536,0.50390625,0.49609375,4.728008270263672,1.0412134329477944,1.0199830929438274,0.5000003576278687,0.5247044761975607
3,72000,0.5034965034965035,37,3,0.75,101,1536,0.2981770833333333,0.7018229166666667,6.137155691782634,2.4503608544667563,2.4041707515716553,0.749999980131785,0.787057081858317
3,72000,0.5034965034965035,37,3,0.75,202,1536,0.3404947916666667,0.6595052083333333,5.802069346110026,2.115274508794149,2.0835726658503213,0.7500000794728597,0.78705761830012
3,72000,0.5034965034965035,37,3,0.75,303,1536,0.3313802083333333,0.6686197916666667,5.851573785146077,2.1647789478301998,2.1129326820373535,0.7500000794728597,0.787057121594747
3,72000,0.5034965034965035,37,4,0.35,101,1536,0.6471354166666666,0.35286458333333337,4.207502524058024,0.520707686742147,0.49146533012390137,0.35000016291936237,0.37773890296618146
3,72000,0.5034965034965035,37,4,0.35,202,1536,0.662109375,0.337890625,4.154101212819417,0.4673063755035396,0.4542687733968099,0.34999974568684894,0.3777381976445516
3,72000,0.5034965034965035,37,4,0.35,303,1536,0.6419270833333334,0.35807291666666663,4.190243403116862,0.5034485658009848,0.5143976807594299,0.3499995271364848,0.3777376512686412
3,72000,0.5034965034965035,37,4,0.5,101,1536,0.521484375,0.478515625,4.669525146484375,0.9827303091684976,0.9253055055936178,0.4999999403953552,0.53962641954422
3,72000,0.5034965034965035,37,4,0.5,202,1536,0.552734375,0.447265625,4.5801771481831866,0.8933823108673091,0.868410070737203,0.4999999503294627,0.5396268765131632
3,72000,0.5034965034965035,37,4,0.5,303,1536,0.51953125,0.48046875,4.634629090627034,0.9478342533111568,0.9529517889022827,0.49999985098838806,0.5396265586217245
3,72000,0.5034965034965035,37,4,0.75,101,1536,0.357421875,0.642578125,5.563632011413574,1.8768371740976968,1.7868332465489705,0.7500000596046448,0.8094396193822225
3,72000,0.5034965034965035,37,4,0.75,202,1536,0.3854166666666667,0.6145833333333333,5.44027837117513,1.7534835338592525,1.7195120255152385,0.7500000596046448,0.8094389835993449
3,72000,0.5034965034965035,37,4,0.75,303,1536,0.3704427083333333,0.6295572916666667,5.489949385325114,1.8031545480092368,1.796837329864502,0.7500000794728597,0.8094400962193807
3,72000,0.5034965034965035,37,5,0.35,101,1536,0.6608072916666666,0.33919270833333337,4.165157159169515,0.47836232185363725,0.4761010706424713,0.350000262260437,0.390072633822759
3,72000,0.5034965034965035,37,5,0.35,202,1536,0.6555989583333334,0.34440104166666663,4.129000822703044,0.4422059853871665,0.43578555186589557,0.34999992450078327,0.39007259408632916
3,72000,0.5034965034965035,37,5,0.35,303,1536,0.67578125,0.32421875,4.111849228541057,0.4250543912251792,0.4315614700317383,0.3499999940395355,0.3900727132956187
3,72000,0.5034965034965035,37,5,0.5,101,1536,0.5520833333333334,0.44791666666666663,4.6123833656311035,0.9255885283152261,0.9029016693433126,0.5000002980232239,0.5572467048962911
3,72000,0.5034965034965035,37,5,0.5,202,1536,0.5436197916666666,0.45638020833333337,4.524480024973552,0.8376851876576743,0.8145019213358561,0.49999993046124774,0.557246208190918
3,72000,0.5034965034965035,37,5,0.5,303,1536,0.5638020833333334,0.43619791666666663,4.517064253489177,0.8302694161732993,0.8319920698801676,0.5000001192092896,0.5572469631830851
3,72000,0.5034965034965035,37,5,0.75,101,1536,0.3951822916666667,0.6048177083333333,5.470729351043701,1.7839345137278237,1.7366491158803303,0.7500000993410746,0.835870107014974
3,72000,0.5034965034965035,37,5,0.75,202,1536,0.388671875,0.611328125,5.341743151346843,1.6549483140309653,1.6077849467595418,0.7499990463256836,0.8358696301778158
3,72000,0.5034965034965035,37,5,0.75,303,1536,0.3828125,0.6171875,5.355320930480957,1.6685260931650796,1.6557344595591228,0.7500001192092896,0.835869570573171
3,72000,0.5034965034965035,37,6,0.35,101,1536,0.6725260416666666,0.32747395833333337,4.086039463678996,0.39924462636311864,0.40302932262420654,0.3499995768070221,0.43327538172403973
3,72000,0.5034965034965035,37,6,0.35,202,1536,0.68359375,0.31640625,4.091716925303142,0.40492208798726415,0.4086482326189677,0.3499997754891713,0.4332755009333293
3,72000,0.5034965034965035,37,6,0.35,303,1536,0.6705729166666666,0.32942708333333337,4.133962949117024,0.447168111801147,0.41588013370831806,0.35000016291936237,0.43327638506889343
3,72000,0.5034965034965035,37,6,0.5,101,1536,0.55078125,0.44921875,4.463810920715332,0.7770160833994546,0.76665860414505,0.49999967217445374,0.6189651687939962
3,72000,0.5034965034965035,37,6,0.5,202,1536,0.5826822916666666,0.41731770833333337,4.448482195536296,0.7616873582204184,0.7610210577646891,0.4999999403953552,0.6189661026000977
3,72000,0.5034965034965035,37,6,0.5,303,1536,0.5638020833333334,0.43619791666666663,4.516965866088867,0.8301710287729898,0.7839855353037516,0.4999998410542806,0.6189654270807902
3,72000,0.5034965034965035,37,6,0.75,101,1536,0.3977864583333333,0.6022135416666667,5.219321568806966,1.5325267314910884,1.4982110261917114,0.7499996026357015,0.9284476836522421
3,72000,0.5034965034965035,37,6,0.75,202,1536,0.423828125,0.576171875,5.187379519144694,1.5005846818288169,1.4860792954762776,0.7499999006589254,0.9284481604894003
3,72000,0.5034965034965035,37,6,0.75,303,1536,0.419921875,0.580078125,5.240018526713054,1.5532236893971763,1.506941278775533,0.7499998609224955,0.9284488956133524
3,72000,0.5034965034965035,37,7,0.35,101,1536,0.7194010416666666,0.28059895833333337,4.032237688700358,0.34544285138448094,0.3421166737874349,0.35000014305114746,0.4699999491373698
3,72000,0.5034965034965035,37,7,0.35,202,1536,0.7109375,0.2890625,4.03828763961792,0.3514928023020425,0.35542317231496173,0.3500002721945445,0.4699992537498474
3,72000,0.5034965034965035,37,7,0.35,303,1536,0.6946614583333334,0.30533854166666663,3.992058197657267,0.3052633603413897,0.3298268715540568,0.3500001132488251,0.46999889612197876
3,72000,0.5034965034965035,37,7,0.5,101,1536,0.6197916666666666,0.38020833333333337,4.328132152557373,0.6413373152414956,0.6337958772977194,0.5000001688798269,0.6714272300402323
3,72000,0.5034965034965035,37,7,0.5,202,1536,0.591796875,0.408203125,4.3427683512369795,0.655973513921102,0.658243993918101,0.5000001192092896,0.6714271903038025
3,72000,0.5034965034965035,37,7,0.5,303,1536,0.6041666666666666,0.39583333333333337,4.264388243357341,0.5775934060414634,0.6096871495246887,0.5000003178914388,0.671428362528483
3,72000,0.5034965034965035,37,7,0.75,101,1536,0.4765625,0.5234375,4.922651608784993,1.2358567714691158,1.2229671875635784,0.7500006357828776,1.0071423848470051
3,72000,0.5034965034965035,37,7,0.75,202,1536,0.4635416666666667,0.5364583333333333,4.963112831115723,1.2763179937998452,1.2766557534535725,0.7500002185503641,1.0071415106455486
3,72000,0.5034965034965035,37,7,0.75,303,1536,0.4583333333333333,0.5416666666666667,4.8475111325581866,1.1607162952423091,1.19134255250295,0.7499998013178507,1.0071420073509216
3,72000,0.5034965034965035,37,8,0.35,101,1536,0.6927083333333334,0.30729166666666663,4.007086118062337,0.3202912807464595,0.32408978541692096,0.35000041127204895,0.5651986598968506
3,72000,0.5034965034965035,37,8,0.35,202,1536,0.7265625,0.2734375,3.9743873278299966,0.28759249051411917,0.30632323026657104,0.3499998648961385,0.5651978850364685
3,72000,0.5034965034965035,37,8,0.35,303,1536,0.685546875,0.314453125,4.01602029800415,0.32922546068827296,0.32030539711316425,0.3499997854232788,0.5651970704396566
3,72000,0.5034965034965035,37,8,0.5,101,1536,0.6041666666666666,0.39583333333333337,4.30055570602417,0.6137608687082925,0.6033880710601807,0.49999962250391644,0.8074249625205994
3,72000,0.5034965034965035,37,8,0.5,202,1536,0.6276041666666666,0.37239583333333337,4.247825622558594,0.5610307852427163,0.5752759973208109,0.5000000397364298,0.8074256777763367
3,72000,0.5034965034965035,37,8,0.5,303,1536,0.580078125,0.419921875,4.320101420084636,0.6333065827687583,0.6056929628054301,0.4999998211860657,0.8074249823888143
3,72000,0.5034965034965035,37,8,0.75,101,1536,0.4446614583333333,0.5553385416666667,4.909808158874512,1.2230133215586343,1.1917133331298828,0.7499996821085612,1.2111385663350422
3,72000,0.5034965034965035,37,8,0.75,202,1536,0.4752604166666667,0.5247395833333333,4.835919539133708,1.1491247018178306,1.1556200583775837,0.7500002185503641,1.2111386855443318
3,72000,0.5034965034965035,37,8,0.75,303,1536,0.4427083333333333,0.5572916666666667,4.949969450632731,1.263174613316854,1.207953929901123,0.7499998609224955,1.211138407389323
3,72000,0.5034965034965035,37,9,0.35,101,1536,0.7063802083333334,0.29361979166666663,3.983140150705973,0.29634531339009573,0.30436135331789654,0.3500002721945445,0.6707738637924194
3,72000,0.5034965034965035,37,9,0.35,202,1536,0.708984375,0.291015625,3.9896604220072427,0.30286558469136526,0.30219753583272296,0.34999996423721313,0.6707731286684672
3,72000,0.5034965034965035,37,9,0.35,303,1536,0.6979166666666666,0.30208333333333337,4.016252676645915,0.3294578393300376,0.3090051511923472,0.35000014305114746,0.6707731485366821
3,72000,0.5034965034965035,37,9,0.5,101,1536,0.6158854166666666,0.38411458333333337,4.261098066965739,0.5743032296498618,0.580669085184733,0.5000004967053732,0.9582488934199015
3,72000,0.5034965034965035,37,9,0.5,202,1536,0.609375,0.390625,4.265621503194173,0.5788266658782955,0.5730109612147013,0.49999980131785077,0.9582466085751852
3,72000,0.5034965034965035,37,9,0.5,303,1536,0.5885416666666666,0.41145833333333337,4.297220706939697,0.6104258696238198,0.582192579905192,0.4999998410542806,0.9582481185595194
3,72000,0.5034965034965035,37,9,0.75,101,1536,0.4466145833333333,0.5533854166666667,4.854397296905518,1.1676024595896402,1.1735923290252686,0.7499997814496359,1.4373706181844075
3,72000,0.5034965034965035,37,9,0.75,202,1536,0.4446614583333333,0.5553385416666667,4.846935272216797,1.1601404349009194,1.152775804201762,0.7500001986821493,1.4373725652694702
3,72000,0.5034965034965035,37,9,0.75,303,1536,0.4485677083333333,0.5514322916666667,4.878579457600911,1.1917846202850337,1.15912926197052,0.7500001589457194,1.4373719294865925
3,72000,0.5034965034965035,37,10,0.35,101,1536,0.716796875,0.283203125,3.940730253855387,0.2539354165395098,0.26903921365737915,0.35000039140383404,0.7955930034319559
3,72000,0.5034965034965035,37,10,0.35,202,1536,0.7115885416666666,0.28841145833333337,3.94412628809611,0.25733145078023245,0.26795711119969684,0.35000020265579224,0.7955927054087321
3,72000,0.5034965034965035,37,10,0.35,303,1536,0.7044270833333334,0.29557291666666663,3.9518558184305825,0.2650609811147051,0.2702473650376002,0.3500003417332967,0.7955928444862366
3,72000,0.5034965034965035,37,10,0.5,101,1536,0.6171875,0.3828125,4.182537794113159,0.49574295679728175,0.5122366944948832,0.5000000496705373,1.1365600029627483
3,72000,0.5034965034965035,37,10,0.5,202,1536,0.6184895833333334,0.38151041666666663,4.19167693456014,0.5048820972442623,0.5129856467247009,0.49999986092249554,1.1365601221720378
3,72000,0.5034965034965035,37,10,0.5,303,1536,0.6204427083333334,0.37955729166666663,4.194519678751628,0.5077248414357505,0.5121216376622518,0.4999997913837433,1.1365596453348796
3,72000,0.5034965034965035,37,10,0.75,101,1536,0.4733072916666667,0.5266927083333333,4.712063153584798,1.0252683162689205,1.042798936367035,0.7500000993410746,1.7048404216766357
3,72000,0.5034965034965035,37,10,0.75,202,1536,0.4739583333333333,0.5260416666666667,4.731722990671794,1.0449281533559165,1.0454697211583455,0.7500002384185791,1.704840620358785
3,72000,0.5034965034965035,37,10,0.75,303,1536,0.4928385416666667,0.5071614583333333,4.7208577791849775,1.0340629418691,1.0314047733942668,0.7500001589457194,1.7048408190409343
3,143000,1.0,11,1,0.35,101,1536,0.75,0.25,3.924362579981486,0.14412013689676906,0.1624081333478292,0.35000018278757733,0.1415242999792099
3,143000,1.0,11,1,0.35,202,1536,0.7682291666666666,0.23177083333333337,3.9359633922576904,0.15572094917297363,0.15068415800730386,0.3500000834465027,0.14152425527572632
3,143000,1.0,11,1,0.35,303,1536,0.7766927083333334,0.22330729166666663,3.9621355533599854,0.18189311027526855,0.14744273821512857,0.3499997059504191,0.14152411619822183
3,143000,1.0,11,1,0.5,101,1536,0.646484375,0.353515625,4.143763542175293,0.36352109909057617,0.37161869804064435,0.5000000596046448,0.20217748483022055
3,143000,1.0,11,1,0.5,202,1536,0.6725260416666666,0.32747395833333337,4.134839375813802,0.354596932729085,0.34001248081525165,0.5,0.20217746992905936
3,143000,1.0,11,1,0.5,303,1536,0.646484375,0.353515625,4.165183464686076,0.38494102160135935,0.35134249925613403,0.5000000596046448,0.20217751463254294
3,143000,1.0,11,1,0.75,101,1536,0.4680989583333333,0.5319010416666667,4.8071208000183105,1.0268783569335938,1.0115385452906291,0.7500000993410746,0.3032662371794383
3,143000,1.0,11,1,0.75,202,1536,0.482421875,0.517578125,4.797812461853027,1.0175700187683105,0.9631321231524149,0.7500000794728597,0.30326621731122333
3,143000,1.0,11,1,0.75,303,1536,0.466796875,0.533203125,4.863382498423259,1.083140055338542,1.0282575488090515,0.7500001986821493,0.3032662769158681
3,143000,1.0,11,2,0.35,101,1536,0.7669270833333334,0.23307291666666663,3.9373706181844077,0.1571281750996909,0.1564404567082723,0.34999994436899823,0.16171392301718393
3,143000,1.0,11,2,0.35,202,1536,0.7884114583333334,0.21158854166666663,3.9455409049987793,0.1652984619140625,0.15561440090338388,0.350000262260437,0.16171414156754813
3,143000,1.0,11,2,0.35,303,1536,0.7669270833333334,0.23307291666666663,3.923206885655721,0.14296444257100438,0.16164369384447733,0.34999995430310565,0.1617139627536138
3,143000,1.0,11,2,0.5,101,1536,0.658203125,0.341796875,4.138076305389404,0.3578338623046875,0.34718918800354004,0.5000001986821493,0.2310200035572052
3,143000,1.0,11,2,0.5,202,1536,0.6881510416666666,0.31184895833333337,4.162755012512207,0.38251256942749023,0.34313076734542847,0.5,0.23101994395256042
3,143000,1.0,11,2,0.5,303,1536,0.669921875,0.330078125,4.125977595647176,0.345735152562459,0.3526591658592224,0.49999962250391644,0.23101969063282013
3,143000,1.0,11,2,0.75,101,1536,0.4954427083333333,0.5045572916666667,4.775236447652181,0.9949940045674639,0.9480709632237753,0.7499997218449911,0.34652984142303467
3,143000,1.0,11,2,0.75,202,1536,0.4967447916666667,0.5032552083333333,4.819653352101644,1.0394109090169268,0.9388840993245443,0.7500001192092896,0.3465299407641093
3,143000,1.0,11,2,0.75,303,1536,0.49609375,0.50390625,4.747534275054932,0.9672918319702148,0.9478905995686849,0.7500001390775045,0.3465300301710765
3,143000,1.0,11,3,0.35,101,1536,0.6145833333333334,0.38541666666666663,4.39596954981486,0.6157271067301435,0.5793538093566895,0.3500000238418579,0.19687210023403168
3,143000,1.0,11,3,0.35,202,1536,0.650390625,0.349609375,4.255137920379639,0.4748954772949219,0.5008334914843241,0.34999996423721313,0.19687203566233316
3,143000,1.0,11,3,0.35,303,1536,0.62890625,0.37109375,4.2996697425842285,0.5194272994995117,0.5498265624046326,0.35000033179918927,0.19687256713708243
3,143000,1.0,11,3,0.5,101,1536,0.48046875,0.51953125,5.035951137542725,1.2557086944580078,1.1618026693662007,0.4999997615814209,0.2812456786632538
3,143000,1.0,11,3,0.5,202,1536,0.5279947916666666,0.47200520833333337,4.71301809946696,0.9327756563822431,0.9499109586079916,0.5000000894069672,0.28124574820200604
3,143000,1.0,11,3,0.5,303,1536,0.4869791666666667,0.5130208333333333,4.850020408630371,1.0697779655456543,1.0641361474990845,0.49999983112017315,0.2812454005082448
3,143000,1.0,11,3,0.75,101,1536,0.2955729166666667,0.7044270833333333,6.370288848876953,2.5900464057922363,2.3738931814829507,0.7500003973642985,0.42186901966730755
3,143000,1.0,11,3,0.75,202,1536,0.3385416666666667,0.6614583333333333,5.7495443026224775,1.9693018595377607,1.9488231738408406,0.7500002781550089,0.4218687017758687
3,143000,1.0,11,3,0.75,303,1536,0.30078125,0.69921875,6.047066847483317,2.2668244043986006,2.1683000723520913,0.7499999205271403,0.4218685030937195
3,143000,1.0,11,4,0.35,101,1536,0.6321614583333334,0.36783854166666663,4.262594223022461,0.48235177993774414,0.5032863020896912,0.34999998410542804,0.21099709471066794
3,143000,1.0,11,4,0.35,202,1536,0.6412760416666666,0.35872395833333337,4.306486447652181,0.5262440045674639,0.5270599623521169,0.350000003973643,0.21099734803040823
3,143000,1.0,11,4,0.35,303,1536,0.638671875,0.361328125,4.300477186838786,0.5202347437540693,0.5204044580459595,0.34999992450078327,0.2109968364238739
3,143000,1.0,11,4,0.5,101,1536,0.515625,0.484375,4.739426612854004,0.9591841697692871,0.9517606894175211,0.5000000695387522,0.30142468214035034
3,143000,1.0,11,4,0.5,202,1536,0.4967447916666667,0.5032552083333333,4.796430905659993,1.0161884625752764,0.9905675649642944,0.49999993046124774,0.30142447352409363
3,143000,1.0,11,4,0.5,303,1536,0.513671875,0.486328125,4.8250735600789385,1.0448311169942217,1.006481369336446,0.4999995330969493,0.30142415563265484
3,143000,1.0,11,4,0.75,101,1536,0.3365885416666667,0.6634114583333333,5.815151214599609,2.0349087715148926,1.9481244087219238,0.7500000397364298,0.45213762919108075
3,143000,1.0,11,4,0.75,202,1536,0.3365885416666667,0.6634114583333333,5.865979194641113,2.0857367515563965,1.9713589350382488,0.7499996821085612,0.45213690400123596
3,143000,1.0,11,4,0.75,303,1536,0.3274739583333333,0.6725260416666667,5.8911746342976885,2.1109321912129717,2.00234325726827,0.7500004569689432,0.45213741064071655
3,143000,1.0,11,5,0.35,101,1536,0.6770833333333334,0.32291666666666663,4.21064297358195,0.43040053049723337,0.4322878022988637,0.3499999940395355,0.2175213247537613
3,143000,1.0,11,5,0.35,202,1536,0.6842447916666666,0.31575520833333337,4.207933266957601,0.4276908238728838,0.4265691936016083,0.35000012318293255,0.2175211807092031
3,143000,1.0,11,5,0.35,303,1536,0.6790364583333334,0.32096354166666663,4.213579495747884,0.433337052663167,0.44664470354715985,0.34999991456667584,0.21752161780993143
3,143000,1.0,11,5,0.5,101,1536,0.568359375,0.431640625,4.588875770568848,0.8086333274841309,0.789051870505015,0.49999962250391644,0.31074434518814087
3,143000,1.0,11,5,0.5,202,1536,0.55078125,0.44921875,4.596055507659912,0.8158130645751953,0.7877761324246725,0.4999997814496358,0.3107450306415558
3,143000,1.0,11,5,0.5,303,1536,0.5638020833333334,0.43619791666666663,4.595466613769531,0.8152241706848145,0.813004712263743,0.5000002781550089,0.31074510018030804
3,143000,1.0,11,5,0.75,101,1536,0.3990885416666667,0.6009114583333333,5.431152820587158,1.6509103775024414,1.5510690609614055,0.7500003178914388,0.4661170740922292
3,143000,1.0,11,5,0.75,202,1536,0.4016927083333333,0.5983072916666667,5.434117158253987,1.6538747151692705,1.5680954853693645,0.7499996423721313,0.46611695488293964
3,143000,1.0,11,5,0.75,303,1536,0.3932291666666667,0.6067708333333333,5.419389883677165,1.6391474405924482,1.580851952234904,0.7500001390775045,0.4661172429720561
3,143000,1.0,11,6,0.35,101,1536,0.70703125,0.29296875,4.162859280904134,0.382616837819417,0.38495391607284546,0.35000017285346985,0.25245105226834613
3,143000,1.0,11,6,0.35,202,1536,0.6783854166666666,0.32161458333333337,4.189028104146321,0.4087856610616045,0.40307172139485675,0.350000003973643,0.2524508734544118
3,143000,1.0,11,6,0.35,303,1536,0.671875,0.328125,4.198526064554851,0.41828362147013376,0.3918337821960449,0.3499997953573863,0.2524507939815521
3,143000,1.0,11,6,0.5,101,1536,0.5904947916666666,0.40950520833333337,4.500536759694417,0.7202943166097002,0.7045711080233256,0.4999995827674866,0.3606441617012024
3,143000,1.0,11,6,0.5,202,1536,0.576171875,0.423828125,4.547242641448975,0.7670001983642578,0.7379215359687805,0.4999999900658925,0.3606444795926412
3,143000,1.0,11,6,0.5,303,1536,0.5768229166666666,0.42317708333333337,4.549437840779622,0.7691953976949053,0.7216323415438334,0.4999999801317851,0.3606441517670949
3,143000,1.0,11,6,0.75,101,1536,0.419921875,0.580078125,5.261765797932942,1.4815233548482256,1.4270646174748738,0.7500004967053732,0.5409665505091349
3,143000,1.0,11,6,0.75,202,1536,0.42578125,0.57421875,5.34330940246582,1.5630669593811035,1.4592916170756023,0.7500003973642985,0.5409664312998453
3,143000,1.0,11,6,0.75,303,1536,0.4309895833333333,0.5690104166666667,5.31563933690389,1.5353968938191729,1.4254813194274902,0.7500000596046448,0.5409665505091349
3,143000,1.0,11,7,0.35,101,1536,0.7057291666666666,0.29427083333333337,4.1884762446085615,0.4082338015238447,0.3623000184694926,0.3499999940395355,0.28209911783536273
3,143000,1.0,11,7,0.35,202,1536,0.7005208333333334,0.29947916666666663,4.164159774780273,0.38391733169555664,0.3669742941856384,0.3499999940395355,0.2820988396803538
3,143000,1.0,11,7,0.35,303,1536,0.6875,0.3125,4.155831813812256,0.37558937072753906,0.3687862157821655,0.35000015298525494,0.2820986906687419
3,143000,1.0,11,7,0.5,101,1536,0.5983072916666666,0.40169270833333337,4.50760285059611,0.7273604075113935,0.6522036989529928,0.5000002880891165,0.4029981891314189
3,143000,1.0,11,7,0.5,202,1536,0.5852864583333334,0.41471354166666663,4.472447554270427,0.6922051111857099,0.6596330404281616,0.4999999403953552,0.40299801031748456
3,143000,1.0,11,7,0.5,303,1536,0.5826822916666666,0.41731770833333337,4.471118291219075,0.6908758481343584,0.6677212715148926,0.4999996821085612,0.4029979209105174
3,143000,1.0,11,7,0.75,101,1536,0.4381510416666667,0.5618489583333333,5.207307815551758,1.427065372467041,1.3033259709676106,0.7500008742014567,0.6044976711273193
3,143000,1.0,11,7,0.75,202,1536,0.416015625,0.583984375,5.1329959233601885,1.3527534802754717,1.3044733603795369,0.7500002781550089,0.604497234026591
3,143000,1.0,11,7,0.75,303,1536,0.427734375,0.572265625,5.175504048665364,1.3952616055806475,1.3280649582544963,0.7500001788139343,0.6044975320498148
3,143000,1.0,11,8,0.35,101,1536,0.6881510416666666,0.31184895833333337,4.087781985600789,0.3075395425160723,0.33566086490948993,0.35000036160151166,0.31833772857983905
3,143000,1.0,11,8,0.35,202,1536,0.6979166666666666,0.30208333333333337,4.140171051025391,0.35992860794067383,0.34150977929433185,0.35000022252400714,0.31833720207214355
3,143000,1.0,11,8,0.35,303,1536,0.70703125,0.29296875,4.091180721918742,0.31093827883402536,0.3305838306744893,0.3500000238418579,0.3183368643124898
3,143000,1.0,11,8,0.5,101,1536,0.591796875,0.408203125,4.369067668914795,0.5888252258300781,0.6086619893709818,0.49999969204266864,0.45476752519607544
3,143000,1.0,11,8,0.5,202,1536,0.58984375,0.41015625,4.427914937337239,0.6476724942525225,0.6166343887646993,0.4999998410542806,0.4547672172387441
3,143000,1.0,11,8,0.5,303,1536,0.603515625,0.396484375,4.367815812428792,0.5875733693440752,0.60013480981191,0.4999997715155284,0.4547678927580516
3,143000,1.0,11,8,0.75,101,1536,0.439453125,0.560546875,5.002965768178304,1.222723325093587,1.2165841658910115,0.7500007549921671,0.6821515162785848
3,143000,1.0,11,8,0.75,202,1536,0.4453125,0.5546875,5.063925266265869,1.2836828231811523,1.2237030267715454,0.7500003774960836,0.6821514368057251
3,143000,1.0,11,8,0.75,303,1536,0.4342447916666667,0.5657552083333333,5.019038041432698,1.2387955983479815,1.210558295249939,0.7500002781550089,0.682151218255361
3,143000,1.0,11,9,0.35,101,1536,0.7018229166666666,0.29817708333333337,4.108614842096965,0.328372399012248,0.31749264399210614,0.35000014305114746,0.3530570864677429
3,143000,1.0,11,9,0.35,202,1536,0.67578125,0.32421875,4.112960020701091,0.332717577616374,0.31159812211990356,0.34999991456667584,0.35305702686309814
3,143000,1.0,11,9,0.35,303,1536,0.73046875,0.26953125,4.087192058563232,0.3069496154785156,0.3145272930463155,0.3499997556209564,0.3530567487080892
3,143000,1.0,11,9,0.5,101,1536,0.6022135416666666,0.39778645833333337,4.371005058288574,0.5907626152038574,0.5630182425181071,0.5000000993410746,0.5043671627839407
3,143000,1.0,11,9,0.5,202,1536,0.5826822916666666,0.41731770833333337,4.3824232419331866,0.6021807988484698,0.5609898169835409,0.5000002284844717,0.5043673714001974
3,143000,1.0,11,9,0.5,303,1536,0.6263020833333334,0.37369791666666663,4.338243802388509,0.558001359303792,0.5612250169118246,0.5000002185503641,0.5043671429157257
3,143000,1.0,11,9,0.75,101,1536,0.453125,0.546875,4.9575150807698565,1.1772726376851397,1.1169276634852092,0.749999980131785,0.7565510074297587
3,143000,1.0,11,9,0.75,202,1536,0.443359375,0.556640625,4.974457581837972,1.194215138753255,1.1130337317784627,0.750000536441803,0.7565513849258423
3,143000,1.0,11,9,0.75,303,1536,0.478515625,0.521484375,4.909611225128174,1.129368782043457,1.11543603738149,0.7499997814496359,0.7565506299336752
3,143000,1.0,11,10,0.35,101,1536,0.732421875,0.267578125,4.057431221008301,0.277188777923584,0.24711808562278748,0.34999998410542804,0.3731907407442729
3,143000,1.0,11,10,0.35,202,1536,0.7545572916666666,0.24544270833333337,4.05906327565511,0.2788208325703936,0.24861058592796326,0.3500003516674042,0.37319086988766986
3,143000,1.0,11,10,0.35,303,1536,0.7376302083333334,0.26236979166666663,4.020010630289714,0.23976818720499704,0.2403633842865626,0.35000016291936237,0.37319080034891766
3,143000,1.0,11,10,0.5,101,1536,0.6471354166666666,0.35286458333333337,4.290249029795329,0.5100065867106123,0.46045827865600586,0.5000003178914388,0.5331296324729919
3,143000,1.0,11,10,0.5,202,1536,0.6510416666666666,0.34895833333333337,4.286044597625732,0.5058021545410156,0.4608709712823232,0.5000000993410746,0.5331297119458517
3,143000,1.0,11,10,0.5,303,1536,0.6432291666666666,0.35677083333333337,4.229887167612712,0.4496447245279951,0.45167276263237,0.5,0.5331295728683472
3,143000,1.0,11,10,0.75,101,1536,0.4895833333333333,0.5104166666666667,4.800033728281657,1.0197912851969404,0.9437639117240906,0.7499996622403463,0.7996940811475118
3,143000,1.0,11,10,0.75,202,1536,0.5078125,0.4921875,4.789923985799153,1.0096815427144366,0.9341058731079102,0.7500002980232239,0.7996944785118103
3,143000,1.0,11,10,0.75,303,1536,0.5,0.5,4.712723096211751,0.9324806531270342,0.9268560806910197,0.75,0.799694279829661
3,143000,1.0,23,1,0.35,101,1536,0.759765625,0.240234375,3.907686392466227,0.1444221337636309,0.16044730444749197,0.35000019272168476,0.1420384148756663
3,143000,1.0,23,1,0.35,202,1536,0.7643229166666666,0.23567708333333337,3.916389306386312,0.15312504768371582,0.15613970160484314,0.35000019272168476,0.1420384148756663
3,143000,1.0,23,1,0.35,303,1536,0.755859375,0.244140625,3.9167182445526123,0.15345398585001613,0.15929103394349417,0.34999993443489075,0.1420383354028066
3,143000,1.0,23,1,0.5,101,1536,0.6692708333333334,0.33072916666666663,4.115291436513265,0.3520271778106685,0.3668222328027089,0.5000002582867941,0.2029120276371638
3,143000,1.0,23,1,0.5,202,1536,0.6510416666666666,0.34895833333333337,4.131699244181315,0.3684349854787192,0.3639877438545227,0.49999985098838806,0.20291184385617575
3,143000,1.0,23,1,0.5,303,1536,0.66015625,0.33984375,4.112892309824626,0.34962805112202977,0.3571009437243144,0.4999999701976776,0.20291190346082053
3,143000,1.0,23,1,0.75,101,1536,0.49609375,0.50390625,4.769332567850749,1.0060683091481528,1.004951576391856,0.7499998410542806,0.3043678204218547
3,143000,1.0,23,1,0.75,202,1536,0.48828125,0.51171875,4.775058587392171,1.0117943286895748,0.9954854647318522,0.75,0.3043678899606069
3,143000,1.0,23,1,0.75,303,1536,0.4921875,0.5078125,4.754488468170166,0.9912242094675698,0.9765489300092062,0.7499998410542806,0.3043678402900696
3,143000,1.0,23,2,0.35,101,1536,0.7669270833333334,0.23307291666666663,3.8859092394510903,0.12264498074849417,0.14150374134381613,0.34999968608220416,0.1598914017279943
3,143000,1.0,23,2,0.35,202,1536,0.779296875,0.220703125,3.898590882619222,0.13532662391662598,0.14228742321332297,0.3499998350938161,0.15989159047603607
3,143000,1.0,23,2,0.35,303,1536,0.7890625,0.2109375,3.879061142603556,0.11579688390095999,0.14316417276859283,0.3499999741713206,0.15989151100317636
3,143000,1.0,23,2,0.5,101,1536,0.6803385416666666,0.31966145833333337,4.0581332842508955,0.2948690255482993,0.3081716299057007,0.5000006953875223,0.22841679553190866
3,143000,1.0,23,2,0.5,202,1536,0.6842447916666666,0.31575520833333337,4.070845286051433,0.3075810273488364,0.3170589705308278,0.5000004569689432,0.22841675082842508
3,143000,1.0,23,2,0.5,303,1536,0.703125,0.296875,4.055048704147339,0.2917844454447427,0.31652823090553284,0.4999997516473134,0.22841652234395346
3,143000,1.0,23,2,0.75,101,1536,0.505859375,0.494140625,4.640740076700847,0.8774758179982505,0.8554443120956421,0.7500002185503641,0.3426249027252197
3,143000,1.0,23,2,0.75,202,1536,0.525390625,0.474609375,4.657581965128581,0.8943177064259848,0.8867242336273193,0.7499996622403463,0.3426247139771779
3,143000,1.0,23,2,0.75,303,1536,0.5182291666666666,0.48177083333333337,4.66556453704834,0.9023002783457437,0.8966624935468038,0.7500000794728597,0.34262489279111225
3,143000,1.0,23,3,0.35,101,1536,0.6419270833333334,0.35807291666666663,4.276876290639241,0.5136120319366451,0.5027788281440735,0.3500000635782878,0.1942065010468165
3,143000,1.0,23,3,0.35,202,1536,0.6399739583333334,0.36002604166666663,4.248900254567464,0.4856359958648677,0.5031480093797048,0.3499997357527415,0.19420636693636575
3,143000,1.0,23,3,0.35,303,1536,0.6497395833333334,0.35026041666666663,4.297529061635335,0.5342648029327388,0.5205063223838806,0.34999966621398926,0.19420598447322845
3,143000,1.0,23,3,0.5,101,1536,0.5208333333333334,0.47916666666666663,4.738684972127278,0.9754207134246822,0.9394654830296835,0.49999990065892536,0.27743786573410034
3,143000,1.0,23,3,0.5,202,1536,0.5390625,0.4609375,4.694833437601726,0.9315691788991294,0.9312257766723633,0.5000001092751821,0.2774377365907033
3,143000,1.0,23,3,0.5,303,1536,0.525390625,0.474609375,4.779161294301351,1.0158970355987544,0.9698932568232218,0.4999995330969493,0.27743757764498395
3,143000,1.0,23,3,0.75,101,1536,0.3528645833333333,0.6471354166666667,5.740455150604248,1.9771908919016519,1.8910384972890217,0.7500005563100179,0.4161568780740102
3,143000,1.0,23,3,0.75,202,1536,0.3782552083333333,0.6217447916666667,5.654621601104736,1.8913573424021402,1.831982692082723,0.7500004967053732,0.41615668932596844
3,143000,1.0,23,3,0.75,303,1536,0.359375,0.640625,5.8050079345703125,2.0417436758677163,1.9434585173924763,0.7499997417132059,0.4161562919616699
3,143000,1.0,23,4,0.35,101,1536,0.6516927083333334,0.34830729166666663,4.27384599049886,0.5105817317962642,0.5127620995044708,0.3499999940395355,0.2088486651579539
3,143000,1.0,23,4,0.35,202,1536,0.6588541666666666,0.34114583333333337,4.2908393541971845,0.5275750954945884,0.5123326579729716,0.34999961654345196,0.2088478704293569
3,143000,1.0,23,4,0.35,303,1536,0.654296875,0.345703125,4.291226863861084,0.5279626051584878,0.5261524220307668,0.3499998152256012,0.2088486353556315
3,143000,1.0,23,4,0.5,101,1536,0.5286458333333334,0.47135416666666663,4.7643537521362305,1.0010894934336343,0.9578431844711304,0.5000001986821493,0.2983555297056834
3,143000,1.0,23,4,0.5,202,1536,0.544921875,0.455078125,4.792644023895264,1.0293797651926675,0.9874460498491923,0.5000002384185791,0.29835566878318787
3,143000,1.0,23,4,0.5,303,1536,0.5247395833333334,0.47526041666666663,4.804847399393718,1.0415831406911216,1.0133468707402546,0.4999999701976776,0.2983551224072774
3,143000,1.0,23,4,0.75,101,1536,0.3606770833333333,0.6393229166666667,5.819769064585368,2.056504805882772,1.942266583442688,0.7500001192092896,0.44753297170003253
3,143000,1.0,23,4,0.75,202,1536,0.365234375,0.634765625,5.8976138432820635,2.1343495845794673,2.042909542719523,0.7500002185503641,0.447532852490743
3,143000,1.0,23,4,0.75,303,1536,0.3541666666666667,0.6458333333333333,5.840995629628499,2.077731370925903,2.006159941355387,0.7499996423721313,0.44753243525822956
3,143000,1.0,23,5,0.35,101,1536,0.6725260416666666,0.32747395833333337,4.207593599955241,0.444329341252645,0.44589441021283466,0.3500003119309743,0.21626517176628113
3,143000,1.0,23,5,0.35,202,1536,0.6848958333333334,0.31510416666666663,4.188992897669475,0.4257286389668784,0.4302460153897603,0.3500003417332967,0.21626502772172293
3,143000,1.0,23,5,0.35,303,1536,0.67578125,0.32421875,4.214011987050374,0.4507477283477779,0.44191767772038776,0.3500000437100728,0.21626484394073486
3,143000,1.0,23,5,0.5,101,1536,0.5625,0.4375,4.617694854736328,0.854430596033732,0.8135146299997965,0.5000002682209015,0.3089500367641449
3,143000,1.0,23,5,0.5,202,1536,0.568359375,0.431640625,4.56007734934489,0.7968130906422934,0.7962742249170939,0.500000129143397,0.3089500367641449
3,143000,1.0,23,5,0.5,303,1536,0.5703125,0.4296875,4.554291725158691,0.7910274664560952,0.7796435157457987,0.500000019868215,0.30895010630289715
3,143000,1.0,23,5,0.75,101,1536,0.3958333333333333,0.6041666666666667,5.4724728266398115,1.7092085679372153,1.590912103652954,0.7500000794728597,0.46342505017916363
3,143000,1.0,23,5,0.75,202,1536,0.4036458333333333,0.5963541666666667,5.394674460093181,1.6314102013905845,1.6005603869756062,0.7500002781550089,0.463425209124883
3,143000,1.0,23,5,0.75,303,1536,0.4225260416666667,0.5774739583333333,5.308465798695882,1.5452015399932857,1.4936630725860596,0.7499998013178507,0.4634244938691457
3,143000,1.0,23,6,0.35,101,1536,0.6803385416666666,0.31966145833333337,4.158062934875488,0.3947986761728921,0.3818929195404053,0.35000038146972656,0.25047410527865094
3,143000,1.0,23,6,0.35,202,1536,0.6868489583333334,0.31315104166666663,4.170881271362305,0.4076170126597085,0.3987023929754893,0.35000018278757733,0.2504740407069524
3,143000,1.0,23,6,0.35,303,1536,0.6744791666666666,0.32552083333333337,4.1895467440287275,0.42628248532613133,0.4161812762419383,0.34999972581863403,0.25047355393568677
3,143000,1.0,23,6,0.5,101,1536,0.568359375,0.431640625,4.519721508026123,0.7564572493235269,0.7191677093505859,0.49999964237213135,0.3578195472558339
3,143000,1.0,23,6,0.5,202,1536,0.5774739583333334,0.42252604166666663,4.551773548126221,0.7885092894236245,0.7484717766443888,0.5000001887480418,0.35781948765118915
3,143000,1.0,23,6,0.5,303,1536,0.5774739583333334,0.42252604166666663,4.553613821665446,0.7903495629628501,0.7559878826141357,0.5000004768371582,0.3578200836976369
3,143000,1.0,23,6,0.75,101,1536,0.3919270833333333,0.6080729166666667,5.327580451965332,1.5643161932627359,1.4781538645426433,0.7499997814496359,0.5367297530174255
3,143000,1.0,23,6,0.75,202,1536,0.412109375,0.587890625,5.326827049255371,1.563562790552775,1.482565442721049,0.7500009735425314,0.5367304086685181
3,143000,1.0,23,6,0.75,303,1536,0.4296875,0.5703125,5.356918017069499,1.5936537583669028,1.4815769990285237,0.7499995231628418,0.5367293556531271
3,143000,1.0,23,7,0.35,101,1536,0.671875,0.328125,4.1414469083150225,0.3781826496124263,0.3747803370157878,0.3499999741713206,0.2811354597409566
3,143000,1.0,23,7,0.35,202,1536,0.705078125,0.294921875,4.102273623148601,0.3390093644460044,0.35678818821907043,0.34999991456667584,0.28113557895024616
3,143000,1.0,23,7,0.35,303,1536,0.697265625,0.302734375,4.126127163569133,0.3628629048665366,0.3666953941186269,0.3499996066093445,0.2811352213223775
3,143000,1.0,23,7,0.5,101,1536,0.568359375,0.431640625,4.471317291259766,0.7080530325571694,0.6935580372810364,0.49999966224034625,0.4016220768292745
3,143000,1.0,23,7,0.5,202,1536,0.599609375,0.400390625,4.410137176513672,0.6468729178110757,0.6475634177525839,0.4999999701976776,0.4016222258408864
3,143000,1.0,23,7,0.5,303,1536,0.5963541666666666,0.40364583333333337,4.450038909912109,0.6867746512095132,0.682946523030599,0.5000002185503641,0.40162232518196106
3,143000,1.0,23,7,0.75,101,1536,0.42578125,0.57421875,5.177990754445394,1.4147264957427974,1.384952147801717,0.7500000794728597,0.6024329861005148
3,143000,1.0,23,7,0.75,202,1536,0.455078125,0.544921875,5.079875628153483,1.3166113694508872,1.30815593401591,0.7499999205271403,0.6024329662322998
3,143000,1.0,23,7,0.75,303,1536,0.4296875,0.5703125,5.171408971150716,1.4081447124481197,1.378317912419637,0.7499997615814209,0.602433423201243
3,143000,1.0,23,8,0.35,101,1536,0.7109375,0.2890625,4.084414800008138,0.32115054130554155,0.33307669560114544,0.3500001033147176,0.3198567529519399
3,143000,1.0,23,8,0.35,202,1536,0.701171875,0.298828125,4.097961902618408,0.334697643915812,0.34385478496551514,0.3499997357527415,0.31985604763031006
3,143000,1.0,23,8,0.35,303,1536,0.6998697916666666,0.30013020833333337,4.085130532582601,0.32186627388000444,0.3364204466342926,0.34999988476435345,0.3198563754558563
3,143000,1.0,23,8,0.5,101,1536,0.595703125,0.404296875,4.3822395006815595,0.6189752419789634,0.6129429936408997,0.5000001986821493,0.45693813761075336
3,143000,1.0,23,8,0.5,202,1536,0.6087239583333334,0.39127604166666663,4.397763570149739,0.6344993114471431,0.624796986579895,0.5000002384185791,0.4569379190603892
3,143000,1.0,23,8,0.5,303,1536,0.5989583333333334,0.40104166666666663,4.369767506917317,0.6065032482147212,0.6043807665506998,0.4999999503294627,0.4569377303123474
3,143000,1.0,23,8,0.75,101,1536,0.4368489583333333,0.5631510416666667,5.044539928436279,1.2812756697336831,1.245204011599223,0.7500001589457194,0.6854064464569092
3,143000,1.0,23,8,0.75,202,1536,0.453125,0.546875,5.0586371421813965,1.2953728834788003,1.246851126352946,0.7499997218449911,0.6854065457979838
3,143000,1.0,23,8,0.75,303,1536,0.4485677083333333,0.5514322916666667,4.996601104736328,1.233336846033732,1.207676649093628,0.7499995827674866,0.685405949751536
3,143000,1.0,23,9,0.35,101,1536,0.705078125,0.294921875,4.0202047030131025,0.25694044431050633,0.30657097697257996,0.3499998946984609,0.35865644613901776
3,143000,1.0,23,9,0.35,202,1536,0.7200520833333334,0.27994791666666663,4.061642487843831,0.2983782291412349,0.301322340965271,0.350000003973643,0.35865644613901776
3,143000,1.0,23,9,0.35,303,1536,0.703125,0.296875,4.061069885889689,0.29780562718709325,0.3110648989677429,0.35000025232632953,0.3586570421854655
3,143000,1.0,23,9,0.5,101,1536,0.62109375,0.37890625,4.269629796346028,0.5063655376434322,0.5607868830362955,0.4999998112519582,0.5123664538065592
3,143000,1.0,23,9,0.5,202,1536,0.62890625,0.37109375,4.341883659362793,0.5786194006601968,0.5643459359804789,0.5000002185503641,0.5123666326204935
3,143000,1.0,23,9,0.5,303,1536,0.6087239583333334,0.39127604166666663,4.327502727508545,0.5642384688059487,0.5686629017194113,0.5000000496705373,0.5123666524887085
3,143000,1.0,23,9,0.75,101,1536,0.46484375,0.53515625,4.862659613291423,1.0993953545888266,1.1472185452779133,0.7500003576278687,0.7685500582059225
3,143000,1.0,23,9,0.75,202,1536,0.4752604166666667,0.5247395833333333,4.974038759867351,1.2107745011647544,1.156022548675537,0.7500002185503641,0.7685501575469971
3,143000,1.0,23,9,0.75,303,1536,0.435546875,0.564453125,4.951242287953694,1.1879780292510982,1.1645009517669678,0.7499998609224955,0.7685495416323344
3,143000,1.0,23,10,0.35,101,1536,0.716796875,0.283203125,3.9945168495178223,0.2312525908152261,0.23317969838778177,0.35000009338061017,0.3742658893267314
3,143000,1.0,23,10,0.35,202,1536,0.7161458333333334,0.28385416666666663,3.9645566940307617,0.20129243532816554,0.23749596377213797,0.35000019272168476,0.37426598866780597
3,143000,1.0,23,10,0.35,303,1536,0.7272135416666666,0.27278645833333337,3.9964752197265625,0.23321096102396632,0.2356964349746704,0.3500000437100728,0.37426577011744183
3,143000,1.0,23,10,0.5,101,1536,0.634765625,0.365234375,4.204778750737508,0.44151449203491167,0.44270580013593036,0.5000002384185791,0.534665584564209
3,143000,1.0,23,10,0.5,202,1536,0.638671875,0.361328125,4.170268138249715,0.4070038795471187,0.44915349284807843,0.5000007152557373,0.5346659819285074
3,143000,1.0,23,10,0.5,303,1536,0.6451822916666666,0.35481770833333337,4.208674828211467,0.4454105695088706,0.4517938395341237,0.5000000596046448,0.5346655050913492
3,143000,1.0,23,10,0.75,101,1536,0.5078125,0.4921875,4.693527539571126,0.9302632808685298,0.9233933687210083,0.7499995827674866,0.801997721195221
3,143000,1.0,23,10,0.75,202,1536,0.501953125,0.498046875,4.655359109242757,0.8920948505401607,0.936888575553894,0.7500004967053732,0.8019983172416687
3,143000,1.0,23,10,0.75,303,1536,0.509765625,0.490234375,4.693838596343994,0.930574337641398,0.9395051995913187,0.7500000794728597,0.8019980390866598
3,143000,1.0,37,1,0.35,101,1536,0.7766927083333334,0.22330729166666663,3.848300059636434,0.15359298388163278,0.14048340419928232,0.35000025232632953,0.14366206030050913
3,143000,1.0,37,1,0.35,202,1536,0.7649739583333334,0.23502604166666663,3.8412443002065024,0.14653722445170114,0.14417368173599243,0.35000018278757733,0.14366206526756287
3,143000,1.0,37,1,0.35,303,1536,0.765625,0.234375,3.8490451176961265,0.15433804194132517,0.14852346976598105,0.34999964634577435,0.1436618318160375
3,143000,1.0,37,1,0.5,101,1536,0.6868489583333334,0.31315104166666663,4.06542166074117,0.37071458498636867,0.3328826626141866,0.5000002185503641,0.2052314579486847
3,143000,1.0,37,1,0.5,202,1536,0.6647135416666666,0.33528645833333337,4.065096537272136,0.37038946151733443,0.3469316263993581,0.5000000298023224,0.20523139834403992
3,143000,1.0,37,1,0.5,303,1536,0.658203125,0.341796875,4.124663829803467,0.4299567540486655,0.39558273553848267,0.5,0.20523140827814737
3,143000,1.0,37,1,0.75,101,1536,0.5052083333333334,0.49479166666666663,4.746709982554118,1.0520029067993169,0.9788652857144674,0.7499998807907104,0.3078470230102539
3,143000,1.0,37,1,0.75,202,1536,0.478515625,0.521484375,4.815883318583171,1.1211762428283696,1.0602162679036458,0.7500003973642985,0.30784720182418823
3,143000,1.0,37,1,0.75,303,1536,0.458984375,0.541015625,4.895149389902751,1.2004423141479497,1.1075889070828755,0.7499997615814209,0.307847003142039
3,143000,1.0,37,2,0.35,101,1536,0.7845052083333334,0.21549479166666663,3.803346316019694,0.10863924026489258,0.14068575700124106,0.35000016291936237,0.16018884380658469
3,143000,1.0,37,2,0.35,202,1536,0.7903645833333334,0.20963541666666663,3.841561953226725,0.14685487747192383,0.13156678279240927,0.350000262260437,0.16018890341122946
3,143000,1.0,37,2,0.35,303,1536,0.7708333333333334,0.22916666666666663,3.832613388697306,0.13790631294250488,0.13927447299162546,0.3499997854232788,0.1601886749267578
3,143000,1.0,37,2,0.5,101,1536,0.6998697916666666,0.30013020833333337,3.9850672086079917,0.2903601328531904,0.31437142690022785,0.5000000298023224,0.22884104152520499
3,143000,1.0,37,2,0.5,202,1536,0.6979166666666666,0.30208333333333337,4.024884064992269,0.3301769892374673,0.3026822010676066,0.4999999205271403,0.22884105642636618
3,143000,1.0,37,2,0.5,303,1536,0.677734375,0.322265625,4.014574925104777,0.31986784934997603,0.31109840671221417,0.49999934434890747,0.2288407782713572
3,143000,1.0,37,2,0.75,101,1536,0.5240885416666666,0.47591145833333337,4.629916985829671,0.9352099100748696,0.9189035892486572,0.7499996026357015,0.3432614803314209
3,143000,1.0,37,2,0.75,202,1536,0.51171875,0.48828125,4.655830542246501,0.9611234664916997,0.8748246828715006,0.7499998013178507,0.34326161940892536
3,143000,1.0,37,2,0.75,303,1536,0.5227864583333334,0.47721354166666663,4.627123196919759,0.9324161211649575,0.8904945055643717,0.7500007152557373,0.3432620167732239
3,143000,1.0,37,3,0.35,101,1536,0.615234375,0.384765625,4.293667634328206,0.5989605585734048,0.5691890517870585,0.35000014305114746,0.1929085503021876
3,143000,1.0,37,3,0.35,202,1536,0.623046875,0.376953125,4.24794340133667,0.5532363255818686,0.5205632249514262,0.35000039140383404,0.19290840129057565
3,143000,1.0,37,3,0.35,303,1536,0.6217447916666666,0.37825520833333337,4.315172115961711,0.6204650402069096,0.5587391058603922,0.3499999940395355,0.1929083118836085
3,143000,1.0,37,3,0.5,101,1536,0.4967447916666667,0.5032552083333333,4.852204481760661,1.1574974060058598,1.0961449940999348,0.49999991059303284,0.27558332681655884
3,143000,1.0,37,3,0.5,202,1536,0.5084635416666666,0.49153645833333337,4.729234218597412,1.0345271428426108,0.9808409412701925,0.49999986092249554,0.27558289964993793
3,143000,1.0,37,3,0.5,303,1536,0.498046875,0.501953125,4.880083719889323,1.185376644134522,1.091307540734609,0.5000002384185791,0.275583157936732
3,143000,1.0,37,3,0.75,101,1536,0.3307291666666667,0.6692708333333333,5.952363014221191,2.25765593846639,2.1432227293650308,0.75,0.4133748412132263
3,143000,1.0,37,3,0.75,202,1536,0.3444010416666667,0.6555989583333333,5.741888523101807,2.0471814473470054,1.9639413754145305,0.7499999006589254,0.41337478160858154
3,143000,1.0,37,3,0.75,303,1536,0.33203125,0.66796875,6.012558937072754,2.3178518613179526,2.1719932556152344,0.7500000596046448,0.4133744239807129
3,143000,1.0,37,4,0.35,101,1536,0.6321614583333334,0.36783854166666663,4.2652049859364825,0.5704979101816812,0.5235349933306376,0.3499998648961385,0.20661589999993643
3,143000,1.0,37,4,0.35,202,1536,0.658203125,0.341796875,4.185396273930867,0.49068919817606593,0.4817681113878886,0.35000038146972656,0.20661619305610657
3,143000,1.0,37,4,0.35,303,1536,0.6236979166666666,0.37630208333333337,4.24610710144043,0.5514000256856284,0.5320653518040975,0.3500000635782878,0.2066163569688797
3,143000,1.0,37,4,0.5,101,1536,0.51953125,0.48046875,4.769215106964111,1.07450803120931,0.9819155732790629,0.49999991059303284,0.295165757338206
3,143000,1.0,37,4,0.5,202,1536,0.5358072916666666,0.46419270833333337,4.6621144612630205,0.9674073855082193,0.9168135325113932,0.4999999701976776,0.2951660454273224
3,143000,1.0,37,4,0.5,303,1536,0.4856770833333333,0.5143229166666667,4.732182025909424,1.0374749501546225,0.9967406988143921,0.4999999801317851,0.2951652407646179
3,143000,1.0,37,4,0.75,101,1536,0.3541666666666667,0.6458333333333333,5.748248895009358,2.053541819254557,1.8738694190979004,0.7500000397364298,0.44274861613909405
3,143000,1.0,37,4,0.75,202,1536,0.3723958333333333,0.6276041666666667,5.6068962415059405,1.9121891657511392,1.8260847330093384,0.7500003178914388,0.4427494406700134
3,143000,1.0,37,4,0.75,303,1536,0.3463541666666667,0.6536458333333333,5.661456267038981,1.9667491912841801,1.890311320622762,0.7499995628992716,0.4427483379840851
3,143000,1.0,37,5,0.35,101,1536,0.693359375,0.306640625,4.13201363881429,0.4373065630594888,0.4216172893842061,0.34999994436899823,0.21265487372875214
3,143000,1.0,37,5,0.35,202,1536,0.67578125,0.32421875,4.147106011708577,0.4523989359537759,0.45101022720336914,0.35000019272168476,0.21265510221322378
3,143000,1.0,37,5,0.35,303,1536,0.6705729166666666,0.32942708333333337,4.108886082967122,0.4141790072123208,0.41471754511197406,0.3499999940395355,0.21265512704849243
3,143000,1.0,37,5,0.5,101,1536,0.5729166666666666,0.42708333333333337,4.541438897450765,0.8467318216959634,0.8000558018684387,0.5000002185503641,0.30379332105318707
3,143000,1.0,37,5,0.5,202,1536,0.5598958333333334,0.44010416666666663,4.547636349995931,0.8529292742411294,0.8264282544453939,0.49999987085660297,0.3037930428981781
3,143000,1.0,37,5,0.5,303,1536,0.5670572916666666,0.43294270833333337,4.509766419728597,0.8150593439737954,0.7913795709609985,0.5000000993410746,0.30379340052604675
3,143000,1.0,37,5,0.75,101,1536,0.4055989583333333,0.5944010416666667,5.392041206359863,1.697334130605062,1.601536711057027,0.7499994436899821,0.4556899964809418
3,143000,1.0,37,5,0.75,202,1536,0.3880208333333333,0.6119791666666667,5.391006787618001,1.6962997118631997,1.6230035622914631,0.7499997218449911,0.45568984746932983
3,143000,1.0,37,5,0.75,303,1536,0.3932291666666667,0.6067708333333333,5.361196517944336,1.6664894421895347,1.5966074466705322,0.7499999205271403,0.45569031437238056
3,143000,1.0,37,6,0.35,101,1536,0.6783854166666666,0.32161458333333337,4.062262535095215,0.36755545934041356,0.38195053736368817,0.34999987483024597,0.2479547162850698
3,143000,1.0,37,6,0.35,202,1536,0.68359375,0.31640625,4.082596143086751,0.3878890673319497,0.3756917119026184,0.3500000635782878,0.24795509378115335
3,143000,1.0,37,6,0.35,303,1536,0.681640625,0.318359375,4.099902153015137,0.40519507726033543,0.3862008253733317,0.3499998350938161,0.24795479079087576
3,143000,1.0,37,6,0.5,101,1536,0.5631510416666666,0.43684895833333337,4.428292910257976,0.7335858345031743,0.7326425512631735,0.5000000794728597,0.35422120491663617
3,143000,1.0,37,6,0.5,202,1536,0.580078125,0.419921875,4.437064488728841,0.7423574129740396,0.7143046657244364,0.5000002880891165,0.3542214334011078
3,143000,1.0,37,6,0.5,303,1536,0.5924479166666666,0.40755208333333337,4.447668075561523,0.7529609998067222,0.7194066643714905,0.5000000397364298,0.35422130425771076
3,143000,1.0,37,6,0.75,101,1536,0.404296875,0.595703125,5.202668348948161,1.5079612731933598,1.469095269838969,0.7500006953875223,0.5313319563865662
3,143000,1.0,37,6,0.75,202,1536,0.4270833333333333,0.5729166666666667,5.21929947535197,1.5245923995971684,1.4564132293065388,0.750000019868215,0.5313320358594259
3,143000,1.0,37,6,0.75,303,1536,0.435546875,0.564453125,5.201140403747559,1.5064333279927573,1.4637773434321086,0.7499996423721313,0.5313314398129781
3,143000,1.0,37,7,0.35,101,1536,0.6881510416666666,0.31184895833333337,4.0525444348653155,0.3578373591105142,0.34268487493197125,0.35000012318293255,0.2791721224784851
3,143000,1.0,37,7,0.35,202,1536,0.7005208333333334,0.29947916666666663,4.04419485727946,0.34948778152465865,0.3418192466100057,0.35000016291936237,0.2791724006334941
3,143000,1.0,37,7,0.35,303,1536,0.685546875,0.314453125,4.032296021779378,0.3375889460245767,0.3367801109949748,0.3500000735123952,0.2791721423467
3,143000,1.0,37,7,0.5,101,1536,0.5787760416666666,0.42122395833333337,4.35929536819458,0.6645882924397788,0.6389362017313639,0.5000000596046448,0.3988175888856252
3,143000,1.0,37,7,0.5,202,1536,0.609375,0.390625,4.352588176727295,0.6578811009724936,0.6337783932685852,0.4999999900658925,0.39881710211435956
3,143000,1.0,37,7,0.5,303,1536,0.5833333333333334,0.41666666666666663,4.331149101257324,0.6364420255025229,0.6235554019610087,0.49999987085660297,0.39881710211435956
3,143000,1.0,37,7,0.75,101,1536,0.431640625,0.568359375,5.074652036031087,1.3799449602762857,1.3181900183359783,0.7499998211860657,0.5982261896133423
3,143000,1.0,37,7,0.75,202,1536,0.4322916666666667,0.5677083333333333,5.06182336807251,1.3671162923177085,1.3148304621378581,0.7499996026357015,0.5982256929079691
3,143000,1.0,37,7,0.75,303,1536,0.4296875,0.5703125,5.0362443923950195,1.3415373166402182,1.2898393472035725,0.7500007748603821,0.5982266664505005
3,143000,1.0,37,8,0.35,101,1536,0.7135416666666666,0.28645833333333337,4.0193227132161455,0.32461563746134425,0.3376018901666005,0.3499999741713206,0.31761518120765686
3,143000,1.0,37,8,0.35,202,1536,0.6953125,0.3046875,4.000240484873454,0.3055334091186528,0.32362592220306396,0.35000057021776837,0.3176155388355255
3,143000,1.0,37,8,0.35,303,1536,0.671875,0.328125,4.046976884206136,0.3522698084513345,0.33533744017283124,0.3499998648961385,0.31761502226193744
3,143000,1.0,37,8,0.5,101,1536,0.6106770833333334,0.38932291666666663,4.31057596206665,0.6158688863118491,0.621452252070109,0.4999997019767761,0.45373548070589703
3,143000,1.0,37,8,0.5,202,1536,0.587890625,0.412109375,4.290723005930583,0.5960159301757817,0.6010410984357198,0.5000002384185791,0.4537363251050313
3,143000,1.0,37,8,0.5,303,1536,0.56640625,0.43359375,4.357180277506511,0.6624732017517094,0.6302736401557922,0.49999964237213135,0.4537355701128642
3,143000,1.0,37,8,0.75,101,1536,0.4466145833333333,0.5533854166666667,4.987505594889323,1.292798519134522,1.2608338197072346,0.7500002384185791,0.6806039611498514
3,143000,1.0,37,8,0.75,202,1536,0.4368489583333333,0.5631510416666667,4.951127370198567,1.2564202944437661,1.2460862795511882,0.7500002185503641,0.6806040406227112
3,143000,1.0,37,8,0.75,303,1536,0.41796875,0.58203125,5.041990598042806,1.3472835222880044,1.2892776727676392,0.7500001986821493,0.6806040406227112
3,143000,1.0,37,9,0.35,101,1536,0.7154947916666666,0.28450520833333337,4.000929673512776,0.3062225977579751,0.3045423924922943,0.35000020265579224,0.35269126296043396
3,143000,1.0,37,9,0.35,202,1536,0.6998697916666666,0.30013020833333337,3.999821424484253,0.30511434872945165,0.29785669843355816,0.34999961654345196,0.3526909252007802
3,143000,1.0,37,9,0.35,303,1536,0.6940104166666666,0.30598958333333337,4.0283182462056475,0.3336111704508462,0.30702974398930866,0.35000020265579224,0.3526914318402608
3,143000,1.0,37,9,0.5,101,1536,0.599609375,0.400390625,4.267332553863525,0.5726254781087241,0.5644425352414449,0.5000000993410746,0.5038443009058634
3,143000,1.0,37,9,0.5,202,1536,0.5944010416666666,0.40559895833333337,4.257659037907918,0.5629519621531167,0.5550538500150045,0.5000003178914388,0.5038446485996246
3,143000,1.0,37,9,0.5,303,1536,0.58203125,0.41796875,4.299361944198608,0.6046548684438071,0.5705537994702657,0.5000000099341074,0.5038446088631948
3,143000,1.0,37,9,0.75,101,1536,0.4602864583333333,0.5397135416666667,4.876742839813232,1.1820357640584311,1.1594689687093098,0.7500005563100179,0.7557676434516907
3,143000,1.0,37,9,0.75,202,1536,0.4505208333333333,0.5494791666666667,4.864118258158366,1.169411182403565,1.142166018486023,0.7500003774960836,0.7557671467463175
3,143000,1.0,37,9,0.75,303,1536,0.4453125,0.5546875,4.909292221069336,1.2145851453145347,1.1640836397806804,0.7499997417132059,0.7557669083277384
3,143000,1.0,37,10,0.35,101,1536,0.7317708333333334,0.26822916666666663,3.935601075490316,0.24089399973551462,0.2367554008960724,0.3500002920627594,0.3746955593427022
3,143000,1.0,37,10,0.35,202,1536,0.7278645833333334,0.27213541666666663,3.911631186803182,0.21692411104838083,0.23375079035758972,0.3499998946984609,0.37469518184661865
3,143000,1.0,37,10,0.35,303,1536,0.7213541666666666,0.27864583333333337,3.9350147247314453,0.24030764897664403,0.23575655619303384,0.3499998946984609,0.37469499309857685
3,143000,1.0,37,10,0.5,101,1536,0.6321614583333334,0.36783854166666663,4.155069907506307,0.4603628317515054,0.4539862076441447,0.49999983112017315,0.5352788766225179
3,143000,1.0,37,10,0.5,202,1536,0.625,0.375,4.128658930460612,0.433951854705811,0.45021087924639386,0.5000000596046448,0.5352789958318075
3,143000,1.0,37,10,0.5,303,1536,0.6438802083333334,0.35611979166666663,4.149239857991536,0.4545327822367349,0.4506884614626567,0.5000000397364298,0.535278856754303
3,143000,1.0,37,10,0.75,101,1536,0.5065104166666666,0.49348958333333337,4.656136830647786,0.9614297548929849,0.9477274616559347,0.7500011324882507,0.8029195268948873
3,143000,1.0,37,10,0.75,202,1536,0.484375,0.515625,4.636274178822835,0.9415671030680337,0.9506051937739054,0.7499995430310568,0.802918016910553
3,143000,1.0,37,10,0.75,303,1536,0.5084635416666666,0.49153645833333337,4.64443842569987,0.9497313499450688,0.9427073001861572,0.7500000794728597,0.802918533484141
5,14000,0.0979020979020979,11,1,0.35,101,1536,0.7981770833333334,0.20182291666666663,4.068826675415039,0.09719300270080566,0.12975329409042993,0.34999996423721313,0.37848878900210065
5,14000,0.0979020979020979,11,1,0.35,202,1536,0.7845052083333334,0.21549479166666663,4.0908997853597,0.11926611264546683,0.1488982935746511,0.3499999940395355,0.37848879893620807
5,14000,0.0979020979020979,11,1,0.35,303,1536,0.7799479166666666,0.22005208333333337,4.110439618428548,0.13880594571431448,0.13669416308403015,0.3499997357527415,0.37848860025405884
5,14000,0.0979020979020979,11,1,0.5,101,1536,0.6822916666666666,0.31770833333333337,4.251234849294026,0.279601176579793,0.3197342852751414,0.4999995330969493,0.5406978527704874
5,14000,0.0979020979020979,11,1,0.5,202,1536,0.6588541666666666,0.34114583333333337,4.282285372416179,0.3106516997019453,0.36105579137802124,0.5000000099341074,0.5406982898712158
5,14000,0.0979020979020979,11,1,0.5,303,1536,0.6888020833333334,0.31119791666666663,4.309617519378662,0.3379838466644287,0.3353668848673503,0.5000003774960836,0.5406986872355143
5,14000,0.0979020979020979,11,1,0.75,101,1536,0.5026041666666666,0.49739583333333337,4.952469189961751,0.9808355172475176,1.0091949303944905,0.7500007152557373,0.8110482295354208
5,14000,0.0979020979020979,11,1,0.75,202,1536,0.47265625,0.52734375,4.984162330627441,1.012528657913208,1.0721026261647542,0.7499998211860657,0.8110472162564596
5,14000,0.0979020979020979,11,1,0.75,303,1536,0.498046875,0.501953125,5.002877553304036,1.0312438805898028,1.0286701321601868,0.75,0.8110474546750387
5,14000,0.0979020979020979,11,2,0.35,101,1536,0.7916666666666666,0.20833333333333337,4.101900100708008,0.13026642799377441,0.14216338098049164,0.35000014305114746,0.4317116439342499
5,14000,0.0979020979020979,11,2,0.35,202,1536,0.79296875,0.20703125,4.1225582758585615,0.1509246031443281,0.14132865766684213,0.35000017285346985,0.43171165386835736
5,14000,0.0979020979020979,11,2,0.35,303,1536,0.7962239583333334,0.20377604166666663,4.109575589497884,0.13794191678365042,0.14092817902565002,0.34999985496203107,0.4317112863063812
5,14000,0.0979020979020979,11,2,0.5,101,1536,0.6796875,0.3203125,4.307390371958415,0.3357566992441816,0.35023415088653564,0.5000003278255463,0.6167310277620951
5,14000,0.0979020979020979,11,2,0.5,202,1536,0.68359375,0.31640625,4.335885365804036,0.36425169308980276,0.34333479404449463,0.49999996026357013,0.616730531056722
5,14000,0.0979020979020979,11,2,0.5,303,1536,0.6927083333333334,0.30729166666666663,4.297554969787598,0.32592129707336426,0.3361713190873464,0.49999996026357013,0.6167305111885071
5,14000,0.0979020979020979,11,2,0.75,101,1536,0.4895833333333333,0.5104166666666667,4.9803415934244795,1.008707920710246,1.008923590183258,0.7500000993410746,0.9250960946083069
5,14000,0.0979020979020979,11,2,0.75,202,1536,0.4908854166666667,0.5091145833333333,5.0140611330668134,1.04242746035258,0.9925779898961385,0.7500001589457194,0.9250961542129517
5,14000,0.0979020979020979,11,2,0.75,303,1536,0.4928385416666667,0.5071614583333333,4.927224795023601,0.9555911223093672,0.957916776339213,0.7499996026357015,0.9250953793525696
5,14000,0.0979020979020979,11,3,0.35,101,1536,0.7740885416666666,0.22591145833333337,4.114927609761556,0.1432939370473223,0.16538329422473907,0.3500003218650818,0.47750359773635864
5,14000,0.0979020979020979,11,3,0.35,202,1536,0.7786458333333334,0.22135416666666663,4.142881711324056,0.1712480386098223,0.15698312719662985,0.34999988476435345,0.4775032897790273
5,14000,0.0979020979020979,11,3,0.35,303,1536,0.783203125,0.216796875,4.120381514231364,0.14874784151713083,0.15713887910048166,0.35000033179918927,0.4775036772092183
5,14000,0.0979020979020979,11,3,0.5,101,1536,0.6608072916666666,0.33919270833333337,4.341721216837565,0.370087544123332,0.3963577250639598,0.5000000993410746,0.6821475823720297
5,14000,0.0979020979020979,11,3,0.5,202,1536,0.6686197916666666,0.33138020833333337,4.383868058522542,0.4122343858083086,0.38166627287864685,0.5000000596046448,0.6821474631627401
5,14000,0.0979020979020979,11,3,0.5,303,1536,0.6751302083333334,0.32486979166666663,4.344788869222005,0.3731551965077715,0.3712134162584941,0.4999996026357015,0.6821471651395162
5,14000,0.0979020979020979,11,3,0.75,101,1536,0.4622395833333333,0.5377604166666667,5.079625129699707,1.1079914569854736,1.100665012995402,0.7500001390775045,1.023221492767334
5,14000,0.0979020979020979,11,3,0.75,202,1536,0.4680989583333333,0.5319010416666667,5.137115001678467,1.1654813289642334,1.0787017742792766,0.7499999602635702,1.0232212543487549
5,14000,0.0979020979020979,11,3,0.75,303,1536,0.484375,0.515625,5.0623250007629395,1.090691328048706,1.0518718560536702,0.7500001589457194,1.0232219298680623
5,14000,0.0979020979020979,11,4,0.35,101,1536,0.7083333333333334,0.29166666666666663,4.2609883944193525,0.2893547217051191,0.30660053094228107,0.3500002125898997,0.5632030765215555
5,14000,0.0979020979020979,11,4,0.35,202,1536,0.7200520833333334,0.27994791666666663,4.265422821044922,0.2937891483306885,0.32167508204778034,0.3500003019968669,0.5632036129633585
5,14000,0.0979020979020979,11,4,0.35,303,1536,0.7154947916666666,0.28450520833333337,4.29258394241333,0.3209502696990967,0.31699493527412415,0.3500000635782878,0.5632023215293884
5,14000,0.0979020979020979,11,4,0.5,101,1536,0.6022135416666666,0.39778645833333337,4.5718159675598145,0.600182294845581,0.6112448374430338,0.4999999403953552,0.8045756022135416
5,14000,0.0979020979020979,11,4,0.5,202,1536,0.5930989583333334,0.40690104166666663,4.604978084564209,0.6333444118499756,0.641177217165629,0.49999980131785077,0.804575244585673
5,14000,0.0979020979020979,11,4,0.5,303,1536,0.6048177083333334,0.39518229166666663,4.623669783274333,0.6520361105600996,0.6339202125867208,0.5000000695387522,0.8045750856399536
5,14000,0.0979020979020979,11,4,0.75,101,1536,0.4309895833333333,0.5690104166666667,5.324854850769043,1.3532211780548096,1.337784727414449,0.7499998211860657,1.2068620522816975
5,14000,0.0979020979020979,11,4,0.75,202,1536,0.4173177083333333,0.5826822916666667,5.411190509796143,1.4395568370819092,1.395949920018514,0.7500002781550089,1.2068636020024617
5,14000,0.0979020979020979,11,4,0.75,303,1536,0.4108072916666667,0.5891927083333333,5.419469356536865,1.4478356838226318,1.3929993708928425,0.7499998211860657,1.2068633238474529
5,14000,0.0979020979020979,11,5,0.35,101,1536,0.7122395833333334,0.28776041666666663,4.271490732828776,0.29985706011454294,0.2945491174856822,0.35000043114026386,0.5665803154309591
5,14000,0.0979020979020979,11,5,0.35,202,1536,0.71875,0.28125,4.23767105738322,0.2660373846689863,0.285346378882726,0.34999972581863403,0.5665797789891561
5,14000,0.0979020979020979,11,5,0.35,303,1536,0.7083333333333334,0.29166666666666663,4.326831499735515,0.3551978270212812,0.30714816848436993,0.3499998648961385,0.5665797591209412
5,14000,0.0979020979020979,11,5,0.5,101,1536,0.6171875,0.3828125,4.559773286183675,0.5881396134694414,0.5661251743634542,0.4999996821085612,0.8093994855880737
5,14000,0.0979020979020979,11,5,0.5,202,1536,0.619140625,0.380859375,4.519172827402751,0.5475391546885175,0.5478917161623637,0.5000002781550089,0.8094004591306051
5,14000,0.0979020979020979,11,5,0.5,303,1536,0.5950520833333334,0.40494791666666663,4.632685661315918,0.6610519886016846,0.5890341798464457,0.5000000596046448,0.8094000418980917
5,14000,0.0979020979020979,11,5,0.75,101,1536,0.4388020833333333,0.5611979166666667,5.213215986887614,1.2415823141733808,1.1785492897033691,0.749999483426412,1.2140977382659912
5,14000,0.0979020979020979,11,5,0.75,202,1536,0.466796875,0.533203125,5.138440291086833,1.1668066183725996,1.1169029871622722,0.7500002781550089,1.2140990893046062
5,14000,0.0979020979020979,11,5,0.75,303,1536,0.439453125,0.560546875,5.281710147857666,1.3100764751434326,1.1959202289581299,0.7499998211860657,1.2141004006067913
5,14000,0.0979020979020979,11,6,0.35,101,1536,0.7545572916666666,0.24544270833333337,4.212350050608317,0.24071637789408395,0.24948246777057648,0.3500002920627594,0.5881907741228739
5,14000,0.0979020979020979,11,6,0.35,202,1536,0.7376302083333334,0.26236979166666663,4.178605874379476,0.20697220166524222,0.2574855585892995,0.3500002821286519,0.5881903370221456
5,14000,0.0979020979020979,11,6,0.35,303,1536,0.734375,0.265625,4.240486939748128,0.26885326703389456,0.25786259273688,0.35000001390775043,0.5881904164950053
5,14000,0.0979020979020979,11,6,0.5,101,1536,0.6432291666666666,0.35677083333333337,4.460460344950358,0.48882667223612497,0.47727054357528687,0.500000129143397,0.8402719298998514
5,14000,0.0979020979020979,11,6,0.5,202,1536,0.6354166666666666,0.36458333333333337,4.4071364402771,0.4355027675628662,0.48681017756462097,0.4999999801317851,0.8402713139851888
5,14000,0.0979020979020979,11,6,0.5,303,1536,0.634765625,0.365234375,4.473974863688151,0.5023411909739179,0.48196887969970703,0.5000002185503641,0.8402724464734396
5,14000,0.0979020979020979,11,6,0.75,101,1536,0.4973958333333333,0.5026041666666667,4.9958271980285645,1.024193525314331,0.9716007312138876,0.7500001192092896,1.2604085604349773
5,14000,0.0979020979020979,11,6,0.75,202,1536,0.4973958333333333,0.5026041666666667,4.923298199971517,0.9516645272572832,0.9834293524424235,0.7499998807907104,1.2604076067606609
5,14000,0.0979020979020979,11,6,0.75,303,1536,0.4973958333333333,0.5026041666666667,4.984750429789226,1.0131167570749922,0.9693185289700826,0.750000019868215,1.2604070107142131
5,14000,0.0979020979020979,11,7,0.35,101,1536,0.7643229166666666,0.23567708333333337,4.160101890563965,0.18846821784973145,0.22883068521817526,0.34999994436899823,0.671024223168691
5,14000,0.0979020979020979,11,7,0.35,202,1536,0.74609375,0.25390625,4.205550829569499,0.2339171568552656,0.23572511474291483,0.3499999940395355,0.6710238059361776
5,14000,0.0979020979020979,11,7,0.35,303,1536,0.7532552083333334,0.24674479166666663,4.176126162211101,0.20449248949686716,0.22822942833105722,0.34999950726826984,0.6710236072540283
5,14000,0.0979020979020979,11,7,0.5,101,1536,0.6647135416666666,0.33528645833333337,4.353891690572103,0.38225801785786917,0.4323161542415619,0.5000001589457194,0.9586062431335449
5,14000,0.0979020979020979,11,7,0.5,202,1536,0.6549479166666666,0.34505208333333337,4.407724698384603,0.43609102567036917,0.43917038043340045,0.5000009139378866,0.9586078325907389
5,14000,0.0979020979020979,11,7,0.5,303,1536,0.6770833333333334,0.32291666666666663,4.372421900431315,0.400788227717082,0.42498013377189636,0.5,0.9586066206296285
5,14000,0.0979020979020979,11,7,0.75,101,1536,0.5169270833333334,0.48307291666666663,4.788610299428304,0.8169766267140703,0.8705646594365438,0.7500001986821493,1.4379096031188965
5,14000,0.0979020979020979,11,7,0.75,202,1536,0.5234375,0.4765625,4.845247586568196,0.8736139138539629,0.8703650236129761,0.7500003973642985,1.4379093249638875
5,14000,0.0979020979020979,11,7,0.75,303,1536,0.5319010416666666,0.46809895833333337,4.8122984568278,0.8406647841135664,0.8557808995246887,0.749999980131785,1.4379091262817383
5,14000,0.0979020979020979,11,8,0.35,101,1536,0.7688802083333334,0.23111979166666663,4.1877462069193525,0.2161125342051191,0.20986662805080414,0.3500000437100728,0.7637783090273539
5,14000,0.0979020979020979,11,8,0.35,202,1536,0.736328125,0.263671875,4.167815367380778,0.1961816946665449,0.21332786480585733,0.3500000735123952,0.7637783288955688
5,14000,0.0979020979020979,11,8,0.35,303,1536,0.765625,0.234375,4.196683883666992,0.2250502109527588,0.2110846738020579,0.350000003973643,0.7637785871823629
5,14000,0.0979020979020979,11,8,0.5,101,1536,0.6725260416666666,0.32747395833333337,4.382408459981282,0.41077478726704886,0.3963509202003479,0.5000003079573313,1.091111183166504
5,14000,0.0979020979020979,11,8,0.5,202,1536,0.6451822916666666,0.35481770833333337,4.356001853942871,0.3843681812286377,0.3975645105044047,0.5000003377596537,1.091112454732259
5,14000,0.0979020979020979,11,8,0.5,303,1536,0.6712239583333334,0.32877604166666663,4.383896509806315,0.412262837092082,0.3927665154139201,0.5000000397364298,1.0911118586858113
5,14000,0.0979020979020979,11,8,0.75,101,1536,0.5266927083333334,0.47330729166666663,4.807355562845866,0.8357218901316328,0.8061628341674805,0.749999980131785,1.6366688807805378
5,14000,0.0979020979020979,11,8,0.75,202,1536,0.5279947916666666,0.47200520833333337,4.770928700764974,0.7992950280507403,0.8041710058848063,0.749999980131785,1.6366671721140544
5,14000,0.0979020979020979,11,8,0.75,303,1536,0.53125,0.46875,4.7966329256693525,0.8249992529551191,0.7947576443354288,0.7499995231628418,1.6366657813390095
5,14000,0.0979020979020979,11,9,0.35,101,1536,0.7825520833333334,0.21744791666666663,4.13869063059489,0.16705695788065622,0.19645976026852927,0.3499998052914937,0.8695876797040304
5,14000,0.0979020979020979,11,9,0.35,202,1536,0.7682291666666666,0.23177083333333337,4.119514624277751,0.14788095156351755,0.1950894445180893,0.3500002324581146,0.86958909034729
5,14000,0.0979020979020979,11,9,0.35,303,1536,0.7760416666666666,0.22395833333333337,4.135491053263347,0.16385738054911325,0.19304938117663065,0.34999998410542804,0.869588295618693
5,14000,0.0979020979020979,11,9,0.5,101,1536,0.693359375,0.306640625,4.297847906748454,0.3262142340342207,0.36184294025103253,0.4999996026357015,1.2422679662704468
5,14000,0.0979020979020979,11,9,0.5,202,1536,0.6809895833333334,0.31901041666666663,4.280129273732503,0.30849560101826956,0.36149754126866657,0.4999994436899821,1.2422675291697185
5,14000,0.0979020979020979,11,9,0.5,303,1536,0.6868489583333334,0.31315104166666663,4.303447723388672,0.3318140506744385,0.3621252377827962,0.49999988079071045,1.2422688802083333
5,14000,0.0979020979020979,11,9,0.75,101,1536,0.5559895833333334,0.44401041666666663,4.6580173174540205,0.6863836447397871,0.7287588914235433,0.7499998410542806,1.8634029229482014
5,14000,0.0979020979020979,11,9,0.75,202,1536,0.5533854166666666,0.44661458333333337,4.646476745605469,0.6748430728912354,0.7254552443822225,0.7499999602635702,1.8634034792582195
5,14000,0.0979020979020979,11,9,0.75,303,1536,0.5598958333333334,0.44010416666666663,4.684135754903157,0.7125020821889239,0.7363443573315939,0.7500002185503641,1.8634042342503865
5,14000,0.0979020979020979,11,10,0.35,101,1536,0.7604166666666666,0.23958333333333337,4.157182216644287,0.1855485439300537,0.1843355049689611,0.35000016291936237,0.9805952707926432
5,14000,0.0979020979020979,11,10,0.35,202,1536,0.7630208333333334,0.23697916666666663,4.149321873982747,0.1776882012685137,0.1869636575380961,0.3499997754891713,0.9805940588315328
5,14000,0.0979020979020979,11,10,0.35,303,1536,0.759765625,0.240234375,4.169228235880534,0.19759456316630075,0.19026913245519003,0.35000016291936237,0.9805954297383627
5,14000,0.0979020979020979,11,10,0.5,101,1536,0.671875,0.328125,4.331202665964763,0.35956899325052927,0.35555391510327655,0.4999997615814209,1.4008489449818928
5,14000,0.0979020979020979,11,10,0.5,202,1536,0.67578125,0.32421875,4.327065467834473,0.35543179512023926,0.36245893438657123,0.4999997119108836,1.400848627090454
5,14000,0.0979020979020979,11,10,0.5,303,1536,0.6725260416666666,0.32747395833333337,4.348115921020508,0.3764822483062744,0.3652411798636119,0.5000001192092896,1.40084969997406
5,14000,0.0979020979020979,11,10,0.75,101,1536,0.5266927083333334,0.47330729166666663,4.724410533905029,0.7527768611907959,0.7410874565442404,0.7499999602635702,2.1012747287750244
5,14000,0.0979020979020979,11,10,0.75,202,1536,0.5345052083333334,0.46549479166666663,4.733034133911133,0.7614004611968994,0.7605249285697937,0.7499998013178507,2.101274569829305
5,14000,0.0979020979020979,11,10,0.75,303,1536,0.533203125,0.466796875,4.7468953132629395,0.775261640548706,0.756295641263326,0.7499995231628418,2.1012729008992515
5,14000,0.0979020979020979,23,1,0.35,101,1536,0.78515625,0.21484375,3.980377674102783,0.10242676734924316,0.13389200468858084,0.3500001132488251,0.37908844153086346
5,14000,0.0979020979020979,23,1,0.35,202,1536,0.7877604166666666,0.21223958333333337,3.995479186375936,0.11752827962239598,0.13736586769421896,0.3499997953573863,0.37908807396888733
5,14000,0.0979020979020979,23,1,0.35,303,1536,0.779296875,0.220703125,4.011663595835368,0.1337126890818281,0.1389471491177877,0.3499998152256012,0.379088173309962
5,14000,0.0979020979020979,23,1,0.5,101,1536,0.677734375,0.322265625,4.17110013961792,0.2931492328643799,0.32755813002586365,0.5000002582867941,0.5415550271670023
5,14000,0.0979020979020979,23,1,0.5,202,1536,0.6725260416666666,0.32747395833333337,4.187858819961548,0.3099079132080078,0.3334733347098033,0.5000000794728597,0.5415547490119934
5,14000,0.0979020979020979,23,1,0.5,303,1536,0.6751302083333334,0.32486979166666663,4.215086778004964,0.33713587125142386,0.3364040454228719,0.5000001887480418,0.5415549476941427
5,14000,0.0979020979020979,23,1,0.75,101,1536,0.48828125,0.51171875,4.849667231241862,0.9717163244883222,0.9803934295972189,0.7499996423721313,0.8123316764831543
5,14000,0.0979020979020979,23,1,0.75,202,1536,0.4967447916666667,0.5032552083333333,4.879319667816162,1.001368761062622,1.0091920296351116,0.7500000993410746,0.8123321930567423
5,14000,0.0979020979020979,23,1,0.75,303,1536,0.4856770833333333,0.5143229166666667,4.918221314748128,1.040270407994588,1.0023234089215596,0.7499998013178507,0.8123319149017334
5,14000,0.0979020979020979,23,2,0.35,101,1536,0.7897135416666666,0.21028645833333337,3.9935601552327475,0.1156092484792075,0.12690986692905426,0.3500000337759654,0.43233712514241535
5,14000,0.0979020979020979,23,2,0.35,202,1536,0.771484375,0.228515625,4.011831442515056,0.1338805357615156,0.13557833433151245,0.3500003218650818,0.43233732382456463
5,14000,0.0979020979020979,23,2,0.35,303,1536,0.78125,0.21875,4.006617466608684,0.12866655985514353,0.1380483160416285,0.34999950726826984,0.43233638008435565
5,14000,0.0979020979020979,23,2,0.5,101,1536,0.6783854166666666,0.32161458333333337,4.180406888326009,0.3024559815724688,0.31259243686993915,0.5000000695387522,0.6176243225733439
5,14000,0.0979020979020979,23,2,0.5,202,1536,0.6751302083333334,0.32486979166666663,4.2052749792734785,0.32732407251993845,0.32699498534202576,0.49999972184499103,0.6176240642865499
5,14000,0.0979020979020979,23,2,0.5,303,1536,0.6861979166666666,0.31380208333333337,4.203582048416138,0.32563114166259766,0.3317825396855672,0.5000002781550089,0.6176247000694275
5,14000,0.0979020979020979,23,2,0.75,101,1536,0.4889322916666667,0.5110677083333333,4.826652367909749,0.948701461156209,0.9287091493606567,0.7499998807907104,0.926436185836792
5,14000,0.0979020979020979,23,2,0.75,202,1536,0.4986979166666667,0.5013020833333333,4.84281047185262,0.9648595650990801,0.9368831713994344,0.7500003576278687,0.9264367818832397
5,14000,0.0979020979020979,23,2,0.75,303,1536,0.5045572916666666,0.49544270833333337,4.832963148752849,0.9550122419993086,0.9378407994906107,0.7500000397364298,0.9264365037282308
5,14000,0.0979020979020979,23,3,0.35,101,1536,0.76953125,0.23046875,4.024851401646932,0.14690049489339163,0.14967943727970123,0.35000014305114746,0.47968749205271405
5,14000,0.0979020979020979,23,3,0.35,202,1536,0.767578125,0.232421875,4.029326756795247,0.15137585004170706,0.14871863524119058,0.3500004808108012,0.479687641064326
5,14000,0.0979020979020979,23,3,0.35,303,1536,0.771484375,0.228515625,4.04334831237793,0.16539740562438965,0.15555710593859354,0.350000520547231,0.4796878695487976
5,14000,0.0979020979020979,23,3,0.5,101,1536,0.658203125,0.341796875,4.23812214533488,0.3601712385813398,0.35885287324587506,0.49999990065892536,0.685267170270284
5,14000,0.0979020979020979,23,3,0.5,202,1536,0.6516927083333334,0.34830729166666663,4.244465351104736,0.3665144443511963,0.35755743583043414,0.49999987085660297,0.6852672298749288
5,14000,0.0979020979020979,23,3,0.5,303,1536,0.65625,0.34375,4.262995878855388,0.3850449721018476,0.37385348478953045,0.4999999900658925,0.6852672497431437
5,14000,0.0979020979020979,23,3,0.75,101,1536,0.4765625,0.5234375,4.932018121083577,1.0540672143300371,1.0150301655133565,0.7500000397364298,1.0279011329015095
5,14000,0.0979020979020979,23,3,0.75,202,1536,0.4635416666666667,0.5364583333333333,4.948943297068278,1.0709923903147383,1.0213096936543782,0.7500004967053732,1.027901530265808
5,14000,0.0979020979020979,23,3,0.75,303,1536,0.4739583333333333,0.5260416666666667,4.95895783106486,1.0810069243113203,1.0546367168426514,0.7499998013178507,1.0279007752736409
5,14000,0.0979020979020979,23,4,0.35,101,1536,0.7154947916666666,0.28450520833333337,4.17028562227885,0.29233471552530954,0.307383914788564,0.3500005006790161,0.569425900777181
5,14000,0.0979020979020979,23,4,0.35,202,1536,0.69140625,0.30859375,4.193830649058024,0.31587974230448435,0.3248816430568695,0.350000262260437,0.5694255828857422
5,14000,0.0979020979020979,23,4,0.35,303,1536,0.7024739583333334,0.29752604166666663,4.176401933034261,0.29845102628072073,0.3219989538192749,0.3500002920627594,0.5694257616996765
5,14000,0.0979020979020979,23,4,0.5,101,1536,0.6002604166666666,0.39973958333333337,4.478896141052246,0.600945234298706,0.603053867816925,0.4999997119108836,0.8134635090827942
5,14000,0.0979020979020979,23,4,0.5,202,1536,0.583984375,0.416015625,4.527589321136475,0.6496384143829346,0.6466696461041769,0.5000004172325134,0.8134653369585673
5,14000,0.0979020979020979,23,4,0.5,303,1536,0.599609375,0.400390625,4.486750761667888,0.6087998549143476,0.627847949663798,0.49999996026357013,0.8134647409121195
5,14000,0.0979020979020979,23,4,0.75,101,1536,0.4173177083333333,0.5826822916666667,5.231477737426758,1.3535268306732178,1.3197429577509563,0.7500002582867941,1.2201984723409016
5,14000,0.0979020979020979,23,4,0.75,202,1536,0.4309895833333333,0.5690104166666667,5.292059739430745,1.414108832677205,1.3879399696985881,0.7499992450078329,1.2201964457829793
5,14000,0.0979020979020979,23,4,0.75,303,1536,0.41796875,0.58203125,5.253359953562419,1.3754090468088789,1.3731682300567627,0.7500001192092896,1.220198114713033
5,14000,0.0979020979020979,23,5,0.35,101,1536,0.708984375,0.291015625,4.176970958709717,0.29902005195617676,0.30359580119450885,0.35000064969062805,0.5737231572469076
5,14000,0.0979020979020979,23,5,0.35,202,1536,0.7076822916666666,0.29231770833333337,4.1846567789713545,0.3067058722178144,0.3031688729921977,0.3499998450279236,0.5737205346425375
5,14000,0.0979020979020979,23,5,0.35,303,1536,0.6868489583333334,0.31315104166666663,4.148929754892985,0.2709788481394453,0.2936508059501648,0.3500003218650818,0.5737226406733195
5,14000,0.0979020979020979,23,5,0.5,101,1536,0.6080729166666666,0.39192708333333337,4.4563835461934405,0.5784326394399004,0.5738150874773661,0.49999980131785077,0.8196014563242594
5,14000,0.0979020979020979,23,5,0.5,202,1536,0.6178385416666666,0.38216145833333337,4.458134174346924,0.5801832675933838,0.5650053024291992,0.5000005563100179,0.8196034034093221
5,14000,0.0979020979020979,23,5,0.5,303,1536,0.5970052083333334,0.40299479166666663,4.427574475606282,0.5496235688527422,0.5535614291826884,0.500000019868215,0.8196029265721639
5,14000,0.0979020979020979,23,5,0.75,101,1536,0.462890625,0.537109375,5.070253372192383,1.1923024654388428,1.1632076899210613,0.7500002185503641,1.229403018951416
5,14000,0.0979020979020979,23,5,0.75,202,1536,0.4850260416666667,0.5149739583333333,5.031392256418864,1.1534413496653242,1.1191744009653728,0.7499997417132059,1.2294029394785564
5,14000,0.0979020979020979,23,5,0.75,303,1536,0.4680989583333333,0.5319010416666667,5.031472206115723,1.1535212993621826,1.1161293983459473,0.7500001986821493,1.229404091835022
5,14000,0.0979020979020979,23,6,0.35,101,1536,0.728515625,0.271484375,4.131724198659261,0.25377329190572073,0.25520870089530945,0.35000033179918927,0.5959211190541586
5,14000,0.0979020979020979,23,6,0.35,202,1536,0.7135416666666666,0.28645833333333337,4.11557412147522,0.2376232147216797,0.2583456834157308,0.3500003019968669,0.5959221522013346
5,14000,0.0979020979020979,23,6,0.35,303,1536,0.7278645833333334,0.27213541666666663,4.141229470570882,0.2632785638173418,0.2596177061398824,0.35000016291936237,0.5959210197130839
5,14000,0.0979020979020979,23,6,0.5,101,1536,0.65625,0.34375,4.359046300252278,0.4810953934987383,0.47250381112098694,0.49999972184499103,0.851314107577006
5,14000,0.0979020979020979,23,6,0.5,202,1536,0.6380208333333334,0.36197916666666663,4.345933596293132,0.46798268953959177,0.4809606373310089,0.49999991059303284,0.851314107577006
5,14000,0.0979020979020979,23,6,0.5,303,1536,0.63671875,0.36328125,4.388888359069824,0.5109374523162842,0.4909951190153758,0.49999956289927167,0.8513140479723612
5,14000,0.0979020979020979,23,6,0.75,101,1536,0.5227864583333334,0.47721354166666663,4.868073145548503,0.9901222387949629,0.9528962175051371,0.7499998410542806,1.2769713799158733
5,14000,0.0979020979020979,23,6,0.75,202,1536,0.5104166666666666,0.48958333333333337,4.850144227345784,0.9721933205922442,0.9632989168167114,0.7499998013178507,1.2769722541173298
5,14000,0.0979020979020979,23,6,0.75,303,1536,0.4973958333333333,0.5026041666666667,4.9348751703898115,1.0569242636362715,0.9971730907758077,0.7499996821085612,1.276971975962321
5,14000,0.0979020979020979,23,7,0.35,101,1536,0.7291666666666666,0.27083333333333337,4.101160844167073,0.22320993741353323,0.22568506995836893,0.3499998450279236,0.6788984934488932
5,14000,0.0979020979020979,23,7,0.35,202,1536,0.7604166666666666,0.23958333333333337,4.0852119127909345,0.2072610060373945,0.2444043755531311,0.3500001033147176,0.6788990497589111
5,14000,0.0979020979020979,23,7,0.35,303,1536,0.7408854166666666,0.25911458333333337,4.099656263987224,0.22170535723368356,0.2421032836039861,0.35000039140383404,0.6788998246192932
5,14000,0.0979020979020979,23,7,0.5,101,1536,0.6634114583333334,0.33658854166666663,4.2910919189453125,0.41314101219177246,0.4111784100532532,0.5000000993410746,0.9698547720909119
5,14000,0.0979020979020979,23,7,0.5,202,1536,0.666015625,0.333984375,4.2780351638793945,0.4000842571258545,0.44058958689371747,0.5000002582867941,0.9698563814163208
5,14000,0.0979020979020979,23,7,0.5,303,1536,0.6484375,0.3515625,4.311543146769206,0.433592240015666,0.4498656094074249,0.5000002086162567,0.9698548714319865
5,14000,0.0979020979020979,23,7,0.75,101,1536,0.5475260416666666,0.45247395833333337,4.714320341746013,0.8363694349924726,0.8249045411745707,0.75,1.4547826449076335
5,14000,0.0979020979020979,23,7,0.75,202,1536,0.5390625,0.4609375,4.704073270161946,0.8261223634084063,0.8653743863105774,0.7499998807907104,1.454782525698344
5,14000,0.0979020979020979,23,7,0.75,303,1536,0.5364583333333334,0.46354166666666663,4.7834703127543134,0.9055194060007734,0.9113959868748983,0.7500006755193075,1.4547840754191081
5,14000,0.0979020979020979,23,8,0.35,101,1536,0.7369791666666666,0.26302083333333337,4.050830205281575,0.17287929852803519,0.21805370847384134,0.35000014305114746,0.77720574537913
5,14000,0.0979020979020979,23,8,0.35,202,1536,0.7513020833333334,0.24869791666666663,4.06858491897583,0.19063401222229004,0.21423575282096863,0.35000009338061017,0.7772058447202047
5,14000,0.0979020979020979,23,8,0.35,303,1536,0.7454427083333334,0.25455729166666663,4.0527645746866865,0.17481366793314645,0.21063780784606934,0.3499999741713206,0.7772062420845032
5,14000,0.0979020979020979,23,8,0.5,101,1536,0.6529947916666666,0.34700520833333337,4.232532819112142,0.3545819123586016,0.40324480334917706,0.5000001490116119,1.1102943817774455
5,14000,0.0979020979020979,23,8,0.5,202,1536,0.658203125,0.341796875,4.253122488657634,0.3751715819040937,0.39490021268526715,0.49999963243802387,1.1102944612503052
5,14000,0.0979020979020979,23,8,0.5,303,1536,0.673828125,0.326171875,4.229208866755168,0.3512579600016279,0.38874852657318115,0.49999966224034625,1.1102932691574097
5,14000,0.0979020979020979,23,8,0.75,101,1536,0.53125,0.46875,4.652166525522868,0.7742156187693281,0.8144482572873434,0.7499995628992716,1.6654401620229085
5,14000,0.0979020979020979,23,8,0.75,202,1536,0.548828125,0.451171875,4.664319674173991,0.7863687674204511,0.7960704565048218,0.7499994039535522,1.6654396454493205
5,14000,0.0979020979020979,23,8,0.75,303,1536,0.5579427083333334,0.44205729166666663,4.637793223063151,0.7598423163096113,0.7860416968663534,0.7499997814496359,1.665440320968628
5,14000,0.0979020979020979,23,9,0.35,101,1536,0.7578125,0.2421875,4.066800435384114,0.18884952863057425,0.2060891886552175,0.3499999940395355,0.8835598826408386
5,14000,0.0979020979020979,23,9,0.35,202,1536,0.755859375,0.244140625,4.066378513971965,0.18842760721842478,0.20186583201090494,0.34999994436899823,0.8835591673851013
5,14000,0.0979020979020979,23,9,0.35,303,1536,0.7311197916666666,0.26888020833333337,4.058417638142903,0.1804667313893633,0.21311456461747488,0.35000039140383404,0.8835599025090536
5,14000,0.0979020979020979,23,9,0.5,101,1536,0.6803385416666666,0.31966145833333337,4.228091557820638,0.3501406510670977,0.375367393096288,0.5000003973642985,1.2622281710306804
5,14000,0.0979020979020979,23,9,0.5,202,1536,0.6809895833333334,0.31901041666666663,4.233282566070557,0.3553316593170166,0.3711877763271332,0.49999990065892536,1.2622278531392415
5,14000,0.0979020979020979,23,9,0.5,303,1536,0.654296875,0.345703125,4.232562065124512,0.3546111583709717,0.39464080333709717,0.5,1.2622281312942505
5,14000,0.0979020979020979,23,9,0.75,101,1536,0.5657552083333334,0.43424479166666663,4.5913645426432295,0.7134136358896894,0.749333918094635,0.7500000794728597,1.8933407068252563
5,14000,0.0979020979020979,23,9,0.75,202,1536,0.5546875,0.4453125,4.612867832183838,0.7349169254302979,0.750422199567159,0.7500003178914388,1.8933411836624146
5,14000,0.0979020979020979,23,9,0.75,303,1536,0.5423177083333334,0.45768229166666663,4.625442028045654,0.7474911212921143,0.7908697923024496,0.7499996821085612,1.893340031305949
5,14000,0.0979020979020979,23,10,0.35,101,1536,0.7454427083333334,0.25455729166666663,4.04073707262675,0.16278616587320993,0.20039202769597372,0.3499997059504191,0.9937949975331625
5,14000,0.0979020979020979,23,10,0.35,202,1536,0.7486979166666666,0.25130208333333337,4.062095006306966,0.1841440995534258,0.1971877564986547,0.35000020265579224,0.9937959313392639
5,14000,0.0979020979020979,23,10,0.35,303,1536,0.7552083333333334,0.24479166666666663,4.055504083633423,0.1775531768798828,0.19451315701007843,0.3500000834465027,0.993795911471049
5,14000,0.0979020979020979,23,10,0.5,101,1536,0.6484375,0.3515625,4.210624535878499,0.332673629124959,0.3825577000776927,0.5000002086162567,1.4197085698445637
5,14000,0.0979020979020979,23,10,0.5,202,1536,0.6477864583333334,0.35221354166666663,4.243226210276286,0.36527530352274606,0.3808009127775828,0.49999986092249554,1.4197075366973877
5,14000,0.0979020979020979,23,10,0.5,303,1536,0.66796875,0.33203125,4.229106903076172,0.35115599632263184,0.37378158171971637,0.500000536441803,1.4197094837824504
5,14000,0.0979020979020979,23,10,0.75,101,1536,0.5169270833333334,0.48307291666666663,4.597870826721191,0.7199199199676514,0.7864691217740377,0.7499995827674866,2.1295602321624756
5,14000,0.0979020979020979,23,10,0.75,202,1536,0.513671875,0.486328125,4.647775173187256,0.7698242664337158,0.786115845044454,0.7500000596046448,2.12956174214681
5,14000,0.0979020979020979,23,10,0.75,303,1536,0.5338541666666666,0.46614583333333337,4.622246265411377,0.7442953586578369,0.769066313902537,0.7500005563100179,2.129563013712565
5,14000,0.0979020979020979,37,1,0.35,101,1536,0.7760416666666666,0.22395833333333337,4.0368467171986895,0.1208860874176021,0.12328301618496577,0.35000014305114746,0.38250001271565753
5,14000,0.0979020979020979,37,1,0.35,202,1536,0.7701822916666666,0.22981770833333337,4.042574644088745,0.12661401430765773,0.12985341747601828,0.3499999741713206,0.3824998140335083
5,14000,0.0979020979020979,37,1,0.35,303,1536,0.7721354166666666,0.22786458333333337,4.044945240020752,0.12898461023966457,0.12687939405441284,0.35000012318293255,0.38249998291333515
5,14000,0.0979020979020979,37,1,0.5,101,1536,0.66015625,0.33984375,4.2301545937856035,0.31419396400451616,0.32009289662043255,0.5000001092751821,0.5464284618695577
5,14000,0.0979020979020979,37,1,0.5,202,1536,0.6595052083333334,0.34049479166666663,4.223683993021647,0.30772336324056004,0.3230583767096202,0.49999989072481793,0.5464282631874084
5,14000,0.0979020979020979,37,1,0.5,303,1536,0.6731770833333334,0.32682291666666663,4.2530748049418134,0.33711417516072606,0.328615407148997,0.4999997715155284,0.5464281638463339
5,14000,0.0979020979020979,37,1,0.75,101,1536,0.4876302083333333,0.5123697916666667,4.93594233194987,1.0199817021687827,1.0254865090052288,0.7500000993410746,0.8196426232655843
5,14000,0.0979020979020979,37,1,0.75,202,1536,0.474609375,0.525390625,4.930744806925456,1.0147841771443686,1.038252313931783,0.7499997019767761,0.819642186164856
5,14000,0.0979020979020979,37,1,0.75,303,1536,0.4765625,0.5234375,4.976234594980876,1.0602739651997886,1.043602744738261,0.7500000397364298,0.8196426232655843
5,14000,0.0979020979020979,37,2,0.35,101,1536,0.7708333333333334,0.22916666666666663,4.023052612940471,0.10709198315938329,0.1260904868443807,0.35000015298525494,0.4361869990825653
5,14000,0.0979020979020979,37,2,0.35,202,1536,0.7799479166666666,0.22005208333333337,4.034618457158406,0.11865782737731889,0.13538780560096106,0.34999966621398926,0.4361863931020101
5,14000,0.0979020979020979,37,2,0.35,303,1536,0.7727864583333334,0.22721354166666663,4.02753210067749,0.11157147089640285,0.12749656786521277,0.35000009338061017,0.4361870189507802
5,14000,0.0979020979020979,37,2,0.5,101,1536,0.6705729166666666,0.32942708333333337,4.201039791107178,0.28507916132609035,0.30900166432062787,0.4999999205271403,0.6231240232785543
5,14000,0.0979020979020979,37,2,0.5,202,1536,0.66015625,0.33984375,4.233549992243449,0.3175893624623618,0.3358776768048604,0.5000003079573313,0.6231244007746378
5,14000,0.0979020979020979,37,2,0.5,303,1536,0.666015625,0.333984375,4.221183617909749,0.30522298812866167,0.3241726756095886,0.5000003079573313,0.623124361038208
5,14000,0.0979020979020979,37,2,0.75,101,1536,0.4837239583333333,0.5162760416666667,4.8296284675598145,0.9136678377787271,0.9295698602994283,0.7499995628992716,0.9346855680147806
5,14000,0.0979020979020979,37,2,0.75,202,1536,0.4713541666666667,0.5286458333333333,4.917828718821208,1.0018680890401206,1.0034545461336772,0.749999463558197,0.9346853693326315
5,14000,0.0979020979020979,37,2,0.75,303,1536,0.486328125,0.513671875,4.907538255055745,0.9915776252746578,0.9949855407079061,0.7500000596046448,0.9346861839294434
5,14000,0.0979020979020979,37,3,0.35,101,1536,0.7584635416666666,0.24153645833333337,4.061179796854655,0.14521916707356786,0.13765332599480948,0.3500002821286519,0.4788515071074168
5,14000,0.0979020979020979,37,3,0.35,202,1536,0.7565104166666666,0.24348958333333337,4.060702562332153,0.14474193255106593,0.14010964334011078,0.34999995430310565,0.4788512885570526
5,14000,0.0979020979020979,37,3,0.35,303,1536,0.7571614583333334,0.24283854166666663,4.0181318918863935,0.10217126210530614,0.1407142380873362,0.35000036160151166,0.47885164618492126
5,14000,0.0979020979020979,37,3,0.5,101,1536,0.650390625,0.349609375,4.275793075561523,0.35983244578043605,0.3466020425160726,0.4999999403953552,0.6840730508168539
5,14000,0.0979020979020979,37,3,0.5,202,1536,0.6549479166666666,0.34505208333333337,4.266411463419597,0.35045083363850926,0.34072068333625793,0.49999986092249554,0.6840729713439941
5,14000,0.0979020979020979,37,3,0.5,303,1536,0.662109375,0.337890625,4.213112990061442,0.29715236028035497,0.3409352699915568,0.49999985098838806,0.6840731501579285
5,14000,0.0979020979020979,37,3,0.75,101,1536,0.4615885416666667,0.5384114583333333,4.99983549118042,1.0838748613993325,1.0462777415911357,0.7500001589457194,1.0261097351710002
5,14000,0.0979020979020979,37,3,0.75,202,1536,0.4498697916666667,0.5501302083333333,4.973893960316976,1.0579333305358882,1.0218428373336792,0.7499999006589254,1.0261096159617107
5,14000,0.0979020979020979,37,3,0.75,303,1536,0.466796875,0.533203125,4.914249579111735,0.9982889493306479,1.0354201396306355,0.7500003377596537,1.026110291481018
5,14000,0.0979020979020979,37,4,0.35,101,1536,0.6751302083333334,0.32486979166666663,4.1887359619140625,0.2727753321329751,0.3093327085177104,0.35000020265579224,0.560019334157308
5,14000,0.0979020979020979,37,4,0.35,202,1536,0.6901041666666666,0.30989583333333337,4.207266251246135,0.29130562146504735,0.3126029670238495,0.350000520547231,0.5600197116533915
5,14000,0.0979020979020979,37,4,0.35,303,1536,0.681640625,0.318359375,4.218523184458415,0.3025625546773276,0.30724357565244037,0.35000019272168476,0.5600197712580363
5,14000,0.0979020979020979,37,4,0.5,101,1536,0.5553385416666666,0.44466145833333337,4.508143424987793,0.5921827952067056,0.6372060577074686,0.5000000397364298,0.8000272711118063
5,14000,0.0979020979020979,37,4,0.5,202,1536,0.5677083333333334,0.43229166666666663,4.5436123212178545,0.6276516914367671,0.6433556278546652,0.5000004569689432,0.8000279863675436
5,14000,0.0979020979020979,37,4,0.5,303,1536,0.5846354166666666,0.41536458333333337,4.524606704711914,0.6086460749308267,0.6086700359980265,0.49999969204266864,0.8000261386235555
5,14000,0.0979020979020979,37,4,0.75,101,1536,0.3821614583333333,0.6178385416666667,5.2695244153340655,1.353563785552978,1.3963608344395955,0.7499994436899821,1.2000404198964436
5,14000,0.0979020979020979,37,4,0.75,202,1536,0.3997395833333333,0.6002604166666667,5.340627193450928,1.4246665636698403,1.425454576810201,0.7500001390775045,1.2000406583150227
5,14000,0.0979020979020979,37,4,0.75,303,1536,0.408203125,0.591796875,5.273917198181152,1.357956568400065,1.3441853523254395,0.7499995430310568,1.2000395854314168
5,14000,0.0979020979020979,37,5,0.35,101,1536,0.6998697916666666,0.30013020833333337,4.2010118166605634,0.28505118687947606,0.28597766160964966,0.34999996423721313,0.5654901067415873
5,14000,0.0979020979020979,37,5,0.35,202,1536,0.6868489583333334,0.31315104166666663,4.238571643829346,0.3226110140482583,0.2935296992460887,0.34999991456667584,0.5654896299044291
5,14000,0.0979020979020979,37,5,0.35,303,1536,0.7063802083333334,0.29361979166666663,4.168606837590535,0.2526462078094478,0.2864703635374705,0.35000018278757733,0.5654904643694559
5,14000,0.0979020979020979,37,5,0.5,101,1536,0.609375,0.390625,4.457767168680827,0.5418065388997397,0.5352146824200948,0.49999983112017315,0.8078427314758301
5,14000,0.0979020979020979,37,5,0.5,202,1536,0.5983072916666666,0.40169270833333337,4.528358777364095,0.6123981475830074,0.5708034038543701,0.5000000298023224,0.8078438838322958
5,14000,0.0979020979020979,37,5,0.5,303,1536,0.6119791666666666,0.38802083333333337,4.4296549161275225,0.5136942863464351,0.5415104031562805,0.5000002582867941,0.8078439633051554
5,14000,0.0979020979020979,37,5,0.75,101,1536,0.470703125,0.529296875,5.0326642990112305,1.116703669230143,1.100660800933838,0.7500000993410746,1.21176544825236
5,14000,0.0979020979020979,37,5,0.75,202,1536,0.4518229166666667,0.5481770833333333,5.1393758455912275,1.2234152158101401,1.1822505394617717,0.7499997218449911,1.2117641766866047
5,14000,0.0979020979020979,37,5,0.75,303,1536,0.4694010416666667,0.5305989583333333,5.029497305552165,1.1135366757710776,1.1165912747383118,0.7499998013178507,1.2117636998494465
5,14000,0.0979020979020979,37,6,0.35,101,1536,0.7278645833333334,0.27213541666666663,4.137466271718343,0.22150564193725542,0.23504365980625153,0.3500000635782878,0.5864287813504537
5,14000,0.0979020979020979,37,6,0.35,202,1536,0.7115885416666666,0.28841145833333337,4.170694986979167,0.2547343571980796,0.24713765581448874,0.34999998410542804,0.5864290396372477
5,14000,0.0979020979020979,37,6,0.35,303,1536,0.72265625,0.27734375,4.189378023147583,0.2734173933664956,0.24450238049030304,0.3500000834465027,0.5864284833272299
5,14000,0.0979020979020979,37,6,0.5,101,1536,0.6458333333333334,0.35416666666666663,4.356432676315308,0.44047204653422023,0.4454681873321533,0.5000003377596537,0.8377567927042643
5,14000,0.0979020979020979,37,6,0.5,202,1536,0.62890625,0.37109375,4.398236433664958,0.4822758038838706,0.4606725474198659,0.5000000298023224,0.8377553224563599
5,14000,0.0979020979020979,37,6,0.5,303,1536,0.607421875,0.392578125,4.437151908874512,0.5211912790934243,0.4720226625601451,0.49999996026357013,0.8377551635106405
5,14000,0.0979020979020979,37,6,0.75,101,1536,0.49609375,0.50390625,4.8549580574035645,0.9389974276224771,0.9195555249849955,0.7500003178914388,1.2566349903742473
5,14000,0.0979020979020979,37,6,0.75,202,1536,0.4915364583333333,0.5084635416666667,4.908627986907959,0.9926673571268716,0.9482091069221497,0.7499999602635702,1.2566333611806233
5,14000,0.0979020979020979,37,6,0.75,303,1536,0.4674479166666667,0.5325520833333333,4.96547269821167,1.0495120684305825,0.9716525872548422,0.7500000397364298,1.2566334009170532
5,14000,0.0979020979020979,37,7,0.35,101,1536,0.7057291666666666,0.29427083333333337,4.1107503573099775,0.19478972752889012,0.24413933356602988,0.35000042120615643,0.6717102726300558
5,14000,0.0979020979020979,37,7,0.35,202,1536,0.71484375,0.28515625,4.132505734761556,0.2165451049804683,0.2335128833850225,0.34999968608220416,0.6717087825139364
5,14000,0.0979020979020979,37,7,0.35,303,1536,0.7213541666666666,0.27864583333333337,4.122209469477336,0.20624883969624852,0.23470223943392435,0.3499995867411296,0.6717082262039185
5,14000,0.0979020979020979,37,7,0.5,101,1536,0.6165364583333334,0.38346354166666663,4.3136788209279375,0.39771819114685014,0.4632180432478587,0.49999972184499103,0.9595844944318136
5,14000,0.0979020979020979,37,7,0.5,202,1536,0.6243489583333334,0.37565104166666663,4.328004837036133,0.4120442072550454,0.4379556179046631,0.5000000397364298,0.9595854083697001
5,14000,0.0979020979020979,37,7,0.5,303,1536,0.6302083333333334,0.36979166666666663,4.316109498341878,0.40014886856079057,0.4360891779263814,0.5000004768371582,0.9595863620440165
5,14000,0.0979020979020979,37,7,0.75,101,1536,0.4830729166666667,0.5169270833333333,4.758686542510986,0.8427259127298989,0.931955873966217,0.7500001788139343,1.4393773078918457
5,14000,0.0979020979020979,37,7,0.75,202,1536,0.5032552083333334,0.49674479166666663,4.7482991218566895,0.8323384920756021,0.8740458091100057,0.7499999006589254,1.4393764734268188
5,14000,0.0979020979020979,37,7,0.75,303,1536,0.5110677083333334,0.48893229166666663,4.729700247446696,0.8137396176656089,0.8623326619466146,0.7499996821085612,1.439375917116801
5,14000,0.0979020979020979,37,8,0.35,101,1536,0.7141927083333334,0.28580729166666663,4.129087924957275,0.213127295176188,0.2108215888341268,0.35000020265579224,0.7710432012875875
5,14000,0.0979020979020979,37,8,0.35,202,1536,0.7154947916666666,0.28450520833333337,4.0983632405598955,0.18240261077880815,0.21369189023971558,0.34999994436899823,0.7710424462954203
5,14000,0.0979020979020979,37,8,0.35,303,1536,0.7141927083333334,0.28580729166666663,4.134860197703044,0.21889956792195653,0.21736839910348257,0.34999988476435345,0.7710418502489725
5,14000,0.0979020979020979,37,8,0.5,101,1536,0.6243489583333334,0.37565104166666663,4.318509578704834,0.4025489489237466,0.39597606658935547,0.5000001390775045,1.1014898618062336
5,14000,0.0979020979020979,37,8,0.5,202,1536,0.625,0.375,4.284201145172119,0.36824051539103175,0.3992164532343547,0.5000001788139343,1.1014902989069622
5,14000,0.0979020979020979,37,8,0.5,303,1536,0.6315104166666666,0.36848958333333337,4.322286446889241,0.40632581710815385,0.4040164252122243,0.4999999900658925,1.101489543914795
5,14000,0.0979020979020979,37,8,0.75,101,1536,0.5045572916666666,0.49544270833333337,4.729155699412028,0.8131950696309409,0.8066194454828898,0.7499997615814209,1.652234156926473
5,14000,0.0979020979020979,37,8,0.75,202,1536,0.509765625,0.490234375,4.69664732615153,0.7806866963704429,0.8058125575383505,0.7500002980232239,1.6522351503372192
5,14000,0.0979020979020979,37,8,0.75,303,1536,0.513671875,0.486328125,4.720944086710612,0.8049834569295249,0.8158757487932841,0.749999980131785,1.6522332429885864
5,14000,0.0979020979020979,37,9,0.35,101,1536,0.736328125,0.263671875,4.100610017776489,0.18464938799540187,0.2008885145187378,0.34999987483024597,0.8786235650380453
5,14000,0.0979020979020979,37,9,0.35,202,1536,0.7376302083333334,0.26236979166666663,4.076853672663371,0.16089304288228368,0.20399737854798636,0.35000014305114746,0.8786242604255676
5,14000,0.0979020979020979,37,9,0.35,303,1536,0.75390625,0.24609375,4.102491458257039,0.1865308284759517,0.19448776046435037,0.35000014305114746,0.8786250352859497
5,14000,0.0979020979020979,37,9,0.5,101,1536,0.6516927083333334,0.34830729166666663,4.272521018981934,0.3565603892008462,0.3803361852963765,0.4999999801317851,1.2551769018173218
5,14000,0.0979020979020979,37,9,0.5,202,1536,0.64453125,0.35546875,4.236043135325114,0.32008250554402684,0.3813566267490387,0.500000019868215,1.2551780541737874
5,14000,0.0979020979020979,37,9,0.5,303,1536,0.6484375,0.3515625,4.274043560028076,0.3580829302469888,0.3663870890935262,0.49999980131785077,1.2551767826080322
5,14000,0.0979020979020979,37,9,0.75,101,1536,0.529296875,0.470703125,4.666727701822917,0.7507670720418296,0.7823751370112101,0.749999980131785,1.8827648957570393
5,14000,0.0979020979020979,37,9,0.75,202,1536,0.5123697916666666,0.48763020833333337,4.60418685277303,0.6882262229919429,0.7774978478749593,0.75,1.8827662467956543
5,14000,0.0979020979020979,37,9,0.75,303,1536,0.5279947916666666,0.47200520833333337,4.666502952575684,0.7505423227945962,0.7569157878557841,0.749999980131785,1.8827660878499348
5,14000,0.0979020979020979,37,10,0.35,101,1536,0.7278645833333334,0.27213541666666663,4.090854167938232,0.17489353815714503,0.19011584420998892,0.3500000635782878,0.9914004802703857
5,14000,0.0979020979020979,37,10,0.35,202,1536,0.7376302083333334,0.26236979166666663,4.072002092997233,0.15604146321614598,0.18791316449642181,0.3499999741713206,0.9913998444875082
5,14000,0.0979020979020979,37,10,0.35,303,1536,0.7317708333333334,0.26822916666666663,4.067459901173909,0.15149927139282182,0.190646360317866,0.34999988476435345,0.9913996259371439
5,14000,0.0979020979020979,37,10,0.5,101,1536,0.6334635416666666,0.36653645833333337,4.259640375773112,0.3436797459920249,0.3684224685033162,0.5000001788139343,1.4162866671880086
5,14000,0.0979020979020979,37,10,0.5,202,1536,0.6380208333333334,0.36197916666666663,4.239976723988851,0.32401609420776323,0.36816073457400006,0.4999999801317851,1.4162858724594116
5,14000,0.0979020979020979,37,10,0.5,303,1536,0.6321614583333334,0.36783854166666663,4.232843240102132,0.3168826103210445,0.3702272077401479,0.5000001589457194,1.41628630956014
5,14000,0.0979020979020979,37,10,0.75,101,1536,0.513671875,0.486328125,4.643972873687744,0.7280122439066568,0.7664699753125509,0.7500003973642985,2.12442954381307
5,14000,0.0979020979020979,37,10,0.75,202,1536,0.5084635416666666,0.49153645833333337,4.629254182179769,0.7132935523986812,0.7712081472078959,0.7499998013178507,2.1244281927744546
5,14000,0.0979020979020979,37,10,0.75,303,1536,0.4934895833333333,0.5065104166666667,4.614841779073079,0.6988811492919917,0.7699059645334879,0.7499997417132059,2.1244279543558755
5,72000,0.5034965034965035,11,1,0.35,101,1536,0.7740885416666666,0.22591145833333337,3.9462541739145913,0.15113512674967433,0.15192148089408875,0.3500002125898997,0.28290390968322754
5,72000,0.5034965034965035,11,1,0.35,202,1536,0.7610677083333334,0.23893229166666663,3.9618800481160483,0.16676100095113133,0.16414638857046762,0.3499998350938161,0.28290359179178876
5,72000,0.5034965034965035,11,1,0.35,303,1536,0.76953125,0.23046875,3.9541660944620767,0.15904704729715968,0.16425550480683646,0.34999992450078327,0.28290363152821857
5,72000,0.5034965034965035,11,1,0.5,101,1536,0.6529947916666666,0.34700520833333337,4.15936819712321,0.36424914995829294,0.3697974185148875,0.4999998211860657,0.40414799253145856
5,72000,0.5034965034965035,11,1,0.5,202,1536,0.6477864583333334,0.35221354166666663,4.20104185740153,0.40592281023661325,0.401882400115331,0.4999997019767761,0.40414788325627643
5,72000,0.5034965034965035,11,1,0.5,303,1536,0.6640625,0.3359375,4.189138253529866,0.39401920636494925,0.39883946379025775,0.49999996026357013,0.40414812167485553
5,72000,0.5034965034965035,11,1,0.75,101,1536,0.47265625,0.52734375,4.889156500498454,1.094037453333537,1.1043434937795003,0.7499996622403463,0.6062219142913818
5,72000,0.5034965034965035,11,1,0.75,202,1536,0.4518229166666667,0.5481770833333333,4.969677289326985,1.1745582421620684,1.1621063550313313,0.7499997218449911,0.6062220335006714
5,72000,0.5034965034965035,11,1,0.75,303,1536,0.4518229166666667,0.5481770833333333,4.942454814910889,1.1473357677459717,1.1437069574991863,0.7499999205271403,0.6062220732371012
5,72000,0.5034965034965035,11,2,0.35,101,1536,0.7571614583333334,0.24283854166666663,3.971101919809977,0.17598287264506007,0.1738146940867106,0.34999988476435345,0.3230787416299184
5,72000,0.5034965034965035,11,2,0.35,202,1536,0.7760416666666666,0.22395833333333337,3.980752944946289,0.18563389778137207,0.1699808289607366,0.34999996423721313,0.32307882110277814
5,72000,0.5034965034965035,11,2,0.35,303,1536,0.76171875,0.23828125,3.954604148864746,0.1594851016998291,0.1745085467894872,0.35000046094258624,0.32307929793993634
5,72000,0.5034965034965035,11,2,0.5,101,1536,0.6399739583333334,0.36002604166666663,4.197810649871826,0.4026916027069092,0.40361423293749493,0.5000001092751821,0.461541215578715
5,72000,0.5034965034965035,11,2,0.5,202,1536,0.6725260416666666,0.32747395833333337,4.201326052347819,0.4062070051829023,0.38688939809799194,0.5000000596046448,0.46154093742370605
5,72000,0.5034965034965035,11,2,0.5,303,1536,0.6549479166666666,0.34505208333333337,4.169519106547038,0.37440005938212106,0.39470091462135315,0.5000001788139343,0.4615413745244344
5,72000,0.5034965034965035,11,2,0.75,101,1536,0.447265625,0.552734375,4.914094924926758,1.1189758777618408,1.1031319697697957,0.7499999403953552,0.6923112273216248
5,72000,0.5034965034965035,11,2,0.75,202,1536,0.478515625,0.521484375,4.8577901522318525,1.0626711050669355,1.0308528542518616,0.7499993642171224,0.6923108498255411
5,72000,0.5034965034965035,11,2,0.75,303,1536,0.486328125,0.513671875,4.826042811075847,1.0309237639109297,1.0484299063682556,0.7499996423721313,0.6923110087712606
5,72000,0.5034965034965035,11,3,0.35,101,1536,0.7213541666666666,0.27864583333333337,4.087453683217366,0.29233463605244925,0.26676801840464276,0.3499998350938161,0.3647158046563466
5,72000,0.5034965034965035,11,3,0.35,202,1536,0.7376302083333334,0.26236979166666663,4.024272680282593,0.22915363311767578,0.2558341572682063,0.34999998410542804,0.3647160331408183
5,72000,0.5034965034965035,11,3,0.35,303,1536,0.7408854166666666,0.25911458333333337,4.058279514312744,0.26316046714782715,0.25481562813123065,0.3499997754891713,0.3647163311640422
5,72000,0.5034965034965035,11,3,0.5,101,1536,0.60546875,0.39453125,4.437374591827393,0.6422555446624756,0.5998724102973938,0.4999997715155284,0.5210228164990743
5,72000,0.5034965034965035,11,3,0.5,202,1536,0.625,0.375,4.334427038828532,0.5393079916636152,0.5646368662516276,0.5000000993410746,0.5210232337315878
5,72000,0.5034965034965035,11,3,0.5,303,1536,0.6158854166666666,0.38411458333333337,4.4103695551554365,0.6152505079905195,0.5842101176579794,0.499999741713206,0.5210228761037191
5,72000,0.5034965034965035,11,3,0.75,101,1536,0.4016927083333333,0.5983072916666667,5.4130628903706866,1.6179438432057696,1.5324503580729167,0.7499995827674866,0.7815335988998413
5,72000,0.5034965034965035,11,3,0.75,202,1536,0.4088541666666667,0.5911458333333333,5.266249497731526,1.4711304505666094,1.4708108107248943,0.7500001390775045,0.7815343936284384
5,72000,0.5034965034965035,11,3,0.75,303,1536,0.40234375,0.59765625,5.456788857777913,1.6616698106129961,1.5690887769063313,0.7500003377596537,0.7815348704655966
5,72000,0.5034965034965035,11,4,0.35,101,1536,0.64453125,0.35546875,4.242403348286946,0.4472843011220293,0.47749889890352887,0.3500001132488251,0.4137619535128276
5,72000,0.5034965034965035,11,4,0.35,202,1536,0.658203125,0.341796875,4.259439468383789,0.46432042121887207,0.506517767906189,0.3500001033147176,0.41376123825709027
5,72000,0.5034965034965035,11,4,0.35,303,1536,0.6419270833333334,0.35807291666666663,4.385976950327556,0.5908579031626386,0.541645328203837,0.35000001390775043,0.41376123825709027
5,72000,0.5034965034965035,11,4,0.5,101,1536,0.5006510416666666,0.49934895833333337,4.759437084197998,0.964318037033081,0.9779854218165079,0.5,0.5910882155100504
5,72000,0.5034965034965035,11,4,0.5,202,1536,0.521484375,0.478515625,4.7714009284973145,0.9762818813323975,1.009322504202525,0.4999999205271403,0.5910877784093221
5,72000,0.5034965034965035,11,4,0.5,303,1536,0.5013020833333334,0.49869791666666663,5.005592664082845,1.2104736169179278,1.1198748350143433,0.5000001986821493,0.5910878380139669
5,72000,0.5034965034965035,11,4,0.75,101,1536,0.3092447916666667,0.6907552083333333,5.9528195063273115,2.1577004591623945,2.0970527728398642,0.7499993443489075,0.8866303364435831
5,72000,0.5034965034965035,11,4,0.75,202,1536,0.3151041666666667,0.6848958333333333,5.909159501393636,2.114040454228719,2.094860792160034,0.7499998609224955,0.8866304755210876
5,72000,0.5034965034965035,11,4,0.75,303,1536,0.3014322916666667,0.6985677083333333,6.284163316090901,2.4890442689259844,2.3274797598520913,0.7499997417132059,0.8866322040557861
5,72000,0.5034965034965035,11,5,0.35,101,1536,0.6569010416666666,0.34309895833333337,4.266237258911133,0.4711182117462158,0.48389944434165955,0.3500002821286519,0.41460731625556946
5,72000,0.5034965034965035,11,5,0.35,202,1536,0.6549479166666666,0.34505208333333337,4.244482040405273,0.44936299324035645,0.46216560403505963,0.3500000635782878,0.41460875670115155
5,72000,0.5034965034965035,11,5,0.35,303,1536,0.6360677083333334,0.36393229166666663,4.346606572469075,0.5514875253041582,0.5053473810354868,0.350000003973643,0.41460809111595154
5,72000,0.5034965034965035,11,5,0.5,101,1536,0.513671875,0.486328125,4.751671314239502,0.956552267074585,0.9508514801661173,0.5000000496705373,0.5922977924346924
5,72000,0.5034965034965035,11,5,0.5,202,1536,0.5338541666666666,0.46614583333333337,4.690370082855225,0.8952510356903076,0.8766757051150004,0.5000004172325134,0.592299242814382
5,72000,0.5034965034965035,11,5,0.5,303,1536,0.49609375,0.50390625,4.856136163075765,1.0610171159108477,0.9796500205993652,0.49999987085660297,0.592298169930776
5,72000,0.5034965034965035,11,5,0.75,101,1536,0.345703125,0.654296875,5.67481009165446,1.879691044489543,1.845422665278117,0.7499998211860657,0.8884463906288147
5,72000,0.5034965034965035,11,5,0.75,202,1536,0.3645833333333333,0.6354166666666667,5.578541278839111,1.7834222316741943,1.6946596304575603,0.7499993046124777,0.888444701830546
5,72000,0.5034965034965035,11,5,0.75,303,1536,0.337890625,0.662109375,5.850076198577881,2.054957151412964,1.9005547364552815,0.7500001589457194,0.8884454170862833
5,72000,0.5034965034965035,11,6,0.35,101,1536,0.6783854166666666,0.32161458333333337,4.2298909823099775,0.4347719351450605,0.431351900100708,0.3500000437100728,0.4353436529636383
5,72000,0.5034965034965035,11,6,0.35,202,1536,0.6595052083333334,0.34049479166666663,4.217067241668701,0.4219481945037842,0.4187992016474406,0.3500003516674042,0.43534419933954877
5,72000,0.5034965034965035,11,6,0.35,303,1536,0.6842447916666666,0.31575520833333337,4.165528297424316,0.3704092502593994,0.3920779625574748,0.35000041127204895,0.4353441695372264
5,72000,0.5034965034965035,11,6,0.5,101,1536,0.5559895833333334,0.44401041666666663,4.6388882001241045,0.8437691529591875,0.8145356774330139,0.49999964237213135,0.62191770474116
5,72000,0.5034965034965035,11,6,0.5,202,1536,0.5279947916666666,0.47200520833333337,4.616594314575195,0.8214752674102783,0.794154147307078,0.5000001788139343,0.6219198306401571
5,72000,0.5034965034965035,11,6,0.5,303,1536,0.58203125,0.41796875,4.504812876383464,0.7096938292185468,0.7265648245811462,0.4999999503294627,0.6219198703765869
5,72000,0.5034965034965035,11,6,0.75,101,1536,0.3912760416666667,0.6087239583333333,5.419228394826253,1.624109347661336,1.550393025080363,0.7500005563100179,0.9328808387120565
5,72000,0.5034965034965035,11,6,0.75,202,1536,0.376953125,0.623046875,5.434394995371501,1.639275948206584,1.5591867764790852,0.7499999205271403,0.9328802227973938
5,72000,0.5034965034965035,11,6,0.75,303,1536,0.4290364583333333,0.5709635416666667,5.22336467107137,1.4282456239064532,1.4069562355677288,0.7500003774960836,0.9328796863555908
5,72000,0.5034965034965035,11,7,0.35,101,1536,0.7109375,0.2890625,4.113912026087443,0.31879297892252634,0.33926283319791156,0.3499997357527415,0.5011471609274546
5,72000,0.5034965034965035,11,7,0.35,202,1536,0.6927083333333334,0.30729166666666663,4.124194780985515,0.3290757338205976,0.3427378237247467,0.34999987483024597,0.501147468884786
5,72000,0.5034965034965035,11,7,0.35,303,1536,0.7141927083333334,0.28580729166666663,4.124876022338867,0.3297569751739502,0.33713775873184204,0.34999998410542804,0.50114772717158
5,72000,0.5034965034965035,11,7,0.5,101,1536,0.5983072916666666,0.40169270833333337,4.408767064412435,0.6136480172475176,0.6278395652770996,0.4999998211860657,0.7159249782562256
5,72000,0.5034965034965035,11,7,0.5,202,1536,0.587890625,0.412109375,4.418094952901204,0.6229759057362871,0.6328432758649191,0.5000000496705373,0.7159247597058614
5,72000,0.5034965034965035,11,7,0.5,303,1536,0.6080729166666666,0.39192708333333337,4.4285610516866045,0.6334420045216875,0.6301002502441406,0.5000002384185791,0.7159260114034017
5,72000,0.5034965034965035,11,7,0.75,101,1536,0.4576822916666667,0.5423177083333333,5.009071032206218,1.2139519850413008,1.213541070620219,0.7499998807907104,1.0738869508107503
5,72000,0.5034965034965035,11,7,0.75,202,1536,0.4622395833333333,0.5377604166666667,5.005237102508545,1.210118055343628,1.2014127572377522,0.7499998609224955,1.0738885402679443
5,72000,0.5034965034965035,11,7,0.75,303,1536,0.4615885416666667,0.5384114583333333,5.059668064117432,1.2645490169525146,1.2380456527074177,0.7500001986821493,1.0738876660664876
5,72000,0.5034965034965035,11,8,0.35,101,1536,0.7057291666666666,0.29427083333333337,4.115695794423421,0.32057674725850394,0.31968621412913006,0.3499995172023773,0.6098717252413431
5,72000,0.5034965034965035,11,8,0.35,202,1536,0.69921875,0.30078125,4.071131865183513,0.2760128180185957,0.31801800926526386,0.34999991456667584,0.6098711887995402
5,72000,0.5034965034965035,11,8,0.35,303,1536,0.7154947916666666,0.28450520833333337,4.10396679242452,0.30884774525960257,0.31186691919962567,0.3499997953573863,0.6098708907763163
5,72000,0.5034965034965035,11,8,0.5,101,1536,0.591796875,0.408203125,4.422562122344971,0.6274430751800537,0.6099702517191569,0.5000003377596537,0.8712455828984579
5,72000,0.5034965034965035,11,8,0.5,202,1536,0.5846354166666666,0.41536458333333337,4.358859062194824,0.5637400150299072,0.6008752187093099,0.5000002185503641,0.8712456822395325
5,72000,0.5034965034965035,11,8,0.5,303,1536,0.5983072916666666,0.40169270833333337,4.3900173505147295,0.5948983033498125,0.5867533286412557,0.4999997913837433,0.8712457418441772
5,72000,0.5034965034965035,11,8,0.75,101,1536,0.451171875,0.548828125,5.049698670705159,1.2545796235402422,1.205130974451701,0.7500002980232239,1.306869665781657
5,72000,0.5034965034965035,11,8,0.75,202,1536,0.4368489583333333,0.5631510416666667,4.970152854919434,1.1750338077545166,1.2013297080993652,0.750000019868215,1.3068693081537883
5,72000,0.5034965034965035,11,8,0.75,303,1536,0.451171875,0.548828125,4.995824337005615,1.2007052898406982,1.1723496119181316,0.7499994436899821,1.3068688313166301
5,72000,0.5034965034965035,11,9,0.35,101,1536,0.7096354166666666,0.29036458333333337,4.116555054982503,0.32143600781758597,0.31831937034924823,0.3499998946984609,0.7444093823432922
5,72000,0.5034965034965035,11,9,0.35,202,1536,0.7083333333333334,0.29166666666666663,4.066547791163127,0.27142874399820993,0.3037620981534322,0.3499997754891713,0.7444090843200684
5,72000,0.5034965034965035,11,9,0.35,303,1536,0.70703125,0.29296875,4.095271905263265,0.3001528580983477,0.31519366304079693,0.34999994436899823,0.7444092432657877
5,72000,0.5034965034965035,11,9,0.5,101,1536,0.6028645833333334,0.39713541666666663,4.403602600097656,0.6084835529327393,0.5925644040107727,0.5000002284844717,1.063442627588908
5,72000,0.5034965034965035,11,9,0.5,202,1536,0.603515625,0.396484375,4.3415398597717285,0.5464208126068115,0.575492779413859,0.5000000993410746,1.06344207127889
5,72000,0.5034965034965035,11,9,0.5,303,1536,0.5768229166666666,0.42317708333333337,4.383424758911133,0.5883057117462158,0.5960735281308492,0.5000000993410746,1.063442548116048
5,72000,0.5034965034965035,11,9,0.75,101,1536,0.4361979166666667,0.5638020833333333,5.00134817759196,1.206229130427043,1.1770745515823364,0.750000019868215,1.5951629082361858
5,72000,0.5034965034965035,11,9,0.75,202,1536,0.4498697916666667,0.5501302083333333,4.9220577875773115,1.1269387404123945,1.1482104460398357,0.7500001986821493,1.5951647758483887
5,72000,0.5034965034965035,11,9,0.75,303,1536,0.4388020833333333,0.5611979166666667,4.9933546384175616,1.1982355912526446,1.190282980600993,0.7500004172325134,1.5951638619105022
5,72000,0.5034965034965035,11,10,0.35,101,1536,0.705078125,0.294921875,4.12611452738444,0.3309954802195234,0.29715975125630695,0.34999990463256836,0.8329919576644897
5,72000,0.5034965034965035,11,10,0.35,202,1536,0.7213541666666666,0.27864583333333337,4.066666762034099,0.2715477148691816,0.2944074372450511,0.34999968608220416,0.8329908847808838
5,72000,0.5034965034965035,11,10,0.35,303,1536,0.705078125,0.294921875,4.094171365102132,0.2990523179372149,0.3062562346458435,0.3499997059504191,0.832990845044454
5,72000,0.5034965034965035,11,10,0.5,101,1536,0.60546875,0.39453125,4.400391896565755,0.6052728494008379,0.5549891591072083,0.4999994933605194,1.1899876991907756
5,72000,0.5034965034965035,11,10,0.5,202,1536,0.6295572916666666,0.37044270833333337,4.3282802899678545,0.5331612428029375,0.5479151407877604,0.49999980131785077,1.189988613128662
5,72000,0.5034965034965035,11,10,0.5,303,1536,0.6106770833333334,0.38932291666666663,4.358900705973308,0.5637816588083906,0.5648887554804484,0.5000001490116119,1.1899889310201008
5,72000,0.5034965034965035,11,10,0.75,101,1536,0.4557291666666667,0.5442708333333333,4.965370496114095,1.1702514489491778,1.094222863515218,0.7499998410542806,1.7849818865458171
5,72000,0.5034965034965035,11,10,0.75,202,1536,0.4720052083333333,0.5279947916666667,4.881981531778972,1.0868624846140547,1.0873838265736897,0.7500001986821493,1.784982721010844
5,72000,0.5034965034965035,11,10,0.75,303,1536,0.4557291666666667,0.5442708333333333,4.909719626108806,1.1146005789438886,1.1010723511377971,0.7499999602635702,1.7849829991658528
5,72000,0.5034965034965035,23,1,0.35,101,1536,0.7838541666666666,0.21614583333333337,3.8443075021107993,0.16411089897155762,0.1498102198044459,0.35000018278757733,0.28212950627009076
5,72000,0.5034965034965035,23,1,0.35,202,1536,0.791015625,0.208984375,3.814866383870443,0.13466978073120117,0.14254542191823324,0.3500004808108012,0.28212971488634747
5,72000,0.5034965034965035,23,1,0.35,303,1536,0.7877604166666666,0.21223958333333337,3.8537913958231607,0.17359479268391897,0.14439869423707327,0.35000001390775043,0.2821294069290161
5,72000,0.5034965034965035,23,1,0.5,101,1536,0.6822916666666666,0.31770833333333337,4.0801769097646075,0.39998030662536577,0.36733678976694745,0.4999997615814209,0.40304168065388996
5,72000,0.5034965034965035,23,1,0.5,202,1536,0.697265625,0.302734375,4.0272743701934814,0.34707776705423976,0.34412262837092084,0.5000002980232239,0.40304211775461835
5,72000,0.5034965034965035,23,1,0.5,303,1536,0.677734375,0.322265625,4.093534787495931,0.413338184356689,0.35603058338165283,0.4999999205271403,0.4030417998631795
5,72000,0.5034965034965035,23,1,0.75,101,1536,0.484375,0.515625,4.839627106984456,1.1594305038452144,1.0854845841725667,0.7500006357828776,0.6045634150505066
5,72000,0.5034965034965035,23,1,0.75,202,1536,0.5045572916666666,0.49544270833333337,4.756199200948079,1.0760025978088374,1.0266943375269573,0.7500000397364298,0.6045628984769186
5,72000,0.5034965034965035,23,1,0.75,303,1536,0.4993489583333333,0.5006510416666667,4.844611167907715,1.1644145647684732,1.0559663772583008,0.7500001589457194,0.6045629779497782
5,72000,0.5034965034965035,23,2,0.35,101,1536,0.7825520833333334,0.21744791666666663,3.852495034535726,0.17229843139648438,0.166937788327535,0.3499998648961385,0.32691313823064166
5,72000,0.5034965034965035,23,2,0.35,202,1536,0.7747395833333334,0.22526041666666663,3.8459180990854898,0.16572149594624808,0.16693112750848135,0.34999995430310565,0.3269132276376088
5,72000,0.5034965034965035,23,2,0.35,303,1536,0.7838541666666666,0.21614583333333337,3.849397818247477,0.16920121510823538,0.17265701293945312,0.3500002125898997,0.3269134263197581
5,72000,0.5034965034965035,23,2,0.5,101,1536,0.6861979166666666,0.31380208333333337,4.085624059041341,0.40542745590209917,0.38255309065183,0.5000000794728597,0.467019001642863
5,72000,0.5034965034965035,23,2,0.5,202,1536,0.6686197916666666,0.33138020833333337,4.070597966512044,0.3904013633728023,0.382408728202184,0.4999998410542806,0.4670185347398122
5,72000,0.5034965034965035,23,2,0.5,303,1536,0.681640625,0.318359375,4.0820997556050616,0.40190315246581987,0.3940438429514567,0.5000001092751821,0.4670190413792928
5,72000,0.5034965034965035,23,2,0.75,101,1536,0.5091145833333334,0.49088541666666663,4.7955881754557295,1.1153915723164878,1.0471657514572144,0.7500003973642985,0.7005290786425272
5,72000,0.5034965034965035,23,2,0.75,202,1536,0.4973958333333333,0.5026041666666667,4.767149289449056,1.086952686309814,1.0398017565409343,0.7500003973642985,0.7005287210146586
5,72000,0.5034965034965035,23,2,0.75,303,1536,0.4993489583333333,0.5006510416666667,4.777227401733398,1.0970307985941568,1.0521950324376423,0.7500000794728597,0.7005284825960795
5,72000,0.5034965034965035,23,3,0.35,101,1536,0.7395833333333334,0.26041666666666663,3.9344096183776855,0.25421301523844386,0.24928880234559378,0.35000017285346985,0.3673376540342967
5,72000,0.5034965034965035,23,3,0.35,202,1536,0.7376302083333334,0.26236979166666663,3.9486499627431235,0.26845335960388184,0.2490489383538564,0.3500003019968669,0.36733826001485187
5,72000,0.5034965034965035,23,3,0.35,303,1536,0.740234375,0.259765625,3.962667942047119,0.28247133890787746,0.2462423394123713,0.349999596675237,0.3673378924528758
5,72000,0.5034965034965035,23,3,0.5,101,1536,0.62890625,0.37109375,4.271880070368449,0.5916834672292075,0.5682036876678467,0.49999986092249554,0.5247689088185629
5,72000,0.5034965034965035,23,3,0.5,202,1536,0.6178385416666666,0.38216145833333337,4.27876615524292,0.5985695521036782,0.5497076114018759,0.49999972184499103,0.5247683922449747
5,72000,0.5034965034965035,23,3,0.5,303,1536,0.6145833333333334,0.38541666666666663,4.285826047261556,0.605629444122314,0.5508953332901001,0.5000000596046448,0.5247684717178345
5,72000,0.5034965034965035,23,3,0.75,101,1536,0.4192708333333333,0.5807291666666667,5.249674638112386,1.569478034973144,1.505462646484375,0.7500001589457194,0.7871525883674622
5,72000,0.5034965034965035,23,3,0.75,202,1536,0.423828125,0.576171875,5.2321403821309405,1.5519437789916988,1.4458973010381062,0.7499998807907104,0.7871522307395935
5,72000,0.5034965034965035,23,3,0.75,303,1536,0.4212239583333333,0.5787760416666667,5.268829504648845,1.588632901509603,1.4794433116912842,0.7499998807907104,0.7871518929799398
5,72000,0.5034965034965035,23,4,0.35,101,1536,0.6647135416666666,0.33528645833333337,4.164632399876912,0.48443579673767045,0.4783893624941508,0.3500000337759654,0.4218570689360301
5,72000,0.5034965034965035,23,4,0.35,202,1536,0.65625,0.34375,4.219858010609944,0.5396614074707027,0.49407745401064557,0.3500000337759654,0.4218572477499644
5,72000,0.5034965034965035,23,4,0.35,303,1536,0.642578125,0.357421875,4.217728932698567,0.5375323295593257,0.5155367652575175,0.3500003119309743,0.4218570490678151
5,72000,0.5034965034965035,23,4,0.5,101,1536,0.54296875,0.45703125,4.675269444783528,0.9950728416442867,0.9579838911692301,0.4999999205271403,0.6026525497436523
5,72000,0.5034965034965035,23,4,0.5,202,1536,0.5266927083333334,0.47330729166666663,4.763654390970866,1.0834577878316245,1.0042412479718525,0.5000006357828776,0.6026533842086792
5,72000,0.5034965034965035,23,4,0.5,303,1536,0.5234375,0.4765625,4.783920605977376,1.1037240028381343,1.0338592727979024,0.5000000099341074,0.602653980255127
5,72000,0.5034965034965035,23,4,0.75,101,1536,0.34765625,0.65234375,5.847259044647217,2.167062441507975,2.0670150915781655,0.7500000397364298,0.9039790829022726
5,72000,0.5034965034965035,23,4,0.75,202,1536,0.3274739583333333,0.6725260416666667,5.9733632405598955,2.293166637420654,2.133164723714193,0.7500004172325134,0.9039798776308695
5,72000,0.5034965034965035,23,4,0.75,303,1536,0.33203125,0.66796875,5.975880940755208,2.2956843376159664,2.141719420750936,0.75,0.9039785067240397
5,72000,0.5034965034965035,23,5,0.35,101,1536,0.638671875,0.361328125,4.223665714263916,0.5434691111246743,0.4865080714225769,0.3500004510084788,0.4228968520959218
5,72000,0.5034965034965035,23,5,0.35,202,1536,0.6490885416666666,0.35091145833333337,4.183047294616699,0.5028506914774575,0.4512175718943278,0.34999987483024597,0.4228968520959218
5,72000,0.5034965034965035,23,5,0.35,303,1536,0.6731770833333334,0.32682291666666663,4.157641331354777,0.47744472821553563,0.4634917577107747,0.3499998648961385,0.4228980541229248
5,72000,0.5034965034965035,23,5,0.5,101,1536,0.5234375,0.4765625,4.70610237121582,1.0259057680765786,0.9355386892954508,0.5000003973642985,0.6041389306386312
5,72000,0.5034965034965035,23,5,0.5,202,1536,0.537109375,0.462890625,4.644217173258464,0.9640205701192222,0.8711954355239868,0.4999999900658925,0.6041402618090311
5,72000,0.5034965034965035,23,5,0.5,303,1536,0.5403645833333334,0.45963541666666663,4.596501350402832,0.9163047472635903,0.8780484000841776,0.5000000496705373,0.604138175646464
5,72000,0.5034965034965035,23,5,0.75,101,1536,0.359375,0.640625,5.648812611897786,1.9686160087585445,1.8337440490722656,0.7499997417132059,0.9062083959579468
5,72000,0.5034965034965035,23,5,0.75,202,1536,0.37109375,0.62890625,5.563979943593343,1.8837833404541011,1.7332281668980916,0.7500000993410746,0.9062074025472006
5,72000,0.5034965034965035,23,5,0.75,303,1536,0.38671875,0.61328125,5.438614845275879,1.7584182421366372,1.679746389389038,0.7500003576278687,0.9062083959579468
5,72000,0.5034965034965035,23,6,0.35,101,1536,0.7005208333333334,0.29947916666666663,4.11865774790446,0.43846114476521825,0.39073177178700763,0.3500003715356191,0.4436769088109334
5,72000,0.5034965034965035,23,6,0.35,202,1536,0.69921875,0.30078125,4.098597367604573,0.4184007644653316,0.40049707889556885,0.3499995470046997,0.4436763823032379
5,72000,0.5034965034965035,23,6,0.35,303,1536,0.6966145833333334,0.30338541666666663,4.117878993352254,0.43768239021301225,0.4029849072297414,0.35000001390775043,0.4436761736869812
5,72000,0.5034965034965035,23,6,0.5,101,1536,0.5989583333333334,0.40104166666666663,4.5023244222005205,0.8221278190612789,0.7405393719673157,0.5000000794728597,0.6338239709536234
5,72000,0.5034965034965035,23,6,0.5,202,1536,0.5885416666666666,0.41145833333333337,4.493261973063151,0.8130653699239097,0.754271944363912,0.5000000397364298,0.6338226795196533
5,72000,0.5034965034965035,23,6,0.5,303,1536,0.5729166666666666,0.42708333333333337,4.534518559773763,0.854321956634521,0.7789304653803507,0.5000004172325134,0.6338234742482504
5,72000,0.5034965034965035,23,6,0.75,101,1536,0.42578125,0.57421875,5.2860391934712725,1.6058425903320308,1.4657840728759766,0.7499995628992716,0.9507334232330322
5,72000,0.5034965034965035,23,6,0.75,202,1536,0.44140625,0.55859375,5.302810192108154,1.6226135889689126,1.4868857860565186,0.7499998807907104,0.9507356882095337
5,72000,0.5034965034965035,23,6,0.75,303,1536,0.404296875,0.595703125,5.398773034413655,1.7185764312744136,1.5763802528381348,0.7500003973642985,0.9507367014884949
5,72000,0.5034965034965035,23,7,0.35,101,1536,0.7096354166666666,0.29036458333333337,4.036959966023763,0.35676336288452104,0.323657751083374,0.35000033179918927,0.5115617414315542
5,72000,0.5034965034965035,23,7,0.35,202,1536,0.7122395833333334,0.28776041666666663,4.022897084554036,0.3427004814147945,0.3475522994995117,0.34999992450078327,0.5115617712338766
5,72000,0.5034965034965035,23,7,0.35,303,1536,0.7194010416666666,0.28059895833333337,4.0449817180633545,0.3647851149241128,0.3523956934611003,0.3500000337759654,0.5115602612495422
5,72000,0.5034965034965035,23,7,0.5,101,1536,0.6158854166666666,0.38411458333333337,4.324619134267171,0.6444225311279292,0.5879469315210978,0.500000019868215,0.7308030327161154
5,72000,0.5034965034965035,23,7,0.5,202,1536,0.6178385416666666,0.38216145833333337,4.323708534240723,0.643511931101481,0.6319647232691447,0.5000001192092896,0.7308026750882467
5,72000,0.5034965034965035,23,7,0.5,303,1536,0.6126302083333334,0.38736979166666663,4.36261781056722,0.6824212074279781,0.6512810389200846,0.49999989072481793,0.7308007478713989
5,72000,0.5034965034965035,23,7,0.75,101,1536,0.4739583333333333,0.5260416666666667,4.924062569936116,1.2438659667968746,1.1453175942103069,0.7499999602635702,1.0962028900782268
5,72000,0.5034965034965035,23,7,0.75,202,1536,0.482421875,0.517578125,4.9534047444661455,1.2732081413269039,1.2319572766621907,0.7499998211860657,1.09620197614034
5,72000,0.5034965034965035,23,7,0.75,303,1536,0.46875,0.53125,5.003022829691569,1.3228262265523276,1.2608389059702556,0.7500000397364298,1.0962039629618328
5,72000,0.5034965034965035,23,8,0.35,101,1536,0.712890625,0.287109375,3.9879887104034424,0.3077921072642007,0.3232198754946391,0.35000014305114746,0.6180489261945089
5,72000,0.5034965034965035,23,8,0.35,202,1536,0.70703125,0.29296875,4.004410823186238,0.3242142200469966,0.31109996636708576,0.35000016291936237,0.6180486083030701
5,72000,0.5034965034965035,23,8,0.35,303,1536,0.7135416666666666,0.28645833333333337,4.00681749979655,0.3266208966573081,0.3068612515926361,0.3500000437100728,0.6180492838223776
5,72000,0.5034965034965035,23,8,0.5,101,1536,0.599609375,0.400390625,4.288004716237386,0.6078081130981441,0.6131621797879537,0.4999999205271403,0.8829252322514852
5,72000,0.5034965034965035,23,8,0.5,202,1536,0.5970052083333334,0.40299479166666663,4.297325452168782,0.6171288490295406,0.5845516721407572,0.4999997317790985,0.8829251130421957
5,72000,0.5034965034965035,23,8,0.5,303,1536,0.6080729166666666,0.39192708333333337,4.291028181711833,0.6108315785725913,0.5720690886179606,0.49999983112017315,0.8829259673754374
5,72000,0.5034965034965035,23,8,0.75,101,1536,0.4453125,0.5546875,4.93342924118042,1.2532326380411782,1.2359180053075154,0.75,1.3243885437647502
5,72000,0.5034965034965035,23,8,0.75,202,1536,0.462890625,0.537109375,4.914746125539144,1.234549522399902,1.1701756318410237,0.7500000397364298,1.3243894577026367
5,72000,0.5034965034965035,23,8,0.75,303,1536,0.4680989583333333,0.5319010416666667,4.900768121083577,1.2205715179443355,1.1516729195912678,0.7499998410542806,1.3243881464004517
5,72000,0.5034965034965035,23,9,0.35,101,1536,0.7141927083333334,0.28580729166666663,3.9765310287475586,0.2963344256083169,0.3162291347980499,0.34999969601631165,0.7609054247538248
5,72000,0.5034965034965035,23,9,0.35,202,1536,0.72265625,0.27734375,4.02050797144572,0.340311368306478,0.3200261890888214,0.35000041127204895,0.7609063784281412
5,72000,0.5034965034965035,23,9,0.35,303,1536,0.7044270833333334,0.29557291666666663,3.9899697303771973,0.3097731272379556,0.32642532388369244,0.3499999741713206,0.7609063585599264
5,72000,0.5034965034965035,23,9,0.5,101,1536,0.619140625,0.380859375,4.249033610026042,0.5688370068868003,0.5833379228909811,0.4999998410542806,1.087008277575175
5,72000,0.5034965034965035,23,9,0.5,202,1536,0.634765625,0.365234375,4.304646968841553,0.624450365702311,0.588805615901947,0.5000001390775045,1.0870102246602376
5,72000,0.5034965034965035,23,9,0.5,303,1536,0.5989583333333334,0.40104166666666663,4.28354008992513,0.6033434867858882,0.6088066299756368,0.49999965230623883,1.0870088736216228
5,72000,0.5034965034965035,23,9,0.75,101,1536,0.48046875,0.51953125,4.836602846781413,1.1564062436421714,1.1485965251922607,0.749999980131785,1.630513350168864
5,72000,0.5034965034965035,23,9,0.75,202,1536,0.47265625,0.52734375,4.898441155751546,1.2182445526123042,1.1608816782633464,0.7500002781550089,1.6305148204167683
5,72000,0.5034965034965035,23,9,0.75,303,1536,0.4661458333333333,0.5338541666666667,4.889655590057373,1.2094589869181314,1.2004952430725098,0.7499996423721313,1.6305142641067505
5,72000,0.5034965034965035,23,10,0.35,101,1536,0.7044270833333334,0.29557291666666663,3.9590322176615396,0.2788356145222979,0.30047372976938885,0.34999987483024597,0.8451936443646749
5,72000,0.5034965034965035,23,10,0.35,202,1536,0.7005208333333334,0.29947916666666663,3.992285966873169,0.31208936373392726,0.31168921788533527,0.3499999940395355,0.84519362449646
5,72000,0.5034965034965035,23,10,0.35,303,1536,0.6940104166666666,0.30598958333333337,3.978644768397013,0.2984481652577715,0.30178894599278766,0.35000013311704,0.8451939423878988
5,72000,0.5034965034965035,23,10,0.5,101,1536,0.607421875,0.392578125,4.211618741353353,0.5314221382141109,0.5549591978391012,0.49999986092249554,1.2074199120203655
5,72000,0.5034965034965035,23,10,0.5,202,1536,0.6041666666666666,0.39583333333333337,4.258182207743327,0.5779856046040854,0.5710435310999552,0.5000002582867941,1.2074213822682698
5,72000,0.5034965034965035,23,10,0.5,303,1536,0.6009114583333334,0.39908854166666663,4.2456661860148115,0.5654695828755698,0.5582706928253174,0.5000001688798269,1.207420031229655
5,72000,0.5034965034965035,23,10,0.75,101,1536,0.4563802083333333,0.5436197916666667,4.744540532430013,1.064343929290771,1.0909273624420166,0.7500000993410746,1.8111293315887451
5,72000,0.5034965034965035,23,10,0.75,202,1536,0.470703125,0.529296875,4.807748794555664,1.1275521914164224,1.110071102778117,0.7500002582867941,1.8111299673716228
5,72000,0.5034965034965035,23,10,0.75,303,1536,0.466796875,0.533203125,4.789456685384114,1.1092600822448726,1.0904969374338787,0.7500002185503641,1.8111305236816406
5,72000,0.5034965034965035,37,1,0.35,101,1536,0.7897135416666666,0.21028645833333337,3.8620451291402182,0.14291739463806152,0.1424177587032318,0.3500002721945445,0.2845071752866109
5,72000,0.5034965034965035,37,1,0.35,202,1536,0.7786458333333334,0.22135416666666663,3.8552802403767905,0.1361525058746338,0.14359057943026224,0.3499998648961385,0.2845068573951721
5,72000,0.5034965034965035,37,1,0.35,303,1536,0.7688802083333334,0.23111979166666663,3.8645200729370117,0.145392338434855,0.14286690950393677,0.35000046094258624,0.2845073441664378
5,72000,0.5034965034965035,37,1,0.5,101,1536,0.66796875,0.33203125,4.086229244867961,0.3671015103658042,0.3651195267836253,0.4999999503294627,0.40643847982088727
5,72000,0.5034965034965035,37,1,0.5,202,1536,0.6692708333333334,0.33072916666666663,4.0663777987162275,0.3472500642140708,0.3571496506532033,0.49999966224034625,0.40643824140230816
5,72000,0.5034965034965035,37,1,0.5,303,1536,0.6484375,0.3515625,4.079188426335652,0.36006069183349565,0.36137185494105023,0.4999999701976776,0.40643840034802753
5,72000,0.5034965034965035,37,1,0.75,101,1536,0.4609375,0.5390625,4.850425402323405,1.1312976678212485,1.1171748240788777,0.750000019868215,0.6096578041712443
5,72000,0.5034965034965035,37,1,0.75,202,1536,0.47265625,0.52734375,4.800784746805827,1.0816570123036704,1.085205872853597,0.7499995430310568,0.6096573869387308
5,72000,0.5034965034965035,37,1,0.75,303,1536,0.451171875,0.548828125,4.837283452351888,1.118155717849731,1.1154550711313884,0.7500006159146627,0.6096582611401876
5,72000,0.5034965034965035,37,2,0.35,101,1536,0.7740885416666666,0.22591145833333337,3.850554625193278,0.13142689069112112,0.14860130349795023,0.3499997059504191,0.3255007763703664
5,72000,0.5034965034965035,37,2,0.35,202,1536,0.7747395833333334,0.22526041666666663,3.881574789683024,0.16244705518086722,0.1651941438515981,0.350000003973643,0.3255007763703664
5,72000,0.5034965034965035,37,2,0.35,303,1536,0.783203125,0.216796875,3.86095921198527,0.1418314774831133,0.1535120556751887,0.34999993443489075,0.32550082604090375
5,72000,0.5034965034965035,37,2,0.5,101,1536,0.6692708333333334,0.33072916666666663,4.041998386383057,0.3228706518808999,0.3423785865306854,0.5000002185503641,0.46500164270401
5,72000,0.5034965034965035,37,2,0.5,202,1536,0.6647135416666666,0.33528645833333337,4.099929491678874,0.38080175717671727,0.385613610347112,0.5000000794728597,0.46500136454900104
5,72000,0.5034965034965035,37,2,0.5,303,1536,0.6803385416666666,0.31966145833333337,4.059024492899577,0.3398967583974204,0.36940479278564453,0.4999996821085612,0.4650012155373891
5,72000,0.5034965034965035,37,2,0.75,101,1536,0.4752604166666667,0.5247395833333333,4.6802628835042315,0.9611351490020748,0.9716019630432129,0.750000516573588,0.697502593199412
5,72000,0.5034965034965035,37,2,0.75,202,1536,0.466796875,0.533203125,4.801027139027913,1.0818994045257564,1.0713428656260173,0.7500002384185791,0.6975021958351135
5,72000,0.5034965034965035,37,2,0.75,303,1536,0.4830729166666667,0.5169270833333333,4.748734951019287,1.0296072165171304,1.077227274576823,0.7499997615814209,0.6975016395250956
5,72000,0.5034965034965035,37,3,0.35,101,1536,0.736328125,0.263671875,3.9866180419921875,0.2674903074900308,0.2531578143437703,0.35000012318293255,0.3651742835839589
5,72000,0.5034965034965035,37,3,0.35,202,1536,0.7213541666666666,0.27864583333333337,3.942352771759033,0.22322503725687648,0.23913073043028513,0.3500000437100728,0.36517425378163654
5,72000,0.5034965034965035,37,3,0.35,303,1536,0.751953125,0.248046875,3.9352458318074546,0.21611809730529785,0.2302697648604711,0.34999995430310565,0.36517385641733807
5,72000,0.5034965034965035,37,3,0.5,101,1536,0.6126302083333334,0.38736979166666663,4.336245854695638,0.617118120193481,0.5828779737154642,0.5000003774960836,0.5216776927312216
5,72000,0.5034965034965035,37,3,0.5,202,1536,0.5833333333333334,0.41666666666666663,4.265827655792236,0.5466999212900796,0.5549240907033285,0.5000001092751821,0.5216769774754842
5,72000,0.5034965034965035,37,3,0.5,303,1536,0.61328125,0.38671875,4.250426769256592,0.5312990347544351,0.5415130257606506,0.5000000496705373,0.5216771761576334
5,72000,0.5034965034965035,37,3,0.75,101,1536,0.3821614583333333,0.6178385416666667,5.371562321980794,1.6524345874786373,1.5753734906514485,0.7500004967053732,0.782516360282898
5,72000,0.5034965034965035,37,3,0.75,202,1536,0.3795572916666667,0.6204427083333333,5.248311519622803,1.529183785120646,1.5037064949671428,0.7499997019767761,0.7825153470039368
5,72000,0.5034965034965035,37,3,0.75,303,1536,0.3841145833333333,0.6158854166666667,5.263089021046956,1.5439612865447994,1.5240205923716228,0.7499997615814209,0.7825158834457397
5,72000,0.5034965034965035,37,4,0.35,101,1536,0.6263020833333334,0.37369791666666663,4.231095949808757,0.5119682153066001,0.5372052987416586,0.34999990463256836,0.40957125027974445
5,72000,0.5034965034965035,37,4,0.35,202,1536,0.62890625,0.37109375,4.246173779169719,0.527046044667562,0.5503606597582499,0.34999967614809674,0.4095701575279236
5,72000,0.5034965034965035,37,4,0.35,303,1536,0.615234375,0.384765625,4.244566202163696,0.5254384676615396,0.5585498611132304,0.34999967614809674,0.40957077344258624
5,72000,0.5034965034965035,37,4,0.5,101,1536,0.4954427083333333,0.5045572916666667,4.768095016479492,1.0489672819773355,1.0721355279286702,0.5000001390775045,0.5851022005081177
5,72000,0.5034965034965035,37,4,0.5,202,1536,0.4811197916666667,0.5188802083333333,4.831778049468994,1.1126503149668374,1.127278248469035,0.5000000993410746,0.5851011673609415
5,72000,0.5034965034965035,37,4,0.5,303,1536,0.4739583333333333,0.5260416666666667,4.81123161315918,1.092103878657023,1.1226487159729004,0.5000000695387522,0.5851012070973715
5,72000,0.5034965034965035,37,4,0.75,101,1536,0.3248697916666667,0.6751302083333333,5.880879084269206,2.1617513497670493,2.1688345273335776,0.7500001192092896,0.877653439839681
5,72000,0.5034965034965035,37,4,0.75,202,1536,0.29296875,0.70703125,6.053077856699626,2.3339501221974692,2.330613136291504,0.7499999205271403,0.8776517510414124
5,72000,0.5034965034965035,37,4,0.75,303,1536,0.3125,0.6875,5.998292287190755,2.279164552688598,2.28479266166687,0.7499998609224955,0.8776530424753824
5,72000,0.5034965034965035,37,5,0.35,101,1536,0.6477864583333334,0.35221354166666663,4.2034017244974775,0.4842739899953208,0.4957320988178253,0.34999968608220416,0.41054017345110577
5,72000,0.5034965034965035,37,5,0.35,202,1536,0.6158854166666666,0.38411458333333337,4.286380767822266,0.5672530333201089,0.5409748951594034,0.35000040133794147,0.41054101785024005
5,72000,0.5034965034965035,37,5,0.35,303,1536,0.6731770833333334,0.32682291666666663,4.115229686101277,0.39610195159912065,0.47287215789159137,0.3500002721945445,0.4105413556098938
5,72000,0.5034965034965035,37,5,0.5,101,1536,0.5234375,0.4765625,4.656694094340007,0.9375663598378501,0.9463027517000834,0.49999993046124774,0.58648681640625
5,72000,0.5034965034965035,37,5,0.5,202,1536,0.482421875,0.517578125,4.831954161326091,1.112826426823934,1.0642556349436443,0.5000003973642985,0.5864871541659037
5,72000,0.5034965034965035,37,5,0.5,303,1536,0.53515625,0.46484375,4.552580197652181,0.833452463150024,0.9107400973637899,0.5000001490116119,0.5864872932434082
5,72000,0.5034965034965035,37,5,0.75,101,1536,0.3658854166666667,0.6341145833333333,5.494132359822591,1.7750046253204341,1.779947280883789,0.749999483426412,0.8797297676404318
5,72000,0.5034965034965035,37,5,0.75,202,1536,0.326171875,0.673828125,5.834092458089192,2.1149647235870357,2.0458168586095176,0.750000794728597,0.8797327280044556
5,72000,0.5034965034965035,37,5,0.75,303,1536,0.3802083333333333,0.6197916666666667,5.425328413645427,1.70620067914327,1.76181956132253,0.749999980131785,0.8797306219736735
5,72000,0.5034965034965035,37,6,0.35,101,1536,0.6868489583333334,0.31315104166666663,4.115676244099935,0.3965485095977779,0.3967888255914052,0.35000040133794147,0.43162723382314044
5,72000,0.5034965034965035,37,6,0.35,202,1536,0.6595052083333334,0.34049479166666663,4.1427609125773115,0.42363317807515477,0.418586144844691,0.3500002423922221,0.4316268563270569
5,72000,0.5034965034965035,37,6,0.35,303,1536,0.666015625,0.333984375,4.168364683787028,0.44923694928487157,0.4477000633875529,0.34999963641166687,0.4316264788309733
5,72000,0.5034965034965035,37,6,0.5,101,1536,0.5670572916666666,0.43294270833333337,4.506195227305095,0.787067492802938,0.7753545840581259,0.5000002781550089,0.6166091163953146
5,72000,0.5034965034965035,37,6,0.5,202,1536,0.548828125,0.451171875,4.545170783996582,0.8260430494944253,0.7989499568939209,0.49999986092249554,0.6166081428527832
5,72000,0.5034965034965035,37,6,0.5,303,1536,0.5462239583333334,0.45377604166666663,4.570696512858073,0.8515687783559165,0.8409074147542318,0.5000000993410746,0.6166088581085205
5,72000,0.5034965034965035,37,6,0.75,101,1536,0.4055989583333333,0.5944010416666667,5.2673929532368975,1.5482652187347408,1.5093828042348225,0.7499999602635702,0.9249125917752584
5,72000,0.5034965034965035,37,6,0.75,202,1536,0.3912760416666667,0.6087239583333333,5.340743064880371,1.6216153303782144,1.565010666847229,0.750000019868215,0.9249133865038554
5,72000,0.5034965034965035,37,6,0.75,303,1536,0.384765625,0.615234375,5.331281979878743,1.6121542453765865,1.5784434080123901,0.7500001986821493,0.9249122341473898
5,72000,0.5034965034965035,37,7,0.35,101,1536,0.7005208333333334,0.29947916666666663,4.108014901479085,0.38888716697692827,0.39750539263089496,0.3499998152256012,0.4965049624443054
5,72000,0.5034965034965035,37,7,0.35,202,1536,0.7200520833333334,0.27994791666666663,4.0468753178914385,0.3277475833892818,0.35330185294151306,0.3499996264775594,0.4965058167775472
5,72000,0.5034965034965035,37,7,0.35,303,1536,0.6868489583333334,0.31315104166666663,4.076421022415161,0.3572932879130044,0.3583412965138753,0.3500003119309743,0.496505469083786
5,72000,0.5034965034965035,37,7,0.5,101,1536,0.58984375,0.41015625,4.442251841227214,0.7231241067250571,0.7311843037605286,0.5000001986821493,0.7092957099278768
5,72000,0.5034965034965035,37,7,0.5,202,1536,0.6158854166666666,0.38411458333333337,4.337114334106445,0.6179865996042886,0.6429879864056905,0.4999999900658925,0.7092936436335245
5,72000,0.5034965034965035,37,7,0.5,303,1536,0.5911458333333334,0.40885416666666663,4.3696058591206866,0.6504781246185298,0.6559481620788574,0.5000001986821493,0.7092942992846171
5,72000,0.5034965034965035,37,7,0.75,101,1536,0.44921875,0.55078125,5.073171933492024,1.3540441989898677,1.3580560286839802,0.749999483426412,1.063941478729248
5,72000,0.5034965034965035,37,7,0.75,202,1536,0.447265625,0.552734375,4.943228085835774,1.2241003513336177,1.246808608373006,0.7499997417132059,1.0639421542485554
5,72000,0.5034965034965035,37,7,0.75,303,1536,0.4453125,0.5546875,4.941959540049235,1.2228318055470786,1.2393816312154133,0.7499998410542806,1.0639404853185017
5,72000,0.5034965034965035,37,8,0.35,101,1536,0.7018229166666666,0.29817708333333337,4.0270406405131025,0.3079129060109458,0.3232351044813792,0.3499998450279236,0.6096883217493693
5,72000,0.5034965034965035,37,8,0.35,202,1536,0.6946614583333334,0.30533854166666663,3.9924891789754233,0.2733614444732666,0.31715860962867737,0.35000017285346985,0.6096887787183126
5,72000,0.5034965034965035,37,8,0.35,303,1536,0.6881510416666666,0.31184895833333337,4.013187805811564,0.2940600713094077,0.32116882999738056,0.3499995172023773,0.6096882422765096
5,72000,0.5034965034965035,37,8,0.5,101,1536,0.5944010416666666,0.40559895833333337,4.324934959411621,0.6058072249094644,0.6240320007006327,0.5000002582867941,0.870984415213267
5,72000,0.5034965034965035,37,8,0.5,202,1536,0.5859375,0.4140625,4.281358083089192,0.5622303485870357,0.6143064896265665,0.5000001192092896,0.8709837396939596
5,72000,0.5034965034965035,37,8,0.5,303,1536,0.5852864583333334,0.41471354166666663,4.308176358540853,0.5890486240386958,0.6161489884058634,0.5000001887480418,0.8709841370582581
5,72000,0.5034965034965035,37,8,0.75,101,1536,0.4303385416666667,0.5696614583333333,4.972036043802897,1.2529083093007407,1.2736567656199138,0.7500002185503641,1.3064745267232258
5,72000,0.5034965034965035,37,8,0.75,202,1536,0.44921875,0.55078125,4.9114047686258955,1.1922770341237388,1.2436463038126628,0.7499999205271403,1.3064754009246826
5,72000,0.5034965034965035,37,8,0.75,303,1536,0.4407552083333333,0.5592447916666667,4.932684739430745,1.2135570049285884,1.2454599539438884,0.7499997615814209,1.3064754803975422
5,72000,0.5034965034965035,37,9,0.35,101,1536,0.7005208333333334,0.29947916666666663,4.0208925406138105,0.3017648061116538,0.33449554443359375,0.35000020265579224,0.7486155231793722
5,72000,0.5034965034965035,37,9,0.35,202,1536,0.6796875,0.3203125,4.023016929626465,0.3038891951243081,0.33183717727661133,0.34999942779541016,0.7486135959625244
5,72000,0.5034965034965035,37,9,0.35,303,1536,0.6842447916666666,0.31575520833333337,4.0481618245442705,0.3290340900421138,0.3228698968887329,0.3500005304813385,0.7486157615979513
5,72000,0.5034965034965035,37,9,0.5,101,1536,0.5865885416666666,0.41341145833333337,4.30809211730957,0.5889643828074136,0.6330121556917826,0.5000000695387522,1.0694504976272583
5,72000,0.5034965034965035,37,9,0.5,202,1536,0.576171875,0.423828125,4.31840705871582,0.5992793242136636,0.6385204195976257,0.4999999900658925,1.0694499015808105
5,72000,0.5034965034965035,37,9,0.5,303,1536,0.5787760416666666,0.42122395833333337,4.355112711588542,0.6359849770863852,0.6220824519793192,0.49999969204266864,1.0694494247436523
5,72000,0.5034965034965035,37,9,0.75,101,1536,0.4375,0.5625,4.924705505371094,1.205577770868937,1.2649726867675781,0.750000019868215,1.6041756470998128
5,72000,0.5034965034965035,37,9,0.75,202,1536,0.4309895833333333,0.5690104166666667,4.938850084940593,1.219722350438436,1.2780001958211262,0.7499997218449911,1.604173978169759
5,72000,0.5034965034965035,37,9,0.75,303,1536,0.4244791666666667,0.5755208333333333,5.008086045583089,1.2889583110809322,1.2630359729131062,0.7499998410542806,1.6041743357976277
5,72000,0.5034965034965035,37,10,0.35,101,1536,0.7063802083333334,0.29361979166666663,4.009301503499349,0.29017376899719194,0.2977249224980672,0.3499999940395355,0.8285480539004008
5,72000,0.5034965034965035,37,10,0.35,202,1536,0.72265625,0.27734375,3.997974077860514,0.27884634335835745,0.2942737241586049,0.35000039140383404,0.8285494844118754
5,72000,0.5034965034965035,37,10,0.35,303,1536,0.6998697916666666,0.30013020833333337,3.986361503601074,0.2672337690989175,0.29637883106867474,0.3500000635782878,0.8285490671793619
5,72000,0.5034965034965035,37,10,0.5,101,1536,0.6100260416666666,0.38997395833333337,4.272663752237956,0.5535360177357993,0.5602327783902487,0.49999961256980896,1.1836392084757488
5,72000,0.5034965034965035,37,10,0.5,202,1536,0.6048177083333334,0.39518229166666663,4.259150664011638,0.5400229295094809,0.5545117656389872,0.5,1.1836408376693726
5,72000,0.5034965034965035,37,10,0.5,303,1536,0.6100260416666666,0.38997395833333337,4.240603446960449,0.5214757124582925,0.5569738944371542,0.5000002980232239,1.183640678723653
5,72000,0.5034965034965035,37,10,0.75,101,1536,0.4615885416666667,0.5384114583333333,4.829467137654622,1.1103394031524654,1.1171553532282512,0.7499995430310568,1.7754592498143513
5,72000,0.5034965034965035,37,10,0.75,202,1536,0.4446614583333333,0.5553385416666667,4.813702424367269,1.0945746898651119,1.1076124906539917,0.749999980131785,1.775461196899414
5,72000,0.5034965034965035,37,10,0.75,303,1536,0.4622395833333333,0.5377604166666667,4.782254060109456,1.0631263256072994,1.1055623690287273,0.7500005960464478,1.7754620711008708
5,143000,1.0,11,1,0.35,101,1536,0.7838541666666666,0.21614583333333337,3.9076313972473145,0.13305886586507176,0.1538161834081014,0.3499998152256012,0.14320342739423117
5,143000,1.0,11,1,0.35,202,1536,0.7727864583333334,0.22721354166666663,3.9457693099975586,0.1711967786153159,0.16684359312057495,0.35000042120615643,0.14320368568102518
5,143000,1.0,11,1,0.35,303,1536,0.76953125,0.23046875,3.9216241041819253,0.14705157279968262,0.16142353415489197,0.3500002721945445,0.14320359627405801
5,143000,1.0,11,1,0.5,101,1536,0.681640625,0.318359375,4.115212599436442,0.34064006805419966,0.35167551040649414,0.5000002185503641,0.2045765221118927
5,143000,1.0,11,1,0.5,202,1536,0.6529947916666666,0.34700520833333337,4.178567091623942,0.40399456024169966,0.39019322395324707,0.5000003178914388,0.20457657674948374
5,143000,1.0,11,1,0.5,303,1536,0.6575520833333334,0.34244791666666663,4.1278300285339355,0.35325749715169286,0.37660354375839233,0.5000002086162567,0.2045765519142151
5,143000,1.0,11,1,0.75,101,1536,0.4915364583333333,0.5084635416666667,4.774281024932861,0.9997084935506186,1.0114644368489583,0.7500003973642985,0.30686481793721515
5,143000,1.0,11,1,0.75,202,1536,0.4583333333333333,0.5416666666666667,4.872765223185222,1.098192691802979,1.0706051588058472,0.7500002781550089,0.30686476826667786
5,143000,1.0,11,1,0.75,303,1536,0.4713541666666667,0.5286458333333333,4.815701007843018,1.0411284764607749,1.053407351175944,0.7499998013178507,0.30686455965042114
5,143000,1.0,11,2,0.35,101,1536,0.7473958333333334,0.25260416666666663,3.956566095352173,0.18199356396993016,0.1860765020052592,0.3499995668729146,0.16451029479503632
5,143000,1.0,11,2,0.35,202,1536,0.7623697916666666,0.23763020833333337,3.973215341567993,0.19864281018575047,0.19193968176841736,0.350000262260437,0.16451060275236765
5,143000,1.0,11,2,0.35,303,1536,0.7467447916666666,0.25325520833333337,3.938835700352987,0.1642631689707441,0.1982609381278356,0.3500005006790161,0.16451089084148407
5,143000,1.0,11,2,0.5,101,1536,0.65234375,0.34765625,4.166454950968425,0.3918824195861821,0.40009796619415283,0.49999948342641193,0.23501472175121307
5,143000,1.0,11,2,0.5,202,1536,0.6575520833333334,0.34244791666666663,4.19248644510905,0.4179139137268071,0.40254037578900653,0.4999997019767761,0.23501499990622202
5,143000,1.0,11,2,0.5,303,1536,0.6536458333333334,0.34635416666666663,4.165300210316976,0.3907276789347329,0.41859357555707294,0.5000001390775045,0.2350152830282847
5,143000,1.0,11,2,0.75,101,1536,0.4817708333333333,0.5182291666666667,4.82612403233846,1.0515515009562173,1.0435884594917297,0.7500003178914388,0.35252267122268677
5,143000,1.0,11,2,0.75,202,1536,0.4954427083333333,0.5045572916666667,4.8661855061848955,1.0916129748026528,1.0194229483604431,0.7500001589457194,0.3525226215521495
5,143000,1.0,11,2,0.75,303,1536,0.484375,0.515625,4.81009308497111,1.0355205535888676,1.0467527707417805,0.7499995628992716,0.35252254207928974
5,143000,1.0,11,3,0.35,101,1536,0.6927083333333334,0.30729166666666663,4.122640609741211,0.34806807835896825,0.31593358516693115,0.3500000437100728,0.19098000725110373
5,143000,1.0,11,3,0.35,202,1536,0.7044270833333334,0.29557291666666663,4.0649904410044355,0.2904179096221928,0.3122988243897756,0.3499997655550639,0.1909801165262858
5,143000,1.0,11,3,0.35,303,1536,0.7135416666666666,0.28645833333333337,4.082620620727539,0.30804808934529637,0.30961618820826214,0.3500002324581146,0.1909800668557485
5,143000,1.0,11,3,0.5,101,1536,0.5696614583333334,0.43033854166666663,4.502078056335449,0.7275055249532065,0.661800483862559,0.5000002384185791,0.2728284994761149
5,143000,1.0,11,3,0.5,202,1536,0.5930989583333334,0.40690104166666663,4.40382448832194,0.6292519569396977,0.6331473390261332,0.5000002980232239,0.2728285491466522
5,143000,1.0,11,3,0.5,303,1536,0.5983072916666666,0.40169270833333337,4.433017730712891,0.6584451993306479,0.6441016793251038,0.5000003973642985,0.2728286385536194
5,143000,1.0,11,3,0.75,101,1536,0.3821614583333333,0.6178385416666667,5.518778165181478,1.7442056337992349,1.616120457649231,0.75,0.4092424114545186
5,143000,1.0,11,3,0.75,202,1536,0.3990885416666667,0.6009114583333333,5.3559830983479815,1.5814105669657388,1.547292431195577,0.7500003178914388,0.4092427094777425
5,143000,1.0,11,3,0.75,303,1536,0.4036458333333333,0.5963541666666667,5.440497080485026,1.6659245491027836,1.5939892927805583,0.7500000397364298,0.40924279888470966
5,143000,1.0,11,4,0.35,101,1536,0.6328125,0.3671875,4.225140889485677,0.4505683581034341,0.49402226010958356,0.3500002324581146,0.2165635327498118
5,143000,1.0,11,4,0.35,202,1536,0.6328125,0.3671875,4.249439557393392,0.47486702601114894,0.5250719785690308,0.35000016291936237,0.21656380593776703
5,143000,1.0,11,4,0.35,303,1536,0.64453125,0.35546875,4.392743110656738,0.6181705792744956,0.5590423941612244,0.3500003417332967,0.2165634830792745
5,143000,1.0,11,4,0.5,101,1536,0.521484375,0.478515625,4.711937427520752,0.9373648961385093,0.9555626312891642,0.4999999205271403,0.3093756139278412
5,143000,1.0,11,4,0.5,202,1536,0.4947916666666667,0.5052083333333333,4.757235050201416,0.9826625188191733,1.009539822737376,0.5000002185503641,0.3093757927417755
5,143000,1.0,11,4,0.5,303,1536,0.4915364583333333,0.5084635416666667,4.980858325958252,1.2062857945760093,1.1143350998560588,0.4999999205271403,0.30937620004018146
5,143000,1.0,11,4,0.75,101,1536,0.33203125,0.66796875,5.840808232625325,2.0662357012430825,2.0185693502426147,0.7499994039535522,0.4640635351339976
5,143000,1.0,11,4,0.75,202,1536,0.3151041666666667,0.6848958333333333,5.904045740763347,2.129473209381104,2.0940369764963784,0.749999980131785,0.4640650550524394
5,143000,1.0,11,4,0.75,303,1536,0.3046875,0.6953125,6.231970469156901,2.4573979377746586,2.289140780766805,0.7500001192092896,0.4640640318393707
5,143000,1.0,11,5,0.35,101,1536,0.6217447916666666,0.37825520833333337,4.305090586344401,0.5305180549621586,0.5305974284807841,0.34999985496203107,0.2239229828119278
5,143000,1.0,11,5,0.35,202,1536,0.6334635416666666,0.36653645833333337,4.249716917673747,0.47514438629150435,0.4870860278606415,0.34999988476435345,0.22392301261425018
5,143000,1.0,11,5,0.35,303,1536,0.6223958333333334,0.37760416666666663,4.357226689656575,0.5826541582743325,0.5319831172625223,0.34999987483024597,0.22392221788565317
5,143000,1.0,11,5,0.5,101,1536,0.4915364583333333,0.5084635416666667,4.818948268890381,1.0443757375081382,1.03019380569458,0.5000003675619761,0.31989093621571857
5,143000,1.0,11,5,0.5,202,1536,0.521484375,0.478515625,4.710169792175293,0.9355972607930503,0.9258093039194742,0.5000004371007284,0.3198903401692708
5,143000,1.0,11,5,0.5,303,1536,0.4895833333333333,0.5104166666666667,4.884790897369385,1.110218365987142,1.0152808825174968,0.5000001986821493,0.3198904792467753
5,143000,1.0,11,5,0.75,101,1536,0.3216145833333333,0.6783854166666667,5.863924503326416,2.0893519719441733,2.028759996096293,0.7499998211860657,0.47983457644780475
5,143000,1.0,11,5,0.75,202,1536,0.3548177083333333,0.6451822916666667,5.6949466069539385,1.9203740755716958,1.8445118268330891,0.750000019868215,0.47983522216478985
5,143000,1.0,11,5,0.75,303,1536,0.3079427083333333,0.6920572916666667,5.99234676361084,2.217774232228597,2.0426552295684814,0.749999980131785,0.4798346757888794
5,143000,1.0,11,6,0.35,101,1536,0.640625,0.359375,4.273372173309326,0.4987996419270835,0.5002752840518951,0.34999998410542804,0.24955581625302634
5,143000,1.0,11,6,0.35,202,1536,0.646484375,0.353515625,4.2744425137837725,0.4998699824015298,0.4947112003962199,0.3500000536441803,0.24955565730730692
5,143000,1.0,11,6,0.35,303,1536,0.6614583333333334,0.33854166666666663,4.196868260701497,0.4222957293192544,0.45904945333798725,0.34999971588452655,0.24955560266971588
5,143000,1.0,11,6,0.5,101,1536,0.5227864583333334,0.47721354166666663,4.757075468699138,0.982502937316895,0.9488631089528402,0.5000001688798269,0.35650883118311566
5,143000,1.0,11,6,0.5,202,1536,0.513671875,0.486328125,4.765776952107747,0.9912044207255044,0.9536875089009603,0.4999998211860657,0.35650867223739624
5,143000,1.0,11,6,0.5,303,1536,0.5475260416666666,0.45247395833333337,4.598484516143799,0.8239119847615561,0.853323737780253,0.5000000596046448,0.35650872190793353
5,143000,1.0,11,6,0.75,101,1536,0.3587239583333333,0.6412760416666667,5.694291273752849,1.919718742370606,1.844490925470988,0.7499997019767761,0.5347620050112406
5,143000,1.0,11,6,0.75,202,1536,0.3587239583333333,0.6412760416666667,5.797151883443196,2.0225793520609536,1.8992199500401814,0.7499996622403463,0.5347626209259033
5,143000,1.0,11,6,0.75,303,1536,0.390625,0.609375,5.487131754557292,1.7125592231750493,1.6909922361373901,0.7499995430310568,0.534762958685557
5,143000,1.0,11,7,0.35,101,1536,0.66796875,0.33203125,4.178954283396403,0.4043817520141606,0.44116051991780597,0.35000040133794147,0.31223419308662415
5,143000,1.0,11,7,0.35,202,1536,0.65625,0.34375,4.2029182116190595,0.42834568023681685,0.45863349239031476,0.3500005106131236,0.31223466992378235
5,143000,1.0,11,7,0.35,303,1536,0.6569010416666666,0.34309895833333337,4.209827582041423,0.43525505065918013,0.4545492927233378,0.34999994436899823,0.31223325928052265
5,143000,1.0,11,7,0.5,101,1536,0.55078125,0.44921875,4.568992932637532,0.7944204012552896,0.8179327249526978,0.5000001589457194,0.4460481305917104
5,143000,1.0,11,7,0.5,202,1536,0.5390625,0.4609375,4.59511121114095,0.8205386797587075,0.8447259068489075,0.4999999205271403,0.44604788223902386
5,143000,1.0,11,7,0.5,303,1536,0.546875,0.453125,4.614078203837077,0.8395056724548344,0.849367598692576,0.5000000298023224,0.4460480411847432
5,143000,1.0,11,7,0.75,101,1536,0.3802083333333333,0.6197916666666667,5.364476203918457,1.5899036725362143,1.599892497062683,0.7499997417132059,0.6690716544787089
5,143000,1.0,11,7,0.75,202,1536,0.3834635416666667,0.6165364583333333,5.419185161590576,1.6446126302083335,1.63312824567159,0.7500001192092896,0.6690723498662313
5,143000,1.0,11,7,0.75,303,1536,0.376953125,0.623046875,5.455779234568278,1.6812067031860356,1.6725107431411743,0.7500002781550089,0.6690729459126791
5,143000,1.0,11,8,0.35,101,1536,0.705078125,0.294921875,4.0673965613047285,0.2928240299224858,0.31676753362019855,0.3500000437100728,0.31011731425921124
5,143000,1.0,11,8,0.35,202,1536,0.6946614583333334,0.30533854166666663,4.053492466608684,0.2789199352264409,0.3151690165201823,0.3500002721945445,0.3101174235343933
5,143000,1.0,11,8,0.35,303,1536,0.708984375,0.291015625,4.083397785822551,0.30882525444030806,0.31179989377657574,0.34999994436899823,0.3101174732049306
5,143000,1.0,11,8,0.5,101,1536,0.5846354166666666,0.41536458333333337,4.345815340677897,0.5712428092956547,0.5825571219126383,0.4999999801317851,0.4430251618226369
5,143000,1.0,11,8,0.5,202,1536,0.599609375,0.400390625,4.312674522399902,0.5381019910176597,0.5685705343882242,0.4999997317790985,0.44302475452423096
5,143000,1.0,11,8,0.5,303,1536,0.6100260416666666,0.38997395833333337,4.354223251342773,0.5796507199605307,0.5652360518773397,0.500000536441803,0.44302574793497723
5,143000,1.0,11,8,0.75,101,1536,0.4303385416666667,0.5696614583333333,4.949941158294678,1.175368626912435,1.1634622812271118,0.7500001986821493,0.6645369529724121
5,143000,1.0,11,8,0.75,202,1536,0.439453125,0.560546875,4.910961469014485,1.1363889376322427,1.146321177482605,0.7499997218449911,0.6645371913909912
5,143000,1.0,11,8,0.75,303,1536,0.4518229166666667,0.5481770833333333,4.962844530741374,1.1882719993591313,1.1418424447377522,0.7500001986821493,0.6645370324452718
5,143000,1.0,11,9,0.35,101,1536,0.732421875,0.267578125,4.043425877888997,0.2688533465067544,0.27820714314778644,0.35000033179918927,0.34392814834912616
5,143000,1.0,11,9,0.35,202,1536,0.7298177083333334,0.27018229166666663,4.010600169499715,0.23602763811747218,0.2680576791365941,0.35000009338061017,0.3439279894034068
5,143000,1.0,11,9,0.35,303,1536,0.720703125,0.279296875,4.0501975218455,0.2756249904632573,0.2783784667650859,0.3499996562798818,0.3439274529616038
5,143000,1.0,11,9,0.5,101,1536,0.6380208333333334,0.36197916666666663,4.265432834625244,0.49086030324300145,0.49315768480300903,0.49999965230623883,0.4913251797358195
5,143000,1.0,11,9,0.5,202,1536,0.642578125,0.357421875,4.225756963094075,0.45118443171183253,0.47967121998469037,0.4999996821085612,0.49132569630940753
5,143000,1.0,11,9,0.5,303,1536,0.625,0.375,4.270497639973958,0.49592510859171535,0.49927541613578796,0.49999988079071045,0.4913257459799449
5,143000,1.0,11,9,0.75,101,1536,0.4895833333333333,0.5104166666666667,4.766876220703125,0.9923036893208823,0.9840646783510844,0.7499999602635702,0.7369889815648397
5,143000,1.0,11,9,0.75,202,1536,0.513671875,0.486328125,4.7123158772786455,0.9377433458964028,0.9594362576802572,0.7499997615814209,0.7369884252548218
5,143000,1.0,11,9,0.75,303,1536,0.4915364583333333,0.5084635416666667,4.777440071105957,1.0028675397237143,0.9949296315511068,0.7499997417132059,0.7369875311851501
5,143000,1.0,11,10,0.35,101,1536,0.720703125,0.279296875,4.087184906005859,0.3126123746236167,0.2765474120775859,0.35000013311704,0.3979610701402028
5,143000,1.0,11,10,0.35,202,1536,0.7350260416666666,0.26497395833333337,4.013371547063191,0.23879901568094875,0.2732373774051666,0.3500000635782878,0.3979612390200297
5,143000,1.0,11,10,0.35,303,1536,0.7200520833333334,0.27994791666666663,4.052684624989827,0.2781120936075845,0.27564139167467755,0.34999998410542804,0.3979607820510864
5,143000,1.0,11,10,0.5,101,1536,0.6184895833333334,0.38151041666666663,4.3300526936848955,0.5554801623026528,0.501045693953832,0.5000000496705373,0.5685155193010966
5,143000,1.0,11,10,0.5,202,1536,0.6438802083333334,0.35611979166666663,4.232530434926351,0.4579579035441079,0.49012450377146405,0.500000019868215,0.56851593653361
5,143000,1.0,11,10,0.5,303,1536,0.6354166666666666,0.36458333333333337,4.275091330210368,0.5005187988281254,0.49498875935872394,0.49999990065892536,0.5685154398282369
5,143000,1.0,11,10,0.75,101,1536,0.482421875,0.517578125,4.856298605600993,1.0817260742187504,1.000119944413503,0.7499997615814209,0.8527732094128927
5,143000,1.0,11,10,0.75,202,1536,0.5065104166666666,0.49348958333333337,4.741930802663167,0.9673582712809243,0.9799210627873739,0.7499999006589254,0.8527732292811075
5,143000,1.0,11,10,0.75,303,1536,0.498046875,0.501953125,4.776100794474284,1.0015282630920415,0.9835714896519979,0.7499997814496359,0.852773388226827
5,143000,1.0,23,1,0.35,101,1536,0.7669270833333334,0.23307291666666663,3.8579928080240884,0.1482013861338296,0.16011923054854074,0.3500000437100728,0.14249045153458914
5,143000,1.0,23,1,0.35,202,1536,0.7760416666666666,0.22395833333333337,3.823550542195638,0.11375912030537938,0.15243720014890036,0.34999987483024597,0.1424903521935145
5,143000,1.0,23,1,0.35,303,1536,0.7591145833333334,0.24088541666666663,3.8624212741851807,0.15262985229492188,0.16883776585261026,0.35000025232632953,0.14249051113923392
5,143000,1.0,23,1,0.5,101,1536,0.6438802083333334,0.35611979166666663,4.058388153711955,0.34859673182169626,0.37030399839083356,0.49999991059303284,0.20355771978696188
5,143000,1.0,23,1,0.5,202,1536,0.6614583333333334,0.33854166666666663,4.014437834421794,0.3046464125315351,0.3477823734283447,0.5000002185503641,0.20355782906214395
5,143000,1.0,23,1,0.5,303,1536,0.65234375,0.34765625,4.082988818486531,0.3731973965962725,0.3811889986197154,0.4999998410542806,0.20355765024820963
5,143000,1.0,23,1,0.75,101,1536,0.486328125,0.513671875,4.728268941243489,1.0184775193532305,1.0140266418457031,0.749999980131785,0.3053365747133891
5,143000,1.0,23,1,0.75,202,1536,0.5110677083333334,0.48893229166666663,4.6712996164957685,0.9615081946055097,0.9651597936948141,0.7499999205271403,0.30533655484517414
5,143000,1.0,23,1,0.75,303,1536,0.4915364583333333,0.5084635416666667,4.753865877787272,1.0440744558970136,1.0081733067830403,0.7500001192092896,0.3053366442521413
5,143000,1.0,23,2,0.35,101,1536,0.75,0.25,3.9020370642344155,0.19224564234415675,0.20127695302168527,0.3500004510084788,0.16644413272539774
5,143000,1.0,23,2,0.35,202,1536,0.7623697916666666,0.23763020833333337,3.872944990793864,0.163153568903605,0.21072092652320862,0.3500001033147176,0.1664439837137858
5,143000,1.0,23,2,0.35,303,1536,0.7532552083333334,0.24674479166666663,3.867307504018148,0.15751608212788915,0.20118694007396698,0.349999596675237,0.1664437601963679
5,143000,1.0,23,2,0.5,101,1536,0.6451822916666666,0.35481770833333337,4.126529693603516,0.41673827171325684,0.4192928771177928,0.5000000993410746,0.23777703444163004
5,143000,1.0,23,2,0.5,202,1536,0.669921875,0.330078125,4.094869375228882,0.38507795333862305,0.4370066026846568,0.5000001192092896,0.23777717351913452
5,143000,1.0,23,2,0.5,303,1536,0.6536458333333334,0.34635416666666663,4.085453987121582,0.37566256523132324,0.42478470007578534,0.4999997715155284,0.237776850660642
5,143000,1.0,23,2,0.75,101,1536,0.4947916666666667,0.5052083333333333,4.788698196411133,1.078906774520874,1.0455813805262248,0.7499999205271403,0.3566655119260152
5,143000,1.0,23,2,0.75,202,1536,0.501953125,0.498046875,4.752564271291097,1.042772849400838,1.060532768567403,0.7500003377596537,0.3566656708717346
5,143000,1.0,23,2,0.75,303,1536,0.4889322916666667,0.5110677083333333,4.725522518157959,1.0157310962677002,1.0456980466842651,0.7500002582867941,0.3566657106081645
5,143000,1.0,23,3,0.35,101,1536,0.716796875,0.283203125,4.024682442347209,0.31489102045695017,0.33525605003039044,0.3500001033147176,0.19258846839269003
5,143000,1.0,23,3,0.35,202,1536,0.6927083333333334,0.30729166666666663,4.044053395589192,0.3342619736989336,0.32705994447072345,0.34999993443489075,0.1925885925690333
5,143000,1.0,23,3,0.35,303,1536,0.71484375,0.28515625,4.047561327616374,0.3377699057261152,0.3216727574666341,0.3499995271364848,0.19258843859036764
5,143000,1.0,23,3,0.5,101,1536,0.60546875,0.39453125,4.378523190816243,0.6687317689259844,0.6797313690185547,0.5000001788139343,0.275126447280248
5,143000,1.0,23,3,0.5,202,1536,0.5794270833333334,0.42057291666666663,4.3920033772786455,0.6822119553883867,0.6605871717135111,0.5000001986821493,0.2751264770825704
5,143000,1.0,23,3,0.5,303,1536,0.6139322916666666,0.38606770833333337,4.397058169047038,0.6872667471567793,0.653232475121816,0.500000019868215,0.2751264770825704
5,143000,1.0,23,3,0.75,101,1536,0.4186197916666667,0.5813802083333333,5.385099411010742,1.6753079891204834,1.6380626360575359,0.7500001390775045,0.41269004344940186
5,143000,1.0,23,3,0.75,202,1536,0.3854166666666667,0.6145833333333333,5.39561128616333,1.6858198642730713,1.613612413406372,0.7499999006589254,0.41268972555796307
5,143000,1.0,23,3,0.75,303,1536,0.4166666666666667,0.5833333333333333,5.385819435119629,1.6760280132293701,1.5851771434148152,0.7499998211860657,0.412689745426178
5,143000,1.0,23,4,0.35,101,1536,0.6334635416666666,0.36653645833333337,4.2766023476918535,0.5668109258015948,0.5557439724604288,0.35000019272168476,0.21945577363173166
5,143000,1.0,23,4,0.35,202,1536,0.6373697916666666,0.36263020833333337,4.336419741312663,0.6266283194224043,0.5790000359217325,0.3499997655550639,0.21945582330226898
5,143000,1.0,23,4,0.35,303,1536,0.626953125,0.373046875,4.3031591574351,0.5933677355448408,0.5866917769114176,0.34999991456667584,0.21945588290691376
5,143000,1.0,23,4,0.5,101,1536,0.529296875,0.470703125,4.805039723714192,1.0952483018239336,1.0589141845703125,0.5000002384185791,0.31350797414779663
5,143000,1.0,23,4,0.5,202,1536,0.5110677083333334,0.48893229166666663,4.881052494049072,1.1712610721588135,1.0944932301839192,0.5,0.3135083218415578
5,143000,1.0,23,4,0.5,303,1536,0.5123697916666666,0.48763020833333337,4.862500508626302,1.152709086736043,1.1134129365285237,0.5000003576278687,0.3135085105895996
5,143000,1.0,23,4,0.75,101,1536,0.3268229166666667,0.6731770833333333,6.010314305623372,2.3005228837331133,2.2178033590316772,0.7500006357828776,0.47026339173316956
5,143000,1.0,23,4,0.75,202,1536,0.3294270833333333,0.6705729166666667,6.094448407491048,2.384656985600789,2.26749324798584,0.7500004768371582,0.47026265660921734
5,143000,1.0,23,4,0.75,303,1536,0.3346354166666667,0.6653645833333333,6.043543815612793,2.333752393722534,2.2215145428975425,0.7499995827674866,0.47026193141937256
5,143000,1.0,23,5,0.35,101,1536,0.626953125,0.373046875,4.302079359690349,0.5922879378000898,0.5526520609855652,0.350000003973643,0.22734255095322928
5,143000,1.0,23,5,0.35,202,1536,0.6588541666666666,0.34114583333333337,4.248136520385742,0.5383450984954834,0.5085224509239197,0.3500000536441803,0.22734276950359344
5,143000,1.0,23,5,0.35,303,1536,0.6380208333333334,0.36197916666666663,4.256124496459961,0.5463330745697021,0.5296636919180552,0.34999995430310565,0.22734240194161734
5,143000,1.0,23,5,0.5,101,1536,0.5123697916666666,0.48763020833333337,4.792999426523845,1.083208004633586,1.0118412176767986,0.5000002185503641,0.3247755169868469
5,143000,1.0,23,5,0.5,202,1536,0.5247395833333334,0.47526041666666663,4.732381979624431,1.0225905577341718,0.9699386358261108,0.4999999900658925,0.32477500041325885
5,143000,1.0,23,5,0.5,303,1536,0.525390625,0.474609375,4.708761215209961,0.9989697933197021,0.9607720176378886,0.5000000794728597,0.3247749904791514
5,143000,1.0,23,5,0.75,101,1536,0.349609375,0.650390625,5.768121719360352,2.0583302974700928,1.9440776507059734,0.7500001589457194,0.487162709236145
5,143000,1.0,23,5,0.75,202,1536,0.359375,0.640625,5.715062618255615,2.0052711963653564,1.9177595774332683,0.7499998013178507,0.48716293772061664
5,143000,1.0,23,5,0.75,303,1536,0.373046875,0.626953125,5.610467274983724,1.9006758530934649,1.8217134078343709,0.7500000397364298,0.4871630171934764
5,143000,1.0,23,6,0.35,101,1536,0.666015625,0.333984375,4.258141040802002,0.5483496189117432,0.5183174014091492,0.35000025232632953,0.2533442974090576
5,143000,1.0,23,6,0.35,202,1536,0.6497395833333334,0.35026041666666663,4.221966743469238,0.5121753215789795,0.5158322155475616,0.3500000337759654,0.2533438255389531
5,143000,1.0,23,6,0.35,303,1536,0.6451822916666666,0.35481770833333337,4.2064528465271,0.4966614246368408,0.5167859097321829,0.35000015298525494,0.25334350764751434
5,143000,1.0,23,6,0.5,101,1536,0.53515625,0.46484375,4.717693169911702,1.0079017480214434,0.9671713709831238,0.5000001390775045,0.36191995938618976
5,143000,1.0,23,6,0.5,202,1536,0.5462239583333334,0.45377604166666663,4.703100681304932,0.9933092594146729,0.9672553539276123,0.5000001390775045,0.3619198799133301
5,143000,1.0,23,6,0.5,303,1536,0.5279947916666666,0.47200520833333337,4.696694374084473,0.9869029521942139,0.982196569442749,0.4999997814496358,0.36191930373509723
5,143000,1.0,23,6,0.75,101,1536,0.380859375,0.619140625,5.648798942565918,1.9390075206756592,1.8725446065266926,0.7499999403953552,0.5428802768389384
5,143000,1.0,23,6,0.75,202,1536,0.3860677083333333,0.6139322916666667,5.69249693552653,1.9827055136362715,1.9106553395589192,0.750000516573588,0.5428797801335653
5,143000,1.0,23,6,0.75,303,1536,0.3626302083333333,0.6373697916666667,5.7056810061136884,1.9958895842234297,1.9384111563364665,0.7499999205271403,0.5428801774978638
5,143000,1.0,23,7,0.35,101,1536,0.6712239583333334,0.32877604166666663,4.139762242635091,0.42997082074483206,0.4538374145825704,0.35000064969062805,0.3187244435151418
5,143000,1.0,23,7,0.35,202,1536,0.6549479166666666,0.34505208333333337,4.193616469701131,0.4838250478108721,0.48962430159250897,0.3500000635782878,0.31872375806172687
5,143000,1.0,23,7,0.35,303,1536,0.658203125,0.341796875,4.198765277862549,0.48897385597229004,0.5034841100374857,0.35000001390775043,0.3187236984570821
5,143000,1.0,23,7,0.5,101,1536,0.5520833333333334,0.44791666666666663,4.522968133290608,0.8131767114003496,0.8235629399617513,0.5000001390775045,0.4553203384081523
5,143000,1.0,23,7,0.5,202,1536,0.5358072916666666,0.46419270833333337,4.603569348653157,0.8937779267628985,0.8908950686454773,0.5000001589457194,0.4553202490011851
5,143000,1.0,23,7,0.5,303,1536,0.5631510416666666,0.43684895833333337,4.610139052073161,0.9003476301829023,0.9066948890686035,0.49999988079071045,0.45532067616780597
5,143000,1.0,23,7,0.75,101,1536,0.3932291666666667,0.6067708333333333,5.36715030670166,1.6573588848114014,1.6399364471435547,0.7500007549921671,0.6829816897710165
5,143000,1.0,23,7,0.75,202,1536,0.3763020833333333,0.6236979166666667,5.482621510823567,1.7728300889333086,1.7445159753163655,0.7500001986821493,0.6829792658487955
5,143000,1.0,23,7,0.75,303,1536,0.392578125,0.607421875,5.454792499542236,1.7450010776519775,1.7370874484380086,0.7499998211860657,0.6829790472984314
5,143000,1.0,23,8,0.35,101,1536,0.7115885416666666,0.28841145833333337,3.994324286778768,0.28453286488850926,0.3185928463935852,0.34999967614809674,0.31527214248975116
5,143000,1.0,23,8,0.35,202,1536,0.7200520833333334,0.27994791666666663,4.020100116729736,0.31030869483947754,0.3145316243171692,0.3499998152256012,0.31527231136957806
5,143000,1.0,23,8,0.35,303,1536,0.712890625,0.287109375,4.022073268890381,0.31228184700012207,0.3222445845603943,0.34999993443489075,0.3152717053890228
5,143000,1.0,23,8,0.5,101,1536,0.6100260416666666,0.38997395833333337,4.260676383972168,0.5508849620819092,0.5759955644607544,0.4999997814496358,0.450389305750529
5,143000,1.0,23,8,0.5,202,1536,0.607421875,0.392578125,4.297799030939738,0.5880076090494795,0.5787315368652344,0.5000004768371582,0.4503894845644633
5,143000,1.0,23,8,0.5,303,1536,0.6048177083333334,0.39518229166666663,4.301656723022461,0.5918653011322021,0.5819030006726583,0.49999996026357013,0.45038872957229614
5,143000,1.0,23,8,0.75,101,1536,0.45703125,0.54296875,4.880556424458821,1.1707650025685625,1.1877870559692383,0.7500002781550089,0.6755842963854471
5,143000,1.0,23,8,0.75,202,1536,0.4622395833333333,0.5377604166666667,4.9140323003133135,1.2042408784230547,1.1690510908762615,0.7499999602635702,0.6755830645561218
5,143000,1.0,23,8,0.75,303,1536,0.4720052083333333,0.5279947916666667,4.910241762797038,1.2004503409067793,1.1715522209803264,0.7499998807907104,0.6755842765172323
5,143000,1.0,23,9,0.35,101,1536,0.7278645833333334,0.27213541666666663,3.984997590382894,0.27520616849263524,0.29179046551386517,0.35000013311704,0.3505462408065796
5,143000,1.0,23,9,0.35,202,1536,0.720703125,0.279296875,4.012476444244385,0.302685022354126,0.29398014148076373,0.3500000337759654,0.3505455752213796
5,143000,1.0,23,9,0.35,303,1536,0.7330729166666666,0.26692708333333337,3.9739437898000083,0.2641523679097495,0.2957364817460378,0.34999966621398926,0.35054505864779156
5,143000,1.0,23,9,0.5,101,1536,0.63671875,0.36328125,4.210850079854329,0.5010586579640703,0.5098662177721659,0.5000000596046448,0.5007794499397278
5,143000,1.0,23,9,0.5,202,1536,0.623046875,0.376953125,4.2469808260599775,0.5371894041697187,0.5176149010658264,0.5000002781550089,0.5007796585559845
5,143000,1.0,23,9,0.5,303,1536,0.6373697916666666,0.36263020833333337,4.211768865585327,0.5019774436950684,0.5287291407585144,0.5000000894069672,0.5007797678311666
5,143000,1.0,23,9,0.75,101,1536,0.5006510416666666,0.49934895833333337,4.720916748046875,1.0111253261566162,1.002463698387146,0.750000019868215,0.7511696020762125
5,143000,1.0,23,9,0.75,202,1536,0.4856770833333333,0.5143229166666667,4.768139044443767,1.0583476225535078,1.0174288749694824,0.7499998410542806,0.7511694232622782
5,143000,1.0,23,9,0.75,303,1536,0.5,0.5,4.752576986948649,1.0427855650583906,1.0605192979176838,0.75,0.7511696815490723
5,143000,1.0,23,10,0.35,101,1536,0.7102864583333334,0.28971354166666663,3.973918358484904,0.26412693659464503,0.28798431158065796,0.35000001390775043,0.40236323078473407
5,143000,1.0,23,10,0.35,202,1536,0.7180989583333334,0.28190104166666663,3.9974735577901206,0.2876821358998618,0.28356603781382245,0.35000042120615643,0.40236421426137287
5,143000,1.0,23,10,0.35,303,1536,0.7200520833333334,0.27994791666666663,3.9771041870117188,0.26731276512145996,0.2867720425128937,0.3500002821286519,0.4023638268311818
5,143000,1.0,23,10,0.5,101,1536,0.6276041666666666,0.37239583333333337,4.1864267985026045,0.4766353766123457,0.514407217502594,0.49999983112017315,0.5748043258984884
5,143000,1.0,23,10,0.5,202,1536,0.623046875,0.376953125,4.227595488230388,0.5178040663401289,0.5100493133068085,0.4999996821085612,0.574804405371348
5,143000,1.0,23,10,0.5,303,1536,0.6276041666666666,0.37239583333333337,4.202596982320149,0.49280556042989065,0.5144959290822347,0.5000003178914388,0.5748049815495809
5,143000,1.0,23,10,0.75,101,1536,0.48828125,0.51171875,4.672047932942708,0.9622565110524492,1.0201425155003865,0.7500000397364298,0.862207810084025
5,143000,1.0,23,10,0.75,202,1536,0.4778645833333333,0.5221354166666667,4.746202150980632,1.036410729090373,1.0249898433685303,0.7499997814496359,0.8622069358825684
5,143000,1.0,23,10,0.75,303,1536,0.4811197916666667,0.5188802083333333,4.715390523274739,1.0055991013844805,1.0242130756378174,0.7500003973642985,0.8622077306111654
5,143000,1.0,37,1,0.35,101,1536,0.7701822916666666,0.22981770833333337,3.8523940245310464,0.13977424303690578,0.15654928982257843,0.35000016291936237,0.1438771883646647
5,143000,1.0,37,1,0.35,202,1536,0.7721354166666666,0.22786458333333337,3.863799254099528,0.15117947260538722,0.15238184730211893,0.3499999940395355,0.14387712876001993
5,143000,1.0,37,1,0.35,303,1536,0.7623697916666666,0.23763020833333337,3.8423994382222495,0.12977965672810887,0.14842363695303598,0.350000003973643,0.14387711882591248
5,143000,1.0,37,1,0.5,101,1536,0.6640625,0.3359375,4.065386454264323,0.3527666727701826,0.36948152383168537,0.5000001688798269,0.20553881923357645
5,143000,1.0,37,1,0.5,202,1536,0.669921875,0.330078125,4.064932664235433,0.352312882741292,0.35780245065689087,0.5000002781550089,0.20553884406884512
5,143000,1.0,37,1,0.5,303,1536,0.6634114583333334,0.33658854166666663,4.052354017893474,0.339734236399333,0.35443103313446045,0.4999999701976776,0.20553876956303915
5,143000,1.0,37,1,0.75,101,1536,0.486328125,0.513671875,4.75432554880778,1.0417057673136396,1.0381687482198079,0.7499999205271403,0.30830808480580646
5,143000,1.0,37,1,0.75,202,1536,0.490234375,0.509765625,4.735520521799724,1.022900740305583,1.0381577809651692,0.7499995628992716,0.3083079953988393
5,143000,1.0,37,1,0.75,303,1536,0.4830729166666667,0.5169270833333333,4.74500830968221,1.0323885281880694,1.0486890872319539,0.75,0.3083081940809886
5,143000,1.0,37,2,0.35,101,1536,0.775390625,0.224609375,3.8485949834187827,0.13597520192464208,0.171022430062294,0.3500003119309743,0.16524463395277658
5,143000,1.0,37,2,0.35,202,1536,0.7688802083333334,0.23111979166666663,3.8797980149586997,0.16717823346455907,0.18345512449741364,0.3500000635782878,0.16524442533651987
5,143000,1.0,37,2,0.35,303,1536,0.7565104166666666,0.24348958333333337,3.870865980784098,0.15824619928995753,0.18261763950188956,0.35000015298525494,0.16524439553419748
5,143000,1.0,37,2,0.5,101,1536,0.6842447916666666,0.31575520833333337,4.043056170145671,0.33043638865153024,0.36987829208374023,0.4999999900658925,0.23606331646442413
5,143000,1.0,37,2,0.5,202,1536,0.6725260416666666,0.32747395833333337,4.0911978880564375,0.37857810656229685,0.40723984440167743,0.5000001986821493,0.23606344560782114
5,143000,1.0,37,2,0.5,303,1536,0.6744791666666666,0.32552083333333337,4.081294457117717,0.36867467562357614,0.3969994783401489,0.49999940395355225,0.23606315751870474
5,143000,1.0,37,2,0.75,101,1536,0.51953125,0.48046875,4.646715482076009,0.9340957005818682,0.970613698164622,0.7500000794728597,0.3540949722131093
5,143000,1.0,37,2,0.75,202,1536,0.4908854166666667,0.5091145833333333,4.749874432881673,1.0372546513875323,1.0710187753041585,0.7499995628992716,0.35409481326738995
5,143000,1.0,37,2,0.75,303,1536,0.4934895833333333,0.5065104166666667,4.726156870524089,1.0135370890299482,1.0525397857030232,0.7500004569689432,0.3540953795115153
5,143000,1.0,37,3,0.35,101,1536,0.7005208333333334,0.29947916666666663,4.032477696736653,0.3198579152425127,0.32409212986628216,0.34999996423721313,0.19058631360530853
5,143000,1.0,37,3,0.35,202,1536,0.701171875,0.298828125,3.99412202835083,0.28150224685668945,0.29650108019510907,0.3500000635782878,0.19058612982432047
5,143000,1.0,37,3,0.35,303,1536,0.712890625,0.287109375,4.002142429351807,0.289522647857666,0.29544512430826825,0.3500003218650818,0.190586527188619
5,143000,1.0,37,3,0.5,101,1536,0.5813802083333334,0.41861979166666663,4.4266001383463545,0.7139803568522138,0.6982118686040243,0.4999998410542806,0.27226627866427106
5,143000,1.0,37,3,0.5,202,1536,0.5846354166666666,0.41536458333333337,4.330561637878418,0.6179418563842773,0.6321099400520325,0.49999988079071045,0.2722662389278412
5,143000,1.0,37,3,0.5,303,1536,0.6041666666666666,0.39583333333333337,4.356083710988362,0.6434639294942217,0.6394167343775431,0.49999985098838806,0.27226611971855164
5,143000,1.0,37,3,0.75,101,1536,0.3697916666666667,0.6302083333333333,5.530618985493978,1.817999203999837,1.7489970922470093,0.7500000993410746,0.40839911500612897
5,143000,1.0,37,3,0.75,202,1536,0.3834635416666667,0.6165364583333333,5.2790482838948565,1.5664285024007158,1.5566718180974324,0.7500000993410746,0.40839924414952594
5,143000,1.0,37,3,0.75,303,1536,0.3912760416666667,0.6087239583333333,5.3201829592386884,1.6075631777445478,1.60205074151357,0.7499999205271403,0.40839935342470807
5,143000,1.0,37,4,0.35,101,1536,0.6516927083333334,0.34830729166666663,4.21880038579305,0.5061806042989092,0.5466642280419668,0.3499996066093445,0.2144987185796102
5,143000,1.0,37,4,0.35,202,1536,0.6223958333333334,0.37760416666666663,4.226289749145508,0.5136699676513672,0.5602978070576986,0.3500000536441803,0.2144989718993505
5,143000,1.0,37,4,0.35,303,1536,0.6276041666666666,0.37239583333333337,4.208038330078125,0.4954185485839844,0.573625405629476,0.35000001390775043,0.21449920535087585
5,143000,1.0,37,4,0.5,101,1536,0.5045572916666666,0.49544270833333337,4.745132923126221,1.03251314163208,1.0691152016321819,0.4999995728333791,0.30642659465471905
5,143000,1.0,37,4,0.5,202,1536,0.4947916666666667,0.5052083333333333,4.754654884338379,1.0420351028442383,1.088180383046468,0.5000002384185791,0.3064270814259847
5,143000,1.0,37,4,0.5,303,1536,0.4986979166666667,0.5013020833333333,4.758599758148193,1.0459799766540527,1.1298373142878215,0.5000000496705373,0.3064265151818593
5,143000,1.0,37,4,0.75,101,1536,0.330078125,0.669921875,5.843692143758138,2.131072362263997,2.1500003337860107,0.7499999006589254,0.4596400360266368
5,143000,1.0,37,4,0.75,202,1536,0.3391927083333333,0.6608072916666667,5.857858339945476,2.145238558451335,2.1759731769561768,0.7500000397364298,0.4596399466196696
5,143000,1.0,37,4,0.75,303,1536,0.3326822916666667,0.6673177083333333,5.8647464116414385,2.152126630147298,2.24030073483785,0.7500001390775045,0.4596409499645233
5,143000,1.0,37,5,0.35,101,1536,0.6438802083333334,0.35611979166666663,4.1927798589070635,0.4801600774129229,0.5010985533396403,0.3499998946984609,0.22175351778666177
5,143000,1.0,37,5,0.35,202,1536,0.626953125,0.373046875,4.273949940999349,0.561330159505208,0.5615887840588888,0.35000009338061017,0.22175402442614237
5,143000,1.0,37,5,0.35,303,1536,0.6608072916666666,0.33919270833333337,4.166927099227905,0.45430731773376465,0.5048942665259043,0.34999990463256836,0.22175389031569162
5,143000,1.0,37,5,0.5,101,1536,0.5162760416666666,0.48372395833333337,4.644812901814778,0.9321931203206377,0.9507330258687338,0.4999997317790985,0.3167910675207774
5,143000,1.0,37,5,0.5,202,1536,0.4928385416666667,0.5071614583333333,4.853204091389974,1.140584309895833,1.1218568881352742,0.49999990065892536,0.31679152448972064
5,143000,1.0,37,5,0.5,303,1536,0.5436197916666666,0.45638020833333337,4.619459629058838,0.9068398475646973,0.9437718987464905,0.4999997715155284,0.3167916238307953
5,143000,1.0,37,5,0.75,101,1536,0.3502604166666667,0.6497395833333333,5.581557432810466,1.8689376513163252,1.8605537414550781,0.7500001192092896,0.47518764932950336
5,143000,1.0,37,5,0.75,202,1536,0.341796875,0.658203125,5.924607594807942,2.211987813313802,2.182056506474813,0.7500000596046448,0.47518656651179
5,143000,1.0,37,5,0.75,303,1536,0.3678385416666667,0.6321614583333333,5.559853235880534,1.8472334543863935,1.8413015206654866,0.7500002384185791,0.4751873513062795
5,143000,1.0,37,6,0.35,101,1536,0.6536458333333334,0.34635416666666663,4.196341196695964,0.4837214152018232,0.48089062174161273,0.3500001132488251,0.24828900396823883
5,143000,1.0,37,6,0.35,202,1536,0.642578125,0.357421875,4.1998515129089355,0.4872317314147949,0.4953965147336324,0.34999990463256836,0.2482887009779612
5,143000,1.0,37,6,0.35,303,1536,0.6575520833333334,0.34244791666666663,4.209774891535441,0.49715511004130075,0.5199768741925558,0.3499997059504191,0.24828947087128958
5,143000,1.0,37,6,0.5,101,1536,0.521484375,0.478515625,4.664323965708415,0.9517041842142744,0.9359082182248434,0.5000001490116119,0.35469966133435565
5,143000,1.0,37,6,0.5,202,1536,0.5169270833333334,0.48307291666666663,4.703394095102946,0.9907743136088056,0.9823279778162638,0.5000000496705373,0.35469862818717957
5,143000,1.0,37,6,0.5,303,1536,0.5227864583333334,0.47721354166666663,4.672857443491618,0.9602376619974775,0.9880820512771606,0.4999995132287343,0.3546983301639557
5,143000,1.0,37,6,0.75,101,1536,0.369140625,0.630859375,5.5955807367960615,1.8829609553019209,1.8488847414652507,0.7499992648760477,0.5320467551549276
5,143000,1.0,37,6,0.75,202,1536,0.359375,0.640625,5.705684979756673,1.9930651982625323,1.9609749714533489,0.7499998807907104,0.5320478677749634
5,143000,1.0,37,6,0.75,303,1536,0.3795572916666667,0.6204427083333333,5.578893820444743,1.8662740389506025,1.879308025042216,0.7499999602635702,0.5320477883021036
5,143000,1.0,37,7,0.35,101,1536,0.6569010416666666,0.34309895833333337,4.203582604726155,0.4909628232320147,0.520026683807373,0.34999993443489075,0.3108306924502055
5,143000,1.0,37,7,0.35,202,1536,0.6614583333333334,0.33854166666666663,4.143266916275024,0.4306471347808838,0.4590708911418915,0.3500002324581146,0.3108305037021637
5,143000,1.0,37,7,0.35,303,1536,0.6647135416666666,0.33528645833333337,4.160314400990804,0.4476946194966631,0.4793283740679423,0.34999964634577435,0.3108302553494771
5,143000,1.0,37,7,0.5,101,1536,0.5403645833333334,0.45963541666666663,4.641122500101726,0.9285027186075849,0.9643384218215942,0.5000000596046448,0.44404377539952594
5,143000,1.0,37,7,0.5,202,1536,0.5403645833333334,0.45963541666666663,4.543121337890625,0.8305015563964844,0.8649568359057108,0.4999999900658925,0.4440435469150543
5,143000,1.0,37,7,0.5,303,1536,0.54296875,0.45703125,4.56683890024821,0.8542191187540693,0.8971647620201111,0.49999989072481793,0.44404373566309613
5,143000,1.0,37,7,0.75,101,1536,0.3873697916666667,0.6126302083333333,5.469744841257731,1.7571250597635908,1.7907788356145222,0.7499998807907104,0.6660656332969666
5,143000,1.0,37,7,0.75,202,1536,0.3684895833333333,0.6315104166666667,5.40694793065389,1.694328149159749,1.7183191378911336,0.7499999403953552,0.6660646994908651
5,143000,1.0,37,7,0.75,303,1536,0.3743489583333333,0.6256510416666667,5.355470180511475,1.642850399017334,1.720126748085022,0.7499998013178507,0.6660657127698263
5,143000,1.0,37,8,0.35,101,1536,0.7076822916666666,0.29231770833333337,4.006755669911702,0.29413588841756155,0.3046890397866567,0.35000025232632953,0.30773929754892987
5,143000,1.0,37,8,0.35,202,1536,0.7154947916666666,0.28450520833333337,3.9756811459859214,0.26306136449178075,0.3057776788870494,0.3500000437100728,0.307738999525706
5,143000,1.0,37,8,0.35,303,1536,0.7044270833333334,0.29557291666666663,3.990551233291626,0.27793145179748535,0.30762913823127747,0.3499999741713206,0.3077391783396403
5,143000,1.0,37,8,0.5,101,1536,0.595703125,0.404296875,4.276768684387207,0.5641489028930664,0.569203237692515,0.49999969204266864,0.4396265745162964
5,143000,1.0,37,8,0.5,202,1536,0.6165364583333334,0.38346354166666663,4.238731225331624,0.5261114438374834,0.5705592830975851,0.4999997913837433,0.439627081155777
5,143000,1.0,37,8,0.5,303,1536,0.5950520833333334,0.40494791666666663,4.25389552116394,0.5412757396697998,0.5728653868039449,0.5000001887480418,0.4396279255549113
5,143000,1.0,37,8,0.75,101,1536,0.4329427083333333,0.5670572916666667,4.894584973653157,1.1819651921590166,1.1807013352711995,0.7499996225039164,0.6594400803248087
5,143000,1.0,37,8,0.75,202,1536,0.4563802083333333,0.5436197916666667,4.826563040415446,1.1139432589213056,1.1715389887491863,0.7500000397364298,0.6594405770301819
5,143000,1.0,37,8,0.75,303,1536,0.443359375,0.556640625,4.847890377044678,1.135270595550537,1.176132599512736,0.7499998807907104,0.659441073735555
5,143000,1.0,37,9,0.35,101,1536,0.7337239583333334,0.26627604166666663,3.967238108317057,0.2546183268229165,0.28462231159210205,0.3500003019968669,0.3445427517096202
5,143000,1.0,37,9,0.35,202,1536,0.7317708333333334,0.26822916666666663,3.961997667948405,0.24937788645426417,0.2856539885203044,0.3500002920627594,0.3445427020390828
5,143000,1.0,37,9,0.35,303,1536,0.7213541666666666,0.27864583333333337,3.979219834009806,0.26660005251566554,0.2735631863276164,0.35000013311704,0.34454254309336346
5,143000,1.0,37,9,0.5,101,1536,0.6373697916666666,0.36263020833333337,4.198355754216512,0.4857359727223711,0.5169493754704794,0.5000000993410746,0.49220356345176697
5,143000,1.0,37,9,0.5,202,1536,0.62890625,0.37109375,4.196500778198242,0.48388099670410156,0.5265846451123556,0.5000004569689432,0.49220361312230426
5,143000,1.0,37,9,0.5,303,1536,0.6399739583333334,0.36002604166666663,4.211342175801595,0.49872239430745413,0.5011916557947794,0.5000001092751821,0.4922034740447998
5,143000,1.0,37,9,0.75,101,1536,0.4876302083333333,0.5123697916666667,4.728512128194173,1.0158923467000323,1.0532175699869792,0.7499999602635702,0.7383055686950684
5,143000,1.0,37,9,0.75,202,1536,0.4720052083333333,0.5279947916666667,4.7318698565165205,1.0192500750223799,1.0691769123077393,0.7499999602635702,0.7383048335711161
5,143000,1.0,37,9,0.75,303,1536,0.4869791666666667,0.5130208333333333,4.760191599527995,1.0475718180338545,1.0404629111289978,0.7499995827674866,0.7383048931757609
5,143000,1.0,37,10,0.35,101,1536,0.734375,0.265625,3.961688200632731,0.24906841913859035,0.2687995930512746,0.35000064969062805,0.3978684147198995
5,143000,1.0,37,10,0.35,202,1536,0.7252604166666666,0.27473958333333337,3.9553565979003906,0.24273681640625,0.271457701921463,0.3499998648961385,0.3978670537471771
5,143000,1.0,37,10,0.35,303,1536,0.7154947916666666,0.28450520833333337,3.9489684104919434,0.23634862899780273,0.2685934752225876,0.34999994436899823,0.39786731203397113
5,143000,1.0,37,10,0.5,101,1536,0.62109375,0.37890625,4.172401587168376,0.4597818056742353,0.48860111832618713,0.500000019868215,0.5683819850285848
5,143000,1.0,37,10,0.5,202,1536,0.6419270833333334,0.35807291666666663,4.17488447825114,0.462264696756999,0.49518777926762897,0.499999741713206,0.5683811902999878
5,143000,1.0,37,10,0.5,303,1536,0.6243489583333334,0.37565104166666663,4.167679071426392,0.455059289932251,0.4941322108109792,0.5000000397364298,0.5683818062146505
5,143000,1.0,37,10,0.75,101,1536,0.4798177083333333,0.5201822916666667,4.6721475919087725,0.9595278104146319,0.9905777374903361,0.7499996423721313,0.852573295434316
5,143000,1.0,37,10,0.75,202,1536,0.4856770833333333,0.5143229166666667,4.671460310618083,0.9588405291239424,0.9990131060282389,0.7500001986821493,0.8525733947753906
5,143000,1.0,37,10,0.75,303,1536,0.4869791666666667,0.5130208333333333,4.675372123718262,0.9627523422241211,1.004150390625,0.7500004967053732,0.8525733351707458
6,14000,0.0979020979020979,11,1,0.35,101,1536,0.77734375,0.22265625,4.025298039118449,0.15562200546264693,0.13992158075173697,0.35000041127204895,0.3801407317320506
6,14000,0.0979020979020979,11,1,0.35,202,1536,0.79296875,0.20703125,4.042964220046997,0.1732881863911948,0.13514688114325205,0.3500003417332967,0.38014061252276105
6,14000,0.0979020979020979,11,1,0.35,303,1536,0.7845052083333334,0.21549479166666663,4.025745153427124,0.15606911977132176,0.13708647092183432,0.3499998251597087,0.3801400661468506
6,14000,0.0979020979020979,11,1,0.5,101,1536,0.6692708333333334,0.33072916666666663,4.252600193023682,0.3829241593678794,0.3468809425830841,0.4999998211860657,0.543057362238566
6,14000,0.0979020979020979,11,1,0.5,202,1536,0.6861979166666666,0.31380208333333337,4.267416318257649,0.3977402846018472,0.3334464430809021,0.5000000596046448,0.5430575211842855
6,14000,0.0979020979020979,11,1,0.5,303,1536,0.6783854166666666,0.32161458333333337,4.251752217610677,0.3820761839548745,0.3398752013842265,0.5000002384185791,0.5430577596028646
6,14000,0.0979020979020979,11,1,0.75,101,1536,0.4752604166666667,0.5247395833333333,4.973710378011067,1.1040343443552652,1.024078110853831,0.7499996026357015,0.8145857850710551
6,14000,0.0979020979020979,11,1,0.75,202,1536,0.4869791666666667,0.5130208333333333,4.960317293802897,1.0906412601470952,0.9909141063690186,0.7500000596046448,0.8145862817764282
6,14000,0.0979020979020979,11,1,0.75,303,1536,0.4674479166666667,0.5325520833333333,4.971996307373047,1.1023202737172446,1.018762747446696,0.7500000794728597,0.814586341381073
6,14000,0.0979020979020979,11,2,0.35,101,1536,0.79296875,0.20703125,4.0353701909383135,0.16569415728251125,0.12869352102279663,0.3500000635782878,0.44002389907836914
6,14000,0.0979020979020979,11,2,0.35,202,1536,0.7884114583333334,0.21158854166666663,4.017893632253011,0.1482175985972085,0.13080640137195587,0.35000020265579224,0.4400240381558736
6,14000,0.0979020979020979,11,2,0.35,303,1536,0.7903645833333334,0.20963541666666663,4.014447848002116,0.14477181434631392,0.12940939764181772,0.35000016291936237,0.44002405802408856
6,14000,0.0979020979020979,11,2,0.5,101,1536,0.6888020833333334,0.31119791666666663,4.25897232691447,0.38929629325866744,0.3223479986190796,0.49999988079071045,0.6286053657531738
6,14000,0.0979020979020979,11,2,0.5,202,1536,0.6848958333333334,0.31510416666666663,4.238467693328857,0.36879165967305516,0.32350743810335797,0.4999999701976776,0.6286054054896036
6,14000,0.0979020979020979,11,2,0.5,303,1536,0.6822916666666666,0.31770833333333337,4.242604573567708,0.3729285399119058,0.33235939343770343,0.5000005960464478,0.6286061604817709
6,14000,0.0979020979020979,11,2,0.75,101,1536,0.484375,0.515625,4.949549516042073,1.079873482386271,0.965508500734965,0.7500001986821493,0.9429084062576294
6,14000,0.0979020979020979,11,2,0.75,202,1536,0.48828125,0.51171875,4.942400614420573,1.072724580764771,0.9761002858479818,0.7500002185503641,0.9429084062576294
6,14000,0.0979020979020979,11,2,0.75,303,1536,0.4641927083333333,0.5358072916666667,4.965890725453694,1.096214691797892,1.0107410748799641,0.7500000596046448,0.9429082870483398
6,14000,0.0979020979020979,11,3,0.35,101,1536,0.7903645833333334,0.20963541666666663,4.026227712631226,0.15655167897542333,0.1227576807141304,0.3499998450279236,0.47917866706848145
6,14000,0.0979020979020979,11,3,0.35,202,1536,0.7884114583333334,0.21158854166666663,4.017773628234863,0.14809759457906102,0.1256097356478373,0.3499997754891713,0.4791786770025889
6,14000,0.0979020979020979,11,3,0.35,303,1536,0.7825520833333334,0.21744791666666663,4.016271750132243,0.14659571647644087,0.1261350760857264,0.3500000834465027,0.4791790743668874
6,14000,0.0979020979020979,11,3,0.5,101,1536,0.6764322916666666,0.32356770833333337,4.236791928609212,0.3671158949534097,0.3060382008552551,0.49999987085660297,0.6845410863558451
6,14000,0.0979020979020979,11,3,0.5,202,1536,0.6783854166666666,0.32161458333333337,4.224170366923015,0.35449433326721236,0.32030518849690753,0.4999998410542806,0.6845411856969198
6,14000,0.0979020979020979,11,3,0.5,303,1536,0.6744791666666666,0.32552083333333337,4.224100589752197,0.354424556096395,0.3147490918636322,0.5000000397364298,0.684541384379069
6,14000,0.0979020979020979,11,3,0.75,101,1536,0.48828125,0.51171875,4.904297828674316,1.0346217950185141,0.9239701827367147,0.750000019868215,1.026811957359314
6,14000,0.0979020979020979,11,3,0.75,202,1536,0.4837239583333333,0.5162760416666667,4.872671286265056,1.0029952526092534,0.9455265402793884,0.7500000397364298,1.0268121560414631
6,14000,0.0979020979020979,11,3,0.75,303,1536,0.4830729166666667,0.5169270833333333,4.896151701609294,1.0264756679534917,0.9347128470738729,0.7500000794728597,1.0268121560414631
6,14000,0.0979020979020979,11,4,0.35,101,1536,0.7311197916666666,0.26888020833333337,4.169347604115804,0.2996715704600015,0.2523371676603953,0.3499997357527415,0.5475983023643494
6,14000,0.0979020979020979,11,4,0.35,202,1536,0.7298177083333334,0.27018229166666663,4.123114585876465,0.2534385522206626,0.24947836001714072,0.34999993443489075,0.5475993156433105
6,14000,0.0979020979020979,11,4,0.35,303,1536,0.7337239583333334,0.26627604166666663,4.142191727956136,0.2725156943003335,0.2397480458021164,0.3500001033147176,0.5475987990697225
6,14000,0.0979020979020979,11,4,0.5,101,1536,0.6315104166666666,0.36848958333333337,4.474995295206706,0.6053192615509038,0.525194525718689,0.5000001092751821,0.7822832465171814
6,14000,0.0979020979020979,11,4,0.5,202,1536,0.6087239583333334,0.39127604166666663,4.410948435465495,0.5412724018096928,0.5114392340183258,0.5000001192092896,0.7822845180829366
6,14000,0.0979020979020979,11,4,0.5,303,1536,0.6158854166666666,0.38411458333333337,4.42824109395345,0.558565060297648,0.49660595258076984,0.5000002284844717,0.7822839021682739
6,14000,0.0979020979020979,11,4,0.75,101,1536,0.447265625,0.552734375,5.200000445048015,1.3303244113922124,1.2046475410461426,0.750000516573588,1.1734274625778198
6,14000,0.0979020979020979,11,4,0.75,202,1536,0.4244791666666667,0.5755208333333333,5.110474427541097,1.2407983938852944,1.1646929581960042,0.7499995628992716,1.1734247207641602
6,14000,0.0979020979020979,11,4,0.75,303,1536,0.4602864583333333,0.5397135416666667,5.136226336161296,1.2665503025054936,1.1495012839635212,0.7499997417132059,1.1734249194463093
6,14000,0.0979020979020979,11,5,0.35,101,1536,0.7389322916666666,0.26106770833333337,4.152071634928386,0.28239560127258345,0.26842785875002545,0.3500000536441803,0.5835391084353129
6,14000,0.0979020979020979,11,5,0.35,202,1536,0.73828125,0.26171875,4.142195542653401,0.27251950899759914,0.257857804497083,0.34999994436899823,0.5835393667221069
6,14000,0.0979020979020979,11,5,0.35,303,1536,0.7154947916666666,0.28450520833333337,4.190179189046224,0.3205031553904214,0.2740435004234314,0.34999994436899823,0.583539625008901
6,14000,0.0979020979020979,11,5,0.5,101,1536,0.6477864583333334,0.35221354166666663,4.415165265401204,0.5454892317454019,0.5053758323192596,0.5000000993410746,0.8336284557978312
6,14000,0.0979020979020979,11,5,0.5,202,1536,0.6380208333333334,0.36197916666666663,4.409943262736003,0.5402672290802006,0.5012909173965454,0.49999988079071045,0.8336281975110372
6,14000,0.0979020979020979,11,5,0.5,303,1536,0.61328125,0.38671875,4.472927252451579,0.6032512187957768,0.5257570048173269,0.4999999503294627,0.8336283961931864
6,14000,0.0979020979020979,11,5,0.75,101,1536,0.48046875,0.51953125,5.031691710154216,1.1620156764984135,1.0585690935452778,0.75,1.2504432201385498
6,14000,0.0979020979020979,11,5,0.75,202,1536,0.4694010416666667,0.5305989583333333,5.0310187339782715,1.1613427003224692,1.0746421019236247,0.7499996225039164,1.2504407167434692
6,14000,0.0979020979020979,11,5,0.75,303,1536,0.46875,0.53125,5.097043991088867,1.227367957433065,1.090893546740214,0.7499995430310568,1.250441352526347
6,14000,0.0979020979020979,11,6,0.35,101,1536,0.74609375,0.25390625,4.156052430470784,0.28637639681498195,0.2626177767912547,0.34999990463256836,0.6073029041290283
6,14000,0.0979020979020979,11,6,0.35,202,1536,0.720703125,0.279296875,4.1574327150980634,0.2877566814422612,0.26626746853192645,0.3500002920627594,0.6073035597801208
6,14000,0.0979020979020979,11,6,0.35,303,1536,0.7213541666666666,0.27864583333333337,4.137019793192546,0.2673437595367436,0.26711981495221454,0.3500002920627594,0.6073034803072611
6,14000,0.0979020979020979,11,6,0.5,101,1536,0.65234375,0.34765625,4.419225215911865,0.549549182256063,0.4950369695822398,0.4999998112519582,0.8675748904546102
6,14000,0.0979020979020979,11,6,0.5,202,1536,0.6432291666666666,0.35677083333333337,4.419347445170085,0.5496714115142827,0.4925943116346995,0.5000000993410746,0.8675771156946818
6,14000,0.0979020979020979,11,6,0.5,303,1536,0.6321614583333334,0.36783854166666663,4.386446317036946,0.5167702833811441,0.5018883645534515,0.4999999503294627,0.8675759633382162
6,14000,0.0979020979020979,11,6,0.75,101,1536,0.4967447916666667,0.5032552083333333,4.98749574025472,1.1178197065989175,1.0019232630729675,0.7500002582867941,1.301364262898763
6,14000,0.0979020979020979,11,6,0.75,202,1536,0.5006510416666666,0.49934895833333337,4.984105269114177,1.1144292354583745,0.9814358750979105,0.7500003973642985,1.3013643423716228
6,14000,0.0979020979020979,11,6,0.75,303,1536,0.482421875,0.517578125,4.946403980255127,1.0767279465993247,1.0191850264867146,0.7500004569689432,1.3013640244801838
6,14000,0.0979020979020979,11,7,0.35,101,1536,0.7682291666666666,0.23177083333333337,4.08819564183553,0.21851960817972804,0.20695348580678305,0.3499997854232788,0.657652219136556
6,14000,0.0979020979020979,11,7,0.35,202,1536,0.7610677083333334,0.23893229166666663,4.090296745300293,0.2206207116444907,0.2117487738529841,0.35000013311704,0.6576546827952067
6,14000,0.0979020979020979,11,7,0.35,303,1536,0.7434895833333334,0.25651041666666663,4.071542104085286,0.2018660704294839,0.20395558079083762,0.35000018278757733,0.6576541463534037
6,14000,0.0979020979020979,11,7,0.5,101,1536,0.6822916666666666,0.31770833333333337,4.283516565958659,0.4138405323028569,0.384555588165919,0.4999997019767761,0.9395049214363098
6,14000,0.0979020979020979,11,7,0.5,202,1536,0.6692708333333334,0.33072916666666663,4.290919144948323,0.421243111292521,0.392429252465566,0.4999997317790985,0.9395042459170023
6,14000,0.0979020979020979,11,7,0.5,303,1536,0.66015625,0.33984375,4.261743386586507,0.3920673529307046,0.3784063259760539,0.5,0.9395055572191874
6,14000,0.0979020979020979,11,7,0.75,101,1536,0.5579427083333334,0.44205729166666663,4.724883079528809,0.8552070458730063,0.7902336120605469,0.750000516573588,1.409258206685384
6,14000,0.0979020979020979,11,7,0.75,202,1536,0.537109375,0.462890625,4.733372211456299,0.8636961778004966,0.7912977536519369,0.7500000596046448,1.4092575709025066
6,14000,0.0979020979020979,11,7,0.75,303,1536,0.5299479166666666,0.47005208333333337,4.689452489217122,0.8197764555613198,0.769239624341329,0.7500002582867941,1.4092581272125244
6,14000,0.0979020979020979,11,8,0.35,101,1536,0.7604166666666666,0.23958333333333337,4.062257846196492,0.19258181254068996,0.18633418281873068,0.3500002920627594,0.7478093902269999
6,14000,0.0979020979020979,11,8,0.35,202,1536,0.7513020833333334,0.24869791666666663,4.041503111521403,0.17182707786560103,0.1860728661219279,0.3500003516674042,0.7478082776069641
6,14000,0.0979020979020979,11,8,0.35,303,1536,0.7740885416666666,0.22591145833333337,4.077812830607097,0.2081367969512944,0.18611383438110352,0.3500002721945445,0.7478088537851969
6,14000,0.0979020979020979,11,8,0.5,101,1536,0.677734375,0.322265625,4.237222830454509,0.3675467967987065,0.34324756264686584,0.4999999403953552,1.0682978630065918
6,14000,0.0979020979020979,11,8,0.5,202,1536,0.66796875,0.33203125,4.206370989481608,0.3366949558258061,0.34431153535842896,0.4999999701976776,1.0682981808980305
6,14000,0.0979020979020979,11,8,0.5,303,1536,0.69921875,0.30078125,4.250041484832764,0.3803654511769614,0.3421864906946818,0.5000000993410746,1.0682973861694336
6,14000,0.0979020979020979,11,8,0.75,101,1536,0.5559895833333334,0.44401041666666663,4.627736727396647,0.7580606937408452,0.6946444511413574,0.7500004172325134,1.6024479468663533
6,14000,0.0979020979020979,11,8,0.75,202,1536,0.54296875,0.45703125,4.585790634155273,0.7161146004994712,0.7022188504536947,0.7500003377596537,1.6024466355641682
6,14000,0.0979020979020979,11,8,0.75,303,1536,0.5813802083333334,0.41861979166666663,4.64358393351237,0.7739078998565678,0.6959943572680155,0.7499999006589254,1.6024463574091594
6,14000,0.0979020979020979,11,9,0.35,101,1536,0.7760416666666666,0.22395833333333337,4.049724419911702,0.18004838625589992,0.18360530336697897,0.3499993284543355,0.8659957846005758
6,14000,0.0979020979020979,11,9,0.35,202,1536,0.7610677083333334,0.23893229166666663,4.060808817545573,0.19113278388977095,0.18963934977849325,0.3500000536441803,0.8659963607788086
6,14000,0.0979020979020979,11,9,0.35,303,1536,0.7532552083333334,0.24674479166666663,4.063863754272461,0.19418772061665868,0.1898920238018036,0.3499997357527415,0.8659964998563131
6,14000,0.0979020979020979,11,9,0.5,101,1536,0.689453125,0.310546875,4.221898873647054,0.3522228399912515,0.3420574963092804,0.5000000596046448,1.2371385494867961
6,14000,0.0979020979020979,11,9,0.5,202,1536,0.6881510416666666,0.31184895833333337,4.241943359375,0.37226732571919774,0.3512763977050781,0.49999990065892536,1.2371372779210408
6,14000,0.0979020979020979,11,9,0.5,303,1536,0.6627604166666666,0.33723958333333337,4.245639324188232,0.37596329053243016,0.35325315594673157,0.4999999801317851,1.2371385097503662
6,14000,0.0979020979020979,11,9,0.75,101,1536,0.5618489583333334,0.43815104166666663,4.62231985727946,0.7526438236236577,0.7078672647476196,0.7499992847442627,1.8557050228118896
6,14000,0.0979020979020979,11,9,0.75,202,1536,0.5677083333333334,0.43229166666666663,4.648280620574951,0.7786045869191489,0.7176684141159058,0.7500003178914388,1.8557087977727253
6,14000,0.0979020979020979,11,9,0.75,303,1536,0.5442708333333334,0.45572916666666663,4.648054599761963,0.7783785661061606,0.7210030555725098,0.7499999205271403,1.8557072480519612
6,14000,0.0979020979020979,11,10,0.35,101,1536,0.7578125,0.2421875,4.05662727355957,0.18695123990376805,0.18552823861440024,0.3500005304813385,0.9755204121271769
6,14000,0.0979020979020979,11,10,0.35,202,1536,0.7708333333333334,0.22916666666666663,4.082291920979817,0.21261588732401515,0.18452651798725128,0.35000012318293255,0.9755200346310934
6,14000,0.0979020979020979,11,10,0.35,303,1536,0.7604166666666666,0.23958333333333337,4.045046488444011,0.17537045478820845,0.18009561796983084,0.350000003973643,0.9755187233289083
6,14000,0.0979020979020979,11,10,0.5,101,1536,0.67578125,0.32421875,4.230826536814372,0.3611505031585698,0.34966176748275757,0.5000003675619761,1.393599033355713
6,14000,0.0979020979020979,11,10,0.5,202,1536,0.681640625,0.318359375,4.266814390818278,0.39713835716247603,0.3529554108778636,0.4999999403953552,1.3935982783635457
6,14000,0.0979020979020979,11,10,0.5,303,1536,0.6901041666666666,0.30989583333333337,4.215950806935628,0.3462747732798257,0.3424999912579854,0.5000001887480418,1.393599311510722
6,14000,0.0979020979020979,11,10,0.75,101,1536,0.5442708333333334,0.45572916666666663,4.615537961324056,0.7458619276682534,0.71659255027771,0.7499998609224955,2.090397040049235
6,14000,0.0979020979020979,11,10,0.75,202,1536,0.541015625,0.458984375,4.674685637156169,0.8050096035003667,0.7322379151980082,0.7500005761782328,2.0903984705607095
6,14000,0.0979020979020979,11,10,0.75,303,1536,0.5748697916666666,0.42513020833333337,4.596481005350749,0.7268049716949467,0.7070118387540182,0.7499997019767761,2.0903969605763755
6,14000,0.0979020979020979,23,1,0.35,101,1536,0.7779947916666666,0.22200520833333337,3.925101359685262,0.1149129867553711,0.12459754695494969,0.34999985496203107,0.38074896732966107
6,14000,0.0979020979020979,23,1,0.35,202,1536,0.8001302083333334,0.19986979166666663,3.9740699927012124,0.16388161977132132,0.12548724561929703,0.34999994436899823,0.3807490865389506
6,14000,0.0979020979020979,23,1,0.35,303,1536,0.7864583333333334,0.21354166666666663,3.9378881454467773,0.12769977251688625,0.12119531879822414,0.3500003119309743,0.3807494342327118
6,14000,0.0979020979020979,23,1,0.5,101,1536,0.6666666666666666,0.33333333333333337,4.122395992279053,0.31220761934916164,0.3067138691743215,0.49999965230623883,0.5439269542694092
6,14000,0.0979020979020979,23,1,0.5,202,1536,0.703125,0.296875,4.183231353759766,0.3730429808298745,0.311845322450002,0.5000002980232239,0.5439275701840719
6,14000,0.0979020979020979,23,1,0.5,303,1536,0.7037760416666666,0.29622395833333337,4.130688667297363,0.3205002943674722,0.2935762902100881,0.5000002284844717,0.543927530447642
6,14000,0.0979020979020979,23,1,0.75,101,1536,0.5026041666666666,0.49739583333333337,4.814380804697673,1.0041924317677817,0.9371552467346191,0.7499997615814209,0.8158907691637675
6,14000,0.0979020979020979,23,1,0.75,202,1536,0.5221354166666666,0.47786458333333337,4.840902964274089,1.0307145913441977,0.9325031042098999,0.7500002185503641,0.8158912261327108
6,14000,0.0979020979020979,23,1,0.75,303,1536,0.53515625,0.46484375,4.802583535512288,0.992395162582397,0.9087847868601481,0.7499997814496359,0.8158908287684122
6,14000,0.0979020979020979,23,2,0.35,101,1536,0.80078125,0.19921875,3.961324691772461,0.15113631884256984,0.12527595460414886,0.35000049074490863,0.44114943345387775
6,14000,0.0979020979020979,23,2,0.35,202,1536,0.7897135416666666,0.21028645833333337,3.940113147099813,0.12992477416992188,0.11738451073567073,0.34999985496203107,0.4411486287911733
6,14000,0.0979020979020979,23,2,0.35,303,1536,0.7903645833333334,0.20963541666666663,3.948533217112223,0.13834484418233206,0.12237828224897385,0.3499998946984609,0.44114874800046283
6,14000,0.0979020979020979,23,2,0.5,101,1536,0.697265625,0.302734375,4.1743958791097,0.3642075061798091,0.31486572821935016,0.5000002284844717,0.6302130222320557
6,14000,0.0979020979020979,23,2,0.5,202,1536,0.6985677083333334,0.30143229166666663,4.141481240590413,0.331292867660522,0.29158182938893634,0.5000004371007284,0.6302131613095602
6,14000,0.0979020979020979,23,2,0.5,303,1536,0.6829427083333334,0.31705729166666663,4.1490529378255205,0.33886456489562944,0.2997536857922872,0.49999991059303284,0.6302125255266825
6,14000,0.0979020979020979,23,2,0.75,101,1536,0.5110677083333334,0.48893229166666663,4.851048946380615,1.0408605734507241,0.9359671274820963,0.7500001589457194,0.9453191757202148
6,14000,0.0979020979020979,23,2,0.75,202,1536,0.515625,0.484375,4.822327295939128,1.0121389230092368,0.909175435702006,0.7499999205271403,0.945318857828776
6,14000,0.0979020979020979,23,2,0.75,303,1536,0.5201822916666666,0.47981770833333337,4.828470389048259,1.0182820161183677,0.9173847436904907,0.7499999205271403,0.9453187783559164
6,14000,0.0979020979020979,23,3,0.35,101,1536,0.7981770833333334,0.20182291666666663,3.9168737729390464,0.10668540000915527,0.11436256766319275,0.3500004510084788,0.48103200395901996
6,14000,0.0979020979020979,23,3,0.35,202,1536,0.798828125,0.201171875,3.948151429494222,0.13796305656433105,0.11965593198935191,0.35000015298525494,0.4810315767923991
6,14000,0.0979020979020979,23,3,0.35,303,1536,0.7962239583333334,0.20377604166666663,3.9499138991038003,0.1397255261739092,0.1228211522102356,0.35000012318293255,0.48103152712186176
6,14000,0.0979020979020979,23,3,0.5,101,1536,0.6946614583333334,0.30533854166666663,4.104363918304443,0.29417554537455226,0.2841999630133311,0.5000003377596537,0.6871880888938904
6,14000,0.0979020979020979,23,3,0.5,202,1536,0.6959635416666666,0.30403645833333337,4.151204347610474,0.34101597468058253,0.2949121395746867,0.500000129143397,0.6871877511342367
6,14000,0.0979020979020979,23,3,0.5,303,1536,0.6946614583333334,0.30533854166666663,4.147423267364502,0.33723489443461085,0.299451341231664,0.49999965230623883,0.687187135219574
6,14000,0.0979020979020979,23,3,0.75,101,1536,0.4993489583333333,0.5006510416666667,4.761065642038981,0.9508772691090903,0.8832540710767111,0.7500004569689432,1.0307821035385132
6,14000,0.0979020979020979,23,3,0.75,202,1536,0.517578125,0.482421875,4.825515906016032,1.015327533086141,0.890739361445109,0.7499999205271403,1.0307812690734863
6,14000,0.0979020979020979,23,3,0.75,303,1536,0.5052083333333334,0.49479166666666663,4.7815602620442705,0.9713718891143794,0.8855074644088745,0.7500000993410746,1.030781666437785
6,14000,0.0979020979020979,23,4,0.35,101,1536,0.7317708333333334,0.26822916666666663,4.11329706509908,0.303108692169189,0.2676273783047994,0.3500000238418579,0.5464363495508829
6,14000,0.0979020979020979,23,4,0.35,202,1536,0.74609375,0.25390625,4.079193035761516,0.2690046628316245,0.25087059537569684,0.3500000536441803,0.5464372038841248
6,14000,0.0979020979020979,23,4,0.35,303,1536,0.7395833333333334,0.26041666666666663,4.082119544347127,0.2719311714172359,0.2503817677497864,0.3500003119309743,0.5464377999305725
6,14000,0.0979020979020979,23,4,0.5,101,1536,0.62890625,0.37109375,4.414260228474935,0.6040718555450435,0.5397892594337463,0.4999999205271403,0.7806244492530823
6,14000,0.0979020979020979,23,4,0.5,202,1536,0.6510416666666666,0.34895833333333337,4.368105411529541,0.5579170385996499,0.5093136231104533,0.5000001788139343,0.7806247075398763
6,14000,0.0979020979020979,23,4,0.5,303,1536,0.6438802083333334,0.35611979166666663,4.364353020985921,0.5541646480560298,0.5095028281211853,0.5,0.780624787012736
6,14000,0.0979020979020979,23,4,0.75,101,1536,0.4654947916666667,0.5345052083333333,5.109333833058675,1.2991454601287837,1.1790231466293335,0.7499996622403463,1.1709360678990681
6,14000,0.0979020979020979,23,4,0.75,202,1536,0.4869791666666667,0.5130208333333333,5.056297779083252,1.2461094061533609,1.1365671555201213,0.7499996423721313,1.1709353129069011
6,14000,0.0979020979020979,23,4,0.75,303,1536,0.4759114583333333,0.5240885416666667,5.053615570068359,1.2434271971384683,1.1475870609283447,0.7500000596046448,1.1709370613098145
6,14000,0.0979020979020979,23,5,0.35,101,1536,0.7265625,0.2734375,4.174466451009114,0.3642780780792232,0.29430103302001953,0.3500000635782878,0.5861050287882487
6,14000,0.0979020979020979,23,5,0.35,202,1536,0.7408854166666666,0.25911458333333337,4.128501653671265,0.31831328074137355,0.29461323221524555,0.3500003119309743,0.5861053069432577
6,14000,0.0979020979020979,23,5,0.35,303,1536,0.7109375,0.2890625,4.162941535313924,0.35275316238403276,0.3029434184233348,0.35000043114026386,0.586106022198995
6,14000,0.0979020979020979,23,5,0.5,101,1536,0.63671875,0.36328125,4.477356433868408,0.6671680609385171,0.5594150622685751,0.5000002086162567,0.8372935255368551
6,14000,0.0979020979020979,23,5,0.5,202,1536,0.6438802083333334,0.35611979166666663,4.429959138234456,0.619770765304565,0.5667456785837809,0.49999987085660297,0.8372926115989685
6,14000,0.0979020979020979,23,5,0.5,303,1536,0.6015625,0.3984375,4.465205828348796,0.6550174554189048,0.5748098691304525,0.4999997019767761,0.8372918367385864
6,14000,0.0979020979020979,23,5,0.75,101,1536,0.4928385416666667,0.5071614583333333,5.133796850840251,1.3236084779103598,1.1607538064320881,0.7500006755193075,1.2559404373168945
6,14000,0.0979020979020979,23,5,0.75,202,1536,0.4947916666666667,0.5052083333333333,5.075826327006022,1.2656379540761313,1.1672533750534058,0.7500007351239523,1.2559410730997722
6,14000,0.0979020979020979,23,5,0.75,303,1536,0.4563802083333333,0.5436197916666667,5.099262396494548,1.2890740235646567,1.156699776649475,0.7499998013178507,1.25593900680542
6,14000,0.0979020979020979,23,6,0.35,101,1536,0.7389322916666666,0.26106770833333337,4.091880162556966,0.28169178962707475,0.27707846959431964,0.34999990463256836,0.6075445810953776
6,14000,0.0979020979020979,23,6,0.35,202,1536,0.748046875,0.251953125,4.110765775044759,0.3005774021148677,0.27458711465199787,0.35000014305114746,0.6075447599093119
6,14000,0.0979020979020979,23,6,0.35,303,1536,0.7473958333333334,0.25260416666666663,4.100146611531575,0.2899582386016841,0.27363447844982147,0.34999988476435345,0.6075442433357239
6,14000,0.0979020979020979,23,6,0.5,101,1536,0.6555989583333334,0.34440104166666663,4.357198238372803,0.5470098654429116,0.5085618694623312,0.49999988079071045,0.8679210543632507
6,14000,0.0979020979020979,23,6,0.5,202,1536,0.6471354166666666,0.35286458333333337,4.380918184916179,0.5707298119862876,0.5107408761978149,0.4999998410542806,0.8679203192392985
6,14000,0.0979020979020979,23,6,0.5,303,1536,0.6321614583333334,0.36783854166666663,4.374304453531901,0.5641160806020102,0.5112427771091461,0.500000019868215,0.8679215510686239
6,14000,0.0979020979020979,23,6,0.75,101,1536,0.5319010416666666,0.46809895833333337,4.915063540140788,1.104875167210897,1.005736271540324,0.7500003178914388,1.3018813927968342
6,14000,0.0979020979020979,23,6,0.75,202,1536,0.51171875,0.48828125,4.980153242746989,1.1699648698170981,1.0447877248128254,0.7499999205271403,1.301881194114685
6,14000,0.0979020979020979,23,6,0.75,303,1536,0.482421875,0.517578125,4.966026147206624,1.155837774276733,1.0285534262657166,0.7499998807907104,1.3018802007039387
6,14000,0.0979020979020979,23,7,0.35,101,1536,0.771484375,0.228515625,4.01806378364563,0.20787541071573878,0.20545201996962228,0.3500002125898997,0.6609355211257935
6,14000,0.0979020979020979,23,7,0.35,202,1536,0.7565104166666666,0.24348958333333337,4.029614448547363,0.21942607561747218,0.20570210119088492,0.35000013311704,0.6609365145365397
6,14000,0.0979020979020979,23,7,0.35,303,1536,0.7591145833333334,0.24088541666666663,4.062816460927327,0.2526280879974361,0.22194660703341165,0.3500000337759654,0.6609348058700562
6,14000,0.0979020979020979,23,7,0.5,101,1536,0.693359375,0.306640625,4.213676770528157,0.40348839759826616,0.3834749460220337,0.5000001589457194,0.9441943764686584
6,14000,0.0979020979020979,23,7,0.5,202,1536,0.669921875,0.330078125,4.2245534261067705,0.41436505317687944,0.37956570585568744,0.5000004967053732,0.9441951314608256
6,14000,0.0979020979020979,23,7,0.5,303,1536,0.66796875,0.33203125,4.2723433176676435,0.4621549447377524,0.40872042377789813,0.5000003476937612,0.9441937804222107
6,14000,0.0979020979020979,23,7,0.75,101,1536,0.55078125,0.44921875,4.651328086853027,0.8411397139231362,0.7806739807128906,0.7499999403953552,1.4162903626759846
6,14000,0.0979020979020979,23,7,0.75,202,1536,0.5423177083333334,0.45768229166666663,4.662717183430989,0.8525288105010982,0.7725588083267212,0.749999980131785,1.4162911176681519
6,14000,0.0979020979020979,23,7,0.75,303,1536,0.5416666666666666,0.45833333333333337,4.725303967793782,0.9151155948638912,0.8176801204681396,0.7499998807907104,1.4162899255752563
6,14000,0.0979020979020979,23,8,0.35,101,1536,0.7552083333333334,0.24479166666666663,4.0196146965026855,0.20942632357279445,0.19512988130251566,0.3500000437100728,0.7554480830828348
6,14000,0.0979020979020979,23,8,0.35,202,1536,0.7747395833333334,0.22526041666666663,4.0113749504089355,0.20118657747904445,0.19278302788734436,0.35000001390775043,0.755447526772817
6,14000,0.0979020979020979,23,8,0.35,303,1536,0.77734375,0.22265625,4.016891320546468,0.2067029476165767,0.19493359327316284,0.3500000238418579,0.7554476658503214
6,14000,0.0979020979020979,23,8,0.5,101,1536,0.6666666666666666,0.33333333333333337,4.201463540395101,0.3912751674652095,0.35840120911598206,0.5000005563100179,1.0792124668757122
6,14000,0.0979020979020979,23,8,0.5,202,1536,0.6861979166666666,0.31380208333333337,4.191975831985474,0.38178745905558253,0.3569096028804779,0.5000004569689432,1.079211950302124
6,14000,0.0979020979020979,23,8,0.5,303,1536,0.6901041666666666,0.30989583333333337,4.197517156600952,0.38732878367106105,0.35879584153493244,0.5000002384185791,1.0792126655578613
6,14000,0.0979020979020979,23,8,0.75,101,1536,0.552734375,0.447265625,4.606999556223552,0.7968111832936606,0.7235055963198344,0.7499995628992716,1.6188153425852458
6,14000,0.0979020979020979,23,8,0.75,202,1536,0.5618489583333334,0.43815104166666663,4.593544960021973,0.7833565870920816,0.7242053747177124,0.7500001192092896,1.6188167333602905
6,14000,0.0979020979020979,23,8,0.75,303,1536,0.5735677083333334,0.42643229166666663,4.596342881520589,0.7861545085906978,0.7250665426254272,0.7499997019767761,1.618816335995992
6,14000,0.0979020979020979,23,9,0.35,101,1536,0.7779947916666666,0.22200520833333337,4.031759262084961,0.22157088915506984,0.18927290042241415,0.34999988476435345,0.8680914044380188
6,14000,0.0979020979020979,23,9,0.35,202,1536,0.7610677083333334,0.23893229166666663,4.004211902618408,0.1940235296885171,0.1925799399614334,0.35000018278757733,0.8680930534998575
6,14000,0.0979020979020979,23,9,0.35,303,1536,0.7734375,0.2265625,4.011586825052897,0.20139845212300633,0.1892478863398234,0.34999963641166687,0.8680904308954874
6,14000,0.0979020979020979,23,9,0.5,101,1536,0.6875,0.3125,4.227346261342366,0.41715788841247514,0.3584963182608287,0.5000002582867941,1.2401319742202759
6,14000,0.0979020979020979,23,9,0.5,202,1536,0.6842447916666666,0.31575520833333337,4.185845057169597,0.37565668423970555,0.35950812697410583,0.5000006556510925,1.2401326894760132
6,14000,0.0979020979020979,23,9,0.5,303,1536,0.697265625,0.302734375,4.195770899454753,0.3855825265248618,0.35429153839747113,0.4999997317790985,1.2401309410730998
6,14000,0.0979020979020979,23,9,0.75,101,1536,0.556640625,0.443359375,4.659875710805257,0.8496873378753658,0.7448952396710714,0.750000536441803,1.8601980606714885
6,14000,0.0979020979020979,23,9,0.75,202,1536,0.5553385416666666,0.44466145833333337,4.599114100138347,0.7889257272084556,0.7401678164800009,0.7499999602635702,1.8601971467336018
6,14000,0.0979020979020979,23,9,0.75,303,1536,0.5598958333333334,0.44010416666666663,4.615692774454753,0.8055044015248618,0.7328167756398519,0.7499996821085612,1.8601961135864258
6,14000,0.0979020979020979,23,10,0.35,101,1536,0.76171875,0.23828125,4.001689036687215,0.19150066375732377,0.1829178730646769,0.34999998410542804,0.9794321060180664
6,14000,0.0979020979020979,23,10,0.35,202,1536,0.7838541666666666,0.21614583333333337,3.98849089940389,0.17830252647399902,0.1870941420396169,0.35000018278757733,0.9794326821962992
6,14000,0.0979020979020979,23,10,0.35,303,1536,0.7708333333333334,0.22916666666666663,4.0070860385894775,0.19689766565958644,0.18761958678563437,0.3500002423922221,0.9794323643048605
6,14000,0.0979020979020979,23,10,0.5,101,1536,0.673828125,0.326171875,4.176074902216594,0.3658865292867026,0.3500751852989197,0.49999986092249554,1.3991883198420207
6,14000,0.0979020979020979,23,10,0.5,202,1536,0.701171875,0.298828125,4.161966641743978,0.35177826881408647,0.35208796461423236,0.4999999205271403,1.3991884390513103
6,14000,0.0979020979020979,23,10,0.5,303,1536,0.6901041666666666,0.30989583333333337,4.187756935755412,0.377568562825521,0.3560303747653961,0.49999972184499103,1.3991870880126953
6,14000,0.0979020979020979,23,10,0.75,101,1536,0.5377604166666666,0.46223958333333337,4.563717842102051,0.7535294691721597,0.7266058127085367,0.749999980131785,2.098782777786255
6,14000,0.0979020979020979,23,10,0.75,202,1536,0.5755208333333334,0.42447916666666663,4.5461398760477705,0.7359515031178794,0.719446082909902,0.7499990860621134,2.0987797578175864
6,14000,0.0979020979020979,23,10,0.75,303,1536,0.5670572916666666,0.43294270833333337,4.585277239481608,0.7750888665517173,0.7321385145187378,0.7499999602635702,2.098783493041992
6,14000,0.0979020979020979,37,1,0.35,101,1536,0.794921875,0.205078125,3.922467072804769,0.11168273289998387,0.12177793433268864,0.3500001033147176,0.38530616958936054
6,14000,0.0979020979020979,37,1,0.35,202,1536,0.7890625,0.2109375,3.9671174685160318,0.1563331286112466,0.11918994287649791,0.34999987483024597,0.38530591130256653
6,14000,0.0979020979020979,37,1,0.35,303,1536,0.787109375,0.212890625,3.943744659423828,0.13296031951904297,0.1177147775888443,0.3500002721945445,0.38530633846918744
6,14000,0.0979020979020979,37,1,0.5,101,1536,0.6783854166666666,0.32161458333333337,4.12073294321696,0.3099486033121748,0.30805211265881854,0.49999989072481793,0.5504371523857117
6,14000,0.0979020979020979,37,1,0.5,202,1536,0.6888020833333334,0.31119791666666663,4.175473054250081,0.36468871434529593,0.30626262227694195,0.49999989072481793,0.5504371325174967
6,14000,0.0979020979020979,37,1,0.5,303,1536,0.677734375,0.322265625,4.15460999806722,0.3438256581624346,0.3072916865348816,0.5000000993410746,0.550437351067861
6,14000,0.0979020979020979,37,1,0.75,101,1536,0.4954427083333333,0.5045572916666667,4.823719183603923,1.0129348436991377,0.9738654692967733,0.7500005960464478,0.825656513373057
6,14000,0.0979020979020979,37,1,0.75,202,1536,0.5032552083333334,0.49674479166666663,4.867148240407308,1.0563639005025225,0.9660825530687968,0.7500002980232239,0.8256561160087585
6,14000,0.0979020979020979,37,1,0.75,303,1536,0.4915364583333333,0.5084635416666667,4.851254781087239,1.0404704411824541,0.9705454508463541,0.7499997615814209,0.8256556193033854
6,14000,0.0979020979020979,37,2,0.35,101,1536,0.7858072916666666,0.21419270833333337,3.943639596303304,0.13285525639851903,0.12195961425701778,0.35000016291936237,0.4463835656642914
6,14000,0.0979020979020979,37,2,0.35,202,1536,0.791015625,0.208984375,3.9341681798299155,0.12338383992513036,0.12219329178333282,0.35000049074490863,0.44638397296269733
6,14000,0.0979020979020979,37,2,0.35,303,1536,0.7916666666666666,0.20833333333333337,3.957041104634603,0.14625676472981786,0.12296873579422633,0.3499999741713206,0.44638322790463764
6,14000,0.0979020979020979,37,2,0.5,101,1536,0.6920572916666666,0.30794270833333337,4.152575413386027,0.34179107348124216,0.3108712335427602,0.5000001788139343,0.6376906633377075
6,14000,0.0979020979020979,37,2,0.5,202,1536,0.6953125,0.3046875,4.141354878743489,0.33057053883870413,0.31560009717941284,0.500000019868215,0.6376904249191284
6,14000,0.0979020979020979,37,2,0.5,303,1536,0.68359375,0.31640625,4.16679843266805,0.3560140927632647,0.31691986322402954,0.4999999403953552,0.6376903653144836
6,14000,0.0979020979020979,37,2,0.75,101,1536,0.4915364583333333,0.5084635416666667,4.877806981404622,1.067022641499837,0.9920305411020914,0.749999980131785,0.9565356373786926
6,14000,0.0979020979020979,37,2,0.75,202,1536,0.48828125,0.51171875,4.853745142618815,1.0429608027140302,0.9845757087071737,0.7499996026357015,0.9565352002779642
6,14000,0.0979020979020979,37,2,0.75,303,1536,0.4778645833333333,0.5221354166666667,4.861528396606445,1.0507440567016602,0.9800036152203878,0.7500001192092896,0.9565357764561971
6,14000,0.0979020979020979,37,3,0.35,101,1536,0.7890625,0.2109375,3.948461929957072,0.13767759005228664,0.11581382652123769,0.3500000238418579,0.4833010236422221
6,14000,0.0979020979020979,37,3,0.35,202,1536,0.8020833333333334,0.19791666666666663,3.9390739599863687,0.1282896200815835,0.11451927075783412,0.34999996423721313,0.48330095410346985
6,14000,0.0979020979020979,37,3,0.35,303,1536,0.80078125,0.19921875,3.948862075805664,0.1380777359008789,0.10993620256582896,0.35000016291936237,0.4833012620608012
6,14000,0.0979020979020979,37,3,0.5,101,1536,0.6842447916666666,0.31575520833333337,4.154468695322673,0.34368435541788767,0.29887781540552777,0.4999998211860657,0.6904296278953552
6,14000,0.0979020979020979,37,3,0.5,202,1536,0.693359375,0.306640625,4.147185484568278,0.33640114466349313,0.29860790570576984,0.5000002185503641,0.6904302835464478
6,14000,0.0979020979020979,37,3,0.5,303,1536,0.697265625,0.302734375,4.143162250518799,0.33237791061401367,0.2826163172721863,0.4999999701976776,0.6904298663139343
6,14000,0.0979020979020979,37,3,0.75,101,1536,0.5065104166666666,0.49348958333333337,4.84747330347697,1.0366889635721845,0.9448080658912659,0.7500000794728597,1.0356449683507283
6,14000,0.0979020979020979,37,3,0.75,202,1536,0.48046875,0.51953125,4.83368984858195,1.022905508677165,0.9337853193283081,0.7500001390775045,1.0356451272964478
6,14000,0.0979020979020979,37,3,0.75,303,1536,0.501953125,0.498046875,4.8109696706136065,1.0001853307088213,0.9060466289520264,0.7499998410542806,1.0356446901957195
6,14000,0.0979020979020979,37,4,0.35,101,1536,0.7350260416666666,0.26497395833333337,4.0876742998758955,0.2768899599711103,0.2478904277086258,0.3499998052914937,0.5479063590367635
6,14000,0.0979020979020979,37,4,0.35,202,1536,0.7330729166666666,0.26692708333333337,4.04115104675293,0.23036670684814453,0.22502481440703073,0.3499997854232788,0.5479060014088949
6,14000,0.0979020979020979,37,4,0.35,303,1536,0.7252604166666666,0.27473958333333337,4.062350749969482,0.25156641006469727,0.23219027121861777,0.34999993443489075,0.5479064583778381
6,14000,0.0979020979020979,37,4,0.5,101,1536,0.6315104166666666,0.36848958333333337,4.365850289662679,0.5550659497578936,0.50355992714564,0.4999998112519582,0.7827227314313253
6,14000,0.0979020979020979,37,4,0.5,202,1536,0.6315104166666666,0.36848958333333337,4.303916136423747,0.4931317965189619,0.4673535128434499,0.5000003973642985,0.7827244599660238
6,14000,0.0979020979020979,37,4,0.5,303,1536,0.626953125,0.373046875,4.336282253265381,0.5254979133605957,0.4853524665037791,0.5000003178914388,0.7827238241831461
6,14000,0.0979020979020979,37,4,0.75,101,1536,0.4635416666666667,0.5364583333333333,5.041156609853108,1.2303722699483233,1.1300804615020752,0.749999980131785,1.1740856170654297
6,14000,0.0979020979020979,37,4,0.75,202,1536,0.4641927083333333,0.5358072916666667,4.983683109283447,1.172898769378662,1.0994612375895183,0.7500002781550089,1.1740859349568684
6,14000,0.0979020979020979,37,4,0.75,303,1536,0.4557291666666667,0.5442708333333333,5.002921899159749,1.192137559254964,1.1145570675532024,0.7500004967053732,1.174086610476176
6,14000,0.0979020979020979,37,5,0.35,101,1536,0.7076822916666666,0.29231770833333337,4.126101175944011,0.31531683603922556,0.28870487213134766,0.3499999940395355,0.5848770538965861
6,14000,0.0979020979020979,37,5,0.35,202,1536,0.7200520833333334,0.27994791666666663,4.100409030914307,0.2896246910095215,0.270841250816981,0.35000036160151166,0.5848772923151652
6,14000,0.0979020979020979,37,5,0.35,303,1536,0.7141927083333334,0.28580729166666663,4.12937863667806,0.31859429677327444,0.2770014901955922,0.3499998350938161,0.5848767956097921
6,14000,0.0979020979020979,37,5,0.5,101,1536,0.6145833333333334,0.38541666666666663,4.401302655537923,0.5905183156331377,0.5438316861788431,0.5000000596046448,0.8355388442675272
6,14000,0.0979020979020979,37,5,0.5,202,1536,0.6204427083333334,0.37955729166666663,4.370585600535075,0.55980126063029,0.520536889632543,0.49999989072481793,0.835538903872172
6,14000,0.0979020979020979,37,5,0.5,303,1536,0.62109375,0.37890625,4.416315237681071,0.6055308977762861,0.5293526848157247,0.49999983112017315,0.8355375528335571
6,14000,0.0979020979020979,37,5,0.75,101,1536,0.4791666666666667,0.5208333333333333,5.006409804026286,1.195625464121501,1.116530974706014,0.750000019868215,1.2533084551493328
6,14000,0.0979020979020979,37,5,0.75,202,1536,0.4765625,0.5234375,4.972896893819173,1.1621125539143877,1.082565188407898,0.7500000993410746,1.2533085743586223
6,14000,0.0979020979020979,37,5,0.75,303,1536,0.4622395833333333,0.5377604166666667,5.05840524037679,1.247620900472005,1.1092751423517864,0.7499996622403463,1.2533063093821208
6,14000,0.0979020979020979,37,6,0.35,101,1536,0.7389322916666666,0.26106770833333337,4.082287232081096,0.2715028921763105,0.24866786102453867,0.3499997953573863,0.6075209180514017
6,14000,0.0979020979020979,37,6,0.35,202,1536,0.736328125,0.263671875,4.085934638977051,0.2751502990722656,0.2630974253018697,0.3499998052914937,0.6075197656949362
6,14000,0.0979020979020979,37,6,0.35,303,1536,0.7220052083333334,0.27799479166666663,4.069492816925049,0.25870847702026367,0.2544887413581212,0.3500000635782878,0.6075206995010376
6,14000,0.0979020979020979,37,6,0.5,101,1536,0.6516927083333334,0.34830729166666663,4.316034317016602,0.5052499771118164,0.46362409989039105,0.4999997615814209,0.867885947227478
6,14000,0.0979020979020979,37,6,0.5,202,1536,0.6484375,0.3515625,4.3337100346883135,0.5229256947835283,0.4915398756663005,0.49999980131785077,0.8678854703903198
6,14000,0.0979020979020979,37,6,0.5,303,1536,0.64453125,0.35546875,4.310009479522705,0.4992251396179199,0.47819427649180096,0.49999985098838806,0.8678862849871317
6,14000,0.0979020979020979,37,6,0.75,101,1536,0.50390625,0.49609375,4.822748025258382,1.0119636853535967,0.9394243160883585,0.7499999205271403,1.301828106244405
6,14000,0.0979020979020979,37,6,0.75,202,1536,0.4837239583333333,0.5162760416666667,4.888390064239502,1.0776057243347168,1.0108158588409424,0.7500001986821493,1.3018289804458618
6,14000,0.0979020979020979,37,6,0.75,303,1536,0.4856770833333333,0.5143229166666667,4.869658470153809,1.0588741302490234,0.9923935731252035,0.7500000993410746,1.3018287817637126
6,14000,0.0979020979020979,37,7,0.35,101,1536,0.7532552083333334,0.24674479166666663,4.009826183319092,0.19904184341430664,0.20920698841412863,0.34999993443489075,0.6605573495229086
6,14000,0.0979020979020979,37,7,0.35,202,1536,0.7688802083333334,0.23111979166666663,4.023775418599446,0.21299107869466116,0.19255141417185465,0.3500002125898997,0.6605585614840189
6,14000,0.0979020979020979,37,7,0.35,303,1536,0.7591145833333334,0.24088541666666663,4.029536644617717,0.2187523047129316,0.21409838895003,0.3499998350938161,0.6605572700500488
6,14000,0.0979020979020979,37,7,0.5,101,1536,0.6595052083333334,0.34049479166666663,4.208613236745198,0.3978288968404131,0.3902089198430379,0.5000000099341074,0.9436529676119486
6,14000,0.0979020979020979,37,7,0.5,202,1536,0.6803385416666666,0.31966145833333337,4.209131558736165,0.3983472188313799,0.3567965229352315,0.5000002185503641,0.9436541597048441
6,14000,0.0979020979020979,37,7,0.5,303,1536,0.6640625,0.3359375,4.228130022684733,0.4173456827799482,0.3998272816340129,0.4999995430310567,0.9436521530151367
6,14000,0.0979020979020979,37,7,0.75,101,1536,0.537109375,0.462890625,4.64708137512207,0.8362970352172852,0.7932839790980021,0.7500000596046448,1.415480375289917
6,14000,0.0979020979020979,37,7,0.75,202,1536,0.5540364583333334,0.44596354166666663,4.620574792226155,0.8097904523213701,0.7276158531506857,0.7500001192092896,1.4154799381891887
6,14000,0.0979020979020979,37,7,0.75,303,1536,0.5266927083333334,0.47330729166666663,4.665254910786946,0.8544705708821612,0.813555916150411,0.7500007549921671,1.4154800573984783
6,14000,0.0979020979020979,37,8,0.35,101,1536,0.7552083333333334,0.24479166666666663,4.027225653330485,0.21644131342570017,0.1873931586742401,0.35000017285346985,0.7538617650667826
6,14000,0.0979020979020979,37,8,0.35,202,1536,0.7727864583333334,0.22721354166666663,4.008112907409668,0.1973285675048828,0.18915098905563354,0.3499998648961385,0.7538608312606812
6,14000,0.0979020979020979,37,8,0.35,303,1536,0.7552083333333334,0.24479166666666663,4.011813799540202,0.20102945963541696,0.19177124897638956,0.35000019272168476,0.7538612286249796
6,14000,0.0979020979020979,37,8,0.5,101,1536,0.6725260416666666,0.32747395833333337,4.211140394210815,0.4003560543060303,0.34761130809783936,0.4999999900658925,1.0769447088241577
6,14000,0.0979020979020979,37,8,0.5,202,1536,0.689453125,0.310546875,4.183035532633464,0.3722511927286787,0.34520916144053143,0.4999997715155284,1.0769436359405518
6,14000,0.0979020979020979,37,8,0.5,303,1536,0.6783854166666666,0.32161458333333337,4.192447582880656,0.38166324297587106,0.3517867525418599,0.49999990065892536,1.0769446690877278
6,14000,0.0979020979020979,37,8,0.75,101,1536,0.552734375,0.447265625,4.602143287658691,0.7913589477539062,0.7045693397521973,0.7499995032946268,1.6154154936472576
6,14000,0.0979020979020979,37,8,0.75,202,1536,0.5755208333333334,0.42447916666666663,4.57073450088501,0.7599501609802246,0.6939805944760641,0.7499998013178507,1.6154176791508992
6,14000,0.0979020979020979,37,8,0.75,303,1536,0.5618489583333334,0.43815104166666663,4.593643029530843,0.7828586896260576,0.709904154141744,0.749999980131785,1.615417242050171
6,14000,0.0979020979020979,37,9,0.35,101,1536,0.7669270833333334,0.23307291666666663,4.006373484929402,0.19558914502461722,0.19001744190851846,0.35000017285346985,0.8714919487635294
6,14000,0.0979020979020979,37,9,0.35,202,1536,0.7682291666666666,0.23177083333333337,3.9845148722330728,0.1737305323282876,0.18928461770216623,0.3500002324581146,0.8714922666549683
6,14000,0.0979020979020979,37,9,0.35,303,1536,0.7649739583333334,0.23502604166666663,3.984949270884196,0.17416493097941066,0.18390853703022003,0.3500000735123952,0.8714918494224548
6,14000,0.0979020979020979,37,9,0.5,101,1536,0.673828125,0.326171875,4.182751019795735,0.3719666798909502,0.35181822379430133,0.5000001092751821,1.2449887990951538
6,14000,0.0979020979020979,37,9,0.5,202,1536,0.6725260416666666,0.32747395833333337,4.154604911804199,0.34382057189941406,0.3555806875228882,0.5000004371007284,1.2449891964594524
6,14000,0.0979020979020979,37,9,0.5,303,1536,0.6796875,0.3203125,4.155501047770183,0.34471670786539743,0.34680964549382526,0.4999997715155284,1.2449874083201091
6,14000,0.0979020979020979,37,9,0.75,101,1536,0.552734375,0.447265625,4.5795722007751465,0.7687878608703613,0.7247860034306844,0.7500005563100179,1.8674827814102173
6,14000,0.0979020979020979,37,9,0.75,202,1536,0.5572916666666666,0.44270833333333337,4.542738278706868,0.731953938802083,0.7300636370976766,0.7499999403953552,1.86748210589091
6,14000,0.0979020979020979,37,9,0.75,303,1536,0.5494791666666666,0.45052083333333337,4.55031156539917,0.7395272254943848,0.7245219349861145,0.7500007549921671,1.8674832582473755
6,14000,0.0979020979020979,37,10,0.35,101,1536,0.75390625,0.24609375,3.9872737725575766,0.1764894326527915,0.17923264702161154,0.35000016291936237,0.9835548003514608
6,14000,0.0979020979020979,37,10,0.35,202,1536,0.7454427083333334,0.25455729166666663,3.983874479929606,0.17309014002482082,0.17731728653113046,0.3500002423922221,0.9835540652275085
6,14000,0.0979020979020979,37,10,0.35,303,1536,0.7643229166666666,0.23567708333333337,3.976807196935018,0.1660228570302329,0.17198491096496582,0.35000014305114746,0.9835537870724996
6,14000,0.0979020979020979,37,10,0.5,101,1536,0.6712239583333334,0.32877604166666663,4.153544108072917,0.3427597681681318,0.3439463476339976,0.5000000099341074,1.4050774176915486
6,14000,0.0979020979020979,37,10,0.5,202,1536,0.669921875,0.330078125,4.150828917821248,0.3400445779164629,0.34192893902460736,0.4999998410542806,1.4050766626993816
6,14000,0.0979020979020979,37,10,0.5,303,1536,0.6744791666666666,0.32552083333333337,4.14143951733907,0.3306551774342852,0.3335908154646556,0.5000002980232239,1.405078132947286
6,14000,0.0979020979020979,37,10,0.75,101,1536,0.5397135416666666,0.46028645833333337,4.532647291819255,0.7218629519144697,0.7181343038876852,0.7499996026357015,2.107613722483317
6,14000,0.0979020979020979,37,10,0.75,202,1536,0.5319010416666666,0.46809895833333337,4.524506409962972,0.7137220700581866,0.7101874748865763,0.7500002582867941,2.107616424560547
6,14000,0.0979020979020979,37,10,0.75,303,1536,0.5475260416666666,0.45247395833333337,4.517268180847168,0.7064838409423828,0.7026629249254862,0.7500002781550089,2.107616583506266
6,72000,0.5034965034965035,11,1,0.35,101,1536,0.7747395833333334,0.22526041666666663,3.876631816228231,0.15626009305318211,0.15983816981315613,0.34999968608220416,0.27947596708933514
6,72000,0.5034965034965035,11,1,0.35,202,1536,0.7825520833333334,0.21744791666666663,3.8971676031748452,0.1767958799997964,0.16702680786450705,0.35000001390775043,0.27947619557380676
6,72000,0.5034965034965035,11,1,0.35,303,1536,0.7747395833333334,0.22526041666666663,3.8893844286600747,0.1690127054850259,0.16719707349936166,0.35000018278757733,0.2794763743877411
6,72000,0.5034965034965035,11,1,0.5,101,1536,0.6647135416666666,0.33528645833333337,4.115574200948079,0.3952024777730303,0.3999127447605133,0.5000000496705373,0.399251788854599
6,72000,0.5034965034965035,11,1,0.5,202,1536,0.6588541666666666,0.34114583333333337,4.149897575378418,0.42952585220336914,0.41516412297884625,0.5,0.3992517292499542
6,72000,0.5034965034965035,11,1,0.5,303,1536,0.6588541666666666,0.34114583333333337,4.131812413533528,0.4114406903584795,0.4131016234556834,0.49999963243802387,0.39925142129262287
6,72000,0.5034965034965035,11,1,0.75,101,1536,0.4602864583333333,0.5397135416666667,4.887280464172363,1.1669087409973145,1.1628199418385823,0.7499994238217672,0.5988772710164388
6,72000,0.5034965034965035,11,1,0.75,202,1536,0.4733072916666667,0.5266927083333333,4.91685422261556,1.1964824994405108,1.1746574242909749,0.7499993840853373,0.5988770723342896
6,72000,0.5034965034965035,11,1,0.75,303,1536,0.466796875,0.533203125,4.928077697753906,1.2077059745788574,1.2011088927586873,0.7499997218449911,0.5988774498303732
6,72000,0.5034965034965035,11,2,0.35,101,1536,0.7877604166666666,0.21223958333333337,3.858261744181315,0.13789002100626613,0.1470473806063334,0.34999963641166687,0.3326401114463806
6,72000,0.5034965034965035,11,2,0.35,202,1536,0.7819010416666666,0.21809895833333337,3.8491307894388833,0.1287590662638345,0.14707285165786743,0.34999988476435345,0.3326403697331746
6,72000,0.5034965034965035,11,2,0.35,303,1536,0.76953125,0.23046875,3.86871067682902,0.1483389536539712,0.15896218518416086,0.3500000337759654,0.3326404392719269
6,72000,0.5034965034965035,11,2,0.5,101,1536,0.6803385416666666,0.31966145833333337,4.072371085484822,0.35199936230977347,0.3625103831291199,0.499999741713206,0.475200355052948
6,72000,0.5034965034965035,11,2,0.5,202,1536,0.671875,0.328125,4.069973627726237,0.34960190455118845,0.36715471744537354,0.5000003377596537,0.47520092129707336
6,72000,0.5034965034965035,11,2,0.5,303,1536,0.6569010416666666,0.34309895833333337,4.103619575500488,0.38324785232543945,0.3933945695559184,0.4999999403953552,0.4752005438009898
6,72000,0.5034965034965035,11,2,0.75,101,1536,0.4680989583333333,0.5319010416666667,4.800057252248128,1.0796855290730791,1.071628749370575,0.7499997417132059,0.7128007213274637
6,72000,0.5034965034965035,11,2,0.75,202,1536,0.4694010416666667,0.5305989583333333,4.805986722310384,1.085614999135335,1.0927484432856243,0.7500001986821493,0.7128011584281921
6,72000,0.5034965034965035,11,2,0.75,303,1536,0.4635416666666667,0.5364583333333333,4.873489697774251,1.1531179745992022,1.1388613780339558,0.7499997814496359,0.7128006418546041
6,72000,0.5034965034965035,11,3,0.35,101,1536,0.8111979166666666,0.18880208333333337,3.857263724009196,0.136892000834147,0.132256085673968,0.34999964634577435,0.34348612030347186
6,72000,0.5034965034965035,11,3,0.35,202,1536,0.7942708333333334,0.20572916666666663,3.8663472334543862,0.14597551027933742,0.13472673296928406,0.35000014305114746,0.34348658720652264
6,72000,0.5034965034965035,11,3,0.35,303,1536,0.8020833333333334,0.19791666666666663,3.8571486473083496,0.13677692413330078,0.13475259145100912,0.3499998450279236,0.34348634878794354
6,72000,0.5034965034965035,11,3,0.5,101,1536,0.6966145833333334,0.30338541666666663,4.0528801282246905,0.33250840504964163,0.32731876770655316,0.5000003377596537,0.4906952579816182
6,72000,0.5034965034965035,11,3,0.5,202,1536,0.6868489583333334,0.31315104166666663,4.058215379714966,0.337843656539917,0.3264462451140086,0.4999999403953552,0.49069489041964215
6,72000,0.5034965034965035,11,3,0.5,303,1536,0.685546875,0.314453125,4.059635957082112,0.3392642339070635,0.3362575074036916,0.5000002284844717,0.49069515864054364
6,72000,0.5034965034965035,11,3,0.75,101,1536,0.501953125,0.498046875,4.701178232828776,0.9808065096537275,0.9630456368128458,0.7499999602635702,0.736042300860087
6,72000,0.5034965034965035,11,3,0.75,202,1536,0.4869791666666667,0.5130208333333333,4.683515866597493,0.9631441434224444,0.9389549493789673,0.7500003973642985,0.7360427776972452
6,72000,0.5034965034965035,11,3,0.75,303,1536,0.4817708333333333,0.5182291666666667,4.749924659729004,1.029552936553955,1.0067388614018757,0.7499998609224955,0.736042320728302
6,72000,0.5034965034965035,11,4,0.35,101,1536,0.6848958333333334,0.31510416666666663,4.200339953104655,0.4799682299296064,0.44109465678532916,0.3499997953573863,0.38126373291015625
6,72000,0.5034965034965035,11,4,0.35,202,1536,0.6790364583333334,0.32096354166666663,4.106390953063965,0.386019229888916,0.411301056543986,0.35000009338061017,0.3812641700108846
6,72000,0.5034965034965035,11,4,0.35,303,1536,0.6842447916666666,0.31575520833333337,4.12816325823466,0.4077915350596113,0.4204062024752299,0.3500000635782878,0.3812643786271413
6,72000,0.5034965034965035,11,4,0.5,101,1536,0.5416666666666666,0.45833333333333337,4.681569894154866,0.9611981709798174,0.8928350806236267,0.5000000298023224,0.5446632305781046
6,72000,0.5034965034965035,11,4,0.5,202,1536,0.5657552083333334,0.43424479166666663,4.527048746744792,0.8066770235697431,0.8171736200650533,0.5000003377596537,0.5446630517641703
6,72000,0.5034965034965035,11,4,0.5,303,1536,0.55859375,0.44140625,4.564898173014323,0.8445264498392744,0.8398967385292053,0.5000002582867941,0.5446633497873942
6,72000,0.5034965034965035,11,4,0.75,101,1536,0.3567708333333333,0.6432291666666667,5.764827728271484,2.0444560050964355,1.913496454556783,0.7499997814496359,0.8169933557510376
6,72000,0.5034965034965035,11,4,0.75,202,1536,0.373046875,0.626953125,5.498554229736328,1.7781825065612793,1.7439831892649333,0.7500000993410746,0.8169935941696167
6,72000,0.5034965034965035,11,4,0.75,303,1536,0.3541666666666667,0.6458333333333333,5.583089192708333,1.8627174695332842,1.814406394958496,0.7499997814496359,0.8169936736424764
6,72000,0.5034965034965035,11,5,0.35,101,1536,0.6751302083333334,0.32486979166666663,4.174058755238851,0.4536870320638018,0.4429844419161479,0.3500000635782878,0.40507272879282635
6,72000,0.5034965034965035,11,5,0.35,202,1536,0.671875,0.328125,4.126013437906901,0.4056417147318525,0.41501906514167786,0.35000036160151166,0.4050730566183726
6,72000,0.5034965034965035,11,5,0.35,303,1536,0.6673177083333334,0.33268229166666663,4.181779225667317,0.4614075024922686,0.46510281165440875,0.3499999940395355,0.4050729274749756
6,72000,0.5034965034965035,11,5,0.5,101,1536,0.5638020833333334,0.43619791666666663,4.614912668863933,0.8945409456888838,0.8497000932693481,0.5000000596046448,0.5786746144294739
6,72000,0.5034965034965035,11,5,0.5,202,1536,0.537109375,0.462890625,4.537044684092204,0.8166729609171552,0.8208481868108114,0.4999999205271403,0.5786759455998739
6,72000,0.5034965034965035,11,5,0.5,303,1536,0.5501302083333334,0.44986979166666663,4.6200863520304365,0.8997146288553877,0.8955491383870443,0.49999983112017315,0.5786745548248291
6,72000,0.5034965034965035,11,5,0.75,101,1536,0.3860677083333333,0.6139322916666667,5.57114839553833,1.8507766723632812,1.7344563404719036,0.7500001192092896,0.8680126070976257
6,72000,0.5034965034965035,11,5,0.75,202,1536,0.3756510416666667,0.6243489583333333,5.469465255737305,1.7490935325622559,1.70999809106191,0.7500001390775045,0.8680139581362406
6,72000,0.5034965034965035,11,5,0.75,303,1536,0.376953125,0.623046875,5.5322041511535645,1.8118324279785156,1.770340363184611,0.7499996622403463,0.8680131634076437
6,72000,0.5034965034965035,11,6,0.35,101,1536,0.6868489583333334,0.31315104166666663,4.1541140874226885,0.4337423642476397,0.4489000240961711,0.350000003973643,0.4142240385214488
6,72000,0.5034965034965035,11,6,0.35,202,1536,0.685546875,0.314453125,4.159066200256348,0.43869447708129883,0.43327874938646954,0.34999998410542804,0.4142250219980876
6,72000,0.5034965034965035,11,6,0.35,303,1536,0.6790364583333334,0.32096354166666663,4.1636074384053545,0.4432357152303057,0.4274998605251312,0.3500003417332967,0.4142254094282786
6,72000,0.5034965034965035,11,6,0.5,101,1536,0.5794270833333334,0.42057291666666663,4.557570616404216,0.837198893229167,0.8314791123072306,0.5000000298023224,0.5917498668034872
6,72000,0.5034965034965035,11,6,0.5,202,1536,0.57421875,0.42578125,4.553950309753418,0.8335785865783691,0.8079253236452738,0.4999998211860657,0.5917502045631409
6,72000,0.5034965034965035,11,6,0.5,303,1536,0.56640625,0.43359375,4.55388609568278,0.8335143725077314,0.7956801652908325,0.5000004371007284,0.5917506615320841
6,72000,0.5034965034965035,11,6,0.75,101,1536,0.4010416666666667,0.5989583333333333,5.358825206756592,1.638453483581543,1.5849032402038574,0.749999483426412,0.8876250386238098
6,72000,0.5034965034965035,11,6,0.75,202,1536,0.3984375,0.6015625,5.3414537111918134,1.6210819880167646,1.5545909404754639,0.7499996622403463,0.8876256744066874
6,72000,0.5034965034965035,11,6,0.75,303,1536,0.4166666666666667,0.5833333333333333,5.341905911763509,1.62153418858846,1.5351053873697917,0.7499999006589254,0.887625535329183
6,72000,0.5034965034965035,11,7,0.35,101,1536,0.7141927083333334,0.28580729166666663,4.071146011352539,0.35077428817749023,0.3528038064638774,0.3500002324581146,0.46292181809743244
6,72000,0.5034965034965035,11,7,0.35,202,1536,0.705078125,0.294921875,4.065738836924235,0.3453671137491865,0.3473990857601166,0.3500000238418579,0.4629211723804474
6,72000,0.5034965034965035,11,7,0.35,303,1536,0.7005208333333334,0.29947916666666663,4.067820310592651,0.34744858741760254,0.34900278846422833,0.3499998946984609,0.46292094389597577
6,72000,0.5034965034965035,11,7,0.5,101,1536,0.6119791666666666,0.38802083333333337,4.3834859530131025,0.6631142298380537,0.6548131306966146,0.49999980131785077,0.6613160371780396
6,72000,0.5034965034965035,11,7,0.5,202,1536,0.6158854166666666,0.38411458333333337,4.348676045735677,0.628304322560628,0.6228240331013998,0.4999998112519582,0.6613163153330485
6,72000,0.5034965034965035,11,7,0.5,303,1536,0.5794270833333334,0.42057291666666663,4.370580991109212,0.6502092679341631,0.6359416246414185,0.5000000695387522,0.6613171497980753
6,72000,0.5034965034965035,11,7,0.75,101,1536,0.4524739583333333,0.5475260416666667,5.032632986704509,1.31226126352946,1.2870555718739827,0.7499998807907104,0.9919747908910116
6,72000,0.5034965034965035,11,7,0.75,202,1536,0.46875,0.53125,4.962371190388997,1.2419994672139483,1.2090160449345906,0.7499998013178507,0.991975724697113
6,72000,0.5034965034965035,11,7,0.75,303,1536,0.4225260416666667,0.5774739583333333,5.022511164347331,1.3021394411722822,1.246103286743164,0.7500001788139343,0.9919745127360026
6,72000,0.5034965034965035,11,8,0.35,101,1536,0.708984375,0.291015625,4.048149426778157,0.32777770360310843,0.3127012252807617,0.3500000238418579,0.5572536587715149
6,72000,0.5034965034965035,11,8,0.35,202,1536,0.7174479166666666,0.28255208333333337,4.056315263112386,0.33594353993733694,0.305073082447052,0.34999990463256836,0.5572536587715149
6,72000,0.5034965034965035,11,8,0.35,303,1536,0.712890625,0.287109375,4.059009790420532,0.3386380672454834,0.3039211531480153,0.3500005106131236,0.5572545329729716
6,72000,0.5034965034965035,11,8,0.5,101,1536,0.6217447916666666,0.37825520833333337,4.331315835316976,0.6109441121419268,0.5708965261777242,0.4999999403953552,0.7960769732793173
6,72000,0.5034965034965035,11,8,0.5,202,1536,0.6236979166666666,0.37630208333333337,4.330037593841553,0.6096658706665039,0.5517406264940897,0.5000003178914388,0.7960760990778605
6,72000,0.5034965034965035,11,8,0.5,303,1536,0.625,0.375,4.32934586207072,0.6089741388956709,0.5534700751304626,0.49999980131785077,0.7960754632949829
6,72000,0.5034965034965035,11,8,0.75,101,1536,0.4856770833333333,0.5143229166666667,4.8995951016743975,1.1792233784993487,1.1020703713099163,0.7499995827674866,1.1941145261128743
6,72000,0.5034965034965035,11,8,0.75,202,1536,0.4720052083333333,0.5279947916666667,4.900341033935547,1.179969310760498,1.0804161230723064,0.7499998807907104,1.1941149632136028
6,72000,0.5034965034965035,11,8,0.75,303,1536,0.4876302083333333,0.5123697916666667,4.8983391125996905,1.1779673894246416,1.0821738839149475,0.749999980131785,1.1941128174463909
6,72000,0.5034965034965035,11,9,0.35,101,1536,0.7194010416666666,0.28059895833333337,4.023783445358276,0.30341172218322754,0.31128589312235516,0.3500002721945445,0.7210232416788737
6,72000,0.5034965034965035,11,9,0.35,202,1536,0.7174479166666666,0.28255208333333337,4.013352235158284,0.2929805119832354,0.308011531829834,0.35000018278757733,0.7210238973299662
6,72000,0.5034965034965035,11,9,0.35,303,1536,0.7115885416666666,0.28841145833333337,4.0202256838480634,0.2998539606730146,0.31674395004908246,0.34999974568684894,0.7210224866867065
6,72000,0.5034965034965035,11,9,0.5,101,1536,0.6197916666666666,0.38020833333333337,4.298850059509277,0.5784783363342285,0.5761102239290873,0.4999997119108836,1.0300322373708088
6,72000,0.5034965034965035,11,9,0.5,202,1536,0.6041666666666666,0.39583333333333337,4.299994786580403,0.5796230634053545,0.5752971768379211,0.4999996026357015,1.030031442642212
6,72000,0.5034965034965035,11,9,0.5,303,1536,0.6028645833333334,0.39713541666666663,4.299623012542725,0.5792512893676758,0.5833502809206644,0.5000000099341074,1.0300335089365642
6,72000,0.5034965034965035,11,9,0.75,101,1536,0.482421875,0.517578125,4.903063933054606,1.1826922098795576,1.1547681490580242,0.7500001788139343,1.545050581296285
6,72000,0.5034965034965035,11,9,0.75,202,1536,0.4446614583333333,0.5553385416666667,4.929200649261475,1.2088289260864258,1.164519468943278,0.7499999205271403,1.545050024986267
6,72000,0.5034965034965035,11,9,0.75,303,1536,0.451171875,0.548828125,4.890618801116943,1.1702470779418945,1.1555122137069702,0.7500001986821493,1.5450499852498372
6,72000,0.5034965034965035,11,10,0.35,101,1536,0.7259114583333334,0.27408854166666663,4.029627720514934,0.30925599733988474,0.2977222204208374,0.35000044107437134,0.7984591921170553
6,72000,0.5034965034965035,11,10,0.35,202,1536,0.7154947916666666,0.28450520833333337,4.025509675343831,0.30513795216878226,0.2968934377034505,0.3499998152256012,0.7984580000241598
6,72000,0.5034965034965035,11,10,0.35,303,1536,0.703125,0.296875,4.013904492060344,0.2935327688852949,0.29527843991915387,0.35000033179918927,0.7984587152798971
6,72000,0.5034965034965035,11,10,0.5,101,1536,0.6243489583333334,0.37565104166666663,4.2876302401224775,0.5672585169474287,0.5469000140825907,0.500000019868215,1.14065420627594
6,72000,0.5034965034965035,11,10,0.5,202,1536,0.607421875,0.392578125,4.294042110443115,0.5736703872680664,0.5545140107472738,0.5000005761782328,1.1406560341517131
6,72000,0.5034965034965035,11,10,0.5,303,1536,0.603515625,0.396484375,4.272344907124837,0.5519731839497881,0.5484984517097473,0.5000000794728597,1.1406548817952473
6,72000,0.5034965034965035,11,10,0.75,101,1536,0.4869791666666667,0.5130208333333333,4.823417663574219,1.10304594039917,1.0759994983673096,0.7500004768371582,1.7109826803207397
6,72000,0.5034965034965035,11,10,0.75,202,1536,0.4622395833333333,0.5377604166666667,4.86368195215861,1.1433102289835615,1.1032442251841228,0.7500001589457194,1.710982044537862
6,72000,0.5034965034965035,11,10,0.75,303,1536,0.466796875,0.533203125,4.811957995096843,1.091586271921794,1.0808347463607788,0.7500002185503641,1.7109824419021606
6,72000,0.5034965034965035,23,1,0.35,101,1536,0.7825520833333334,0.21744791666666663,3.8147641023000083,0.15796168645222997,0.14875101546446481,0.34999971588452655,0.27828999360402423
6,72000,0.5034965034965035,23,1,0.35,202,1536,0.7799479166666666,0.22005208333333337,3.827669699986776,0.17086728413899754,0.14690925180912018,0.3499998946984609,0.2782900929450989
6,72000,0.5034965034965035,23,1,0.35,303,1536,0.7721354166666666,0.22786458333333337,3.8180939356486,0.1612915198008218,0.15412076314290366,0.34999971588452655,0.27828994393348694
6,72000,0.5034965034965035,23,1,0.5,101,1536,0.673828125,0.326171875,4.066815535227458,0.41001311937967966,0.3767176071802775,0.5000000496705373,0.39755746722221375
6,72000,0.5034965034965035,23,1,0.5,202,1536,0.6705729166666666,0.32942708333333337,4.0570268630981445,0.4002244472503662,0.36124205589294434,0.49999986092249554,0.3975573082764943
6,72000,0.5034965034965035,23,1,0.5,303,1536,0.6803385416666666,0.31966145833333337,4.0513237317403155,0.39452131589253714,0.37478435039520264,0.5000001986821493,0.3975575665632884
6,72000,0.5034965034965035,23,1,0.75,101,1536,0.5084635416666666,0.49153645833333337,4.887071927388509,1.2302695115407305,1.1363099813461304,0.7499998807907104,0.5963359673817953
6,72000,0.5034965034965035,23,1,0.75,202,1536,0.5162760416666666,0.48372395833333337,4.7834343910217285,1.1266319751739502,1.0571557680765789,0.7499998609224955,0.5963360071182251
6,72000,0.5034965034965035,23,1,0.75,303,1536,0.5032552083333334,0.49674479166666663,4.820040225982666,1.1632378101348877,1.101447343826294,0.7499995628992716,0.596335768699646
6,72000,0.5034965034965035,23,2,0.35,101,1536,0.7747395833333334,0.22526041666666663,3.807706673940023,0.15090425809224461,0.1467109223206838,0.35000042120615643,0.3328918019930522
6,72000,0.5034965034965035,23,2,0.35,202,1536,0.7858072916666666,0.21419270833333337,3.828391949335734,0.17158953348795558,0.1452569216489792,0.3499997059504191,0.3328910966714223
6,72000,0.5034965034965035,23,2,0.35,303,1536,0.7799479166666666,0.22005208333333337,3.813404162724813,0.15660174687703465,0.14186964432398477,0.35000014305114746,0.3328914940357208
6,72000,0.5034965034965035,23,2,0.5,101,1536,0.6744791666666666,0.32552083333333337,4.03227424621582,0.375471830368042,0.35656096537907916,0.5000000596046448,0.4755592147509257
6,72000,0.5034965034965035,23,2,0.5,202,1536,0.6809895833333334,0.31901041666666663,4.054734547932942,0.3979321320851641,0.3542773524920146,0.5000003178914388,0.4755594730377197
6,72000,0.5034965034965035,23,2,0.5,303,1536,0.6829427083333334,0.31705729166666663,4.045787811279297,0.38898539543151855,0.347976952791214,0.49999980131785077,0.47555885712305707
6,72000,0.5034965034965035,23,2,0.75,101,1536,0.505859375,0.494140625,4.768273989359538,1.1114715735117597,1.051399866739909,0.7499996026357015,0.7133383353551229
6,72000,0.5034965034965035,23,2,0.75,202,1536,0.5026041666666666,0.49739583333333337,4.770435651143392,1.1136332352956133,1.0408134857813518,0.7499995430310568,0.7133382161458334
6,72000,0.5034965034965035,23,2,0.75,303,1536,0.505859375,0.494140625,4.770616849263509,1.1138144334157305,1.026544491449992,0.7499998807907104,0.7133385936419169
6,72000,0.5034965034965035,23,3,0.35,101,1536,0.7903645833333334,0.20963541666666663,3.7893001238505044,0.1324977080027261,0.12217441697915395,0.35000009338061017,0.344218115011851
6,72000,0.5034965034965035,23,3,0.35,202,1536,0.80859375,0.19140625,3.7826520601908364,0.12584964434305812,0.12354385356108348,0.35000020265579224,0.344218244155248
6,72000,0.5034965034965035,23,3,0.35,303,1536,0.7864583333333334,0.21354166666666663,3.8058547973632812,0.14905238151550293,0.1310959979891777,0.34999996423721313,0.34421799580256146
6,72000,0.5034965034965035,23,3,0.5,101,1536,0.69921875,0.30078125,3.974587917327881,0.31778550148010254,0.2970172166824341,0.49999972184499103,0.4917397697766622
6,72000,0.5034965034965035,23,3,0.5,202,1536,0.7044270833333334,0.29557291666666663,3.9768064816792807,0.3200040658315024,0.30553651849428815,0.4999996821085612,0.49173974990844727
6,72000,0.5034965034965035,23,3,0.5,303,1536,0.708984375,0.291015625,4.006382306416829,0.3495798905690508,0.3165232539176941,0.5000002483526865,0.49174027641614276
6,72000,0.5034965034965035,23,3,0.75,101,1536,0.5162760416666666,0.48372395833333337,4.635385036468506,0.9785826206207275,0.9214141964912415,0.7500001390775045,0.7376102606455485
6,72000,0.5034965034965035,23,3,0.75,202,1536,0.521484375,0.478515625,4.634152889251709,0.9773504734039307,0.9186541636784872,0.7500000794728597,0.7376101613044739
6,72000,0.5034965034965035,23,3,0.75,303,1536,0.5221354166666666,0.47786458333333337,4.666627248128255,1.0098248322804766,0.9416705171267191,0.749999463558197,0.7376096248626709
6,72000,0.5034965034965035,23,4,0.35,101,1536,0.6842447916666666,0.31575520833333337,4.111777464548747,0.4549750487009687,0.4451298216978709,0.3499998648961385,0.3849681218465169
6,72000,0.5034965034965035,23,4,0.35,202,1536,0.705078125,0.294921875,4.1032021045684814,0.4463996887207031,0.39491880933443707,0.35000015298525494,0.3849683900674184
6,72000,0.5034965034965035,23,4,0.35,303,1536,0.67578125,0.32421875,4.095588127772014,0.4387857119242353,0.40698184569676715,0.35000014305114746,0.3849678138891856
6,72000,0.5034965034965035,23,4,0.5,101,1536,0.5540364583333334,0.44596354166666663,4.569862524668376,0.9130601088205976,0.8772337635358175,0.4999999503294627,0.5499534010887146
6,72000,0.5034965034965035,23,4,0.5,202,1536,0.5930989583333334,0.40690104166666663,4.51516596476237,0.8583635489145918,0.7753681739171346,0.4999999403953552,0.5499537785847982
6,72000,0.5034965034965035,23,4,0.5,303,1536,0.5865885416666666,0.41341145833333337,4.506723244984944,0.849920829137166,0.8009845018386841,0.5000003178914388,0.5499545534451803
6,72000,0.5034965034965035,23,4,0.75,101,1536,0.390625,0.609375,5.594900449117024,1.9380980332692461,1.8426175912221272,0.7500001788139343,0.8249322175979614
6,72000,0.5034965034965035,23,4,0.75,202,1536,0.419921875,0.580078125,5.496749560038249,1.8399471441904707,1.6890184084574382,0.7499997814496359,0.8249312241872152
6,72000,0.5034965034965035,23,4,0.75,303,1536,0.404296875,0.595703125,5.493848959604899,1.837046543757121,1.7547364234924316,0.7500002384185791,0.8249321977297465
6,72000,0.5034965034965035,23,5,0.35,101,1536,0.6796875,0.3203125,4.150829076766968,0.49402666091918945,0.46958571672439575,0.3500002423922221,0.4090616504351298
6,72000,0.5034965034965035,23,5,0.35,202,1536,0.6796875,0.3203125,4.131436983744304,0.47463456789652536,0.4487474362055461,0.350000262260437,0.40906264384587604
6,72000,0.5034965034965035,23,5,0.35,303,1536,0.6569010416666666,0.34309895833333337,4.160578568776448,0.50377615292867,0.45354793469111127,0.3500002423922221,0.40906233588854474
6,72000,0.5034965034965035,23,5,0.5,101,1536,0.5514322916666666,0.44856770833333337,4.614368915557861,0.957566499710083,0.9017496307690939,0.5000003973642985,0.584374745686849
6,72000,0.5034965034965035,23,5,0.5,202,1536,0.568359375,0.431640625,4.558350563049316,0.9015481472015381,0.8466362754503886,0.5000005563100179,0.5843745072682699
6,72000,0.5034965034965035,23,5,0.5,303,1536,0.5611979166666666,0.43880208333333337,4.591054916381836,0.9342525005340576,0.8576359152793884,0.49999964237213135,0.584374209245046
6,72000,0.5034965034965035,23,5,0.75,101,1536,0.3873697916666667,0.6126302083333333,5.5854441324869795,1.9286417166392011,1.8108036915461223,0.7499999006589254,0.8765611251195272
6,72000,0.5034965034965035,23,5,0.75,202,1536,0.41015625,0.58984375,5.4631272951761884,1.8063248793284101,1.6958609819412231,0.749999980131785,0.8765613039334615
6,72000,0.5034965034965035,23,5,0.75,303,1536,0.4192708333333333,0.5807291666666667,5.464582125345866,1.8077797094980879,1.6808120409647624,0.7499999006589254,0.8765610655148824
6,72000,0.5034965034965035,23,6,0.35,101,1536,0.701171875,0.298828125,4.098319212595622,0.4415167967478437,0.43461741010348004,0.3499999940395355,0.4187309145927429
6,72000,0.5034965034965035,23,6,0.35,202,1536,0.6848958333333334,0.31510416666666663,4.113530317942302,0.4567279020945234,0.43650545676549274,0.3499995668729146,0.41873040795326233
6,72000,0.5034965034965035,23,6,0.35,303,1536,0.6595052083333334,0.34049479166666663,4.144988139470418,0.4881857236226397,0.46119998892148334,0.35000046094258624,0.41873226563135785
6,72000,0.5034965034965035,23,6,0.5,101,1536,0.6022135416666666,0.39778645833333337,4.477343559265137,0.8205411434173584,0.785818894704183,0.4999998410542806,0.5981858968734741
6,72000,0.5034965034965035,23,6,0.5,202,1536,0.5852864583333334,0.41471354166666663,4.509339014689128,0.8525365988413496,0.8046038548151652,0.4999996821085612,0.5981871088345846
6,72000,0.5034965034965035,23,6,0.5,303,1536,0.5657552083333334,0.43424479166666663,4.548834641774495,0.8920322259267168,0.8289368549982706,0.5000002185503641,0.5981883804003397
6,72000,0.5034965034965035,23,6,0.75,101,1536,0.443359375,0.556640625,5.255204836527507,1.5984024206797285,1.513799786567688,0.7500002781550089,0.8972798387209574
6,72000,0.5034965034965035,23,6,0.75,202,1536,0.431640625,0.568359375,5.317497571309407,1.660695155461629,1.5588159561157227,0.7500000397364298,0.8972810109456381
6,72000,0.5034965034965035,23,6,0.75,303,1536,0.4134114583333333,0.5865885416666667,5.337198734283447,1.680396318435669,1.5624658664067586,0.7500004967053732,0.8972810109456381
6,72000,0.5034965034965035,23,7,0.35,101,1536,0.7083333333333334,0.29166666666666663,3.996366818745931,0.3395644028981528,0.3452969789505005,0.35000016291936237,0.46975672245025635
6,72000,0.5034965034965035,23,7,0.35,202,1536,0.705078125,0.294921875,4.0231700738271075,0.36636765797932913,0.35052348176638287,0.3500002423922221,0.4697573681672414
6,72000,0.5034965034965035,23,7,0.35,303,1536,0.7141927083333334,0.28580729166666663,4.050042470296224,0.39324005444844534,0.35240374008814496,0.34999995430310565,0.46975694100062054
6,72000,0.5034965034965035,23,7,0.5,101,1536,0.6243489583333334,0.37565104166666663,4.279639720916748,0.6228373050689697,0.6142691175142924,0.5000000596046448,0.6710806091626486
6,72000,0.5034965034965035,23,7,0.5,202,1536,0.607421875,0.392578125,4.325058619181315,0.6682562033335371,0.6244975527127584,0.5000001490116119,0.6710812250773112
6,72000,0.5034965034965035,23,7,0.5,303,1536,0.6080729166666666,0.39192708333333337,4.366244951883952,0.7094425360361738,0.6398505965868632,0.5000000794728597,0.6710809071858724
6,72000,0.5034965034965035,23,7,0.75,101,1536,0.4973958333333333,0.5026041666666667,4.874307632446289,1.2175052165985107,1.1754453976949055,0.750000019868215,1.0066228310267131
6,72000,0.5034965034965035,23,7,0.75,202,1536,0.47265625,0.52734375,4.960647424062093,1.3038450082143145,1.2071260213851929,0.7499997218449911,1.0066225131352742
6,72000,0.5034965034965035,23,7,0.75,303,1536,0.4791666666666667,0.5208333333333333,4.991213798522949,1.334411382675171,1.2284627358118694,0.7500000397364298,1.006621817747752
6,72000,0.5034965034965035,23,8,0.35,101,1536,0.701171875,0.298828125,4.016054471333821,0.359252055486043,0.31019524733225506,0.3500001033147176,0.5704714258511862
6,72000,0.5034965034965035,23,8,0.35,202,1536,0.7259114583333334,0.27408854166666663,3.9594664573669434,0.30266404151916504,0.3029203812281291,0.350000003973643,0.5704714059829712
6,72000,0.5034965034965035,23,8,0.35,303,1536,0.7291666666666666,0.27083333333333337,3.963643789291382,0.3068413734436035,0.3069811662038167,0.35000019272168476,0.5704718033472697
6,72000,0.5034965034965035,23,8,0.5,101,1536,0.6126302083333334,0.38736979166666663,4.291212240854899,0.6344098250071211,0.5589178601900736,0.5000006159146627,0.8149605592091879
6,72000,0.5034965034965035,23,8,0.5,202,1536,0.6354166666666666,0.36458333333333337,4.227088451385498,0.5702860355377197,0.555683453877767,0.4999997715155284,0.8149594068527222
6,72000,0.5034965034965035,23,8,0.5,303,1536,0.638671875,0.361328125,4.224195162455241,0.5673927466074629,0.5550171534220377,0.499999741713206,0.8149586915969849
6,72000,0.5034965034965035,23,8,0.75,101,1536,0.4798177083333333,0.5201822916666667,4.847216924031575,1.190414508183797,1.0772552490234375,0.7499998807907104,1.2224390904108684
6,72000,0.5034965034965035,23,8,0.75,202,1536,0.5091145833333334,0.49088541666666663,4.784822463989258,1.1280200481414795,1.0852118730545044,0.7499995430310568,1.2224389712015789
6,72000,0.5034965034965035,23,8,0.75,303,1536,0.4928385416666667,0.5071614583333333,4.766767342885335,1.1099649270375567,1.0716172854105632,0.7500001192092896,1.2224387725194295
6,72000,0.5034965034965035,23,9,0.35,101,1536,0.6959635416666666,0.30403645833333337,4.0005364418029785,0.3437340259552002,0.31737715005874634,0.35000019272168476,0.7354528307914734
6,72000,0.5034965034965035,23,9,0.35,202,1536,0.7174479166666666,0.28255208333333337,3.9881364504496255,0.3313340346018472,0.3189464211463928,0.34999996423721313,0.7354516784350077
6,72000,0.5034965034965035,23,9,0.35,303,1536,0.70703125,0.29296875,3.976255734761556,0.3194533189137778,0.3226408263047536,0.3500005801518758,0.7354531486829122
6,72000,0.5034965034965035,23,9,0.5,101,1536,0.6067708333333334,0.39322916666666663,4.292961120605469,0.6361587047576904,0.5910341342290243,0.49999956289927167,1.0506447156270344
6,72000,0.5034965034965035,23,9,0.5,202,1536,0.6263020833333334,0.37369791666666663,4.275761445363362,0.618959029515584,0.5839633941650391,0.5000002483526865,1.050646225611369
6,72000,0.5034965034965035,23,9,0.5,303,1536,0.6263020833333334,0.37369791666666663,4.254892826080322,0.598090410232544,0.5932844877243042,0.5000002185503641,1.0506463448206584
6,72000,0.5034965034965035,23,9,0.75,101,1536,0.4576822916666667,0.5423177083333333,4.922769705454509,1.2659672896067304,1.1897615194320679,0.7499996821085612,1.5759666363398235
6,72000,0.5034965034965035,23,9,0.75,202,1536,0.4837239583333333,0.5162760416666667,4.884494304656982,1.227691888809204,1.160481850306193,0.7499998013178507,1.57596751054128
6,72000,0.5034965034965035,23,9,0.75,303,1536,0.4837239583333333,0.5162760416666667,4.868070125579834,1.2112677097320557,1.1859149535497029,0.7499997218449911,1.5759673515955608
6,72000,0.5034965034965035,23,10,0.35,101,1536,0.7109375,0.2890625,3.943397124608358,0.2865947087605796,0.2931344012419383,0.35000020265579224,0.8073694507280985
6,72000,0.5034965034965035,23,10,0.35,202,1536,0.7076822916666666,0.29231770833333337,3.947371323903402,0.2905689080556235,0.2963683009147644,0.34999963641166687,0.8073683182398478
6,72000,0.5034965034965035,23,10,0.35,303,1536,0.7135416666666666,0.28645833333333337,3.9373923937479653,0.280589977900187,0.2908816337585449,0.3500000834465027,0.8073687553405762
6,72000,0.5034965034965035,23,10,0.5,101,1536,0.6067708333333334,0.39322916666666663,4.194068908691406,0.5372664928436279,0.5391399463017782,0.5000000397364298,1.153384764989217
6,72000,0.5034965034965035,23,10,0.5,202,1536,0.6106770833333334,0.38932291666666663,4.2010120550791425,0.5442096392313642,0.5390382607777914,0.49999990065892536,1.1533849636713664
6,72000,0.5034965034965035,23,10,0.5,303,1536,0.615234375,0.384765625,4.19211467107137,0.5353122552235918,0.5384311676025391,0.5000003774960836,1.153385599454244
6,72000,0.5034965034965035,23,10,0.75,101,1536,0.4733072916666667,0.5266927083333333,4.7256706555684405,1.0688682397206621,1.0608265399932861,0.7500006159146627,1.7300782998402913
6,72000,0.5034965034965035,23,10,0.75,202,1536,0.4934895833333333,0.5065104166666667,4.733528296152751,1.0767258803049726,1.051154335339864,0.7499998013178507,1.7300752401351929
6,72000,0.5034965034965035,23,10,0.75,303,1536,0.4869791666666667,0.5130208333333333,4.734813531239827,1.0780111153920489,1.062944491704305,0.7499999006589254,1.7300759553909302
6,72000,0.5034965034965035,37,1,0.35,101,1536,0.7864583333333334,0.21354166666666663,3.7691640059153237,0.13640149434407522,0.14841828246911368,0.3499998350938161,0.28301286697387695
6,72000,0.5034965034965035,37,1,0.35,202,1536,0.765625,0.234375,3.773610989252726,0.14084847768147757,0.14953253169854483,0.3499999741713206,0.28301307559013367
6,72000,0.5034965034965035,37,1,0.35,303,1536,0.75390625,0.24609375,3.771801710128784,0.13903919855753566,0.16474669675032297,0.3500002423922221,0.2830132742722829
6,72000,0.5034965034965035,37,1,0.5,101,1536,0.6725260416666666,0.32747395833333337,3.993170738220215,0.3604082266489663,0.3731534977753957,0.49999996026357013,0.4043044447898865
6,72000,0.5034965034965035,37,1,0.5,202,1536,0.6529947916666666,0.34700520833333337,3.999569892883301,0.36680738131205226,0.3774829109509786,0.5,0.4043043752511342
6,72000,0.5034965034965035,37,1,0.5,303,1536,0.6484375,0.3515625,4.028552214304606,0.3957897027333579,0.418804407119751,0.4999997715155284,0.4043041666348775
6,72000,0.5034965034965035,37,1,0.75,101,1536,0.4876302083333333,0.5123697916666667,4.7415547370910645,1.108792225519816,1.1253642241160076,0.7500008145968119,0.6064572334289551
6,72000,0.5034965034965035,37,1,0.75,202,1536,0.4694010416666667,0.5305989583333333,4.826127688090007,1.1933651765187583,1.2010393937428792,0.7499998410542806,0.6064563393592834
6,72000,0.5034965034965035,37,1,0.75,303,1536,0.4557291666666667,0.5442708333333333,4.825902144114177,1.1931396325429282,1.2246486743291218,0.7499998013178507,0.6064563790957133
6,72000,0.5034965034965035,37,2,0.35,101,1536,0.7779947916666666,0.22200520833333337,3.7619266510009766,0.12916413942972804,0.1400480419397354,0.350000003973643,0.33717777331670123
6,72000,0.5034965034965035,37,2,0.35,202,1536,0.79296875,0.20703125,3.7867189248402915,0.15395641326904297,0.1435127059618632,0.35000018278757733,0.33717791239420575
6,72000,0.5034965034965035,37,2,0.35,303,1536,0.7779947916666666,0.22200520833333337,3.7532381216684976,0.12047561009724905,0.14167405168215433,0.3500000834465027,0.3371778925259908
6,72000,0.5034965034965035,37,2,0.5,101,1536,0.6634114583333334,0.33658854166666663,3.9767260551452637,0.34396354357401515,0.355548620223999,0.4999997913837433,0.4816823701063792
6,72000,0.5034965034965035,37,2,0.5,202,1536,0.6705729166666666,0.32942708333333337,4.007350047429402,0.37458753585815385,0.36662636200586957,0.4999998410542806,0.4816824694474538
6,72000,0.5034965034965035,37,2,0.5,303,1536,0.6790364583333334,0.32096354166666663,3.963841120402018,0.33107860883076956,0.3564777970314026,0.5000004569689432,0.4816829264163971
6,72000,0.5034965034965035,37,2,0.75,101,1536,0.4557291666666667,0.5442708333333333,4.735476493835449,1.1027139822642007,1.114943305651347,0.7500000596046448,0.7225238680839539
6,72000,0.5034965034965035,37,2,0.75,202,1536,0.4635416666666667,0.5364583333333333,4.746091842651367,1.1133293310801187,1.1183158953984578,0.7499998013178507,0.7225236097971598
6,72000,0.5034965034965035,37,2,0.75,303,1536,0.47265625,0.52734375,4.695334275563558,1.0625717639923091,1.087716817855835,0.7499997218449911,0.7225234905878702
6,72000,0.5034965034965035,37,3,0.35,101,1536,0.78515625,0.21484375,3.757082541783651,0.12432003021240234,0.11986566086610158,0.3500000238418579,0.3453454275925954
6,72000,0.5034965034965035,37,3,0.35,202,1536,0.7942708333333334,0.20572916666666663,3.766690731048584,0.13392821947733546,0.12962671120961508,0.3500001132488251,0.34534552693367004
6,72000,0.5034965034965035,37,3,0.35,303,1536,0.810546875,0.189453125,3.7472943464914956,0.1145318349202471,0.1170500045021375,0.3500001033147176,0.3453455368677775
6,72000,0.5034965034965035,37,3,0.5,101,1536,0.6959635416666666,0.30403645833333337,3.947244644165039,0.31448213259379054,0.3048202296098073,0.4999997516473134,0.4933503369490306
6,72000,0.5034965034965035,37,3,0.5,202,1536,0.6725260416666666,0.32747395833333337,3.9652668635050454,0.3325043519337969,0.326651265223821,0.4999997715155284,0.49335041642189026
6,72000,0.5034965034965035,37,3,0.5,303,1536,0.70703125,0.29296875,3.9250974655151367,0.2923349539438882,0.2941170632839203,0.5000002980232239,0.49335092306137085
6,72000,0.5034965034965035,37,3,0.75,101,1536,0.50390625,0.49609375,4.625986893971761,0.9932243824005123,0.9661954641342163,0.7500000794728597,0.7400258978207906
6,72000,0.5034965034965035,37,3,0.75,202,1536,0.48828125,0.51171875,4.645928541819255,1.0131660302480063,0.9945996205012003,0.7499999205271403,0.740025798479716
6,72000,0.5034965034965035,37,3,0.75,303,1536,0.513671875,0.486328125,4.576895713806152,0.9441332022349038,0.9406208992004395,0.7499997615814209,0.7400255600611368
6,72000,0.5034965034965035,37,4,0.35,101,1536,0.6809895833333334,0.31901041666666663,4.0509086449941,0.4181461334228511,0.4379538695017497,0.3499997059504191,0.37974265217781067
6,72000,0.5034965034965035,37,4,0.35,202,1536,0.6614583333333334,0.33854166666666663,4.06603463490804,0.43327212333679155,0.4283426304658254,0.3500003516674042,0.379743089278539
6,72000,0.5034965034965035,37,4,0.35,303,1536,0.6822916666666666,0.31770833333333337,4.057714780171712,0.4249522686004634,0.41107266147931415,0.350000003973643,0.37974241375923157
6,72000,0.5034965034965035,37,4,0.5,101,1536,0.55078125,0.44921875,4.481463432312012,0.8487009207407632,0.8565273880958557,0.49999980131785077,0.5424890120824178
6,72000,0.5034965034965035,37,4,0.5,202,1536,0.533203125,0.466796875,4.5313801765441895,0.8986176649729409,0.8699142138163248,0.5000000298023224,0.5424885352452596
6,72000,0.5034965034965035,37,4,0.5,303,1536,0.548828125,0.451171875,4.516480604807536,0.8837180932362876,0.8513309160868326,0.5000004371007284,0.5424891511599222
6,72000,0.5034965034965035,37,4,0.75,101,1536,0.376953125,0.623046875,5.4380442301432295,1.805281718571981,1.7871294021606445,0.7500003774960836,0.8137340545654297
6,72000,0.5034965034965035,37,4,0.75,202,1536,0.3645833333333333,0.6354166666666667,5.605626106262207,1.9728635946909585,1.8956701358159382,0.7500001788139343,0.8137331604957581
6,72000,0.5034965034965035,37,4,0.75,303,1536,0.3580729166666667,0.6419270833333333,5.556832313537598,1.9240698019663491,1.87842853864034,0.7499995231628418,0.8137325644493103
6,72000,0.5034965034965035,37,5,0.35,101,1536,0.6692708333333334,0.33072916666666663,4.161755561828613,0.5289930502573648,0.5112484196821848,0.3499997953573863,0.40106507142384845
6,72000,0.5034965034965035,37,5,0.35,202,1536,0.6647135416666666,0.33528645833333337,4.103594700495402,0.4708321889241538,0.4808126489321391,0.34999993443489075,0.40106528997421265
6,72000,0.5034965034965035,37,5,0.35,303,1536,0.6419270833333334,0.35807291666666663,4.164094924926758,0.5313324133555093,0.5144335726896921,0.3499998946984609,0.4010649422804515
6,72000,0.5034965034965035,37,5,0.5,101,1536,0.5436197916666666,0.45638020833333337,4.63281234105428,1.0000498294830318,0.9750028848648071,0.5000007748603821,0.5729514559110006
6,72000,0.5034965034965035,37,5,0.5,202,1536,0.55078125,0.44921875,4.543160597483317,0.9103980859120688,0.9135972658793131,0.5000000695387522,0.5729499061902364
6,72000,0.5034965034965035,37,5,0.5,303,1536,0.51953125,0.48046875,4.678378899892171,1.0456163883209224,1.0064749519030254,0.5000003973642985,0.5729510386784872
6,72000,0.5034965034965035,37,5,0.75,101,1536,0.3899739583333333,0.6100260416666667,5.539349397023519,1.90658688545227,1.8799001375834148,0.749999483426412,0.8594244917233785
6,72000,0.5034965034965035,37,5,0.75,202,1536,0.3828125,0.6171875,5.420053005218506,1.7872904936472573,1.7789901892344158,0.7500004967053732,0.8594257831573486
6,72000,0.5034965034965035,37,5,0.75,303,1536,0.361328125,0.638671875,5.7025346755981445,2.069772164026896,1.9867678085962932,0.75,0.8594258228937784
6,72000,0.5034965034965035,37,6,0.35,101,1536,0.6575520833333334,0.34244791666666663,4.12143341700236,0.4886709054311118,0.4612492422262828,0.3500000635782878,0.4118277331193288
6,72000,0.5034965034965035,37,6,0.35,202,1536,0.669921875,0.330078125,4.137126763661702,0.5043642520904537,0.49181365966796875,0.34999961654345196,0.41182748476664227
6,72000,0.5034965034965035,37,6,0.35,303,1536,0.6575520833333334,0.34244791666666663,4.115676959355672,0.4829144477844234,0.4747455219427745,0.3500001132488251,0.41182848811149597
6,72000,0.5034965034965035,37,6,0.5,101,1536,0.552734375,0.447265625,4.5013502438863116,0.868587732315063,0.8323508103688558,0.5000000298023224,0.5883254607518514
6,72000,0.5034965034965035,37,6,0.5,202,1536,0.544921875,0.455078125,4.562575658162435,0.9298131465911861,0.8979031642278036,0.49999980131785077,0.5883244673411051
6,72000,0.5034965034965035,37,6,0.5,303,1536,0.5377604166666666,0.46223958333333337,4.5290805498758955,0.896318038304647,0.879515528678894,0.4999995032946269,0.588324507077535
6,72000,0.5034965034965035,37,6,0.75,101,1536,0.4186197916666667,0.5813802083333333,5.242787520090739,1.6100250085194907,1.5491416056950886,0.7499993840853373,0.8824866612752279
6,72000,0.5034965034965035,37,6,0.75,202,1536,0.3802083333333333,0.6197916666666667,5.387381394704183,1.7546188831329341,1.7023810148239136,0.7499997019767761,0.882487972577413
6,72000,0.5034965034965035,37,6,0.75,303,1536,0.3997395833333333,0.6002604166666667,5.321861108144124,1.6890985965728755,1.6539356708526611,0.7499996026357015,0.8824865023295084
6,72000,0.5034965034965035,37,7,0.35,101,1536,0.7044270833333334,0.29557291666666663,4.013673146565755,0.3809106349945064,0.3818478484948476,0.3499998350938161,0.46186602115631104
6,72000,0.5034965034965035,37,7,0.35,202,1536,0.7037760416666666,0.29622395833333337,3.969003677368164,0.33624116579691554,0.3501096765200297,0.350000003973643,0.46186665693918866
6,72000,0.5034965034965035,37,7,0.35,303,1536,0.701171875,0.298828125,4.002111037572225,0.3693485260009761,0.3860957125822703,0.34999994436899823,0.4618656833966573
6,72000,0.5034965034965035,37,7,0.5,101,1536,0.5826822916666666,0.41731770833333337,4.351497252782186,0.7187347412109371,0.7050096789995829,0.500000129143397,0.6598100463549296
6,72000,0.5034965034965035,37,7,0.5,202,1536,0.6067708333333334,0.39322916666666663,4.27341349919637,0.6406509876251216,0.6503439148267111,0.49999991059303284,0.6598090926806132
6,72000,0.5034965034965035,37,7,0.5,303,1536,0.5891927083333334,0.41080729166666663,4.332476536432902,0.6997140248616538,0.7205426891644796,0.5000000993410746,0.6598087549209595
6,72000,0.5034965034965035,37,7,0.75,101,1536,0.4303385416666667,0.5696614583333333,5.05249563852946,1.4197331269582114,1.3844618797302246,0.7500004172325134,0.9897139271100363
6,72000,0.5034965034965035,37,7,0.75,202,1536,0.4576822916666667,0.5423177083333333,4.902287006378174,1.2695244948069253,1.264780839284261,0.7500000993410746,0.989713728427887
6,72000,0.5034965034965035,37,7,0.75,303,1536,0.4446614583333333,0.5553385416666667,4.9945549964904785,1.36179248491923,1.3882459004720051,0.7499998013178507,0.9897122383117676
6,72000,0.5034965034965035,37,8,0.35,101,1536,0.70703125,0.29296875,3.963128089904785,0.33036557833353664,0.33537667989730835,0.3499999940395355,0.5569726626078287
6,72000,0.5034965034965035,37,8,0.35,202,1536,0.724609375,0.275390625,3.9804817835489907,0.3477192719777422,0.3239864408969879,0.35000012318293255,0.5569725235303243
6,72000,0.5034965034965035,37,8,0.35,303,1536,0.7161458333333334,0.28385416666666663,3.9388728936513266,0.3061103820800781,0.3217404782772064,0.3500003019968669,0.5569724837938944
6,72000,0.5034965034965035,37,8,0.5,101,1536,0.609375,0.390625,4.2521975835164385,0.61943507194519,0.6083458463350931,0.4999997317790985,0.7956745823224386
6,72000,0.5034965034965035,37,8,0.5,202,1536,0.6217447916666666,0.37825520833333337,4.253288586934407,0.6205260753631587,0.5837514201800028,0.4999997516473134,0.7956741054852804
6,72000,0.5034965034965035,37,8,0.5,303,1536,0.6217447916666666,0.37825520833333337,4.212067604064941,0.5793050924936929,0.5862132906913757,0.5000001390775045,0.7956747015317281
6,72000,0.5034965034965035,37,8,0.75,101,1536,0.4778645833333333,0.5221354166666667,4.810262362162272,1.177499850591024,1.1486814816792805,0.7499994039535522,1.1935125192006428
6,72000,0.5034965034965035,37,8,0.75,202,1536,0.486328125,0.513671875,4.806574662526448,1.1738121509551998,1.1118974884351094,0.7500001192092896,1.1935131152470906
6,72000,0.5034965034965035,37,8,0.75,303,1536,0.5006510416666666,0.49934895833333337,4.773873805999756,1.1411112944285073,1.131744623184204,0.7500002980232239,1.1935128370920818
6,72000,0.5034965034965035,37,9,0.35,101,1536,0.705078125,0.294921875,3.9476518630981445,0.314889351526896,0.3063289523124695,0.34999990463256836,0.7227193117141724
6,72000,0.5034965034965035,37,9,0.35,202,1536,0.7174479166666666,0.28255208333333337,3.909559726715088,0.27679721514383937,0.31634432077407837,0.3500000834465027,0.722719649473826
6,72000,0.5034965034965035,37,9,0.35,303,1536,0.70703125,0.29296875,3.8865949312845864,0.2538324197133379,0.31534914175669354,0.34999991456667584,0.7227193514506022
6,72000,0.5034965034965035,37,9,0.5,101,1536,0.6087239583333334,0.39127604166666663,4.229656219482422,0.5968937079111734,0.5793351332346598,0.5000003576278687,1.0324574708938599
6,72000,0.5034965034965035,37,9,0.5,202,1536,0.6067708333333334,0.39322916666666663,4.186806678771973,0.5540441672007241,0.5935556292533875,0.5000002384185791,1.0324569940567017
6,72000,0.5034965034965035,37,9,0.5,303,1536,0.5950520833333334,0.40494791666666663,4.160338401794434,0.5275758902231851,0.6039728919665018,0.5000003178914388,1.032456676165263
6,72000,0.5034965034965035,37,9,0.75,101,1536,0.4694010416666667,0.5305989583333333,4.846662203470866,1.2138996918996177,1.1850215196609497,0.7500002781550089,1.5486855904261272
6,72000,0.5034965034965035,37,9,0.75,202,1536,0.45703125,0.54296875,4.807577610015869,1.1748150984446206,1.2022543748219807,0.7500001788139343,1.5486844380696614
6,72000,0.5034965034965035,37,9,0.75,303,1536,0.4615885416666667,0.5384114583333333,4.774412473042806,1.1416499614715572,1.2297532161076863,0.7499996622403463,1.5486840804417927
6,72000,0.5034965034965035,37,10,0.35,101,1536,0.7330729166666666,0.26692708333333337,3.909719785054525,0.27695727348327637,0.2811412811279297,0.3500000437100728,0.7933706641197205
6,72000,0.5034965034965035,37,10,0.35,202,1536,0.7122395833333334,0.28776041666666663,3.892646551132202,0.25988403956095363,0.28256242473920185,0.34999947746594745,0.7933690945307413
6,72000,0.5034965034965035,37,10,0.35,303,1536,0.7298177083333334,0.27018229166666663,3.893747329711914,0.26098481814066554,0.277920126914978,0.34999995430310565,0.7933707038561503
6,72000,0.5034965034965035,37,10,0.5,101,1536,0.6217447916666666,0.37825520833333337,4.158079783121745,0.5253172715504966,0.5284027655919393,0.5000000596046448,1.1333862940470378
6,72000,0.5034965034965035,37,10,0.5,202,1536,0.6263020833333334,0.37369791666666663,4.130443096160889,0.49768058458964015,0.5280779798825582,0.4999999403953552,1.1333861748377483
6,72000,0.5034965034965035,37,10,0.5,303,1536,0.62109375,0.37890625,4.134535392125447,0.5017728805541988,0.5206006864706675,0.4999999701976776,1.1333859761555989
6,72000,0.5034965034965035,37,10,0.75,101,1536,0.47265625,0.52734375,4.692176818847656,1.0594143072764077,1.0594023863474529,0.7500002980232239,1.7000797986984253
6,72000,0.5034965034965035,37,10,0.75,202,1536,0.4895833333333333,0.5104166666666667,4.645572344462077,1.0128098328908286,1.052825967470805,0.7500000596046448,1.700079321861267
6,72000,0.5034965034965035,37,10,0.75,303,1536,0.4700520833333333,0.5299479166666667,4.663962682088216,1.0312001705169673,1.0482598543167114,0.7499997814496359,1.7000787655512493
6,143000,1.0,11,1,0.35,101,1536,0.7532552083333334,0.24674479166666663,3.8787612120310464,0.17206160227457667,0.1617995649576187,0.3500000635782878,0.14058207472165427
6,143000,1.0,11,1,0.35,202,1536,0.7473958333333334,0.25260416666666663,3.877058664957682,0.17035905520121242,0.16558270156383514,0.3499997854232788,0.14058198034763336
6,143000,1.0,11,1,0.35,303,1536,0.7421875,0.2578125,3.8820278644561768,0.17532825469970703,0.1690493325392405,0.34999992450078327,0.14058207472165427
6,143000,1.0,11,1,0.5,101,1536,0.65625,0.34375,4.094446023305257,0.38774641354878714,0.36247018973032635,0.49999980131785077,0.2008314977089564
6,143000,1.0,11,1,0.5,202,1536,0.6458333333333334,0.35416666666666663,4.088081280390422,0.3813816706339521,0.3725086549917857,0.5000001589457194,0.20083166162172952
6,143000,1.0,11,1,0.5,303,1536,0.6438802083333334,0.35611979166666663,4.093953927357991,0.3872543176015215,0.3780861298243205,0.5000001788139343,0.20083163181940714
6,143000,1.0,11,1,0.75,101,1536,0.4583333333333333,0.5416666666666667,4.750051021575928,1.043351411819458,0.9858375390370687,0.7500004371007284,0.301247497399648
6,143000,1.0,11,1,0.75,202,1536,0.46484375,0.53515625,4.7528395652771,1.0461399555206299,1.0052859385808308,0.7499998013178507,0.3012472887833913
6,143000,1.0,11,1,0.75,303,1536,0.4609375,0.5390625,4.816904862721761,1.110205252965291,1.062913417816162,0.7499997417132059,0.301247239112854
6,143000,1.0,11,2,0.35,101,1536,0.7473958333333334,0.25260416666666663,3.8455193837483725,0.13881977399190282,0.15197658042112985,0.3499998648961385,0.17347114284833273
6,143000,1.0,11,2,0.35,202,1536,0.7545572916666666,0.24544270833333337,3.8411415417989097,0.13444193204243993,0.1548086404800415,0.35000018278757733,0.17347131669521332
6,143000,1.0,11,2,0.35,303,1536,0.7473958333333334,0.25260416666666663,3.8454893430074057,0.13878973325093602,0.15528665482997894,0.3500003119309743,0.17347138623396555
6,143000,1.0,11,2,0.5,101,1536,0.6634114583333334,0.33658854166666663,4.054900010426839,0.34820040067036917,0.33962446451187134,0.5000001986821493,0.24781612555185953
6,143000,1.0,11,2,0.5,202,1536,0.6484375,0.3515625,4.0519148508707685,0.3452152411142988,0.3486189047495524,0.4999998410542806,0.2478159119685491
6,143000,1.0,11,2,0.5,303,1536,0.646484375,0.353515625,4.048779726028442,0.34208011627197266,0.35234004259109497,0.4999998410542806,0.2478159467379252
6,143000,1.0,11,2,0.75,101,1536,0.4733072916666667,0.5266927083333333,4.6861348152160645,0.9794352054595947,0.9357190330823263,0.7500002781550089,0.37172411878903705
6,143000,1.0,11,2,0.75,202,1536,0.4694010416666667,0.5305989583333333,4.7235182126363116,1.0168186028798418,0.9790029327074686,0.7499997615814209,0.3717238704363505
6,143000,1.0,11,2,0.75,303,1536,0.4661458333333333,0.5338541666666667,4.6925967534383135,0.9858971436818438,0.9659168720245361,0.7500002582867941,0.371724138657252
6,143000,1.0,11,3,0.35,101,1536,0.7395833333333334,0.26041666666666663,3.8363188107808432,0.12961920102437352,0.14946693181991577,0.34999998410542804,0.18003572026888529
6,143000,1.0,11,3,0.35,202,1536,0.7532552083333334,0.24674479166666663,3.8375093142191568,0.13080970446268703,0.1411100079615911,0.3500003218650818,0.1800358792146047
6,143000,1.0,11,3,0.35,303,1536,0.7467447916666666,0.25325520833333337,3.8528990745544434,0.14619946479797363,0.14728823800881705,0.3500003417332967,0.18003581960995993
6,143000,1.0,11,3,0.5,101,1536,0.646484375,0.353515625,4.027380069096883,0.3206804593404131,0.33389168977737427,0.5000001589457194,0.257193922996521
6,143000,1.0,11,3,0.5,202,1536,0.6588541666666666,0.34114583333333337,4.025996049245198,0.31929643948872855,0.3158373534679413,0.49999991059303284,0.25719382365544635
6,143000,1.0,11,3,0.5,303,1536,0.6477864583333334,0.35221354166666663,4.06259814898173,0.3558985392252607,0.33038466175397235,0.4999995231628418,0.2571936249732971
6,143000,1.0,11,3,0.75,101,1536,0.48828125,0.51171875,4.624919732411702,0.9182201226552325,0.8925938208897909,0.75,0.3857908050219218
6,143000,1.0,11,3,0.75,202,1536,0.48828125,0.51171875,4.6048963864644366,0.8981967767079668,0.866467813650767,0.7499995231628418,0.3857905368010203
6,143000,1.0,11,3,0.75,303,1536,0.4680989583333333,0.5319010416666667,4.703501383463542,0.9968017737070722,0.9325781265894572,0.749999980131785,0.3857907752195994
6,143000,1.0,11,4,0.35,101,1536,0.6490885416666666,0.35091145833333337,4.209924697875977,0.5032250881195068,0.4803660710652669,0.35000015298525494,0.19776755074659982
6,143000,1.0,11,4,0.35,202,1536,0.6536458333333334,0.34635416666666663,4.0998687744140625,0.3931691646575928,0.4216663638750712,0.34999998410542804,0.1977673570315043
6,143000,1.0,11,4,0.35,303,1536,0.6458333333333334,0.35416666666666663,4.140490531921387,0.433790922164917,0.4497986137866974,0.35000017285346985,0.19776765505472818
6,143000,1.0,11,4,0.5,101,1536,0.5104166666666666,0.48958333333333337,4.722817420959473,1.016117811203003,0.9498292803764343,0.5000001688798269,0.2825256983439128
6,143000,1.0,11,4,0.5,202,1536,0.5390625,0.4609375,4.521620114644368,0.8149205048878985,0.8084221680959066,0.5000003377596537,0.28252506256103516
6,143000,1.0,11,4,0.5,303,1536,0.5201822916666666,0.47981770833333337,4.594131151835124,0.8874315420786543,0.8863597710927328,0.49999964237213135,0.28252455592155457
6,143000,1.0,11,4,0.75,101,1536,0.3111979166666667,0.6888020833333333,5.971469402313232,2.2647697925567627,2.103715737660726,0.7499998609224955,0.42378703753153485
6,143000,1.0,11,4,0.75,202,1536,0.35546875,0.64453125,5.5263752937316895,1.8196756839752197,1.7329460779825847,0.7500003377596537,0.4237874050935109
6,143000,1.0,11,4,0.75,303,1536,0.3411458333333333,0.6588541666666667,5.759330590565999,2.0526309808095293,1.9748132626215618,0.7499997615814209,0.42378726601600647
6,143000,1.0,11,5,0.35,101,1536,0.6334635416666666,0.36653645833333337,4.249387105305989,0.5426874955495196,0.5286202430725098,0.35000014305114746,0.22777474919954935
6,143000,1.0,11,5,0.35,202,1536,0.6432291666666666,0.35677083333333337,4.1867977778116865,0.48009816805521677,0.4863237937291463,0.34999985496203107,0.2277746299902598
6,143000,1.0,11,5,0.35,303,1536,0.6595052083333334,0.34049479166666663,4.200407981872559,0.49370837211608887,0.491150160630544,0.3499999940395355,0.2277748833100001
6,143000,1.0,11,5,0.5,101,1536,0.5045572916666666,0.49544270833333337,4.8035712242126465,1.0968716144561768,1.023532768090566,0.5000002781550089,0.3253925045331319
6,143000,1.0,11,5,0.5,202,1536,0.4876302083333333,0.5123697916666667,4.709827740987142,1.003128131230672,0.9697361588478088,0.49999983112017315,0.32539186875025433
6,143000,1.0,11,5,0.5,303,1536,0.5384114583333334,0.46158854166666663,4.683760801951091,0.9770611921946211,0.9277735352516174,0.4999997814496358,0.3253919978936513
6,143000,1.0,11,5,0.75,101,1536,0.3111979166666667,0.6888020833333333,6.109462261199951,2.4027626514434814,2.1789305210113525,0.7499996423721313,0.48808902502059937
6,143000,1.0,11,5,0.75,202,1536,0.330078125,0.669921875,5.833241621653239,2.1265420118967695,2.007936636606852,0.7499998807907104,0.488089124361674
6,143000,1.0,11,5,0.75,303,1536,0.361328125,0.638671875,5.73953374226888,2.03283413251241,1.8917380174001057,0.7499998807907104,0.48808813095092773
6,143000,1.0,11,6,0.35,101,1536,0.6236979166666666,0.37630208333333337,4.1956892013549805,0.48898959159851074,0.5375796457131704,0.3499996562798818,0.2570137282212575
6,143000,1.0,11,6,0.35,202,1536,0.62109375,0.37890625,4.240850925445557,0.5341513156890869,0.5155616203943888,0.35000012318293255,0.2570139269034068
6,143000,1.0,11,6,0.35,303,1536,0.6204427083333334,0.37955729166666663,4.233588059743245,0.5268884499867754,0.506524920463562,0.3499997357527415,0.25701355934143066
6,143000,1.0,11,6,0.5,101,1536,0.5078125,0.4921875,4.653818766276042,0.9471191565195722,0.967802902062734,0.49999991059303284,0.3671628038088481
6,143000,1.0,11,6,0.5,202,1536,0.498046875,0.501953125,4.714910666147868,1.0082110563913984,0.9459967811902364,0.5000000695387522,0.3671625057856242
6,143000,1.0,11,6,0.5,303,1536,0.4921875,0.5078125,4.707350730895996,1.0006511211395264,0.9420283834139506,0.49999989072481793,0.3671627442042033
6,143000,1.0,11,6,0.75,101,1536,0.349609375,0.650390625,5.626765410105388,1.920065800348918,1.8547411759694417,0.7500000993410746,0.5507442355155945
6,143000,1.0,11,6,0.75,202,1536,0.337890625,0.662109375,5.683949629465739,1.9772500197092695,1.850707769393921,0.7500001986821493,0.5507440765698751
6,143000,1.0,11,6,0.75,303,1536,0.3404947916666667,0.6595052083333333,5.672362486521403,1.9656628767649336,1.8449232180913289,0.7499999006589254,0.5507437586784363
6,143000,1.0,11,7,0.35,101,1536,0.6627604166666666,0.33723958333333337,4.1388092041015625,0.4321095943450928,0.435733030239741,0.35000015298525494,0.28677113850911456
6,143000,1.0,11,7,0.35,202,1536,0.669921875,0.330078125,4.137324492136638,0.43062488238016794,0.44140365719795227,0.34999968608220416,0.2867710292339325
6,143000,1.0,11,7,0.35,303,1536,0.6569010416666666,0.34309895833333337,4.1342917283376055,0.42759211858113577,0.4325009187062581,0.3500001033147176,0.2867712875207265
6,143000,1.0,11,7,0.5,101,1536,0.55078125,0.44921875,4.517630259195964,0.8109306494394941,0.8029817144076029,0.500000019868215,0.40967345237731934
6,143000,1.0,11,7,0.5,202,1536,0.5462239583333334,0.45377604166666663,4.529723167419434,0.8230235576629639,0.8116461634635925,0.5000002781550089,0.409673015276591
6,143000,1.0,11,7,0.5,303,1536,0.5234375,0.4765625,4.514717102050781,0.8080174922943115,0.791026751200358,0.49999985098838806,0.40967286626497906
6,143000,1.0,11,7,0.75,101,1536,0.3704427083333333,0.6295572916666667,5.409577051798503,1.7028774420420332,1.633811076482137,0.7499997019767761,0.6145095030466715
6,143000,1.0,11,7,0.75,202,1536,0.3763020833333333,0.6236979166666667,5.348936716715495,1.6422371069590254,1.5919227997461955,0.7500003973642985,0.6145103573799133
6,143000,1.0,11,7,0.75,303,1536,0.3515625,0.6484375,5.350375493367513,1.643675883611043,1.5847129821777344,0.7500003973642985,0.6145100196202596
6,143000,1.0,11,8,0.35,101,1536,0.6783854166666666,0.32161458333333337,4.107967694600423,0.40126808484395315,0.37593670686086017,0.35000017285346985,0.3164699772993724
6,143000,1.0,11,8,0.35,202,1536,0.673828125,0.326171875,4.078047911326091,0.37134830156962106,0.370548943678538,0.35000036160151166,0.31646982828776044
6,143000,1.0,11,8,0.35,303,1536,0.689453125,0.310546875,4.111802498499553,0.405102888743083,0.36920081575711566,0.3500000635782878,0.31646965940793353
6,143000,1.0,11,8,0.5,101,1536,0.5592447916666666,0.44075520833333337,4.431871096293132,0.7251714865366621,0.6743587454160055,0.5000001589457194,0.45209916432698566
6,143000,1.0,11,8,0.5,202,1536,0.5592447916666666,0.44075520833333337,4.38607136408488,0.6793717543284101,0.6585274537404379,0.4999996821085612,0.4520992040634155
6,143000,1.0,11,8,0.5,303,1536,0.591796875,0.408203125,4.442897796630859,0.7361981868743896,0.6533567905426025,0.5000004569689432,0.45210010806719464
6,143000,1.0,11,8,0.75,101,1536,0.4108072916666667,0.5891927083333333,5.129810810089111,1.4231112003326416,1.326482613881429,0.7499998609224955,0.678148607412974
6,143000,1.0,11,8,0.75,202,1536,0.4225260416666667,0.5774739583333333,5.071998119354248,1.3652985095977783,1.3040107488632202,0.7499995032946268,0.6781480312347412
6,143000,1.0,11,8,0.75,303,1536,0.4375,0.5625,5.135952631632487,1.4292530218760175,1.290280779202779,0.7499998807907104,0.6781479716300964
6,143000,1.0,11,9,0.35,101,1536,0.6920572916666666,0.30794270833333337,4.008448680241902,0.30174907048543265,0.3089392880598704,0.3500000536441803,0.3341413537661235
6,143000,1.0,11,9,0.35,202,1536,0.7057291666666666,0.29427083333333337,4.011716206868489,0.30501659711201956,0.3107203046480815,0.3499998152256012,0.33414100607236225
6,143000,1.0,11,9,0.35,303,1536,0.7161458333333334,0.28385416666666663,3.9770089785257974,0.27030936876932765,0.30673884352048236,0.35000036160151166,0.3341413736343384
6,143000,1.0,11,9,0.5,101,1536,0.6119791666666666,0.38802083333333337,4.248543898264567,0.5418442885080976,0.5394393603006998,0.5000001390775045,0.4773443639278412
6,143000,1.0,11,9,0.5,202,1536,0.615234375,0.384765625,4.253030776977539,0.5463311672210693,0.5394128561019897,0.5000002284844717,0.4773445129394531
6,143000,1.0,11,9,0.5,303,1536,0.6197916666666666,0.38020833333333337,4.210654417673747,0.5039548079172773,0.5385598937670389,0.4999998410542806,0.4773441553115845
6,143000,1.0,11,9,0.75,101,1536,0.4772135416666667,0.5227864583333333,4.7916537920633955,1.0849541823069258,1.0582125782966614,0.7500000794728597,0.7160165905952454
6,143000,1.0,11,9,0.75,202,1536,0.4700520833333333,0.5299479166666667,4.81389586130778,1.1071962515513105,1.0632354418436687,0.7500002185503641,0.7160168091456095
6,143000,1.0,11,9,0.75,303,1536,0.4694010416666667,0.5305989583333333,4.748135089874268,1.0414354801177979,1.0510454177856445,0.7499998410542806,0.7160163124402364
6,143000,1.0,11,10,0.35,101,1536,0.7161458333333334,0.28385416666666663,3.9927050272623696,0.2860054175058999,0.2769572238127391,0.34999966621398926,0.3734850784142812
6,143000,1.0,11,10,0.35,202,1536,0.736328125,0.263671875,3.9864410559336343,0.27974144617716457,0.26924941937128705,0.3500000437100728,0.3734856645266215
6,143000,1.0,11,10,0.35,303,1536,0.7063802083333334,0.29361979166666663,3.9500877062479653,0.24338809649149562,0.27285292744636536,0.35000044107437134,0.37348594268163043
6,143000,1.0,11,10,0.5,101,1536,0.630859375,0.369140625,4.224373817443848,0.5176742076873779,0.4976082642873128,0.49999985098838806,0.5335506200790405
6,143000,1.0,11,10,0.5,202,1536,0.6295572916666666,0.37044270833333337,4.222941080729167,0.5162414709726972,0.4992843170960744,0.4999999900658925,0.5335506796836853
6,143000,1.0,11,10,0.5,303,1536,0.6067708333333334,0.39322916666666663,4.185006936391194,0.47830732663472464,0.5052739977836609,0.500000129143397,0.5335509777069092
6,143000,1.0,11,10,0.75,101,1536,0.505859375,0.494140625,4.734352906545003,1.0276532967885332,0.995377759138743,0.7500002781550089,0.800326387087504
6,143000,1.0,11,10,0.75,202,1536,0.48828125,0.51171875,4.774261315663655,1.0675617059071856,1.0247486432393391,0.7500002185503641,0.8003263076146444
6,143000,1.0,11,10,0.75,303,1536,0.4830729166666667,0.5169270833333333,4.713305791219075,1.0066061814626055,1.0248660842577617,0.7499997814496359,0.8003257711728414
6,143000,1.0,23,1,0.35,101,1536,0.7486979166666666,0.25130208333333337,3.7985989252726235,0.15271965662638332,0.15618382891019186,0.3500000735123952,0.13999136288960776
6,143000,1.0,23,1,0.35,202,1536,0.7428385416666666,0.25716145833333337,3.80647865931193,0.16059939066568996,0.14885119100411734,0.3500000536441803,0.1399913728237152
6,143000,1.0,23,1,0.35,303,1536,0.7467447916666666,0.25325520833333337,3.8051071166992188,0.15922784805297852,0.1571479539076487,0.35000015298525494,0.13999139765898386
6,143000,1.0,23,1,0.5,101,1536,0.6569010416666666,0.34309895833333337,4.009875218073527,0.3639959494272871,0.35509079694747925,0.49999972184499103,0.19998751084009805
6,143000,1.0,23,1,0.5,202,1536,0.6516927083333334,0.34830729166666663,4.01304817199707,0.3671689033508301,0.3390257755915324,0.5000002682209015,0.19998771448930105
6,143000,1.0,23,1,0.5,303,1536,0.6614583333333334,0.33854166666666663,4.017829974492391,0.3719507058461504,0.3465694785118103,0.5000000794728597,0.1999876747528712
6,143000,1.0,23,1,0.75,101,1536,0.5026041666666666,0.49739583333333337,4.6658509572347,1.01997168858846,0.9640668829282125,0.7499996622403463,0.299981286128362
6,143000,1.0,23,1,0.75,202,1536,0.5078125,0.4921875,4.61823050181071,0.9723512331644697,0.9160500367482504,0.7500002384185791,0.29998157421747845
6,143000,1.0,23,1,0.75,303,1536,0.5084635416666666,0.49153645833333337,4.677157402038574,1.031278133392334,0.9573479096094767,0.7500001390775045,0.2999815146128337
6,143000,1.0,23,2,0.35,101,1536,0.7630208333333334,0.23697916666666663,3.782813390096029,0.13693412144978856,0.14410522083441415,0.3500001033147176,0.17393877605597177
6,143000,1.0,23,2,0.35,202,1536,0.7571614583333334,0.24283854166666663,3.80617094039917,0.1602916717529297,0.1438245177268982,0.35000020265579224,0.1739388902982076
6,143000,1.0,23,2,0.35,303,1536,0.748046875,0.251953125,3.784025192260742,0.13814592361450195,0.14233088990052542,0.34999961654345196,0.17393859227498373
6,143000,1.0,23,2,0.5,101,1536,0.6653645833333334,0.33463541666666663,3.9613866806030273,0.3155074119567871,0.32009873787562054,0.5000002880891165,0.24848410487174988
6,143000,1.0,23,2,0.5,202,1536,0.6640625,0.3359375,3.9941908518473306,0.34831158320109035,0.3241842985153198,0.5000001589457194,0.2484840303659439
6,143000,1.0,23,2,0.5,303,1536,0.654296875,0.345703125,3.987758000691732,0.3418787320454917,0.3164488772551219,0.4999997019767761,0.24848387638727823
6,143000,1.0,23,2,0.75,101,1536,0.5045572916666666,0.49544270833333337,4.588422934214274,0.9425436655680342,0.9027565121650696,0.7500004172325134,0.3727261523405711
6,143000,1.0,23,2,0.75,202,1536,0.5052083333333334,0.49479166666666663,4.625715732574463,0.9798364639282227,0.8970066507657369,0.7500002384185791,0.37272610267003375
6,143000,1.0,23,2,0.75,303,1536,0.521484375,0.478515625,4.613470713297526,0.9675914446512861,0.8784153660138448,0.7499997814496359,0.3727258841196696
6,143000,1.0,23,3,0.35,101,1536,0.759765625,0.240234375,3.7757508754730225,0.12987160682678223,0.1285532886783282,0.3500000834465027,0.18082714080810547
6,143000,1.0,23,3,0.35,202,1536,0.765625,0.234375,3.7730058828989663,0.1271266142527261,0.13495139280954996,0.34999985496203107,0.1808269868294398
6,143000,1.0,23,3,0.35,303,1536,0.7552083333333334,0.24479166666666663,3.7743096351623535,0.12843036651611328,0.13481630881627402,0.35000018278757733,0.18082716564337412
6,143000,1.0,23,3,0.5,101,1536,0.6829427083333334,0.31705729166666663,3.9563183784484863,0.3104391098022461,0.29717881480852765,0.5000002980232239,0.2583245635032654
6,143000,1.0,23,3,0.5,202,1536,0.6731770833333334,0.32682291666666663,3.9596638679504395,0.3137845993041992,0.30919987956682843,0.49999935428301495,0.2583240866661072
6,143000,1.0,23,3,0.5,303,1536,0.6692708333333334,0.33072916666666663,3.9566683769226074,0.3107891082763672,0.30774224797884625,0.5000000099341074,0.25832438468933105
6,143000,1.0,23,3,0.75,101,1536,0.513671875,0.486328125,4.544609546661377,0.8987302780151367,0.8550588289896647,0.7499999006589254,0.3874865273634593
6,143000,1.0,23,3,0.75,202,1536,0.5104166666666666,0.48958333333333337,4.543248812357585,0.8973695437113447,0.8651577432950338,0.7499996622403463,0.38748642802238464
6,143000,1.0,23,3,0.75,303,1536,0.49609375,0.50390625,4.536119302113851,0.8902400334676104,0.8647271394729614,0.7500000993410746,0.3874865670998891
6,143000,1.0,23,4,0.35,101,1536,0.666015625,0.333984375,4.146894772847493,0.501015504201253,0.4721605181694031,0.35000016291936237,0.19881772994995117
6,143000,1.0,23,4,0.35,202,1536,0.6725260416666666,0.32747395833333337,4.114864508310954,0.46898523966471384,0.44294677178064984,0.35000014305114746,0.198817511399587
6,143000,1.0,23,4,0.35,303,1536,0.6907552083333334,0.30924479166666663,4.0906327565511065,0.44475348790486624,0.43599236011505127,0.34999995430310565,0.1988170047601064
6,143000,1.0,23,4,0.5,101,1536,0.5462239583333334,0.45377604166666663,4.624305248260498,0.9784259796142578,0.8938323060671488,0.49999921520551044,0.2840242385864258
6,143000,1.0,23,4,0.5,202,1536,0.5592447916666666,0.44075520833333337,4.554378827412923,0.9084995587666826,0.8472137848536173,0.500000019868215,0.28402453660964966
6,143000,1.0,23,4,0.5,303,1536,0.5625,0.4375,4.5145243008931475,0.8686450322469073,0.8399156133333842,0.5000000894069672,0.2840246756871541
6,143000,1.0,23,4,0.75,101,1536,0.3717447916666667,0.6282552083333333,5.675127665201823,2.029248396555583,1.8559933106104534,0.7500003576278687,0.42603664596875507
6,143000,1.0,23,4,0.75,202,1536,0.384765625,0.615234375,5.617597897847493,1.971718629201253,1.8418278694152832,0.750000516573588,0.42603745063145954
6,143000,1.0,23,4,0.75,303,1536,0.3776041666666667,0.6223958333333333,5.562635739644368,1.916756470998128,1.8258901039759319,0.7499999205271403,0.42603666583697003
6,143000,1.0,23,5,0.35,101,1536,0.6536458333333334,0.34635416666666663,4.158761580785115,0.512882312138875,0.5029083689053854,0.35000025232632953,0.22965646286805472
6,143000,1.0,23,5,0.35,202,1536,0.6497395833333334,0.35026041666666663,4.181717077891032,0.535837809244792,0.5005268653233846,0.34999985496203107,0.22965646783510843
6,143000,1.0,23,5,0.35,303,1536,0.6471354166666666,0.35286458333333337,4.177291552225749,0.5314122835795088,0.5037781298160553,0.350000003973643,0.2296567658583323
6,143000,1.0,23,5,0.5,101,1536,0.525390625,0.474609375,4.674697399139404,1.028818130493164,0.9737317164738973,0.4999997715155284,0.328080674012502
6,143000,1.0,23,5,0.5,202,1536,0.5208333333333334,0.47916666666666663,4.6744340260823565,1.0285547574361162,0.9656404256820679,0.4999997119108836,0.3280811309814453
6,143000,1.0,23,5,0.5,303,1536,0.5416666666666666,0.45833333333333337,4.646684328715007,1.0008050600687666,0.9387496709823608,0.4999999900658925,0.3280809720357259
6,143000,1.0,23,5,0.75,101,1536,0.3372395833333333,0.6627604166666667,5.843094666798909,2.197215398152669,2.0476601918538413,0.750000516573588,0.49212151765823364
6,143000,1.0,23,5,0.75,202,1536,0.3528645833333333,0.6471354166666667,5.854641755421956,2.208762486775716,2.051443894704183,0.7499998410542806,0.49212100108464557
6,143000,1.0,23,5,0.75,303,1536,0.3684895833333333,0.6315104166666667,5.7067461013793945,2.0608668327331543,1.9305546283721924,0.7499998013178507,0.49212127923965454
6,143000,1.0,23,6,0.35,101,1536,0.662109375,0.337890625,4.171401580174764,0.5255223115285235,0.5251795450846354,0.3500004510084788,0.2591269214948018
6,143000,1.0,23,6,0.35,202,1536,0.6451822916666666,0.35481770833333337,4.2003475824991865,0.5544683138529463,0.5467567642529806,0.3500000735123952,0.25912680228551227
6,143000,1.0,23,6,0.35,303,1536,0.6158854166666666,0.38411458333333337,4.20763365427653,0.56175438563029,0.5596118966738383,0.35000033179918927,0.25912689169247943
6,143000,1.0,23,6,0.5,101,1536,0.5514322916666666,0.44856770833333337,4.602914651234944,0.9570353825887041,0.9411065578460693,0.5000001390775045,0.3701809247334798
6,143000,1.0,23,6,0.5,202,1536,0.5286458333333334,0.47135416666666663,4.692961851755778,1.047082583109538,1.0112237334251404,0.5000001390775045,0.37018121282259625
6,143000,1.0,23,6,0.5,303,1536,0.5091145833333334,0.49088541666666663,4.663257598876953,1.017378330230713,0.9892984628677368,0.49999961256980896,0.37018076578776044
6,143000,1.0,23,6,0.75,101,1536,0.3795572916666667,0.6204427083333333,5.538498083750407,1.892618815104167,1.8241393566131592,0.7500004967053732,0.5552722613016764
6,143000,1.0,23,6,0.75,202,1536,0.36328125,0.63671875,5.7287851969401045,2.0829059282938642,1.9710739453633626,0.7499997814496359,0.5552713473637899
6,143000,1.0,23,6,0.75,303,1536,0.3489583333333333,0.6510416666666667,5.618284384409587,1.9724051157633467,1.8762951691945393,0.7500001192092896,0.5552714268366495
6,143000,1.0,23,7,0.35,101,1536,0.671875,0.328125,4.077339172363281,0.431459903717041,0.43892379601796466,0.3500002821286519,0.29158021012942
6,143000,1.0,23,7,0.35,202,1536,0.671875,0.328125,4.087018728256226,0.44113945960998535,0.44676998257637024,0.3500002423922221,0.29158009092013043
6,143000,1.0,23,7,0.35,303,1536,0.6803385416666666,0.31966145833333337,4.12412150700887,0.4782422383626299,0.4348907669385274,0.35000016291936237,0.29158031940460205
6,143000,1.0,23,7,0.5,101,1536,0.5572916666666666,0.44270833333333337,4.455735206604004,0.8098559379577637,0.801872193813324,0.5000000397364298,0.41654237111409503
6,143000,1.0,23,7,0.5,202,1536,0.56640625,0.43359375,4.463996251424153,0.8181169827779131,0.7989623149236044,0.5000002483526865,0.4165431658426921
6,143000,1.0,23,7,0.5,303,1536,0.5807291666666666,0.41927083333333337,4.527944882710774,0.8820656140645342,0.7892867128054301,0.49999972184499103,0.41654234131177265
6,143000,1.0,23,7,0.75,101,1536,0.4069010416666667,0.5930989583333333,5.28323221206665,1.6373529434204102,1.6011409362157185,0.7499999602635702,0.6248141527175903
6,143000,1.0,23,7,0.75,202,1536,0.4114583333333333,0.5885416666666667,5.2568901379903155,1.6110108693440752,1.5525499979654949,0.7500003576278687,0.6248137156168619
6,143000,1.0,23,7,0.75,303,1536,0.4186197916666667,0.5813802083333333,5.355666478474935,1.7097872098286944,1.5528889894485474,0.75,0.6248140931129456
6,143000,1.0,23,8,0.35,101,1536,0.6803385416666666,0.31966145833333337,4.067057530085246,0.42117826143900583,0.3815852204958598,0.350000003973643,0.32468875249226886
6,143000,1.0,23,8,0.35,202,1536,0.6822916666666666,0.31770833333333337,4.012520631154378,0.3666413625081377,0.3748205204804738,0.3500000635782878,0.3246889611085256
6,143000,1.0,23,8,0.35,303,1536,0.6673177083333334,0.33268229166666663,4.0141175587972,0.36823829015096,0.3777442177136739,0.3500002920627594,0.32468928893407184
6,143000,1.0,23,8,0.5,101,1536,0.58984375,0.41015625,4.395335038503011,0.7494557698567705,0.6763270696004232,0.5000002781550089,0.4638416866461436
6,143000,1.0,23,8,0.5,202,1536,0.5852864583333334,0.41471354166666663,4.341895421346028,0.6960161526997881,0.6777667800585429,0.5000000894069672,0.4638412296772003
6,143000,1.0,23,8,0.5,303,1536,0.572265625,0.427734375,4.327321370442708,0.6814421017964678,0.6770131389300028,0.5000001589457194,0.4638412296772003
6,143000,1.0,23,8,0.75,101,1536,0.42578125,0.57421875,5.106130282084147,1.4602510134379072,1.321871240933736,0.7500003178914388,0.6957618395487467
6,143000,1.0,23,8,0.75,202,1536,0.4348958333333333,0.5651041666666667,5.0662078857421875,1.4203286170959473,1.3639487425486247,0.7499997615814209,0.6957612832387289
6,143000,1.0,23,8,0.75,303,1536,0.4296875,0.5703125,5.050124327341716,1.4042450586954756,1.3570341269175212,0.7499992847442627,0.6957608660062155
6,143000,1.0,23,9,0.35,101,1536,0.7063802083333334,0.29361979166666663,3.988034725189209,0.34215545654296875,0.3074427048365275,0.3499997754891713,0.33761662244796753
6,143000,1.0,23,9,0.35,202,1536,0.7018229166666666,0.29817708333333337,3.960231145222982,0.3143518765767417,0.3043157756328583,0.3499995569388072,0.33761651317278546
6,143000,1.0,23,9,0.35,303,1536,0.7141927083333334,0.28580729166666663,3.9715991020202637,0.32571983337402344,0.32399602731068927,0.35000012318293255,0.3376167217890422
6,143000,1.0,23,9,0.5,101,1536,0.6334635416666666,0.36653645833333337,4.2489402294158936,0.6030609607696533,0.5426017244656881,0.4999999205271403,0.4823094407717387
6,143000,1.0,23,9,0.5,202,1536,0.6256510416666666,0.37434895833333337,4.210871775945027,0.5649925072987871,0.5358534256617228,0.49999989072481793,0.48230961958567303
6,143000,1.0,23,9,0.5,303,1536,0.626953125,0.373046875,4.219696044921875,0.5738167762756348,0.557717760403951,0.5000000596046448,0.4823094407717387
6,143000,1.0,23,9,0.75,101,1536,0.484375,0.515625,4.821785926818848,1.1759066581726074,1.0782725016276042,0.7500004371007284,0.7234646876653036
6,143000,1.0,23,9,0.75,202,1536,0.498046875,0.501953125,4.749225934346517,1.1033466657002764,1.0505892833073933,0.7500002185503641,0.7234648068745931
6,143000,1.0,23,9,0.75,303,1536,0.4947916666666667,0.5052083333333333,4.762184302012126,1.1163050333658857,1.0820094744364421,0.7499998211860657,0.7234643300374349
6,143000,1.0,23,10,0.35,101,1536,0.7180989583333334,0.28190104166666663,3.9061896006266275,0.2603103319803872,0.2669499417146047,0.3499999741713206,0.3764307002226512
6,143000,1.0,23,10,0.35,202,1536,0.7278645833333334,0.27213541666666663,3.924209197362264,0.2783299287160239,0.27480634053548175,0.35000001390775043,0.3764308989048004
6,143000,1.0,23,10,0.35,303,1536,0.7278645833333334,0.27213541666666663,3.900863250096639,0.2549839814503989,0.26811330517133075,0.34999968608220416,0.37643041213353473
6,143000,1.0,23,10,0.5,101,1536,0.63671875,0.36328125,4.1333597501118975,0.48748048146565726,0.4936897059281667,0.500000019868215,0.537758449713389
6,143000,1.0,23,10,0.5,202,1536,0.6484375,0.3515625,4.156744162241618,0.5108648935953779,0.5063082575798035,0.5000000397364298,0.5377584099769592
6,143000,1.0,23,10,0.5,303,1536,0.64453125,0.35546875,4.123751322428386,0.4778720537821455,0.49542786677678424,0.5000001589457194,0.5377587676048279
6,143000,1.0,23,10,0.75,101,1536,0.5006510416666666,0.49934895833333337,4.646708806355794,1.0008295377095537,1.0060071150461833,0.7500000993410746,0.8066374858220419
6,143000,1.0,23,10,0.75,202,1536,0.5130208333333334,0.48697916666666663,4.687158425649007,1.0412791570027666,1.0212085445721943,0.7500004172325134,0.8066379030545553
6,143000,1.0,23,10,0.75,303,1536,0.4967447916666667,0.5032552083333333,4.640810966491699,0.994931697845459,1.003861407438914,0.7500001788139343,0.8066376646359762
6,143000,1.0,37,1,0.35,101,1536,0.765625,0.234375,3.815924644470215,0.12098868687947606,0.1465206742286682,0.35000016291936237,0.14228802919387817
6,143000,1.0,37,1,0.35,202,1536,0.7486979166666666,0.25130208333333337,3.8329950968424478,0.13805913925170898,0.15008883674939474,0.3499998450279236,0.14228788018226624
6,143000,1.0,37,1,0.35,303,1536,0.736328125,0.263671875,3.84027099609375,0.14533503850301122,0.16755159695943198,0.3499998152256012,0.14228789508342743
6,143000,1.0,37,1,0.5,101,1536,0.6751302083333334,0.32486979166666663,4.003833611806233,0.30889765421549464,0.33431169390678406,0.5000002582867941,0.20326862235864004
6,143000,1.0,37,1,0.5,202,1536,0.6549479166666666,0.34505208333333337,4.050460020701091,0.355524063110352,0.3732719123363495,0.5000001589457194,0.20326855778694153
6,143000,1.0,37,1,0.5,303,1536,0.65234375,0.34765625,4.068940083185832,0.3740041255950932,0.3892790675163269,0.4999999403953552,0.2032684882481893
6,143000,1.0,37,1,0.75,101,1536,0.5013020833333334,0.49869791666666663,4.636039733886719,0.94110377629598,0.9806225498517355,0.7499996821085612,0.30490265289942425
6,143000,1.0,37,1,0.75,202,1536,0.4576822916666667,0.5423177083333333,4.818477153778076,1.1235411961873374,1.1718799273173015,0.7500000993410746,0.3049027919769287
6,143000,1.0,37,1,0.75,303,1536,0.4635416666666667,0.5364583333333333,4.782724062601726,1.0877881050109868,1.11638343334198,0.7499997615814209,0.3049026330312093
6,143000,1.0,37,2,0.35,101,1536,0.75390625,0.24609375,3.8282974561055503,0.1333614985148115,0.14604895313580832,0.34999996423721313,0.17563443382581076
6,143000,1.0,37,2,0.35,202,1536,0.751953125,0.248046875,3.8251561323801675,0.1302201747894287,0.15162899593512216,0.34999992450078327,0.17563438415527344
6,143000,1.0,37,2,0.35,303,1536,0.7578125,0.2421875,3.8076602617899575,0.11272430419921875,0.14361648758252463,0.35000012318293255,0.1756344735622406
6,143000,1.0,37,2,0.5,101,1536,0.6673177083333334,0.33268229166666663,4.027277787526448,0.3323418299357095,0.332388957341512,0.5000005761782328,0.2509066313505173
6,143000,1.0,37,2,0.5,202,1536,0.6529947916666666,0.34700520833333337,4.016578435897827,0.32164247830708836,0.3551284372806549,0.5,0.25090637306372326
6,143000,1.0,37,2,0.5,303,1536,0.6634114583333334,0.33658854166666663,3.979761838912964,0.2848258813222251,0.32881919542948407,0.4999995529651642,0.25090613464514416
6,143000,1.0,37,2,0.75,101,1536,0.48828125,0.51171875,4.659871737162272,0.9649357795715336,0.967210590839386,0.7500000794728597,0.3763595422108968
6,143000,1.0,37,2,0.75,202,1536,0.4680989583333333,0.5319010416666667,4.636725266774495,0.9417893091837564,0.9889629681905111,0.750000536441803,0.37635982036590576
6,143000,1.0,37,2,0.75,303,1536,0.4876302083333333,0.5123697916666667,4.586388111114502,0.8914521535237632,0.9385552406311035,0.75,0.3763595422108968
6,143000,1.0,37,3,0.35,101,1536,0.7630208333333334,0.23697916666666663,3.7992337544759116,0.10429779688517282,0.12297820051511128,0.35000015298525494,0.18020901083946228
6,143000,1.0,37,3,0.35,202,1536,0.7662760416666666,0.23372395833333337,3.809805949529012,0.11486999193827341,0.12964326391617456,0.3500000635782878,0.1802089512348175
6,143000,1.0,37,3,0.35,303,1536,0.7565104166666666,0.24348958333333337,3.8179004192352295,0.12296446164449071,0.12516889224449793,0.34999991456667584,0.1802088369925817
6,143000,1.0,37,3,0.5,101,1536,0.6653645833333334,0.33463541666666663,3.973397413889567,0.2784614562988281,0.28519819180170697,0.5000002384185791,0.25744139154752094
6,143000,1.0,37,3,0.5,202,1536,0.6803385416666666,0.31966145833333337,3.973685105641683,0.2787491480509443,0.29758861660957336,0.4999995132287343,0.25744104385375977
6,143000,1.0,37,3,0.5,303,1536,0.669921875,0.330078125,3.9741716384887695,0.27923568089803075,0.28815994660059613,0.4999995132287343,0.25744104385375977
6,143000,1.0,37,3,0.75,101,1536,0.4973958333333333,0.5026041666666667,4.582533200581868,0.8875972429911294,0.8663525780042013,0.7499998807907104,0.3861618638038635
6,143000,1.0,37,3,0.75,202,1536,0.4876302083333333,0.5123697916666667,4.5732377370198565,0.8783017794291177,0.8833516240119934,0.7499998807907104,0.386161873737971
6,143000,1.0,37,3,0.75,303,1536,0.4954427083333333,0.5045572916666667,4.545316696166992,0.8503807385762534,0.8469590544700623,0.7500000993410746,0.38616203268369037
6,143000,1.0,37,4,0.35,101,1536,0.6653645833333334,0.33463541666666663,4.103257020314534,0.4083210627237954,0.4314245382944743,0.34999987483024597,0.19829988479614258
6,143000,1.0,37,4,0.35,202,1536,0.6555989583333334,0.34440104166666663,4.115135669708252,0.42019971211751317,0.43149388829867047,0.35000040133794147,0.19830039143562317
6,143000,1.0,37,4,0.35,303,1536,0.6608072916666666,0.33919270833333337,4.10755729675293,0.4126213391621909,0.4155147870381673,0.3499997655550639,0.19830003877480826
6,143000,1.0,37,4,0.5,101,1536,0.5338541666666666,0.46614583333333337,4.558152198791504,0.8632162412007651,0.865277369817098,0.5000000993410746,0.283286174138387
6,143000,1.0,37,4,0.5,202,1536,0.5384114583333334,0.46158854166666663,4.555430094401042,0.8604941368103032,0.8418948849042257,0.4999999801317851,0.2832858165105184
6,143000,1.0,37,4,0.5,303,1536,0.5266927083333334,0.47330729166666663,4.552253246307373,0.8573172887166343,0.8538179397583008,0.49999996026357013,0.2832859655221303
6,143000,1.0,37,4,0.75,101,1536,0.3157552083333333,0.6842447916666667,5.679088115692139,1.9841521581013999,1.950284481048584,0.7499999403953552,0.4249293605486552
6,143000,1.0,37,4,0.75,202,1536,0.341796875,0.658203125,5.688117663065593,1.993181705474854,1.9377183119455974,0.7500001589457194,0.42492880423863727
6,143000,1.0,37,4,0.75,303,1536,0.3203125,0.6796875,5.716793060302734,2.0218571027119956,1.9874171415964763,0.7499996622403463,0.4249284267425537
6,143000,1.0,37,5,0.35,101,1536,0.6412760416666666,0.35872395833333337,4.2177174886067705,0.5227815310160318,0.5206838846206665,0.34999998410542804,0.22813851137955984
6,143000,1.0,37,5,0.35,202,1536,0.6477864583333334,0.35221354166666663,4.1620839436848955,0.46714798609415675,0.4741794764995575,0.3499997953573863,0.22813826302687326
6,143000,1.0,37,5,0.35,303,1536,0.619140625,0.380859375,4.294645627339681,0.5997096697489419,0.5349749525388082,0.3499998450279236,0.2281379153331121
6,143000,1.0,37,5,0.5,101,1536,0.49609375,0.50390625,4.762699127197266,1.0677631696065268,1.042401134967804,0.5000001589457194,0.32591195901234943
6,143000,1.0,37,5,0.5,202,1536,0.5358072916666666,0.46419270833333337,4.637008825937907,0.9420728683471684,0.9321019252141317,0.5000000695387522,0.32591235637664795
6,143000,1.0,37,5,0.5,303,1536,0.4895833333333333,0.5104166666666667,4.887681007385254,1.1927450497945151,1.0811236302057903,0.4999999403953552,0.3259118100007375
6,143000,1.0,37,5,0.75,101,1536,0.3125,0.6875,5.982166608174642,2.287230650583903,2.213801383972168,0.7499998410542806,0.4888680080572764
6,143000,1.0,37,5,0.75,202,1536,0.3509114583333333,0.6490885416666667,5.7394819259643555,2.0445459683736167,1.9822111924489338,0.750000019868215,0.48886794845263165
6,143000,1.0,37,5,0.75,303,1536,0.3033854166666667,0.6966145833333333,6.198098500569661,2.5031625429789224,2.3114430904388428,0.7500002185503641,0.48886797825495404
6,143000,1.0,37,6,0.35,101,1536,0.6399739583333334,0.36002604166666663,4.186254024505615,0.49131806691487645,0.4876810709635417,0.35000014305114746,0.25731709599494934
6,143000,1.0,37,6,0.35,202,1536,0.619140625,0.380859375,4.220629851023356,0.5256938934326176,0.529042104880015,0.3500002423922221,0.2573179304599762
6,143000,1.0,37,6,0.35,303,1536,0.6139322916666666,0.38606770833333337,4.1835213502248125,0.48858539263407375,0.513259748617808,0.35000057021776837,0.25731776158014935
6,143000,1.0,37,6,0.5,101,1536,0.5182291666666666,0.48177083333333337,4.614421526590983,0.9194855690002446,0.8975668350855509,0.5000000695387522,0.36759650707244873
6,143000,1.0,37,6,0.5,202,1536,0.4967447916666667,0.5032552083333333,4.705979665120442,1.0110437075297036,0.9951187372207642,0.5000002980232239,0.3675963481267293
6,143000,1.0,37,6,0.5,303,1536,0.4954427083333333,0.5045572916666667,4.64596684773763,0.9510308901468911,0.9510971506436666,0.5000003675619761,0.367596834897995
6,143000,1.0,37,6,0.75,101,1536,0.35546875,0.64453125,5.540884017944336,1.8459480603535972,1.803889234860738,0.75,0.5513940254847208
6,143000,1.0,37,6,0.75,202,1536,0.3359375,0.6640625,5.734634717305501,2.039698759714762,1.9821403821309407,0.7499998609224955,0.5513944029808044
6,143000,1.0,37,6,0.75,303,1536,0.3463541666666667,0.6536458333333333,5.59503968556722,1.900103727976481,1.8629567623138428,0.7500001192092896,0.5513946215311686
6,143000,1.0,37,7,0.35,101,1536,0.6529947916666666,0.34700520833333337,4.127489725748698,0.43255376815795943,0.45205015937487286,0.35000012318293255,0.2899114390214284
6,143000,1.0,37,7,0.35,202,1536,0.6627604166666666,0.33723958333333337,4.104325135548909,0.4093891779581704,0.42536287506421405,0.3499998450279236,0.28991132974624634
6,143000,1.0,37,7,0.35,303,1536,0.6588541666666666,0.34114583333333337,4.1033705075581866,0.40843454996744777,0.4319576025009155,0.3500000536441803,0.28991156816482544
6,143000,1.0,37,7,0.5,101,1536,0.5208333333333334,0.47916666666666663,4.529165267944336,0.8342293103535972,0.8528776367505392,0.4999995529651642,0.4141588608423869
6,143000,1.0,37,7,0.5,202,1536,0.5436197916666666,0.45638020833333337,4.487053871154785,0.7921179135640464,0.7989219625790914,0.5000000695387522,0.41415947675704956
6,143000,1.0,37,7,0.5,303,1536,0.541015625,0.458984375,4.485654354095459,0.7907183965047202,0.8186840613683065,0.5000000099341074,0.4141596257686615
6,143000,1.0,37,7,0.75,101,1536,0.35546875,0.64453125,5.412280082702637,1.717344125111898,1.7193453709284465,0.7500007351239523,0.6212399403254191
6,143000,1.0,37,7,0.75,202,1536,0.3880208333333333,0.6119791666666667,5.342755158742269,1.6478192011515298,1.6289469003677368,0.7499993840853373,0.621238092581431
6,143000,1.0,37,7,0.75,303,1536,0.3938802083333333,0.6061197916666667,5.349694728851318,1.6547587712605796,1.6926638682683308,0.7500005563100179,0.6212396224339803
6,143000,1.0,37,8,0.35,101,1536,0.6809895833333334,0.31901041666666663,4.065502643585205,0.3705666859944663,0.37942808866500854,0.3500000635782878,0.3191157976786296
6,143000,1.0,37,8,0.35,202,1536,0.6829427083333334,0.31705729166666663,4.074191331863403,0.37925537427266454,0.3666458527247111,0.3500000635782878,0.31911569833755493
6,143000,1.0,37,8,0.35,303,1536,0.6966145833333334,0.30338541666666663,4.064108212788899,0.36917225519816066,0.37269051869710285,0.34999992450078327,0.3191153903802236
6,143000,1.0,37,8,0.5,101,1536,0.576171875,0.423828125,4.390272617340088,0.6953366597493491,0.6846791903177897,0.5000004967053732,0.45587990681330365
6,143000,1.0,37,8,0.5,202,1536,0.595703125,0.404296875,4.373527367909749,0.6785914103190103,0.6609775821367899,0.5000002284844717,0.45587970813115436
6,143000,1.0,37,8,0.5,303,1536,0.5983072916666666,0.40169270833333337,4.371537685394287,0.6766017278035483,0.6703771154085795,0.4999997516473134,0.45587926109631854
6,143000,1.0,37,8,0.75,101,1536,0.4231770833333333,0.5768229166666667,5.068420886993408,1.3734849294026694,1.3447233041127522,0.7500003973642985,0.6838195125261942
6,143000,1.0,37,8,0.75,202,1536,0.4290364583333333,0.5709635416666667,5.03633467356364,1.3413987159729008,1.3193374077479045,0.7500001986821493,0.6838192542394003
6,143000,1.0,37,8,0.75,303,1536,0.4147135416666667,0.5852864583333333,5.058367729187012,1.363431771596273,1.3395085732142131,0.7499995032946268,0.6838186581929525
6,143000,1.0,37,9,0.35,101,1536,0.6959635416666666,0.30403645833333337,3.9998116493225098,0.304875691731771,0.3017175892988841,0.34999993443489075,0.33529289563496906
6,143000,1.0,37,9,0.35,202,1536,0.6998697916666666,0.30013020833333337,3.979332129160563,0.2843961715698242,0.3078315556049347,0.3500003218650818,0.3352929949760437
6,143000,1.0,37,9,0.35,303,1536,0.69140625,0.30859375,3.9579381148020425,0.2630021572113037,0.3063237766424815,0.350000003973643,0.33529268701871234
6,143000,1.0,37,9,0.5,101,1536,0.6087239583333334,0.39127604166666663,4.251251379648845,0.5563154220581059,0.5408614377180735,0.5000002185503641,0.4789900481700897
6,143000,1.0,37,9,0.5,202,1536,0.603515625,0.396484375,4.220419565836589,0.52548360824585,0.5487511157989502,0.4999997913837433,0.4789896508057912
6,143000,1.0,37,9,0.5,303,1536,0.6015625,0.3984375,4.194849411646525,0.4999134540557866,0.5571806828180949,0.5000002980232239,0.4789901077747345
6,143000,1.0,37,9,0.75,101,1536,0.47265625,0.52734375,4.817176977793376,1.1222410202026372,1.087607741355896,0.7499999403953552,0.7184848388036092
6,143000,1.0,37,9,0.75,202,1536,0.4733072916666667,0.5266927083333333,4.785074234008789,1.0901382764180503,1.0950032075246174,0.7499998807907104,0.7184847990671793
6,143000,1.0,37,9,0.75,303,1536,0.4427083333333333,0.5572916666666667,4.754129886627197,1.0591939290364585,1.127242644627889,0.7500000993410746,0.7184850374857584
6,143000,1.0,37,10,0.35,101,1536,0.7213541666666666,0.27864583333333337,3.9416728019714355,0.24673684438069676,0.25385477145512897,0.3500003417332967,0.3736680746078491
6,143000,1.0,37,10,0.35,202,1536,0.7447916666666666,0.25520833333333337,3.9231650034586587,0.22822904586791992,0.25291894872983295,0.35000018278757733,0.3736676871776581
6,143000,1.0,37,10,0.35,303,1536,0.7024739583333334,0.29752604166666663,3.942452907562256,0.24751694997151708,0.26344357430934906,0.35000018278757733,0.37366782625516254
6,143000,1.0,37,10,0.5,101,1536,0.6302083333333334,0.36979166666666663,4.168536186218262,0.47360022862752293,0.48013371229171753,0.4999997019767761,0.5338106155395508
6,143000,1.0,37,10,0.5,202,1536,0.6458333333333334,0.35416666666666663,4.127864837646484,0.4329288800557456,0.4727481007575989,0.5000000695387522,0.5338107546170553
6,143000,1.0,37,10,0.5,303,1536,0.6139322916666666,0.38606770833333337,4.16672945022583,0.4717934926350913,0.4860656758149465,0.49999983112017315,0.5338109532992045
6,143000,1.0,37,10,0.75,101,1536,0.498046875,0.501953125,4.680866559346517,0.9859306017557778,0.9972382187843323,0.7500002185503641,0.8007164597511292
6,143000,1.0,37,10,0.75,202,1536,0.5182291666666666,0.48177083333333337,4.619816621144612,0.9248806635538735,0.9806755979855856,0.7499996622403463,0.80071622133255
6,143000,1.0,37,10,0.75,303,1536,0.4908854166666667,0.5091145833333333,4.668070952097575,0.9731349945068364,0.9974257946014404,0.75,0.800716241200765
8,14000,0.0979020979020979,11,1,0.35,101,1536,0.77734375,0.22265625,3.99300487836202,0.13231730461120605,0.14682785173257193,0.3500000437100728,0.3860072394212087
8,14000,0.0979020979020979,11,1,0.35,202,1536,0.7838541666666666,0.21614583333333337,4.018743515014648,0.1580559412638345,0.1519046425819397,0.3499998350938161,0.3860070010026296
8,14000,0.0979020979020979,11,1,0.35,303,1536,0.7805989583333334,0.21940104166666663,4.005357185999553,0.14466961224873875,0.14380612969398499,0.3500000834465027,0.38600730895996094
8,14000,0.0979020979020979,11,1,0.5,101,1536,0.6848958333333334,0.31510416666666663,4.203139464060466,0.34245189030965184,0.3556387225786845,0.4999997913837433,0.5514386097590128
8,14000,0.0979020979020979,11,1,0.5,202,1536,0.6595052083333334,0.34049479166666663,4.249330520629883,0.38864294687906886,0.3711706300576528,0.49999996026357013,0.5514387885729471
8,14000,0.0979020979020979,11,1,0.5,303,1536,0.66796875,0.33203125,4.222151597340901,0.36146402359008745,0.3544319272041321,0.49999962250391644,0.5514384508132935
8,14000,0.0979020979020979,11,1,0.75,101,1536,0.4934895833333333,0.5065104166666667,4.95310910542806,1.0924215316772456,1.0651362538337708,0.7499996821085612,0.8271579146385193
8,14000,0.0979020979020979,11,1,0.75,202,1536,0.4811197916666667,0.5188802083333333,5.0061577161153155,1.1454701423645015,1.0783451994260151,0.7500001390775045,0.8271583914756775
8,14000,0.0979020979020979,11,1,0.75,303,1536,0.46484375,0.53515625,4.976221879323323,1.1155343055725093,1.0778475006421406,0.7499999602635702,0.8271581133206686
8,14000,0.0979020979020979,11,2,0.35,101,1536,0.78515625,0.21484375,4.004953622817993,0.14426604906717921,0.13791455825169882,0.34999995430310565,0.43569453557332355
8,14000,0.0979020979020979,11,2,0.35,202,1536,0.7805989583333334,0.21940104166666663,4.0074208577473955,0.1467332839965816,0.1388611669341723,0.3500005106131236,0.43569528063138324
8,14000,0.0979020979020979,11,2,0.35,303,1536,0.7916666666666666,0.20833333333333337,4.034634272257487,0.17394669850667333,0.14357650776704153,0.3500000635782878,0.43569473425547284
8,14000,0.0979020979020979,11,2,0.5,101,1536,0.6829427083333334,0.31705729166666663,4.218000411987305,0.35731283823649074,0.34518032272656757,0.5000000397364298,0.6224209268887838
8,14000,0.0979020979020979,11,2,0.5,202,1536,0.6653645833333334,0.33463541666666663,4.23327620824178,0.37258863449096635,0.3545500934123993,0.500000019868215,0.6224209467569987
8,14000,0.0979020979020979,11,2,0.5,303,1536,0.6770833333333334,0.32291666666666663,4.264577229817708,0.4038896560668941,0.35679279764493305,0.49999993046124774,0.6224207083384196
8,14000,0.0979020979020979,11,2,0.75,101,1536,0.4889322916666667,0.5110677083333333,4.947462399800618,1.0867748260498042,1.0272935231526692,0.7500001788139343,0.9336317380269369
8,14000,0.0979020979020979,11,2,0.75,202,1536,0.4654947916666667,0.5345052083333333,4.96625820795695,1.1055706342061362,1.0579820275306702,0.7500006159146627,0.9336320956548055
8,14000,0.0979020979020979,11,2,0.75,303,1536,0.4759114583333333,0.5240885416666667,4.9968671798706055,1.1361796061197915,1.051218867301941,0.7499999006589254,0.9336313207944235
8,14000,0.0979020979020979,11,3,0.35,101,1536,0.791015625,0.208984375,4.009870449701945,0.14918287595113133,0.12332069873809814,0.34999995430310565,0.47872315843900043
8,14000,0.0979020979020979,11,3,0.35,202,1536,0.7942708333333334,0.20572916666666663,4.022661368052165,0.16197379430135106,0.1302974969148636,0.3499998251597087,0.4787228802839915
8,14000,0.0979020979020979,11,3,0.35,303,1536,0.791015625,0.208984375,4.025271415710449,0.16458384195963527,0.13214534521102905,0.35000036160151166,0.47872363527615863
8,14000,0.0979020979020979,11,3,0.5,101,1536,0.6829427083333334,0.31705729166666663,4.218455950419108,0.3577683766682944,0.3153687119483948,0.4999996821085612,0.6838898261388143
8,14000,0.0979020979020979,11,3,0.5,202,1536,0.693359375,0.306640625,4.253659884134929,0.39297231038411473,0.3314392666021983,0.5000000894069672,0.6838903824488322
8,14000,0.0979020979020979,11,3,0.5,303,1536,0.693359375,0.306640625,4.259133974711101,0.3984464009602866,0.33516419927279156,0.5000002781550089,0.6838906606038412
8,14000,0.0979020979020979,11,3,0.75,101,1536,0.478515625,0.521484375,4.88957675298055,1.0288891792297359,0.9486183325449625,0.7499995231628418,1.0258347988128662
8,14000,0.0979020979020979,11,3,0.75,202,1536,0.4954427083333333,0.5045572916666667,4.991312185923259,1.1306246121724448,0.997906227906545,0.7499996423721313,1.0258348782857258
8,14000,0.0979020979020979,11,3,0.75,303,1536,0.4876302083333333,0.5123697916666667,4.995088418324788,1.1344008445739742,1.0026226043701172,0.7500000794728597,1.0258355140686035
8,14000,0.0979020979020979,11,4,0.35,101,1536,0.7239583333333334,0.27604166666666663,4.147453784942627,0.286766211191813,0.2731467088063558,0.35000017285346985,0.5630611578623453
8,14000,0.0979020979020979,11,4,0.35,202,1536,0.736328125,0.263671875,4.155303478240967,0.29461590449015285,0.2668651193380356,0.3500003119309743,0.5630609393119812
8,14000,0.0979020979020979,11,4,0.35,303,1536,0.7141927083333334,0.28580729166666663,4.094793160756429,0.2341055870056148,0.25728627542654675,0.3499999940395355,0.563061535358429
8,14000,0.0979020979020979,11,4,0.5,101,1536,0.6158854166666666,0.38411458333333337,4.4599588712056475,0.5992712974548335,0.5627440412839254,0.5000001589457194,0.8043733437856039
8,14000,0.0979020979020979,11,4,0.5,202,1536,0.6334635416666666,0.36653645833333337,4.456158479054769,0.5954709053039546,0.5405883491039276,0.5,0.8043724099795023
8,14000,0.0979020979020979,11,4,0.5,303,1536,0.59375,0.40625,4.376739343007405,0.5160517692565914,0.5312223732471466,0.4999995231628418,0.8043721715609232
8,14000,0.0979020979020979,11,4,0.75,101,1536,0.4466145833333333,0.5533854166666667,5.197574456532796,1.336886882781982,1.2439179420471191,0.7499999403953552,1.2065591017405193
8,14000,0.0979020979020979,11,4,0.75,202,1536,0.4576822916666667,0.5423177083333333,5.178354899088542,1.317667325337728,1.2145689328511555,0.7499997417132059,1.2065590222676594
8,14000,0.0979020979020979,11,4,0.75,303,1536,0.4342447916666667,0.5657552083333333,5.09184996287028,1.2311623891194663,1.2118560870488484,0.7500001192092896,1.206560214360555
8,14000,0.0979020979020979,11,5,0.35,101,1536,0.7220052083333334,0.27799479166666663,4.130403995513916,0.26971642176310207,0.2637825161218643,0.3500001132488251,0.5929989814758301
8,14000,0.0979020979020979,11,5,0.35,202,1536,0.7408854166666666,0.25911458333333337,4.113519350687663,0.2528317769368491,0.26660674313704175,0.35000040133794147,0.5929985642433167
8,14000,0.0979020979020979,11,5,0.35,303,1536,0.71875,0.28125,4.140091260274251,0.27940368652343706,0.26816628873348236,0.3500003417332967,0.592999259630839
8,14000,0.0979020979020979,11,5,0.5,101,1536,0.63671875,0.36328125,4.394071261088054,0.5333836873372397,0.5181885361671448,0.5000000794728597,0.8471399744351705
8,14000,0.0979020979020979,11,5,0.5,202,1536,0.626953125,0.373046875,4.383191744486491,0.5225041707356772,0.5227567851543427,0.49999996026357013,0.8471397956212362
8,14000,0.0979020979020979,11,5,0.5,303,1536,0.62109375,0.37890625,4.425977865854899,0.5652902921040854,0.5398769577344259,0.5000003377596537,0.8471401333808899
8,14000,0.0979020979020979,11,5,0.75,101,1536,0.4641927083333333,0.5358072916666667,5.003188769022624,1.14250119527181,1.100256899992625,0.7500001788139343,1.2707102696100872
8,14000,0.0979020979020979,11,5,0.75,202,1536,0.466796875,0.533203125,5.018386046091716,1.1576984723409018,1.114166220029195,0.7499997417132059,1.2707095543543498
8,14000,0.0979020979020979,11,5,0.75,303,1536,0.474609375,0.525390625,5.0805557568868,1.2198681831359859,1.1629033486048381,0.75,1.2707105080286663
8,14000,0.0979020979020979,11,6,0.35,101,1536,0.7291666666666666,0.27083333333333337,4.115466912587483,0.2547793388366695,0.2437339425086975,0.35000001390775043,0.6204057534535726
8,14000,0.0979020979020979,11,6,0.35,202,1536,0.7350260416666666,0.26497395833333337,4.126742839813232,0.26605526606241847,0.23887100319067636,0.35000014305114746,0.6204051772753397
8,14000,0.0979020979020979,11,6,0.35,303,1536,0.7421875,0.2578125,4.1108551025390625,0.25016752878824855,0.24287795027097067,0.35000017285346985,0.6204047401746114
8,14000,0.0979020979020979,11,6,0.5,101,1536,0.6393229166666666,0.36067708333333337,4.3766805330912275,0.5159929593404136,0.4794253607590993,0.5000002384185791,0.8862929344177246
8,14000,0.0979020979020979,11,6,0.5,202,1536,0.6341145833333334,0.36588541666666663,4.38214906056722,0.5214614868164058,0.46827250719070435,0.5000000397364298,0.8862937291463217
8,14000,0.0979020979020979,11,6,0.5,303,1536,0.6647135416666666,0.33528645833333337,4.356364409128825,0.4956768353780112,0.46492914358774823,0.4999999403953552,0.8862935503323873
8,14000,0.0979020979020979,11,6,0.75,101,1536,0.4967447916666667,0.5032552083333333,4.987573146820068,1.1268855730692544,1.0293699900309246,0.7499998609224955,1.3294385274251301
8,14000,0.0979020979020979,11,6,0.75,202,1536,0.4954427083333333,0.5045572916666667,4.943723042805989,1.0830354690551753,0.9821569522221884,0.7499995827674866,1.3294382492701213
8,14000,0.0979020979020979,11,6,0.75,303,1536,0.5071614583333334,0.49283854166666663,4.916975339253743,1.0562877655029292,0.9691385626792908,0.75,1.3294386466344197
8,14000,0.0979020979020979,11,7,0.35,101,1536,0.7591145833333334,0.24088541666666663,4.043718179066976,0.18303060531616167,0.21805369357268015,0.3499996264775594,0.6573860049247742
8,14000,0.0979020979020979,11,7,0.35,202,1536,0.7526041666666666,0.24739583333333337,4.0592765013376875,0.19858892758687352,0.21278770764668783,0.34999972581863403,0.657386581103007
8,14000,0.0979020979020979,11,7,0.35,303,1536,0.7493489583333334,0.25065104166666663,4.0524187088012695,0.19173113505045558,0.21000268558661142,0.34999996423721313,0.6573876539866129
8,14000,0.0979020979020979,11,7,0.5,101,1536,0.6705729166666666,0.32942708333333337,4.2365444501241045,0.37585687637329057,0.40848520398139954,0.4999997615814209,0.93912406762441
8,14000,0.0979020979020979,11,7,0.5,202,1536,0.6673177083333334,0.33268229166666663,4.252188682556152,0.3915011088053384,0.4035075902938843,0.5000002980232239,0.9391247431437174
8,14000,0.0979020979020979,11,7,0.5,303,1536,0.6686197916666666,0.33138020833333337,4.246067523956299,0.3853799502054849,0.4000541766484578,0.5000000099341074,0.9391243060429891
8,14000,0.0979020979020979,11,7,0.75,101,1536,0.5520833333333334,0.44791666666666663,4.679314136505127,0.818626562754313,0.8378837903340658,0.7499999602635702,1.408686916033427
8,14000,0.0979020979020979,11,7,0.75,202,1536,0.546875,0.453125,4.700362364451091,0.8396747907002768,0.8284625212351481,0.7500001390775045,1.4086873928705852
8,14000,0.0979020979020979,11,7,0.75,303,1536,0.5390625,0.4609375,4.691183567047119,0.8304959932963052,0.8222909569740295,0.7500001192092896,1.4086875915527344
8,14000,0.0979020979020979,11,8,0.35,101,1536,0.77734375,0.22265625,4.035293102264404,0.17460552851359035,0.18836544454097748,0.3500000834465027,0.762911876042684
8,14000,0.0979020979020979,11,8,0.35,202,1536,0.7786458333333334,0.22135416666666663,4.074876308441162,0.21418873469034816,0.19068105022112528,0.34999971588452655,0.7629113594690958
8,14000,0.0979020979020979,11,8,0.35,303,1536,0.7643229166666666,0.23567708333333337,4.051791350046794,0.19110377629597997,0.1954901417096456,0.3499996562798818,0.7629105846087137
8,14000,0.0979020979020979,11,8,0.5,101,1536,0.6875,0.3125,4.203275680541992,0.34258810679117824,0.3544118603070577,0.5000000993410746,1.0898737907409668
8,14000,0.0979020979020979,11,8,0.5,202,1536,0.6920572916666666,0.30794270833333337,4.262284119923909,0.40159654617309526,0.356698215007782,0.4999998410542806,1.0898733933766682
8,14000,0.0979020979020979,11,8,0.5,303,1536,0.6842447916666666,0.31575520833333337,4.233598709106445,0.37291113535563136,0.36671923597653705,0.4999995330969493,1.0898724794387817
8,14000,0.0979020979020979,11,8,0.75,101,1536,0.5638020833333334,0.43619791666666663,4.585365454355876,0.724677880605062,0.7249303261439005,0.749999463558197,1.6348089774449666
8,14000,0.0979020979020979,11,8,0.75,202,1536,0.5716145833333334,0.42838541666666663,4.668454011281331,0.8077664375305171,0.7272340059280396,0.7499998609224955,1.6348096529642742
8,14000,0.0979020979020979,11,8,0.75,303,1536,0.5592447916666666,0.44075520833333337,4.641580899556478,0.7808933258056636,0.7501118977864584,0.7499998211860657,1.6348108847935994
8,14000,0.0979020979020979,11,9,0.35,101,1536,0.7747395833333334,0.22526041666666663,4.056270122528076,0.19558254877726222,0.18649890025456747,0.34999974568684894,0.867448886235555
8,14000,0.0979020979020979,11,9,0.35,202,1536,0.7578125,0.2421875,4.051894664764404,0.19120709101359035,0.19015513360500336,0.3499999940395355,0.8674502968788147
8,14000,0.0979020979020979,11,9,0.35,303,1536,0.77734375,0.22265625,4.067399819691976,0.20671224594116167,0.18445514142513275,0.3500001132488251,0.8674501578013102
8,14000,0.0979020979020979,11,9,0.5,101,1536,0.6998697916666666,0.30013020833333337,4.235350608825684,0.37466303507486964,0.3529132306575775,0.4999995430310567,1.239213466644287
8,14000,0.0979020979020979,11,9,0.5,202,1536,0.6822916666666666,0.31770833333333337,4.229694525400798,0.36900695164998387,0.36072850227355957,0.5000001390775045,1.239214579264323
8,14000,0.0979020979020979,11,9,0.5,303,1536,0.697265625,0.302734375,4.245613892873128,0.384926319122314,0.34950700402259827,0.5000000596046448,1.2392154932022095
8,14000,0.0979020979020979,11,9,0.75,101,1536,0.55859375,0.44140625,4.637211958567302,0.7765243848164878,0.7302160859107971,0.7500003973642985,1.858823339144389
8,14000,0.0979020979020979,11,9,0.75,202,1536,0.541015625,0.458984375,4.629213015238444,0.7685254414876304,0.7427019476890564,0.7500005563100179,1.8588240544001262
8,14000,0.0979020979020979,11,9,0.75,303,1536,0.57421875,0.42578125,4.644888559977214,0.7842009862263999,0.7251689036687216,0.7499996821085612,1.8588205973307292
8,14000,0.0979020979020979,11,10,0.35,101,1536,0.7571614583333334,0.24283854166666663,4.040702184041341,0.1800146102905269,0.1866273283958435,0.34999994436899823,1.0001237392425537
8,14000,0.0979020979020979,11,10,0.35,202,1536,0.7610677083333334,0.23893229166666663,4.058597882588704,0.19791030883789018,0.18362819155057272,0.3499998350938161,1.0001231829325359
8,14000,0.0979020979020979,11,10,0.35,303,1536,0.7649739583333334,0.23502604166666663,4.053542137145996,0.19285456339518214,0.18230336904525757,0.350000003973643,1.0001238981882732
8,14000,0.0979020979020979,11,10,0.5,101,1536,0.6653645833333334,0.33463541666666663,4.226498444875081,0.36581087112426713,0.3637160162130992,0.5000001390775045,1.4287491242090862
8,14000,0.0979020979020979,11,10,0.5,202,1536,0.6692708333333334,0.33072916666666663,4.246957937876384,0.3862703641255698,0.35767920811971027,0.5000002185503641,1.4287499984105427
8,14000,0.0979020979020979,11,10,0.5,303,1536,0.6783854166666666,0.32161458333333337,4.2388224601745605,0.3781348864237466,0.35589783390363056,0.4999999900658925,1.4287493626276653
8,14000,0.0979020979020979,11,10,0.75,101,1536,0.5384114583333334,0.46158854166666663,4.636195182800293,0.775507609049479,0.7565498948097229,0.7500000794728597,2.143122673034668
8,14000,0.0979020979020979,11,10,0.75,202,1536,0.5377604166666666,0.46223958333333337,4.662081877390544,0.80139430363973,0.7519625624020895,0.7500000993410746,2.1431233882904053
8,14000,0.0979020979020979,11,10,0.75,303,1536,0.5423177083333334,0.45768229166666663,4.647327740987142,0.7866401672363277,0.7423316637674967,0.7499997019767761,2.1431225140889487
8,14000,0.0979020979020979,23,1,0.35,101,1536,0.7740885416666666,0.22591145833333337,4.016987164815267,0.1637477874755855,0.13520793120066324,0.349999596675237,0.38688979546229046
8,14000,0.0979020979020979,23,1,0.35,202,1536,0.79296875,0.20703125,3.989185094833374,0.13594571749369289,0.13978037734826407,0.34999987483024597,0.38689011335372925
8,14000,0.0979020979020979,23,1,0.35,303,1536,0.7766927083333334,0.22330729166666663,4.011046250661214,0.15780687332153276,0.1367959181467692,0.3500000635782878,0.3868903120358785
8,14000,0.0979020979020979,23,1,0.5,101,1536,0.677734375,0.322265625,4.238839467366536,0.385600090026855,0.3362686534722646,0.4999994933605194,0.552699863910675
8,14000,0.0979020979020979,23,1,0.5,202,1536,0.69921875,0.30078125,4.216298262278239,0.3630588849385581,0.3514513472716014,0.5000002384185791,0.5527006189028422
8,14000,0.0979020979020979,23,1,0.5,303,1536,0.6809895833333334,0.31901041666666663,4.2351142565409345,0.3818748792012534,0.34442683060963947,0.5000002980232239,0.5527005990346273
8,14000,0.0979020979020979,23,1,0.75,101,1536,0.494140625,0.505859375,4.962174574534099,1.1089351971944175,1.0092865824699402,0.75,0.8290505011876425
8,14000,0.0979020979020979,23,1,0.75,202,1536,0.5045572916666666,0.49544270833333337,4.966049353281657,1.112809975941976,1.042584220568339,0.750000516573588,0.8290511965751648
8,14000,0.0979020979020979,23,1,0.75,303,1536,0.501953125,0.498046875,4.959104537963867,1.105865160624186,1.018040955066681,0.7499995827674866,0.8290500640869141
8,14000,0.0979020979020979,23,2,0.35,101,1536,0.7779947916666666,0.22200520833333337,4.017911434173584,0.16467205683390285,0.1372606704632441,0.3500003119309743,0.43496671319007874
8,14000,0.0979020979020979,23,2,0.35,202,1536,0.7799479166666666,0.22005208333333337,4.001644134521484,0.14840475718180324,0.13430641094843546,0.35000040133794147,0.43496690193812054
8,14000,0.0979020979020979,23,2,0.35,303,1536,0.7819010416666666,0.21809895833333337,4.004476388295491,0.1512370109558101,0.1336431403954824,0.35000065962473553,0.43496720989545185
8,14000,0.0979020979020979,23,2,0.5,101,1536,0.6868489583333334,0.31315104166666663,4.241783459981282,0.3885440826416011,0.3376601239045461,0.5000001192092896,0.6213806470235189
8,14000,0.0979020979020979,23,2,0.5,202,1536,0.6901041666666666,0.30989583333333337,4.2214094797770185,0.3681701024373374,0.33144135276476544,0.49999983112017315,0.6213803092638651
8,14000,0.0979020979020979,23,2,0.5,303,1536,0.6875,0.3125,4.222461700439453,0.369222323099772,0.32911673188209534,0.4999992251396179,0.6213794946670532
8,14000,0.0979020979020979,23,2,0.75,101,1536,0.5065104166666666,0.49348958333333337,4.943482875823975,1.0902434984842935,0.9836686452229818,0.7499999602635702,0.932070791721344
8,14000,0.0979020979020979,23,2,0.75,202,1536,0.5169270833333334,0.48307291666666663,4.916000684102376,1.0627613067626949,0.9742298722267151,0.750000536441803,0.932071328163147
8,14000,0.0979020979020979,23,2,0.75,303,1536,0.513671875,0.486328125,4.935400327046712,1.0821609497070308,0.9803394277890524,0.750000019868215,0.9320707519849142
8,14000,0.0979020979020979,23,3,0.35,101,1536,0.7962239583333334,0.20377604166666663,4.002465565999349,0.14922618865966752,0.12172705680131912,0.350000003973643,0.4789101779460907
8,14000,0.0979020979020979,23,3,0.35,202,1536,0.7858072916666666,0.21419270833333337,3.9898533821105957,0.13661400477091457,0.11675099780162175,0.34999996423721313,0.47891005873680115
8,14000,0.0979020979020979,23,3,0.35,303,1536,0.7955729166666666,0.20442708333333337,4.010178883870442,0.15693950653076127,0.12210755546887715,0.3499995172023773,0.4789094726244609
8,14000,0.0979020979020979,23,3,0.5,101,1536,0.6985677083333334,0.30143229166666663,4.215050379435222,0.3618110020955405,0.3049450218677521,0.4999998112519582,0.6841569542884827
8,14000,0.0979020979020979,23,3,0.5,202,1536,0.6861979166666666,0.31380208333333337,4.193431536356608,0.34019215901692723,0.2909996708234151,0.49999987085660297,0.684157133102417
8,14000,0.0979020979020979,23,3,0.5,303,1536,0.6959635416666666,0.30403645833333337,4.231926997502645,0.3786876201629634,0.306867520014445,0.5000000397364298,0.6841574112574259
8,14000,0.0979020979020979,23,3,0.75,101,1536,0.5143229166666666,0.48567708333333337,4.912316004435222,1.0590766270955405,0.9247132738431295,0.7500001390775045,1.0262361367543538
8,14000,0.0979020979020979,23,3,0.75,202,1536,0.4869791666666667,0.5130208333333333,4.894328276316325,1.041088898976644,0.9192998806635538,0.7500000993410746,1.0262360175450642
8,14000,0.0979020979020979,23,3,0.75,303,1536,0.5013020833333334,0.49869791666666663,4.945315043131511,1.0920756657918296,0.9422954122225443,0.7500000993410746,1.0262360572814941
8,14000,0.0979020979020979,23,4,0.35,101,1536,0.71484375,0.28515625,4.114127477010091,0.2608880996704097,0.2642935911814372,0.35000019272168476,0.5649535854657491
8,14000,0.0979020979020979,23,4,0.35,202,1536,0.720703125,0.279296875,4.163850466410319,0.31061108907063817,0.2916315793991089,0.3499997556209564,0.5649529298146566
8,14000,0.0979020979020979,23,4,0.35,303,1536,0.7083333333333334,0.29166666666666663,4.145902236302693,0.29266285896301225,0.28557706872622174,0.35000001390775043,0.5649543404579163
8,14000,0.0979020979020979,23,4,0.5,101,1536,0.611328125,0.388671875,4.409382661183675,0.5561432838439937,0.5334044496218363,0.500000019868215,0.807076613108317
8,14000,0.0979020979020979,23,4,0.5,202,1536,0.6080729166666666,0.39192708333333337,4.494073549906413,0.6408341725667319,0.5953216751416525,0.5000003178914388,0.807076652844747
8,14000,0.0979020979020979,23,4,0.5,303,1536,0.5833333333333334,0.41666666666666663,4.474411646525065,0.6211722691853843,0.5878123839696249,0.500000019868215,0.8070763746897379
8,14000,0.0979020979020979,23,4,0.75,101,1536,0.4446614583333333,0.5553385416666667,5.124559720357259,1.2713203430175777,1.192325194676717,0.7500001788139343,1.2106151580810547
8,14000,0.0979020979020979,23,4,0.75,202,1536,0.4264322916666667,0.5735677083333333,5.2742851575215655,1.4210457801818843,1.3315037488937378,0.7499999602635702,1.210615634918213
8,14000,0.0979020979020979,23,4,0.75,303,1536,0.4153645833333333,0.5846354166666667,5.264224211374919,1.4109848340352378,1.325664758682251,0.7499998609224955,1.2106146812438965
8,14000,0.0979020979020979,23,5,0.35,101,1536,0.7317708333333334,0.26822916666666663,4.152645270029704,0.29940589269002293,0.26701389749844867,0.35000040133794147,0.5962457656860352
8,14000,0.0979020979020979,23,5,0.35,202,1536,0.7369791666666666,0.26302083333333337,4.1880574226379395,0.3348180452982583,0.2721760670344035,0.34999971588452655,0.596243421236674
8,14000,0.0979020979020979,23,5,0.35,303,1536,0.7272135416666666,0.27278645833333337,4.140209515889485,0.28697013854980424,0.27307812372843426,0.34999987483024597,0.5962438782056173
8,14000,0.0979020979020979,23,5,0.5,101,1536,0.625,0.375,4.441754976908366,0.588515599568685,0.5248550971349081,0.5000001788139343,0.8517770965894064
8,14000,0.0979020979020979,23,5,0.5,202,1536,0.63671875,0.36328125,4.475953737894694,0.6227143605550132,0.5247412323951721,0.4999998211860657,0.8517774144808451
8,14000,0.0979020979020979,23,5,0.5,303,1536,0.6217447916666666,0.37825520833333337,4.424365679423015,0.5711263020833335,0.5338704784711202,0.5000002384185791,0.8517777919769287
8,14000,0.0979020979020979,23,5,0.75,101,1536,0.4765625,0.5234375,5.1117838223775225,1.2585444450378414,1.1481674512227376,0.7500001986821493,1.2776663700739543
8,14000,0.0979020979020979,23,5,0.75,202,1536,0.4817708333333333,0.5182291666666667,5.122983932495117,1.269744555155436,1.108234206835429,0.7499998807907104,1.2776659329732258
8,14000,0.0979020979020979,23,5,0.75,303,1536,0.4505208333333333,0.5494791666666667,5.0859676996866865,1.2327283223470054,1.1545449097951253,0.7499996026357015,1.2776660521825154
8,14000,0.0979020979020979,23,6,0.35,101,1536,0.744140625,0.255859375,4.131274382273356,0.2780350049336753,0.24500801165898642,0.34999963641166687,0.6197847723960876
8,14000,0.0979020979020979,23,6,0.35,202,1536,0.7291666666666666,0.27083333333333337,4.109921932220459,0.25668255488077785,0.248740091919899,0.3499997556209564,0.6197847922643026
8,14000,0.0979020979020979,23,6,0.35,303,1536,0.734375,0.265625,4.1044966379801435,0.2512572606404624,0.24780723949273428,0.3499997655550639,0.6197845935821533
8,14000,0.0979020979020979,23,6,0.5,101,1536,0.66015625,0.33984375,4.385424772898356,0.5321853955586753,0.4702399671077728,0.5000001688798269,0.8854072690010071
8,14000,0.0979020979020979,23,6,0.5,202,1536,0.6360677083333334,0.36393229166666663,4.3624575932820635,0.5092182159423824,0.4793442289034526,0.49999964237213135,0.885405977567037
8,14000,0.0979020979020979,23,6,0.5,303,1536,0.6555989583333334,0.34440104166666663,4.353658199310303,0.5004188219706216,0.47189048926035565,0.5000004967053732,0.8854078451792399
8,14000,0.0979020979020979,23,6,0.75,101,1536,0.513671875,0.486328125,4.945638179779053,1.0923988024393716,0.9808361331621805,0.7499995231628418,1.3281100591023762
8,14000,0.0979020979020979,23,6,0.75,202,1536,0.4973958333333333,0.5026041666666667,4.924188613891602,1.0709492365519204,1.0005435546239216,0.7500003576278687,1.3281115690867107
8,14000,0.0979020979020979,23,6,0.75,303,1536,0.5104166666666666,0.48958333333333337,4.900658925374349,1.0474195480346675,0.9729414780934652,0.7500000993410746,1.3281112511952717
8,14000,0.0979020979020979,23,7,0.35,101,1536,0.7434895833333334,0.25651041666666663,4.086451689402263,0.23321231206258153,0.2225340654452642,0.35000033179918927,0.6618115305900574
8,14000,0.0979020979020979,23,7,0.35,202,1536,0.7591145833333334,0.24088541666666663,4.079632600148519,0.22639322280883745,0.21800793707370758,0.3499997854232788,0.6618103782335917
8,14000,0.0979020979020979,23,7,0.35,303,1536,0.7571614583333334,0.24283854166666663,4.084522883097331,0.2312835057576499,0.22183980544408163,0.35000040133794147,0.661811908086141
8,14000,0.0979020979020979,23,7,0.5,101,1536,0.65625,0.34375,4.2905623118082685,0.4373229344685874,0.4086264868577321,0.4999998112519582,0.9454445838928223
8,14000,0.0979020979020979,23,7,0.5,202,1536,0.671875,0.328125,4.283632278442383,0.4303929011027017,0.4093019862969716,0.5000001688798269,0.9454452196756998
8,14000,0.0979020979020979,23,7,0.5,303,1536,0.6608072916666666,0.33919270833333337,4.287216981252034,0.43397760391235307,0.41501516103744507,0.5000001788139343,0.9454448223114014
8,14000,0.0979020979020979,23,7,0.75,101,1536,0.53125,0.46875,4.737586339314778,0.8843469619750972,0.8200298349062601,0.7500001986821493,1.4181678295135498
8,14000,0.0979020979020979,23,7,0.75,202,1536,0.529296875,0.470703125,4.7378926277160645,0.8846532503763833,0.8343324661254883,0.7499998013178507,1.418166716893514
8,14000,0.0979020979020979,23,7,0.75,303,1536,0.53125,0.46875,4.733597596486409,0.8803582191467281,0.8450724879900614,0.7499999602635702,1.4181660811106365
8,14000,0.0979020979020979,23,8,0.35,101,1536,0.7526041666666666,0.24739583333333337,4.04944650332133,0.1962071259816489,0.19294327994187674,0.3500002721945445,0.7716654936472574
8,14000,0.0979020979020979,23,8,0.35,202,1536,0.767578125,0.232421875,4.0409007867177325,0.1876614093780513,0.19314872225125632,0.3499999741713206,0.7716640035311381
8,14000,0.0979020979020979,23,8,0.35,303,1536,0.7591145833333334,0.24088541666666663,4.021415551503499,0.16817617416381792,0.19380963345368704,0.3500002125898997,0.771665354569753
8,14000,0.0979020979020979,23,8,0.5,101,1536,0.6848958333333334,0.31510416666666663,4.22300386428833,0.36976448694864894,0.35631823539733887,0.4999995827674866,1.1023768186569214
8,14000,0.0979020979020979,23,8,0.5,202,1536,0.6848958333333334,0.31510416666666663,4.199252605438232,0.3460132280985513,0.3549843430519104,0.4999999701976776,1.1023786067962646
8,14000,0.0979020979020979,23,8,0.5,303,1536,0.681640625,0.318359375,4.187039375305176,0.33379999796549464,0.35735884308815,0.49999966224034625,1.102377971013387
8,14000,0.0979020979020979,23,8,0.75,101,1536,0.5592447916666666,0.44075520833333337,4.605019728342692,0.7517803510030112,0.718324343363444,0.7500002185503641,1.6535673538843791
8,14000,0.0979020979020979,23,8,0.75,202,1536,0.576171875,0.423828125,4.5598251024882,0.706585725148519,0.7179259657859802,0.7500000993410746,1.653567632039388
8,14000,0.0979020979020979,23,8,0.75,303,1536,0.5546875,0.4453125,4.571523348490397,0.7182839711507163,0.72753377755483,0.7500002582867941,1.6535681088765461
8,14000,0.0979020979020979,23,9,0.35,101,1536,0.7649739583333334,0.23502604166666663,4.0325164794921875,0.17927710215250636,0.19132429361343384,0.35000036160151166,0.8779562910397848
8,14000,0.0979020979020979,23,9,0.35,202,1536,0.7649739583333334,0.23502604166666663,4.049715360005696,0.19647598266601518,0.18843227128187814,0.35000014305114746,0.8779558142026266
8,14000,0.0979020979020979,23,9,0.35,303,1536,0.779296875,0.220703125,4.031419595082601,0.17818021774291948,0.19995825986067453,0.35000022252400714,0.8779561122258505
8,14000,0.0979020979020979,23,9,0.5,101,1536,0.6751302083333334,0.32486979166666663,4.200683832168579,0.34744445482889796,0.35532479484875995,0.4999998410542806,1.254221796989441
8,14000,0.0979020979020979,23,9,0.5,202,1536,0.6875,0.3125,4.223165988922119,0.369926611582438,0.35514190793037415,0.5000000993410746,1.2542215983072917
8,14000,0.0979020979020979,23,9,0.5,303,1536,0.6907552083333334,0.30924479166666663,4.2094855308532715,0.35624615351359035,0.3698229392369588,0.5000003377596537,1.2542228698730469
8,14000,0.0979020979020979,23,9,0.75,101,1536,0.5423177083333334,0.45768229166666663,4.590743223826091,0.7375038464864097,0.7300772865613302,0.7499997218449911,1.8813331127166748
8,14000,0.0979020979020979,23,9,0.75,202,1536,0.5475260416666666,0.45247395833333337,4.612962404886882,0.7597230275472007,0.7349207401275635,0.7499998609224955,1.8813321193059285
8,14000,0.0979020979020979,23,9,0.75,303,1536,0.5546875,0.4453125,4.6103196144104,0.7570802370707193,0.7525666157404581,0.7500001192092896,1.8813331921895344
8,14000,0.0979020979020979,23,10,0.35,101,1536,0.748046875,0.251953125,4.015609343846639,0.16236996650695756,0.19300475219885507,0.34999996423721313,1.0133082071940105
8,14000,0.0979020979020979,23,10,0.35,202,1536,0.7643229166666666,0.23567708333333337,4.047721068064372,0.1944816907246909,0.18574313819408417,0.35000012318293255,1.0133088827133179
8,14000,0.0979020979020979,23,10,0.35,303,1536,0.7428385416666666,0.25716145833333337,4.053084135055542,0.19984475771586085,0.19061227142810822,0.3499996562798818,1.0133076111475627
8,14000,0.0979020979020979,23,10,0.5,101,1536,0.6653645833333334,0.33463541666666663,4.19202979405721,0.33879041671752885,0.37580955028533936,0.49999956289927167,1.447582523028056
8,14000,0.0979020979020979,23,10,0.5,202,1536,0.677734375,0.322265625,4.229457537333171,0.37621815999348973,0.3609762986501058,0.4999999503294627,1.4475830793380737
8,14000,0.0979020979020979,23,10,0.5,303,1536,0.666015625,0.333984375,4.240525086720784,0.38728570938110307,0.3693926930427551,0.5000000397364298,1.4475839932759602
8,14000,0.0979020979020979,23,10,0.75,101,1536,0.5266927083333334,0.47330729166666663,4.597535610198975,0.7442962328592935,0.7859558661778768,0.750000019868215,2.1713755130767822
8,14000,0.0979020979020979,23,10,0.75,202,1536,0.5442708333333334,0.45572916666666663,4.632510821024577,0.779271443684896,0.7534384528795878,0.7499999602635702,2.171375274658203
8,14000,0.0979020979020979,23,10,0.75,303,1536,0.5384114583333334,0.46158854166666663,4.655524253845215,0.8022848765055337,0.7711227138837179,0.7500002980232239,2.1713765462239585
8,14000,0.0979020979020979,37,1,0.35,101,1536,0.7805989583333334,0.21940104166666663,3.975191116333008,0.10843356450398778,0.13316279649734497,0.35000063975652057,0.3905508915583293
8,14000,0.0979020979020979,37,1,0.35,202,1536,0.7688802083333334,0.23111979166666663,4.013187090555827,0.14642953872680708,0.1403468449910482,0.3500002721945445,0.39055047432581586
8,14000,0.0979020979020979,37,1,0.35,303,1536,0.7858072916666666,0.21419270833333337,3.9960926373799643,0.1293350855509443,0.13896075387795767,0.35000014305114746,0.39055033524831134
8,14000,0.0979020979020979,37,1,0.5,101,1536,0.6764322916666666,0.32356770833333337,4.187796910603841,0.3210393587748208,0.34473761916160583,0.49999993046124774,0.557928740978241
8,14000,0.0979020979020979,37,1,0.5,202,1536,0.6458333333333334,0.35416666666666663,4.24696159362793,0.38020404179890965,0.37020357449849445,0.5000004669030508,0.5579293568929037
8,14000,0.0979020979020979,37,1,0.5,303,1536,0.6822916666666666,0.31770833333333337,4.206509908040364,0.33975235621134425,0.35120876630147296,0.4999995728333791,0.5579283634821574
8,14000,0.0979020979020979,37,1,0.75,101,1536,0.4596354166666667,0.5403645833333333,4.9376152356465655,1.0708576838175454,1.0915508270263672,0.7499996423721313,0.8368927836418152
8,14000,0.0979020979020979,37,1,0.75,202,1536,0.4368489583333333,0.5631510416666667,5.071561177571614,1.2048036257425943,1.1700143416722615,0.7499998013178507,0.8368931214014689
8,14000,0.0979020979020979,37,1,0.75,303,1536,0.4856770833333333,0.5143229166666667,4.942628224690755,1.0758706728617349,1.0753326416015625,0.7499998410542806,0.8368930617968241
8,14000,0.0979020979020979,37,2,0.35,101,1536,0.783203125,0.216796875,3.977079232533773,0.1103216807047529,0.13714569807052612,0.35000025232632953,0.44004711508750916
8,14000,0.0979020979020979,37,2,0.35,202,1536,0.7740885416666666,0.22591145833333337,4.011511246363322,0.1447536945343022,0.13424684604008993,0.350000003973643,0.4400467773278554
8,14000,0.0979020979020979,37,2,0.35,303,1536,0.7845052083333334,0.21549479166666663,4.013418992360433,0.1466614405314126,0.1357233077287674,0.35000014305114746,0.4400470356146495
8,14000,0.0979020979020979,37,2,0.5,101,1536,0.6751302083333334,0.32486979166666663,4.172844568888347,0.3060870170593266,0.3418748875459035,0.5000005066394806,0.6286390423774719
8,14000,0.0979020979020979,37,2,0.5,202,1536,0.67578125,0.32421875,4.2248202959696455,0.35806274414062544,0.34196655948956806,0.4999998410542806,0.6286381681760153
8,14000,0.0979020979020979,37,2,0.5,303,1536,0.6868489583333334,0.31315104166666663,4.2210761706034345,0.3543186187744145,0.34413568178812665,0.5,0.6286383469899496
8,14000,0.0979020979020979,37,2,0.75,101,1536,0.4739583333333333,0.5260416666666667,4.887124379475911,1.0203668276468911,1.0608775615692139,0.7500000794728597,0.9429576198259989
8,14000,0.0979020979020979,37,2,0.75,202,1536,0.46484375,0.53515625,4.934348106384277,1.0675905545552573,1.0465466976165771,0.7499999006589254,0.9429574211438497
8,14000,0.0979020979020979,37,2,0.75,303,1536,0.4739583333333333,0.5260416666666667,4.94022003809611,1.0734624862670903,1.070433537165324,0.7499998609224955,0.9429573019345602
8,14000,0.0979020979020979,37,3,0.35,101,1536,0.7884114583333334,0.21158854166666663,4.008155107498169,0.1413975556691489,0.12804201742013296,0.34999968608220416,0.48231497406959534
8,14000,0.0979020979020979,37,3,0.35,202,1536,0.79296875,0.20703125,4.008403301239014,0.14164574940999364,0.12642162789901099,0.3500005801518758,0.4823162357012431
8,14000,0.0979020979020979,37,3,0.35,303,1536,0.78125,0.21875,3.9850929578145347,0.11833540598551462,0.12067029376824696,0.34999968608220416,0.482315053542455
8,14000,0.0979020979020979,37,3,0.5,101,1536,0.6946614583333334,0.30533854166666663,4.216493924458821,0.3497363726298013,0.32804861664772034,0.49999980131785077,0.6890218059221903
8,14000,0.0979020979020979,37,3,0.5,202,1536,0.6946614583333334,0.30533854166666663,4.208273887634277,0.3415163358052573,0.31175986925760907,0.4999997019767761,0.6890215873718262
8,14000,0.0979020979020979,37,3,0.5,303,1536,0.6881510416666666,0.31184895833333337,4.18071444829305,0.3139568964640298,0.3019063373406728,0.5000001390775045,0.6890222628911337
8,14000,0.0979020979020979,37,3,0.75,101,1536,0.4830729166666667,0.5169270833333333,4.91119368871053,1.0444361368815103,1.0041321118672688,0.7500003774960836,1.0335335334142048
8,14000,0.0979020979020979,37,3,0.75,202,1536,0.4895833333333333,0.5104166666666667,4.896397749582927,1.0296401977539067,0.9739805062611898,0.7499997615814209,1.0335326194763184
8,14000,0.0979020979020979,37,3,0.75,303,1536,0.4739583333333333,0.5260416666666667,4.894989808400472,1.0282322565714517,0.9827785690625509,0.7499999403953552,1.033533016840617
8,14000,0.0979020979020979,37,4,0.35,101,1536,0.7018229166666666,0.29817708333333337,4.138442913691203,0.27168536186218306,0.29660706718762714,0.35000001390775043,0.5612064401308695
8,14000,0.0979020979020979,37,4,0.35,202,1536,0.7115885416666666,0.28841145833333337,4.169881423314412,0.3031238714853921,0.2831583519776662,0.3499999741713206,0.5612063805262247
8,14000,0.0979020979020979,37,4,0.35,303,1536,0.7161458333333334,0.28385416666666663,4.184741020202637,0.3179834683736167,0.27909048398335773,0.3500000238418579,0.5612064202626547
8,14000,0.0979020979020979,37,4,0.5,101,1536,0.5904947916666666,0.40950520833333337,4.445418993631999,0.578661441802979,0.5991320013999939,0.5000000496705373,0.8017230828603109
8,14000,0.0979020979020979,37,4,0.5,202,1536,0.6087239583333334,0.39127604166666663,4.484138488769531,0.6173809369405112,0.583530863126119,0.4999996821085612,0.8017224073410034
8,14000,0.0979020979020979,37,4,0.5,303,1536,0.5983072916666666,0.40169270833333337,4.488938013712565,0.6221804618835454,0.5666053295135498,0.49999986092249554,0.8017224272092184
8,14000,0.0979020979020979,37,4,0.75,101,1536,0.4322916666666667,0.5677083333333333,5.159293015797933,1.2925354639689126,1.3123446702957153,0.7499997615814209,1.2025856574376423
8,14000,0.0979020979020979,37,4,0.75,202,1536,0.4401041666666667,0.5598958333333333,5.206584771474202,1.3398272196451821,1.2931809822718303,0.7499997218449911,1.2025845845540364
8,14000,0.0979020979020979,37,4,0.75,303,1536,0.4401041666666667,0.5598958333333333,5.208968162536621,1.342210610707601,1.2655559380849202,0.7499998211860657,1.2025848229726155
8,14000,0.0979020979020979,37,5,0.35,101,1536,0.7154947916666666,0.28450520833333337,4.152523994445801,0.28576644261678075,0.28053972125053406,0.34999991456667584,0.5914386113484701
8,14000,0.0979020979020979,37,5,0.35,202,1536,0.70703125,0.29296875,4.174213965733846,0.3074564139048257,0.28845417499542236,0.3500002920627594,0.5914400021235148
8,14000,0.0979020979020979,37,5,0.35,303,1536,0.728515625,0.271484375,4.1453789075215655,0.2786213556925454,0.26648418108622235,0.3500001132488251,0.5914392669995626
8,14000,0.0979020979020979,37,5,0.5,101,1536,0.6171875,0.3828125,4.442455927530925,0.5756983757019047,0.5581918557484945,0.49999996026357013,0.844912032286326
8,14000,0.0979020979020979,37,5,0.5,202,1536,0.5970052083333334,0.40299479166666663,4.467711766560872,0.6009542147318521,0.5686254700024923,0.5000001192092896,0.844912608464559
8,14000,0.0979020979020979,37,5,0.5,303,1536,0.6197916666666666,0.38020833333333337,4.414849599202474,0.5480920473734536,0.5254742503166199,0.4999997019767761,0.8449116945266724
8,14000,0.0979020979020979,37,5,0.75,101,1536,0.4407552083333333,0.5592447916666667,5.11916716893514,1.2524096171061196,1.2190180619557698,0.7499999205271403,1.267369270324707
8,14000,0.0979020979020979,37,5,0.75,202,1536,0.4231770833333333,0.5768229166666667,5.1614376703898115,1.2946801185607915,1.241375207901001,0.7500003178914388,1.2673687140146892
8,14000,0.0979020979020979,37,5,0.75,303,1536,0.4563802083333333,0.5436197916666667,5.060415903727214,1.1936583518981938,1.1486000617345173,0.7499998807907104,1.2673696279525757
8,14000,0.0979020979020979,37,6,0.35,101,1536,0.724609375,0.275390625,4.162563482920329,0.29580593109130904,0.27459553877512616,0.3499997754891713,0.6188399394353231
8,14000,0.0979020979020979,37,6,0.35,202,1536,0.7330729166666666,0.26692708333333337,4.123723983764648,0.2569664319356284,0.25354568660259247,0.350000262260437,0.6188409527142843
8,14000,0.0979020979020979,37,6,0.35,303,1536,0.7239583333333334,0.27604166666666663,4.13751753171285,0.2707599798838296,0.25844699144363403,0.35000033179918927,0.6188416481018066
8,14000,0.0979020979020979,37,6,0.5,101,1536,0.623046875,0.376953125,4.429961204528809,0.5632036526997886,0.5274736285209656,0.4999999503294627,0.8840577602386475
8,14000,0.0979020979020979,37,6,0.5,202,1536,0.6217447916666666,0.37825520833333337,4.375307718912761,0.5085501670837407,0.4919181863466899,0.500000019868215,0.8840583364168803
8,14000,0.0979020979020979,37,6,0.5,303,1536,0.6432291666666666,0.35677083333333337,4.4065423011779785,0.5397847493489585,0.5076518456141154,0.5000004371007284,0.8840585350990295
8,14000,0.0979020979020979,37,6,0.75,101,1536,0.4798177083333333,0.5201822916666667,4.9900258382161455,1.1232682863871255,1.0722784996032715,0.7499997814496359,1.326086401939392
8,14000,0.0979020979020979,37,6,0.75,202,1536,0.4733072916666667,0.5266927083333333,4.959409395853679,1.0926518440246586,1.048509379227956,0.7499997814496359,1.3260863224665325
8,14000,0.0979020979020979,37,6,0.75,303,1536,0.494140625,0.505859375,5.013836701711019,1.1470791498819985,1.0799304644266765,0.7500005563100179,1.3260887066523235
8,14000,0.0979020979020979,37,7,0.35,101,1536,0.74609375,0.25390625,4.148694038391113,0.28193648656209325,0.23288360238075256,0.3499997754891713,0.6599498192469279
8,14000,0.0979020979020979,37,7,0.35,202,1536,0.7565104166666666,0.24348958333333337,4.122138500213623,0.255380948384603,0.23478294412295023,0.3500002324581146,0.659951408704122
8,14000,0.0979020979020979,37,7,0.35,303,1536,0.7610677083333334,0.23893229166666663,4.0804572105407715,0.21369965871175145,0.2357084552447001,0.3500000834465027,0.6599507729212443
8,14000,0.0979020979020979,37,7,0.5,101,1536,0.6510416666666666,0.34895833333333337,4.3807441393534345,0.5139865875244145,0.4447500904401143,0.49999985098838806,0.9427854816118876
8,14000,0.0979020979020979,37,7,0.5,202,1536,0.6634114583333334,0.33658854166666663,4.3444468180338545,0.47768926620483443,0.4457981288433075,0.5000001192092896,0.9427854617436727
8,14000,0.0979020979020979,37,7,0.5,303,1536,0.6588541666666666,0.34114583333333337,4.290279388427734,0.42352183659871434,0.4482104976971944,0.5000001986821493,0.9427862167358398
8,14000,0.0979020979020979,37,7,0.75,101,1536,0.517578125,0.482421875,4.8625437418619795,0.9957861900329594,0.9100939830144247,0.750000019868215,1.4141793648401897
8,14000,0.0979020979020979,37,7,0.75,202,1536,0.5188802083333334,0.48111979166666663,4.816152572631836,0.9493950208028159,0.904646098613739,0.7499995628992716,1.4141773382822673
8,14000,0.0979020979020979,37,7,0.75,303,1536,0.5162760416666666,0.48372395833333337,4.751980463663737,0.8852229118347172,0.912532389163971,0.7499999403953552,1.4141785701115925
8,14000,0.0979020979020979,37,8,0.35,101,1536,0.7623697916666666,0.23763020833333337,4.070987939834595,0.2042303880055747,0.2039464513460795,0.3500000635782878,0.7670080661773682
8,14000,0.0979020979020979,37,8,0.35,202,1536,0.763671875,0.236328125,4.05546768506368,0.18871013323465968,0.19967800378799438,0.3499997655550639,0.7670069336891174
8,14000,0.0979020979020979,37,8,0.35,303,1536,0.7486979166666666,0.25130208333333337,4.035876115163167,0.169118563334147,0.20515628655751547,0.34999996423721313,0.7670078674952189
8,14000,0.0979020979020979,37,8,0.5,101,1536,0.671875,0.328125,4.250256220499675,0.38349866867065474,0.3793410658836365,0.49999980131785077,1.0957250992457073
8,14000,0.0979020979020979,37,8,0.5,202,1536,0.6790364583333334,0.32096354166666663,4.225846608479817,0.3590890566507974,0.37359567483266193,0.4999999900658925,1.0957247813542683
8,14000,0.0979020979020979,37,8,0.5,303,1536,0.6673177083333334,0.33268229166666663,4.207804203033447,0.34104665120442723,0.387443870306015,0.49999964237213135,1.0957247813542683
8,14000,0.0979020979020979,37,8,0.75,101,1536,0.5416666666666666,0.45833333333333337,4.63634713490804,0.76958958307902,0.7649704019228617,0.7499996622403463,1.6435882250467937
8,14000,0.0979020979020979,37,8,0.75,202,1536,0.556640625,0.443359375,4.607531865437825,0.7407743136088052,0.7600460847218832,0.7499998211860657,1.643587549527486
8,14000,0.0979020979020979,37,8,0.75,303,1536,0.525390625,0.474609375,4.590756734212239,0.7239991823832193,0.7859947482744852,0.7500004967053732,1.6435883045196533
8,14000,0.0979020979020979,37,9,0.35,101,1536,0.755859375,0.244140625,4.038325786590576,0.17156823476155614,0.18768091003100076,0.3499999741713206,0.8694793581962585
8,14000,0.0979020979020979,37,9,0.35,202,1536,0.7526041666666666,0.24739583333333337,4.038468758265178,0.17171120643615767,0.19285662472248077,0.35000001390775043,0.8694789012273153
8,14000,0.0979020979020979,37,9,0.35,303,1536,0.763671875,0.236328125,4.07204008102417,0.2052825291951499,0.19273836414019266,0.35000015298525494,0.869479775428772
8,14000,0.0979020979020979,37,9,0.5,101,1536,0.6731770833333334,0.32682291666666663,4.209290981292725,0.3425334294637046,0.3605636755625407,0.5000001092751821,1.2421135505040486
8,14000,0.0979020979020979,37,9,0.5,202,1536,0.654296875,0.345703125,4.209173202514648,0.3424156506856284,0.3685129185517629,0.4999999701976776,1.2421138683954875
8,14000,0.0979020979020979,37,9,0.5,303,1536,0.6673177083333334,0.33268229166666663,4.25505256652832,0.3882950146993003,0.3651370902856191,0.4999997019767761,1.2421124776204426
8,14000,0.0979020979020979,37,9,0.75,101,1536,0.5377604166666666,0.46223958333333337,4.5980831782023115,0.7313256263732915,0.7564541300137838,0.7499999205271403,1.8631691535313923
8,14000,0.0979020979020979,37,9,0.75,202,1536,0.521484375,0.478515625,4.603405793507894,0.7366482416788735,0.7703242500623068,0.7500002582867941,1.8631702264149983
8,14000,0.0979020979020979,37,9,0.75,303,1536,0.537109375,0.462890625,4.659813563028972,0.7930560111999516,0.7604488531748453,0.7500000397364298,1.8631697098414104
8,14000,0.0979020979020979,37,10,0.35,101,1536,0.7552083333333334,0.24479166666666663,4.016538302103679,0.14978075027465865,0.18462947507699332,0.3500000635782878,1.0051820675532024
8,14000,0.0979020979020979,37,10,0.35,202,1536,0.759765625,0.240234375,4.0376503467559814,0.1708927949269614,0.1818524400393168,0.3499995370705922,1.0051803986231487
8,14000,0.0979020979020979,37,10,0.35,303,1536,0.7565104166666666,0.24348958333333337,4.032847166061401,0.16608961423238133,0.17750997841358185,0.34999994436899823,1.005181650320689
8,14000,0.0979020979020979,37,10,0.5,101,1536,0.6666666666666666,0.33333333333333337,4.182162602742513,0.3154050509134927,0.35945652921994525,0.49999983112017315,1.4359736839930217
8,14000,0.0979020979020979,37,10,0.5,202,1536,0.666015625,0.333984375,4.2083462079366045,0.3415886561075845,0.35725971062978107,0.49999996026357013,1.43597412109375
8,14000,0.0979020979020979,37,10,0.5,303,1536,0.677734375,0.322265625,4.200940847396851,0.33418329556783055,0.3486522138118744,0.4999999403953552,1.4359740018844604
8,14000,0.0979020979020979,37,10,0.75,101,1536,0.5234375,0.4765625,4.568316300710042,0.701558748881022,0.7583884994188944,0.7500004172325134,2.1539620558420816
8,14000,0.0979020979020979,37,10,0.75,202,1536,0.5266927083333334,0.47330729166666663,4.598294734954834,0.731537183125814,0.7555973132451376,0.7500002384185791,2.153961976369222
8,14000,0.0979020979020979,37,10,0.75,303,1536,0.54296875,0.45703125,4.584970315297444,0.7182127634684243,0.7385487159093221,0.7500005761782328,2.1539626916249595
8,72000,0.5034965034965035,11,1,0.35,101,1536,0.7591145833333334,0.24088541666666663,3.994060198465983,0.17081944147745753,0.16565034290154776,0.35000001390775043,0.2889484167098999
8,72000,0.5034965034965035,11,1,0.35,202,1536,0.775390625,0.224609375,3.9665732383728027,0.14333248138427734,0.1603536307811737,0.3500002721945445,0.288948655128479
8,72000,0.5034965034965035,11,1,0.35,303,1536,0.7688802083333334,0.23111979166666663,3.9668115774790444,0.14357082049051906,0.16658402979373932,0.3500003715356191,0.28894872466723126
8,72000,0.5034965034965035,11,1,0.5,101,1536,0.6412760416666666,0.35872395833333337,4.221662203470866,0.3984214464823408,0.3868645429611206,0.5000001986821493,0.41278356313705444
8,72000,0.5034965034965035,11,1,0.5,202,1536,0.6595052083333334,0.34049479166666663,4.187301158905029,0.3640604019165039,0.3815435965855916,0.49999961256980896,0.41278304656346637
8,72000,0.5034965034965035,11,1,0.5,303,1536,0.6640625,0.3359375,4.198344707489014,0.3751039505004883,0.39644457896550495,0.49999942382176715,0.4127829174200694
8,72000,0.5034965034965035,11,1,0.75,101,1536,0.46484375,0.53515625,4.93055534362793,1.1073145866394043,1.078173319498698,0.7499996026357015,0.6191748181978861
8,72000,0.5034965034965035,11,1,0.75,202,1536,0.4739583333333333,0.5260416666666667,4.920520782470703,1.0972800254821777,1.081612507502238,0.7499999403953552,0.61917511622111
8,72000,0.5034965034965035,11,1,0.75,303,1536,0.4635416666666667,0.5364583333333333,4.961637814839681,1.1383970578511553,1.120926022529602,0.7499998410542806,0.6191750963528951
8,72000,0.5034965034965035,11,2,0.35,101,1536,0.7903645833333334,0.20963541666666663,3.9450434843699136,0.1218027273813882,0.15095139543215433,0.34999968608220416,0.3306095500787099
8,72000,0.5034965034965035,11,2,0.35,202,1536,0.7701822916666666,0.22981770833333337,3.9687064488728843,0.14546569188435887,0.1488556315501531,0.3500002821286519,0.3306100567181905
8,72000,0.5034965034965035,11,2,0.35,303,1536,0.8001302083333334,0.19986979166666663,3.9618239402770996,0.13858318328857422,0.15006024142106375,0.34999985496203107,0.33060969909032184
8,72000,0.5034965034965035,11,2,0.5,101,1536,0.6725260416666666,0.32747395833333337,4.168146928151448,0.3449061711629229,0.36757920185724896,0.5000001788139343,0.4722998837629954
8,72000,0.5034965034965035,11,2,0.5,202,1536,0.6588541666666666,0.34114583333333337,4.174074808756511,0.3508340517679853,0.35992165406545,0.5,0.4722997049490611
8,72000,0.5034965034965035,11,2,0.5,303,1536,0.6979166666666666,0.30208333333333337,4.172310670216878,0.34906991322835257,0.35354384779930115,0.49999991059303284,0.4722997148831685
8,72000,0.5034965034965035,11,2,0.75,101,1536,0.4973958333333333,0.5026041666666667,4.851670106252034,1.0284293492635088,1.0136504173278809,0.7500000794728597,0.7084497412045797
8,72000,0.5034965034965035,11,2,0.75,202,1536,0.4772135416666667,0.5227864583333333,4.845816294352214,1.0225755373636884,1.010014037291209,0.75,0.7084496021270752
8,72000,0.5034965034965035,11,2,0.75,303,1536,0.5013020833333334,0.49869791666666663,4.839382648468018,1.0161418914794922,0.9967149496078491,0.7499996423721313,0.7084491848945618
8,72000,0.5034965034965035,11,3,0.35,101,1536,0.7819010416666666,0.21809895833333337,3.961406866709391,0.13816610972086574,0.1339980959892273,0.3500000635782878,0.3553035457928975
8,72000,0.5034965034965035,11,3,0.35,202,1536,0.7890625,0.2109375,3.994396209716797,0.17115545272827148,0.1325584501028061,0.34999987483024597,0.3553032875061035
8,72000,0.5034965034965035,11,3,0.35,303,1536,0.7877604166666666,0.21223958333333337,3.9833922386169434,0.16015148162841797,0.1347139651576678,0.3500000536441803,0.35530338684717816
8,72000,0.5034965034965035,11,3,0.5,101,1536,0.6686197916666666,0.33138020833333337,4.161324659983317,0.33808390299479196,0.3210974335670471,0.499999741713206,0.5075759490331014
8,72000,0.5034965034965035,11,3,0.5,202,1536,0.6809895833333334,0.31901041666666663,4.198573748270671,0.3753329912821455,0.3200610081354777,0.5000001092751821,0.5075764060020447
8,72000,0.5034965034965035,11,3,0.5,303,1536,0.6881510416666666,0.31184895833333337,4.189301013946533,0.3660602569580078,0.3212226827939351,0.49999990065892536,0.5075761675834656
8,72000,0.5034965034965035,11,3,0.75,101,1536,0.474609375,0.525390625,4.79824177424113,0.9750010172526045,0.9105263948440552,0.7500003576278687,0.761364738146464
8,72000,0.5034965034965035,11,3,0.75,202,1536,0.490234375,0.509765625,4.863575299580892,1.0403345425923662,0.9282380938529968,0.7499998013178507,0.7613641619682312
8,72000,0.5034965034965035,11,3,0.75,303,1536,0.4811197916666667,0.5188802083333333,4.822248776753743,0.9990080197652178,0.9178129633267721,0.7499994238217672,0.7613637646039327
8,72000,0.5034965034965035,11,4,0.35,101,1536,0.67578125,0.32421875,4.27202049891154,0.4487797419230146,0.443211962779363,0.3500002721945445,0.4062862992286682
8,72000,0.5034965034965035,11,4,0.35,202,1536,0.6731770833333334,0.32682291666666663,4.231926441192627,0.40868568420410156,0.4188729425271352,0.3500000437100728,0.40628547469774884
8,72000,0.5034965034965035,11,4,0.35,303,1536,0.6920572916666666,0.30794270833333337,4.199663003285726,0.3764222462972002,0.4088747799396515,0.35000044107437134,0.40628594160079956
8,72000,0.5034965034965035,11,4,0.5,101,1536,0.5247395833333334,0.47526041666666663,4.782403310139974,0.9591625531514483,0.9095557928085327,0.49999986092249554,0.5804077386856079
8,72000,0.5034965034965035,11,4,0.5,202,1536,0.5358072916666666,0.46419270833333337,4.683082898457845,0.8598421414693194,0.8378812472025553,0.5000003576278687,0.5804078578948975
8,72000,0.5034965034965035,11,4,0.5,303,1536,0.564453125,0.435546875,4.612713019053142,0.7894722620646162,0.8149158755938212,0.5000004569689432,0.5804078181584676
8,72000,0.5034965034965035,11,4,0.75,101,1536,0.3274739583333333,0.6725260416666667,5.905577341715495,2.0823365847269697,1.9533005158106487,0.7499994039535522,0.8706111907958984
8,72000,0.5034965034965035,11,4,0.75,202,1536,0.345703125,0.654296875,5.704272111256917,1.8810313542683916,1.7843143939971924,0.7500003178914388,0.870611310005188
8,72000,0.5034965034965035,11,4,0.75,303,1536,0.3678385416666667,0.6321614583333333,5.5866959889729815,1.763455231984456,1.7440072298049927,0.7499999403953552,0.8706124822298685
8,72000,0.5034965034965035,11,5,0.35,101,1536,0.6770833333333334,0.32291666666666663,4.215375582377116,0.3921348253885908,0.37395280599594116,0.3500000437100728,0.4193009336789449
8,72000,0.5034965034965035,11,5,0.35,202,1536,0.6809895833333334,0.31901041666666663,4.192747433980306,0.3695066769917803,0.40597207347551983,0.34999964634577435,0.41930000980695087
8,72000,0.5034965034965035,11,5,0.35,303,1536,0.6796875,0.3203125,4.20260763168335,0.3793668746948242,0.3886796136697133,0.3500003119309743,0.4193014105161031
8,72000,0.5034965034965035,11,5,0.5,101,1536,0.5651041666666666,0.43489583333333337,4.5798905690511065,0.7566498120625811,0.7231882015864054,0.5,0.5990005731582642
8,72000,0.5034965034965035,11,5,0.5,202,1536,0.5501302083333334,0.44986979166666663,4.597600936889648,0.774360179901123,0.7944488922754923,0.5000000596046448,0.5990010499954224
8,72000,0.5034965034965035,11,5,0.5,303,1536,0.5657552083333334,0.43424479166666663,4.587301413218181,0.7640606562296552,0.7622259259223938,0.4999997913837433,0.5990000367164612
8,72000,0.5034965034965035,11,5,0.75,101,1536,0.376953125,0.623046875,5.391558488210042,1.5683177312215166,1.5178106625874836,0.7500000596046448,0.898501455783844
8,72000,0.5034965034965035,11,5,0.75,202,1536,0.3821614583333333,0.6178385416666667,5.4972734451293945,1.6740326881408691,1.6445094347000122,0.7500003377596537,0.8985019524892172
8,72000,0.5034965034965035,11,5,0.75,303,1536,0.3658854166666667,0.6341145833333333,5.465776761372884,1.6425360043843584,1.5925394694010417,0.7500002185503641,0.8985010584195455
8,72000,0.5034965034965035,11,6,0.35,101,1536,0.6927083333333334,0.30729166666666663,4.19927453994751,0.3760337829589844,0.3799220522244771,0.34999974568684894,0.4423639178276062
8,72000,0.5034965034965035,11,6,0.35,202,1536,0.6979166666666666,0.30208333333333337,4.159409364064534,0.3361686070760088,0.3728136122226715,0.35000057021776837,0.4423648814360301
8,72000,0.5034965034965035,11,6,0.35,303,1536,0.6829427083333334,0.31705729166666663,4.217566967010498,0.39432621002197266,0.39536864558855694,0.34999967614809674,0.4423645039399465
8,72000,0.5034965034965035,11,6,0.5,101,1536,0.5787760416666666,0.42122395833333337,4.586029052734375,0.7627882957458496,0.7418852845827738,0.5000000794728597,0.631949762503306
8,72000,0.5034965034965035,11,6,0.5,202,1536,0.580078125,0.419921875,4.512533664703369,0.6892929077148438,0.7135356863339742,0.5000000496705373,0.6319498419761658
8,72000,0.5034965034965035,11,6,0.5,303,1536,0.5748697916666666,0.42513020833333337,4.601016521453857,0.777775764465332,0.7692017952601115,0.4999999503294627,0.6319492061932882
8,72000,0.5034965034965035,11,6,0.75,101,1536,0.4095052083333333,0.5904947916666667,5.40374739964803,1.580506642659505,1.5098892052968342,0.7499995430310568,0.9479238589604696
8,72000,0.5034965034965035,11,6,0.75,202,1536,0.4127604166666667,0.5872395833333333,5.2895762125651045,1.466335455576579,1.4353586435317993,0.7499999403953552,0.9479248921076456
8,72000,0.5034965034965035,11,6,0.75,303,1536,0.4069010416666667,0.5930989583333333,5.3886159261067705,1.5653751691182451,1.5252048969268799,0.7500007549921671,0.9479244152704874
8,72000,0.5034965034965035,11,7,0.35,101,1536,0.712890625,0.287109375,4.035115718841553,0.21187496185302734,0.32498427232106525,0.35000001390775043,0.4870438079039256
8,72000,0.5034965034965035,11,7,0.35,202,1536,0.7109375,0.2890625,4.108773549397786,0.28553279240926077,0.32003555695215863,0.34999963641166687,0.48704342047373456
8,72000,0.5034965034965035,11,7,0.35,303,1536,0.712890625,0.287109375,4.096477349599202,0.2732365926106768,0.30759017666180927,0.34999992450078327,0.48704367876052856
8,72000,0.5034965034965035,11,7,0.5,101,1536,0.6009114583333334,0.39908854166666663,4.281037171681722,0.4577964146931963,0.5897540847460429,0.4999999900658925,0.6957764228185018
8,72000,0.5034965034965035,11,7,0.5,202,1536,0.6061197916666666,0.39388020833333337,4.39795446395874,0.5747137069702148,0.6040896773338318,0.5000003476937612,0.6957775354385376
8,72000,0.5034965034965035,11,7,0.5,303,1536,0.609375,0.390625,4.36858590443929,0.5453451474507647,0.5713775356610616,0.5,0.6957768201828003
8,72000,0.5034965034965035,11,7,0.75,101,1536,0.4615885416666667,0.5384114583333333,4.865093231201172,1.0418524742126465,1.1605266729990642,0.7499999205271403,1.043666164080302
8,72000,0.5034965034965035,11,7,0.75,202,1536,0.4622395833333333,0.5377604166666667,5.021272977193196,1.198032220204671,1.2082139650980632,0.7500003178914388,1.0436660051345825
8,72000,0.5034965034965035,11,7,0.75,303,1536,0.462890625,0.537109375,4.976853529612224,1.1536127726236982,1.1456599632898967,0.7500003377596537,1.0436660051345825
8,72000,0.5034965034965035,11,8,0.35,101,1536,0.724609375,0.275390625,4.060809691747029,0.23756893475850394,0.2885855833689372,0.3499998648961385,0.6210389733314514
8,72000,0.5034965034965035,11,8,0.35,202,1536,0.7194010416666666,0.28059895833333337,4.143901268641154,0.3206605116526289,0.30137712756792706,0.3500000238418579,0.6210392713546753
8,72000,0.5034965034965035,11,8,0.35,303,1536,0.7161458333333334,0.28385416666666663,4.093549728393555,0.2703089714050293,0.29775678118069965,0.35000040133794147,0.6210402647654215
8,72000,0.5034965034965035,11,8,0.5,101,1536,0.6184895833333334,0.38151041666666663,4.308221499125163,0.48498074213663767,0.5429473121960958,0.5000000298023224,0.8871988852818807
8,72000,0.5034965034965035,11,8,0.5,202,1536,0.6204427083333334,0.37955729166666663,4.413828214009603,0.5905874570210772,0.5594528913497925,0.4999997615814209,0.8871981302897135
8,72000,0.5034965034965035,11,8,0.5,303,1536,0.6080729166666666,0.39192708333333337,4.346213499704997,0.5229727427164717,0.5502168635527293,0.49999986092249554,0.8871975541114807
8,72000,0.5034965034965035,11,8,0.75,101,1536,0.4641927083333333,0.5358072916666667,4.87888765335083,1.0556468963623047,1.0974113941192627,0.7499998211860657,1.330797592798869
8,72000,0.5034965034965035,11,8,0.75,202,1536,0.4928385416666667,0.5071614583333333,4.99428145090739,1.1710406939188642,1.1082305510838826,0.7500001192092896,1.3307987054189045
8,72000,0.5034965034965035,11,8,0.75,303,1536,0.47265625,0.52734375,4.91981315612793,1.0965723991394043,1.1026384234428406,0.750000536441803,1.330798824628194
8,72000,0.5034965034965035,11,9,0.35,101,1536,0.728515625,0.271484375,4.101694107055664,0.27845335006713867,0.2903939088185628,0.3499999741713206,0.7451772689819336
8,72000,0.5034965034965035,11,9,0.35,202,1536,0.720703125,0.279296875,4.110896984736125,0.2876562277475996,0.2962443431218465,0.34999967614809674,0.7451764543851217
8,72000,0.5034965034965035,11,9,0.35,303,1536,0.7174479166666666,0.28255208333333337,4.108461221059163,0.2852204640706377,0.29991765817006427,0.35000013311704,0.7451769908269247
8,72000,0.5034965034965035,11,9,0.5,101,1536,0.6263020833333334,0.37369791666666663,4.3683929443359375,0.5451521873474121,0.5480917692184448,0.5000004569689432,1.0645391543706257
8,72000,0.5034965034965035,11,9,0.5,202,1536,0.6126302083333334,0.38736979166666663,4.369587421417236,0.5463466644287109,0.5514824589093527,0.5000003576278687,1.0645389159520466
8,72000,0.5034965034965035,11,9,0.5,303,1536,0.625,0.375,4.37247101465861,0.5492302576700849,0.5522858301798502,0.5000000794728597,1.0645383199055989
8,72000,0.5034965034965035,11,9,0.75,101,1536,0.4700520833333333,0.5299479166666667,4.951701005299886,1.1284602483113604,1.112295111020406,0.749999980131785,1.5968079566955566
8,72000,0.5034965034965035,11,9,0.75,202,1536,0.4615885416666667,0.5384114583333333,4.938055833180745,1.1148150761922198,1.1068317890167236,0.7500001192092896,1.5968067646026611
8,72000,0.5034965034965035,11,9,0.75,303,1536,0.48046875,0.51953125,4.937218983968099,1.1139782269795733,1.0901157061258953,0.75,1.5968071619669597
8,72000,0.5034965034965035,11,10,0.35,101,1536,0.7421875,0.2578125,4.072846571604411,0.2496058146158857,0.25830721855163574,0.3500002423922221,0.8108324408531189
8,72000,0.5034965034965035,11,10,0.35,202,1536,0.7291666666666666,0.27083333333333337,4.071779727935791,0.24853897094726562,0.26558255155881244,0.3500000635782878,0.8108318646748861
8,72000,0.5034965034965035,11,10,0.35,303,1536,0.736328125,0.263671875,4.102080504099528,0.2788397471110029,0.25763240456581116,0.34999985496203107,0.8108315865198771
8,72000,0.5034965034965035,11,10,0.5,101,1536,0.6432291666666666,0.35677083333333337,4.301578680674235,0.47833792368570993,0.4830881853898366,0.5000002384185791,1.1583322683970134
8,72000,0.5034965034965035,11,10,0.5,202,1536,0.6354166666666666,0.36458333333333337,4.300042788187663,0.47680203119913767,0.49057915806770325,0.5000000099341074,1.158331314722697
8,72000,0.5034965034965035,11,10,0.5,303,1536,0.6380208333333334,0.36197916666666663,4.3415757815043134,0.5183350245157881,0.484052042166392,0.5000002483526865,1.1583324670791626
8,72000,0.5034965034965035,11,10,0.75,101,1536,0.4921875,0.5078125,4.801749070485433,0.9785083134969073,0.9643245140711466,0.7499997417132059,1.7374968528747559
8,72000,0.5034965034965035,11,10,0.75,202,1536,0.4765625,0.5234375,4.799413522084554,0.9761727650960283,0.9787029425303141,0.7500000596046448,1.7374982436498005
8,72000,0.5034965034965035,11,10,0.75,303,1536,0.4921875,0.5078125,4.850627899169922,1.0273871421813965,0.9710955023765564,0.7499995827674866,1.7374963363011677
8,72000,0.5034965034965035,23,1,0.35,101,1536,0.7682291666666666,0.23177083333333337,3.9696223735809326,0.18450347582499171,0.1736613611380259,0.34999966621398926,0.2902782162030538
8,72000,0.5034965034965035,23,1,0.35,202,1536,0.7786458333333334,0.22135416666666663,3.9408400853474936,0.15572118759155273,0.16291491190592447,0.3500003119309743,0.290278693040212
8,72000,0.5034965034965035,23,1,0.35,303,1536,0.7630208333333334,0.23697916666666663,3.9696426391601562,0.18452374140421535,0.17096741497516632,0.34999998410542804,0.2902783850828807
8,72000,0.5034965034965035,23,1,0.5,101,1536,0.65234375,0.34765625,4.229986508687337,0.44486761093139604,0.432563583056132,0.5000002682209015,0.41468368967374164
8,72000,0.5034965034965035,23,1,0.5,202,1536,0.6822916666666666,0.31770833333333337,4.182517766952515,0.39739886919657375,0.3924291133880615,0.4999997516473134,0.4146832923094432
8,72000,0.5034965034965035,23,1,0.5,303,1536,0.6529947916666666,0.34700520833333337,4.234667460123698,0.4495485623677573,0.41915754477183026,0.5000001986821493,0.41468363006909686
8,72000,0.5034965034965035,23,1,0.75,101,1536,0.4778645833333333,0.5221354166666667,4.976367632548015,1.1912487347920737,1.1483635902404785,0.7500000794728597,0.6220253109931946
8,72000,0.5034965034965035,23,1,0.75,202,1536,0.5006510416666666,0.49934895833333337,4.896173159281413,1.1110542615254722,1.060659686724345,0.7500002582867941,0.6220254898071289
8,72000,0.5034965034965035,23,1,0.75,303,1536,0.494140625,0.505859375,4.949426015218099,1.1643071174621578,1.1059171358744304,0.7499996026357015,0.6220249533653259
8,72000,0.5034965034965035,23,2,0.35,101,1536,0.78515625,0.21484375,3.9531912008921304,0.16807230313618948,0.15828521052996317,0.34999995430310565,0.33155950903892517
8,72000,0.5034965034965035,23,2,0.35,202,1536,0.783203125,0.216796875,3.948161760965983,0.16304286321004202,0.15578506390253702,0.35000019272168476,0.331559677918752
8,72000,0.5034965034965035,23,2,0.35,303,1536,0.791015625,0.208984375,3.938444137573242,0.15332523981730128,0.15084288517634073,0.35000014305114746,0.3315596381823222
8,72000,0.5034965034965035,23,2,0.5,101,1536,0.6848958333333334,0.31510416666666663,4.1670347054799395,0.3819158077239986,0.36220163106918335,0.5000001986821493,0.47365662455558777
8,72000,0.5034965034965035,23,2,0.5,202,1536,0.689453125,0.310546875,4.181623617808024,0.3965047200520835,0.3733890155951182,0.5000004371007284,0.4736568331718445
8,72000,0.5034965034965035,23,2,0.5,303,1536,0.6783854166666666,0.32161458333333337,4.164154926935832,0.3790360291798911,0.366966317097346,0.5000001788139343,0.4736565351486206
8,72000,0.5034965034965035,23,2,0.75,101,1536,0.517578125,0.482421875,4.8463028271993,1.061183929443359,0.9918171167373657,0.7500000397364298,0.7104847629865011
8,72000,0.5034965034965035,23,2,0.75,202,1536,0.5032552083333334,0.49674479166666663,4.90907080968221,1.123951911926269,1.043078084786733,0.7499996423721313,0.7104843854904175
8,72000,0.5034965034965035,23,2,0.75,303,1536,0.515625,0.484375,4.856688181559245,1.0715692838033042,1.0072693427403767,0.749999980131785,0.7104846636454264
8,72000,0.5034965034965035,23,3,0.35,101,1536,0.7981770833333334,0.20182291666666663,3.917172829310099,0.13205393155415823,0.12626193712155023,0.34999994436899823,0.35638822118441266
8,72000,0.5034965034965035,23,3,0.35,202,1536,0.8040364583333334,0.19596354166666663,3.9141213099161782,0.12900241216023733,0.1328067680199941,0.3500001132488251,0.3563883602619171
8,72000,0.5034965034965035,23,3,0.35,303,1536,0.7897135416666666,0.21028645833333337,3.9179532527923584,0.1328343550364175,0.13147470355033875,0.3500005006790161,0.35638879736264545
8,72000,0.5034965034965035,23,3,0.5,101,1536,0.7076822916666666,0.29231770833333337,4.113449255625407,0.3283303578694663,0.3038136263688405,0.49999989072481793,0.5091259876887003
8,72000,0.5034965034965035,23,3,0.5,202,1536,0.7102864583333334,0.28971354166666663,4.109287103017171,0.32416820526123,0.31848177313804626,0.5000002980232239,0.5091263850529989
8,72000,0.5034965034965035,23,3,0.5,303,1536,0.6966145833333334,0.30338541666666663,4.120303312937419,0.335184415181478,0.318663090467453,0.49999965230623883,0.5091257492701212
8,72000,0.5034965034965035,23,3,0.75,101,1536,0.515625,0.484375,4.811875979105632,1.026757081349691,0.9299782911936442,0.7499998807907104,0.7636889616648356
8,72000,0.5034965034965035,23,3,0.75,202,1536,0.5169270833333334,0.48307291666666663,4.76267687479655,0.9775579770406089,0.9281898140907288,0.7499995430310568,0.7636885046958923
8,72000,0.5034965034965035,23,3,0.75,303,1536,0.5091145833333334,0.49088541666666663,4.8052412668863935,1.0201223691304526,0.9343175888061523,0.7500004371007284,0.7636896371841431
8,72000,0.5034965034965035,23,4,0.35,101,1536,0.67578125,0.32421875,4.193724632263184,0.4086057345072427,0.42947933077812195,0.34999998410542804,0.4020346204439799
8,72000,0.5034965034965035,23,4,0.35,202,1536,0.6608072916666666,0.33919270833333337,4.215798060099284,0.43067916234334325,0.4481808344523112,0.3499999940395355,0.4020344813664754
8,72000,0.5034965034965035,23,4,0.35,303,1536,0.69140625,0.30859375,4.219476064046224,0.43435716629028276,0.4353809158007304,0.35000014305114746,0.40203481912612915
8,72000,0.5034965034965035,23,4,0.5,101,1536,0.552734375,0.447265625,4.630848248799642,0.8457293510437007,0.8480873306592306,0.5000000298023224,0.5743347009023031
8,72000,0.5034965034965035,23,4,0.5,202,1536,0.5325520833333334,0.46744791666666663,4.686058044433594,0.9009391466776528,0.8991894920667013,0.5000003973642985,0.5743357340494791
8,72000,0.5034965034965035,23,4,0.5,303,1536,0.5579427083333334,0.44205729166666663,4.701339403788249,0.9162205060323081,0.884131908416748,0.5000002880891165,0.5743353962898254
8,72000,0.5034965034965035,23,4,0.75,101,1536,0.3665364583333333,0.6334635416666667,5.671982129414876,1.886863231658935,1.8375165065129597,0.7500000397364298,0.8615023692448934
8,72000,0.5034965034965035,23,4,0.75,202,1536,0.349609375,0.650390625,5.830177625020345,2.045058727264404,1.9888568719228108,0.7499999205271403,0.861503005027771
8,72000,0.5034965034965035,23,4,0.75,303,1536,0.3619791666666667,0.6380208333333333,5.794593175252278,2.0094742774963374,1.888502597808838,0.7500004768371582,0.8615028262138367
8,72000,0.5034965034965035,23,5,0.35,101,1536,0.6966145833333334,0.30338541666666663,4.256697813669841,0.4715789159138999,0.4091121554374695,0.34999972581863403,0.41655100385348004
8,72000,0.5034965034965035,23,5,0.35,202,1536,0.7024739583333334,0.29752604166666663,4.228772004445394,0.4436531066894527,0.39839943250020343,0.3499999741713206,0.4165502687295278
8,72000,0.5034965034965035,23,5,0.35,303,1536,0.6907552083333334,0.30924479166666663,4.2252678871154785,0.4401489893595376,0.4159299333890279,0.3500001033147176,0.4165509045124054
8,72000,0.5034965034965035,23,5,0.5,101,1536,0.5729166666666666,0.42708333333333337,4.707425435384114,0.9223065376281734,0.812805970509847,0.49999969204266864,0.5950725873311361
8,72000,0.5034965034965035,23,5,0.5,202,1536,0.5807291666666666,0.41927083333333337,4.638050715128581,0.8529318173726401,0.7745316028594971,0.5000002582867941,0.595072865486145
8,72000,0.5034965034965035,23,5,0.5,303,1536,0.5618489583333334,0.43815104166666663,4.647284348805745,0.8621654510498042,0.8166945179303488,0.4999997814496358,0.59507288535436
8,72000,0.5034965034965035,23,5,0.75,101,1536,0.3984375,0.6015625,5.673416614532471,1.8882977167765298,1.721426288286845,0.7500001986821493,0.8926090200742086
8,72000,0.5034965034965035,23,5,0.75,202,1536,0.4088541666666667,0.5911458333333333,5.518534819285075,1.7334159215291343,1.5974552631378174,0.7499995032946268,0.8926088213920593
8,72000,0.5034965034965035,23,5,0.75,303,1536,0.3912760416666667,0.6087239583333333,5.58295218149821,1.797833283742269,1.70165220896403,0.7500001192092896,0.8926091194152832
8,72000,0.5034965034965035,23,6,0.35,101,1536,0.6985677083333334,0.30143229166666663,4.173188289006551,0.3880693912506099,0.3832835952440898,0.3500000536441803,0.43925513823827106
8,72000,0.5034965034965035,23,6,0.35,202,1536,0.7083333333333334,0.29166666666666663,4.163229942321777,0.37811104456583644,0.39307450254758197,0.35000041127204895,0.4392561912536621
8,72000,0.5034965034965035,23,6,0.35,303,1536,0.7076822916666666,0.29231770833333337,4.195957660675049,0.4108387629191079,0.3865596055984497,0.34999996423721313,0.4392564694086711
8,72000,0.5034965034965035,23,6,0.5,101,1536,0.5963541666666666,0.40364583333333337,4.541685422261556,0.7565665245056148,0.73224010070165,0.4999997814496358,0.627507746219635
8,72000,0.5034965034965035,23,6,0.5,202,1536,0.5904947916666666,0.40950520833333337,4.545651276906331,0.7605323791503902,0.7612182895342509,0.4999998410542806,0.6275080243746439
8,72000,0.5034965034965035,23,6,0.5,303,1536,0.6139322916666666,0.38606770833333337,4.554342587788899,0.7692236900329585,0.7272274096806844,0.5000002284844717,0.6275086402893066
8,72000,0.5034965034965035,23,6,0.75,101,1536,0.447265625,0.552734375,5.304231484731038,1.5191125869750972,1.4479820728302002,0.7500001986821493,0.9412615696589152
8,72000,0.5034965034965035,23,6,0.75,202,1536,0.427734375,0.572265625,5.377401034037272,1.5922821362813315,1.5501906474431355,0.749999483426412,0.9412620464960734
8,72000,0.5034965034965035,23,6,0.75,303,1536,0.4342447916666667,0.5657552083333333,5.332122961680095,1.5470040639241538,1.468229055404663,0.7500000993410746,0.9412621061007181
8,72000,0.5034965034965035,23,7,0.35,101,1536,0.7330729166666666,0.26692708333333337,4.138488690058391,0.3533697923024497,0.3307151993115743,0.34999996423721313,0.486030916372935
8,72000,0.5034965034965035,23,7,0.35,202,1536,0.728515625,0.271484375,4.120675563812256,0.33555666605631496,0.32814029852549237,0.35000014305114746,0.48603150248527527
8,72000,0.5034965034965035,23,7,0.35,303,1536,0.72265625,0.27734375,4.095093727111816,0.3099748293558755,0.31491119662920636,0.3500002721945445,0.4860316713651021
8,72000,0.5034965034965035,23,7,0.5,101,1536,0.6321614583333334,0.36783854166666663,4.435637633005778,0.6505187352498374,0.5991742610931396,0.49999990065892536,0.6943299571673075
8,72000,0.5034965034965035,23,7,0.5,202,1536,0.6451822916666666,0.35481770833333337,4.4089813232421875,0.6238624254862466,0.601336141427358,0.5000004967053732,0.6943313280741373
8,72000,0.5034965034965035,23,7,0.5,303,1536,0.6321614583333334,0.36783854166666663,4.36307954788208,0.5779606501261392,0.5709120233853658,0.49999989072481793,0.6943307717641195
8,72000,0.5034965034965035,23,7,0.75,101,1536,0.4720052083333333,0.5279947916666667,5.064667224884033,1.2795483271280923,1.1756892204284668,0.7499999006589254,1.041496475537618
8,72000,0.5034965034965035,23,7,0.75,202,1536,0.4954427083333333,0.5045572916666667,5.008129278818767,1.2230103810628257,1.1800192991892497,0.7499999602635702,1.0414949258168538
8,72000,0.5034965034965035,23,7,0.75,303,1536,0.498046875,0.501953125,4.94996976852417,1.164850870768229,1.134229262669881,0.7499998410542806,1.0414955218633015
8,72000,0.5034965034965035,23,8,0.35,101,1536,0.7317708333333334,0.26822916666666663,4.090799172719319,0.30568027496337846,0.29833932717641193,0.3500000536441803,0.6300498644510905
8,72000,0.5034965034965035,23,8,0.35,202,1536,0.7415364583333334,0.25846354166666663,4.082289457321167,0.2971705595652261,0.3070533672968547,0.3500000635782878,0.6300501227378845
8,72000,0.5034965034965035,23,8,0.35,303,1536,0.740234375,0.259765625,4.0905453364054365,0.3054264386494956,0.2918613652388255,0.3500002721945445,0.6300493478775024
8,72000,0.5034965034965035,23,8,0.5,101,1536,0.6315104166666666,0.36848958333333337,4.358354727427165,0.5732358296712241,0.5556283195813497,0.4999999403953552,0.9000705281893412
8,72000,0.5034965034965035,23,8,0.5,202,1536,0.6497395833333334,0.35026041666666663,4.347711722056071,0.5625928243001304,0.5657055775324503,0.5000000496705373,0.900069793065389
8,72000,0.5034965034965035,23,8,0.5,303,1536,0.6529947916666666,0.34700520833333337,4.356241226196289,0.5711223284403482,0.5429973006248474,0.4999999403953552,0.9000707467397054
8,72000,0.5034965034965035,23,8,0.75,101,1536,0.4934895833333333,0.5065104166666667,4.9518693288167315,1.1667504310607906,1.1201350291570027,0.7500003973642985,1.3501062790552776
8,72000,0.5034965034965035,23,8,0.75,202,1536,0.4993489583333333,0.5006510416666667,4.909417152404785,1.1242982546488443,1.1154163281122844,0.75,1.3501060803731282
8,72000,0.5034965034965035,23,8,0.75,303,1536,0.5084635416666666,0.49153645833333337,4.950335661570231,1.1652167638142905,1.110676924387614,0.7499999403953552,1.350105881690979
8,72000,0.5034965034965035,23,9,0.35,101,1536,0.724609375,0.275390625,4.059921979904175,0.2748030821482339,0.2906160155932109,0.3500000337759654,0.7464815378189087
8,72000,0.5034965034965035,23,9,0.35,202,1536,0.7174479166666666,0.28255208333333337,4.084136009216309,0.2990171114603677,0.29324207703272503,0.3500000834465027,0.746481696764628
8,72000,0.5034965034965035,23,9,0.35,303,1536,0.716796875,0.283203125,4.084055264790853,0.29893636703491167,0.31141279141108197,0.3500001132488251,0.7464816172917684
8,72000,0.5034965034965035,23,9,0.5,101,1536,0.6334635416666666,0.36653645833333337,4.323497772216797,0.538378874460856,0.5486473639806112,0.49999988079071045,1.0664008855819702
8,72000,0.5034965034965035,23,9,0.5,202,1536,0.6243489583333334,0.37565104166666663,4.356223424275716,0.571104526519775,0.5534489154815674,0.5000002185503641,1.066402276357015
8,72000,0.5034965034965035,23,9,0.5,303,1536,0.62109375,0.37890625,4.3529052734375,0.5677863756815591,0.5754514137903849,0.4999999205271403,1.0664006074269612
8,72000,0.5034965034965035,23,9,0.75,101,1536,0.478515625,0.521484375,4.90410041809082,1.1189815203348794,1.107941746711731,0.7499998410542806,1.59960142771403
8,72000,0.5034965034965035,23,9,0.75,202,1536,0.4889322916666667,0.5110677083333333,4.941157341003418,1.156038443247477,1.1126327117284138,0.7499998807907104,1.5996015071868896
8,72000,0.5034965034965035,23,9,0.75,303,1536,0.4661458333333333,0.5338541666666667,4.934236844380696,1.1491179466247554,1.141477902730306,0.7499998211860657,1.599601944287618
8,72000,0.5034965034965035,23,10,0.35,101,1536,0.7337239583333334,0.26627604166666663,4.01899266242981,0.23387376467386867,0.263420710961024,0.35000016291936237,0.821084201335907
8,72000,0.5034965034965035,23,10,0.35,202,1536,0.7272135416666666,0.27278645833333337,4.0403188069661455,0.25519990921020463,0.25960607330004376,0.34999998410542804,0.8210842609405518
8,72000,0.5034965034965035,23,10,0.35,303,1536,0.73046875,0.26953125,4.0426961580912275,0.2575772603352866,0.27035999298095703,0.3499998251597087,0.8210836052894592
8,72000,0.5034965034965035,23,10,0.5,101,1536,0.6302083333333334,0.36979166666666663,4.2399468421936035,0.4548279444376626,0.4911589523156484,0.5000003576278687,1.172978401184082
8,72000,0.5034965034965035,23,10,0.5,202,1536,0.6263020833333334,0.37369791666666663,4.2700332800547285,0.4849143822987876,0.4880847732226054,0.4999995330969493,1.1729758580525715
8,72000,0.5034965034965035,23,10,0.5,303,1536,0.642578125,0.357421875,4.277417103449504,0.492298205693563,0.504293958346049,0.49999980131785077,1.1729766527811687
8,72000,0.5034965034965035,23,10,0.75,101,1536,0.498046875,0.501953125,4.7266794840494795,0.9415605862935386,0.9846399227778116,0.7500002781550089,1.7594667275746663
8,72000,0.5034965034965035,23,10,0.75,202,1536,0.5013020833333334,0.49869791666666663,4.760376930236816,0.9752580324808755,0.9758066534996033,0.7499994039535522,1.7594647407531738
8,72000,0.5034965034965035,23,10,0.75,303,1536,0.4889322916666667,0.5110677083333333,4.788329601287842,1.003210703531901,1.0074902772903442,0.7499996225039164,1.7594642241795857
8,72000,0.5034965034965035,37,1,0.35,101,1536,0.7649739583333334,0.23502604166666663,3.9034342765808105,0.12939866383870458,0.15783983965714773,0.35000041127204895,0.2916089991728465
8,72000,0.5034965034965035,37,1,0.35,202,1536,0.755859375,0.244140625,3.9051836331685386,0.1311480204264326,0.15021884441375732,0.3500001033147176,0.291608730951945
8,72000,0.5034965034965035,37,1,0.35,303,1536,0.763671875,0.236328125,3.8857577641805015,0.11172215143839548,0.146138533949852,0.3500003019968669,0.29160891969998676
8,72000,0.5034965034965035,37,1,0.5,101,1536,0.6555989583333334,0.34440104166666663,4.132862726847331,0.35882711410522505,0.40017440915107727,0.5,0.41658373673756915
8,72000,0.5034965034965035,37,1,0.5,202,1536,0.6354166666666666,0.36458333333333337,4.1354226271311445,0.36138701438903853,0.38366342584292096,0.4999998410542806,0.4165836075941722
8,72000,0.5034965034965035,37,1,0.5,303,1536,0.6725260416666666,0.32747395833333337,4.10093371073405,0.3268980979919438,0.3604413370291392,0.5000002582867941,0.41658395528793335
8,72000,0.5034965034965035,37,1,0.75,101,1536,0.455078125,0.544921875,4.942805449167888,1.1687698364257817,1.2152881224950154,0.7499997417132059,0.6248754461606344
8,72000,0.5034965034965035,37,1,0.75,202,1536,0.4342447916666667,0.5657552083333333,4.946079730987549,1.1720441182454429,1.1888317267100017,0.7499997615814209,0.6248754660288492
8,72000,0.5034965034965035,37,1,0.75,303,1536,0.4739583333333333,0.5260416666666667,4.831394513448079,1.0573589007059732,1.0746976137161255,0.7500000794728597,0.6248757441838583
8,72000,0.5034965034965035,37,2,0.35,101,1536,0.7766927083333334,0.22330729166666663,3.8990089098612466,0.12497329711914062,0.1484547754128774,0.3499995172023773,0.3335091670354207
8,72000,0.5034965034965035,37,2,0.35,202,1536,0.77734375,0.22265625,3.9194277127583823,0.14539210001627634,0.14740394552548727,0.35000001390775043,0.3335096041361491
8,72000,0.5034965034965035,37,2,0.35,303,1536,0.7799479166666666,0.22005208333333337,3.905033508936564,0.130997896194458,0.1411540706952413,0.34999990463256836,0.3335095743338267
8,72000,0.5034965034965035,37,2,0.5,101,1536,0.67578125,0.32421875,4.102176109949748,0.32814049720764205,0.35775814453760785,0.4999997317790985,0.4764420986175537
8,72000,0.5034965034965035,37,2,0.5,202,1536,0.67578125,0.32421875,4.1201910972595215,0.3461554845174155,0.35300226012865704,0.5000004569689432,0.4764428238073985
8,72000,0.5034965034965035,37,2,0.5,303,1536,0.6764322916666666,0.32356770833333337,4.098279237747192,0.3242436250050864,0.3423915406068166,0.49999964237213135,0.476441890001297
8,72000,0.5034965034965035,37,2,0.75,101,1536,0.4759114583333333,0.5240885416666667,4.7411041259765625,0.9670685132344565,1.0043113827705383,0.7499998807907104,0.7146633863449097
8,72000,0.5034965034965035,37,2,0.75,202,1536,0.4830729166666667,0.5169270833333333,4.761893590291341,0.9878579775492349,0.9883817434310913,0.7500002781550089,0.7146637439727783
8,72000,0.5034965034965035,37,2,0.75,303,1536,0.4720052083333333,0.5279947916666667,4.75970458984375,0.985668977101644,1.0098583300908406,0.749999980131785,0.7146634260813395
8,72000,0.5034965034965035,37,3,0.35,101,1536,0.80078125,0.19921875,3.914510409037272,0.14047479629516602,0.13214442630608877,0.3500000437100728,0.35960543155670166
8,72000,0.5034965034965035,37,3,0.35,202,1536,0.794921875,0.205078125,3.9003121058146157,0.12627649307250977,0.12354337424039841,0.3500002821286519,0.359605610370636
8,72000,0.5034965034965035,37,3,0.35,303,1536,0.794921875,0.205078125,3.8940765062967935,0.1200408935546875,0.11807864904403687,0.3499999940395355,0.3596053421497345
8,72000,0.5034965034965035,37,3,0.5,101,1536,0.69140625,0.30859375,4.101186911265056,0.32715129852294966,0.31650375326474506,0.5000000794728597,0.5137220621109009
8,72000,0.5034965034965035,37,3,0.5,202,1536,0.6927083333333334,0.30729166666666663,4.082878748575847,0.3088431358337407,0.2971055209636688,0.5000003973642985,0.5137224396069845
8,72000,0.5034965034965035,37,3,0.5,303,1536,0.6848958333333334,0.31510416666666663,4.070682048797607,0.29664643605550145,0.2887955804665883,0.5000002980232239,0.5137222409248352
8,72000,0.5034965034965035,37,3,0.75,101,1536,0.4895833333333333,0.5104166666666667,4.7256113688151045,0.9515757560729985,0.9406099518140157,0.7499998609224955,0.7705826958020529
8,72000,0.5034965034965035,37,3,0.75,202,1536,0.5078125,0.4921875,4.70291535059611,0.9288797378540044,0.8989672263463339,0.749999980131785,0.770582914352417
8,72000,0.5034965034965035,37,3,0.75,303,1536,0.4869791666666667,0.5130208333333333,4.712223370869954,0.9381877581278482,0.9119498133659363,0.7500002582867941,0.7705831329027811
8,72000,0.5034965034965035,37,4,0.35,101,1536,0.6529947916666666,0.34700520833333337,4.204047123591105,0.43001151084899947,0.462785542011261,0.3499999741713206,0.404891441265742
8,72000,0.5034965034965035,37,4,0.35,202,1536,0.6516927083333334,0.34830729166666663,4.22619104385376,0.4521554311116538,0.4255355894565582,0.3500000238418579,0.4048910240332286
8,72000,0.5034965034965035,37,4,0.35,303,1536,0.66796875,0.33203125,4.199135859807332,0.4251002470652261,0.42783915003140766,0.3499996066093445,0.4048903187115987
8,72000,0.5034965034965035,37,4,0.5,101,1536,0.5260416666666666,0.47395833333333337,4.672372500101726,0.8983368873596196,0.9262708822886149,0.49999991059303284,0.5784158110618591
8,72000,0.5034965034965035,37,4,0.5,202,1536,0.5182291666666666,0.48177083333333337,4.687860488891602,0.9138248761494956,0.8732686638832092,0.5000002781550089,0.5784157117207845
8,72000,0.5034965034965035,37,4,0.5,303,1536,0.5442708333333334,0.45572916666666663,4.628460089365642,0.8544244766235356,0.8466971516609192,0.4999998211860657,0.5784158507982889
8,72000,0.5034965034965035,37,4,0.75,101,1536,0.3411458333333333,0.6588541666666667,5.69290828704834,1.9188726743062339,1.9523553053538005,0.7500001589457194,0.8676239252090454
8,72000,0.5034965034965035,37,4,0.75,202,1536,0.3509114583333333,0.6490885416666667,5.695769151051839,1.921733538309733,1.8847458759943645,0.7499999205271403,0.8676241238911947
8,72000,0.5034965034965035,37,4,0.75,303,1536,0.34765625,0.65234375,5.643585681915283,1.8695500691731772,1.8301980098088582,0.7500004172325134,0.8676242828369141
8,72000,0.5034965034965035,37,5,0.35,101,1536,0.6653645833333334,0.33463541666666663,4.193802992502849,0.41976737976074263,0.44769859313964844,0.350000262260437,0.418287068605423
8,72000,0.5034965034965035,37,5,0.35,202,1536,0.669921875,0.330078125,4.172786871592204,0.3987512588500981,0.42452842990557355,0.3500003119309743,0.41828636328379315
8,72000,0.5034965034965035,37,5,0.35,303,1536,0.6653645833333334,0.33463541666666663,4.177968184153239,0.40393257141113326,0.4225533604621887,0.35000012318293255,0.4182869891325633
8,72000,0.5034965034965035,37,5,0.5,101,1536,0.5338541666666666,0.46614583333333337,4.640270392100017,0.8662347793579106,0.89673912525177,0.5,0.5975525180498759
8,72000,0.5034965034965035,37,5,0.5,202,1536,0.5358072916666666,0.46419270833333337,4.611676057179769,0.8376404444376626,0.8555527329444885,0.5000001986821493,0.5975525776545206
8,72000,0.5034965034965035,37,5,0.5,303,1536,0.5436197916666666,0.45638020833333337,4.599088986714681,0.8250533739725747,0.8375245134035746,0.5000003576278687,0.5975529750188192
8,72000,0.5034965034965035,37,5,0.75,101,1536,0.349609375,0.650390625,5.608402252197266,1.8343666394551597,1.8799120982487996,0.7499996225039164,0.896328330039978
8,72000,0.5034965034965035,37,5,0.75,202,1536,0.357421875,0.642578125,5.584941705067952,1.8109060923258462,1.8082218170166016,0.7499997218449911,0.896327555179596
8,72000,0.5034965034965035,37,5,0.75,303,1536,0.37890625,0.62109375,5.506823698679606,1.7327880859375004,1.7250790198644002,0.7499998211860657,0.8963281710942587
8,72000,0.5034965034965035,37,6,0.35,101,1536,0.6490885416666666,0.35091145833333337,4.264298597971599,0.49026298522949263,0.4857675830523173,0.3500000735123952,0.44241785009702045
8,72000,0.5034965034965035,37,6,0.35,202,1536,0.67578125,0.32421875,4.170166412989299,0.3961308002471928,0.39216219385464984,0.34999992450078327,0.44241685668627423
8,72000,0.5034965034965035,37,6,0.35,303,1536,0.6647135416666666,0.33528645833333337,4.228650728861491,0.4546151161193852,0.45550721883773804,0.34999987483024597,0.44241708517074585
8,72000,0.5034965034965035,37,6,0.5,101,1536,0.5397135416666666,0.46028645833333337,4.7218523025512695,0.9478166898091636,0.9396401047706604,0.4999996821085612,0.632024089495341
8,72000,0.5034965034965035,37,6,0.5,202,1536,0.5625,0.4375,4.553744792938232,0.7797091801961265,0.7669504086176554,0.5000003476937612,0.6320251027743021
8,72000,0.5034965034965035,37,6,0.5,303,1536,0.52734375,0.47265625,4.6702884038289385,0.8962527910868325,0.878352165222168,0.4999999900658925,0.6320244471232096
8,72000,0.5034965034965035,37,6,0.75,101,1536,0.388671875,0.611328125,5.587269147237142,1.8132335344950357,1.801564375559489,0.7499996821085612,0.9480358958244324
8,72000,0.5034965034965035,37,6,0.75,202,1536,0.38671875,0.61328125,5.35312032699585,1.5790847142537436,1.5709315141042073,0.7499996622403463,0.9480346043904623
8,72000,0.5034965034965035,37,6,0.75,303,1536,0.3821614583333333,0.6178385416666667,5.558312733968099,1.7842771212259927,1.7444421847661336,0.7500001986821493,0.9480361342430115
8,72000,0.5034965034965035,37,7,0.35,101,1536,0.6953125,0.3046875,4.151065270105998,0.37702965736389205,0.3652399778366089,0.3500000536441803,0.4873400131861369
8,72000,0.5034965034965035,37,7,0.35,202,1536,0.7005208333333334,0.29947916666666663,4.1435026327768965,0.3694670200347905,0.36230993270874023,0.35000019272168476,0.48733997344970703
8,72000,0.5034965034965035,37,7,0.35,303,1536,0.7141927083333334,0.28580729166666663,4.115194320678711,0.34115870793660497,0.36169469356536865,0.34999992450078327,0.48734060923258465
8,72000,0.5034965034965035,37,7,0.5,101,1536,0.5865885416666666,0.41341145833333337,4.48623514175415,0.7121995290120444,0.6938368479410807,0.5000002185503641,0.6962005098660787
8,72000,0.5034965034965035,37,7,0.5,202,1536,0.5989583333333334,0.40104166666666663,4.446959018707275,0.6729234059651694,0.668107827504476,0.49999990065892536,0.6962004701296488
8,72000,0.5034965034965035,37,7,0.5,303,1536,0.599609375,0.400390625,4.417779922485352,0.6437443097432456,0.6693880359331766,0.4999997913837433,0.6961997946103414
8,72000,0.5034965034965035,37,7,0.75,101,1536,0.4296875,0.5703125,5.165797869364421,1.391762256622315,1.3625991344451904,0.7500002384185791,1.0443015893300374
8,72000,0.5034965034965035,37,7,0.75,202,1536,0.4674479166666667,0.5325520833333333,5.059603373209636,1.2855677604675297,1.294843594233195,0.75,1.0443016290664673
8,72000,0.5034965034965035,37,7,0.75,303,1536,0.4479166666666667,0.5520833333333333,5.044333299001058,1.2702976862589517,1.3019912640253704,0.7500001986821493,1.0443007946014404
8,72000,0.5034965034965035,37,8,0.35,101,1536,0.712890625,0.287109375,4.089680035909017,0.31564442316691066,0.32256682713826496,0.34999991456667584,0.6248190601666769
8,72000,0.5034965034965035,37,8,0.35,202,1536,0.7154947916666666,0.28450520833333337,4.094778060913086,0.32074244817097997,0.3208116392294566,0.35000017285346985,0.6248189409573873
8,72000,0.5034965034965035,37,8,0.35,303,1536,0.7109375,0.2890625,4.043646176656087,0.26961056391398097,0.3308491309483846,0.35000033179918927,0.6248186429341634
8,72000,0.5034965034965035,37,8,0.5,101,1536,0.6061197916666666,0.39388020833333337,4.382140477498372,0.6081048647562661,0.6083454291025797,0.5000001490116119,0.8925983707110087
8,72000,0.5034965034965035,37,8,0.5,202,1536,0.6100260416666666,0.38997395833333337,4.363859971364339,0.5898243586222329,0.6026221911112467,0.5000004768371582,0.8925999402999878
8,72000,0.5034965034965035,37,8,0.5,303,1536,0.61328125,0.38671875,4.321058750152588,0.5470231374104819,0.6272138158480326,0.5000001589457194,0.892599085966746
8,72000,0.5034965034965035,37,8,0.75,101,1536,0.47265625,0.52734375,4.981920878092448,1.2078852653503422,1.2115195989608765,0.7500000993410746,1.3388972679773967
8,72000,0.5034965034965035,37,8,0.75,202,1536,0.4557291666666667,0.5442708333333333,4.958093007405599,1.1840573946634927,1.207831899325053,0.7499999602635702,1.3388965527216594
8,72000,0.5034965034965035,37,8,0.75,303,1536,0.4583333333333333,0.5416666666666667,4.92332140604655,1.1492857933044438,1.2536462545394897,0.7499995032946268,1.3388969500859578
8,72000,0.5034965034965035,37,9,0.35,101,1536,0.6927083333333334,0.30729166666666663,4.037161032358806,0.26312541961669966,0.2986639638741811,0.3499997754891713,0.7466088732083639
8,72000,0.5034965034965035,37,9,0.35,202,1536,0.6985677083333334,0.30143229166666663,4.053910891215007,0.27987527847290083,0.30627167224884033,0.35000014305114746,0.7466091910998026
8,72000,0.5034965034965035,37,9,0.35,303,1536,0.6966145833333334,0.30338541666666663,4.066701571146647,0.29266595840454146,0.31353018681208294,0.3499999940395355,0.7466089526812235
8,72000,0.5034965034965035,37,9,0.5,101,1536,0.603515625,0.396484375,4.308309237162272,0.5342736244201665,0.5741830269495646,0.49999996026357013,1.0665847460428874
8,72000,0.5034965034965035,37,9,0.5,202,1536,0.5930989583333334,0.40690104166666663,4.325110117594401,0.5510745048522954,0.5855034589767456,0.4999997317790985,1.0665843884150188
8,72000,0.5034965034965035,37,9,0.5,303,1536,0.6041666666666666,0.39583333333333337,4.348688125610352,0.5746525128682456,0.5975027283032736,0.49999945362408954,1.0665836334228516
8,72000,0.5034965034965035,37,9,0.75,101,1536,0.447265625,0.552734375,4.901093165079753,1.127057552337647,1.1798667510350545,0.7499996026357015,1.5998765230178833
8,72000,0.5034965034965035,37,9,0.75,202,1536,0.4401041666666667,0.5598958333333333,4.914228598276774,1.1401929855346684,1.1967173020044963,0.7500001788139343,1.5998783906300862
8,72000,0.5034965034965035,37,9,0.75,303,1536,0.453125,0.546875,4.954112370808919,1.180076758066813,1.2090457677841187,0.7500005563100179,1.5998782714207966
8,72000,0.5034965034965035,37,10,0.35,101,1536,0.73046875,0.26953125,3.986639976501465,0.21260436375935887,0.2567719171444575,0.34999969601631165,0.8068099419275919
8,72000,0.5034965034965035,37,10,0.35,202,1536,0.72265625,0.27734375,3.995466391245524,0.22143077850341797,0.2623111704985301,0.350000262260437,0.8068108757336935
8,72000,0.5034965034965035,37,10,0.35,303,1536,0.7330729166666666,0.26692708333333337,4.003451347351074,0.22941573460896825,0.25479455788930255,0.34999994436899823,0.8068102995554606
8,72000,0.5034965034965035,37,10,0.5,101,1536,0.6360677083333334,0.36393229166666663,4.199210961659749,0.4251753489176431,0.486019233862559,0.500000536441803,1.1525871356328328
8,72000,0.5034965034965035,37,10,0.5,202,1536,0.6373697916666666,0.36263020833333337,4.213512023289998,0.4394764105478921,0.4954318304856618,0.5000004569689432,1.1525874932607014
8,72000,0.5034965034965035,37,10,0.5,303,1536,0.640625,0.359375,4.221616983413696,0.4475813706715903,0.4828190704186757,0.4999998211860657,1.1525862216949463
8,72000,0.5034965034965035,37,10,0.75,101,1536,0.4908854166666667,0.5091145833333333,4.682974179585774,0.9089385668436685,0.9963065385818481,0.7500000993410746,1.7288797696431477
8,72000,0.5034965034965035,37,10,0.75,202,1536,0.4850260416666667,0.5149739583333333,4.704730033874512,0.9306944211324057,1.0063568353652954,0.75,1.7288799285888672
8,72000,0.5034965034965035,37,10,0.75,303,1536,0.5013020833333334,0.49869791666666663,4.7175750732421875,0.9435394605000815,0.9909905195236206,0.7499992648760477,1.728877027829488
8,143000,1.0,11,1,0.35,101,1536,0.74609375,0.25390625,3.8941779136657715,0.15350961685180664,0.17124740779399872,0.34999987483024597,0.13925819098949432
8,143000,1.0,11,1,0.35,202,1536,0.7513020833333334,0.24869791666666663,3.89772621790568,0.15705792109171535,0.1689502348502477,0.3500003119309743,0.13925838967164358
8,143000,1.0,11,1,0.35,303,1536,0.74609375,0.25390625,3.8935980002085366,0.1529297033945718,0.1652261366446813,0.3500002125898997,0.13925832509994507
8,143000,1.0,11,1,0.5,101,1536,0.6516927083333334,0.34830729166666663,4.1163638432820635,0.37569554646809866,0.3887842098871867,0.5000001092751821,0.19894041617711386
8,143000,1.0,11,1,0.5,202,1536,0.650390625,0.349609375,4.114992459615071,0.3743241628011065,0.3818673292795817,0.4999999403953552,0.19894033670425415
8,143000,1.0,11,1,0.5,303,1536,0.658203125,0.341796875,4.109897931416829,0.3692296346028643,0.3815934757391612,0.5000001390775045,0.19894041121006012
8,143000,1.0,11,1,0.75,101,1536,0.4661458333333333,0.5338541666666667,4.804448922475179,1.063780625661214,1.044255534807841,0.7500001192092896,0.2984105845292409
8,143000,1.0,11,1,0.75,202,1536,0.4791666666666667,0.5208333333333333,4.780511856079102,1.0398435592651367,1.0362402200698853,0.7500001986821493,0.2984106441338857
8,143000,1.0,11,1,0.75,303,1536,0.462890625,0.537109375,4.8484697341918945,1.1078014373779297,1.0803974866867065,0.7500003774960836,0.29841069380442303
8,143000,1.0,11,2,0.35,101,1536,0.7649739583333334,0.23502604166666663,3.8814918200174966,0.14082352320353175,0.15420079231262207,0.3500000834465027,0.16192607581615448
8,143000,1.0,11,2,0.35,202,1536,0.75390625,0.24609375,3.8624777793884277,0.12180948257446289,0.14688681562741598,0.35000040133794147,0.16192625959714255
8,143000,1.0,11,2,0.35,303,1536,0.7682291666666666,0.23177083333333337,3.8824795881907144,0.14181129137674953,0.15450667838255563,0.35000012318293255,0.16192608078320822
8,143000,1.0,11,2,0.5,101,1536,0.6575520833333334,0.34244791666666663,4.077985127766927,0.33731683095296194,0.3511333366235097,0.49999987085660297,0.23132285475730896
8,143000,1.0,11,2,0.5,202,1536,0.65234375,0.34765625,4.052866776784261,0.31219847997029593,0.33930520216623944,0.4999999900658925,0.23132289946079254
8,143000,1.0,11,2,0.5,303,1536,0.6640625,0.3359375,4.073940277099609,0.33327198028564453,0.3509777883688609,0.4999996026357015,0.23132273058096567
8,143000,1.0,11,2,0.75,101,1536,0.4778645833333333,0.5221354166666667,4.705876509348552,0.9652082125345869,0.9562398989995321,0.7500002384185791,0.34698448578516644
8,143000,1.0,11,2,0.75,202,1536,0.4915364583333333,0.5084635416666667,4.6647413571675616,0.9240730603535967,0.9465360641479492,0.7500000993410746,0.3469844460487366
8,143000,1.0,11,2,0.75,303,1536,0.4908854166666667,0.5091145833333333,4.71261469523112,0.9719463984171552,0.9492160876592001,0.7500000993410746,0.3469844361146291
8,143000,1.0,11,3,0.35,101,1536,0.7721354166666666,0.22786458333333337,3.8867440223693848,0.14607572555541992,0.14674343665440878,0.35000019272168476,0.17927792171637216
8,143000,1.0,11,3,0.35,202,1536,0.7708333333333334,0.22916666666666663,3.9037816524505615,0.16311335563659668,0.13705296317736307,0.35000015298525494,0.17927793661753336
8,143000,1.0,11,3,0.35,303,1536,0.771484375,0.228515625,3.906905174255371,0.16623687744140625,0.14485114316145578,0.3499998648961385,0.1792777826388677
8,143000,1.0,11,3,0.5,101,1536,0.669921875,0.330078125,4.091484944025676,0.3508166472117109,0.33800620834032696,0.49999991059303284,0.25611109534899396
8,143000,1.0,11,3,0.5,202,1536,0.6822916666666666,0.31770833333333337,4.098618984222412,0.35795068740844727,0.3160414894421895,0.4999999403953552,0.25611119469006854
8,143000,1.0,11,3,0.5,303,1536,0.6516927083333334,0.34830729166666663,4.119017998377482,0.37834970156351755,0.335819015900294,0.49999989072481793,0.2561111847559611
8,143000,1.0,11,3,0.75,101,1536,0.4733072916666667,0.5266927083333333,4.728484630584717,0.987816333770752,0.9363939960797628,0.750000516573588,0.38416701555252075
8,143000,1.0,11,3,0.75,202,1536,0.4850260416666667,0.5149739583333333,4.771840572357178,1.031172275543213,0.9284906387329102,0.7500000397364298,0.3841668665409088
8,143000,1.0,11,3,0.75,303,1536,0.466796875,0.533203125,4.7926351229349775,1.0519668261210127,0.9518886009852091,0.750000516573588,0.3841671049594879
8,143000,1.0,11,4,0.35,101,1536,0.6178385416666666,0.38216145833333337,4.291476567586263,0.5508082707722979,0.5450663367907206,0.34999992450078327,0.20874956250190735
8,143000,1.0,11,4,0.35,202,1536,0.6484375,0.3515625,4.2634383837382,0.5227700869242353,0.5098152756690979,0.3500002721945445,0.2087502876917521
8,143000,1.0,11,4,0.35,303,1536,0.6477864583333334,0.35221354166666663,4.253331661224365,0.5126633644104004,0.5402042269706726,0.350000520547231,0.2087499499320984
8,143000,1.0,11,4,0.5,101,1536,0.4791666666666667,0.5208333333333333,4.883502006530762,1.1428337097167969,1.085802396138509,0.49999934434890747,0.2982139488061269
8,143000,1.0,11,4,0.5,202,1536,0.5201822916666666,0.47981770833333337,4.812947909037272,1.0722796122233076,1.0075167020161946,0.4999997913837433,0.29821376005808514
8,143000,1.0,11,4,0.5,303,1536,0.5123697916666666,0.48763020833333337,4.7803413073221845,1.0396730105082197,1.0479175051053364,0.4999999801317851,0.2982138892014821
8,143000,1.0,11,4,0.75,101,1536,0.2994791666666667,0.7005208333333333,6.1898299853007,2.4491616884867353,2.31987730662028,0.7500003973642985,0.4473211367925008
8,143000,1.0,11,4,0.75,202,1536,0.3196614583333333,0.6803385416666667,6.053143501281738,2.3124752044677734,2.1498202085494995,0.7500003377596537,0.4473222295443217
8,143000,1.0,11,4,0.75,303,1536,0.3235677083333333,0.6764322916666667,5.94423246383667,2.203564167022705,2.142082850138346,0.7499999006589254,0.44732104738553363
8,143000,1.0,11,5,0.35,101,1536,0.646484375,0.353515625,4.2459821701049805,0.5053138732910156,0.4664739767710368,0.3499999741713206,0.2195680687824885
8,143000,1.0,11,5,0.35,202,1536,0.6399739583333334,0.36002604166666663,4.24523941675822,0.5045711199442549,0.51150510708491,0.3500001132488251,0.2195678303639094
8,143000,1.0,11,5,0.35,303,1536,0.6536458333333334,0.34635416666666663,4.222400188446045,0.4817318916320801,0.46249695618947345,0.3500003417332967,0.21956826249758402
8,143000,1.0,11,5,0.5,101,1536,0.5208333333333334,0.47916666666666663,4.6897633870442705,0.9490950902303057,0.8833151459693909,0.49999990065892536,0.3136680523554484
8,143000,1.0,11,5,0.5,202,1536,0.5104166666666666,0.48958333333333337,4.7604935963948565,1.0198252995808916,0.9876941243807474,0.49999938408533734,0.31366799275080365
8,143000,1.0,11,5,0.5,303,1536,0.5,0.5,4.69748322168986,0.9568149248758955,0.9107162157694498,0.49999940395355225,0.31366778413454693
8,143000,1.0,11,5,0.75,101,1536,0.349609375,0.650390625,5.681761264801025,1.9410929679870605,1.8165797392527263,0.7500001390775045,0.47050248583157855
8,143000,1.0,11,5,0.75,202,1536,0.326171875,0.673828125,5.840851942698161,2.1001836458841963,1.9716341892878215,0.7500000397364298,0.47050219774246216
8,143000,1.0,11,5,0.75,303,1536,0.333984375,0.666015625,5.738282521565755,1.99761422475179,1.8829245567321777,0.7500001390775045,0.4705028235912323
8,143000,1.0,11,6,0.35,101,1536,0.630859375,0.369140625,4.240811347961426,0.5001430511474609,0.503464917341868,0.3499997059504191,0.24284627040227255
8,143000,1.0,11,6,0.35,202,1536,0.6412760416666666,0.35872395833333337,4.2615485191345215,0.5208802223205566,0.5012993415196737,0.3499998946984609,0.24284620583057404
8,143000,1.0,11,6,0.35,303,1536,0.6419270833333334,0.35807291666666663,4.263635317484538,0.5229670206705732,0.506881962219874,0.3500000735123952,0.24284603198369345
8,143000,1.0,11,6,0.5,101,1536,0.5052083333333334,0.49479166666666663,4.74304215113322,1.0023738543192549,0.9653025269508362,0.49999966224034625,0.34692325194676715
8,143000,1.0,11,6,0.5,202,1536,0.5247395833333334,0.47526041666666663,4.752206007639567,1.0115377108256025,0.9583553075790405,0.5000001788139343,0.34692369898160297
8,143000,1.0,11,6,0.5,303,1536,0.515625,0.484375,4.793580373128255,1.05291207631429,0.9837693373362223,0.5000002284844717,0.34692402680714923
8,143000,1.0,11,6,0.75,101,1536,0.3489583333333333,0.6510416666666667,5.7273322741190595,1.9866639773050947,1.8952782551447551,0.749999483426412,0.5203844308853149
8,143000,1.0,11,6,0.75,202,1536,0.3626302083333333,0.6373697916666667,5.762049198150635,2.02138090133667,1.8961890538533528,0.750000019868215,0.5203847090403239
8,143000,1.0,11,6,0.75,303,1536,0.3463541666666667,0.6536458333333333,5.829900900522868,2.0892326037089033,1.9423868656158447,0.7499999205271403,0.5203846494356791
8,143000,1.0,11,7,0.35,101,1536,0.6569010416666666,0.34309895833333337,4.13563330968221,0.39496501286824515,0.44771044452985126,0.3500002423922221,0.26871713002522785
8,143000,1.0,11,7,0.35,202,1536,0.6477864583333334,0.35221354166666663,4.145556926727295,0.4048886299133301,0.43833263715108234,0.3500002721945445,0.2687169710795085
8,143000,1.0,11,7,0.35,303,1536,0.6634114583333334,0.33658854166666663,4.1414798100789385,0.40081151326497366,0.41659704844156903,0.3500000238418579,0.26871711015701294
8,143000,1.0,11,7,0.5,101,1536,0.5494791666666666,0.45052083333333337,4.49098523457845,0.7503169377644854,0.789125899473826,0.5000000794728597,0.38388174772262573
8,143000,1.0,11,7,0.5,202,1536,0.5384114583333334,0.46158854166666663,4.51120646794637,0.7705381711324053,0.7913203239440918,0.49999986092249554,0.38388171792030334
8,143000,1.0,11,7,0.5,303,1536,0.5481770833333334,0.45182291666666663,4.503469308217366,0.7628010114034014,0.7512057423591614,0.4999999900658925,0.3838816285133362
8,143000,1.0,11,7,0.75,101,1536,0.3951822916666667,0.6048177083333333,5.233639717102051,1.492971420288086,1.5013190110524495,0.7499999205271403,0.575822909673055
8,143000,1.0,11,7,0.75,202,1536,0.400390625,0.599609375,5.246139367421468,1.505471070607503,1.4901833931605022,0.7500002384185791,0.5758227507273356
8,143000,1.0,11,7,0.75,303,1536,0.4075520833333333,0.5924479166666667,5.24497636159261,1.5043080647786455,1.4463197787602742,0.7499998609224955,0.5758220752080282
8,143000,1.0,11,8,0.35,101,1536,0.7057291666666666,0.29427083333333337,4.014586448669434,0.27391815185546875,0.30712181329727173,0.34999967614809674,0.29283931851387024
8,143000,1.0,11,8,0.35,202,1536,0.720703125,0.279296875,4.100155194600423,0.35948689778645804,0.3143094976743062,0.3499997754891713,0.2928398350874583
8,143000,1.0,11,8,0.35,303,1536,0.70703125,0.29296875,4.015488783518474,0.27482048670450876,0.3035058081150055,0.34999961654345196,0.2928399046262105
8,143000,1.0,11,8,0.5,101,1536,0.607421875,0.392578125,4.261613368988037,0.5209450721740723,0.5566419760386149,0.49999980131785077,0.4183429976304372
8,143000,1.0,11,8,0.5,202,1536,0.6184895833333334,0.38151041666666663,4.3729095458984375,0.6322412490844727,0.5611332058906555,0.49999989072481793,0.4183428684870402
8,143000,1.0,11,8,0.5,303,1536,0.599609375,0.400390625,4.279417355855306,0.5387490590413408,0.5557113885879517,0.5000000993410746,0.41834360361099243
8,143000,1.0,11,8,0.75,101,1536,0.4596354166666667,0.5403645833333333,4.836142857869466,1.095474561055501,1.1191833019256592,0.7499995827674866,0.6275141636530558
8,143000,1.0,11,8,0.75,202,1536,0.46875,0.53125,4.966126441955566,1.2254581451416016,1.1123600006103516,0.7499999006589254,0.6275147199630737
8,143000,1.0,11,8,0.75,303,1536,0.453125,0.546875,4.87883456548055,1.138166268666585,1.1233567396799724,0.7499999403953552,0.6275147994359335
8,143000,1.0,11,9,0.35,101,1536,0.7278645833333334,0.27213541666666663,4.060065507888794,0.3193972110748291,0.30658865968386334,0.34999996423721313,0.3416903118292491
8,143000,1.0,11,9,0.35,202,1536,0.7154947916666666,0.28450520833333337,4.03342866897583,0.29276037216186523,0.30982499321301776,0.35000049074490863,0.34169097741444904
8,143000,1.0,11,9,0.35,303,1536,0.7265625,0.2734375,4.0343124071757,0.2936441103617353,0.3125258684158325,0.34999998410542804,0.3416902422904968
8,143000,1.0,11,9,0.5,101,1536,0.6236979166666666,0.37630208333333337,4.315306981404622,0.5746386845906573,0.5512534379959106,0.5000004172325134,0.48812881112098694
8,143000,1.0,11,9,0.5,202,1536,0.6204427083333334,0.37955729166666663,4.2808200518290205,0.5401517550150556,0.5562237501144409,0.5000005463759104,0.48812917868296307
8,143000,1.0,11,9,0.5,303,1536,0.6223958333333334,0.37760416666666663,4.298218409220378,0.5575501124064131,0.5606723030408224,0.4999997019767761,0.4881284832954407
8,143000,1.0,11,9,0.75,101,1536,0.4661458333333333,0.5338541666666667,4.872318267822266,1.1316499710083008,1.0958109696706135,0.7499999205271403,0.7321931521097819
8,143000,1.0,11,9,0.75,202,1536,0.4641927083333333,0.5358072916666667,4.841176509857178,1.100508213043213,1.1051815748214722,0.7500002384185791,0.7321930925051371
8,143000,1.0,11,9,0.75,303,1536,0.48046875,0.51953125,4.867448488871257,1.126780192057292,1.0964365402857463,0.7500005563100179,0.7321939269701639
8,143000,1.0,11,10,0.35,101,1536,0.7109375,0.2890625,4.015865882237752,0.27519758542378714,0.2869824767112732,0.3499999741713206,0.3870992263158162
8,143000,1.0,11,10,0.35,202,1536,0.72265625,0.27734375,4.027226209640503,0.2865579128265381,0.305619478225708,0.35000009338061017,0.3870992759863536
8,143000,1.0,11,10,0.35,303,1536,0.720703125,0.279296875,4.0766526858011884,0.3359843889872236,0.29252390066782635,0.34999995430310565,0.38709914684295654
8,143000,1.0,11,10,0.5,101,1536,0.6080729166666666,0.39192708333333337,4.268465995788574,0.5277976989746094,0.5326701402664185,0.5000001390775045,0.5529989798863729
8,143000,1.0,11,10,0.5,202,1536,0.615234375,0.384765625,4.278829892476399,0.5381615956624346,0.5521957476933798,0.5000003973642985,0.5529993971188863
8,143000,1.0,11,10,0.5,303,1536,0.6126302083333334,0.38736979166666663,4.351074854532878,0.6104065577189131,0.544616719086965,0.49999963243802387,0.5529988408088684
8,143000,1.0,11,10,0.75,101,1536,0.4557291666666667,0.5442708333333333,4.838183403015137,1.0975151062011719,1.0813028812408447,0.7499997615814209,0.8294981519381205
8,143000,1.0,11,10,0.75,202,1536,0.4563802083333333,0.5436197916666667,4.840100447336833,1.0994321505228681,1.0957544247309368,0.7500001986821493,0.8294985294342041
8,143000,1.0,11,10,0.75,303,1536,0.4733072916666667,0.5266927083333333,4.9401852289835615,1.1995169321695967,1.0995448033014934,0.7500002980232239,0.8294989665349325
8,143000,1.0,23,1,0.35,101,1536,0.7552083333333334,0.24479166666666663,3.9074225425720215,0.14700635274251317,0.17427104711532593,0.34999985496203107,0.13992947340011597
8,143000,1.0,23,1,0.35,202,1536,0.7747395833333334,0.22526041666666663,3.893696387608846,0.13328019777933786,0.16633930305639902,0.3500000834465027,0.13992956777413687
8,143000,1.0,23,1,0.35,303,1536,0.7369791666666666,0.26302083333333337,3.9108505249023438,0.15043433507283543,0.17873306572437286,0.3499998251597087,0.13992945849895477
8,143000,1.0,23,1,0.5,101,1536,0.6490885416666666,0.35091145833333337,4.128712813059489,0.3682966232299809,0.4030456741650899,0.5000002483526865,0.19989943504333496
8,143000,1.0,23,1,0.5,202,1536,0.6588541666666666,0.34114583333333337,4.110878944396973,0.35046275456746434,0.389970064163208,0.500000019868215,0.19989937047163645
8,143000,1.0,23,1,0.5,303,1536,0.65625,0.34375,4.124086618423462,0.3636704285939536,0.40426727135976154,0.5000000397364298,0.19989937543869019
8,143000,1.0,23,1,0.75,101,1536,0.494140625,0.505859375,4.82719071706136,1.066774527231852,1.067635456720988,0.7499993443489075,0.2998487452665965
8,143000,1.0,23,1,0.75,202,1536,0.4967447916666667,0.5032552083333333,4.816683928171794,1.0562677383422856,1.0569273233413696,0.7500001192092896,0.2998490631580353
8,143000,1.0,23,1,0.75,303,1536,0.4986979166666667,0.5013020833333333,4.776354153951009,1.0159379641215005,1.0475776394208272,0.7499998807907104,0.29984896381696063
8,143000,1.0,23,2,0.35,101,1536,0.7571614583333334,0.24283854166666663,3.899467865626017,0.1390516757965088,0.15617502729098,0.3500005106131236,0.16214346388975778
8,143000,1.0,23,2,0.35,202,1536,0.7701822916666666,0.22981770833333337,3.903687079747518,0.14327088991800974,0.15422071516513824,0.3500003019968669,0.1621433993180593
8,143000,1.0,23,2,0.35,303,1536,0.76171875,0.23828125,3.8904310862223306,0.13001489639282227,0.15772833923498789,0.3499999940395355,0.16214325527350107
8,143000,1.0,23,2,0.5,101,1536,0.6770833333333334,0.32291666666666663,4.0856350262959795,0.3252188364664712,0.35730520884195965,0.5000003178914388,0.23163331051667532
8,143000,1.0,23,2,0.5,202,1536,0.6725260416666666,0.32747395833333337,4.096968491872151,0.3365523020426431,0.3570508460203807,0.4999999403953552,0.23163317640622458
8,143000,1.0,23,2,0.5,303,1536,0.6640625,0.3359375,4.082928657531738,0.32251246770222997,0.36093152562777203,0.5000001688798269,0.2316332459449768
8,143000,1.0,23,2,0.75,101,1536,0.5084635416666666,0.49153645833333337,4.682447115580241,0.9220309257507329,0.9403877854347229,0.7500004569689432,0.34744998812675476
8,143000,1.0,23,2,0.75,202,1536,0.4993489583333333,0.5006510416666667,4.7315592765808105,0.9711430867513022,0.966550350189209,0.7500000397364298,0.34744979937871295
8,143000,1.0,23,2,0.75,303,1536,0.5084635416666666,0.49153645833333337,4.708039442698161,0.9476232528686528,0.957269529501597,0.7499996423721313,0.3474496006965637
8,143000,1.0,23,3,0.35,101,1536,0.7864583333333334,0.21354166666666663,3.895857334136963,0.13544114430745458,0.1466254194577535,0.3500002920627594,0.17957371970017752
8,143000,1.0,23,3,0.35,202,1536,0.7760416666666666,0.22395833333333337,3.8828577200571694,0.12244153022766113,0.1524525284767151,0.35000018278757733,0.17957369983196259
8,143000,1.0,23,3,0.35,303,1536,0.7805989583333334,0.21940104166666663,3.876253286997477,0.11583709716796875,0.14902379115422568,0.350000003973643,0.17957361042499542
8,143000,1.0,23,3,0.5,101,1536,0.6796875,0.3203125,4.075727621714274,0.31531143188476607,0.33426162600517273,0.5000001092751821,0.2565338412920634
8,143000,1.0,23,3,0.5,202,1536,0.677734375,0.322265625,4.065811951955159,0.3053957621256509,0.3407808840274811,0.5000000496705373,0.25653377175331116
8,143000,1.0,23,3,0.5,303,1536,0.681640625,0.318359375,4.067119757334392,0.30670356750488326,0.33763795097668964,0.4999999503294627,0.25653374195098877
8,143000,1.0,23,3,0.75,101,1536,0.5143229166666666,0.48567708333333337,4.732189496358235,0.9717733065287271,0.9550460378328959,0.7500002185503641,0.3848007222016652
8,143000,1.0,23,3,0.75,202,1536,0.4986979166666667,0.5013020833333333,4.6896599133809405,0.9292437235514321,0.9408107201258341,0.7500002384185791,0.3848007619380951
8,143000,1.0,23,3,0.75,303,1536,0.505859375,0.494140625,4.714626948038737,0.954210758209229,0.9512056509653727,0.7500006755193075,0.3848009606202443
8,143000,1.0,23,4,0.35,101,1536,0.6256510416666666,0.37434895833333337,4.272470951080322,0.512054761250814,0.5406531492869059,0.35000014305114746,0.20635943611462912
8,143000,1.0,23,4,0.35,202,1536,0.61328125,0.38671875,4.284410158793132,0.5239939689636235,0.5710850159327189,0.3500004808108012,0.20635968943436941
8,143000,1.0,23,4,0.35,303,1536,0.6328125,0.3671875,4.34654442469279,0.5861282348632817,0.5605795979499817,0.34999967614809674,0.20635894934336343
8,143000,1.0,23,4,0.5,101,1536,0.505859375,0.494140625,4.805377006530762,1.0449608167012534,1.049520492553711,0.49999964237213135,0.2947985529899597
8,143000,1.0,23,4,0.5,202,1536,0.4934895833333333,0.5065104166666667,4.836982727050781,1.076566537221273,1.091194987297058,0.49999964237213135,0.2947983245054881
8,143000,1.0,23,4,0.5,303,1536,0.5006510416666666,0.49934895833333337,4.930129051208496,1.1697128613789878,1.1034880479176838,0.5000007549921671,0.2947995662689209
8,143000,1.0,23,4,0.75,101,1536,0.3274739583333333,0.6725260416666667,6.020720481872559,2.2603042920430503,2.1902671655019126,0.7500001192092896,0.4421984553337097
8,143000,1.0,23,4,0.75,202,1536,0.3125,0.6875,6.0768256187438965,2.316409428914388,2.2966628074645996,0.7500004371007284,0.44219905138015747
8,143000,1.0,23,4,0.75,303,1536,0.31640625,0.68359375,6.149910132090251,2.3894939422607426,2.267032782236735,0.7499993642171224,0.44219770034154254
8,143000,1.0,23,5,0.35,101,1536,0.6432291666666666,0.35677083333333337,4.357741514841716,0.5973253250122075,0.5364456574122111,0.3499996264775594,0.2179445226987203
8,143000,1.0,23,5,0.35,202,1536,0.6490885416666666,0.35091145833333337,4.327212969462077,0.5667967796325688,0.5168960889180502,0.35000062982241315,0.21794465680917105
8,143000,1.0,23,5,0.35,303,1536,0.6243489583333334,0.37565104166666663,4.332420984903972,0.5720047950744633,0.5430073340733846,0.34999985496203107,0.21794459223747253
8,143000,1.0,23,5,0.5,101,1536,0.4986979166666667,0.5013020833333333,4.928701718648274,1.1682855288187661,1.0637540817260742,0.5000003675619761,0.31134997804959613
8,143000,1.0,23,5,0.5,202,1536,0.5221354166666666,0.47786458333333337,4.861385027567546,1.1009688377380376,1.0000069340070088,0.5000004967053732,0.3113495111465454
8,143000,1.0,23,5,0.5,303,1536,0.4928385416666667,0.5071614583333333,4.842800299326579,1.0823841094970708,1.0314539869626362,0.5000002582867941,0.3113497296969096
8,143000,1.0,23,5,0.75,101,1536,0.3404947916666667,0.6595052083333333,6.105777740478516,2.3453615506490073,2.175161600112915,0.7500008344650269,0.4670250614484151
8,143000,1.0,23,5,0.75,202,1536,0.3463541666666667,0.6536458333333333,5.9980441729227705,2.237627983093262,2.066388964653015,0.7500003377596537,0.4670242170492808
8,143000,1.0,23,5,0.75,303,1536,0.306640625,0.693359375,5.966431617736816,2.206015427907308,2.0961180528004966,0.7499998410542806,0.46702422698338825
8,143000,1.0,23,6,0.35,101,1536,0.6341145833333334,0.36588541666666663,4.273709932963054,0.5132937431335454,0.498652845621109,0.35000013311704,0.23905062675476074
8,143000,1.0,23,6,0.35,202,1536,0.65234375,0.34765625,4.256117343902588,0.4957011540730796,0.5236004988352457,0.3500002125898997,0.23905092477798462
8,143000,1.0,23,6,0.35,303,1536,0.6497395833333334,0.35026041666666663,4.274030685424805,0.5136144955952964,0.5000560383001963,0.3500003119309743,0.23905102908611298
8,143000,1.0,23,6,0.5,101,1536,0.4986979166666667,0.5013020833333333,4.776624361673991,1.0162081718444829,0.9624799291292826,0.499999741713206,0.3415010968844096
8,143000,1.0,23,6,0.5,202,1536,0.5260416666666666,0.47395833333333337,4.774208704630534,1.0137925148010258,1.0090583165486653,0.4999995430310567,0.34150053064028424
8,143000,1.0,23,6,0.5,303,1536,0.5390625,0.4609375,4.730559508005778,0.97014331817627,0.9246744910875956,0.5000003178914388,0.3415018916130066
8,143000,1.0,23,6,0.75,101,1536,0.349609375,0.650390625,5.771180470784505,2.0107642809549966,1.893035888671875,0.7500004569689432,0.512251635392507
8,143000,1.0,23,6,0.75,202,1536,0.3678385416666667,0.6321614583333333,5.869966824849446,2.109550635019938,2.0340280135472617,0.7500001986821493,0.5122519334157308
8,143000,1.0,23,6,0.75,303,1536,0.37109375,0.62890625,5.68826961517334,1.9278534253438315,1.82405420144399,0.7499998410542806,0.5122512976328532
8,143000,1.0,23,7,0.35,101,1536,0.6673177083333334,0.33268229166666663,4.266170342763265,0.5057541529337564,0.44663535555203754,0.34999990463256836,0.26786309480667114
8,143000,1.0,23,7,0.35,202,1536,0.6608072916666666,0.33919270833333337,4.2228013674418134,0.46238517761230513,0.44236276547114056,0.35000012318293255,0.2678631544113159
8,143000,1.0,23,7,0.35,303,1536,0.658203125,0.341796875,4.194830894470215,0.43441470464070653,0.45052410165468854,0.3500000437100728,0.26786357164382935
8,143000,1.0,23,7,0.5,101,1536,0.552734375,0.447265625,4.64833418528239,0.8879179954528813,0.7970893581708273,0.5000001192092896,0.3826618591944377
8,143000,1.0,23,7,0.5,202,1536,0.5670572916666666,0.43294270833333337,4.585115273793538,0.8246990839640298,0.7856653928756714,0.5000000794728597,0.3826616704463959
8,143000,1.0,23,7,0.5,303,1536,0.5520833333333334,0.44791666666666663,4.560434818267822,0.800018628438314,0.8021019299825033,0.5000004271666209,0.3826620678106944
8,143000,1.0,23,7,0.75,101,1536,0.3990885416666667,0.6009114583333333,5.438582897186279,1.678166707356771,1.52954097588857,0.7499998013178507,0.5739928086598715
8,143000,1.0,23,7,0.75,202,1536,0.4270833333333333,0.5729166666666667,5.314006646474202,1.5535904566446939,1.494879961013794,0.7500002185503641,0.5739924510320028
8,143000,1.0,23,7,0.75,303,1536,0.3990885416666667,0.6009114583333333,5.340158303578694,1.579742113749186,1.548122525215149,0.7500000993410746,0.5739929874738058
8,143000,1.0,23,8,0.35,101,1536,0.7076822916666666,0.29231770833333337,4.071252822875977,0.31083663304646825,0.3134085237979889,0.34999992450078327,0.29355748494466144
8,143000,1.0,23,8,0.35,202,1536,0.7174479166666666,0.28255208333333337,4.075008153915405,0.31459196408589696,0.31756951411565143,0.3500001033147176,0.29355765382448834
8,143000,1.0,23,8,0.35,303,1536,0.7044270833333334,0.29557291666666663,4.072875022888184,0.3124588330586753,0.30639615654945374,0.35000019272168476,0.29355786244074505
8,143000,1.0,23,8,0.5,101,1536,0.60546875,0.39453125,4.331482569376628,0.5710663795471196,0.5723258852958679,0.5000002384185791,0.41936811804771423
8,143000,1.0,23,8,0.5,202,1536,0.6302083333333334,0.36979166666666663,4.335537433624268,0.5751212437947593,0.570060133934021,0.5000003079573313,0.4193682372570038
8,143000,1.0,23,8,0.5,303,1536,0.6106770833333334,0.38932291666666663,4.339739163716634,0.5793229738871255,0.5562748710314432,0.4999998410542806,0.41936782002449036
8,143000,1.0,23,8,0.75,101,1536,0.4537760416666667,0.5462239583333333,4.919213612874349,1.1587974230448403,1.1427122354507446,0.7500002781550089,0.6290518045425415
8,143000,1.0,23,8,0.75,202,1536,0.4811197916666667,0.5188802083333333,4.9082441329956055,1.1478279431660972,1.1224550406138103,0.7500006556510925,0.6290520032246908
8,143000,1.0,23,8,0.75,303,1536,0.4830729166666667,0.5169270833333333,4.951403935750325,1.190987745920817,1.131474534670512,0.750000019868215,0.6290518045425415
8,143000,1.0,23,9,0.35,101,1536,0.724609375,0.275390625,4.059836705525716,0.29942051569620753,0.29918859402338666,0.35000012318293255,0.34669139981269836
8,143000,1.0,23,9,0.35,202,1536,0.7161458333333334,0.28385416666666663,4.088377475738525,0.3279612859090171,0.3153524895509084,0.3500001132488251,0.3466914693514506
8,143000,1.0,23,9,0.35,303,1536,0.724609375,0.275390625,4.057719866434733,0.29730367660522505,0.32464970151583356,0.35000009338061017,0.3466915289560954
8,143000,1.0,23,9,0.5,101,1536,0.626953125,0.373046875,4.332342783610026,0.571926593780518,0.5623715122540792,0.4999997119108836,0.49527353048324585
8,143000,1.0,23,9,0.5,202,1536,0.6145833333333334,0.38541666666666663,4.364968935648601,0.6045527458190922,0.5802359580993652,0.5,0.4952733914057414
8,143000,1.0,23,9,0.5,303,1536,0.6048177083333334,0.39518229166666663,4.326059818267822,0.565643628438314,0.5864010055859884,0.4999999503294627,0.49527324239412945
8,143000,1.0,23,9,0.75,101,1536,0.4772135416666667,0.5227864583333333,4.930567741394043,1.1701515515645347,1.1480379501978557,0.7500007351239523,0.7429109811782837
8,143000,1.0,23,9,0.75,202,1536,0.4720052083333333,0.5279947916666667,4.981626510620117,1.2212103207906089,1.1739725669225056,0.7500001192092896,0.7429100473721822
8,143000,1.0,23,9,0.75,303,1536,0.46484375,0.53515625,4.92804495493571,1.1676287651062016,1.1754673719406128,0.7500005761782328,0.7429110805193583
8,143000,1.0,23,10,0.35,101,1536,0.712890625,0.287109375,4.032424767812093,0.2720085779825845,0.2902430494626363,0.34999990463256836,0.39032403628031415
8,143000,1.0,23,10,0.35,202,1536,0.7037760416666666,0.29622395833333337,4.053863684336345,0.2934474945068364,0.29014380772908527,0.35000016291936237,0.39032475153605145
8,143000,1.0,23,10,0.35,303,1536,0.7102864583333334,0.28971354166666663,4.065352598826091,0.3049364089965825,0.30804596344629925,0.35000013311704,0.390324205160141
8,143000,1.0,23,10,0.5,101,1536,0.611328125,0.388671875,4.272010962168376,0.5115947723388676,0.5419488549232483,0.4999999801317851,0.5576061407725016
8,143000,1.0,23,10,0.5,202,1536,0.611328125,0.388671875,4.3120964368184405,0.5516802469889321,0.5442111293474833,0.5,0.5576061805089315
8,143000,1.0,23,10,0.5,303,1536,0.6106770833333334,0.38932291666666663,4.333017667134603,0.5726014773050943,0.5704468886057535,0.500000019868215,0.5576062003771464
8,143000,1.0,23,10,0.75,101,1536,0.4680989583333333,0.5319010416666667,4.832973798116048,1.0725576082865396,1.1068121989568074,0.7500000794728597,0.8364096085230509
8,143000,1.0,23,10,0.75,202,1536,0.4830729166666667,0.5169270833333333,4.883256276448567,1.122840086619059,1.1056792736053467,0.7499998609224955,0.8364093899726868
8,143000,1.0,23,10,0.75,303,1536,0.4733072916666667,0.5266927083333333,4.910837173461914,1.1504209836324057,1.1387852827707927,0.7499999403953552,0.8364090124766032
8,143000,1.0,37,1,0.35,101,1536,0.7688802083333334,0.23111979166666663,3.8467992146809897,0.14191548029581735,0.1708608865737915,0.3500000238418579,0.14093476037184396
8,143000,1.0,37,1,0.35,202,1536,0.7740885416666666,0.22591145833333337,3.8746391932169595,0.1697554588317871,0.16756579279899597,0.3499999741713206,0.14093470573425293
8,143000,1.0,37,1,0.35,303,1536,0.7682291666666666,0.23177083333333337,3.8345768451690674,0.129693110783895,0.16420950492223105,0.350000262260437,0.14093485474586487
8,143000,1.0,37,1,0.5,101,1536,0.65625,0.34375,4.103525797526042,0.3986420631408696,0.43992610772450763,0.5000004569689432,0.20133552451928458
8,143000,1.0,37,1,0.5,202,1536,0.646484375,0.353515625,4.130214134852092,0.4253304004669194,0.4257928530375163,0.5000001490116119,0.20133540530999502
8,143000,1.0,37,1,0.5,303,1536,0.6725260416666666,0.32747395833333337,4.060472249984741,0.35558851559956883,0.38840282956759137,0.499999741713206,0.20133521656195322
8,143000,1.0,37,1,0.75,101,1536,0.46484375,0.53515625,4.8166351318359375,1.1117513974507651,1.170365810394287,0.750000019868215,0.30200302600860596
8,143000,1.0,37,1,0.75,202,1536,0.4446614583333333,0.5553385416666667,4.9434590339660645,1.238575299580892,1.2377623716990154,0.7500002582867941,0.3020031154155731
8,143000,1.0,37,1,0.75,303,1536,0.4850260416666667,0.5149739583333333,4.759178638458252,1.0542949040730796,1.0632723172505696,0.7500004967053732,0.3020032246907552
8,143000,1.0,37,2,0.35,101,1536,0.7942708333333334,0.20572916666666663,3.8312203884124756,0.1263366540273032,0.14415551722049713,0.3500002423922221,0.16332016388575235
8,143000,1.0,37,2,0.35,202,1536,0.7955729166666666,0.20442708333333337,3.8601013819376626,0.15521764755249023,0.14679864048957825,0.3499997854232788,0.16331996023654938
8,143000,1.0,37,2,0.35,303,1536,0.7708333333333334,0.22916666666666663,3.837809960047404,0.13292622566223145,0.1419837772846222,0.3499998350938161,0.16332000494003296
8,143000,1.0,37,2,0.5,101,1536,0.7024739583333334,0.29752604166666663,4.015328009923299,0.3104442755381265,0.3456895450750987,0.4999999205271403,0.2333143800497055
8,143000,1.0,37,2,0.5,202,1536,0.6959635416666666,0.30403645833333337,4.0478515625,0.3429678281148276,0.3364797333876292,0.5000002781550089,0.23331453402837118
8,143000,1.0,37,2,0.5,303,1536,0.6783854166666666,0.32161458333333337,4.01677926381429,0.3118955294291177,0.33525417248408,0.5000001390775045,0.23331446945667267
8,143000,1.0,37,2,0.75,101,1536,0.5169270833333334,0.48307291666666663,4.6303426424662275,0.9254589080810551,0.9756490588188171,0.7499997218449911,0.349971483151118
8,143000,1.0,37,2,0.75,202,1536,0.5143229166666666,0.48567708333333337,4.64103905359904,0.9361553192138676,0.9299237132072449,0.7499998410542806,0.349971463282903
8,143000,1.0,37,2,0.75,303,1536,0.5078125,0.4921875,4.6150468190511065,0.9101630846659341,0.9464453260103861,0.7499995430310568,0.3499713937441508
8,143000,1.0,37,3,0.35,101,1536,0.7858072916666666,0.21419270833333337,3.816497564315796,0.11161382993062352,0.13809426128864288,0.35000001390775043,0.1807735562324524
8,143000,1.0,37,3,0.35,202,1536,0.7942708333333334,0.20572916666666663,3.8286256790161133,0.1237419446309409,0.1332899828751882,0.34999993443489075,0.18077349166075388
8,143000,1.0,37,3,0.35,303,1536,0.7923177083333334,0.20768229166666663,3.8391964435577393,0.13431270917256688,0.13168281316757202,0.35000025232632953,0.18077367544174194
8,143000,1.0,37,3,0.5,101,1536,0.6881510416666666,0.31184895833333337,3.991708755493164,0.2868250211079917,0.3244744539260864,0.49999988079071045,0.25824784239133197
8,143000,1.0,37,3,0.5,202,1536,0.7037760416666666,0.29622395833333337,4.002341906229655,0.29745817184448287,0.3086790343125661,0.5000002781550089,0.2582480808099111
8,143000,1.0,37,3,0.5,303,1536,0.7005208333333334,0.29947916666666663,4.007696151733398,0.30281241734822606,0.3024689753850301,0.49999986092249554,0.25824786225954693
8,143000,1.0,37,3,0.75,101,1536,0.5091145833333334,0.49088541666666663,4.643507480621338,0.9386237462361655,0.9567445119222006,0.7500002980232239,0.38737205664316815
8,143000,1.0,37,3,0.75,202,1536,0.51171875,0.48828125,4.6291422843933105,0.9242585500081382,0.9030470252037048,0.7500002980232239,0.38737207651138306
8,143000,1.0,37,3,0.75,303,1536,0.5052083333333334,0.49479166666666663,4.629133860270183,0.9242501258850102,0.8991897702217102,0.7499998807907104,0.3873717486858368
8,143000,1.0,37,4,0.35,101,1536,0.6197916666666666,0.38020833333333337,4.297166347503662,0.5922826131184897,0.600835939248403,0.34999991456667584,0.20531244575977325
8,143000,1.0,37,4,0.35,202,1536,0.6302083333333334,0.36979166666666663,4.284000476201375,0.5791167418162027,0.5645865599314371,0.35000019272168476,0.20531279345353445
8,143000,1.0,37,4,0.35,303,1536,0.6412760416666666,0.35872395833333337,4.281148672103882,0.5762649377187095,0.5569316546122233,0.3500002423922221,0.20531285802523294
8,143000,1.0,37,4,0.5,101,1536,0.4908854166666667,0.5091145833333333,4.892394224802653,1.187510490417481,1.187250018119812,0.5000004371007284,0.2933037082354228
8,143000,1.0,37,4,0.5,202,1536,0.5032552083333334,0.49674479166666663,4.829455057779948,1.1245713233947758,1.1021345655123393,0.5000001490116119,0.29330336054166156
8,143000,1.0,37,4,0.5,303,1536,0.51171875,0.48828125,4.824152946472168,1.1192692120869956,1.072638471921285,0.5000002284844717,0.29330360889434814
8,143000,1.0,37,4,0.75,101,1536,0.3092447916666667,0.6907552083333333,6.179357528686523,2.474473794301351,2.461041212081909,0.7500001986821493,0.43995535373687744
8,143000,1.0,37,4,0.75,202,1536,0.32421875,0.67578125,5.996807893117269,2.291924158732096,2.256921370824178,0.7500001788139343,0.43995556235313416
8,143000,1.0,37,4,0.75,303,1536,0.3020833333333333,0.6979166666666667,6.028678099314372,2.3237943649291997,2.225169579188029,0.7499996821085612,0.43995535373687744
8,143000,1.0,37,5,0.35,101,1536,0.6165364583333334,0.38346354166666663,4.30134932200114,0.5964655876159672,0.595968504746755,0.34999964634577435,0.2162309338649114
8,143000,1.0,37,5,0.35,202,1536,0.6171875,0.3828125,4.280521869659424,0.5756381352742515,0.5750711957613627,0.3500003218650818,0.21623151501019797
8,143000,1.0,37,5,0.35,303,1536,0.6315104166666666,0.36848958333333337,4.296936909357707,0.5920531749725346,0.5448077917098999,0.35000033179918927,0.21623142063617706
8,143000,1.0,37,5,0.5,101,1536,0.4798177083333333,0.5201822916666667,4.893594106038411,1.1887103716532388,1.1827686627705891,0.49999985098838806,0.30890193581581116
8,143000,1.0,37,5,0.5,202,1536,0.4850260416666667,0.5149739583333333,4.885451157887776,1.180567423502604,1.155208706855774,0.5000007351239523,0.3089023232460022
8,143000,1.0,37,5,0.5,303,1536,0.50390625,0.49609375,4.848325729370117,1.1434419949849448,1.0599149664243062,0.5000000894069672,0.30890193581581116
8,143000,1.0,37,5,0.75,101,1536,0.3170572916666667,0.6829427083333333,6.090248743693034,2.3853650093078618,2.369462172190348,0.7500003178914388,0.4633530080318451
8,143000,1.0,37,5,0.75,202,1536,0.3216145833333333,0.6783854166666667,6.030646165211995,2.3257624308268228,2.259582757949829,0.7500006556510925,0.4633537530899048
8,143000,1.0,37,5,0.75,303,1536,0.3359375,0.6640625,5.911862850189209,2.2069791158040366,2.0726287364959717,0.7500002582867941,0.46335307757059735
8,143000,1.0,37,6,0.35,101,1536,0.6419270833333334,0.35807291666666663,4.329793532689412,0.6249097983042398,0.6166449189186096,0.3500005006790161,0.23778170347213745
8,143000,1.0,37,6,0.35,202,1536,0.654296875,0.345703125,4.218603134155273,0.5137193997701011,0.4956901768843333,0.3500000437100728,0.23778148492177328
8,143000,1.0,37,6,0.35,303,1536,0.640625,0.359375,4.33094318707784,0.6260594526926675,0.610301653544108,0.3500000635782878,0.23778105278809866
8,143000,1.0,37,6,0.5,101,1536,0.5045572916666666,0.49544270833333337,4.915033181508382,1.2101494471232095,1.1844063599904378,0.5000003576278687,0.3396880825360616
8,143000,1.0,37,6,0.5,202,1536,0.509765625,0.490234375,4.71625296274821,1.0113692283630376,0.972425103187561,0.5000002781550089,0.3396882812182109
8,143000,1.0,37,6,0.5,303,1536,0.5149739583333334,0.48502604166666663,4.905872821807861,1.200989087422689,1.1586808760960896,0.4999999403953552,0.3396875858306885
8,143000,1.0,37,6,0.75,101,1536,0.3606770833333333,0.6393229166666667,5.980067412058513,2.2751836776733403,2.225818395614624,0.7500001986821493,0.5095316171646118
8,143000,1.0,37,6,0.75,202,1536,0.3470052083333333,0.6529947916666667,5.754904111226399,2.050020376841227,1.980299433072408,0.7499997615814209,0.5095314979553223
8,143000,1.0,37,6,0.75,303,1536,0.3580729166666667,0.6419270833333333,5.99165678024292,2.2867730458577475,2.2155020236968994,0.7499999006589254,0.5095313986142477
8,143000,1.0,37,7,0.35,101,1536,0.6595052083333334,0.34049479166666663,4.191596269607544,0.48671253522237157,0.48958641290664673,0.3499997556209564,0.26326729853947956
8,143000,1.0,37,7,0.35,202,1536,0.6569010416666666,0.34309895833333337,4.2181479930877686,0.5132642587025962,0.4996110300223033,0.3499997059504191,0.2632672389348348
8,143000,1.0,37,7,0.35,303,1536,0.6634114583333334,0.33658854166666663,4.204981327056885,0.5000975926717124,0.49678584933280945,0.3499997854232788,0.26326727867126465
8,143000,1.0,37,7,0.5,101,1536,0.529296875,0.470703125,4.606479962666829,0.9015962282816568,0.8912644783655802,0.5000001092751821,0.3760965168476105
8,143000,1.0,37,7,0.5,202,1536,0.54296875,0.45703125,4.608241081237793,0.9033573468526206,0.8835163712501526,0.5000002185503641,0.37609654664993286
8,143000,1.0,37,7,0.5,303,1536,0.5592447916666666,0.44075520833333337,4.6062118212382,0.9013280868530278,0.8843846122423807,0.49999983112017315,0.37609636783599854
8,143000,1.0,37,7,0.75,101,1536,0.3971354166666667,0.6028645833333333,5.412591934204102,1.7077081998189292,1.661296804745992,0.7499997615814209,0.5641446908315023
8,143000,1.0,37,7,0.75,202,1536,0.3951822916666667,0.6048177083333333,5.375821749369304,1.6709380149841313,1.6283681392669678,0.749999980131785,0.5641451478004456
8,143000,1.0,37,7,0.75,303,1536,0.3997395833333333,0.6002604166666667,5.366092363993327,1.6612086296081547,1.642283042271932,0.7500001589457194,0.5641452670097351
8,143000,1.0,37,8,0.35,101,1536,0.712890625,0.287109375,4.006137450536092,0.30125371615091945,0.31219717860221863,0.35000014305114746,0.2900412877400716
8,143000,1.0,37,8,0.35,202,1536,0.7272135416666666,0.27278645833333337,4.016505877176921,0.3116221427917485,0.3088124493757884,0.3499998052914937,0.29004165530204773
8,143000,1.0,37,8,0.35,303,1536,0.7291666666666666,0.27083333333333337,3.959425608317057,0.25454187393188477,0.32538270950317383,0.34999991456667584,0.29004130760828656
8,143000,1.0,37,8,0.5,101,1536,0.615234375,0.384765625,4.266936620076497,0.5620528856913247,0.5717699726422628,0.49999990065892536,0.4143452048301697
8,143000,1.0,37,8,0.5,202,1536,0.6223958333333334,0.37760416666666663,4.2699294090271,0.5650456746419272,0.5722815195719401,0.49999959270159405,0.4143448869387309
8,143000,1.0,37,8,0.5,303,1536,0.615234375,0.384765625,4.218447049458821,0.5135633150736489,0.5982945561408997,0.49999990065892536,0.41434503595034283
8,143000,1.0,37,8,0.75,101,1536,0.4759114583333333,0.5240885416666667,4.872679710388184,1.1677959760030112,1.1643256346384685,0.7499997615814209,0.6215171217918396
8,143000,1.0,37,8,0.75,202,1536,0.4622395833333333,0.5377604166666667,4.863644123077393,1.1587603886922202,1.1825786431630452,0.7500004768371582,0.6215176781018575
8,143000,1.0,37,8,0.75,303,1536,0.470703125,0.529296875,4.8188886642456055,1.114004929860433,1.2174648841222127,0.749999980131785,0.6215171416600546
8,143000,1.0,37,9,0.35,101,1536,0.7272135416666666,0.27278645833333337,3.9998337427775064,0.294950008392334,0.302195280790329,0.34999969601631165,0.340058833360672
8,143000,1.0,37,9,0.35,202,1536,0.7135416666666666,0.28645833333333337,3.988863945007324,0.28398021062215184,0.3008293906847636,0.3500000337759654,0.3400594890117645
8,143000,1.0,37,9,0.35,303,1536,0.7239583333333334,0.27604166666666663,3.988930861155192,0.28404712677001953,0.3113766709963481,0.3500000238418579,0.34005971749623615
8,143000,1.0,37,9,0.5,101,1536,0.6178385416666666,0.38216145833333337,4.259210109710693,0.554326375325521,0.5620056390762329,0.49999966224034625,0.4857985774676005
8,143000,1.0,37,9,0.5,202,1536,0.6217447916666666,0.37825520833333337,4.244701226552327,0.5398174921671548,0.5655602614084879,0.4999995032946269,0.4857984979947408
8,143000,1.0,37,9,0.5,303,1536,0.6236979166666666,0.37630208333333337,4.255819956461589,0.5509362220764165,0.5722465515136719,0.5000001390775045,0.48579922318458557
8,143000,1.0,37,9,0.75,101,1536,0.4713541666666667,0.5286458333333333,4.842506567637126,1.1376228332519536,1.1461460987726848,0.7500006159146627,0.7286988894144694
8,143000,1.0,37,9,0.75,202,1536,0.4479166666666667,0.5520833333333333,4.814462820688884,1.1095790863037114,1.15520445505778,0.7500002781550089,0.7286985317866007
8,143000,1.0,37,9,0.75,303,1536,0.4798177083333333,0.5201822916666667,4.836940447489421,1.1320567131042485,1.1577332417170207,0.7499999602635702,0.7286986311276754
8,143000,1.0,37,10,0.35,101,1536,0.728515625,0.271484375,3.966719309488932,0.26183557510375977,0.2891741891702016,0.35000042120615643,0.38565024733543396
8,143000,1.0,37,10,0.35,202,1536,0.7259114583333334,0.27408854166666663,3.9723385175069175,0.2674547831217451,0.2857968509197235,0.35000022252400714,0.3856498996416728
8,143000,1.0,37,10,0.35,303,1536,0.720703125,0.279296875,3.968564828236898,0.26368109385172556,0.2795348068078359,0.34999994436899823,0.385649710893631
8,143000,1.0,37,10,0.5,101,1536,0.6334635416666666,0.36653645833333337,4.217721144358317,0.512837409973145,0.5427103042602539,0.49999980131785077,0.5509278178215027
8,143000,1.0,37,10,0.5,202,1536,0.6243489583333334,0.37565104166666663,4.219531297683716,0.5146475632985434,0.5367569724718729,0.5000004371007284,0.5509288112322489
8,143000,1.0,37,10,0.5,303,1536,0.6204427083333334,0.37955729166666663,4.21225110689799,0.5073673725128178,0.5275433858235677,0.49999988079071045,0.5509278972943624
8,143000,1.0,37,10,0.75,101,1536,0.484375,0.515625,4.7755560874938965,1.070672353108724,1.115472435951233,0.7499998211860657,0.8263919949531555
8,143000,1.0,37,10,0.75,202,1536,0.4921875,0.5078125,4.779824733734131,1.0749409993489585,1.1034363508224487,0.7499998211860657,0.8263920148213705
8,143000,1.0,37,10,0.75,303,1536,0.4700520833333333,0.5299479166666667,4.774884223937988,1.070000489552816,1.0973477760950725,0.7499998807907104,0.8263922532399496
