tokens,intervened_nll,nll_damage,kl,top1_flip_rate,top1_retained_rate,top1_to_intact_top2_rate,other_flip_rate,top1_to_top2_share_of_flips,delta_b_mean,delta_b_median,delta_b_q10,delta_b_q25,delta_b_q75,delta_b_q90,delta_margin_mean,delta_margin_identity_max_abs,logit_delta_norm_mean,logit_delta_norm_median,cosine_alignment_mean,abs_cosine_alignment_mean,target_id,run_id,step,layer,match_class,selected_beta,family,intact_margin_mean,intact_margin_median,intact_margin_q10,intact_margin_q25,intact_margin_q75,intact_margin_q90,baseline_nll,stratum_0_count,stratum_0_flip_rate,stratum_1_count,stratum_1_flip_rate,stratum_2_count,stratum_2_flip_rate,reveal_kl,reveal_nll_damage,block_kl,block_nll_damage,corrected_block_ds,corrected_noise_ds,corrected_residual,corrected_reversal,ds,source_kl,source_nll,family_indicator,z_kl,z_nll_damage,z_intact_margin_mean,z_delta_b_mean,z_logit_delta_norm_mean,z_abs_cosine_alignment_mean,f_damage
4608,4.495345062679714,0.6313015884823265,0.5876143508487277,0.4045138888888889,0.5954861111111112,0.15104166666666666,0.2534722222222222,0.37339055793991416,-0.13787978887557983,-0.109375,-1.8671875,-0.890625,0.6845703125,1.5441405773162842,-0.13787978887557983,0.0,243.5110626220703,218.63320922851562,-0.0003319514507893473,0.0032270788215100765,r2_s14000_l1,2,14000,1,A,0.610086654353,block,1.3771607875823975,0.8046875,0.1171875,0.328125,1.7265625,3.481250047683716,3.8640434741973877,1543,0.644199611147116,1534,0.4172099087353325,1531,0.15022860875244937,0.581660372239572,0.6384883898275868,0.5876143508487278,0.6313015884823269,0.4045138888888889,0.4122540509259259,0.007740162037037,True,0.4045138888888889,0.5876143508487278,0.6313015884823269,0.0,-0.13330241830656453,-0.054303797477655125,-0.7900895518031297,0.5099085944758128,-0.6365003020870093,1.3448597325492788,-0.09380310789210983
13824,4.5025318640249745,0.6384883898275868,0.581660372239572,0.41225405092592593,0.5877459490740741,0.1556712962962963,0.25658275462962965,0.37761010703632214,-0.30280357599258423,-0.2109375,-2.03125,-1.0546875,0.53125,1.34375,-0.30280357599258423,0.0,242.9678497314453,236.2255096435547,-0.000825416820589453,0.003155624959617853,r2_s14000_l1,2,14000,1,A,0.610086654353,noise,1.3771607875823975,0.8046875,0.1171875,0.328125,1.7265625,3.481250047683716,3.8640434741973877,4629,0.6325340246273493,4602,0.4248152976966536,4593,0.17766165904637493,0.581660372239572,0.6384883898275868,0.5876143508487278,0.6313015884823269,0.4045138888888889,0.4122540509259259,0.007740162037037,True,0.4122540509259259,0.581660372239572,0.6384883898275868,1.0,-0.14886774568863295,-0.035741889353690624,-0.7900895518031297,-0.7515496363691377,-0.6380921477787085,1.2336485233725107,-0.09230481752116179
4608,4.616616672939724,0.7525731987423363,0.6941122081544664,0.4437934027777778,0.5562065972222222,0.1501736111111111,0.2936197916666667,0.33838630806845965,-0.26186659932136536,-0.205078125,-2.1011719703674316,-1.0830078125,0.5859375,1.4609375,-0.26186659932136536,0.0,267.0230712890625,256.29296875,-0.0006556969019584358,0.0030098543502390385,r2_s14000_l2,2,14000,2,A,0.667777390647,block,1.3771607875823975,0.8046875,0.1171875,0.328125,1.7265625,3.481250047683716,3.8640434741973877,1543,0.6474400518470512,1534,0.4863102998696219,1531,0.1959503592423253,0.6960172145454971,0.7499408986833362,0.6941122081544665,0.7525731987423366,0.4437934027777778,0.4466145833333333,0.0028211805555555,True,0.4437934027777778,0.6941122081544665,0.7525731987423366,0.0,0.14511208790337596,0.2589137772889125,-0.7900895518031297,-0.4384335779125076,-0.5676000783521034,1.0067702931110802,0.20201293259614422
13824,4.613984372880724,0.7499408986833362,0.6960172145454971,0.4466145833333333,0.5533854166666667,0.15690104166666666,0.2897135416666667,0.35131195335276966,-0.3800823986530304,-0.25,-2.359375,-1.1640625,0.53125,1.4140625,-0.3800823986530304,0.0,261.4975280761719,252.84201049804688,-0.0009370400803163648,0.0032187162432819605,r2_s14000_l2,2,14000,2,A,0.667777390647,noise,1.3771607875823975,0.8046875,0.1171875,0.328125,1.7265625,3.481250047683716,3.8640434741973877,4629,0.6513285806869734,4602,0.45632333767926986,4593,0.23056825604180275,0.6960172145454971,0.7499408986833362,0.6941122081544665,0.7525731987423366,0.4437934027777778,0.4466145833333333,0.0028211805555555,True,0.4466145833333333,0.6960172145454971,0.7499408986833362,1.0,0.15009229527189571,0.2521151321751041,-0.7900895518031297,-1.3426348195262983,-0.5837922790703484,1.3318441668127916,0.20110371372349992
4608,4.638393614027235,0.7743501398298474,0.7652236223220825,0.4761284722222222,0.5238715277777778,0.14388020833333334,0.3322482638888889,0.30218778486782133,-0.25167810916900635,-0.1953125,-2.1875,-1.1484375,0.6796875,1.640625,-0.25167810916900635,0.0,279.07080078125,266.72039794921875,-0.0005938038229942322,0.003118542954325676,r2_s14000_l3,2,14000,3,A,0.569293543783,block,1.3771607875823975,0.8046875,0.1171875,0.328125,1.7265625,3.481250047683716,3.8640434741973877,1543,0.6902138690861958,1534,0.5058670143415906,1531,0.23056825604180275,0.7465438776546054,0.7919619966436313,0.7652236223220825,0.7743501398298474,0.4761284722222222,0.4419849537037037,-0.0341435185185184,False,0.4761284722222222,0.7652236223220825,0.7743501398298474,0.0,0.3310167601873371,0.3151587686652155,-0.7900895518031297,-0.36050452360660595,-0.5322950872190113,1.1759338731348143,0.3230877644262763
13824,4.656005470841019,0.7919619966436313,0.7465438776546054,0.4419849537037037,0.5580150462962963,0.1498119212962963,0.2921730324074074,0.33895253682487725,-0.2629562020301819,-0.146484375,-2.28515625,-1.0859375,0.6796875,1.6328125,-0.2629562020301819,0.0,297.6407470703125,277.15509033203125,-0.0005450486787594855,0.002933186013251543,r2_s14000_l3,2,14000,3,A,0.569293543783,noise,1.3771607875823975,0.8046875,0.1171875,0.328125,1.7265625,3.481250047683716,3.8640434741973877,4629,0.656945344566861,4602,0.4445893089960887,4593,0.22273024167210972,0.7465438776546054,0.7919619966436313,0.7652236223220825,0.7743501398298474,0.4761284722222222,0.4419849537037037,-0.0341435185185184,False,0.4419849537037037,0.7465438776546054,0.7919619966436313,1.0,0.2821828022158355,0.3606462744921957,-0.7900895518031297,-0.4467676595475142,-0.477877216241539,0.8874432443532124,0.3214145383540156
4608,4.16327961285909,0.2992361386617022,0.262666051586469,0.2957899305555556,0.7042100694444444,0.1527777777777778,0.1430121527777778,0.516507703595011,-0.2136213481426239,-0.1484375,-1.4140625,-0.6875,0.359375,0.899609386920929,-0.2136213481426239,0.0,163.35345458984375,149.95858764648438,-0.0007825760403648019,0.0032588252797722816,r2_s14000_l4,2,14000,4,A,0.367257583746,block,1.3771607875823975,0.8046875,0.1171875,0.328125,1.7265625,3.481250047683716,3.8640434741973877,1543,0.542449773169151,1534,0.27249022164276404,1531,0.0705421293272371,0.2731158170435164,0.2861531222308127,0.262666051586469,0.2992361386617024,0.2957899305555556,0.2819010416666667,-0.0138888888888888,False,0.2957899305555556,0.262666051586469,0.2992361386617024,0.0,-0.9828060850623715,-0.9119549380338633,-0.7900895518031297,-0.06941846940406017,-0.871396316532117,1.3942701061375518,-0.9473805115481174
13824,4.1501965964282,0.2861531222308127,0.2731158170435164,0.2819010416666667,0.7180989583333333,0.14330150462962962,0.13859953703703703,0.508339748524506,-0.12099655717611313,-0.0703125,-1.28125,-0.6015625,0.421875,0.9765625,-0.12099655717611313,0.0,193.87530517578125,175.06991577148438,-0.00037079222965985537,0.0026682140305638313,r2_s14000_l4,2,14000,4,A,0.367257583746,noise,1.3771607875823975,0.8046875,0.1171875,0.328125,1.7265625,3.481250047683716,3.8640434741973877,4629,0.5230071289695398,4602,0.24967405475880053,4593,0.07119529719137818,0.2731158170435164,0.2861531222308127,0.262666051586469,0.2992361386617024,0.2957899305555556,0.2819010416666667,-0.0138888888888888,False,0.2819010416666667,0.2731158170435164,0.2861531222308127,1.0,-0.9554875421044489,-0.9457454572520752,-0.7900895518031297,0.6390439482222391,-0.7819542631559312,0.475039298473932,-0.950616499678262
4608,4.231704632441203,0.3676611582438154,0.3018526766035292,0.3198784722222222,0.6801215277777778,0.16297743055555555,0.15690104166666666,0.5094979647218453,-0.24095460772514343,-0.140625,-1.546875,-0.7705078125,0.40625,1.0234375,-0.24095460772514343,0.0,173.750732421875,166.265869140625,-0.0007862972561269999,0.0033345213159918785,r2_s14000_l5,2,14000,5,B,0.4390636269,block,1.3771607875823975,0.8046875,0.1171875,0.328125,1.7265625,3.481250047683716,3.8640434741973877,1543,0.5573558003888529,1534,0.3070404172099087,1531,0.09340300457217506,0.3244328222892902,0.3381005658043756,0.3018526766035292,0.3676611582438154,0.3198784722222222,0.312355324074074,-0.0075231481481481,False,0.3198784722222222,0.3018526766035292,0.3676611582438154,0.0,-0.8803615370670287,-0.7352283435661741,-0.7900895518031297,-0.27848331007334076,-0.8409278534157936,1.5120838602851914,-0.8077949403166014
13824,4.202144040001763,0.33810056580437564,0.32443282228929027,0.31235532407407407,0.6876446759259259,0.1478587962962963,0.1644965277777778,0.47336729967577584,-0.10782603919506073,-0.0546875,-1.3984375,-0.6640625,0.5126953125,1.130468726158142,-0.10782603919506073,0.0,215.5602569580078,197.3543701171875,-0.00028163829119876027,0.002661881735548377,r2_s14000_l5,2,14000,5,B,0.4390636269,noise,1.3771607875823975,0.8046875,0.1171875,0.328125,1.7265625,3.481250047683716,3.8640434741973877,4629,0.5618924173687622,4602,0.292916123424598,4593,0.08033964728935336,0.3244328222892902,0.3381005658043756,0.3018526766035292,0.3676611582438154,0.3198784722222222,0.312355324074074,-0.0075231481481481,False,0.312355324074074,0.3244328222892902,0.3381005658043756,1.0,-0.8213308648047528,-0.8115767737774404,-0.7900895518031297,0.7397817411271715,-0.7184080961466626,0.46518367742163813,-0.8164538192910966
4608,4.072951873143514,0.208908398946126,0.18497378296322292,0.259765625,0.740234375,0.1443142361111111,0.1154513888888889,0.5555555555555556,-0.11310449987649918,-0.0625,-1.2578125,-0.6015625,0.453125,0.9765625,-0.11310449987649918,0.0,157.48333740234375,152.55442810058594,-0.0003908432845491916,0.003117629326879978,r2_s14000_l6,2,14000,6,A,0.327424162539,block,1.3771607875823975,0.8046875,0.1171875,0.328125,1.7265625,3.481250047683716,3.8640434741973877,1543,0.49967595593000647,1534,0.2392438070404172,1531,0.038536903984323974,0.1863985530756138,0.2072829140557184,0.1849737829632229,0.2089083989461266,0.259765625,0.2347366898148148,-0.0250289351851851,False,0.259765625,0.1849737829632229,0.2089083989461266,0.0,-1.1859149095241903,-1.1452513831556785,-0.7900895518031297,0.6994081977518422,-0.8885982661101922,1.1745118980269273,-1.1655831463399344
13824,4.071326388253106,0.20728291405571841,0.1863985530756138,0.23473668981481483,0.7652633101851851,0.13208912037037038,0.10264756944444445,0.5627118644067797,-0.07605056464672089,-0.0390625,-1.0234375,-0.4765625,0.3828125,0.84375,-0.07605056464672089,0.0,166.53916931152344,149.7034149169922,-0.00024617312010377645,0.00255077937617898,r2_s14000_l6,2,14000,6,A,0.327424162539,noise,1.3771607875823975,0.8046875,0.1171875,0.328125,1.7265625,3.481250047683716,3.8640434741973877,4629,0.47677684165046447,4602,0.18491960017383746,4593,0.040714130198127585,0.1863985530756138,0.2072829140557184,0.1849737829632229,0.2089083989461266,0.259765625,0.2347366898148148,-0.0250289351851851,False,0.2347366898148148,0.1863985530756138,0.2072829140557184,1.0,-1.1821901710426903,-1.1494496488017072,-0.7900895518031297,0.9828239038660768,-0.8620608122718002,0.29226331453769416,-1.1658199099221989
4608,4.1000781589084205,0.23603468471103284,0.25317857828405166,0.2903645833333333,0.7096354166666667,0.14127604166666666,0.14908854166666666,0.48654708520179374,-0.07571665197610855,-0.0703125,-1.3359375,-0.67578125,0.5234375,1.171875,-0.07571665197610855,0.0,193.16940307617188,187.55435180664062,-0.0002538739936426282,0.0028460477478802204,r2_s14000_l7,2,14000,7,B,0.37826727059,block,1.3771607875823975,0.8046875,0.1171875,0.328125,1.7265625,3.481250047683716,3.8640434741973877,1543,0.5333765392093325,1534,0.2842242503259452,1531,0.051600261267145654,0.2324770744200106,0.251970988732797,0.2531785782840516,0.2360346847110325,0.2903645833333333,0.2598379629629629,-0.0305266203703703,False,0.2903645833333333,0.2531785782840516,0.2360346847110325,0.0,-1.0076089333214622,-1.0751902252186114,-0.7900895518031297,0.985377913169953,-0.784022857689341,0.7518207377330969,-1.0413995792700368
13824,4.116014462930185,0.251970988732797,0.23247707442001062,0.25983796296296297,0.740162037037037,0.13505497685185186,0.1247829861111111,0.5197661469933185,-0.05173821002244949,-0.015625,-1.15625,-0.546875,0.484375,1.03125,-0.05173821002244949,0.0,189.6112518310547,174.12454223632812,-0.00013375934213399887,0.002599613042548299,r2_s14000_l7,2,14000,7,B,0.37826727059,noise,1.3771607875823975,0.8046875,0.1171875,0.328125,1.7265625,3.481250047683716,3.8640434741973877,4629,0.5070209548498595,4602,0.22012168622338113,4593,0.05051164816024385,0.2324770744200106,0.251970988732797,0.2531785782840516,0.2360346847110325,0.2903645833333333,0.2598379629629629,-0.0305266203703703,False,0.2598379629629629,0.2324770744200106,0.251970988732797,1.0,-1.061728322405167,-1.0340302992826262,-0.7900895518031297,1.1687826451012053,-0.7944497599733376,0.36826831890902395,-1.0478793108438966
4608,4.198287513520983,0.33424403932359503,0.2440013570917977,0.3103298611111111,0.6896701388888888,0.16102430555555555,0.14930555555555555,0.5188811188811189,-0.06317435204982758,-0.03125,-1.4933593273162842,-0.6484375,0.5322265625,1.2734375,-0.06317435204982758,0.0,166.77447509765625,160.51492309570312,-0.0002451242762617767,0.003645655931904912,r2_s14000_l8,2,14000,8,C,0.419103648728,block,1.3771607875823975,0.8046875,0.1171875,0.328125,1.7265625,3.481250047683716,3.8640434741973877,1543,0.5320803629293583,1534,0.3246414602346806,1531,0.07250163291966036,0.269635710451338,0.2888129640508579,0.2440013570917977,0.3342440393235947,0.3103298611111111,0.2712673611111111,-0.0390625,False,0.3103298611111111,0.2440013570917977,0.3342440393235947,0.0,-1.0316006977687557,-0.8215373232312104,-0.7900895518031297,1.0813106330783833,-0.8613712658557413,1.9963355989054044,-0.9265690104999831
13824,4.152856438248246,0.2888129640508579,0.26963571045133805,0.2712673611111111,0.7287326388888888,0.13295717592592593,0.13831018518518517,0.4901333333333333,-0.041448142379522324,-0.0078125,-1.208593726158142,-0.5546875,0.53125,1.109375,-0.041448142379522324,0.0,207.77392578125,193.2075958251953,-7.768451177980751e-05,0.0025338176637887955,r2_s14000_l8,2,14000,8,C,0.419103648728,noise,1.3771607875823975,0.8046875,0.1171875,0.328125,1.7265625,3.481250047683716,3.8640434741973877,4629,0.5117736012097646,4602,0.2357670578009561,4593,0.06444589592858697,0.269635710451338,0.2888129640508579,0.2440013570917977,0.3342440393235947,0.3103298611111111,0.2712673611111111,-0.0390625,False,0.2712673611111111,0.269635710451338,0.2888129640508579,1.0,-0.9645854918935952,-0.9388756779001639,-0.7900895518031297,1.2474886386454405,-0.7412253708317402,0.2658640060235343,-0.9517305848968796
4608,4.078907860649957,0.214864386452569,0.21019462082121107,0.2803819444444444,0.7196180555555556,0.1423611111111111,0.13802083333333334,0.5077399380804953,-0.06232960894703865,-0.0703125,-1.2578125,-0.6171875,0.484375,1.125,-0.06232960894703865,0.0,176.159423828125,172.0216827392578,-0.0002607275382615626,0.0029790857806801796,r2_s14000_l9,2,14000,9,A,0.370729772479,block,1.3771607875823975,0.8046875,0.1171875,0.328125,1.7265625,3.481250047683716,3.8640434741973877,1543,0.5314322747893714,1534,0.26792698826597133,1531,0.039843239712606136,0.2105704617721063,0.2147918277316627,0.210194620821211,0.2148643864525687,0.2803819444444444,0.2425491898148148,-0.0378327546296295,False,0.2803819444444444,0.210194620821211,0.2148643864525687,0.0,-1.1199807461891091,-1.1298683932035511,-0.7900895518031297,1.0877718486409789,-0.8338693592161059,0.9588819112284965,-1.1249245696963301
13824,4.07883530192905,0.21479182773166272,0.2105704617721063,0.24254918981481483,0.7574508101851851,0.12782118055555555,0.11472800925925926,0.5269907545481658,-0.033732518553733826,-0.0078125,-1.0390625,-0.494140625,0.4453125,0.9765625,-0.033732518553733826,0.0,185.40731811523438,173.76058959960938,-7.997686043381691e-05,0.002453790744766593,r2_s14000_l9,2,14000,9,A,0.370729772479,noise,1.3771607875823975,0.8046875,0.1171875,0.328125,1.7265625,3.481250047683716,3.8640434741973877,4629,0.49816375027003673,4602,0.1853541938287701,4593,0.042238188547790115,0.2105704617721063,0.2147918277316627,0.210194620821211,0.2148643864525687,0.2803819444444444,0.2425491898148148,-0.0378327546296295,False,0.2425491898148148,0.2105704617721063,0.2147918277316627,1.0,-1.1189981952213788,-1.130055796228395,-0.7900895518031297,1.3065033954084497,-0.8067690806102582,0.1413096405145785,-1.124526995724887
4608,4.184987968868679,0.3209444946712914,0.29049306942356956,0.3068576388888889,0.6931423611111112,0.14908854166666666,0.1577690972222222,0.48585572842998587,-0.08241187036037445,-0.0390625,-1.5078125,-0.6875,0.5625,1.265625,-0.08241187036037445,0.0,204.04476928710938,195.56915283203125,-0.000199402857106179,0.003030718071386218,r2_s14000_l10,2,14000,10,A,0.467887361263,block,1.3771607875823975,0.8046875,0.1171875,0.328125,1.7265625,3.481250047683716,3.8640434741973877,1543,0.5567077122488658,1534,0.288135593220339,1531,0.07380796864794252,0.2992866337299347,0.3105879624684649,0.2904930694235696,0.3209444946712916,0.3068576388888889,0.3088831018518518,0.0020254629629629,True,0.3068576388888889,0.2904930694235696,0.3209444946712916,0.0,-0.9100586549599061,-0.8558870866470911,-0.7900895518031297,0.934167966528691,-0.7521533915052556,1.0392427109099183,-0.8829728708034986
13824,4.174631436665853,0.3105879624684649,0.2992866337299347,0.30888310185185186,0.6911168981481481,0.14467592592592593,0.16420717592592593,0.468384074941452,-0.07840490341186523,-0.0546875,-1.3671875,-0.671875,0.5625,1.1953125,-0.07840490341186523,0.0,224.84707641601562,218.13304138183594,-0.0002199549344368279,0.002523495117202401,r2_s14000_l10,2,14000,10,A,0.467887361263,noise,1.3771607875823975,0.8046875,0.1171875,0.328125,1.7265625,3.481250047683716,3.8640434741973877,4629,0.5666450637286671,4602,0.29921773142112124,4593,0.05878510777269758,0.2992866337299347,0.3105879624684649,0.2904930694235696,0.3209444946712916,0.3068576388888889,0.3088831018518518,0.0020254629629629,True,0.3088831018518518,0.2992866337299347,0.3105879624684649,1.0,-0.88706987447061,-0.8826357040077931,-0.7900895518031297,0.9648161921502301,-0.6911937501711654,0.2497979340540727,-0.8848527892392015
4608,4.675648901197645,0.949488321940104,0.9493300782309638,0.4835069444444444,0.5164930555555556,0.1423611111111111,0.3411458333333333,0.29443447037701975,-0.2332109808921814,-0.171875,-2.390625,-1.158203125,0.765625,1.875,-0.2332109808921814,0.0,328.1930236816406,304.95330810546875,-0.00045137753477320075,0.0029280693270266056,r2_s72000_l1,2,72000,1,A,0.708203932499,block,1.4135878086090088,0.79296875,0.1171875,0.328125,1.7265625,3.671875,3.726160579257541,1555,0.6938906752411576,1518,0.5138339920948617,1535,0.24039087947882737,0.9299386673503452,0.9681474897596574,0.9493300782309636,0.9494883219401044,0.4835069444444444,0.4826388888888889,-0.0008680555555555,False,0.4835069444444444,0.9493300782309636,0.9494883219401044,0.0,0.8123213545584702,0.7675017080554527,-0.023447060997803016,-0.2192543657482767,-0.3883460016207113,0.8794796039426814,0.7899115313069615
13824,4.6943080690171985,0.9681474897596574,0.9299386673503451,0.4826388888888889,0.5173611111111112,0.1453269675925926,0.3373119212962963,0.30110911270983215,-0.383475661277771,-0.265625,-2.546875,-1.25,0.6064453125,1.625,-0.383475661277771,0.0,328.2709655761719,317.06390380859375,-0.0007904349477030337,0.002821458736434579,r2_s72000_l1,2,72000,1,A,0.708203932499,noise,1.4135878086090088,0.79296875,0.1171875,0.328125,1.7265625,3.671875,3.726160579257541,4665,0.6769560557341908,4554,0.5068072024593764,4605,0.26188925081433223,0.9299386673503452,0.9681474897596574,0.9493300782309636,0.9494883219401044,0.4835069444444444,0.4826388888888889,-0.0008680555555555,False,0.4826388888888889,0.9299386673503452,0.9681474897596574,1.0,0.7616269065984304,0.8156941850834427,-0.023447060997803016,-1.3685889838237797,-0.3881175985928124,0.7135502562935374,0.7886605458409366
4608,4.66522412829929,0.9390635490417485,0.9288246300485399,0.5021701388888888,0.49782986111111116,0.150390625,0.3517795138888889,0.2994814174589456,-0.2679746448993683,-0.234375,-2.375,-1.265625,0.71875,1.90625,-0.2679746448993683,0.0,332.80755615234375,318.2431335449219,-0.0005342524964362383,0.0029132862109690905,r2_s72000_l2,2,72000,2,A,0.699480193099,block,1.4135878086090088,0.79296875,0.1171875,0.328125,1.7265625,3.671875,3.726160579257541,1555,0.7254019292604501,1518,0.5421607378129117,1535,0.23648208469055373,0.9133733996638546,0.954148363184046,0.92882463004854,0.9390635490417482,0.5021701388888888,0.4822048611111111,-0.0199652777777777,False,0.5021701388888888,0.92882463004854,0.9390635490417482,0.0,0.7587145086110123,0.7405768401682825,-0.023447060997803016,-0.4851523957582413,-0.37482345132879247,0.856471075521411,0.7496456743896474
13824,4.680308942441587,0.954148363184046,0.9133733996638546,0.4822048611111111,0.5177951388888888,0.15010127314814814,0.33210358796296297,0.3112811281128113,-0.3706510663032532,-0.234375,-2.59375,-1.2578125,0.65625,1.703125,-0.3706510663032532,0.0,325.78167724609375,309.7811279296875,-0.0007231235504150391,0.0029246811755001545,r2_s72000_l2,2,72000,2,A,0.699480193099,noise,1.4135878086090088,0.79296875,0.1171875,0.328125,1.7265625,3.671875,3.726160579257541,4665,0.6707395498392283,4554,0.49363197189284147,4605,0.2799131378935939,0.9133733996638546,0.954148363184046,0.92882463004854,0.9390635490417482,0.5021701388888888,0.4822048611111111,-0.0199652777777777,False,0.4822048611111111,0.9133733996638546,0.954148363184046,1.0,0.7183207693685573,0.7795375572835633,-0.023447060997803016,-1.2704970640912967,-0.39541227618979097,0.8742062650614453,0.7489291633260603
4608,4.6205231878492565,0.8943626085917153,0.8842032485538058,0.4963107638888889,0.5036892361111112,0.1440972222222222,0.3522135416666667,0.29033668561434195,-0.27796471118927,-0.1796875,-2.3984375,-1.228515625,0.78125,1.7734375,-0.27796471118927,0.0,322.07769775390625,308.2049560546875,-0.0005789162241853774,0.002957214368507266,r2_s72000_l3,2,72000,3,A,0.44408862564,block,1.4135878086090088,0.79296875,0.1171875,0.328125,1.7265625,3.671875,3.726160579257541,1555,0.7003215434083602,1518,0.5395256916996047,1535,0.2469055374592834,0.8714970482720269,0.9076645462601268,0.8842032485538058,0.8943626085917153,0.4963107638888889,0.447265625,-0.0490451388888888,False,0.4963107638888889,0.8842032485538058,0.8943626085917153,0.0,0.6420620217952768,0.6251242612215253,-0.023447060997803016,-0.5615637586572921,-0.40626651749838216,0.9248411172148433,0.6335931415084011
13824,4.633825125517668,0.9076645462601269,0.8714970482720269,0.447265625,0.552734375,0.1453269675925926,0.3019386574074074,0.3249231764515607,-0.2402031570672989,-0.1328125,-2.4296875,-1.1064453125,0.7890625,1.8369629383087158,-0.2402031570672989,0.0,341.6459655761719,316.888427734375,-0.00039115178515203297,0.0027852754574269056,r2_s72000_l3,2,72000,3,A,0.44408862564,noise,1.4135878086090088,0.79296875,0.1171875,0.328125,1.7265625,3.671875,3.726160579257541,4665,0.645016077170418,4554,0.4475186649099693,4605,0.2466883821932682,0.8714970482720269,0.9076645462601268,0.8842032485538058,0.8943626085917153,0.4963107638888889,0.447265625,-0.0490451388888888,False,0.447265625,0.8714970482720269,0.9076645462601268,1.0,0.6088445414933003,0.6594802052653378,-0.023447060997803016,-0.2727356636362665,-0.34892313819997967,0.657234388909165,0.634162373379319
4608,4.066808859507243,0.34064828024970195,0.3037220537662506,0.3094618055555556,0.6905381944444444,0.1449652777777778,0.1644965277777778,0.4684431977559607,-0.13341140747070312,-0.0859375,-1.4140625,-0.6953125,0.4765625,1.125,-0.13341140747070312,0.0,196.2604217529297,184.39239501953125,-0.00038646114990115166,0.0029371699783951044,r2_s72000_l4,2,72000,4,B,0.271469520611,block,1.4135878086090088,0.79296875,0.1171875,0.328125,1.7265625,3.671875,3.726160579257541,1555,0.5408360128617363,1518,0.30632411067193677,1535,0.0781758957654723,0.3199379002606427,0.3234197740201598,0.3037220537662506,0.3406482802497017,0.3094618055555556,0.2789351851851852,-0.0305266203703704,False,0.3094618055555556,0.3037220537662506,0.3406482802497017,0.0,-0.8754744742392288,-0.8049965944753602,-0.023447060997803016,0.5440860566859023,-0.7749648532706725,0.8936439110379865,-0.8402355343572945
13824,4.049580353277701,0.32341977402015987,0.3199379002606427,0.2789351851851852,0.7210648148148149,0.13404224537037038,0.14489293981481483,0.48054979253112035,-0.10896576941013336,-0.046875,-1.3125,-0.59375,0.4609375,1.03125,-0.10896576941013336,0.0,217.68771362304688,193.62991333007812,-0.00027600288740359247,0.0024640511255711317,r2_s72000_l4,2,72000,4,B,0.271469520611,noise,1.4135878086090088,0.79296875,0.1171875,0.328125,1.7265625,3.671875,3.726160579257541,4665,0.5103965702036442,4554,0.24154589371980675,4605,0.08143322475570032,0.3199379002606427,0.3234197740201598,0.3037220537662506,0.3406482802497017,0.3094618055555556,0.2789351851851852,-0.0305266203703704,False,0.2789351851851852,0.3199379002606427,0.3234197740201598,1.0,-0.8330818195067368,-0.8494939910754228,-0.023447060997803016,0.7310642475146457,-0.7121737398105623,0.15727895729703556,-0.8412879052910798
4608,4.190623018476698,0.46446243921915675,0.3947205775313907,0.34375,0.65625,0.15559895833333334,0.18815104166666666,0.45265151515151514,-0.21833842992782593,-0.09375,-1.71875,-0.8359375,0.546875,1.2265625,-0.21833842992782593,0.0,214.40419006347656,203.30494689941406,-0.0005426530260592699,0.003137939842417836,r2_s72000_l5,2,72000,5,B,0.344645089413,block,1.4135878086090088,0.79296875,0.1171875,0.328125,1.7265625,3.671875,3.726160579257541,1555,0.5581993569131832,1518,0.34189723320158105,1535,0.12833876221498372,0.4251525004704793,0.426606663951167,0.3947205775313907,0.464462439219157,0.34375,0.3193721064814814,-0.0243778935185185,False,0.34375,0.3947205775313907,0.464462439219157,0.0,-0.637579462068502,-0.48521218235262326,-0.023447060997803016,-0.1054981747487501,-0.7217958657249183,1.2061233033751182,-0.5613958222105626
13824,4.152767243208708,0.426606663951167,0.4251525004704793,0.31937210648148145,0.6806278935185186,0.14684606481481483,0.17252604166666666,0.45979614949037373,-0.151344895362854,-0.0625,-1.6238281726837158,-0.7421875,0.5625,1.265625,-0.151344895362854,0.0,252.97642517089844,229.20391845703125,-0.000310783798340708,0.0025661068502813578,r2_s72000_l5,2,72000,5,B,0.344645089413,noise,1.4135878086090088,0.79296875,0.1171875,0.328125,1.7265625,3.671875,3.726160579257541,4665,0.5536977491961415,4554,0.2883179622310057,4605,0.11270358306188925,0.4251525004704793,0.426606663951167,0.3947205775313907,0.464462439219157,0.34375,0.3193721064814814,-0.0243778935185185,False,0.3193721064814814,0.4251525004704793,0.426606663951167,1.0,-0.5580220980758956,-0.5829852233382754,-0.023447060997803016,0.40691757235281645,-0.6087627486272824,0.31611908500846503,-0.5705036607070855
4608,4.022788180245294,0.2966276009877524,0.25548649165365434,0.30078125,0.69921875,0.14952256944444445,0.15125868055555555,0.4971139971139971,-0.0815582275390625,-0.078125,-1.3515625,-0.6875,0.5390625,1.2265625,-0.0815582275390625,0.0,192.11517333984375,185.8892822265625,-0.00025188649306073785,0.0029877391643822193,r2_s72000_l6,2,72000,6,B,0.273982019981,block,1.4135878086090088,0.79296875,0.1171875,0.328125,1.7265625,3.671875,3.726160579257541,1555,0.5601286173633441,1518,0.2878787878787879,1535,0.050814332247557006,0.2708719908087342,0.2781399179387978,0.2554864916536543,0.2966276009877524,0.30078125,0.2552083333333333,-0.0455729166666666,False,0.30078125,0.2554864916536543,0.2966276009877524,0.0,-1.001575416991377,-0.9186922101964907,-0.023447060997803016,0.9406972536737995,-0.7871122009151698,0.9723500883079373,-0.9601338135939339
13824,4.004300497196339,0.2781399179387978,0.2708719908087342,0.2552083333333333,0.7447916666666667,0.13288483796296297,0.12232349537037036,0.5206916099773242,-0.09890914708375931,-0.046875,-1.1953125,-0.53125,0.4296875,0.9609375,-0.09890914708375931,0.0,206.01934814453125,182.81451416015625,-0.0002522332069929689,0.002377348253503442,r2_s72000_l6,2,72000,6,B,0.273982019981,noise,1.4135878086090088,0.79296875,0.1171875,0.328125,1.7265625,3.671875,3.726160579257541,4665,0.4932475884244373,4554,0.1987263943785683,4605,0.06992399565689468,0.2708719908087342,0.2781399179387978,0.2554864916536543,0.2966276009877524,0.30078125,0.2552083333333333,-0.0455729166666666,False,0.2552083333333333,0.2708719908087342,0.2781399179387978,1.0,-0.9613535171482879,-0.9664417802337912,-0.023447060997803016,0.8079846798541215,-0.7463670324159288,0.022334099364929378,-0.9638976486910396
4608,4.092183060116238,0.3660224808586965,0.3825724124908447,0.3435329861111111,0.6564670138888888,0.14952256944444445,0.19401041666666666,0.43524952621604546,-0.06012217327952385,-0.03125,-1.5625,-0.7890625,0.6796875,1.424218773841858,-0.06012217327952385,0.0,248.90245056152344,241.4209442138672,-0.00013225658040028065,0.002689171116799116,r2_s72000_l7,2,72000,7,A,0.341906038116,block,1.4135878086090088,0.79296875,0.1171875,0.328125,1.7265625,3.671875,3.726160579257541,1555,0.6006430868167203,1518,0.3425559947299078,1535,0.08403908794788274,0.3732463927180678,0.3739258801495588,0.3825724124908447,0.3660224808586971,0.3435329861111111,0.3028067129629629,-0.0407262731481481,False,0.3435329861111111,0.3825724124908447,0.3660224808586971,0.0,-0.6693380857317992,-0.7394606824894498,-0.023447060997803016,1.1046559375921485,-0.620701233596894,0.5076570302427657,-0.7043993841106245
13824,4.1000864594071,0.37392588014955885,0.37324639271806787,0.30280671296296297,0.697193287037037,0.14011863425925927,0.1626880787037037,0.46273291925465837,-0.0994105190038681,-0.03125,-1.4453125,-0.625,0.5234375,1.1796875,-0.0994105190038681,0.0,243.94598388671875,220.65060424804688,-0.00019731417705770582,0.0024270762223750353,r2_s72000_l7,2,72000,7,A,0.341906038116,noise,1.4135878086090088,0.79296875,0.1171875,0.328125,1.7265625,3.671875,3.726160579257541,4665,0.5461950696677385,4554,0.25999121651295565,4605,0.09858849077090119,0.3732463927180678,0.3739258801495588,0.3825724124908447,0.3660224808586971,0.3435329861111111,0.3028067129629629,-0.0407262731481481,False,0.3028067129629629,0.3732463927180678,0.3739258801495588,1.0,-0.6937188503371158,-0.7190479613835932,-0.023447060997803016,0.8041498192412793,-0.6352257970940175,0.09973100138900988,-0.7063834058603544
4608,4.231021695666843,0.5048611164093022,0.371453324953715,0.3546006944444444,0.6453993055555556,0.14908854166666666,0.2055121527777778,0.4204406364749082,-0.0853457972407341,-0.0546875,-1.7734375,-0.859375,0.6875,1.5546875,-0.0853457972407341,0.0,227.24468994140625,218.07119750976562,-0.00024806539295241237,0.0032088495790958405,r2_s72000_l8,2,72000,8,C,0.378860391235,block,1.4135878086090088,0.79296875,0.1171875,0.328125,1.7265625,3.671875,3.726160579257541,1555,0.602572347266881,1518,0.3530961791831357,1535,0.10488599348534201,0.421044490955494,0.4244692590501571,0.371453324953715,0.5048611164093016,0.3546006944444444,0.3184317129629629,-0.0361689814814814,False,0.3546006944444444,0.371453324953715,0.5048611164093016,0.0,-0.6984064195412556,-0.38087139174099377,-0.023447060997803016,0.9117271393040455,-0.6841677188920443,1.3164876328813635,-0.5396389056411247
13824,4.150629838307698,0.4244692590501571,0.42104449095549407,0.31843171296296297,0.681568287037037,0.14453125,0.17390046296296297,0.4538845979100409,-0.11404767632484436,-0.046875,-1.5625,-0.703125,0.578125,1.317968726158142,-0.11404767632484436,0.0,261.2959289550781,239.14987182617188,-0.00021101528545841575,0.0024672921281307936,r2_s72000_l8,2,72000,8,C,0.378860391235,noise,1.4135878086090088,0.79296875,0.1171875,0.328125,1.7265625,3.671875,3.726160579257541,4665,0.5596998928188639,4554,0.28063241106719367,4605,0.11140065146579804,0.421044490955494,0.4244692590501571,0.371453324953715,0.5048611164093016,0.3546006944444444,0.3184317129629629,-0.0361689814814814,False,0.3184317129629629,0.421044490955494,0.4244692590501571,1.0,-0.5687615577190779,-0.5885056644205132,-0.023447060997803016,0.6921940916807752,-0.584383050566942,0.16232327266446323,-0.5786336110697956
4608,4.103343195385403,0.3771826161278615,0.35354016886817086,0.3415798611111111,0.6584201388888888,0.15885416666666666,0.18272569444444445,0.4650571791613723,-0.14128834009170532,-0.1328125,-1.6328125,-0.8203125,0.5390625,1.2734375,-0.14128834009170532,0.0,256.517333984375,251.25250244140625,-0.0003579508338589221,0.0025608332362025976,r2_s72000_l9,2,72000,9,A,0.37324227185,block,1.4135878086090088,0.79296875,0.1171875,0.328125,1.7265625,3.671875,3.726160579257541,1555,0.5832797427652733,1518,0.3530961791831357,1535,0.08534201954397394,0.3652026851971944,0.3642142790335199,0.3535401688681708,0.3771826161278618,0.3415798611111111,0.306568287037037,-0.035011574074074,False,0.3415798611111111,0.3535401688681708,0.3771826161278618,0.0,-0.7452363054412194,-0.7106365372869564,-0.023447060997803016,0.48383749180468855,-0.5983863740295673,0.3079112011670687,-0.727936421364088
13824,4.090374858291061,0.3642142790335199,0.3652026851971944,0.30656828703703703,0.693431712962963,0.14272280092592593,0.1638454861111111,0.4655497876356772,-0.09441863000392914,-0.03125,-1.46875,-0.65625,0.5625,1.21875,-0.09441863000392914,0.0,248.06246948242188,229.97048950195312,-0.0001854374713730067,0.002405712381005287,r2_s72000_l9,2,72000,9,A,0.37324227185,noise,1.4135878086090088,0.79296875,0.1171875,0.328125,1.7265625,3.671875,3.726160579257541,4665,0.5601286173633441,4554,0.2683355292050944,4605,0.08751357220412595,0.3652026851971944,0.3642142790335199,0.3535401688681708,0.3771826161278618,0.3415798611111111,0.306568287037037,-0.035011574074074,False,0.306568287037037,0.3652026851971944,0.3642142790335199,1.0,-0.7147473002437835,-0.7441308653059887,-0.023447060997803016,0.8423314519609425,-0.6231627367846005,0.06648019354640497,-0.7294390827748861
4608,4.291793081495497,0.5656325022379556,0.5688886642456055,0.3708767361111111,0.6291232638888888,0.16276041666666666,0.20811631944444445,0.43885313048566416,-0.2941177785396576,-0.1640625,-2.176953077316284,-0.986328125,0.5234375,1.3671875,-0.2941177785396576,0.0,308.5693054199219,300.8343200683594,-0.0006518610753118992,0.00258578616194427,r2_s72000_l10,2,72000,10,A,0.52014326253,block,1.4135878086090088,0.79296875,0.1171875,0.328125,1.7265625,3.671875,3.726160579257541,1555,0.5832797427652733,1518,0.3702239789196311,1535,0.1563517915309446,0.5649002812526844,0.5702363473397711,0.5688886642456055,0.5656325022379556,0.3708767361111111,0.3959780092592592,0.0251012731481481,True,0.3708767361111111,0.5688886642456055,0.5656325022379556,0.0,-0.18225648105435507,-0.22391242959277702,-0.023447060997803016,-0.6851142792870621,-0.4458518743810137,0.3467480809485312,-0.20308445532356606
13824,4.296396926597312,0.5702363473397711,0.5649002812526844,0.39597800925925924,0.6040219907407407,0.1488715277777778,0.24710648148148148,0.37595907928388744,-0.1284400224685669,-0.0625,-1.921875,-0.921875,0.734375,1.609375,-0.1284400224685669,0.0,315.219482421875,305.9466552734375,-0.00025794326211325824,0.0024826989974826574,r2_s72000_l10,2,72000,10,A,0.52014326253,noise,1.4135878086090088,0.79296875,0.1171875,0.328125,1.7265625,3.671875,3.726160579257541,4665,0.6387995712754555,4554,0.4007465963987703,4605,0.14527687296416938,0.5649002812526844,0.5702363473397711,0.5688886642456055,0.5656325022379556,0.3708767361111111,0.3959780092592592,0.0251012731481481,True,0.3959780092592592,0.5649002812526844,0.5702363473397711,1.0,-0.19268320427341837,-0.21202172249076107,-0.023447060997803016,0.5821108597738571,-0.4263640165037517,0.18630261436657697,-0.20235246338208973
4608,4.727031230926514,1.0317671828799777,1.0257128013504877,0.5184461805555556,0.4815538194444444,0.13802083333333334,0.3804253472222222,0.26622017580577645,-0.2700873613357544,-0.15625,-2.625,-1.2265625,0.84375,1.915624976158142,-0.2700873613357544,0.0,740.2431640625,592.0016479492188,-0.00029197774711064994,0.001738650957122445,r2_s143000_l1,2,143000,1,A,0.734741719419,block,1.4242316484451294,0.8125,0.125,0.3125,1.8125,3.65625,3.695264048046536,1576,0.7208121827411168,1516,0.5494722955145118,1516,0.2770448548812665,1.021167112721337,1.0359454066665088,1.0257128013504877,1.0317671828799777,0.5184461805555556,0.5147569444444444,-0.0036892361111111,False,0.5184461805555556,1.0257128013504877,1.0317671828799777,0.0,1.0120066691581933,0.9800096909451723,0.20056301871020427,-0.5013120024754333,0.8191368325489166,-0.971738113773123,0.9960081800516828
13824,4.731209454713045,1.0359454066665088,1.0211671127213373,0.5147569444444444,0.4852430555555556,0.1472800925925926,0.36747685185185186,0.2861157953906689,-0.43679922819137573,-0.3125,-2.71875,-1.375,0.625,1.65625,-0.43679922819137573,0.0,943.7932739257812,803.376953125,-0.0003801065031439066,0.0012942447792738676,r2_s143000_l1,2,143000,1,A,0.734741719419,noise,1.4242316484451294,0.8125,0.125,0.3125,1.8125,3.65625,3.695264048046536,4728,0.7011421319796954,4548,0.538698328935796,4548,0.2970536499560246,1.021167112721337,1.0359454066665088,1.0257128013504877,1.0317671828799777,0.5184461805555556,0.5147569444444444,-0.0036892361111111,False,0.5147569444444444,1.021167112721337,1.0359454066665088,1.0,1.0001229966873402,0.9908011129312694,0.20056301871020427,-1.7764467801855441,1.4156255592026088,-1.6634144920032132,0.9954620548093047
4608,4.90489837858412,1.2096343305375838,1.2016478247112699,0.5544704861111112,0.44552951388888884,0.1312934027777778,0.4231770833333333,0.23679060665362034,-0.3731113076210022,-0.28125,-3.0,-1.5,0.84375,2.0625,-0.3731113076210022,0.0,1067.86767578125,856.416259765625,-0.00029677985003218055,0.0013531807344406843,r2_s143000_l2,2,143000,2,A,0.75,block,1.4242316484451294,0.8125,0.125,0.3125,1.8125,3.65625,3.695264048046536,1576,0.7284263959390863,1516,0.6121372031662269,1516,0.3159630606860158,1.1993317957277652,1.2143381524969032,1.2016478247112696,1.209634330537584,0.5544704861111112,0.5467303240740741,-0.007740162037037,False,0.5544704861111112,1.2016478247112696,1.209634330537584,0.0,1.4719489054926236,1.4394009408883055,0.20056301871020427,-1.2893147962959155,1.7792165296167086,-1.5716862261751796,1.4556749231904647
13824,4.909602200543439,1.2143381524969032,1.1993317957277652,0.5467303240740741,0.45326967592592593,0.14380787037037038,0.4029224537037037,0.2630325482931993,-0.44313672184944153,-0.25,-3.03125,-1.4375,0.78125,1.9375,-0.44313672184944153,0.0,770.2924194335938,595.5445556640625,-0.00046303277486003935,0.0018014981178566813,r2_s143000_l2,2,143000,2,A,0.75,noise,1.4242316484451294,0.8125,0.125,0.3125,1.8125,3.65625,3.695264048046536,4728,0.7127749576988156,4548,0.5543095866314863,4548,0.3665347405452946,1.1993317957277652,1.2143381524969032,1.2016478247112696,1.209634330537584,0.5544704861111112,0.5467303240740741,-0.007740162037037,False,0.5467303240740741,1.1993317957277652,1.2143381524969032,1.0,1.4658941727296986,1.4515498659588386,0.20056301871020427,-1.8249205854361057,0.9071939801733242,-0.8739224246907981,1.4587220193442687
4608,4.922521220313178,1.227257172266642,1.2507550186581082,0.5811631944444444,0.4188368055555556,0.138671875,0.4424913194444444,0.23861090365944734,-0.4529350996017456,-0.28125,-2.9375,-1.5625,0.75,1.90625,-0.4529350996017456,0.0,864.5391845703125,666.27880859375,-0.00043529385584406555,0.0016501799691468477,r2_s143000_l3,2,143000,3,A,0.48739423558,block,1.4242316484451294,0.8125,0.125,0.3125,1.8125,3.65625,3.695264048046536,1576,0.741751269035533,1516,0.6312664907651715,1516,0.3641160949868074,1.2221425771713257,1.2518015702565513,1.250755018658108,1.227257172266642,0.5811631944444444,0.5217737268518519,-0.0593894675925925,False,0.5811631944444444,1.250755018658108,1.227257172266642,0.0,1.6003285320874965,1.4849168183062447,0.20056301871020427,-1.8998657736387214,1.1833772402334164,-1.1094348776607066,1.5426226751968706
13824,4.947065618303087,1.2518015702565513,1.2221425771713257,0.5217737268518519,0.47822627314814814,0.13831018518518517,0.3834635416666667,0.2650769444059337,-0.2722405195236206,-0.125,-2.96875,-1.34375,1.0,2.3125,-0.2722405195236206,0.0,660.9923095703125,482.439697265625,-0.00026566951419226825,0.0021892124786973,r2_s143000_l3,2,143000,3,A,0.48739423558,noise,1.4242316484451294,0.8125,0.125,0.3125,1.8125,3.65625,3.695264048046536,4728,0.7053722504230119,4548,0.5200087950747582,4548,0.3326737027264732,1.2221425771713257,1.2518015702565513,1.250755018658108,1.227257172266642,0.5811631944444444,0.5217737268518519,-0.0593894675925925,False,0.5217737268518519,1.2221425771713257,1.2518015702565513,1.0,1.5255277898985349,1.5483095348375255,0.20056301871020427,-0.517780937405166,0.5868979931102478,-0.2704815225136732,1.5369186623680302
4608,4.104994323518541,0.40973027547200536,0.39459201362397933,0.3532986111111111,0.6467013888888888,0.1499565972222222,0.2033420138888889,0.42444717444717445,-0.1002705916762352,-0.0625,-1.65625,-0.7890625,0.625,1.40625,-0.1002705916762352,0.0,386.65570068359375,288.4588317871094,-0.00018396521045360714,0.0021685552783310413,r2_s143000_l4,2,143000,4,A,0.28795731005,block,1.4242316484451294,0.8125,0.125,0.3125,1.8125,3.65625,3.695264048046536,1576,0.5875634517766497,1516,0.35422163588390504,1516,0.10883905013192612,0.4102195931805504,0.394512874108774,0.3945920136239793,0.4097302754720051,0.3532986111111111,0.3294994212962963,-0.0237991898148148,False,0.3532986111111111,0.3945920136239793,0.4097302754720051,0.0,-0.637915563260619,-0.6265731781689909,0.20056301871020427,0.7975713518737274,-0.21702539764224202,-0.3026325101594287,-0.632244370714805
13824,4.08977692215531,0.394512874108774,0.41021959318055046,0.3294994212962963,0.6705005787037037,0.14742476851851852,0.1820746527777778,0.4474204171240395,-0.1399468332529068,-0.0625,-1.53125,-0.75,0.53125,1.25,-0.1399468332529068,0.0,410.869140625,285.1409606933594,-0.00025225072749890387,0.0019437350565567613,r2_s143000_l4,2,143000,4,A,0.28795731005,noise,1.4242316484451294,0.8125,0.125,0.3125,1.8125,3.65625,3.695264048046536,4728,0.5752961082910322,4548,0.3034300791556728,4548,0.10004397537379067,0.4102195931805504,0.394512874108774,0.3945920136239793,0.4097302754720051,0.3532986111111111,0.3294994212962963,-0.0237991898148148,False,0.3294994212962963,0.4102195931805504,0.394512874108774,1.0,-0.5970607990843931,-0.6658763385626031,0.20056301871020427,0.49409832120425007,-0.14606968080054614,-0.6525440201715694,-0.6314685688234981
4608,4.3246815999348955,0.6294175518883596,0.5600684947437711,0.4192708333333333,0.5807291666666667,0.1540798611111111,0.2651909722222222,0.36749482401656314,-0.2627800703048706,-0.15625,-2.125,-1.0,0.65625,1.46875,-0.2627800703048706,0.0,416.2492980957031,322.71063232421875,-0.00042860503890551627,0.002295888029038906,r2_s143000_l5,2,143000,5,B,0.388543819998,block,1.4242316484451294,0.8125,0.125,0.3125,1.8125,3.65625,3.695264048046536,1576,0.641497461928934,1516,0.4340369393139842,1516,0.17348284960422164,0.5984308057361178,0.5885359887723571,0.5600684947437711,0.6294175518883601,0.4192708333333333,0.3889612268518518,-0.0303096064814814,False,0.4192708333333333,0.5600684947437711,0.6294175518883601,0.0,-0.20531481479614458,-0.05916984462148852,0.20056301871020427,-0.4454204747751368,-0.13030352237866377,-0.104451071129794,-0.13224232970881655
13824,4.283800036818893,0.5885359887723571,0.5984308057361178,0.38896122685185186,0.6110387731481481,0.1498119212962963,0.23914930555555555,0.38515901060070673,-0.1406877338886261,-0.0625,-1.9375,-0.875,0.71875,1.625,-0.1406877338886261,0.0,509.1966552734375,375.38433837890625,-0.00019267543393652886,0.0019414996495470405,r2_s143000_l5,2,143000,5,B,0.388543819998,noise,1.4242316484451294,0.8125,0.125,0.3125,1.8125,3.65625,3.695264048046536,4728,0.6148477157360406,4548,0.38698328935795956,4548,0.15611257695690414,0.5984308057361178,0.5885359887723571,0.5600684947437711,0.6294175518883601,0.4192708333333333,0.3889612268518518,-0.0303096064814814,False,0.3889612268518518,0.5984308057361178,0.5885359887723571,1.0,-0.10502524895686205,-0.16475782209129158,0.20056301871020427,0.4884313690834908,0.14207191758553736,-0.6560232207349799,-0.13489153552407682
4608,4.0928341547648115,0.39757010671827553,0.3667832811673482,0.3487413194444444,0.6512586805555556,0.15538194444444445,0.193359375,0.44555071561916615,-0.1380479633808136,-0.0625,-1.6875,-0.84375,0.625,1.34375,-0.1380479633808136,0.0,385.5957336425781,287.58587646484375,-0.00022306024038698524,0.0021757851354777813,r2_s143000_l6,2,143000,6,A,0.324685111242,block,1.4242316484451294,0.8125,0.125,0.3125,1.8125,3.65625,3.695264048046536,1576,0.6027918781725888,1516,0.35686015831134565,1516,0.07651715039577836,0.3842090213740313,0.3784873485565181,0.3667832811673482,0.3975701067182752,0.3487413194444444,0.3150318287037037,-0.0337094907407407,False,0.3487413194444444,0.3667832811673482,0.3975701067182752,0.0,-0.7106151903809114,-0.6579801872589942,0.20056301871020427,0.5086222723657409,-0.22013155362032014,-0.29137991814869857,-0.6842976888199528
13824,4.073751396603054,0.3784873485565181,0.38420902137403135,0.3150318287037037,0.6849681712962963,0.14192708333333334,0.17310474537037038,0.4505166475315729,-0.12190528959035873,-0.0625,-1.5,-0.6875,0.5625,1.1875,-0.12190528959035873,0.0,419.6067199707031,298.7878723144531,-0.00020485121058300138,0.0018362902337685227,r2_s143000_l6,2,143000,6,A,0.324685111242,noise,1.4242316484451294,0.8125,0.125,0.3125,1.8125,3.65625,3.695264048046536,4728,0.5579526226734348,4548,0.2816622691292876,4548,0.09586631486367635,0.3842090213740313,0.3784873485565181,0.3667832811673482,0.3975701067182752,0.3487413194444444,0.3150318287037037,-0.0337094907407407,False,0.3150318287037037,0.3842090213740313,0.3784873485565181,1.0,-0.665059542805221,-0.7072667038515223,0.20056301871020427,0.6320932954169377,-0.12046484284956337,-0.8197717716972576,-0.6861631233283716
4608,4.2830747498406305,0.5878107017940946,0.6537510553995768,0.4346788194444444,0.5653211805555556,0.15559895833333334,0.2790798611111111,0.3579630554168747,-0.1715325266122818,-0.125,-2.0625,-1.0625,0.75,1.71875,-0.1715325266122818,0.0,487.53509521484375,381.5697326660156,-0.00022879465541336685,0.0020059915259480476,r2_s143000_l7,2,143000,7,B,0.452812365041,block,1.4242316484451294,0.8125,0.125,0.3125,1.8125,3.65625,3.695264048046536,1576,0.6649746192893401,1516,0.47493403693931396,1516,0.1550131926121372,0.6151876780721877,0.6105055014292398,0.6537510553995768,0.5878107017940946,0.4346788194444444,0.3967737268518518,-0.0379050925925925,False,0.4346788194444444,0.6537510553995768,0.5878107017940946,0.0,0.03959700338804598,-0.16663107691040474,0.20056301871020427,0.2525077443588304,0.07859429831349841,-0.5556476865552764,-0.06351703676117938
13824,4.305769549475776,0.6105055014292398,0.6151876780721877,0.39677372685185186,0.6032262731481481,0.1540798611111111,0.24269386574074073,0.38833181403828626,-0.14692772924900055,-0.0625,-2.0,-0.9375,0.75,1.6875,-0.14692772924900055,0.0,530.0715942382812,404.757080078125,-0.00018983703921549022,0.0019006563816219568,r2_s143000_l7,2,143000,7,B,0.452812365041,noise,1.4242316484451294,0.8125,0.125,0.3125,1.8125,3.65625,3.695264048046536,4728,0.6159052453468697,4548,0.4003957783641161,4548,0.16534740545294635,0.6151876780721877,0.6105055014292398,0.6537510553995768,0.5878107017940946,0.4346788194444444,0.3967737268518518,-0.0379050925925925,False,0.3967737268518518,0.6151876780721877,0.6105055014292398,1.0,-0.061218204805012284,-0.1080154612168988,0.20056301871020427,0.4407033024087044,0.20324440120874257,-0.7195919221654284,-0.08461683301095554
4608,4.182917303509182,0.48765325546264604,0.3910897407266829,0.3713107638888889,0.6286892361111112,0.16688368055555555,0.20442708333333334,0.4494447691408533,-0.1481425017118454,-0.125,-1.75,-0.90625,0.625,1.4375,-0.1481425017118454,0.0,350.0936279296875,277.55670166015625,-0.00031244641286320984,0.002318608807399869,r2_s143000_l8,2,143000,8,C,0.387217561918,block,1.4242316484451294,0.8125,0.125,0.3125,1.8125,3.65625,3.695264048046536,1576,0.6046954314720813,1516,0.391820580474934,1516,0.10817941952506596,0.4311499430073632,0.4301163885328507,0.3910897407266828,0.4876532554626466,0.3713107638888889,0.3405671296296296,-0.0307436342592592,False,0.3713107638888889,0.3910897407266828,0.4876532554626466,0.0,-0.647071461829676,-0.4253154661709126,0.20056301871020427,0.43141183058013016,-0.3241678808147914,-0.06908831860605631,-0.5361934640002943
13824,4.125380436579387,0.4301163885328507,0.4311499430073632,0.34056712962962965,0.6594328703703703,0.1451099537037037,0.19545717592592593,0.4260832625318607,-0.0939585343003273,-0.0625,-1.625,-0.75,0.65625,1.375,-0.0939585343003273,0.0,469.07379150390625,353.6396484375,-0.00013115437468513846,0.0017652638489380479,r2_s143000_l8,2,143000,8,C,0.387217561918,noise,1.4242316484451294,0.8125,0.125,0.3125,1.8125,3.65625,3.695264048046536,4728,0.5873519458544839,4548,0.3168425681618294,4548,0.1077396657871592,0.4311499430073632,0.4301163885328507,0.3910897407266828,0.4876532554626466,0.3713107638888889,0.3405671296296296,-0.0307436342592592,False,0.3405671296296296,0.4311499430073632,0.4301163885328507,1.0,-0.542343144107504,-0.5739203859932723,0.20056301871020427,0.8458506017599534,0.02449479647436598,-0.9303176530712528,-0.5581317650503881
4608,4.062630785836114,0.36736673778957796,0.36895714203516644,0.3311631944444444,0.6688368055555556,0.1410590277777778,0.19010416666666666,0.4259501965923984,-0.1391703337430954,-0.125,-1.5625,-0.78125,0.5625,1.25,-0.1391703337430954,0.0,376.1910400390625,291.34100341796875,-0.00032371922861784697,0.0019903848879039288,r2_s143000_l9,2,143000,9,A,0.365704773739,block,1.4242316484451294,0.8125,0.125,0.3125,1.8125,3.65625,3.695264048046536,1576,0.5691624365482234,1516,0.3344327176781003,1516,0.08047493403693931,0.3684534551920714,0.3676390471281832,0.3689571420351664,0.3673667377895779,0.3311631944444444,0.314453125,-0.0167100694444444,False,0.3311631944444444,0.3689571420351664,0.3673667377895779,0.0,-0.7049321239287367,-0.7359887660627518,0.20056301871020427,0.5000375596550609,-0.24769132116796283,-0.5799379494201238,-0.7204604449957442
13824,4.062903095174719,0.3676390471281832,0.3684534551920714,0.314453125,0.685546875,0.14265046296296297,0.17180266203703703,0.45364619277662754,-0.07351769506931305,-0.03125,-1.5,-0.6875,0.625,1.3125,-0.07351769506931305,0.0,442.2201843261719,336.156982421875,-0.00011064321006415412,0.0017427467973902822,r2_s143000_l9,2,143000,9,A,0.365704773739,noise,1.4242316484451294,0.8125,0.125,0.3125,1.8125,3.65625,3.695264048046536,4728,0.5628172588832487,4548,0.28891820580474936,4548,0.08179419525065963,0.3684534551920714,0.3676390471281832,0.3689571420351664,0.3673667377895779,0.3311631944444444,0.314453125,-0.0167100694444444,False,0.314453125,0.3684534551920714,0.3676390471281832,1.0,-0.7062488990005784,-0.7352854516560136,0.20056301871020427,1.0021971503330107,-0.05419773757665455,-0.9653633239896385,-0.720767175328296
4608,4.71775828467475,1.0224942366282144,1.0224928392304315,0.4926215277777778,0.5073784722222222,0.1655815972222222,0.3270399305555556,0.33612334801762117,-0.5007866621017456,-0.375,-2.75,-1.375,0.5,1.415624976158142,-0.5007866621017456,0.0,941.5951538085938,784.8634033203125,-0.0005168119678273797,0.0012624539667740464,r2_s143000_l10,2,143000,10,A,0.73488173621,block,1.4242316484451294,0.8125,0.125,0.3125,1.8125,3.65625,3.695264048046536,1576,0.6782994923857868,1516,0.5270448548812665,1516,0.26517150395778366,1.0204156107372708,1.0242124221943043,1.0224928392304315,1.0224942366282146,0.4926215277777778,0.5166377314814815,0.0240162037037037,True,0.4926215277777778,1.0224928392304315,1.0224942366282146,0.0,1.003588808119952,0.9560597348945286,0.20056301871020427,-2.265869662038353,1.4091841287822877,-1.7128938987867088,0.9798242715072403
13824,4.71947647024084,1.0242124221943043,1.0204156107372708,0.5166377314814815,0.4833622685185185,0.13585069444444445,0.38078703703703703,0.2629515541865024,-0.14803597331047058,-0.078125,-2.65625,-1.25,1.03125,2.28125,-0.14803597331047058,0.0,1100.8914794921875,990.3358154296875,-0.0001383138878736645,0.00120887765660882,r2_s143000_l10,2,143000,10,A,0.73488173621,noise,1.4242316484451294,0.8125,0.125,0.3125,1.8125,3.65625,3.695264048046536,4728,0.7191201353637902,4548,0.5595866314863677,4548,0.2631926121372032,1.0204156107372708,1.0242124221943043,1.0224928392304315,1.0224942366282146,0.4926215277777778,0.5166377314814815,0.0240162037037037,True,0.5166377314814815,1.0204156107372708,1.0242124221943043,1.0,0.9981583651059835,0.9604974257510758,0.20056301871020427,0.43222663801987005,1.8759903738461683,-1.7962803817411432,0.9793278954285296
4608,4.621278444925944,0.7183850341373024,0.6331983407338461,0.4357638888888889,0.5642361111111112,0.15516493055555555,0.2805989583333333,0.3560756972111554,-0.13027064502239227,-0.125,-1.932031273841858,-0.9296875,0.7109375,1.6953125,-0.13027064502239227,0.0,262.5986633300781,250.01910400390625,-0.00027107575442641973,0.0030882200226187706,r3_s14000_l1,3,14000,1,A,0.649370222483,block,1.331377625465393,0.78125,0.1171875,0.3203125,1.734375,3.356640577316284,3.902893410788642,1538,0.6703511053315995,1538,0.46423927178153446,1532,0.1716710182767624,0.6385221547550626,0.7120556389843973,0.6331983407338461,0.718385034137302,0.4357638888888889,0.439453125,0.0036892361111111,True,0.4357638888888889,0.6331983407338461,0.718385034137302,0.0,-0.014133410065304108,0.17061335825143156,-1.7536412355019677,0.5681089142179069,-0.5805654826519274,1.1287390846152519,0.07823997409306373
13824,4.614949049773039,0.7120556389843973,0.6385221547550626,0.439453125,0.560546875,0.162109375,0.27734375,0.3688888888888889,-0.30420783162117004,-0.25,-2.015625,-1.0703125,0.515625,1.34375,-0.30420783162117004,0.0,254.40570068359375,247.3365936279297,-0.0007974617183208466,0.0030261671636253595,r3_s14000_l1,3,14000,1,A,0.649370222483,noise,1.331377625465393,0.78125,0.1171875,0.3203125,1.734375,3.356640577316284,3.902893410788642,4614,0.6625487646293888,4614,0.47139141742522755,4596,0.18342036553524804,0.6385221547550626,0.7120556389843973,0.6331983407338461,0.718385034137302,0.4357638888888889,0.439453125,0.0036892361111111,True,0.439453125,0.6385221547550626,0.7120556389843973,1.0,-0.00021550514806891553,0.1542659394674168,-1.7536412355019677,-0.7622904145907365,-0.6045743611526818,1.032159651414822,0.07702521715967393
4608,4.423236423068577,0.5203430122799348,0.5016940666569604,0.3962673611111111,0.6037326388888888,0.15234375,0.2439236111111111,0.384446878422782,-0.1384056955575943,-0.109375,-1.71875,-0.90625,0.65625,1.421875,-0.1384056955575943,0.0,232.927734375,222.9358673095703,-0.00038931556628085673,0.0030851541087031364,r3_s14000_l2,3,14000,2,A,0.592865727479,block,1.331377625465393,0.78125,0.1171875,0.3203125,1.734375,3.356640577316284,3.902893410788642,1538,0.6319895968790638,1538,0.42522756827048114,1532,0.13054830287206268,0.4783003010131694,0.5420866454089133,0.5016940666569604,0.5203430122799345,0.3962673611111111,0.378761574074074,-0.017505787037037,False,0.3962673611111111,0.5016940666569604,0.5203430122799345,0.0,-0.35792152428532525,-0.34088510091009555,-1.7536412355019677,0.505886073987529,-0.6675139723527398,1.123967278238938,-0.3494033125977104
13824,4.444980056197555,0.5420866454089133,0.47830030101316945,0.37876157407407407,0.6212384259259259,0.16109664351851852,0.21766493055555555,0.4253246753246753,-0.2859249413013458,-0.203125,-1.8359375,-0.921875,0.45703125,1.171875,-0.2859249413013458,0.0,223.54547119140625,215.9370574951172,-0.000816452840808779,0.0030623641796410084,r3_s14000_l2,3,14000,2,A,0.592865727479,noise,1.331377625465393,0.78125,0.1171875,0.3203125,1.734375,3.356640577316284,3.902893410788642,4614,0.6070654529692241,4614,0.37819679237104464,4596,0.15013054830287206,0.4783003010131694,0.5420866454089133,0.5016940666569604,0.5203430122799345,0.3962673611111111,0.378761574074074,-0.017505787037037,False,0.378761574074074,0.4783003010131694,0.5420866454089133,1.0,-0.41907922149052673,-0.284726136576475,-1.7536412355019677,-0.6224494439173205,-0.6950080091934498,1.0884968991588695,-0.35190267903350086
4608,5.15936999850803,1.256476587719388,1.1653783188925848,0.5718315972222222,0.4281684027777778,0.14539930555555555,0.4264322916666667,0.25426944971537,-0.45295843482017517,-0.353515625,-2.716015577316284,-1.48828125,0.67578125,1.71875,-0.45295843482017517,0.0,323.9674072265625,312.49212646484375,-0.0009266429697163403,0.0031602978706359863,r3_s14000_l3,3,14000,3,A,0.723505480648,block,1.331377625465393,0.78125,0.1171875,0.3203125,1.734375,3.356640577316284,3.902893410788642,1538,0.7386215864759428,1538,0.581924577373212,1532,0.39425587467362927,1.1594278944863214,1.2626827822791205,1.1653783188925848,1.2564765877193873,0.5718315972222222,0.5467303240740741,-0.0251012731481481,False,0.5718315972222222,1.1653783188925848,1.2564765877193873,0.0,1.377130504367443,1.5603840643053999,-1.7536412355019677,-1.900044258524808,-0.40072886194100005,1.2409214694518407,1.4687572843364216
13824,5.165576193067762,1.2626827822791205,1.1594278944863214,0.5467303240740741,0.45326967592592593,0.14742476851851852,0.3993055555555556,0.26964805504101613,-0.39087924361228943,-0.29296875,-2.765625,-1.375,0.7236328125,1.87890625,-0.39087924361228943,0.0,348.6658020019531,334.10205078125,-0.0007283310987986624,0.0030145247001200914,r3_s14000_l3,3,14000,3,A,0.723505480648,noise,1.331377625465393,0.78125,0.1171875,0.3203125,1.734375,3.356640577316284,3.902893410788642,4614,0.7182488079757261,4614,0.5652362375379281,4596,0.35596170583115755,1.1594278944863214,1.2626827822791205,1.1653783188925848,1.2564765877193873,0.5718315972222222,0.5467303240740741,-0.0251012731481481,False,0.5467303240740741,1.1594278944863214,1.2626827822791205,1.0,1.361574468643144,1.5764132833811682,-1.7536412355019677,-1.4252170181229848,-0.32835202038656297,1.0140392530216573,1.468993876012156
4608,4.36300155851576,0.4601081477271185,0.42114053832160103,0.3693576388888889,0.6306423611111112,0.15169270833333334,0.21766493055555555,0.4106933019976498,-0.21555964648723602,-0.1796875,-1.6769530773162842,-0.853515625,0.4423828125,1.1640625,-0.21555964648723602,0.0,203.00558471679688,188.30703735351562,-0.0007065804093144834,0.0032105492427945137,r3_s14000_l4,3,14000,4,A,0.46204268995,block,1.331377625465393,0.78125,0.1171875,0.3203125,1.734375,3.356640577316284,3.902893410788642,1538,0.6124837451235371,1538,0.37451235370611186,1532,0.12010443864229765,0.4182443409054368,0.463352618394075,0.4211405383216011,0.4601081477271185,0.3693576388888889,0.3427372685185185,-0.0266203703703703,False,0.3693576388888889,0.4211405383216011,0.4601081477271185,0.0,-0.5685104636531131,-0.4964583480301368,-1.7536412355019677,-0.08424399847652472,-0.7551986459711963,1.3191329994174426,-0.5324844058416249
13824,4.366246029182717,0.46335261839407504,0.4182443409054368,0.34273726851851855,0.6572627314814814,0.14894386574074073,0.1937934027777778,0.43457154917686786,-0.1496906578540802,-0.09375,-1.609375,-0.765625,0.5546875,1.265625,-0.1496906578540802,0.0,233.7720947265625,215.434814453125,-0.00038243719609454274,0.002761304145678878,r3_s14000_l4,3,14000,4,A,0.46204268995,noise,1.331377625465393,0.78125,0.1171875,0.3203125,1.734375,3.356640577316284,3.902893410788642,4614,0.5784568703944517,4614,0.33008235804074554,4596,0.11879895561357702,0.4182443409054368,0.463352618394075,0.4211405383216011,0.4601081477271185,0.3693576388888889,0.3427372685185185,-0.0266203703703703,False,0.3427372685185185,0.4182443409054368,0.463352618394075,1.0,-0.5760819152663882,-0.4880786025025019,-1.7536412355019677,0.4195703955609976,-0.665039636027013,0.6199252988970326,-0.5320802588844451
4608,4.206886026594374,0.3039926158057318,0.2574349194765091,0.2894965277777778,0.7105034722222222,0.15538194444444445,0.13411458333333334,0.5367316341829086,-0.15285450220108032,-0.095703125,-1.375,-0.6650390625,0.4296875,1.046875,-0.15285450220108032,0.0,172.6040496826172,162.38059997558594,-0.0005354362074285746,0.0031927742529660463,r3_s14000_l5,3,14000,5,A,0.390096630006,block,1.331377625465393,0.78125,0.1171875,0.3203125,1.734375,3.356640577316284,3.902893410788642,1538,0.5156046814044213,1538,0.2808842652795839,1532,0.07114882506527415,0.2654296822018093,0.294494143238774,0.2574349194765091,0.303992615805732,0.2894965277777778,0.275318287037037,-0.0141782407407407,False,0.2894965277777778,0.2574349194765091,0.303992615805732,0.0,-0.9964816941324421,-0.8996700163420397,-1.7536412355019677,0.3953709907182981,-0.8442881234125775,1.2914679011347177,-0.9480758552372409
13824,4.197387554027416,0.294494143238774,0.26542968220180935,0.27531828703703703,0.724681712962963,0.14033564814814814,0.1349826388888889,0.509721492380452,-0.0824531614780426,-0.046875,-1.21875,-0.578125,0.4765625,1.0625,-0.0824531614780426,0.0,194.06849670410156,175.89602661132812,-0.0002205673372372985,0.002669691573828459,r3_s14000_l5,3,14000,5,A,0.390096630006,noise,1.331377625465393,0.78125,0.1171875,0.3203125,1.734375,3.356640577316284,3.902893410788642,4614,0.5101863892501084,4614,0.25227568270481143,4596,0.06266318537859007,0.2654296822018093,0.294494143238774,0.2574349194765091,0.303992615805732,0.2894965277777778,0.275318287037037,-0.0141782407407407,False,0.275318287037037,0.2654296822018093,0.294494143238774,1.0,-0.9755811992986352,-0.9242024566636502,-1.7536412355019677,0.9338521417398368,-0.7813881294957457,0.47733895546543315,-0.9498918279811427
4608,4.303652339511448,0.40075892872280594,0.295190261469947,0.3211805555555556,0.6788194444444444,0.1577690972222222,0.16341145833333334,0.4912162162162162,-0.1733195036649704,-0.1015625,-1.5390625,-0.734375,0.4609375,1.1457030773162842,-0.1733195036649704,0.0,179.54473876953125,170.85491943359375,-0.000572994293179363,0.0033973390236496925,r3_s14000_l6,3,14000,6,C,0.449480193099,block,1.331377625465393,0.78125,0.1171875,0.3203125,1.734375,3.356640577316284,3.902893410788642,1538,0.5390117035110533,1538,0.31339401820546164,1532,0.11031331592689295,0.322752367567133,0.3524543091102883,0.2951902614699469,0.4007589287228056,0.3211805555555556,0.3034577546296296,-0.0177228009259259,False,0.3211805555555556,0.2951902614699469,0.4007589287228056,0.0,-0.8977789111486195,-0.6497441698392549,-1.7536412355019677,0.23883963164537533,-0.8239489410936227,1.609853708426857,-0.7737615404939372
13824,4.25534771989893,0.3524543091102883,0.32275236756713305,0.30345775462962965,0.6965422453703703,0.1430121527777778,0.16044560185185186,0.47127532777115616,-0.09340012818574905,-0.03759765625,-1.3828125,-0.65625,0.53125,1.1824219226837158,-0.09340012818574905,0.0,219.84356689453125,203.86285400390625,-0.0002291813725605607,0.0026209568604826927,r3_s14000_l6,3,14000,6,C,0.449480193099,noise,1.331377625465393,0.78125,0.1171875,0.3203125,1.734375,3.356640577316284,3.902893410788642,4614,0.5474642392717816,4614,0.28651928912006935,4596,0.07550043516100957,0.322752367567133,0.3524543091102883,0.2951902614699469,0.4007589287228056,0.3211805555555556,0.3034577546296296,-0.0177228009259259,False,0.3034577546296296,0.322752367567133,0.3524543091102883,1.0,-0.8257240327380231,-0.7745042498993407,-1.7536412355019677,0.8501217017734957,-0.7058561692937807,0.40148796215956,-0.8001141413186819
4608,4.179701778623793,0.2768083678351507,0.19824758337603676,0.2801649305555556,0.7198350694444444,0.1506076388888889,0.12955729166666666,0.5375677769171185,-0.07102712243795395,-0.046875,-1.296875,-0.6015625,0.4921875,1.078125,-0.07102712243795395,0.0,164.69078063964844,158.97315979003906,-0.0002771254803519696,0.003153775352984667,r3_s14000_l7,3,14000,7,C,0.388543819998,block,1.331377625465393,0.78125,0.1171875,0.3203125,1.734375,3.356640577316284,3.902893410788642,1538,0.523407022106632,1538,0.264629388816645,1532,0.05156657963446475,0.2236615789157373,0.2335686595351607,0.1982475833760367,0.2768083678351507,0.2801649305555556,0.2543402777777778,-0.0258246527777777,False,0.2801649305555556,0.1982475833760367,0.2768083678351507,0.0,-1.1512135673473864,-0.9698808777542275,-1.7536412355019677,1.021246878697035,-0.8674773802411733,1.2307697847748926,-1.060547222550807
13824,4.136462070323803,0.2335686595351607,0.2236615789157373,0.2543402777777778,0.7456597222222222,0.1314380787037037,0.12290219907407407,0.5167804323094426,-0.024345291778445244,0.0,-1.0703125,-0.5,0.4765625,1.03125,-0.024345291778445244,0.0,188.45944213867188,174.37823486328125,-4.157001603743993e-05,0.002509376499801874,r3_s14000_l7,3,14000,7,C,0.388543819998,noise,1.331377625465393,0.78125,0.1171875,0.3203125,1.734375,3.356640577316284,3.902893410788642,4614,0.5075856090160381,4614,0.21391417425227569,4596,0.040687554395126196,0.2236615789157373,0.2335686595351607,0.1982475833760367,0.2768083678351507,0.2801649305555556,0.2543402777777778,-0.0258246527777777,False,0.2543402777777778,0.2236615789157373,0.2335686595351607,1.0,-1.0847744370398693,-1.0815594193213691,-1.7536412355019677,1.3783037990221194,-0.7978250541317061,0.22782363523471594,-1.0831669281806193
4608,4.105090936024983,0.2021975252363415,0.19522787464989555,0.2543402777777778,0.7456597222222222,0.1351996527777778,0.119140625,0.5315699658703071,-0.00805536936968565,-0.0078125,-1.0546875,-0.515625,0.5078125,1.046875,-0.00805536936968565,0.0,186.74179077148438,181.76571655273438,1.9536108197826252e-07,0.0025459518656134605,r3_s14000_l8,3,14000,8,A,0.355654776257,block,1.331377625465393,0.78125,0.1171875,0.3203125,1.734375,3.356640577316284,3.902893410788642,1538,0.5032509752925878,1538,0.2308192457737321,1532,0.028067885117493474,0.1921509680924592,0.2049733621102794,0.1952278746498955,0.2021975252363418,0.2543402777777778,0.2414641203703703,-0.0128761574074074,False,0.2543402777777778,0.1952278746498955,0.2021975252363418,0.0,-1.159107911282146,-1.1625840761366388,-1.7536412355019677,1.5029010876338402,-0.8028585059806725,0.2847497488172743,-1.1608459937093925
13824,4.107866772898921,0.2049733621102794,0.1921509680924592,0.24146412037037038,0.7585358796296297,0.13013599537037038,0.111328125,0.5389454763331336,-0.02056913450360298,-0.0078125,-0.9921875,-0.4609375,0.4609375,0.953125,-0.02056913450360298,0.0,179.86631774902344,167.59988403320312,-3.375440792297013e-05,0.0024271325673907995,r3_s14000_l8,3,14000,8,A,0.355654776257,noise,1.331377625465393,0.78125,0.1171875,0.3203125,1.734375,3.356640577316284,3.902893410788642,4614,0.4885132206328565,4614,0.2045947117468574,4596,0.030461270670147953,0.1921509680924592,0.2049733621102794,0.1952278746498955,0.2021975252363418,0.2543402777777778,0.2414641203703703,-0.0128761574074074,False,0.2414641203703703,0.1921509680924592,0.2049733621102794,1.0,-1.1671517859808025,-1.1554147073805192,-1.7536412355019677,1.4071866227710998,-0.8230065773870902,0.09981869710157579,-1.1612832466806609
4608,4.113992187711927,0.2110987769232855,0.20994527803526986,0.2805989583333333,0.7194010416666667,0.14778645833333334,0.1328125,0.5266821345707656,-0.0308074951171875,-0.0078125,-1.166406273841858,-0.5234375,0.5,1.0859375,-0.0308074951171875,0.0,172.16793823242188,164.4000244140625,-6.915687117725611e-05,0.0029012556187808514,r3_s14000_l9,3,14000,9,A,0.371322893124,block,1.331377625465393,0.78125,0.1171875,0.3203125,1.734375,3.356640577316284,3.902893410788642,1538,0.5260078023407022,1538,0.26007802340702213,1532,0.05483028720626632,0.2063104681394718,0.2150186785945189,0.2099452780352698,0.2110987769232855,0.2805989583333333,0.2541956018518518,-0.0264033564814814,False,0.2805989583333333,0.2099452780352698,0.2110987769232855,0.0,-1.1206325963800998,-1.1395941244093235,-1.7536412355019677,1.3288761225568266,-0.8455661161573657,0.8377465913726786,-1.1301133603947116
13824,4.117912089383161,0.21501867859451895,0.20631046813947182,0.25419560185185186,0.7458043981481481,0.13932291666666666,0.11487268518518519,0.5480933409220262,-0.03988291695713997,-0.0234375,-1.078125,-0.515625,0.4765625,0.9921875,-0.03988291695713997,0.0,186.25607299804688,175.88388061523438,-9.965881326934323e-05,0.0024990758392959833,r3_s14000_l9,3,14000,9,A,0.371322893124,noise,1.331377625465393,0.78125,0.1171875,0.3203125,1.734375,3.356640577316284,3.902893410788642,4614,0.5108365843086259,4614,0.21218032076289553,4596,0.038729329852045254,0.2063104681394718,0.2150186785945189,0.2099452780352698,0.2110987769232855,0.2805989583333333,0.2541956018518518,-0.0264033564814814,False,0.2541956018518518,0.2063104681394718,0.2150186785945189,1.0,-1.1301349828872795,-1.1294698909456566,-1.7536412355019677,1.2594606320534698,-0.8042818664317447,0.21179162688914357,-1.129802436916468
4608,4.198324945237902,0.29543153444925974,0.2584894531302982,0.2981770833333333,0.7018229166666667,0.1577690972222222,0.1404079861111111,0.5291120815138283,-0.02731916680932045,-0.0078125,-1.361718773841858,-0.65625,0.6015625,1.221093773841858,-0.02731916680932045,0.0,193.91615295410156,186.8155517578125,-8.59709398355335e-05,0.0030259257182478905,r3_s14000_l10,3,14000,10,A,0.443722056922,block,1.331377625465393,0.78125,0.1171875,0.3203125,1.734375,3.356640577316284,3.902893410788642,1538,0.546814044213264,1538,0.2958387516254877,1532,0.050913838120104436,0.266088264407935,0.2864877471217406,0.2584894531302982,0.2954315344492597,0.2981770833333333,0.292896412037037,-0.0052806712962962,False,0.2981770833333333,0.2584894531302982,0.2954315344492597,0.0,-0.9937248549440387,-0.9217813838261878,-1.7536412355019677,1.3555574190075714,-0.7818345617256873,1.0317838644151076,-0.9577531193851132
13824,4.189381157910383,0.28648774712174063,0.266088264407935,0.29289641203703703,0.707103587962963,0.14445891203703703,0.1484375,0.4932081995554458,-0.054846543818712234,-0.0390625,-1.2578125,-0.6171875,0.5234375,1.15625,-0.054846543818712234,0.0,214.6875762939453,208.53775024414062,-0.000161828997079283,0.0024760349187999964,r3_s14000_l10,3,14000,10,A,0.443722056922,noise,1.331377625465393,0.78125,0.1171875,0.3203125,1.734375,3.356640577316284,3.902893410788642,4614,0.5502817511920243,4614,0.28261811876896403,4596,0.044821583986074845,0.266088264407935,0.2864877471217406,0.2584894531302982,0.2954315344492597,0.2981770833333333,0.292896412037037,-0.0052806712962962,False,0.292896412037037,0.266088264407935,0.2864877471217406,1.0,-0.9738594854129677,-0.9448811956448592,-1.7536412355019677,1.1450078257130996,-0.7209654230792374,0.17593060327128138,-0.9593703405289135
4608,4.574332661098904,0.8519875208536778,0.82166412141588,0.4557291666666667,0.5442708333333333,0.1351996527777778,0.3205295138888889,0.2966666666666667,-0.2291845977306366,-0.140625,-2.1953125,-1.0703125,0.703125,1.703125,-0.2291845977306366,0.0,303.7366027832031,280.80767822265625,-0.0004369748057797551,0.002895989688113332,r3_s72000_l1,3,72000,1,A,0.657500841239,block,1.4385579824447632,0.828125,0.1171875,0.328125,1.8125,3.5335936546325684,3.722345140245226,1538,0.6664499349804941,1538,0.4752925877763329,1532,0.2245430809399478,0.8235558801227145,0.8505623428909868,0.8216641214158799,0.8519875208536782,0.4557291666666667,0.4665798611111111,0.0108506944444444,True,0.4557291666666667,0.8216641214158799,0.8519875208536782,0.0,0.4785676507215024,0.5156788421051157,0.5020748105628693,-0.1884576306717116,-0.4600137564060762,0.8295506660375414,0.4971232464133091
13824,4.572907483136213,0.8505623428909868,0.8235558801227145,0.4665798611111111,0.5334201388888888,0.1456886574074074,0.3208912037037037,0.31224806201550387,-0.3513473868370056,-0.2578125,-2.4140625,-1.2265625,0.609375,1.5625,-0.3513473868370056,0.0,310.3426513671875,296.98760986328125,-0.0007675779052078724,0.002883704612031579,r3_s72000_l1,3,72000,1,A,0.657500841239,noise,1.4385579824447632,0.828125,0.1171875,0.328125,1.8125,3.5335936546325684,3.722345140245226,4614,0.6777199826614652,4614,0.48526224534026874,4596,0.23585726718885988,0.8235558801227145,0.8505623428909868,0.8216641214158799,0.8519875208536782,0.4557291666666667,0.4665798611111111,0.0108506944444444,True,0.4665798611111111,0.8235558801227145,0.8505623428909868,1.0,0.48351322502277355,0.5119979246659248,0.5020748105628693,-1.1228483484392902,-0.4406552136338815,0.8104301016663522,0.4977555748443492
4608,4.520960330963135,0.7986151907179089,0.8010647826724582,0.4646267361111111,0.5353732638888888,0.1484375,0.3161892361111111,0.3194768799626343,-0.28040698170661926,-0.171875,-2.453125,-1.2109375,0.7421875,1.6953125,-0.28040698170661926,0.0,305.7991943359375,292.7304992675781,-0.0005872176843695343,0.0030126587953418493,r3_s72000_l2,3,72000,2,A,0.68417864495,block,1.4385579824447632,0.828125,0.1171875,0.328125,1.8125,3.5335936546325684,3.722345140245226,1538,0.6794538361508452,1538,0.4798439531859558,1532,0.23368146214099217,0.7897802657551236,0.8069694660328048,0.8010647826724583,0.798615190717909,0.4646267361111111,0.4600694444444444,-0.0045572916666666,False,0.4646267361111111,0.8010647826724583,0.798615190717909,0.0,0.42471534918611714,0.3778299938138785,0.5020748105628693,-0.5802440369841201,-0.4539694825428808,1.011135147895611,0.4012726714999978
13824,4.529314606278031,0.8069694660328048,0.7897802657551236,0.4600694444444444,0.5399305555555556,0.15198206018518517,0.30808738425925924,0.33034591194968554,-0.38209202885627747,-0.263671875,-2.432421922683716,-1.265625,0.6015625,1.515625,-0.38209202885627747,0.0,301.38824462890625,287.8296813964844,-0.000816935789771378,0.002960300538688898,r3_s72000_l2,3,72000,2,A,0.68417864495,noise,1.4385579824447632,0.828125,0.1171875,0.328125,1.8125,3.5335936546325684,3.722345140245226,4614,0.6625487646293888,4614,0.46532293021239707,4596,0.2515230635335074,0.7897802657551236,0.8069694660328048,0.8010647826724583,0.798615190717909,0.4646267361111111,0.4600694444444444,-0.0045572916666666,False,0.4600694444444444,0.7897802657551236,0.8069694660328048,1.0,0.3952145377628612,0.39940722732676437,0.5020748105628693,-1.3580059470340733,-0.46689544841854536,0.9296444505622035,0.3973108825448128
4608,5.481813218858507,1.7594680786132812,1.7865699529647827,0.6501736111111112,0.34982638888888884,0.1193576388888889,0.5308159722222222,0.1835781041388518,-0.4885263442993164,-0.333984375,-3.5125975608825684,-1.7978515625,0.984375,2.278515577316284,-0.4885263442993164,0.0,431.5286560058594,423.3993835449219,-0.0007436509476974607,0.0030320980586111546,r3_s72000_l3,3,72000,3,A,0.674128647469,block,1.4385579824447632,0.828125,0.1171875,0.328125,1.8125,3.5335936546325684,3.722345140245226,1538,0.7847854356306893,1538,0.6638491547464239,1532,0.5013054830287206,1.754473787766916,1.7884020452146174,1.7865699529647827,1.7594680786132812,0.6501736111111112,0.6176938657407407,-0.0324797453703704,False,0.6501736111111112,1.7865699529647827,1.7594680786132812,0.0,3.001095215370484,2.8594991215576515,0.5020748105628693,-2.1720937484784915,-0.0855284802524929,1.0413905311098282,2.930297168464068
13824,5.510747185459843,1.7884020452146174,1.7544737877669159,0.6176938657407407,0.3823061342592593,0.12803819444444445,0.4896556712962963,0.20728422531912402,-0.3944467604160309,-0.265625,-3.5546875,-1.75,1.0625,2.5736327171325684,-0.3944467604160309,0.0,460.3079528808594,443.3088684082031,-0.000550916651263833,0.0029446363914757967,r3_s72000_l3,3,72000,3,A,0.674128647469,noise,1.4385579824447632,0.828125,0.1171875,0.328125,1.8125,3.5335936546325684,3.722345140245226,4614,0.759211096662332,4614,0.6332899869960988,4596,0.4599651871192341,1.754473787766916,1.7884020452146174,1.7865699529647827,1.7594680786132812,0.6501736111111112,0.6176938657407407,-0.0324797453703704,False,0.6176938657407407,1.754473787766916,1.7884020452146174,1.0,2.9171870672549516,2.934229116713293,0.5020748105628693,-1.4525040063399401,-0.0011928532243984653,0.9052646800899025,2.9257080919841223
4608,4.15968738661872,0.43734224637349417,0.4207116829024421,0.3645833333333333,0.6354166666666667,0.14518229166666666,0.21940104166666666,0.3982142857142857,-0.2309008687734604,-0.171875,-1.75,-0.890625,0.484375,1.2265625,-0.2309008687734604,0.0,225.33038330078125,214.39599609375,-0.0006551176775246859,0.003010283689945936,r3_s72000_l4,3,72000,4,A,0.324685111242,block,1.4385579824447632,0.828125,0.1171875,0.328125,1.8125,3.5335936546325684,3.722345140245226,1538,0.6235370611183355,1538,0.36280884265279584,1532,0.10639686684073107,0.430899691802484,0.4262613278848155,0.420711682902442,0.4373422463734943,0.3645833333333333,0.3315972222222222,-0.0329861111111111,False,0.3645833333333333,0.420711682902442,0.4373422463734943,0.0,-0.5696316089304102,-0.5552576036355399,0.5020748105628693,-0.20158493190082397,-0.6897774546532192,1.0074385199456735,-0.5624446062829751
13824,4.148606468130041,0.4262613278848155,0.430899691802484,0.3315972222222222,0.6684027777777778,0.14359085648148148,0.18800636574074073,0.4330279232111693,-0.14077667891979218,-0.078125,-1.546875,-0.7421875,0.546875,1.2265625,-0.14077667891979218,0.0,254.72637939453125,230.9145965576172,-0.0003034654655493796,0.0024893346708267927,r3_s72000_l4,3,72000,4,A,0.324685111242,noise,1.4385579824447632,0.828125,0.1171875,0.328125,1.8125,3.5335936546325684,3.722345140245226,4614,0.5752058951018639,4614,0.3105765062852189,4596,0.10813751087902523,0.430899691802484,0.4262613278848155,0.420711682902442,0.4373422463734943,0.3645833333333333,0.3315972222222222,-0.0329861111111111,False,0.3315972222222222,0.430899691802484,0.4262613278848155,1.0,-0.5429973691538809,-0.583877149527349,0.5020748105628693,0.4877510521709425,-0.6036346356173798,0.19663041522661207,-0.563437259340615
4608,3.995475027296278,0.2731298870510521,0.2777864734331767,0.3042534722222222,0.6957465277777778,0.1484375,0.1558159722222222,0.48787446504992865,-0.1752997487783432,-0.1015625,-1.517968773841858,-0.7578125,0.4609375,1.109375,-0.1752997487783432,0.0,196.55560302734375,189.88365173339844,-0.0005379628855735064,0.002964322455227375,r3_s72000_l5,3,72000,5,A,0.269183573168,block,1.4385579824447632,0.828125,0.1171875,0.328125,1.8125,3.5335936546325684,3.722345140245226,1538,0.5474642392717816,1538,0.29908972691807545,1532,0.06527415143603134,0.2754284899543833,0.2754917321381742,0.2777864734331767,0.2731298870510523,0.3042534722222222,0.2647569444444444,-0.0394965277777777,False,0.3042534722222222,0.2777864734331767,0.2731298870510523,0.0,-0.9432771697523518,-0.9793815748056686,0.5020748105628693,0.22369326288304256,-0.7740998461103938,0.9359041850203174,-0.9613293722790102
13824,3.9978368723834,0.27549173213817424,0.2754284899543833,0.2647569444444444,0.7352430555555556,0.1332465277777778,0.13151041666666666,0.5032786885245901,-0.10101503133773804,-0.046875,-1.1796875,-0.546875,0.4296875,0.984375,-0.10101503133773804,0.0,208.72189331054688,186.39572143554688,-0.0002439650852466002,0.0023944575805217028,r3_s72000_l5,3,72000,5,A,0.269183573168,noise,1.4385579824447632,0.828125,0.1171875,0.328125,1.8125,3.5335936546325684,3.722345140245226,4614,0.5036844386649328,4614,0.22670134373645426,4596,0.06309834638816363,0.2754284899543833,0.2754917321381742,0.2777864734331767,0.2731298870510523,0.3042534722222222,0.2647569444444444,-0.0394965277777777,False,0.2647569444444444,0.2754284899543833,0.2754917321381742,1.0,-0.9494415830326561,-0.9732814546821158,0.5020748105628693,0.7918773306849952,-0.7384474212406584,0.04896315615085283,-0.961361518857386
4608,4.154150380028619,0.4318052397833929,0.3916894363032447,0.35546875,0.64453125,0.1586371527777778,0.1968315972222222,0.4462759462759463,-0.19543923437595367,-0.1171875,-1.822656273841858,-0.90625,0.609375,1.3671875,-0.19543923437595367,0.0,227.29920959472656,215.6785888671875,-0.0004985443083569407,0.003130517201498151,r3_s72000_l6,3,72000,6,A,0.349443536227,block,1.4385579824447632,0.828125,0.1171875,0.328125,1.8125,3.5335936546325684,3.722345140245226,1538,0.5949284785435631,1538,0.3550065019505852,1532,0.11553524804177545,0.4058621923128764,0.415422651502821,0.3916894363032446,0.4318052397833927,0.35546875,0.3174189814814814,-0.0380497685185185,False,0.35546875,0.3916894363032446,0.4318052397833927,0.0,-0.6455036936881497,-0.5695584591440934,0.5020748105628693,0.0696516881885109,-0.6840079530309083,1.1945706615709808,-0.6075310764161216
13824,4.137767791748047,0.415422651502821,0.4058621923128764,0.31741898148148145,0.6825810185185186,0.1423611111111111,0.17505787037037038,0.44849589790337285,-0.12021635472774506,-0.0546875,-1.5234375,-0.703125,0.572265625,1.239843726158142,-0.12021635472774506,0.0,255.8514862060547,233.429931640625,-0.00021720513177569956,0.0024464712478220463,r3_s72000_l6,3,72000,6,A,0.349443536227,noise,1.4385579824447632,0.828125,0.1171875,0.328125,1.8125,3.5335936546325684,3.722345140245226,4614,0.5517988729952319,4614,0.29757260511486777,4596,0.10204525674499565,0.4058621923128764,0.415422651502821,0.3916894363032446,0.4318052397833927,0.35546875,0.3174189814814814,-0.0380497685185185,False,0.3174189814814814,0.4058621923128764,0.415422651502821,1.0,-0.608452235885318,-0.6118710379796366,0.5020748105628693,0.6450115094662763,-0.6003375923005977,0.12991753259749347,-0.6101616369324774
4608,4.037856049007839,0.31551090876261334,0.2644923726717631,0.3116319444444444,0.6883680555555556,0.1577690972222222,0.1538628472222222,0.5062674094707521,-0.11085806787014008,-0.1015625,-1.4609375,-0.7578125,0.556640625,1.2265625,-0.11085806787014008,0.0,208.8363494873047,201.41140747070312,-0.0003560890909284353,0.0028681971598416567,r3_s72000_l7,3,72000,7,C,0.310569804383,block,1.4385579824447632,0.828125,0.1171875,0.328125,1.8125,3.5335936546325684,3.722345140245226,1538,0.5552665799739922,1538,0.3159947984395319,1532,0.06266318537859007,0.2846302666046001,0.283083341739796,0.2644923726717631,0.3155109087626138,0.3116319444444444,0.2677228009259259,-0.0439091435185184,False,0.3116319444444444,0.2644923726717631,0.3155109087626138,0.0,-0.9780315825887376,-0.8699208295565242,0.5020748105628693,0.7165905593383173,-0.7381120157762361,0.7862942122459389,-0.9239762060726309
13824,4.005428481985022,0.283083341739796,0.2846302666046001,0.26772280092592593,0.7322771990740741,0.1332465277777778,0.13447627314814814,0.4977033234261011,-0.06941480934619904,-0.015625,-1.234375,-0.546875,0.4765625,1.03125,-0.06941480934619904,0.0,217.64068603515625,196.80252075195312,-0.000134661968331784,0.002346539869904518,r3_s72000_l7,3,72000,7,C,0.310569804383,noise,1.4385579824447632,0.828125,0.1171875,0.328125,1.8125,3.5335936546325684,3.722345140245226,4614,0.5197225834416992,4614,0.22258344169917643,4596,0.06005221932114883,0.2846302666046001,0.283083341739796,0.2644923726717631,0.3155109087626138,0.3116319444444444,0.2677228009259259,-0.0439091435185184,False,0.2677228009259259,0.2846302666046001,0.283083341739796,1.0,-0.9253856239069299,-0.9536740169405338,0.5020748105628693,1.0335790331778827,-0.7123115507212875,-0.025616249322814585,-0.9395298204237319
4608,4.126586490207249,0.40424134996202277,0.3690718511740367,0.3422309027777778,0.6577690972222222,0.14778645833333334,0.19444444444444445,0.4318325935320228,-0.0677221491932869,-0.0234375,-1.6328125,-0.765625,0.673828125,1.4609375,-0.0677221491932869,0.0,259.9051208496094,253.45333862304688,-0.00015757988148834556,0.0026275189593434334,r3_s72000_l8,3,72000,8,A,0.391466155654,block,1.4385579824447632,0.828125,0.1171875,0.328125,1.8125,3.5335936546325684,3.722345140245226,1538,0.6001300390117035,1538,0.33745123537061117,1532,0.0881201044386423,0.3844910970440617,0.3873753017849388,0.3690718511740367,0.4042413499620223,0.3422309027777778,0.3174189814814814,-0.0248119212962963,False,0.3422309027777778,0.3690718511740367,0.4042413499620223,0.0,-0.70463224288827,-0.6407498509502381,0.5020748105628693,1.046525740982982,-0.5884587121148915,0.4117012512626908,-0.672691046919254
13824,4.109720442030165,0.38737530178493884,0.38449109704406176,0.31741898148148145,0.6825810185185186,0.140625,0.17679398148148148,0.4430264357338195,-0.07468491792678833,-0.03125,-1.4453125,-0.671875,0.59375,1.2734375,-0.07468491792678833,0.0,255.56817626953125,235.83462524414062,-0.00012373279605526477,0.002386664040386677,r3_s72000_l8,3,72000,8,A,0.391466155654,noise,1.4385579824447632,0.828125,0.1171875,0.328125,1.8125,3.5335936546325684,3.722345140245226,4614,0.5643693107932379,4614,0.30039011703511054,4596,0.0865970409051349,0.3844910970440617,0.3873753017849388,0.3690718511740367,0.4042413499620223,0.3422309027777778,0.3174189814814814,-0.0248119212962963,False,0.3174189814814814,0.3844910970440617,0.3873753017849388,1.0,-0.6643221199089095,-0.6843110990823934,0.5020748105628693,0.9932693728029692,-0.6011678113724455,0.036833244635486005,-0.6743166094956514
4608,4.066452185312907,0.3441070450676813,0.319050669670105,0.3111979166666667,0.6888020833333333,0.14171006944444445,0.1694878472222222,0.45536959553695955,-0.04379018023610115,-0.0390625,-1.40625,-0.6640625,0.578125,1.299218773841858,-0.04379018023610115,0.0,242.8475799560547,231.92703247070312,-9.061187301995233e-05,0.002522252034395933,r3_s72000_l9,3,72000,9,A,0.368810393754,block,1.4385579824447632,0.828125,0.1171875,0.328125,1.8125,3.5335936546325684,3.722345140245226,1538,0.5708712613784135,1538,0.293888166449935,1532,0.06788511749347259,0.3310327342262975,0.330175081888834,0.319050669670105,0.3441070450676811,0.3111979166666667,0.2981770833333333,-0.0130208333333333,False,0.3111979166666667,0.319050669670105,0.3441070450676811,0.0,-0.8354012827617558,-0.7960633748565831,0.5020748105628693,1.2295750133111165,-0.6384445895692133,0.24786319269295945,-0.8157323288091695
13824,4.05252022213406,0.33017508188883404,0.3310327342262975,0.2981770833333333,0.7018229166666667,0.13736979166666666,0.16080729166666666,0.4606986899563319,-0.07685989886522293,-0.03125,-1.40625,-0.6640625,0.5625,1.203125,-0.07685989886522293,0.0,239.48692321777344,224.59371948242188,-0.00015889255155343562,0.002426736056804657,r3_s72000_l9,3,72000,9,A,0.368810393754,noise,1.4385579824447632,0.828125,0.1171875,0.328125,1.8125,3.5335936546325684,3.722345140245226,4614,0.5407455570004335,4614,0.2800173385348938,4596,0.07288946910356832,0.3310327342262975,0.330175081888834,0.319050669670105,0.3441070450676811,0.3111979166666667,0.2981770833333333,-0.0130208333333333,False,0.2981770833333333,0.3310327342262975,0.330175081888834,1.0,-0.804076891161924,-0.8320465345529018,0.5020748105628693,0.9766335214519889,-0.6482927486288373,0.09920156570281649,-0.8180617128574129
4608,4.24190706676907,0.5195619265238438,0.4807328250673082,0.3634982638888889,0.6365017361111112,0.162109375,0.2013888888888889,0.44597014925373135,-0.20883505046367645,-0.140625,-1.955468773841858,-0.953125,0.59375,1.3984375,-0.20883505046367645,0.0,286.358154296875,277.064208984375,-0.0004778477596119046,0.002589101204648614,r3_s72000_l10,3,72000,10,A,0.492052665603,block,1.4385579824447632,0.828125,0.1171875,0.328125,1.8125,3.5335936546325684,3.722345140245226,1538,0.6085825747724317,1538,0.37256176853055917,1532,0.10835509138381201,0.496789327374211,0.5021944752445924,0.4807328250673082,0.5195619265238443,0.3634982638888889,0.3720341435185185,0.0085358796296296,True,0.3634982638888889,0.4807328250673082,0.5195619265238443,0.0,-0.4127199387733866,-0.34290247155177345,0.5020748105628693,-0.03280935007733191,-0.5109400301171994,0.3519076328308182,-0.37781120516258004
13824,4.224539615489818,0.5021944752445924,0.49678932737421105,0.37203414351851855,0.6279658564814814,0.1433738425925926,0.22866030092592593,0.38537818393933504,-0.08797537535429001,-0.0703125,-1.7421875,-0.8671875,0.734375,1.5390625,-0.08797537535429001,0.0,300.47222900390625,292.6661376953125,-0.00018596173322293907,0.002438812982290983,r3_s72000_l10,3,72000,10,A,0.492052665603,noise,1.4385579824447632,0.828125,0.1171875,0.328125,1.8125,3.5335936546325684,3.722345140245226,4614,0.6163849154746424,4614,0.3814477676636324,4596,0.11727589208006962,0.496789327374211,0.5021944752445924,0.4807328250673082,0.5195619265238443,0.3634982638888889,0.3720341435185185,0.0085358796296296,True,0.3720341435185185,0.496789327374211,0.5021944752445924,1.0,-0.3707438532977754,-0.3877587322866692,0.5020748105628693,0.8916141949375573,-0.4695797652883232,0.11799816326808035,-0.3792512927922223
4608,4.606391217973497,0.8603199587927928,0.842802193429735,0.4637586805555556,0.5362413194444444,0.1343315972222222,0.3294270833333333,0.28965839962564344,-0.2272135466337204,-0.125,-2.25,-1.125,0.75,1.75,-0.2272135466337204,0.0,928.075927734375,694.159423828125,-0.00015643035294488072,0.0013488222612068057,r3_s143000_l1,3,143000,1,A,0.692902384351,block,1.3997396230697632,0.875,0.125,0.375,1.78125,3.625,3.7460712591807046,1772,0.6630925507900677,1368,0.44298245614035087,1468,0.24250681198910082,0.8334698036864951,0.8679037535632097,0.8428021934297351,0.8603199587927923,0.4637586805555556,0.4680989583333333,0.0043402777777777,True,0.4637586805555556,0.8428021934297351,0.8603199587927923,0.0,0.5338283482684236,0.5371996745372646,-0.314895748146437,-0.17338158449859684,1.3695670244153555,-1.5784697794453348,0.535514011402844
13824,4.613975012743914,0.8679037535632097,0.8334698036864951,0.4680989583333333,0.5319010416666667,0.14482060185185186,0.32327835648148145,0.30938031216195333,-0.30164027214050293,-0.25,-2.375,-1.125,0.625,1.625,-0.30164027214050293,0.0,1066.407958984375,867.4675903320312,-0.00023934527416713536,0.001125818700529635,r3_s143000_l1,3,143000,1,A,0.692902384351,noise,1.3997396230697632,0.875,0.125,0.375,1.78125,3.625,3.7460712591807046,5316,0.663280662151994,4104,0.4656432748538012,4404,0.23478655767484105,0.8334698036864951,0.8679037535632097,0.8428021934297351,0.8603199587927923,0.4637586805555556,0.4680989583333333,0.0043402777777777,True,0.4680989583333333,0.8334698036864951,0.8679037535632097,1.0,0.5094309308193233,0.5567869283093922,-0.314895748146437,-0.7426518342701567,1.7749389361826997,-1.92555382748518,0.5331089295643578
4608,4.692099306318495,0.9460280471377902,0.9341029723485311,0.5010850694444444,0.4989149305555556,0.1447482638888889,0.3563368055555556,0.288869640537029,-0.2807888388633728,-0.25,-2.5,-1.25,0.75,1.75,-0.2807888388633728,0.0,1023.234130859375,793.3974609375,-0.00022312771761789918,0.0013078898191452026,r3_s143000_l2,3,143000,2,A,0.754475145664,block,1.3997396230697632,0.875,0.125,0.375,1.78125,3.625,3.7460712591807046,1772,0.690744920993228,1368,0.5153508771929824,1468,0.25885558583106266,0.920106417602963,0.9573600822024876,0.9341029723485312,0.9460280471377904,0.5010850694444444,0.4841579861111111,-0.0169270833333333,False,0.5010850694444444,0.9341029723485312,0.9460280471377904,0.0,0.7725135380209676,0.7585645884832556,-0.314895748146437,-0.5831647609246398,1.6484211869152394,-1.6421772720241832,0.7655390632521115
13824,4.703431341383192,0.9573600822024875,0.920106417602963,0.4841579861111111,0.5158420138888888,0.1456886574074074,0.3384693287037037,0.300911399970118,-0.35143589973449707,-0.25,-2.5,-1.25,0.625,1.625,-0.35143589973449707,0.0,949.8297119140625,711.8218994140625,-0.00032658857526257634,0.0013922527432441711,r3_s143000_l2,3,143000,2,A,0.754475145664,noise,1.3997396230697632,0.875,0.125,0.375,1.78125,3.625,3.7460712591807046,5316,0.6655379984951091,4104,0.47368421052631576,4404,0.2749772933696639,0.920106417602963,0.9573600822024876,0.9341029723485312,0.9460280471377904,0.5010850694444444,0.4841579861111111,-0.0169270833333333,False,0.4841579861111111,0.920106417602963,0.9573600822024876,1.0,0.7359227184804341,0.787832712593459,-0.314895748146437,-1.12352536007617,1.4333148997368503,-1.5108743228164052,0.7618777155369465
4608,5.551900015936957,1.8058287567562528,1.7876547045177884,0.6540798611111112,0.34592013888888884,0.11979166666666667,0.5342881944444444,0.1831453218314532,-0.43798828125,-0.375,-3.625,-1.75,1.0,2.5,-0.43798828125,0.0,1044.52197265625,740.69970703125,-0.00032574389479123056,0.0018399275140836835,r3_s143000_l3,3,143000,3,A,0.681526128789,block,1.3997396230697632,0.875,0.125,0.375,1.78125,3.625,3.7460712591807046,1772,0.7827313769751693,1368,0.6447368421052632,1468,0.5074931880108992,1.7530632504710444,1.8374121895542848,1.7876547045177882,1.8058287567562523,0.6540798611111112,0.6167534722222222,-0.0373263888888889,False,0.6540798611111112,1.7876547045177882,1.8058287567562523,0.0,3.0039310524063736,2.979238433514849,-0.314895748146437,-1.7855415311243448,1.7108036521232024,-0.8141106873100482,2.9915847429606113
13824,5.58348344873499,1.8374121895542852,1.7530632504710444,0.6167534722222222,0.3832465277777778,0.12861689814814814,0.48813657407407407,0.20853858784893267,-0.32082340121269226,-0.25,-3.5,-1.75,1.125,2.75,-0.32082340121269226,0.0,1143.4716796875,728.7054443359375,-0.00024222031061071903,0.0018661328358575702,r3_s143000_l3,3,143000,3,A,0.681526128789,noise,1.3997396230697632,0.875,0.125,0.375,1.78125,3.625,3.7460712591807046,5316,0.7509405568096313,4104,0.615009746588694,4404,0.4564032697547684,1.7530632504710444,1.8374121895542848,1.7876547045177882,1.8058287567562523,0.6540798611111112,0.6167534722222222,-0.0373263888888889,False,0.6167534722222222,1.7530632504710444,1.8374121895542848,1.0,2.913499537245842,3.06081141009686,-0.314895748146437,-0.889378491985739,2.000768539833014,-0.7733245710083707,2.987155473671351
4608,4.377414676878187,0.6313434176974826,0.5821225576930575,0.4164496527777778,0.5835503472222222,0.14735243055555555,0.2690972222222222,0.3538301198540907,-0.2232259064912796,-0.125,-2.0,-1.0,0.625,1.5,-0.2232259064912796,0.0,596.969970703125,393.8981628417969,-0.00026744845672510564,0.0019430009415373206,r3_s143000_l4,3,143000,4,A,0.381006321887,block,1.3997396230697632,0.875,0.125,0.375,1.78125,3.625,3.7460712591807046,1772,0.6202031602708804,1368,0.402046783625731,1468,0.18392370572207084,0.5995735746842844,0.6140430150208656,0.5821225576930575,0.6313434176974825,0.4164496527777778,0.3783998842592592,-0.0380497685185185,False,0.4164496527777778,0.5821225576930575,0.6313434176974825,0.0,-0.14765946659208576,-0.05419576192590911,-0.314895748146437,-0.14288118448194556,0.3992852061953694,-0.6536866010877691,-0.10092761425899743
13824,4.36011427420157,0.6140430150208656,0.5995735746842844,0.37839988425925924,0.6216001157407407,0.1467013888888889,0.23169849537037038,0.38768877843624544,-0.14694100618362427,-0.125,-1.875,-0.875,0.625,1.5,-0.14694100618362427,0.0,700.3130493164062,410.72686767578125,-0.00018053912208415568,0.001717205042950809,r3_s143000_l4,3,143000,4,A,0.381006321887,noise,1.3997396230697632,0.875,0.125,0.375,1.78125,3.625,3.7460712591807046,5316,0.5837095560571859,4104,0.35233918128654973,4404,0.15485921889191645,0.5995735746842844,0.6140430150208656,0.5821225576930575,0.6313434176974825,0.4164496527777778,0.3783998842592592,-0.0380497685185185,False,0.3783998842592592,0.5995735746842844,0.6140430150208656,1.0,-0.10203773859313287,-0.09887885104492866,-0.314895748146437,0.4406017506631724,0.7021245483696987,-1.0051166602053125,-0.10045829481903076
4608,4.285053200191921,0.5389819410112167,0.519927226834827,0.3773871527777778,0.6226128472222222,0.1525607638888889,0.2248263888888889,0.40425531914893614,-0.2432725727558136,-0.125,-2.0,-0.875,0.625,1.375,-0.2432725727558136,0.0,506.3499450683594,340.424560546875,-0.0002698262978810817,0.0020747589878737926,r3_s143000_l5,3,143000,5,A,0.391832724372,block,1.3997396230697632,0.875,0.125,0.375,1.78125,3.625,3.7460712591807046,1772,0.5863431151241535,1368,0.3435672514619883,1468,0.1566757493188011,0.5269865791002909,0.5339431939301673,0.519927226834827,0.5389819410112168,0.3773871527777778,0.3452690972222222,-0.0321180555555555,False,0.3773871527777778,0.519927226834827,0.5389819410112168,0.0,-0.3102550602268608,-0.2927448969419775,-0.314895748146437,-0.2962128087579376,0.133729841295234,-0.44861760602142364,-0.3014999785844191
13824,4.280014453110872,0.5339431939301673,0.5269865791002909,0.3452690972222222,0.6547309027777778,0.14221643518518517,0.20305266203703703,0.4119002723653886,-0.13661928474903107,0.0,-1.75,-0.75,0.625,1.375,-0.13661928474903107,0.0,675.2772216796875,402.37255859375,-0.00012925021292176098,0.001669364981353283,r3_s143000_l5,3,143000,5,A,0.391832724372,noise,1.3997396230697632,0.875,0.125,0.375,1.78125,3.625,3.7460712591807046,5316,0.5410082768999247,4104,0.32383040935672514,4404,0.12897366030881016,0.5269865791002909,0.5339431939301673,0.519927226834827,0.5389819410112168,0.3773871527777778,0.3452690972222222,-0.0321180555555555,False,0.3452690972222222,0.5269865791002909,0.5339431939301673,1.0,-0.2917999839945875,-0.305758859049058,-0.314895748146437,0.5195498556501084,0.6287588844662101,-1.0795752122899687,-0.29877942152182274
4608,4.394527700212267,0.6484564410315623,0.5446524057123396,0.4073350694444444,0.5926649305555556,0.1657986111111111,0.24153645833333334,0.4070324986680874,-0.2574327290058136,-0.125,-2.25,-1.125,0.625,1.625,-0.2574327290058136,0.0,500.3525390625,335.465087890625,-0.0003407291660550982,0.0024173608981072903,r3_s143000_l6,3,143000,6,B,0.439430195617,block,1.3997396230697632,0.875,0.125,0.375,1.78125,3.625,3.7460712591807046,1772,0.6066591422121896,1368,0.38669590643274854,1468,0.18596730245231607,0.5798634312770985,0.6001770672974769,0.5446524057123395,0.6484564410315619,0.4073350694444444,0.3712384259259259,-0.0360966435185184,False,0.4073350694444444,0.5446524057123395,0.6484564410315619,0.0,-0.2456166849366172,-0.00999663193883362,-0.314895748146437,-0.4045200818557876,0.11615488113400839,0.08461001379298587,-0.1278066584377254
13824,4.3462483264781815,0.6001770672974769,0.5798634312770985,0.37123842592592593,0.6287615740740741,0.1490162037037037,0.2222222222222222,0.4014029618082619,-0.1067979633808136,0.0,-1.875,-0.875,0.75,1.625,-0.1067979633808136,0.0,742.6386108398438,459.8272705078125,-8.183036698028445e-05,0.0016320337308570743,r3_s143000_l6,3,143000,6,B,0.439430195617,noise,1.3997396230697632,0.875,0.125,0.375,1.78125,3.625,3.7460712591807046,5316,0.5688487584650113,4104,0.3550194931773879,4404,0.1478201634877384,0.5798634312770985,0.6001770672974769,0.5446524057123395,0.6484564410315619,0.4073350694444444,0.3712384259259259,-0.0360966435185184,False,0.3712384259259259,0.5798634312770985,0.6001770672974769,1.0,-0.1535654404912543,-0.13469150751455225,-0.314895748146437,0.7476452198920305,0.8261565143311774,-1.1376777892231271,-0.1441284740029033
4608,4.131462944878472,0.3853916856977677,0.32963044113583034,0.3270399305555556,0.6729600694444444,0.1467013888888889,0.18033854166666666,0.4485733244857332,-0.0859646275639534,-0.125,-1.5,-0.75,0.625,1.375,-0.0859646275639534,0.0,528.0496826171875,347.38421630859375,-0.00018043164163827896,0.0017514289356768131,r3_s143000_l7,3,143000,7,B,0.34368540005,block,1.3997396230697632,0.875,0.125,0.375,1.78125,3.625,3.7460712591807046,1772,0.5575620767494357,1368,0.3048245614035088,1468,0.06948228882833787,0.3470906239968759,0.355295543317442,0.3296304411358303,0.3853916856977673,0.3270399305555556,0.2958622685185185,-0.031177662037037,False,0.3270399305555556,0.3296304411358303,0.3853916856977673,0.0,-0.8077428685648608,-0.6894343378912093,-0.314895748146437,0.9069938705720607,0.1973193369133581,-0.9518503931064709,-0.7485886032280351
13824,4.101366802498147,0.35529554331744206,0.3470906239968759,0.29586226851851855,0.7041377314814814,0.13975694444444445,0.15610532407407407,0.47237163814180927,-0.05711986497044563,0.0,-1.375,-0.625,0.5,1.25,-0.05711986497044563,0.0,589.8512573242188,346.19891357421875,-8.03715520305559e-05,0.0015549742383882403,r3_s143000_l7,3,143000,7,B,0.34368540005,noise,1.3997396230697632,0.875,0.125,0.375,1.78125,3.625,3.7460712591807046,5316,0.5156132430398797,4104,0.25292397660818716,4404,0.07061762034514078,0.3470906239968759,0.355295543317442,0.3296304411358303,0.3853916856977673,0.3270399305555556,0.2958622685185185,-0.031177662037037,False,0.2958622685185185,0.3470906239968759,0.355295543317442,1.0,-0.7620971784770536,-0.7671659743886875,-0.314895748146437,1.127619796197542,0.3784243366942502,-1.2576136346632707,-0.7646315764328706
4608,4.229067219628228,0.4829959604475236,0.46599528855747646,0.3513454861111111,0.6486545138888888,0.14713541666666666,0.20421006944444445,0.41877702285361335,-0.0255262590944767,0.0,-1.5,-0.75,0.75,1.5,-0.0255262590944767,0.0,556.3225708007812,360.7276611328125,8.030945537029766e-06,0.001678609405644238,r3_s143000_l8,3,143000,8,A,0.430339887499,block,1.3997396230697632,0.875,0.125,0.375,1.78125,3.625,3.7460712591807046,1772,0.5699774266365688,1368,0.3260233918128655,1468,0.11103542234332425,0.4732493382913095,0.470776496110139,0.4659952885574765,0.4829959604475231,0.3513454861111111,0.3539496527777778,0.0026041666666666,True,0.3513454861111111,0.4659952885574765,0.4829959604475231,0.0,-0.4512478871654025,-0.43734422250128113,-0.314895748146437,1.3692708937801978,0.28017097026684257,-1.0651871361760297,-0.4442960548333418
13824,4.216847755290844,0.47077649611013905,0.4732493382913095,0.3539496527777778,0.6460503472222222,0.1472800925925926,0.20666956018518517,0.4161046392806049,-0.0627848282456398,0.0,-1.625,-0.75,0.75,1.5,-0.0627848282456398,0.0,717.8114624023438,464.96771240234375,-6.640998617513105e-05,0.00149042927660048,r3_s143000_l8,3,143000,8,A,0.430339887499,noise,1.3997396230697632,0.875,0.125,0.375,1.78125,3.625,3.7460712591807046,5316,0.5803235515425131,4104,0.32821637426900585,4404,0.10467756584922798,0.4732493382913095,0.470776496110139,0.4659952885574765,0.4829959604475231,0.3513454861111111,0.3539496527777778,0.0026041666666666,True,0.3539496527777778,0.4732493382913095,0.470776496110139,1.0,-0.4322838185375293,-0.4689043788849244,-0.314895748146437,1.084289997168259,0.7534023695759944,-1.3580717912498546,-0.45059409871122685
4608,4.146947542826335,0.4008762836456303,0.3501909176508586,0.310546875,0.689453125,0.1388888888888889,0.1716579861111111,0.4472396925227114,-0.0809461772441864,0.0,-1.375,-0.625,0.5,1.25,-0.0809461772441864,0.0,490.2108154296875,316.282958984375,-0.00011319605255266652,0.0016594813205301762,r3_s143000_l9,3,143000,9,B,0.391649440013,block,1.3997396230697632,0.875,0.125,0.375,1.78125,3.625,3.7460712591807046,1772,0.5327313769751693,1368,0.2843567251461988,1468,0.0667574931880109,0.3709440959824456,0.3727572670689336,0.3501909176508586,0.4008762836456299,0.310546875,0.314453125,0.00390625,True,0.310546875,0.3501909176508586,0.4008762836456299,0.0,-0.7539921635160353,-0.6494410681962968,-0.314895748146437,0.9453786637702994,0.08643530092904947,-1.0949581998867577,-0.7017166158561661
13824,4.118828526249638,0.37275726706893364,0.3709440959824456,0.314453125,0.685546875,0.1484375,0.166015625,0.4720496894409938,-0.0472276471555233,0.0,-1.375,-0.625,0.625,1.25,-0.0472276471555233,0.0,683.9708251953125,467.895263671875,-6.93232286721468e-05,0.001347426907159388,r3_s143000_l9,3,143000,9,B,0.391649440013,noise,1.3997396230697632,0.875,0.125,0.375,1.78125,3.625,3.7460712591807046,5316,0.5440180586907449,4104,0.2743664717348928,4404,0.07470481380563125,0.3709440959824456,0.3727572670689336,0.3501909176508586,0.4008762836456299,0.310546875,0.314453125,0.00390625,True,0.314453125,0.3709440959824456,0.3727572670689336,1.0,-0.6997376832508789,-0.7220662288426394,-0.314895748146437,1.2032827421077759,0.6542348544597918,-1.5806415166577625,-0.7109019560467591
4608,4.802545600467258,1.0564743412865538,0.9711381859249539,0.4837239583333333,0.5162760416666667,0.1642795138888889,0.3194444444444444,0.3396141767608793,-0.4423285722732544,-0.375,-2.375,-1.375,0.5,1.375,-0.4423285722732544,0.0,1433.0538330078125,1112.547119140625,-0.00026540024555288255,0.0007656016969121993,r3_s143000_l10,3,143000,10,A,0.78055982873,block,1.3997396230697632,0.875,0.125,0.375,1.78125,3.625,3.7460712591807046,1772,0.6693002257336343,1368,0.5153508771929824,1468,0.23024523160762944,1.00735471645991,1.0224278502994113,0.971138185924954,1.0564743412865532,0.4837239583333333,0.5070891203703703,0.023365162037037,True,0.4837239583333333,0.971138185924954,1.0564743412865532,0.0,0.869333708502499,1.0438227814029404,-0.314895748146437,-1.81873926403635,2.8493678847888435,-2.4861976818194855,0.9565782449527197
13824,4.768499109480116,1.0224278502994113,1.0073547164599101,0.5070891203703703,0.49291087962962965,0.13700810185185186,0.37008101851851855,0.27018544935805994,-0.05701135843992233,0.0,-2.5,-1.125,1.125,2.375,-0.05701135843992233,0.0,2286.59326171875,2025.5567626953125,-4.795101995114237e-05,0.0006044576875865459,r3_s143000_l10,3,143000,10,A,0.78055982873,noise,1.3997396230697632,0.875,0.125,0.375,1.78125,3.625,3.7460712591807046,5316,0.7106847253574116,4104,0.5314327485380117,4404,0.23864668483197093,1.00735471645991,1.0224278502994113,0.971138185924954,1.0564743412865532,0.4837239583333333,0.5070891203703703,0.023365162037037,True,0.5070891203703703,1.00735471645991,1.0224278502994113,1.0,0.9640136177571966,0.9558882737845393,-0.314895748146437,1.1284497338215909,5.350602825523942,-2.7370031618050072,0.9599509457708679
4608,4.544235335456,0.6223869323730469,0.6387513412369622,0.4190538194444444,0.5809461805555556,0.13932291666666666,0.2797309027777778,0.3324702226825479,-0.07867208868265152,-0.0390625,-1.9375,-0.859375,0.7578125,1.7578125,-0.07867208868265152,0.0,260.0692138671875,239.15142822265625,-0.00014159781858325005,0.0031564508099108934,r5_s14000_l1,5,14000,1,A,0.631372890605,block,1.3462117910385132,0.7890625,0.109375,0.3203125,1.734375,3.453125,3.9218484030829535,1546,0.6571798188874515,1528,0.43848167539267013,1534,0.15971316818774445,0.637866806100916,0.622766229841444,0.6387513412369622,0.622386932373047,0.4190538194444444,0.4202835648148148,0.0012297453703704,True,0.4190538194444444,0.6387513412369622,0.622386932373047,0.0,0.00038365095518386617,-0.07732836984409709,-1.4414416286308107,0.9627725629995438,-0.5879778495146518,1.2349338816058633,-0.038472359444456615
13824,4.5446146329243975,0.622766229841444,0.637866806100916,0.4202835648148148,0.5797164351851851,0.1476417824074074,0.2726417824074074,0.3512908777969019,-0.24776898324489594,-0.1640625,-2.0234375,-1.0234375,0.6015625,1.4375,-0.24776898324489594,0.0,264.7861022949219,258.13134765625,-0.0006016910774633288,0.0029302928596735,r5_s14000_l1,5,14000,1,A,0.631372890605,noise,1.3462117910385132,0.7890625,0.109375,0.3203125,1.734375,3.453125,3.9218484030829535,4638,0.6472617507546357,4584,0.4397905759162304,4602,0.17209908735332463,0.637866806100916,0.622766229841444,0.6387513412369622,0.622386932373047,0.4190538194444444,0.4202835648148148,0.0012297453703704,True,0.4202835648148148,0.637866806100916,0.622766229841444,1.0,-0.0019287656450925493,-0.07634872891320041,-1.4414416286308107,-0.3306046579863723,-0.5741553525682409,0.8829403231782371,-0.03913874727914648
4608,4.450679885016547,0.5288314819335938,0.5554652412732443,0.4055989583333333,0.5944010416666667,0.14366319444444445,0.2619357638888889,0.35420010700909577,-0.13523779809474945,-0.09375,-1.7890625,-0.8828125,0.65625,1.478906273841858,-0.13523779809474945,0.0,249.11248779296875,239.84066772460938,-0.0003059789596591145,0.0029668735805898905,r5_s14000_l2,5,14000,2,A,0.602549156242,block,1.3462117910385132,0.7890625,0.109375,0.3203125,1.734375,3.453125,3.9218484030829535,1546,0.6565329883570504,1528,0.4181937172774869,1534,0.14015645371577576,0.5433142968901882,0.5390104717678499,0.5554652412732443,0.5288314819335939,0.4055989583333333,0.3995949074074074,-0.0060040509259259,False,0.4055989583333333,0.5554652412732443,0.5288314819335939,0.0,-0.2173489774955556,-0.3189612732912634,-1.4414416286308107,0.5301164800364964,-0.6200857348343591,0.9398747714772789,-0.26815512539340947
13824,4.460858874850803,0.5390104717678499,0.5433142968901882,0.3995949074074074,0.6004050925925926,0.1478587962962963,0.2517361111111111,0.37002172338884864,-0.23919609189033508,-0.15625,-1.9636719226837158,-0.9375,0.5625,1.3671875,-0.23919609189033508,0.0,245.7488250732422,237.85546875,-0.0006075951387174428,0.0030073015950620174,r5_s14000_l2,5,14000,2,A,0.602549156242,noise,1.3462117910385132,0.7890625,0.109375,0.3203125,1.734375,3.453125,3.9218484030829535,4638,0.6228978007761966,4584,0.41492146596858637,4602,0.15927857453281183,0.5433142968901882,0.5390104717678499,0.5554652412732443,0.5288314819335939,0.4055989583333333,0.3995949074074074,-0.0060040509259259,False,0.3995949074074074,0.5433142968901882,0.5390104717678499,1.0,-0.2491148671198036,-0.2926712083484167,-1.4414416286308107,-0.2650328896538993,-0.6299427027030075,1.0027971700012759,-0.27089303773411016
4608,4.37302663591173,0.45117823282877634,0.4578365882237752,0.3797743055555556,0.6202256944444444,0.150390625,0.22938368055555555,0.396,-0.17180930078029633,-0.125,-1.671875,-0.830078125,0.5546875,1.2734375,-0.17180930078029633,0.0,223.68873596191406,216.36529541015625,-0.00048800266813486814,0.0029814105946570635,r5_s14000_l3,5,14000,3,A,0.543941998153,block,1.3462117910385132,0.7890625,0.109375,0.3203125,1.734375,3.453125,3.9218484030829535,1546,0.6261319534282018,1528,0.38089005235602097,1534,0.1303780964797914,0.4524185028341081,0.456472149601689,0.4578365882237752,0.4511782328287761,0.3797743055555556,0.3708043981481481,-0.0089699074074074,False,0.3797743055555556,0.4578365882237752,0.4511782328287761,0.0,-0.47257695971379365,-0.5195223304521869,-1.4414416286308107,0.2503907722808154,-0.6945881822496475,0.9625002653192842,-0.49604964508299026
13824,4.3783205526846425,0.456472149601689,0.4524185028341081,0.37080439814814814,0.6291956018518519,0.15321180555555555,0.2175925925925926,0.4131876706984003,-0.21079705655574799,-0.140625,-1.8125,-0.8671875,0.5546875,1.3046875,-0.21079705655574799,0.0,231.86038208007812,220.54429626464844,-0.0005413565086200833,0.003001687116920948,r5_s14000_l3,5,14000,3,A,0.543941998153,noise,1.3462117910385132,0.7890625,0.109375,0.3203125,1.734375,3.453125,3.9218484030829535,4638,0.6032772746873653,4584,0.3699825479930192,4602,0.1373315949587136,0.4524185028341081,0.456472149601689,0.4578365882237752,0.4511782328287761,0.3797743055555556,0.3708043981481481,-0.0089699074074074,False,0.3708043981481481,0.4524185028341081,0.456472149601689,1.0,-0.4867413157537172,-0.5058493218306913,-1.4414416286308107,-0.047816213411459106,-0.6706417702778623,0.9940587633367536,-0.49629531879220423
4608,4.480895519256592,0.5590471161736383,0.6056164900461832,0.4314236111111111,0.5685763888888888,0.14453125,0.2868923611111111,0.335010060362173,-0.23244625329971313,-0.15625,-1.96875,-0.9765625,0.609375,1.4140625,-0.23244625329971313,0.0,260.9914855957031,251.12533569335938,-0.00054353749146685,0.0029458622448146343,r5_s14000_l4,5,14000,4,A,0.482595788767,block,1.3462117910385132,0.7890625,0.109375,0.3203125,1.734375,3.453125,3.9218484030829535,1546,0.6675291073738681,1528,0.4587696335078534,1534,0.16623207301173404,0.5859072638882531,0.5757453000103983,0.6056164900461832,0.5590471161736382,0.4314236111111111,0.3991608796296296,-0.0322627314814814,False,0.4314236111111111,0.6056164900461832,0.5590471161736382,0.0,-0.08623990623185336,-0.24092101591850157,-1.4414416286308107,-0.21340516756567038,-0.5852751995905595,0.9071726054066773,-0.16358046107517746
13824,4.497593703093352,0.5757453000103983,0.5859072638882531,0.39916087962962965,0.6008391203703703,0.1476417824074074,0.2515190972222222,0.3698803914461761,-0.15507128834724426,-0.09375,-1.921875,-0.90625,0.6953125,1.5625,-0.15507128834724426,0.0,279.3651428222656,261.56329345703125,-0.0003109040262643248,0.0028005109634250402,r5_s14000_l4,5,14000,4,A,0.482595788767,noise,1.3462117910385132,0.7890625,0.109375,0.3203125,1.734375,3.453125,3.9218484030829535,4638,0.6235446313065977,4584,0.39528795811518325,4602,0.17687961755758366,0.5859072638882531,0.5757453000103983,0.6056164900461832,0.5590471161736382,0.4314236111111111,0.3991608796296296,-0.0322627314814814,False,0.3991608796296296,0.5859072638882531,0.5757453000103983,1.0,-0.13776521018972437,-0.1977933240115283,-1.4414416286308107,0.3784153824401686,-0.5314325393708967,0.6809470196838056,-0.16777926710062635
4608,4.228646251890394,0.30679784880744077,0.26219591829511857,0.2866753472222222,0.7133246527777778,0.13953993055555555,0.14713541666666666,0.4867524602573808,-0.09040885418653488,-0.0390625,-1.291406273841858,-0.6015625,0.484375,1.0390625,-0.09040885418653488,0.0,169.29510498046875,157.03402709960938,-0.0002828192082233727,0.0032180144917219877,r5_s14000_l5,5,14000,5,B,0.341539469398,block,1.3462117910385132,0.7890625,0.109375,0.3203125,1.734375,3.453125,3.9218484030829535,1546,0.5168175937904269,1528,0.2696335078534031,1534,0.07170795306388526,0.2821061522872359,0.2820330019350408,0.2621959182951185,0.3067978488074406,0.2866753472222222,0.2887731481481481,0.0020978009259259,True,0.2866753472222222,0.2621959182951185,0.3067978488074406,0.0,-0.9840351419793423,-0.892424723931338,-1.4414416286308107,0.8730011618743253,-0.8539847441281238,1.3307519565744708,-0.9382299329553401
13824,4.203881405017994,0.2820330019350408,0.28210615228723596,0.28877314814814814,0.7112268518518519,0.14055266203703703,0.1482204861111111,0.48672344689378755,-0.0932822898030281,-0.046875,-1.28125,-0.5859375,0.46875,1.078125,-0.0932822898030281,0.0,202.0760498046875,184.7264404296875,-0.00022786896442994475,0.002639825688675046,r5_s14000_l5,5,14000,5,B,0.341539469398,noise,1.3462117910385132,0.7890625,0.109375,0.3203125,1.734375,3.453125,3.9218484030829535,4638,0.5336351875808538,4584,0.2580715532286213,4602,0.07257714037375054,0.2821061522872359,0.2820330019350408,0.2621959182951185,0.3067978488074406,0.2866753472222222,0.2887731481481481,0.0020978009259259,True,0.2887731481481481,0.2821061522872359,0.2820330019350408,1.0,-0.9319843486049199,-0.9563868108551264,-1.4414416286308107,0.8510230162557259,-0.7579225801242001,0.4308555168787917,-0.9441855797300232
4608,4.2157619264390735,0.2939135233561201,0.24174278808964622,0.2903645833333333,0.7096354166666667,0.14453125,0.14583333333333334,0.4977578475336323,-0.07839075475931168,-0.0546875,-1.3125,-0.6298828125,0.5,1.135156273841858,-0.07839075475931168,0.0,178.32586669921875,170.78634643554688,-0.00023670810332987458,0.0030205342918634415,r5_s14000_l6,5,14000,6,C,0.359720085635,block,1.3462117910385132,0.7890625,0.109375,0.3203125,1.734375,3.453125,3.9218484030829535,1546,0.5426908150064683,1528,0.2709424083769634,1534,0.05541069100391134,0.2642236909380666,0.2599025037553577,0.2417427880896462,0.2939135233561196,0.2903645833333333,0.2775607638888889,-0.0128038194444444,False,0.2903645833333333,0.2417427880896462,0.2939135233561196,0.0,-1.0375052144358832,-0.9257020685770748,-1.4414416286308107,0.9649244114346102,-0.8275207566512895,1.0233926168110736,-0.981603641506479
13824,4.181750906838311,0.2599025037553577,0.2642236909380666,0.2775607638888889,0.7224392361111112,0.13708043981481483,0.14048032407407407,0.49387542350794894,-0.07542675733566284,-0.03125,-1.1953125,-0.5625,0.46875,1.0390625,-0.07542675733566284,0.0,199.36085510253906,181.60614013671875,-0.00018751576135400683,0.002559519372880459,r5_s14000_l6,5,14000,6,C,0.359720085635,noise,1.3462117910385132,0.7890625,0.109375,0.3203125,1.734375,3.453125,3.9218484030829535,4638,0.5286761535144459,4584,0.23276614310645724,4602,0.06910039113428944,0.2642236909380666,0.2599025037553577,0.2417427880896462,0.2939135233561196,0.2903645833333333,0.2775607638888889,-0.0128038194444444,False,0.2775607638888889,0.2642236909380666,0.2599025037553577,1.0,-0.9787339900747398,-1.0135449615002328,-1.4414416286308107,0.9875952402557581,-0.7658792598409991,0.3058662965967818,-0.9961394757874863
4608,4.333664152357313,0.4118157492743597,0.2942386203342014,0.3348524305555556,0.6651475694444444,0.15950520833333334,0.1753472222222222,0.4763447828904731,-0.10501819103956223,-0.0546875,-1.6015625,-0.7421875,0.5703125,1.3203125,-0.10501819103956223,0.0,190.36366271972656,184.65577697753906,-0.0003518355661071837,0.0033683290239423513,r5_s14000_l7,5,14000,7,C,0.434405196877,block,1.3462117910385132,0.7890625,0.109375,0.3203125,1.734375,3.453125,3.9218484030829535,1546,0.5815006468305304,1528,0.33049738219895286,1534,0.09061277705345502,0.3426522789178071,0.3153805909333407,0.2942386203342014,0.4118157492743599,0.3348524305555556,0.3170572916666667,-0.0177951388888888,False,0.3348524305555556,0.2942386203342014,0.4118157492743599,0.0,-0.9002667611730293,-0.6211868635549428,-1.4414416286308107,0.7612582256818439,-0.7922448748312676,1.5647023749616713,-0.7607268123639861
13824,4.237228994016294,0.3153805909333407,0.34265227891780714,0.3170572916666667,0.6829427083333333,0.14402488425925927,0.1730324074074074,0.4542550764316678,-0.07308769226074219,-0.0390625,-1.3828125,-0.6328125,0.5546875,1.25,-0.07308769226074219,0.0,229.59100341796875,212.9123077392578,-0.00013757921988144517,0.002562480280175805,r5_s14000_l7,5,14000,7,C,0.434405196877,noise,1.3462117910385132,0.7890625,0.109375,0.3203125,1.734375,3.453125,3.9218484030829535,4638,0.5644674428633032,4584,0.2931937172774869,4602,0.09148196436332029,0.3426522789178071,0.3153805909333407,0.2942386203342014,0.4118157492743599,0.3348524305555556,0.3170572916666667,-0.0177951388888888,False,0.3170572916666667,0.3426522789178071,0.3153805909333407,1.0,-0.773700225569642,-0.8702574115013512,-1.4414416286308107,1.005486127572985,-0.6772920186583024,0.3104746700542227,-0.8219788185354966
4608,4.185534715652466,0.26368631256951236,0.28133611877759296,0.3092447916666667,0.6907552083333333,0.14388020833333334,0.16536458333333334,0.4652631578947368,-0.06547334790229797,-0.046875,-1.322656273841858,-0.6484375,0.515625,1.203125,-0.06547334790229797,0.0,209.38279724121094,200.53079223632812,-0.00019573209283407778,0.0026808888651430607,r5_s14000_l8,5,14000,8,A,0.408687082529,block,1.3462117910385132,0.7890625,0.109375,0.3203125,1.734375,3.453125,3.9218484030829535,1546,0.5685640362225097,1528,0.2912303664921466,1534,0.06584093872229466,0.2790945569674174,0.2653562051278575,0.2813361187775929,0.2636863125695119,0.3092447916666667,0.2949942129629629,-0.0142505787037037,False,0.3092447916666667,0.2813361187775929,0.2636863125695119,0.0,-0.933997426659034,-1.0037722255927202,-1.4414416286308107,1.0637262245981212,-0.7365106905540132,0.4947664852535316,-0.9688848261258771
13824,4.187204608210811,0.2653562051278575,0.2790945569674174,0.29499421296296297,0.705005787037037,0.1431568287037037,0.15183738425925927,0.48528690534575775,-0.044065624475479126,-0.015625,-1.2734375,-0.5859375,0.5546875,1.177343726158142,-0.044065624475479126,0.0,212.9095001220703,198.8028564453125,-7.106121483957395e-05,0.002548990771174431,r5_s14000_l8,5,14000,8,A,0.408687082529,noise,1.3462117910385132,0.7890625,0.109375,0.3203125,1.734375,3.453125,3.9218484030829535,4638,0.55627425614489,4584,0.26767015706806285,4602,0.058887440243372446,0.2790945569674174,0.2653562051278575,0.2813361187775929,0.2636863125695119,0.3092447916666667,0.2949942129629629,-0.0142505787037037,False,0.2949942129629629,0.2790945569674174,0.2653562051278575,1.0,-0.9398574818780553,-0.9994592648253634,-1.4414416286308107,1.2274682135039081,-0.7261759454040221,0.2894795192321928,-0.9696583733517093
4608,4.217932992511326,0.29608458942837235,0.2373635487424003,0.2860243055555556,0.7139756944444444,0.13736979166666666,0.1486545138888889,0.4802731411229135,-0.0290510393679142,-0.0390625,-1.189843773841858,-0.578125,0.515625,1.1484375,-0.0290510393679142,0.0,186.1506805419922,176.87014770507812,-9.120741742663085e-05,0.002859684405848384,r5_s14000_l9,5,14000,9,C,0.41622458064,block,1.3462117910385132,0.7890625,0.109375,0.3203125,1.734375,3.453125,3.9218484030829535,1546,0.5459249676584734,1528,0.25785340314136124,1534,0.05215123859191656,0.2708743501592565,0.2414543187176736,0.2373635487424002,0.2960845894283719,0.2860243055555556,0.2829137731481481,-0.0031105324074074,False,0.2860243055555556,0.2373635487424002,0.2960845894283719,0.0,-1.048953742991142,-0.9200946881823489,-1.4414416286308107,1.3423107859293322,-0.8045907113247944,0.7730449120689353,-0.9845242155867454
13824,4.163302721800627,0.24145431871767364,0.27087435015925654,0.28291377314814814,0.7170862268518519,0.1371527777777778,0.14576099537037038,0.48478649961646636,-0.027998507022857666,0.0,-1.2421875,-0.578125,0.578125,1.1875,-0.027998507022857666,0.0,214.0182647705078,202.32073974609375,-2.725050217122771e-05,0.0025177758652716875,r5_s14000_l9,5,14000,9,C,0.41622458064,noise,1.3462117910385132,0.7890625,0.109375,0.3203125,1.734375,3.453125,3.9218484030829535,4638,0.5332039672272532,4584,0.25392670157068065,4602,0.0595393307257714,0.2708743501592565,0.2414543187176736,0.2373635487424002,0.2960845894283719,0.2860243055555556,0.2829137731481481,-0.0031105324074074,False,0.2829137731481481,0.2708743501592565,0.2414543187176736,1.0,-0.9613473491611821,-1.0611925169665077,-1.4414416286308107,1.3503613262007617,-0.7229267916022907,0.24089645684965508,-1.0112699330638448
4608,4.131868733300103,0.21002033021714972,0.25726069344414604,0.294921875,0.705078125,0.14973958333333334,0.14518229166666666,0.5077262693156733,-0.0328638032078743,-0.0234375,-1.296875,-0.6015625,0.5390625,1.1953125,-0.0328638032078743,0.0,203.59564208984375,196.64671325683594,-7.831381662981585e-05,0.0027338957879692316,r5_s14000_l10,5,14000,10,B,0.396264602468,block,1.3462117910385132,0.7890625,0.109375,0.3203125,1.734375,3.453125,3.9218484030829535,1546,0.5504527813712807,1528,0.2768324607329843,1534,0.05541069100391134,0.2407900089467013,0.2216977013481988,0.257260693444146,0.2100203302171495,0.294921875,0.2813223379629629,-0.013599537037037,False,0.294921875,0.257260693444146,0.2100203302171495,0.0,-0.9969371685992197,-1.142379512193708,-1.4414416286308107,1.313147968289367,-0.7534695259459713,0.5772667704183796,-1.069658340396464
13824,4.143546104431152,0.22169770134819888,0.24079000894670133,0.28132233796296297,0.718677662037037,0.14113136574074073,0.1401909722222222,0.5016713808176909,-0.048981569707393646,-0.03125,-1.203125,-0.6015625,0.515625,1.09375,-0.048981569707393646,0.0,203.59060668945312,197.22216796875,-0.00014052145706955343,0.0025131807196885347,r5_s14000_l10,5,14000,10,B,0.396264602468,noise,1.3462117910385132,0.7890625,0.109375,0.3203125,1.734375,3.453125,3.9218484030829535,4638,0.536869340232859,4584,0.25959860383944156,4602,0.04541503694046067,0.2407900089467013,0.2216977013481988,0.257260693444146,0.2100203302171495,0.294921875,0.2813223379629629,-0.013599537037037,False,0.2813223379629629,0.2407900089467013,0.2216977013481988,1.0,-1.0399960395221437,-1.1122194618944297,-1.4414416286308107,1.1898674544891876,-0.7534842818189561,0.2337445453488252,-1.0761077507082866
4608,4.592595312330458,0.861114184061686,0.8380605710877312,0.4503038194444444,0.5496961805555556,0.1310763888888889,0.3192274305555556,0.2910843373493976,-0.2515600025653839,-0.15625,-2.2210936546325684,-1.0625,0.65625,1.71875,-0.2515600025653839,0.0,319.5752258300781,287.4126281738281,-0.0005187993519939482,0.0028043310157954693,r5_s72000_l1,5,72000,1,A,0.675681457476,block,1.4205365180969238,0.828125,0.1171875,0.328125,1.861328125,3.6898436546325684,3.7314811282687717,1552,0.6823453608247423,1523,0.45436638214051217,1533,0.21135029354207435,0.8391068445311652,0.859731744836878,0.8380605710877312,0.8611141840616862,0.4503038194444444,0.4691840277777778,0.0188802083333333,True,0.4503038194444444,0.8380605710877312,0.8611141840616862,0.0,0.5214324515210076,0.539250981615712,0.12279536562846671,-0.35960115757396105,-0.4135998286537211,0.6868925715683879,0.5303417165683598
13824,4.59121287310565,0.859731744836878,0.8391068445311652,0.4691840277777778,0.5308159722222222,0.14655671296296297,0.3226273148148148,0.3123650940487203,-0.3603777587413788,-0.265625,-2.354296922683716,-1.1953125,0.5625,1.484375,-0.3603777587413788,0.0,328.6590270996094,316.6477355957031,-0.0007391959661617875,0.002639260608702898,r5_s72000_l1,5,72000,1,A,0.675681457476,noise,1.4205365180969238,0.828125,0.1171875,0.328125,1.861328125,3.6898436546325684,3.7314811282687717,4656,0.6808419243986255,4569,0.4972641715911578,4599,0.22700587084148727,0.8391068445311652,0.859731744836878,0.8380605710877312,0.8611141840616862,0.4503038194444444,0.4691840277777778,0.0188802083333333,True,0.4691840277777778,0.8391068445311652,0.859731744836878,1.0,0.5241676962619227,0.5356804488230148,0.12279536562846671,-1.19191926395423,-0.3869804126481131,0.42997602310028976,0.5299240725424688
4608,4.510718822479248,0.7792376942104764,0.7998163170284696,0.4576822916666667,0.5423177083333333,0.1430121527777778,0.3146701388888889,0.31247036510194404,-0.24156782031059265,-0.15625,-2.234375,-1.09375,0.6953125,1.666406273841858,-0.24156782031059265,0.0,327.4373474121094,312.162109375,-0.00044569134479388595,0.002669737907126546,r5_s72000_l2,5,72000,2,A,0.66755083872,block,1.4205365180969238,0.828125,0.1171875,0.328125,1.861328125,3.6898436546325684,3.7314811282687717,1552,0.6726804123711341,1523,0.5042678923177938,1533,0.19373776908023482,0.7851884696218703,0.7929579416910806,0.7998163170284696,0.7792376942104763,0.4576822916666667,0.4521122685185185,-0.0055700231481481,False,0.4576822916666667,0.7998163170284696,0.7792376942104763,0.0,0.42145151877126397,0.3277822336819505,0.12279536562846671,-0.28317361022163806,-0.3905604557228381,0.4774110688819646,0.3746168762266072
13824,4.524439069959852,0.7929579416910806,0.7851884696218703,0.45211226851851855,0.5478877314814814,0.1404079861111111,0.3117042824074074,0.31056,-0.3124302327632904,-0.203125,-2.28125,-1.140625,0.625,1.5703125,-0.3124302327632904,0.0,316.9330749511719,302.21795654296875,-0.0006084495689719915,0.0027336720377206802,r5_s72000_l2,5,72000,2,A,0.66755083872,noise,1.4205365180969238,0.828125,0.1171875,0.328125,1.861328125,3.6898436546325684,3.7314811282687717,4656,0.664733676975945,4569,0.46552856204858833,4599,0.22352685366383995,0.7851884696218703,0.7929579416910806,0.7998163170284696,0.7792376942104763,0.4576822916666667,0.4521122685185185,-0.0055700231481481,False,0.4521122685185185,0.7851884696218703,0.7929579416910806,1.0,0.38321032767451835,0.3632185788567045,0.12279536562846671,-0.825181376406197,-0.42134245878270643,0.5769185242209588,0.3732144532656114
4608,4.214049206839667,0.4825680785708957,0.539216568072637,0.3947482638888889,0.6052517361111112,0.14735243055555555,0.24739583333333334,0.37328202308960967,-0.1915859580039978,-0.1328125,-1.853906273841858,-0.9375,0.625,1.4765625,-0.1915859580039978,0.0,279.5439758300781,266.13323974609375,-0.00041251469519920647,0.002676001749932766,r5_s72000_l3,5,72000,3,B,0.472912360003,block,1.4205365180969238,0.828125,0.1171875,0.328125,1.861328125,3.6898436546325684,3.7314811282687717,1552,0.6359536082474226,1523,0.4169402495075509,1533,0.12850619699934768,0.4954400261243184,0.5125466894220421,0.539216568072637,0.4825680785708955,0.3947482638888889,0.3641493055555556,-0.0305989583333333,False,0.3947482638888889,0.539216568072637,0.4825680785708955,0.0,-0.25982745021004844,-0.4384493461439591,0.12279536562846671,0.09912437542237651,-0.5309084823061013,0.48716015051486017,-0.34913839817700376
13824,4.244027817690814,0.5125466894220421,0.4954400261243184,0.3641493055555556,0.6358506944444444,0.1486545138888889,0.21549479166666666,0.40822407628128726,-0.20625561475753784,-0.125,-1.8125,-0.84375,0.5625,1.3125,-0.20625561475753784,0.0,263.8812561035156,245.5550079345703,-0.000452842767117545,0.002655413933098316,r5_s72000_l3,5,72000,3,B,0.472912360003,noise,1.4205365180969238,0.828125,0.1171875,0.328125,1.861328125,3.6898436546325684,3.7314811282687717,4656,0.6007302405498282,4569,0.3482162398774349,4599,0.14046531854751032,0.4954400261243184,0.5125466894220421,0.539216568072637,0.4825680785708955,0.3947482638888889,0.3641493055555556,-0.0305989583333333,False,0.3641493055555556,0.4954400261243184,0.5125466894220421,1.0,-0.37427129554610944,-0.3610212674243418,0.12279536562846671,-0.01307993166338609,-0.5768069382288523,0.4551171518044131,-0.3676462814852256
4608,4.4899163246154785,0.7584351963467069,0.7240708205435011,0.4474826388888889,0.5525173611111112,0.14518229166666666,0.3023003472222222,0.32444228903976724,-0.29125723242759705,-0.171875,-2.265625,-1.03125,0.5859375,1.484375,-0.29125723242759705,0.0,298.7667541503906,281.66473388671875,-0.0005940643604844809,0.002764410339295864,r5_s72000_l4,5,72000,4,A,0.418143959365,block,1.4205365180969238,0.828125,0.1171875,0.328125,1.861328125,3.6898436546325684,3.7314811282687717,1552,0.6643041237113402,1523,0.4583059750492449,1533,0.2172211350293542,0.737617329314903,0.7425995226259583,0.7240708205435012,0.7584351963467068,0.4474826388888889,0.4204282407407407,-0.0270543981481481,False,0.4474826388888889,0.7240708205435012,0.7584351963467068,0.0,0.22343208875637582,0.2740540122457319,0.12279536562846671,-0.6632347220633955,-0.4745775347535262,0.6247597968364617,0.24874305050105386
13824,4.47408065089473,0.7425995226259583,0.737617329314903,0.42042824074074076,0.5795717592592593,0.14076967592592593,0.2796585648148148,0.33482450103234684,-0.2139526605606079,-0.109375,-2.1875,-0.984375,0.7109375,1.6640625,-0.2139526605606079,0.0,328.2091369628906,308.1136474609375,-0.00034124183002859354,0.00259344931691885,r5_s72000_l4,5,72000,4,A,0.418143959365,noise,1.4205365180969238,0.828125,0.1171875,0.328125,1.861328125,3.6898436546325684,3.7314811282687717,4656,0.6346649484536082,4569,0.4189100459619173,4599,0.2050445749075886,0.737617329314903,0.7425995226259583,0.7240708205435012,0.7584351963467068,0.4474826388888889,0.4204282407407407,-0.0270543981481481,False,0.4204282407407407,0.737617329314903,0.7425995226259583,1.0,0.2588463651171758,0.23315399197740094,0.12279536562846671,-0.07195259006641537,-0.38829878282715974,0.3586750602364728,0.24600017854728837
4608,4.073492738935682,0.34201161066691066,0.283903310696284,0.2977430555555556,0.7022569444444444,0.1388888888888889,0.15885416666666666,0.46647230320699706,-0.08918508142232895,-0.0625,-1.4609375,-0.6875,0.5625,1.2265625,-0.08918508142232895,0.0,199.15093994140625,188.3740234375,-0.0002479309041518718,0.002998183248564601,r5_s72000_l5,5,72000,5,B,0.275168261271,block,1.4205365180969238,0.828125,0.1171875,0.328125,1.861328125,3.6898436546325684,3.7314811282687717,1552,0.5425257731958762,1523,0.2843072882468812,1533,0.06327462491846053,0.3084531867945635,0.3094675982439958,0.283903310696284,0.3420116106669106,0.2977430555555556,0.2810329861111111,-0.0167100694444444,False,0.2977430555555556,0.283903310696284,0.3420116106669106,0.0,-0.9272860853375218,-0.8014754154791545,0.12279536562846671,0.882361474616818,-0.766494400885401,0.9886053221036775,-0.8643807504083381
13824,4.0409487265127675,0.30946759824399583,0.30845318679456357,0.2810329861111111,0.7189670138888888,0.13447627314814814,0.14655671296296297,0.4785070785070785,-0.11098936200141907,-0.0546875,-1.3125,-0.609375,0.4609375,1.046875,-0.11098936200141907,0.0,221.9845733642578,201.60772705078125,-0.000266005692537874,0.002411088440567255,r5_s72000_l5,5,72000,5,B,0.275168261271,noise,1.4205365180969238,0.828125,0.1171875,0.328125,1.861328125,3.6898436546325684,3.7314811282687717,4656,0.5249140893470791,4569,0.2442547603414314,4599,0.07066753642096107,0.3084531867945635,0.3094675982439958,0.283903310696284,0.3420116106669106,0.2977430555555556,0.2810329861111111,-0.0167100694444444,False,0.2810329861111111,0.3084531867945635,0.3094675982439958,1.0,-0.8631059994246626,-0.8855293554113742,0.12279536562846671,0.7155863254102787,-0.6995821062449211,0.07484752413792112,-0.8743176774180184
4608,4.0357804033491345,0.3042992750803628,0.3031642966800266,0.3153211805555556,0.6846788194444444,0.14561631944444445,0.1697048611111111,0.4618031658637302,-0.17099931836128235,-0.1328125,-1.5625,-0.7734375,0.46875,1.0859375,-0.17099931836128235,0.0,218.85430908203125,209.60211181640625,-0.000468888902105391,0.0027037973050028086,r5_s72000_l6,5,72000,6,A,0.295861376879,block,1.4205365180969238,0.828125,0.1171875,0.328125,1.861328125,3.6898436546325684,3.7314811282687717,1552,0.5689432989690721,1523,0.30400525279054497,1533,0.06979778212654925,0.3019549449284871,0.3055123576411493,0.3031642966800266,0.304299275080363,0.3153211805555556,0.2727141203703703,-0.0426070601851852,False,0.3153211805555556,0.3031642966800266,0.304299275080363,0.0,-0.8769326037046916,-0.8988779836966937,0.12279536562846671,0.25658611260840564,-0.7087551170433382,0.5304213152331707,-0.8879052937006926
13824,4.036993485909921,0.30551235764114937,0.3019549449284871,0.27271412037037035,0.7272858796296297,0.13093171296296297,0.1417824074074074,0.48010610079575594,-0.11502381414175034,-0.046875,-1.2890625,-0.578125,0.4609375,1.03125,-0.11502381414175034,0.0,221.16912841796875,201.74169921875,-0.00024121181922964752,0.0023806679528206587,r5_s72000_l6,5,72000,6,A,0.295861376879,noise,1.4205365180969238,0.828125,0.1171875,0.328125,1.861328125,3.6898436546325684,3.7314811282687717,4656,0.5173969072164949,4569,0.22827752243379296,4599,0.06914546640574037,0.3019549449284871,0.3055123576411493,0.3031642966800266,0.304299275080363,0.3153211805555556,0.2727141203703703,-0.0426070601851852,False,0.2727141203703703,0.3019549449284871,0.3055123576411493,1.0,-0.8800941797143607,-0.8957448614691044,0.12279536562846671,0.6847278728587354,-0.7019717080879015,0.027500898826767282,-0.8879195205917325
4608,4.3406859503851996,0.6092048221164279,0.4716065890259213,0.3845486111111111,0.6154513888888888,0.15733506944444445,0.22721354166666666,0.40914221218961627,-0.15215937793254852,-0.0390625,-2.09375,-0.9140625,0.7421875,1.625,-0.15215937793254852,0.0,247.2277069091797,240.20359802246094,-0.0003953163104597479,0.003296268405392766,r5_s72000_l7,5,72000,7,C,0.442535815633,block,1.4205365180969238,0.828125,0.1171875,0.328125,1.861328125,3.6898436546325684,3.7314811282687717,1552,0.6030927835051546,1523,0.40315167432698623,1533,0.14481409001956946,0.5238082982875683,0.5248868553726758,0.4716065890259213,0.609204822116428,0.3845486111111111,0.3548900462962963,-0.0296585648148148,False,0.3845486111111111,0.4716065890259213,0.609204822116428,0.0,-0.43657841410142667,-0.11137482635631195,0.12279536562846671,0.400687811568267,-0.6256089475221228,1.4525468061694207,-0.2739766202288693
13824,4.256367983641447,0.5248868553726758,0.5238082982875683,0.3548900462962963,0.6451099537037037,0.1380931712962963,0.216796875,0.38911536893599674,-0.13565494120121002,-0.0546875,-1.7734375,-0.796875,0.65625,1.4375,-0.13565494120121002,0.0,291.97027587890625,271.16461181640625,-0.00020936166401952505,0.002459963783621788,r5_s72000_l7,5,72000,7,C,0.442535815633,noise,1.4205365180969238,0.828125,0.1171875,0.328125,1.861328125,3.6898436546325684,3.7314811282687717,4656,0.5856958762886598,4569,0.3388049901510177,4599,0.13720373994346596,0.5238082982875683,0.5248868553726758,0.4716065890259213,0.609204822116428,0.3845486111111111,0.3548900462962963,-0.0296585648148148,False,0.3548900462962963,0.5238082982875683,0.5248868553726758,1.0,-0.3001088787034299,-0.3291493656413321,0.12279536562846671,0.5269258632414091,-0.4944941178131481,0.1509173943462315,-0.31462912217238104
4608,4.2076847023434105,0.47620357407463887,0.4778973526424832,0.3778211805555556,0.6221788194444444,0.1421440972222222,0.23567708333333334,0.376220562894888,-0.1338890939950943,-0.1171875,-1.744531273841858,-0.875,0.625,1.4453125,-0.1338890939950943,0.0,303.8009033203125,296.38720703125,-0.0002885929134208709,0.0023462255485355854,r5_s72000_l8,5,72000,8,A,0.441349574343,block,1.4205365180969238,0.828125,0.1171875,0.328125,1.861328125,3.6898436546325684,3.7314811282687717,1552,0.6217783505154639,1523,0.3933026920551543,1533,0.11545988258317025,0.4812389744652642,0.4732049482840081,0.4778973526424832,0.476203574074639,0.3778211805555556,0.363136574074074,-0.0146846064814815,False,0.3778211805555556,0.4778973526424832,0.476203574074639,0.0,-0.420132638662392,-0.4548874445466636,0.12279536562846671,0.540432359372188,-0.4598253283795363,-0.026105460942500457,-0.4375100416045278
13824,4.20468607655278,0.47320494828400816,0.4812389744652642,0.36313657407407407,0.6368634259259259,0.14525462962962962,0.21788194444444445,0.4,-0.09610072523355484,-0.046875,-1.692968726158142,-0.796875,0.6875,1.484375,-0.09610072523355484,0.0,285.07464599609375,267.95404052734375,-0.0001562161196488887,0.0024650683626532555,r5_s72000_l8,5,72000,8,A,0.441349574343,noise,1.4205365180969238,0.828125,0.1171875,0.328125,1.861328125,3.6898436546325684,3.7314811282687717,4656,0.6106099656357389,4569,0.35609542569490044,4599,0.11959121548162643,0.4812389744652642,0.4732049482840081,0.4778973526424832,0.476203574074639,0.3778211805555556,0.363136574074074,-0.0146846064814815,False,0.363136574074074,0.4812389744652642,0.4732049482840081,1.0,-0.4113967259100909,-0.4626322274827532,0.12279536562846671,0.829465552447181,-0.5147012574262717,0.15886219104993007,-0.437014476696422
4608,4.130027135213216,0.3985460069444442,0.36319460140334237,0.3298611111111111,0.6701388888888888,0.13606770833333334,0.1937934027777778,0.4125,-0.0589684396982193,-0.046875,-1.4375,-0.6953125,0.6015625,1.338281273841858,-0.0589684396982193,0.0,259.5816955566406,246.5313720703125,-9.428886551177129e-05,0.002405656035989523,r5_s72000_l9,5,72000,9,B,0.387950699353,block,1.4205365180969238,0.828125,0.1171875,0.328125,1.861328125,3.6898436546325684,3.7314811282687717,1552,0.583118556701031,1523,0.32042022324359815,1533,0.08284409654272668,0.3850915178104683,0.3737809039928295,0.3631946014033423,0.3985460069444443,0.3298611111111111,0.322265625,-0.0075954861111111,False,0.3298611111111111,0.3631946014033423,0.3985460069444443,0.0,-0.7199969801156373,-0.6554596542059627,0.12279536562846671,1.1134805392325797,-0.5894064863081854,0.06639249783383906,-0.6877283171608
13824,4.105262032261601,0.3737809039928295,0.3850915178104683,0.322265625,0.677734375,0.14330150462962962,0.17896412037037038,0.444668911335578,-0.08377214521169662,-0.0390625,-1.484375,-0.6953125,0.609375,1.2890625,-0.08377214521169662,0.0,266.4351501464844,252.4996337890625,-0.00015090807573869824,0.0023360808845609426,r5_s72000_l9,5,72000,9,B,0.387950699353,noise,1.4205365180969238,0.828125,0.1171875,0.328125,1.861328125,3.6898436546325684,3.7314811282687717,4656,0.5708762886597938,4569,0.30882031079010724,4599,0.08393128941074146,0.3850915178104683,0.3737809039928295,0.3631946014033423,0.3985460069444443,0.3298611111111111,0.322265625,-0.0075954861111111,False,0.322265625,0.3850915178104683,0.3737809039928295,1.0,-0.6627524559229256,-0.7194224025253607,0.12279536562846671,0.9237635855876059,-0.5693229383100015,-0.041894675373117606,-0.6910874292241431
4608,4.132347530788845,0.40086640252007344,0.41036297215355766,0.3229166666666667,0.6770833333333333,0.15169270833333334,0.17122395833333334,0.46975806451612906,-0.20856009423732758,-0.125,-1.75,-0.8359375,0.4765625,1.203125,-0.20856009423732758,0.0,276.9195861816406,268.42132568359375,-0.0004725108155980706,0.0023334650322794914,r5_s72000_l10,5,72000,10,A,0.417777390647,block,1.4205365180969238,0.828125,0.1171875,0.328125,1.861328125,3.6898436546325684,3.7314811282687717,1552,0.5612113402061856,1523,0.31713722915298753,1533,0.08741030658838878,0.4083072421727357,0.4021171817073115,0.4103629721535577,0.4008664025200736,0.3229166666666667,0.3384693287037037,0.015552662037037,True,0.3229166666666667,0.4103629721535577,0.4008664025200736,0.0,-0.5966859672616637,-0.6494665889441145,0.12279536562846671,-0.03070628295212826,-0.5385990644467401,-0.045966003185836705,-0.6230762781028891
13824,4.133598309976083,0.4021171817073115,0.40830724217273573,0.3384693287037037,0.6615306712962963,0.14076967592592593,0.1976996527777778,0.4159008335114341,-0.0801493301987648,-0.046875,-1.515625,-0.7421875,0.6484375,1.3359375,-0.0801493301987648,0.0,281.43072509765625,273.4650573730469,-0.00016349638462997973,0.0022853310219943523,r5_s72000_l10,5,72000,10,A,0.417777390647,noise,1.4205365180969238,0.828125,0.1171875,0.328125,1.861328125,3.6898436546325684,3.7314811282687717,4656,0.5869845360824743,4569,0.34383891442328735,4599,0.08153946510110893,0.4083072421727357,0.4021171817073115,0.4103629721535577,0.4008664025200736,0.3229166666666667,0.3384693287037037,0.015552662037037,True,0.3384693287037037,0.4083072421727357,0.4021171817073115,1.0,-0.602060207288563,-0.6462361047215067,0.12279536562846671,0.9514735351150766,-0.5253795014134437,-0.12088205872964351,-0.6241481560050348
4608,4.6179848776923285,0.8856569661034479,0.8990853097703722,0.4813368055555556,0.5186631944444444,0.13563368055555555,0.345703125,0.281785392245266,-0.1857808381319046,-0.15625,-2.25,-1.09375,0.8125,1.875,-0.1857808381319046,0.0,660.2321166992188,493.00927734375,-0.000242625770624727,0.0018297748174518347,r5_s143000_l1,5,143000,1,A,0.709756742507,block,1.4460245370864868,0.8125,0.125,0.3125,1.8125,3.8218750953674316,3.7323279115888806,1548,0.6944444444444444,1544,0.5038860103626943,1516,0.2407651715039578,0.8954945449475888,0.890961956094813,0.899085309770372,0.885656966103448,0.4813368055555556,0.4816984953703703,0.0003616898148147,True,0.4813368055555556,0.899085309770372,0.885656966103448,0.0,0.6809677972711291,0.6026395245126314,0.6592157978558831,0.14352619502465344,0.5846703034372012,-0.8299124038153907,0.6418036608918802
13824,4.6232898676836935,0.890961956094813,0.8954945449475888,0.48169849537037035,0.5183015046296297,0.14228877314814814,0.3394097222222222,0.2953896981528758,-0.32911965250968933,-0.28125,-2.4375,-1.25,0.625,1.6875,-0.32911965250968933,0.0,785.2787475585938,664.5353393554688,-0.0002949488116428256,0.001448776456527412,r5_s143000_l1,5,143000,1,A,0.709756742507,noise,1.4460245370864868,0.8125,0.125,0.3125,1.8125,3.8218750953674316,3.7323279115888806,4644,0.6808785529715762,4632,0.5261226252158895,4548,0.23306948109058928,0.8954945449475888,0.890961956094813,0.899085309770372,0.885656966103448,0.4813368055555556,0.4816984953703703,0.0003616898148147,True,0.4816984953703703,0.8954945449475888,0.890961956094813,1.0,0.6715805566228858,0.6163411327925391,0.6592157978558831,-0.9528343140154044,0.9511103199213098,-1.4229004843852273,0.6439608447077125
4608,4.749789714813232,1.0174618032243519,1.0421509676509433,0.5212673611111112,0.47873263888888884,0.13606770833333334,0.3851996527777778,0.26103247293921733,-0.2011447548866272,-0.125,-2.6875,-1.25,0.90625,2.15625,-0.2011447548866272,0.0,830.9583129882812,679.2667236328125,-0.00014634539547841996,0.0015932087553665042,r5_s143000_l2,5,143000,2,A,0.748037353707,block,1.4460245370864868,0.8125,0.125,0.3125,1.8125,3.8218750953674316,3.7323279115888806,1548,0.7228682170542635,1544,0.5796632124352331,1516,0.2559366754617414,1.0344151236392831,1.0255920886993408,1.0421509676509433,1.0174618032243514,0.5212673611111112,0.4994936342592592,-0.0217737268518519,False,0.5212673611111112,1.0421509676509433,1.0174618032243514,0.0,1.0549805286265528,0.9430620796102245,0.6592157978558831,0.02601167764025853,1.084970949304166,-1.198105208486726,0.9990213041183886
13824,4.757920000288221,1.0255920886993408,1.0344151236392833,0.49949363425925924,0.5005063657407407,0.14322916666666666,0.3562644675925926,0.28674873280231716,-0.3168555498123169,-0.1875,-2.65625,-1.3125,0.75,1.90625,-0.3168555498123169,0.0,658.594482421875,522.5789794921875,-0.0003411400830373168,0.0018722908571362495,r5_s143000_l2,5,143000,2,A,0.748037353707,noise,1.4460245370864868,0.8125,0.125,0.3125,1.8125,3.8218750953674316,3.7323279115888806,4644,0.6933677863910422,4632,0.5224525043177893,4548,0.27814423922603343,1.0344151236392831,1.0255920886993408,1.0421509676509433,1.0174618032243514,0.5212673611111112,0.4994936342592592,-0.0217737268518519,False,0.4994936342592592,1.0344151236392831,1.0255920886993408,1.0,1.0347569180759641,0.9640607972257984,0.6592157978558831,-0.85902945079969,0.5798713358243941,-0.7637401906207694,0.9994088576508813
4608,4.460714711083306,0.7283867994944258,0.7940320438808866,0.4526909722222222,0.5473090277777778,0.1362847222222222,0.31640625,0.30105465004793863,-0.1939019113779068,-0.125,-2.34375,-1.09375,0.8125,1.8125,-0.1939019113779068,0.0,754.7290649414062,575.3040771484375,-0.00013890344416722655,0.0015695181209594011,r5_s143000_l3,5,143000,3,B,0.531379501301,block,1.4460245370864868,0.8125,0.125,0.3125,1.8125,3.8218750953674316,3.7323279115888806,1548,0.6731266149870802,1544,0.49740932642487046,1516,0.1820580474934037,0.7493629698400144,0.7658388791260897,0.7940320438808866,0.7283867994944256,0.4526909722222222,0.4311342592592592,-0.0215567129629629,False,0.4526909722222222,0.7940320438808866,0.7283867994944256,0.0,0.40632984784839776,0.19644569181924518,0.6592157978558831,0.08141026336589063,0.8615867068108076,-1.234977450641428,0.3013877698338215
13824,4.49816679071497,0.7658388791260897,0.7493629698400144,0.43113425925925924,0.5688657407407407,0.1501736111111111,0.28096064814814814,0.3483221476510067,-0.22814786434173584,-0.15625,-2.21875,-1.0625,0.71875,1.6875,-0.22814786434173584,0.0,504.4431457519531,371.3208923339844,-0.0003134434809908271,0.002136619994416833,r5_s143000_l3,5,143000,3,B,0.531379501301,noise,1.4460245370864868,0.8125,0.125,0.3125,1.8125,3.8218750953674316,3.7323279115888806,4644,0.6442721791559001,4632,0.43825561312607947,4548,0.20624450307827616,0.7493629698400144,0.7658388791260897,0.7940320438808866,0.7283867994944256,0.4526909722222222,0.4311342592592592,-0.0215567129629629,False,0.4311342592592592,0.7493629698400144,0.7658388791260897,1.0,0.2895526796820806,0.2931760768371674,0.6592157978558831,-0.1805279324184643,0.1281421051992366,-0.35233677309849093,0.291364378259624
4608,4.8486863772074384,1.116358465618558,1.0863103667895,0.5308159722222222,0.4691840277777778,0.1460503472222222,0.384765625,0.2751430907604252,-0.3556467592716217,-0.25,-2.8125,-1.34375,0.78125,1.875,-0.3556467592716217,0.0,678.0366821289062,505.34783935546875,-0.00044640933629125357,0.002048811875283718,r5_s143000_l4,5,143000,4,A,0.507947334397,block,1.4460245370864868,0.8125,0.125,0.3125,1.8125,3.8218750953674316,3.7323279115888806,1548,0.7202842377260982,1544,0.5440414507772021,1516,0.3238786279683377,1.100381663552037,1.1071453006179244,1.0863103667895,1.1163584656185574,0.5308159722222222,0.4963831018518518,-0.0344328703703703,False,0.5308159722222222,1.0863103667895,1.1163584656185574,0.0,1.1704252672976136,1.198490144605877,0.6592157978558831,-1.1557331059380171,0.6368452817209759,-0.48900184403700364,1.1844577059517454
13824,4.839473212206805,1.1071453006179244,1.100381663552037,0.49638310185185186,0.5036168981481481,0.14735243055555555,0.3490306712962963,0.29685222967064995,-0.26226896047592163,-0.125,-2.75,-1.25,0.9375,2.1875,-0.26226896047592163,0.0,608.6951904296875,458.3222961425781,-0.0002719025651458651,0.002210527192801237,r5_s143000_l4,5,143000,4,A,0.507947334397,noise,1.4460245370864868,0.8125,0.125,0.3125,1.8125,3.8218750953674316,3.7323279115888806,4644,0.6873385012919897,4632,0.5028065630397237,4548,0.2948548812664908,1.100381663552037,1.1071453006179244,1.0863103667895,1.1163584656185574,0.5308159722222222,0.4963831018518518,-0.0344328703703703,False,0.4963831018518518,1.100381663552037,1.1071453006179244,1.0,1.207211482898443,1.174694590219854,0.6592157978558831,-0.4415111314847355,0.43364510602116496,-0.2373071766353303,1.1909530365591485
4608,4.197293414009942,0.4649655024210615,0.4473706583182017,0.3678385416666667,0.6321614583333333,0.1525607638888889,0.2152777777777778,0.41474926253687316,-0.1678263396024704,-0.125,-1.84375,-0.9375,0.625,1.4375,-0.1678263396024704,0.0,382.3220520019531,305.60772705078125,-0.0002862381224986166,0.002293917816132307,r5_s143000_l5,5,143000,5,A,0.323725421879,block,1.4460245370864868,0.8125,0.125,0.3125,1.8125,3.8218750953674316,3.7323279115888806,1548,0.6078811369509044,1544,0.36722797927461137,1516,0.12335092348284961,0.4546903349735118,0.4564867814381923,0.4473706583182017,0.464965502421061,0.3678385416666667,0.3347800925925926,-0.033058449074074,False,0.3678385416666667,0.4473706583182017,0.464965502421061,0.0,-0.499937760958112,-0.48391288208179256,0.6592157978558831,0.2808553841402309,-0.22972483851020578,-0.10751752203778056,-0.4919253215199523
13824,4.188814693027073,0.4564867814381923,0.45469033497351186,0.3347800925925926,0.6652199074074074,0.14836516203703703,0.18641493055555555,0.44317199654278305,-0.1469065397977829,-0.0625,-1.625,-0.75,0.5625,1.3125,-0.1469065397977829,0.0,404.54058837890625,290.3535461425781,-0.00021096366981510073,0.0020408271811902523,r5_s143000_l5,5,143000,5,A,0.323725421879,noise,1.4460245370864868,0.8125,0.125,0.3125,1.8125,3.8218750953674316,3.7323279115888806,4644,0.5747200689061154,4632,0.3134715025906736,4548,0.11147757255936676,0.4546903349735118,0.4564867814381923,0.4473706583182017,0.464965502421061,0.3678385416666667,0.3347800925925926,-0.033058449074074,False,0.3347800925925926,0.4546903349735118,0.4564867814381923,1.0,-0.48080212562082913,-0.5058115310539867,0.6592157978558831,0.44086537489147265,-0.16461504082697562,-0.501429268692935,-0.4933068283374079
4608,4.142874876658122,0.4105469650692415,0.40990516543388367,0.3572048611111111,0.6427951388888888,0.14952256944444445,0.20768229166666666,0.41859052247873635,-0.0685085728764534,0.0,-1.75,-0.8203125,0.7265625,1.625,-0.0685085728764534,0.0,361.5867004394531,282.06378173828125,-9.941549797076732e-05,0.0023926342837512493,r5_s143000_l6,5,143000,6,A,0.315594803123,block,1.4460245370864868,0.8125,0.125,0.3125,1.8125,3.8218750953674316,3.7323279115888806,1548,0.6027131782945736,1544,0.36204663212435234,1516,0.10158311345646438,0.4137583286673934,0.4045777232558638,0.4099051654338836,0.410546965069241,0.3572048611111111,0.3138020833333333,-0.0434027777777777,False,0.3572048611111111,0.4099051654338836,0.410546965069241,0.0,-0.5978827991512642,-0.624463850730896,0.6592157978558831,1.040510595166824,-0.2904882714483642,0.04612536637769722,-0.6111733249410801
13824,4.136905634844744,0.40457772325586383,0.4137583286673934,0.3138020833333333,0.6861979166666667,0.1392505787037037,0.17455150462962962,0.4437528815122176,-0.11035551875829697,-0.0625,-1.5,-0.6875,0.5625,1.28125,-0.11035551875829697,0.0,380.7369079589844,276.0234375,-0.00014202938473317772,0.0020698937587440014,r5_s143000_l6,5,143000,6,A,0.315594803123,noise,1.4460245370864868,0.8125,0.125,0.3125,1.8125,3.8218750953674316,3.7323279115888806,4644,0.5544788975021533,4632,0.2862694300518135,4548,0.09608619173262972,0.4137583286673934,0.4045777232558638,0.4099051654338836,0.410546965069241,0.3572048611111111,0.3138020833333333,-0.0434027777777777,False,0.3138020833333333,0.4137583286673934,0.4045777232558638,1.0,-0.5878095773405742,-0.6398810736074845,0.6592157978558831,0.72043442397798,-0.23436998732583744,-0.45618987713620585,-0.6138453254740293
4608,4.475039482116699,0.7427115705278187,0.6301431126064725,0.4151475694444444,0.5848524305555556,0.1547309027777778,0.2604166666666667,0.37271301620491376,-0.1438971608877182,-0.0625,-2.46875,-1.125,0.875,2.0718750953674316,-0.1438971608877182,0.0,480.6145935058594,354.90985107421875,-0.00023759441683068871,0.0025864492636173964,r5_s143000_l7,5,143000,7,C,0.434405196877,block,1.4460245370864868,0.8125,0.125,0.3125,1.8125,3.8218750953674316,3.7323279115888806,1548,0.646640826873385,1544,0.4326424870466321,1516,0.16094986807387862,0.6855157525451095,0.6635369459788008,0.6301431126064725,0.7427115705278186,0.4151475694444444,0.400318287037037,-0.0148292824074073,False,0.4151475694444444,0.6301431126064725,0.7427115705278186,0.0,-0.02212061142278719,0.23344338676652876,0.6592157978558831,0.4638833146453004,0.05831427363078294,0.3477801362765796,0.10566138767187079
13824,4.395864857567681,0.6635369459788008,0.6855157525451095,0.40031828703703703,0.599681712962963,0.14026331018518517,0.26005497685185186,0.3503794723527286,-0.12982136011123657,-0.0625,-2.03125,-0.9375,0.8125,1.75,-0.12982136011123657,0.0,501.3255920410156,381.79022216796875,-0.00013196504733059555,0.00206162896938622,r5_s143000_l7,5,143000,7,C,0.434405196877,noise,1.4460245370864868,0.8125,0.125,0.3125,1.8125,3.8218750953674316,3.7323279115888806,4644,0.6162790697674418,4632,0.4075993091537133,4548,0.1723834652594547,0.6855157525451095,0.6635369459788008,0.6301431126064725,0.7427115705278186,0.4151475694444444,0.400318287037037,-0.0148292824074073,False,0.400318287037037,0.6855157525451095,0.6635369459788008,1.0,0.12263860342036194,0.02895295548481796,0.6592157978558831,0.5715453751376997,0.11900634180141464,-0.4690532437021239,0.07579577945258995
4608,4.196856472227308,0.46452856063842773,0.5062560439109802,0.3713107638888889,0.6286892361111112,0.1440972222222222,0.22721354166666666,0.3880771478667446,-0.1224433034658432,-0.125,-1.84375,-0.875,0.65625,1.59375,-0.1224433034658432,0.0,377.48333740234375,325.3014831542969,-0.00018840991833712906,0.002182614989578724,r5_s143000_l8,5,143000,8,A,0.458203932499,block,1.4460245370864868,0.8125,0.125,0.3125,1.8125,3.8218750953674316,3.7323279115888806,1548,0.6136950904392765,1544,0.38147668393782386,1516,0.11345646437994723,0.4921600597876089,0.4743560508445457,0.5062560439109802,0.4645285606384279,0.3713107638888889,0.3662471064814814,-0.0050636574074074,False,0.3713107638888889,0.5062560439109802,0.4645285606384279,0.0,-0.345995268897176,-0.48504140544498775,0.6592157978558831,0.6279781702224309,-0.2439043381533169,-0.2807498932213909,-0.4155183371710819
13824,4.206683962433426,0.4743560508445457,0.49216005978760896,0.36624710648148145,0.6337528935185186,0.14916087962962962,0.21708622685185186,0.4072684179340312,-0.07477583736181259,-0.03125,-1.75,-0.8125,0.71875,1.5625,-0.07477583736181259,0.0,462.0211181640625,352.22894287109375,-8.45346730784513e-05,0.0019240877591073513,r5_s143000_l8,5,143000,8,A,0.458203932499,noise,1.4460245370864868,0.8125,0.125,0.3125,1.8125,3.8218750953674316,3.7323279115888806,4644,0.6149870801033591,4632,0.36658031088082904,4548,0.11191732629727352,0.4921600597876089,0.4743560508445457,0.5062560439109802,0.4645285606384279,0.3713107638888889,0.3662471064814814,-0.0050636574074074,False,0.3662471064814814,0.4921600597876089,0.4743560508445457,1.0,-0.3828460240065945,-0.45965918579932763,0.6592157978558831,0.9925739541998676,0.003827452483181423,-0.6831231890022231,-0.42125260490296107
4608,4.202046659257677,0.4697187476687965,0.4552549189991421,0.3528645833333333,0.6471354166666667,0.150390625,0.20247395833333334,0.4261992619926199,-0.1428900808095932,-0.125,-1.6875,-0.8125,0.5625,1.375,-0.1428900808095932,0.0,383.0960388183594,293.1282958984375,-0.00028374948306009173,0.002010753145441413,r5_s143000_l9,5,143000,9,A,0.477344238099,block,1.4460245370864868,0.8125,0.125,0.3125,1.8125,3.8218750953674316,3.7323279115888806,1548,0.6078811369509044,1544,0.3426165803108808,1516,0.10290237467018469,0.4700069725513458,0.4556427796681728,0.4552549189991421,0.469718747668796,0.3528645833333333,0.3501880787037037,-0.0026765046296295,False,0.3528645833333333,0.4552549189991421,0.469718747668796,0.0,-0.4793261486698694,-0.4716363076586918,0.6592157978558831,0.4715862026026906,-0.22745672668813405,-0.5482366740855017,-0.4754812281642806
13824,4.187970691257053,0.4556427796681728,0.4700069725513458,0.3501880787037037,0.6498119212962963,0.14489293981481483,0.2052951388888889,0.4137574881222888,-0.06575563549995422,0.0,-1.6414062976837158,-0.8125,0.71875,1.5,-0.06575563549995422,0.0,485.3167724609375,383.7447509765625,-8.27073454274796e-05,0.0017554856603965163,r5_s143000_l9,5,143000,9,A,0.477344238099,noise,1.4460245370864868,0.8125,0.125,0.3125,1.8125,3.8218750953674316,3.7323279115888806,4644,0.5968992248062015,4632,0.35189982728842834,4548,0.0965259454705365,0.4700069725513458,0.4556427796681728,0.4552549189991421,0.469718747668796,0.3528645833333333,0.3501880787037037,-0.0026765046296295,False,0.3501880787037037,0.4700069725513458,0.4556427796681728,1.0,-0.4407602487614017,-0.5079913997548098,0.6592157978558831,1.06156708176158,0.07209366554217145,-0.945536482991214,-0.47437582425810576
4608,4.6499965455796985,0.917668633990818,0.8987416625022888,0.4539930555555556,0.5460069444444444,0.16666666666666666,0.2873263888888889,0.367112810707457,-0.4045172929763794,-0.3125,-2.3125,-1.25,0.5,1.40625,-0.4045172929763794,0.0,889.4102783203125,758.010986328125,-0.0003639588539954275,0.0010982105741277337,r5_s143000_l10,5,143000,10,A,0.710123311225,block,1.4460245370864868,0.8125,0.125,0.3125,1.8125,3.8218750953674316,3.7323279115888806,1548,0.665374677002584,1544,0.4948186528497409,1516,0.19656992084432717,0.9134297260531672,0.9031211093620016,0.8987416625022888,0.9176686339908176,0.4539930555555556,0.4844473379629629,0.0304542824074073,True,0.4539930555555556,0.8987416625022888,0.9176686339908176,0.0,0.68006940938921,0.6853185370071264,0.6592157978558831,-1.5295308343634273,1.2562601635164674,-1.9685232771265668,0.6826939731981683
13824,4.635449020950882,0.9031211093620017,0.9134297260531673,0.48444733796296297,0.515552662037037,0.13874421296296297,0.345703125,0.2863968941317008,-0.0780368372797966,-0.03125,-2.375,-1.1875,1.0625,2.1875,-0.0780368372797966,0.0,1177.5885009765625,1066.820068359375,-6.41825536149554e-05,0.0010284382151439786,r5_s143000_l10,5,143000,10,A,0.710123311225,noise,1.4460245370864868,0.8125,0.125,0.3125,1.8125,3.8218750953674316,3.7323279115888806,4644,0.6978897502153316,4632,0.5436096718480138,4548,0.20624450307827616,0.9134297260531672,0.9031211093620016,0.8987416625022888,0.9176686339908176,0.4539930555555556,0.4844473379629629,0.0304542824074073,True,0.4844473379629629,0.9134297260531672,0.9031211093620016,1.0,0.7184680219449361,0.6477455191068495,0.6592157978558831,0.9676314322069228,2.1007453922250527,-2.077117385327504,0.6831067705258929
4608,4.452550437715319,0.622334188885159,0.5865197479724884,0.4153645833333333,0.5846354166666667,0.1462673611111111,0.2690972222222222,0.35214211076280044,-0.12280607223510742,-0.0859375,-1.7890625,-0.8671875,0.671875,1.546875,-0.12280607223510742,0.0,243.93112182617188,224.693359375,-0.00027845348813571036,0.0030789992306381464,r6_s14000_l1,6,14000,1,A,0.620363203761,block,1.3910149335861206,0.80859375,0.1171875,0.328125,1.78125,3.5882811546325684,3.8302162488301597,1538,0.6495448634590377,1540,0.44025974025974024,1530,0.15490196078431373,0.5767551726765103,0.6333121900205261,0.5865197479724884,0.6223341888851589,0.4153645833333333,0.4031394675925926,-0.0122251157407407,False,0.4153645833333333,0.5865197479724884,0.6223341888851589,0.0,-0.13616400939387857,-0.07746459453283955,-0.4985154208162505,0.6252034482864303,-0.6352693492767062,1.1143877899675336,-0.10681430196335906
13824,4.463528438850686,0.6333121900205261,0.5767551726765103,0.4031394675925926,0.5968605324074074,0.14554398148148148,0.2575954861111111,0.3610263771756684,-0.30270707607269287,-0.234375,-2.0234375,-1.015625,0.5,1.296875,-0.30270707607269287,0.0,249.2528533935547,241.18365478515625,-0.0008064047433435917,0.0029983879067003727,r6_s14000_l1,6,14000,1,A,0.620363203761,noise,1.3910149335861206,0.80859375,0.1171875,0.328125,1.78125,3.5882811546325684,3.8302162488301597,4614,0.6293888166449935,4620,0.4116883116883117,4590,0.16710239651416123,0.5767551726765103,0.6333121900205261,0.5865197479724884,0.6223341888851589,0.4153645833333333,0.4031394675925926,-0.0122251157407407,False,0.4031394675925926,0.5767551726765103,0.6333121900205261,1.0,-0.16169127799962005,-0.049110861255677235,-0.4985154208162505,-0.7508115341199063,-0.6196744036962147,0.9889238532249396,-0.10540106962764864
4608,4.312206586201985,0.48199033737182573,0.4509906868139903,0.3715277777777778,0.6284722222222222,0.14192708333333334,0.22960069444444445,0.3820093457943925,-0.14524586498737335,-0.1015625,-1.6691405773162842,-0.8125,0.546875,1.353906273841858,-0.14524586498737335,0.0,224.15838623046875,214.17010498046875,-0.0003940956376027316,0.0029498478397727013,r6_s14000_l2,6,14000,2,A,0.564408561834,block,1.3910149335861206,0.80859375,0.1171875,0.328125,1.78125,3.5882811546325684,3.8302162488301597,1538,0.6241872561768531,1540,0.36428571428571427,1530,0.12483660130718954,0.4407405224111345,0.4932852409504078,0.4509906868139903,0.4819903373718264,0.3715277777777778,0.3589409722222222,-0.0125868055555555,False,0.3715277777777778,0.4509906868139903,0.4819903373718264,0.0,-0.49047401707050065,-0.4399415230584689,-0.4985154208162505,0.45356743530960875,-0.6932119064478269,0.9133758087442941,-0.46520777006448477
13824,4.3235014897805675,0.4932852409504078,0.4407405224111345,0.3589409722222222,0.6410590277777778,0.15357349537037038,0.20536747685185186,0.42785167271261587,-0.2809726595878601,-0.1953125,-1.8359375,-0.921875,0.453125,1.15625,-0.2809726595878601,0.0,221.27777099609375,213.83038330078125,-0.0008023465634323657,0.0030257084872573614,r6_s14000_l2,6,14000,2,A,0.564408561834,noise,1.3910149335861206,0.80859375,0.1171875,0.328125,1.78125,3.5882811546325684,3.8302162488301597,4614,0.5871261378413524,4620,0.366017316017316,4590,0.1224400871459695,0.4407405224111345,0.4932852409504078,0.4509906868139903,0.4819903373718264,0.3715277777777778,0.3589409722222222,-0.0125868055555555,False,0.3589409722222222,0.4407405224111345,0.4932852409504078,1.0,-0.5172707483192713,-0.410769301311593,-0.4985154208162505,-0.5845707568089077,-0.7016533389495616,1.031445764829058,-0.46402002481543214
4608,4.318588786655003,0.4883725378248429,0.44827739066547817,0.3723958333333333,0.6276041666666667,0.14561631944444445,0.2267795138888889,0.391025641025641,-0.2011260986328125,-0.140625,-1.713281273841858,-0.837890625,0.5234375,1.234375,-0.2011260986328125,0.0,220.06982421875,212.0096435546875,-0.0005697206361219287,0.0029948647134006023,r6_s14000_l3,6,14000,3,A,0.574911663169,block,1.3910149335861206,0.80859375,0.1171875,0.328125,1.78125,3.5882811546325684,3.8302162488301597,1538,0.6144343302990898,1540,0.38116883116883116,1530,0.12026143790849673,0.4417755073971218,0.4953566480565956,0.4482773906654782,0.4883725378248427,0.3723958333333333,0.3673321759259259,-0.0050636574074073,False,0.3723958333333333,0.4482773906654782,0.4883725378248427,0.0,-0.49756731478090094,-0.4234577199384956,-0.4985154208162505,0.02615437436910933,-0.705193138734328,0.9834403345367273,-0.4605125173596983
13824,4.325572896886755,0.4953566480565956,0.44177550739712185,0.36733217592592593,0.6326678240740741,0.15205439814814814,0.2152777777777778,0.41394249704608116,-0.2904719114303589,-0.1953125,-1.90234375,-0.921875,0.4765625,1.1953125,-0.2904719114303589,0.0,222.16287231445312,213.66571044921875,-0.0007982515962794423,0.003122937399893999,r6_s14000_l3,6,14000,3,A,0.574911663169,noise,1.3910149335861206,0.80859375,0.1171875,0.328125,1.78125,3.5882811546325684,3.8302162488301597,4614,0.5955786736020806,4620,0.36623376623376624,4590,0.13899782135076252,0.4417755073971218,0.4953566480565956,0.4482773906654782,0.4883725378248427,0.3723958333333333,0.3673321759259259,-0.0050636574074073,False,0.3673321759259259,0.4417755073971218,0.4953566480565956,1.0,-0.5145650146914,-0.40541931784255747,-0.4985154208162505,-0.6572280103989427,-0.6990596141969575,1.1827734139570003,-0.45999216626697875
4608,4.886746353573269,1.0565301047431093,1.0445287028948467,0.5431857638888888,0.45681423611111116,0.1469184027777778,0.3962673611111111,0.27047542948461845,-0.4335784316062927,-0.3046875,-2.778515577316284,-1.3515625,0.71484375,1.7265625,-0.4335784316062927,0.0,319.8434143066406,312.3657531738281,-0.0008352794102393091,0.003126616356894374,r6_s14000_l4,6,14000,4,A,0.701033003106,block,1.3910149335861206,0.80859375,0.1171875,0.328125,1.78125,3.5882811546325684,3.8302162488301597,1538,0.7152145643693107,1540,0.5467532467532468,1530,0.36666666666666664,1.004846160058622,1.0944558426185886,1.044528702894847,1.0565301047431097,0.5431857638888888,0.5047019675925926,-0.0384837962962962,False,0.5431857638888888,1.044528702894847,1.0565301047431097,0.0,1.0611965784192623,1.0439668059985192,-0.4985154208162505,-1.7518117628047714,-0.41281392191559446,1.1884993641811903,1.0525816922088906
13824,4.924672091448748,1.0944558426185886,1.004846160058622,0.5047019675925926,0.49529803240740744,0.1499565972222222,0.35474537037037035,0.2971191056327935,-0.32792770862579346,-0.2421875,-2.671875,-1.3125,0.765625,1.9453125,-0.32792770862579346,0.0,347.40216064453125,331.5329284667969,-0.0006105375359766185,0.0029642502777278423,r6_s14000_l4,6,14000,4,A,0.701033003106,noise,1.3910149335861206,0.80859375,0.1171875,0.328125,1.78125,3.5882811546325684,3.8302162488301597,4614,0.6931079323797139,4620,0.5168831168831168,4590,0.30305010893246187,1.004846160058622,1.0944558426185886,1.044528702894847,1.0565301047431097,0.5431857638888888,0.5047019675925926,-0.0384837962962962,False,0.5047019675925926,1.004846160058622,1.0944558426185886,1.0,0.9574555657040049,1.1419205448259437,-0.4985154208162505,-0.9437174519221333,-0.33205502906949513,0.9357918475372784,1.0496880552649743
4608,4.121159606509739,0.29094335767957924,0.26503551999727887,0.2799479166666667,0.7200520833333333,0.1408420138888889,0.1391059027777778,0.5031007751937985,-0.1837562918663025,-0.109375,-1.353906273841858,-0.6640625,0.390625,0.934765636920929,-0.1837562918663025,0.0,168.05010986328125,155.77301025390625,-0.000598644430283457,0.0031001337338238955,r6_s14000_l5,6,14000,5,A,0.336881039375,block,1.3910149335861206,0.80859375,0.1171875,0.328125,1.78125,3.5882811546325684,3.8302162488301597,1538,0.5253576072821846,1540,0.2577922077922078,1530,0.05555555555555555,0.2622267802556355,0.2939714502405235,0.2650355199972788,0.2909433576795791,0.2799479166666667,0.2669994212962963,-0.0129484953703704,False,0.2799479166666667,0.2650355199972788,0.2909433576795791,0.0,-0.9766116470307987,-0.9333733453735684,-0.4985154208162505,0.15901141153049533,-0.8576331113662453,1.1472816545172566,-0.9549924962021836
13824,4.124187699070683,0.2939714502405235,0.26222678025563556,0.2669994212962963,0.7330005787037037,0.13563368055555555,0.13136574074074073,0.5079924139799512,-0.11679141968488693,-0.0546875,-1.21875,-0.578125,0.4296875,0.9609375,-0.11679141968488693,0.0,193.94085693359375,175.0830078125,-0.00033670247648842633,0.0025946011301130056,r6_s14000_l5,6,14000,5,A,0.336881039375,noise,1.3910149335861206,0.80859375,0.1171875,0.328125,1.78125,3.5882811546325684,3.8302162488301597,4614,0.49978326831382747,4620,0.23528138528138529,4590,0.06492374727668845,0.2622267802556355,0.2939714502405235,0.2650355199972788,0.2909433576795791,0.2799479166666667,0.2669994212962963,-0.0129484953703704,False,0.2669994212962963,0.2622267802556355,0.2939714502405235,1.0,-0.9839544603795863,-0.9255524563289343,-0.4985154208162505,0.6712079276752372,-0.7817621685185283,0.36046774903838835,-0.9547534583542603
4608,4.027386109034221,0.19716986020406102,0.16809240811400944,0.24283854166666666,0.7571614583333334,0.13172743055555555,0.1111111111111111,0.5424486148346738,-0.13451555371284485,-0.0859375,-1.1640625,-0.5703125,0.359375,0.8671875,-0.13451555371284485,0.0,145.6891632080078,140.89697265625,-0.0005679543828591704,0.0031417077407240868,r6_s14000_l6,6,14000,6,B,0.279007018722,block,1.3910149335861206,0.80859375,0.1171875,0.328125,1.78125,3.5882811546325684,3.8302162488301597,1538,0.47854356306892065,1540,0.21038961038961038,1530,0.038562091503267976,0.1786003725396262,0.1838432064762822,0.1680924081140094,0.1971698602040607,0.2428385416666666,0.2160734953703703,-0.0267650462962962,False,0.2428385416666666,0.1680924081140094,0.1971698602040607,0.0,-1.2300474372735108,-1.1755694157785654,-0.4985154208162505,0.535640735428405,-0.923160231966347,1.2119876823687306,-1.2028084265260381
13824,4.014059455306442,0.18384320647628227,0.17860037253962624,0.21607349537037038,0.7839265046296297,0.12037037037037036,0.095703125,0.5570806829594911,-0.05587807297706604,-0.0234375,-0.953125,-0.4296875,0.375,0.84375,-0.05587807297706604,0.0,163.6975555419922,146.53195190429688,-0.000164858516654931,0.0025081674102693796,r6_s14000_l6,6,14000,6,B,0.279007018722,noise,1.3910149335861206,0.80859375,0.1171875,0.328125,1.78125,3.5882811546325684,3.8302162488301597,4614,0.4510186389250108,4620,0.1621212121212121,4590,0.03420479302832244,0.1786003725396262,0.1838432064762822,0.1680924081140094,0.1971698602040607,0.2428385416666666,0.2160734953703703,-0.0267650462962962,False,0.2160734953703703,0.1786003725396262,0.1838432064762822,1.0,-1.2025767463052328,-1.2099891959020355,-0.4985154208162505,1.1371179332366503,-0.8703879538300522,0.22594180120432428,-1.2062829711036342
4608,4.218928549024794,0.388712300194634,0.2799248728487227,0.3131510416666667,0.6868489583333333,0.15147569444444445,0.1616753472222222,0.4837144837144837,-0.1684502512216568,-0.08984375,-1.5390625,-0.7578125,0.5234375,1.203125,-0.1684502512216568,0.0,189.76829528808594,184.29525756835938,-0.000455651170341298,0.003287864848971367,r6_s14000_l7,6,14000,7,C,0.442309263706,block,1.3910149335861206,0.80859375,0.1171875,0.328125,1.78125,3.5882811546325684,3.8302162488301597,1538,0.5630689206762028,1540,0.29675324675324677,1530,0.0784313725490196,0.3117869253511782,0.3314750724368625,0.2799248728487227,0.3887123001946344,0.3131510416666667,0.2962962962962963,-0.0168547453703704,False,0.3131510416666667,0.2799248728487227,0.3887123001946344,0.0,-0.9376868092284806,-0.6808579298002043,-0.4985154208162505,0.27608324992538824,-0.7939895555952766,1.4394674617328858,-0.8092723695143424
13824,4.161691321267022,0.3314750724368625,0.3117869253511782,0.2962962962962963,0.7037037037037037,0.14192708333333334,0.15436921296296297,0.47900390625,-0.08157387375831604,-0.03125,-1.333593726158142,-0.6328125,0.53125,1.15625,-0.08157387375831604,0.0,218.20985412597656,200.68548583984375,-0.00019385993073228747,0.0025808128993958235,r6_s14000_l7,6,14000,7,C,0.442309263706,noise,1.3910149335861206,0.80859375,0.1171875,0.328125,1.78125,3.5882811546325684,3.8302162488301597,4614,0.5576506285218898,4620,0.261038961038961,4590,0.0690631808278867,0.3117869253511782,0.3314750724368625,0.2799248728487227,0.3887123001946344,0.3131510416666667,0.2962962962962963,-0.0168547453703704,False,0.2962962962962963,0.3117869253511782,0.3314750724368625,1.0,-0.8543906956847169,-0.8286889483396082,-0.4985154208162505,0.9405775798996036,-0.7106436452115663,0.33900766598816806,-0.8415398220121626
4608,4.1012345684899225,0.27101831965976286,0.23071792059474522,0.2907986111111111,0.7092013888888888,0.14539930555555555,0.14539930555555555,0.5,-0.07680092751979828,-0.078125,-1.3046875,-0.6640625,0.5234375,1.197656273841858,-0.07680092751979828,0.0,183.0416717529297,179.41067504882812,-0.00031182970269583166,0.003135517705231905,r6_s14000_l8,6,14000,8,A,0.403068963143,block,1.3910149335861206,0.80859375,0.1171875,0.328125,1.78125,3.5882811546325684,3.8302162488301597,1538,0.5494148244473342,1540,0.2675324675324675,1530,0.0542483660130719,0.2415045781268013,0.2576348869888867,0.2307179205947452,0.271018319659763,0.2907986111111111,0.2641059027777778,-0.0266927083333333,False,0.2907986111111111,0.2307179205947452,0.271018319659763,0.0,-1.0663272313034233,-0.9848352833516157,-0.4985154208162505,0.9770845776056847,-0.8137014344533087,1.2023534748717166,-1.0255812573275196
13824,4.087851135819046,0.2576348869888867,0.24150457812680137,0.2641059027777778,0.7358940972222222,0.1353443287037037,0.12876157407407407,0.5124623390851821,-0.04473098739981651,-0.0078125,-1.15625,-0.5390625,0.5078125,1.0703125,-0.04473098739981651,0.0,196.46640014648438,182.4210205078125,-8.532885840395465e-05,0.002538242843002081,r6_s14000_l8,6,14000,8,A,0.403068963143,noise,1.3910149335861206,0.80859375,0.1171875,0.328125,1.78125,3.5882811546325684,3.8302162488301597,4614,0.5106198526224534,4620,0.2292207792207792,4590,0.0514161220043573,0.2415045781268013,0.2576348869888867,0.2307179205947452,0.271018319659763,0.2907986111111111,0.2641059027777778,-0.0266927083333333,False,0.2641059027777778,0.2415045781268013,0.2576348869888867,1.0,-1.0381279603845583,-1.0194017108463598,-0.4985154208162505,1.2223790292687136,-0.7743612486360588,0.2727513808707563,-1.028764835615459
4608,4.044014480378893,0.21379823154873323,0.21340440213680267,0.2764756944444444,0.7235243055555556,0.13953993055555555,0.1369357638888889,0.5047095761381476,0.0329013392329216,0.015625,-1.109375,-0.53125,0.578125,1.213281273841858,0.0329013392329216,0.0,188.74317932128906,182.5349578857422,0.0001460076600778848,0.0027429002802819014,r6_s14000_l9,6,14000,9,A,0.37324227185,block,1.3910149335861206,0.80859375,0.1171875,0.328125,1.78125,3.5882811546325684,3.8302162488301597,1538,0.5279583875162549,1540,0.2525974025974026,1530,0.04771241830065359,0.2107770547822669,0.215948590525874,0.2134044021368026,0.2137982315487331,0.2764756944444444,0.2472511574074074,-0.029224537037037,False,0.2764756944444444,0.2134044021368026,0.2137982315487331,0.0,-1.111589500556281,-1.1326220339986963,-0.4985154208162505,1.8161680703912972,-0.796993583046393,0.5912814149959584,-1.1221057672774886
13824,4.046164839356034,0.215948590525874,0.21077705478226696,0.2472511574074074,0.7527488425925926,0.13136574074074073,0.11588541666666667,0.5313048566413107,-0.02479461394250393,0.0,-1.0703125,-0.5,0.484375,1.015625,-0.02479461394250393,0.0,186.13233947753906,176.2008056640625,-3.689967343234457e-05,0.00249593798071146,r6_s14000_l9,6,14000,9,A,0.37324227185,noise,1.3910149335861206,0.80859375,0.1171875,0.328125,1.78125,3.5882811546325684,3.8302162488301597,4614,0.49696575639358476,4620,0.20194805194805196,4590,0.04183006535947712,0.2107770547822669,0.215948590525874,0.2134044021368026,0.2137982315487331,0.2764756944444444,0.2472511574074074,-0.029224537037037,False,0.2472511574074074,0.2107770547822669,0.215948590525874,1.0,-1.1184581046283335,-1.1270681354213337,-0.4985154208162505,1.374867053164769,-0.8046444584742726,0.2069078454087684,-1.1227631200248336
4608,4.235491196314494,0.40527494748433446,0.3138347069422404,0.30859375,0.69140625,0.15234375,0.15625,0.4936708860759494,-0.10351477563381195,-0.0859375,-1.682031273841858,-0.7734375,0.5703125,1.4140625,-0.10351477563381195,0.0,208.4922637939453,201.82232666015625,-0.0002917454985436052,0.0033123488537967205,r6_s14000_l10,6,14000,10,C,0.498263905633,block,1.3910149335861206,0.80859375,0.1171875,0.328125,1.78125,3.5882811546325684,3.8302162488301597,1538,0.5416124837451235,1540,0.30324675324675326,1530,0.07973856209150326,0.3447880833237259,0.3547727266947427,0.3138347069422404,0.4052749474843343,0.30859375,0.3180700231481481,0.0094762731481481,True,0.30859375,0.3138347069422404,0.4052749474843343,0.0,-0.8490372349210451,-0.6380802986244374,-0.4985154208162505,0.7727574506942875,-0.7391203337635344,1.4775745102535724,-0.7435587667727412
13824,4.184988975524902,0.3547727266947427,0.34478808332372596,0.31807002314814814,0.6819299768518519,0.14713541666666666,0.17093460648148148,0.4625881282692745,-0.06985100358724594,-0.046875,-1.4375,-0.7109375,0.6171875,1.2890625,-0.06985100358724594,0.0,242.0738525390625,235.35809326171875,-0.00018095731502398849,0.0025082069914788008,r6_s14000_l10,6,14000,10,C,0.498263905633,noise,1.3910149335861206,0.80859375,0.1171875,0.328125,1.78125,3.5882811546325684,3.8302162488301597,4614,0.5726051148677936,4620,0.31255411255411253,4590,0.06775599128540305,0.3447880833237259,0.3547727266947427,0.3138347069422404,0.4052749474843343,0.30859375,0.3180700231481481,0.0094762731481481,True,0.3180700231481481,0.3447880833237259,0.3547727266947427,1.0,-0.7681166491101853,-0.7685162933484049,-0.4985154208162505,1.0302426993158338,-0.6407119412402525,0.22600340563050694,-0.7683164712292951
4608,4.462943183051215,0.7929642995198565,0.7643024126688639,0.4264322916666667,0.5735677083333333,0.1325954861111111,0.2938368055555556,0.310941475826972,-0.23293134570121765,-0.125,-2.2890625,-1.033203125,0.703125,1.6171875,-0.23293134570121765,0.0,298.00244140625,274.94744873046875,-0.0005069907056167722,0.002937444718554616,r6_s72000_l1,6,72000,1,A,0.642016008731,block,1.5339372158050537,0.84375,0.1171875,0.3359375,1.9140625,3.8984375,3.6699788835313587,1539,0.6348278102664068,1537,0.4528301886792453,1532,0.1906005221932115,0.7706566629586397,0.7862598101298008,0.7643024126688639,0.7929642995198569,0.4264322916666667,0.4401041666666667,0.013671875,True,0.4264322916666667,0.7643024126688639,0.7929642995198569,0.0,0.32860846637556224,0.3632349997132075,2.5094246012860086,-0.2171155104658373,-0.4768172974135604,0.8940715182314897,0.3459217330443849
13824,4.4562386936611595,0.7862598101298008,0.7706566629586397,0.4401041666666667,0.5598958333333333,0.1437355324074074,0.29636863425925924,0.32659434582511504,-0.3643556833267212,-0.2421875,-2.40625,-1.203125,0.6015625,1.4921875,-0.3643556833267212,0.0,306.2093200683594,292.3350524902344,-0.0008167977794073522,0.00288964225910604,r6_s72000_l1,6,72000,1,A,0.642016008731,noise,1.5339372158050537,0.84375,0.1171875,0.3359375,1.9140625,3.8984375,3.6699788835313587,4617,0.6567034871128439,4611,0.4651919323357189,4596,0.1973455178416014,0.7706566629586397,0.7862598101298008,0.7643024126688639,0.7929642995198569,0.4264322916666667,0.4401041666666667,0.013671875,True,0.4401041666666667,0.7706566629586397,0.7862598101298008,1.0,0.34522021333008956,0.345918796008985,2.5094246012860086,-1.2223453522558567,-0.4527676390456479,0.819671490351707,0.3455695046695373
4608,4.251893917719523,0.5819150341881647,0.569165998035007,0.3899739583333333,0.6100260416666667,0.15169270833333334,0.23828125,0.38898163606010017,-0.24401770532131195,-0.140625,-2.078125,-0.9765625,0.5986328125,1.40625,-0.24401770532131195,0.0,268.8427734375,253.03167724609375,-0.0005777252372354269,0.0029444892425090075,r6_s72000_l2,6,72000,2,A,0.589986659391,block,1.5339372158050537,0.84375,0.1171875,0.3359375,1.9140625,3.8984375,3.6699788835313587,1539,0.6302794022092267,1537,0.4072869225764476,1532,0.13120104438642297,0.5700084368387858,0.5801390541924372,0.5691659980350071,0.5819150341881646,0.3899739583333333,0.3993778935185185,0.0094039351851852,True,0.3899739583333333,0.5691659980350071,0.5819150341881646,0.0,-0.18153145473002358,-0.1818582739864553,2.5094246012860086,-0.30191212978524135,-0.5622675741439773,0.905035656576094,-0.18169486435823945
13824,4.250117937723796,0.5801390541924372,0.5700084368387858,0.39937789351851855,0.6006221064814814,0.1537181712962963,0.2456597222222222,0.38489404093461327,-0.35933586955070496,-0.23828125,-2.209765672683716,-1.1015625,0.5078125,1.296875,-0.35933586955070496,0.0,267.12481689453125,254.34429931640625,-0.0008873491315171123,0.002950355876237154,r6_s72000_l2,6,72000,2,A,0.589986659391,noise,1.5339372158050537,0.84375,0.1171875,0.3359375,1.9140625,3.8984375,3.6699788835313587,4617,0.6250812215724496,4611,0.4127087399696378,4596,0.15926892950391644,0.5700084368387858,0.5801390541924372,0.5691659980350071,0.5819150341881646,0.3899739583333333,0.3993778935185185,0.0094039351851852,True,0.3993778935185185,0.5700084368387858,0.5801390541924372,1.0,-0.17932908944775494,-0.18644523498996687,2.5094246012860086,-1.1839501303430096,-0.5673019202882761,0.9141665196732975,-0.18288716221886092
4608,4.3222838507758246,0.6523049672444658,0.6611291766166687,0.4290364583333333,0.5709635416666667,0.15364583333333334,0.275390625,0.3581183611532625,-0.2529809772968292,-0.1953125,-2.1484375,-1.072265625,0.671875,1.5625,-0.2529809772968292,0.0,292.22503662109375,278.7225341796875,-0.0005687118973582983,0.0028946606907993555,r6_s72000_l3,6,72000,3,A,0.648777101839,block,1.5339372158050537,0.84375,0.1171875,0.3359375,1.9140625,3.8984375,3.6699788835313587,1539,0.6562703053931124,1537,0.4749512036434613,1532,0.15469973890339425,0.6451545777144255,0.6669001579284668,0.6611291766166687,0.652304967244466,0.4290364583333333,0.4149305555555556,-0.0141059027777777,False,0.4290364583333333,0.6611291766166687,0.652304967244466,0.0,0.058885428783465095,-5.67453961651054e-05,2.5094246012860086,-0.370469815771415,-0.4937475600696478,0.827482206833714,0.029414341693649995
13824,4.3368790414598255,0.6669001579284668,0.6451545777144255,0.4149305555555556,0.5850694444444444,0.14684606481481483,0.26808449074074076,0.35390516039051606,-0.38485196232795715,-0.21875,-2.359375,-1.140625,0.5546875,1.375,-0.38485196232795715,0.0,278.7584228515625,266.8329772949219,-0.0008628255454823375,0.003005902050063014,r6_s72000_l3,6,72000,3,A,0.648777101839,noise,1.5339372158050537,0.84375,0.1171875,0.3359375,1.9140625,3.8984375,3.6699788835313587,4617,0.6270305393112411,4611,0.4285404467577532,4596,0.188207136640557,0.6451545777144255,0.6669001579284668,0.6611291766166687,0.652304967244466,0.4290364583333333,0.4149305555555556,-0.0141059027777777,False,0.4149305555555556,0.6451545777144255,0.6669001579284668,1.0,0.017123461192871774,0.03763938331439639,2.5094246012860086,-1.3791159449021484,-0.5332104879212717,1.0006189099672524,0.02738142225363408
4608,5.42049158944024,1.7505127059088812,1.7777680026160345,0.6697048611111112,0.33029513888888884,0.11566840277777778,0.5540364583333334,0.17271548930654568,-0.5701337456703186,-0.34375,-3.645703077316284,-1.845703125,0.953125,2.265625,-0.5701337456703186,0.0,450.2067565917969,439.4317932128906,-0.0008466188446618617,0.002974563278257847,r6_s72000_l4,6,72000,4,A,0.729123600034,block,1.5339372158050537,0.84375,0.1171875,0.3359375,1.9140625,3.8984375,3.6699788835313587,1539,0.792722547108512,1537,0.690305790500976,1532,0.5254569190600522,1.724853060863636,1.7968071301778157,1.7777680026160347,1.7505127059088814,0.6697048611111112,0.6098090277777778,-0.0598958333333333,False,0.6697048611111112,1.7777680026160347,1.7505127059088814,0.0,2.978084511474387,2.836369387289351,2.5094246012860086,-2.7962870801795447,-0.03079367100921263,0.9518430619686606,2.9072269493818688
13824,5.466786013709174,1.7968071301778155,1.724853060863636,0.6098090277777778,0.3901909722222222,0.13194444444444445,0.4778645833333333,0.21637010676156584,-0.4842071235179901,-0.298828125,-3.8046875,-1.78125,1.0859375,2.5703125,-0.4842071235179901,0.0,463.0400085449219,448.569580078125,-0.0006775778601877391,0.0030646654777228832,r6_s72000_l4,6,72000,4,A,0.729123600034,noise,1.5339372158050537,0.84375,0.1171875,0.3359375,1.9140625,3.8984375,3.6699788835313587,4617,0.754169374052415,4611,0.6226415094339622,4596,0.45191470844212356,1.724853060863636,1.7968071301778157,1.7777680026160347,1.7505127059088814,0.6697048611111112,0.6098090277777778,-0.0598958333333333,False,0.6098090277777778,1.724853060863636,1.7968071301778157,1.0,2.8397503914100963,2.9559375802377357,2.5094246012860086,-2.13905717624907,0.006813236309516456,1.0920786529729252,2.897843985823916
4608,3.995290517807007,0.32531163427564813,0.32503095600340104,0.3088107638888889,0.6911892361111112,0.1404079861111111,0.1684027777777778,0.4546732255797611,-0.19462013244628906,-0.1171875,-1.640625,-0.775390625,0.4765625,1.1015625,-0.19462013244628906,0.0,206.31304931640625,196.4073486328125,-0.0005683175404556096,0.002990543143823743,r6_s72000_l5,6,72000,5,A,0.285218258752,block,1.5339372158050537,0.84375,0.1171875,0.3359375,1.9140625,3.8984375,3.6699788835313587,1539,0.5607537361923327,1537,0.2947299934938191,1532,0.06984334203655353,0.3205744160546196,0.3282993722845004,0.325030956003401,0.3253116342756481,0.3088107638888889,0.27734375,-0.0314670138888888,False,0.3088107638888889,0.325030956003401,0.3253116342756481,0.0,-0.8197671797985504,-0.8446077371553931,2.5094246012860086,0.07591678123020393,-0.7455063625880123,0.9767142183345129,-0.8321874584769717
13824,3.998278255815859,0.32829937228450046,0.32057441605461967,0.27734375,0.72265625,0.13440393518518517,0.14293981481481483,0.4846113719353156,-0.11929868906736374,-0.046875,-1.375,-0.6171875,0.46875,1.0703125,-0.11929868906736374,0.0,225.42581176757812,204.02993774414062,-0.0002603702596388757,0.0024541830644011497,r6_s72000_l5,6,72000,5,A,0.285218258752,noise,1.5339372158050537,0.84375,0.1171875,0.3359375,1.9140625,3.8984375,3.6699788835313587,4617,0.5237166991552956,4611,0.2331381479071785,4596,0.07419495213228895,0.3205744160546196,0.3282993722845004,0.325030956003401,0.3253116342756481,0.3088107638888889,0.27734375,-0.0314670138888888,False,0.27734375,0.3205744160546196,0.3282993722845004,1.0,-0.8314177932534559,-0.836891074936064,2.5094246012860086,0.6520304902978924,-0.6894978085027729,0.14192024909174197,-0.83415443409476
4608,3.8838842974768744,0.21390541394551565,0.22372630735238394,0.2697482638888889,0.7302517361111112,0.14539930555555555,0.12434895833333333,0.5390185036202735,-0.08575566858053207,-0.0546875,-1.296875,-0.6328125,0.5,1.1105468273162842,-0.08575566858053207,0.0,182.7052001953125,176.48690795898438,-0.00028757049585692585,0.0029386423993855715,r6_s72000_l6,6,72000,6,A,0.22985673747,block,1.5339372158050537,0.84375,0.1171875,0.3359375,1.9140625,3.8984375,3.6699788835313587,1539,0.51137102014295,1537,0.2511385816525699,1532,0.04569190600522193,0.2187657372819053,0.2182960157041193,0.2237263073523839,0.2139054139455158,0.2697482638888889,0.2258391203703703,-0.0439091435185185,False,0.2697482638888889,0.2237263073523839,0.2139054139455158,0.0,-1.0846052192153735,-1.1323452057261445,2.5094246012860086,0.9085921423202035,-0.8146874397720633,0.8959355956919816,-1.108475212470759
13824,3.888274899235478,0.21829601570411938,0.2187657372819053,0.22583912037037038,0.7741608796296297,0.12239583333333333,0.10344328703703703,0.5419602818705958,-0.08486169576644897,-0.03125,-1.052343726158142,-0.46875,0.390625,0.8671875,-0.08486169576644897,0.0,186.3779296875,166.12161254882812,-0.00021974515402689576,0.0023637188132852316,r6_s72000_l6,6,72000,6,A,0.22985673747,noise,1.5339372158050537,0.84375,0.1171875,0.3359375,1.9140625,3.8984375,3.6699788835313587,4617,0.46155512237383584,4611,0.16829321188462373,4596,0.04677980852915579,0.2187657372819053,0.2182960157041193,0.2237263073523839,0.2139054139455158,0.2697482638888889,0.2258391203703703,-0.0439091435185185,False,0.2258391203703703,0.2187657372819053,0.2182960157041193,1.0,-1.0975735051662094,-1.1210052587126003,2.5094246012860086,0.91542990286518,-0.8039247743055113,0.001121158777394851,-1.109289381939405
4608,4.205622540579902,0.535643657048543,0.4530799256430732,0.3589409722222222,0.6410590277777778,0.150390625,0.2085503472222222,0.4189842805320435,-0.17579609155654907,-0.078125,-1.96875,-0.921875,0.7265625,1.549218773841858,-0.17579609155654907,0.0,262.6096496582031,254.0655059814453,-0.0003345130244269967,0.002975547919049859,r6_s72000_l7,6,72000,7,B,0.4199233213,block,1.5339372158050537,0.84375,0.1171875,0.3359375,1.9140625,3.8984375,3.6699788835313587,1539,0.5971410006497726,1537,0.357839947950553,1532,0.12075718015665797,0.4863787183055171,0.4939390111852573,0.4530799256430731,0.5356436570485431,0.3589409722222222,0.3447627314814814,-0.0141782407407407,False,0.3589409722222222,0.4530799256430731,0.5356436570485431,0.0,-0.4850121757558547,-0.3013669413300165,2.5094246012860086,0.2198968688404776,-0.5805332880199605,0.9533755626646988,-0.3931895585429356
13824,4.163917894716616,0.4939390111852573,0.4863787183055171,0.34476273148148145,0.6552372685185186,0.14525462962962962,0.19950810185185186,0.42131766680654636,-0.1356341540813446,-0.0625,-1.764032006263733,-0.7890625,0.6328125,1.4140625,-0.1356341540813446,0.0,281.81488037109375,259.52398681640625,-0.00025000437744893134,0.0025090051349252462,r6_s72000_l7,6,72000,7,B,0.4199233213,noise,1.5339372158050537,0.84375,0.1171875,0.3359375,1.9140625,3.8984375,3.6699788835313587,4617,0.5964912280701754,4611,0.3148991541964867,4596,0.12184508268059181,0.4863787183055171,0.4939390111852573,0.4530799256430731,0.5356436570485431,0.3589409722222222,0.3447627314814814,-0.0141782407407407,False,0.3447627314814814,0.4863787183055171,0.4939390111852573,1.0,-0.3979600307546055,-0.4090807583213987,2.5094246012860086,0.5270848583985551,-0.5242537624489992,0.22724564076553153,-0.4035203945380021
4608,4.153608878453572,0.4836299949222136,0.4070446689923604,0.3715277777777778,0.6284722222222222,0.1560329861111111,0.21549479166666666,0.4199766355140187,-0.23733669519424438,-0.15625,-2.046875,-1.0,0.640625,1.484375,-0.23733669519424438,0.0,252.5886993408203,244.79815673828125,-0.0006570692057721317,0.0031058359891176224,r6_s72000_l8,6,72000,8,B,0.422209268743,block,1.5339372158050537,0.84375,0.1171875,0.3359375,1.9140625,3.8984375,3.6699788835313587,1539,0.6133853151397011,1537,0.3897202342225114,1532,0.11031331592689295,0.4294329517417484,0.4530264536539707,0.4070446689923604,0.483629994922214,0.3715277777777778,0.3297887731481481,-0.0417390046296296,False,0.3715277777777778,0.4070446689923604,0.483629994922214,0.0,-0.6053609186592993,-0.43570665258648394,2.5094246012860086,-0.25081085832845157,-0.6098989508471161,1.1561566780563135,-0.5205337856228917
13824,4.1230053371853295,0.45302645365397076,0.4294329517417484,0.32978877314814814,0.6702112268518519,0.14127604166666666,0.18851273148148148,0.42838341741610003,-0.1121954545378685,-0.0234375,-1.625,-0.7578125,0.6328125,1.34375,-0.1121954545378685,0.0,270.7435607910156,251.0143585205078,-0.0001931939332280308,0.002468124497681856,r6_s72000_l8,6,72000,8,B,0.422209268743,noise,1.5339372158050537,0.84375,0.1171875,0.3359375,1.9140625,3.8984375,3.6699788835313587,4617,0.5785141867013212,4611,0.3077423552374756,4596,0.10204525674499565,0.4294329517417484,0.4530264536539707,0.4070446689923604,0.483629994922214,0.3715277777777778,0.3297887731481481,-0.0417390046296296,False,0.3297887731481481,0.4294329517417484,0.4530264536539707,1.0,-0.5468318285512723,-0.514748787466658,2.5094246012860086,0.7063612440326273,-0.5566974556660285,0.16361877750918694,-0.5307903080089651
4608,4.053762276967366,0.38378339343600754,0.37108295493655735,0.3383246527777778,0.6616753472222222,0.142578125,0.1957465277777778,0.4214239897370109,-0.04195743054151535,-0.03125,-1.517968773841858,-0.7734375,0.671875,1.486718773841858,-0.04195743054151535,0.0,279.3729248046875,270.7511291503906,-5.552701622946188e-05,0.002434487221762538,r6_s72000_l9,6,72000,9,A,0.391422888087,block,1.5339372158050537,0.84375,0.1171875,0.3359375,1.9140625,3.8984375,3.6699788835313587,1539,0.5854450942170241,1537,0.3565387117761874,1532,0.07180156657963446,0.3817732830842336,0.3731846367871316,0.3710829549365573,0.3837833934360081,0.3383246527777778,0.3167679398148148,-0.0215567129629629,False,0.3383246527777778,0.3710829549365573,0.3837833934360081,0.0,-0.6993746679929206,-0.6935881988044463,2.5094246012860086,1.2435932288016063,-0.5314097348399202,0.11126552424427011,-0.6964814333986835
13824,4.04316352031849,0.37318463678713165,0.3817732830842336,0.3167679398148148,0.6832320601851851,0.1382378472222222,0.1785300925925926,0.43640100479561544,-0.058200541883707047,-0.0078125,-1.5234375,-0.703125,0.65625,1.3828125,-0.058200541883707047,0.0,262.905029296875,249.21548461914062,-9.452319500269368e-05,0.0024366374127566814,r6_s72000_l9,6,72000,9,A,0.391422888087,noise,1.5339372158050537,0.84375,0.1171875,0.3359375,1.9140625,3.8984375,3.6699788835313587,4617,0.5726662334849469,4611,0.3018867924528302,4596,0.07463011314186249,0.3817732830842336,0.3731846367871316,0.3710829549365573,0.3837833934360081,0.3383246527777778,0.3167679398148148,-0.0215567129629629,False,0.3167679398148148,0.3817732830842336,0.3731846367871316,1.0,-0.6714272284128651,-0.7209624279911816,2.5094246012860086,1.1193539856013386,-0.5796676995677157,0.11461209410189903,-0.6961948282020234
4608,4.129855632781982,0.4598767492506237,0.4138943354288737,0.3263888888888889,0.6736111111111112,0.14149305555555555,0.18489583333333334,0.43351063829787234,-0.23192384839057922,-0.15625,-1.8125,-0.9140625,0.5078125,1.2265625,-0.23192384839057922,0.0,257.7970275878906,244.20285034179688,-0.0005346528487280011,0.0025999543722718954,r6_s72000_l10,6,72000,10,B,0.442902384351,block,1.5339372158050537,0.84375,0.1171875,0.3359375,1.9140625,3.8984375,3.6699788835313587,1539,0.571150097465887,1537,0.3142485361093038,1532,0.0926892950391645,0.4360994365480211,0.4331227585121437,0.4138943354288737,0.4598767492506239,0.3263888888888889,0.3486689814814814,0.0222800925925925,True,0.3263888888888889,0.4138943354288737,0.4598767492506239,0.0,-0.5874540184936948,-0.4970559987866245,2.5094246012860086,-0.20940943120780187,-0.5946363254121502,0.3687995664901051,-0.5422550086401596
13824,4.1031016420435025,0.43312275851214377,0.4360994365480211,0.34866898148148145,0.6513310185185186,0.1449652777777778,0.2037037037037037,0.4157676348547718,-0.08778063207864761,-0.0546875,-1.6328125,-0.796875,0.6640625,1.4375,-0.08778063207864761,0.0,286.4775695800781,279.02178955078125,-0.00019339869322720915,0.0023769522085785866,r6_s72000_l10,6,72000,10,B,0.442902384351,noise,1.5339372158050537,0.84375,0.1171875,0.3359375,1.9140625,3.8984375,3.6699788835313587,4617,0.6001732726878926,4611,0.3626111472565604,4596,0.08202785030461271,0.4360994365480211,0.4331227585121437,0.4138943354288737,0.4598767492506239,0.3263888888888889,0.3486689814814814,0.0222800925925925,True,0.3486689814814814,0.4360994365480211,0.4331227585121437,1.0,-0.5294038152329755,-0.5661556015416909,2.5094246012860086,0.8931037345137164,-0.5105900923536253,0.021717692724125177,-0.5477797083873333
4608,4.455093065897624,0.7725881205664744,0.7476856973436143,0.4357638888888889,0.5642361111111112,0.1427951388888889,0.29296875,0.32768924302788843,-0.1734483540058136,0.0,-2.25,-1.0,0.75,1.75,-0.1734483540058136,0.0,1002.111083984375,660.1865234375,-0.00015844142762944102,0.001376946223899722,r6_s143000_l1,6,143000,1,A,0.664078649987,block,1.4676649570465088,0.75,0.0,0.25,2.0,3.75,3.6825049453311496,1899,0.6313849394418115,1300,0.42230769230769233,1409,0.18452803406671398,0.7515565046557674,0.7708712418874106,0.7476856973436145,0.7725881205664741,0.4357638888888889,0.4447337962962963,0.0089699074074073,True,0.4357638888888889,0.7476856973436145,0.7725881205664741,0.0,0.2851678309566822,0.31060786512577737,1.1146597236192495,0.23785408962111584,1.5865216411867804,-1.534697479179197,0.2978878480412298
13824,4.45337618721856,0.7708712418874106,0.7515565046557674,0.4447337962962963,0.5552662037037037,0.14033564814814814,0.30439814814814814,0.3155497722836695,-0.30432581901550293,-0.25,-2.25,-1.25,0.5,1.5,-0.30432581901550293,0.0,1134.5506591796875,871.911865234375,-0.00024213975120801479,0.0011222418397665024,r6_s143000_l1,6,143000,1,A,0.664078649987,noise,1.4676649570465088,0.75,0.0,0.25,2.0,3.75,3.6825049453311496,5697,0.6303317535545023,3900,0.4346153846153846,4227,0.2039271350839839,0.7515565046557674,0.7708712418874106,0.7476856973436145,0.7725881205664741,0.4357638888888889,0.4447337962962963,0.0089699074074073,True,0.4447337962962963,0.7515565046557674,0.7708712418874106,1.0,0.2952871792112958,0.30617354966751126,1.1146597236192495,-0.7631928688231971,1.9746261409577166,-1.9311208745277164,0.30073036443940354
4608,4.382541868421766,0.7000369230906167,0.6894046068191528,0.43359375,0.56640625,0.1469184027777778,0.2866753472222222,0.33883883883883886,-0.2410481721162796,-0.25,-2.25,-1.0,0.75,1.75,-0.2410481721162796,0.0,1088.9266357421875,784.9890747070312,-0.00017233035760000348,0.0012068082578480244,r6_s143000_l2,6,143000,2,A,0.664078649987,block,1.4676649570465088,0.75,0.0,0.25,2.0,3.75,3.6825049453311496,1899,0.6377040547656662,1300,0.4238461538461539,1409,0.16749467707594037,0.6883934118129589,0.7020932833353677,0.6894046068191528,0.700036923090617,0.43359375,0.435474537037037,0.001880787037037,True,0.43359375,0.6894046068191528,0.700036923090617,0.0,0.1328051313658198,0.12322427162786877,1.1146597236192495,-0.2791989592430326,1.8409282733253602,-1.799501206093564,0.1280147014968443
13824,4.384598228666517,0.7020932833353677,0.6883934118129589,0.43547453703703703,0.564525462962963,0.15075231481481483,0.2847222222222222,0.3461794019933555,-0.34126338362693787,-0.25,-2.25,-1.25,0.5,1.5,-0.34126338362693787,0.0,992.9816284179688,727.2952880859375,-0.000347565597621724,0.0012932367390021682,r6_s143000_l2,6,143000,2,A,0.664078649987,noise,1.4676649570465088,0.75,0.0,0.25,2.0,3.75,3.6825049453311496,5697,0.6154116201509566,3900,0.4153846153846154,4227,0.21149751596877217,0.6883934118129589,0.7020932833353677,0.6894046068191528,0.700036923090617,0.43359375,0.435474537037037,0.001880787037037,True,0.435474537037037,0.6883934118129589,0.7020932833353677,1.0,0.13016159124723117,0.12853539240317918,1.1146597236192495,-1.0457184869949714,1.5597684385994433,-1.6649834117864948,0.1293484918252052
4608,4.4986880620320635,0.8161831167009139,0.824983086850908,0.4709201388888889,0.5290798611111112,0.1423611111111111,0.3285590277777778,0.30230414746543777,-0.2653537392616272,-0.25,-2.25,-1.25,0.75,1.75,-0.2653537392616272,0.0,1287.649658203125,962.0643310546875,-0.0001805242063710466,0.0010740325087681413,r6_s143000_l3,6,143000,3,A,0.726977669381,block,1.4676649570465088,0.75,0.0,0.25,2.0,3.75,3.6825049453311496,1899,0.6645602948920485,1300,0.46923076923076923,1409,0.21149751596877217,0.807746152083079,0.8302465633109768,0.8249830868509079,0.8161831167009143,0.4709201388888889,0.474464699074074,0.0035445601851851,True,0.4709201388888889,0.8249830868509079,0.8161831167009143,0.0,0.4872443334839397,0.4232040360837694,1.1146597236192495,-0.4651057848551647,2.4232715729881065,-2.0061541596707593,0.4552241847838545
13824,4.512751508642126,0.8302465633109768,0.807746152083079,0.47446469907407407,0.5255353009259259,0.1492332175925926,0.32523148148148145,0.3145296539106571,-0.38984736800193787,-0.25,-2.5,-1.25,0.5,1.5,-0.38984736800193787,0.0,904.9114379882812,612.90087890625,-0.00040268126758746803,0.001585871446877718,r6_s143000_l3,6,143000,3,A,0.726977669381,noise,1.4676649570465088,0.75,0.0,0.25,2.0,3.75,3.6825049453311496,5697,0.6361242759347024,3900,0.4543589743589744,4227,0.27513603028152356,0.807746152083079,0.8302465633109768,0.8249830868509079,0.8161831167009143,0.4709201388888889,0.474464699074074,0.0035445601851851,True,0.474464699074074,0.807746152083079,0.8302465633109768,1.0,0.44218227492833073,0.45952678821527587,1.1146597236192495,-1.4173244757272498,1.3016851794902375,-1.2095250383955933,0.45085453157180333
4608,5.619947327507867,1.9374423821767173,1.9717504978179932,0.6875,0.3125,0.11458333333333333,0.5729166666666666,0.16666666666666666,-0.4673393964767456,-0.25,-4.0,-2.0,1.25,2.75,-0.4673393964767456,0.0,1289.4661865234375,903.0823974609375,-0.000318522856105119,0.0017412842717021704,r6_s143000_l4,6,143000,4,A,0.75,block,1.4676649570465088,0.75,0.0,0.25,2.0,3.75,3.6825049453311496,1899,0.7898894154818326,1300,0.6746153846153846,1409,0.5613910574875799,1.9122466731954504,2.0052518932907666,1.9717504978179927,1.937442382176717,0.6875,0.6393952546296297,-0.0481047453703703,False,0.6875,1.9717504978179927,1.937442382176717,0.0,3.4852077718042005,3.319167131353103,1.1146597236192495,-2.0100404135141208,2.4285947765247755,-0.967639607537088,3.4021874515786514
13824,5.687756838621916,2.0052518932907666,1.9122466731954504,0.6393952546296297,0.36060474537037035,0.1261574074074074,0.5132378472222222,0.19730738771354225,-0.4131401777267456,-0.25,-4.0,-1.75,1.25,3.0,-0.4131401777267456,0.0,1738.69189453125,1074.8941650390625,-0.00023215384862851351,0.0015681034419685602,r6_s143000_l4,6,143000,4,A,0.75,noise,1.4676649570465088,0.75,0.0,0.25,2.0,3.75,3.6825049453311496,5697,0.7502194137265227,3900,0.6248717948717949,4227,0.5034303288384196,1.9122466731954504,2.0052518932907666,1.9717504978179927,1.937442382176717,0.6875,0.6393952546296297,-0.0481047453703703,False,0.6393952546296297,1.9122466731954504,2.0052518932907666,1.0,3.3296485110922447,3.4943040044573013,1.1146597236192495,-1.595484988898212,3.745017895773707,-1.237179265308992,3.411976257774773
4608,4.405527379777697,0.723022434446547,0.7010863555802239,0.4338107638888889,0.5661892361111112,0.15538194444444445,0.2784288194444444,0.3581790895447724,-0.3305935263633728,-0.25,-2.25,-1.0,0.75,1.5,-0.3305935263633728,0.0,904.0645751953125,398.2740478515625,-0.0003622532822191715,0.0020719352178275585,r6_s143000_l5,6,143000,5,A,0.416817701285,block,1.4676649570465088,0.75,0.0,0.25,2.0,3.75,3.6825049453311496,1899,0.5955766192733017,1300,0.40923076923076923,1409,0.23846699787083037,0.6961794561809964,0.7276174757215714,0.701086355580224,0.7230224344465467,0.4338107638888889,0.4024160879629629,-0.0313946759259259,False,0.4338107638888889,0.701086355580224,0.7230224344465467,0.0,0.1633444153970952,0.18259073098499307,1.1146597236192495,-0.9641075835446639,1.2992035099427852,-0.4530125382610905,0.17296757319104414
13824,4.410122421052721,0.7276174757215714,0.6961794561809964,0.40241608796296297,0.597583912037037,0.14916087962962962,0.2532552083333333,0.3706633111630415,-0.14464880526065826,0.0,-2.0,-1.0,0.75,1.75,-0.14464880526065826,0.0,1107.2662353515625,645.0653076171875,-8.76552949193865e-05,0.0014221279416233301,r6_s143000_l5,6,143000,5,A,0.416817701285,noise,1.4676649570465088,0.75,0.0,0.25,2.0,3.75,3.6825049453311496,5697,0.5868000702123924,3900,0.3720512820512821,4227,0.18192571563756801,0.6961794561809964,0.7276174757215714,0.701086355580224,0.7230224344465467,0.4338107638888889,0.4024160879629629,-0.0313946759259259,False,0.4024160879629629,0.6961794561809964,0.7276174757215714,1.0,0.1505164392497839,0.1944586997621012,1.1146597236192495,0.45813418653292654,1.8946711301859254,-1.464376389070662,0.17248756950594255
4608,4.0430006980896,0.36049575275845,0.32916684945424396,0.322265625,0.677734375,0.1391059027777778,0.1831597222222222,0.4316498316498317,0.0374891497194767,0.0,-1.5,-0.75,0.75,1.5,0.0374891497194767,0.0,546.5172729492188,338.3918151855469,0.00011054871720261872,0.0019254426006227732,r6_s143000_l6,6,143000,6,B,0.273982019981,block,1.4676649570465088,0.75,0.0,0.25,2.0,3.75,3.6825049453311496,1899,0.5402843601895735,1300,0.2876923076923077,1409,0.060326472675656495,0.3496002797727232,0.3379045239201299,0.3291668494542439,0.36049575275845,0.322265625,0.2893518518518518,-0.0329137731481481,False,0.322265625,0.3291668494542439,0.36049575275845,0.0,-0.8089548239260036,-0.7537349909466557,1.1146597236192495,1.8512590139173266,0.2514372612363383,-0.6810145057318883,-0.7813449074363297
13824,4.0204094692512795,0.33790452392012993,0.3496002797727232,0.28935185185185186,0.7106481481481481,0.13838252314814814,0.1509693287037037,0.47825,-0.08849645406007767,0.0,-1.5,-0.75,0.5,1.25,-0.08849645406007767,0.0,706.340087890625,349.962890625,-9.626802784623578e-05,0.0015696050832048059,r6_s143000_l6,6,143000,6,B,0.273982019981,noise,1.4676649570465088,0.75,0.0,0.25,2.0,3.75,3.6825049453311496,5697,0.4909601544672635,3900,0.21846153846153846,4227,0.0830376153300213,0.3496002797727232,0.3379045239201299,0.3291668494542439,0.36049575275845,0.322265625,0.2893518518518518,-0.0329137731481481,False,0.2893518518518518,0.3496002797727232,0.3379045239201299,1.0,-0.7555362523582912,-0.812083106326373,1.1146597236192495,0.8876286023567398,0.7197863446077019,-1.2348421020933147,-0.7838096793423321
4608,4.483972602420383,0.8014676570892338,0.7113470170232985,0.4405381944444444,0.5594618055555556,0.1642795138888889,0.2762586805555556,0.3729064039408867,-0.2582465410232544,0.0,-2.5,-1.25,0.75,2.0,-0.2582465410232544,0.0,690.8564453125,459.31036376953125,-0.00029234454268589616,0.0021392914932221174,r6_s143000_l7,6,143000,7,B,0.482002668122,block,1.4676649570465088,0.75,0.0,0.25,2.0,3.75,3.6825049453311496,1899,0.6113744075829384,1300,0.4169230769230769,1409,0.2320794889992903,0.7569011427738048,0.7659868575908519,0.7113470170232986,0.8014676570892335,0.4405381944444444,0.4271556712962963,-0.0133825231481481,False,0.4405381944444444,0.7113470170232986,0.8014676570892335,0.0,0.19016858877797174,0.3851972795043549,1.1146597236192495,-0.41074471376430005,0.6744126611860122,-0.34817883671013855,0.2876829341411633
13824,4.4484918029220015,0.7659868575908519,0.7569011427738048,0.4271556712962963,0.5728443287037037,0.1508246527777778,0.27633101851851855,0.35309060118543606,-0.1196017786860466,0.0,-2.25,-1.0,0.75,2.0,-0.1196017786860466,0.0,1185.7171630859375,690.8694458007812,-8.36609469843097e-05,0.0014169781934469938,r6_s143000_l7,6,143000,7,B,0.482002668122,noise,1.4676649570465088,0.75,0.0,0.25,2.0,3.75,3.6825049453311496,5697,0.625241355099175,3900,0.3902564102564103,4227,0.19422758457534894,0.7569011427738048,0.7659868575908519,0.7113470170232986,0.8014676570892335,0.4405381944444444,0.4271556712962963,-0.0133825231481481,False,0.4271556712962963,0.7569011427738048,0.7659868575908519,1.0,0.3092595240091102,0.2935582722722831,1.1146597236192495,0.6497122383291821,2.1245658426992673,-1.4723914872960042,0.30140889814069666
4608,4.151170518663195,0.46866557333204506,0.4219082163439857,0.3580729166666667,0.6419270833333333,0.15364583333333334,0.20442708333333334,0.4290909090909091,-0.1223958358168602,0.0,-1.75,-0.75,0.5,1.5,-0.1223958358168602,0.0,750.9489135742188,443.9569091796875,-0.0001497037592343986,0.0015520419692620635,r6_s143000_l8,6,143000,8,A,0.38447851062,block,1.4676649570465088,0.75,0.0,0.25,2.0,3.75,3.6825049453311496,1899,0.573986308583465,1300,0.3292307692307692,1409,0.0936834634492548,0.4344291488329569,0.4505527549319796,0.4219082163439856,0.4686655733320448,0.3580729166666667,0.3247251157407407,-0.0333478009259259,False,0.3580729166666667,0.4219082163439856,0.4686655733320448,0.0,-0.5665035434864767,-0.4743564225384763,1.1146597236192495,0.6283412376583368,0.8505092493872455,-1.2621774355064737,-0.5204299830124766
13824,4.133057700263129,0.45055275493197966,0.43442914883295697,0.32472511574074076,0.6752748842592593,0.1417824074074074,0.18294270833333334,0.43662285586990424,-0.0450303815305233,0.0,-1.5,-0.75,0.75,1.5,-0.0450303815305233,0.0,919.6739501953125,510.693603515625,-3.965082942158915e-05,0.0013687695609405637,r6_s143000_l8,6,143000,8,A,0.38447851062,noise,1.4676649570465088,0.75,0.0,0.25,2.0,3.75,3.6825049453311496,5697,0.5330875899596279,3900,0.2817948717948718,4227,0.08351076413532056,0.4344291488329569,0.4505527549319796,0.4219082163439856,0.4686655733320448,0.3580729166666667,0.3247251157407407,-0.0333478009259259,False,0.3247251157407407,0.4344291488329569,0.4505527549319796,1.0,-0.5337704038309327,-0.5211378006309427,1.1146597236192495,1.220089043105718,1.34494564304143,-1.5474236853021144,-0.5274541022309377
4608,4.13181201616923,0.44930707083808086,0.42085370421409607,0.357421875,0.642578125,0.14344618055555555,0.21397569444444445,0.4013357619914997,-0.1398112028837204,0.0,-1.5,-0.75,0.5,1.25,-0.1398112028837204,0.0,694.3571166992188,401.6049499511719,-0.0002102926664520055,0.0015104868216440082,r6_s143000_l9,6,143000,9,A,0.437510816892,block,1.4676649570465088,0.75,0.0,0.25,2.0,3.75,3.6825049453311496,1899,0.5634544497103738,1300,0.3476923076923077,1409,0.0887154009936125,0.4384365192166081,0.4370199839274087,0.420853704214096,0.4493070708380806,0.357421875,0.3275462962962963,-0.0298755787037037,False,0.357421875,0.420853704214096,0.4493070708380806,0.0,-0.5692603264055242,-0.5243551253616009,1.1146597236192495,0.49513572186399446,0.6846711229441483,-1.3268541106607663,-0.5468077258835625
13824,4.119524929258558,0.4370199839274087,0.43843651921660814,0.3275462962962963,0.6724537037037037,0.14265046296296297,0.18489583333333334,0.43551236749116606,-0.0311143659055233,0.0,-1.5,-0.75,0.75,1.5,-0.0311143659055233,0.0,1037.773193359375,635.4346923828125,-3.0884737498126924e-05,0.0011450975434854627,r6_s143000_l9,6,143000,9,A,0.437510816892,noise,1.4676649570465088,0.75,0.0,0.25,2.0,3.75,3.6825049453311496,5697,0.538880112339828,3900,0.29,4227,0.0773598296664301,0.4384365192166081,0.4370199839274087,0.420853704214096,0.4493070708380806,0.357421875,0.3275462962962963,-0.0298755787037037,False,0.3275462962962963,0.4384365192166081,0.4370199839274087,1.0,-0.5232940423830066,-0.5560899357995542,1.1146597236192495,1.3265289494260188,1.691026847424037,-1.8955481233864915,-0.5396919890912804
4608,4.833809640672472,1.1513046953413224,1.0211710002687242,0.4921875,0.5078125,0.166015625,0.326171875,0.3373015873015873,-0.5123426914215088,-0.25,-2.75,-1.5,0.5,1.5,-0.5123426914215088,0.0,1563.2955322265625,1117.679443359375,-0.000318975216941908,0.0009537912555970252,r6_s143000_l10,6,143000,10,B,0.781152949375,block,1.4676649570465088,0.75,0.0,0.25,2.0,3.75,3.6825049453311496,1899,0.6513954713006845,1300,0.5107692307692308,1409,0.2604684173172463,1.0805972218513489,1.078704171710544,1.0211710002687242,1.1513046953413224,0.4921875,0.5051359953703703,0.0129484953703703,True,0.4921875,1.0211710002687242,1.1513046953413224,0.0,1.0001331597987253,1.2887484771004452,1.1146597236192495,-2.3542586601090734,3.2310316695757244,-2.19329835039707,1.1444408184495853
13824,4.761209117041694,1.0787041717105441,1.0805972218513489,0.5051359953703703,0.49486400462962965,0.134765625,0.37037037037037035,0.26679077760274955,-0.011574073694646358,0.0,-2.5,-1.25,1.25,2.5,-0.011574073694646358,0.0,3495.7314453125,2986.80029296875,-1.470625284127891e-05,0.0004191344778519124,r6_s143000_l10,6,143000,10,B,0.781152949375,noise,1.4676649570465088,0.75,0.0,0.25,2.0,3.75,3.6825049453311496,5697,0.7045813586097947,3900,0.5066666666666667,4227,0.23491838183108588,1.0805972218513489,1.078704171710544,1.0211710002687242,1.1513046953413224,0.4921875,0.5051359953703703,0.0129484953703703,True,0.5051359953703703,1.0805972218513489,1.078704171710544,1.0,1.1554895449544427,1.101237485124165,1.1146597236192495,1.4759874530986208,8.893893939268015,-3.0254412909322377,1.1283635150393039
4608,4.251958900027805,0.3917307323879671,0.4072243273258209,0.3411458333333333,0.6588541666666667,0.1365017361111111,0.2046440972222222,0.40012722646310434,-0.08820358663797379,-0.0625,-1.5125000476837158,-0.6953125,0.5859375,1.2890625,-0.08820358663797379,0.0,214.94346618652344,199.75430297851562,-0.0002311319694854319,0.002968952525407076,r8_s14000_l1,8,14000,1,A,0.519550141886,block,1.420703411102295,0.84375,0.125,0.328125,1.7890625,3.6796875,3.8602281676398382,1550,0.6038709677419355,1533,0.31637312459230266,1525,0.09901639344262295,0.392420126332177,0.4037945447144686,0.4072243273258209,0.3917307323879663,0.3411458333333333,0.3402777777777778,-0.0008680555555555,False,0.3411458333333333,0.4072243273258209,0.3917307323879663,0.0,-0.6048912426727364,-0.673061991334754,0.12630779309933268,0.889868667459642,-0.7202155564430072,0.9431104533677791,-0.6389766170037452
13824,4.264022712354307,0.40379454471446863,0.39242012633217704,0.3402777777777778,0.6597222222222222,0.14438657407407407,0.1958912037037037,0.42431972789115646,-0.22139930725097656,-0.1640625,-1.71875,-0.8515625,0.46875,1.1484375,-0.22139930725097656,0.0,208.22996520996094,201.39346313476562,-0.0006688457215204835,0.003071865765377879,r8_s14000_l1,8,14000,1,A,0.519550141886,noise,1.420703411102295,0.84375,0.125,0.328125,1.7890625,3.6796875,3.8602281676398382,4650,0.5815053763440861,4599,0.3237660360948032,4575,0.11169398907103825,0.392420126332177,0.4037945447144686,0.4072243273258209,0.3917307323879663,0.3411458333333333,0.3402777777777778,-0.0008680555555555,False,0.3402777777777778,0.392420126332177,0.4037945447144686,1.0,-0.6435934702456847,-0.6419038494477581,0.12630779309933268,-0.12891001218221712,-0.7398889806017453,1.103285222853507,-0.6427486598467214
4608,4.371911737653944,0.5116835700141058,0.5077182418770261,0.3856336805555556,0.6143663194444444,0.138671875,0.24696180555555555,0.35959482273494653,-0.18830513954162598,-0.1171875,-1.828125,-0.921875,0.59375,1.4140625,-0.18830513954162598,0.0,228.96348571777344,217.82675170898438,-0.00048245402285829186,0.003207374829798937,r8_s14000_l2,8,14000,2,A,0.571806043153,block,1.420703411102295,0.84375,0.125,0.328125,1.7890625,3.6796875,3.8602281676398382,1550,0.6341935483870967,1533,0.3926940639269406,1525,0.1259016393442623,0.4946838076467867,0.5237517180266202,0.5077182418770261,0.5116835700141059,0.3856336805555556,0.3718894675925926,-0.0137442129629629,False,0.3856336805555556,0.5077182418770261,0.5116835700141059,0.0,-0.34217268377671556,-0.3632505127284004,0.12630779309933268,0.12421848419596956,-0.6791309134355814,1.3141923244375928,-0.352711598252558
13824,4.3839798856664585,0.5237517180266202,0.4946838076467867,0.3718894675925926,0.6281105324074074,0.14778645833333334,0.22410300925925927,0.3973935032094923,-0.2825125455856323,-0.1953125,-1.9375,-0.9921875,0.4921875,1.234375,-0.2825125455856323,0.0,231.47401428222656,224.16510009765625,-0.0007730709039606154,0.0030889371410012245,r8_s14000_l2,8,14000,2,A,0.571806043153,noise,1.420703411102295,0.84375,0.125,0.328125,1.7890625,3.6796875,3.8602281676398382,4650,0.6105376344086022,4599,0.3648619265057621,4575,0.13639344262295083,0.4946838076467867,0.5237517180266202,0.5077182418770261,0.5116835700141059,0.3856336805555556,0.3718894675925926,-0.0137442129629629,False,0.3718894675925926,0.4946838076467867,0.5237517180266202,1.0,-0.3762482573304615,-0.33208117272953824,0.12630779309933268,-0.5963489356902509,-0.6717739928834667,1.1298552118660907,-0.3541647150299999
4608,4.354391892751058,0.4941637251112194,0.5229583117696974,0.3901909722222222,0.6098090277777778,0.1362847222222222,0.25390625,0.3492769744160178,-0.14628706872463226,-0.078125,-1.8203125,-0.8984375,0.65625,1.4609375,-0.14628706872463226,0.0,236.8123321533203,229.38258361816406,-0.0003660170768853277,0.0030799610540270805,r8_s14000_l3,8,14000,3,B,0.579343541264,block,1.420703411102295,0.84375,0.125,0.328125,1.7890625,3.6796875,3.8602281676398382,1550,0.6393548387096775,1533,0.38095238095238093,1525,0.14622950819672131,0.4743506400673478,0.5357597757268833,0.5229583117696973,0.4941637251112196,0.3901909722222222,0.370949074074074,-0.0192418981481481,False,0.3901909722222222,0.5229583117696973,0.4941637251112196,0.0,-0.302330975773221,-0.40850037227098485,0.12630779309933268,0.4456035445494483,-0.6561304423516585,1.1158847775237724,-0.35541567402210295
13824,4.3959879433667215,0.5357597757268833,0.4743506400673478,0.37094907407407407,0.6290509259259259,0.15002893518518517,0.2209201388888889,0.4044461778471139,-0.29158806800842285,-0.1796875,-2.0078125,-0.96875,0.5,1.2578125,-0.29158806800842285,0.0,224.27389526367188,215.0608367919922,-0.0007847650558687747,0.0032156920060515404,r8_s14000_l3,8,14000,3,B,0.579343541264,noise,1.420703411102295,0.84375,0.125,0.328125,1.7890625,3.6796875,3.8602281676398382,4650,0.5993548387096774,4599,0.35594694498804086,4575,0.15387978142076503,0.4743506400673478,0.5357597757268833,0.5229583117696973,0.4941637251112196,0.3901909722222222,0.370949074074074,-0.0192418981481481,False,0.370949074074074,0.4743506400673478,0.5357597757268833,1.0,-0.42940471469524655,-0.3010670326313783,0.12630779309933268,-0.6657651955250133,-0.6928734156645078,1.3271372262734584,-0.36523587366331245
4608,5.077920913696289,1.2176927460564508,1.222296569082472,0.5720486111111112,0.42795138888888884,0.1351996527777778,0.4368489583333333,0.23634294385432472,-0.47837722301483154,-0.296875,-3.0152344703674316,-1.4609375,0.7265625,1.775781273841858,-0.47837722301483154,0.0,327.4224853515625,315.9082336425781,-0.0008858839864842594,0.003207695670425892,r8_s14000_l4,8,14000,4,A,0.725651411301,block,1.420703411102295,0.84375,0.125,0.328125,1.7890625,3.6796875,3.8602281676398382,1550,0.7148387096774194,1533,0.5753424657534246,1525,0.42360655737704916,1.1892908657038654,1.2495548813431352,1.222296569082472,1.2176927460564504,0.5720486111111112,0.546875,-0.0251736111111111,False,0.5720486111111112,1.222296569082472,1.2176927460564504,0.0,1.5259303668422106,1.4602140344051573,0.12630779309933268,-2.0944658161834715,-0.39060400790552674,1.3146916826686499,1.493072200623684
13824,5.109783048982973,1.2495548813431352,1.1892908657038654,0.546875,0.453125,0.14243344907407407,0.40444155092592593,0.26044973544973543,-0.3784700036048889,-0.234375,-2.9921875,-1.4921875,0.84375,2.0303711891174316,-0.3784700036048889,0.0,371.72613525390625,358.1455993652344,-0.0006423388258554041,0.00300957472063601,r8_s14000_l4,8,14000,4,A,0.725651411301,noise,1.420703411102295,0.84375,0.125,0.328125,1.7890625,3.6796875,3.8602281676398382,4650,0.7270967741935483,4599,0.5516416612307024,4575,0.35890710382513663,1.1892908657038654,1.2495548813431352,1.222296569082472,1.2176927460564504,0.5720486111111112,0.546875,-0.0251736111111111,False,0.546875,1.1892908657038654,1.2495548813431352,1.0,1.4396444373339239,1.5425068374773903,0.12630779309933268,-1.330302038182824,-0.2607753984583984,1.0063350759590486,1.491075637405657
4608,4.1347470548417835,0.2745188872019453,0.2210980537864897,0.2771267361111111,0.7228732638888888,0.138671875,0.1384548611111111,0.5003915426781519,-0.1490851491689682,-0.109375,-1.34375,-0.6484375,0.3876953125,0.9554687738418579,-0.1490851491689682,0.0,157.49508666992188,146.9325714111328,-0.0005526397144421935,0.003207595320418477,r8_s14000_l5,8,14000,5,B,0.325644800604,block,1.420703411102295,0.84375,0.125,0.328125,1.7890625,3.6796875,3.8602281676398382,1550,0.5283870967741936,1533,0.23874755381604695,1525,0.06032786885245902,0.2374550468391842,0.251486451537521,0.2210980537864897,0.2745188872019451,0.2771267361111111,0.2563657407407407,-0.0207609953703703,False,0.2771267361111111,0.2210980537864897,0.2745188872019451,0.0,-1.0914761923715963,-0.9757940966013272,0.12630779309933268,0.42420177062238124,-0.8885638357398943,1.314535497329328,-1.0336351444864618
13824,4.111714619177359,0.251486451537521,0.23745504683918423,0.25636574074074076,0.7436342592592593,0.13158275462962962,0.1247829861111111,0.5132618510158014,-0.0669194906949997,-0.03125,-1.1484375,-0.5234375,0.4375,0.984375,-0.0669194906949997,0.0,188.10401916503906,171.54144287109375,-0.0001856586750363931,0.0025741695426404476,r8_s14000_l5,8,14000,5,B,0.325644800604,noise,1.420703411102295,0.84375,0.125,0.328125,1.7890625,3.6796875,3.8602281676398382,4650,0.5109677419354839,4599,0.2009132420091324,4575,0.05333333333333334,0.2374550468391842,0.251486451537521,0.2210980537864897,0.2745188872019451,0.2771267361111111,0.2563657407407407,-0.0207609953703703,False,0.2563657407407407,0.2374550468391842,0.251486451537521,1.0,-1.0487145419585604,-1.0352817510021437,0.12630779309933268,1.0526650625867464,-0.7988665951906037,0.328667906621874,-1.041998146480352
4608,4.07333509127299,0.21310692363315198,0.186862803167767,0.2549913194444444,0.7450086805555556,0.138671875,0.11631944444444445,0.5438297872340425,-0.16493436694145203,-0.09375,-1.328125,-0.6328125,0.375,0.890625,-0.16493436694145203,0.0,151.77667236328125,146.77464294433594,-0.0006319875246845186,0.00317415245808661,r8_s14000_l6,8,14000,6,A,0.305544805642,block,1.420703411102295,0.84375,0.125,0.328125,1.7890625,3.6796875,3.8602281676398382,1550,0.492258064516129,1533,0.2126549249836921,1525,0.05639344262295082,0.1948929169663676,0.2036598964973732,0.186862803167767,0.2131069236331518,0.2549913194444444,0.2375578703703703,-0.017433449074074,False,0.2549913194444444,0.186862803167767,0.2131069236331518,0.0,-1.1809764944163739,-1.1344075284624957,0.12630779309933268,0.3029753146874968,-0.9053212311082258,1.2624848305106613,-1.1576920114394347
13824,4.0638880641372115,0.20365989649737326,0.19489291696636765,0.23755787037037038,0.7624421296296297,0.12507233796296297,0.11248553240740741,0.5264920828258222,-0.052099138498306274,-0.0234375,-1.0234375,-0.4765625,0.4140625,0.8984375,-0.052099138498306274,0.0,174.54051208496094,158.89163208007812,-0.0001300417206948623,0.002527430187910795,r8_s14000_l6,8,14000,6,A,0.305544805642,noise,1.420703411102295,0.84375,0.125,0.328125,1.7890625,3.6796875,3.8602281676398382,4650,0.48,4599,0.18504022613611654,4575,0.043934426229508196,0.1948929169663676,0.2036598964973732,0.186862803167767,0.2131069236331518,0.2549913194444444,0.2375578703703703,-0.017433449074074,False,0.2375578703703703,0.1948929169663676,0.2036598964973732,1.0,-1.1599835822150637,-1.1588070966869009,0.12630779309933268,1.1660219990805505,-0.8386134618102693,0.2559225011535623,-1.1593953394509824
4608,4.163417816162109,0.30318964852227115,0.23135618534353045,0.2990451388888889,0.7009548611111112,0.1484375,0.1506076388888889,0.49637155297532654,-0.108062744140625,-0.046875,-1.4609375,-0.671875,0.5048828125,1.2109375,-0.108062744140625,0.0,174.30691528320312,167.81723022460938,-0.00033991923555731773,0.0032591724302619696,r8_s14000_l7,8,14000,7,C,0.37945351188,block,1.420703411102295,0.84375,0.125,0.328125,1.7890625,3.6796875,3.8602281676398382,1550,0.5670967741935484,1533,0.2713633398564905,1525,0.05442622950819672,0.2573973862109361,0.2597899172041149,0.2313561853435304,0.3031896485222713,0.2990451388888889,0.2654079861111111,-0.0336371527777777,False,0.2990451388888889,0.2313561853435304,0.3031896485222713,0.0,-1.0646586328042622,-0.9017439020981801,0.12630779309933268,0.7379712478861213,-0.8392980001724667,1.3948104131930716,-0.9832012674512212
13824,4.120018084843953,0.25978991720411493,0.2573973862109361,0.2654079861111111,0.7345920138888888,0.13411458333333334,0.1312934027777778,0.5053147996729354,-0.0711146667599678,-0.03125,-1.25,-0.5625,0.484375,1.0703125,-0.0711146667599678,0.0,200.50875854492188,183.56919860839844,-0.00017595529789105058,0.002583536319434643,r8_s14000_l7,8,14000,7,C,0.37945351188,noise,1.420703411102295,0.84375,0.125,0.328125,1.7890625,3.6796875,3.8602281676398382,4650,0.5109677419354839,4599,0.22287453794303108,4575,0.0585792349726776,0.2573973862109361,0.2597899172041149,0.2313561853435304,0.3031896485222713,0.2990451388888889,0.2654079861111111,-0.0336371527777777,False,0.2654079861111111,0.2573973862109361,0.2597899172041149,1.0,-0.9965798163469667,-1.0138357475008144,0.12630779309933268,1.0205772754366529,-0.7625154126628855,0.343246412888513,-1.0052077819238905
4608,4.306657552719116,0.446429385079278,0.3236706985367669,0.3131510416666667,0.6868489583333333,0.14713541666666666,0.166015625,0.4698544698544699,-0.06405385583639145,-0.0390625,-1.549218773841858,-0.703125,0.5703125,1.3984375,-0.06405385583639145,0.0,205.23081970214844,200.36659240722656,-0.00022846258070785552,0.0033174746204167604,r8_s14000_l8,8,14000,8,C,0.502329215011,block,1.420703411102295,0.84375,0.125,0.328125,1.7890625,3.6796875,3.8602281676398382,1550,0.5503225806451613,1533,0.2922374429223744,1525,0.09311475409836066,0.3681944840484195,0.3642150472711636,0.3236706985367669,0.4464293850792775,0.3131510416666667,0.3189380787037037,0.005787037037037,True,0.3131510416666667,0.3236706985367669,0.4464293850792775,0.0,-0.8233232645919195,-0.5317875471162063,0.12630779309933268,1.0745835422807823,-0.7486777574105902,1.4855522834442276,-0.6775554058540629
13824,4.224443214911002,0.3642150472711636,0.36819448404841953,0.3189380787037037,0.6810619212962963,0.13953993055555555,0.17939814814814814,0.4375141755500113,-0.05357299745082855,-0.015625,-1.46875,-0.671875,0.625,1.3046875,-0.05357299745082855,0.0,245.02557373046875,231.18487548828125,-9.680171933723614e-05,0.0025420100428164005,r8_s14000_l8,8,14000,8,C,0.502329215011,noise,1.420703411102295,0.84375,0.125,0.328125,1.7890625,3.6796875,3.8602281676398382,4650,0.5720430107526882,4599,0.2952815829528158,4575,0.08546448087431693,0.3681944840484195,0.3642150472711636,0.3236706985367669,0.4464293850792775,0.3131510416666667,0.3189380787037037,0.005787037037037,True,0.3189380787037037,0.3681944840484195,0.3642150472711636,1.0,-0.7069259203501767,-0.7441288811191613,0.12630779309933268,1.1547488435263142,-0.6320621379260651,0.27861467272743584,-0.725527400734669
4608,4.048911968866984,0.18868380122714612,0.2055832776758406,0.263671875,0.736328125,0.13151041666666666,0.13216145833333334,0.49876543209876545,-0.0008443196420557797,-0.0078125,-1.1484375,-0.5166015625,0.5390625,1.140625,-0.0008443196420557797,0.0,177.70089721679688,170.96543884277344,1.1242915206821635e-05,0.0028923070058226585,r8_s14000_l9,8,14000,9,A,0.357207586265,block,1.420703411102295,0.84375,0.125,0.328125,1.7890625,3.6796875,3.8602281676398382,1550,0.5316129032258065,1533,0.21526418786692758,1525,0.04,0.1974307828479343,0.1956568823920355,0.2055832776758406,0.1886838012271456,0.263671875,0.2364728009259259,-0.027199074074074,False,0.263671875,0.2055832776758406,0.1886838012271456,0.0,-1.132036057509572,-1.197487017155974,0.12630779309933268,1.558056491174856,-0.8293521840625429,0.8238189177497106,-1.1647615373327729
13824,4.055885050031874,0.1956568823920355,0.1974307828479343,0.23647280092592593,0.7635271990740741,0.12702546296296297,0.10944733796296297,0.5371673294585501,-0.03140830993652344,-0.013671875,-1.046875,-0.4921875,0.4609375,0.9765625,-0.03140830993652344,0.0,183.63241577148438,173.19345092773438,-8.310326666105539e-05,0.0024587626103311777,r8_s14000_l9,8,14000,9,A,0.357207586265,noise,1.420703411102295,0.84375,0.125,0.328125,1.7890625,3.6796875,3.8602281676398382,4650,0.4860215053763441,4599,0.182648401826484,4575,0.03693989071038251,0.1974307828479343,0.1956568823920355,0.2055832776758406,0.1886838012271456,0.263671875,0.2364728009259259,-0.027199074074074,False,0.2364728009259259,0.1974307828479343,0.1956568823920355,1.0,-1.153348907169772,-1.1794771006847213,0.12630779309933268,1.3242806496277018,-0.8119703022635858,0.14904788120107637,-1.1664130039272467
4608,4.1756792068481445,0.3154510392083063,0.2883223162757026,0.3092447916666667,0.6907552083333333,0.15559895833333334,0.15364583333333334,0.5031578947368421,-0.053190868347883224,-0.0546875,-1.5,-0.705078125,0.6171875,1.3406250476837158,-0.053190868347883224,0.0,203.42239379882812,198.43783569335938,-0.00011283516505500302,0.0031791250221431255,r8_s14000_l10,8,14000,10,B,0.454731743766,block,1.420703411102295,0.84375,0.125,0.328125,1.7890625,3.6796875,3.8602281676398382,1550,0.5612903225806452,1533,0.2902804957599478,1525,0.07213114754098361,0.3023692744749564,0.2985138363308381,0.2883223162757025,0.3154510392083061,0.3092447916666667,0.3041811342592592,-0.0050636574074074,False,0.3092447916666667,0.2883223162757025,0.3154510392083061,0.0,-0.9157335969827489,-0.8700754592885958,0.12630779309933268,1.1576716475110045,-0.7539772174061835,1.2702241583340919,-0.8929045281356723
13824,4.158742003970676,0.29851383633083817,0.3023692744749564,0.30418113425925924,0.6958188657407407,0.14127604166666666,0.1629050925925926,0.4644470868014269,-0.06956174224615097,-0.05078125,-1.396093726158142,-0.6875,0.578125,1.203125,-0.06956174224615097,0.0,228.93624877929688,223.01959228515625,-0.00018702454690355808,0.0025138005148619413,r8_s14000_l10,8,14000,10,B,0.454731743766,noise,1.420703411102295,0.84375,0.125,0.328125,1.7890625,3.6796875,3.8602281676398382,4650,0.569247311827957,4599,0.27484235703413784,4575,0.06426229508196721,0.3023692744749564,0.2985138363308381,0.2883223162757025,0.3154510392083061,0.3092447916666667,0.3041811342592592,-0.0050636574074074,False,0.3041811342592592,0.3023692744749564,0.2985138363308381,1.0,-0.8790110090383794,-0.9138204841731155,0.12630779309933268,1.0324551824631596,-0.6792107292939995,0.23470919818705022,-0.8964157466057474
4608,4.538290818532308,0.7441590627034502,0.7410522964265611,0.439453125,0.560546875,0.1488715277777778,0.2905815972222222,0.3387654320987654,-0.1956312358379364,-0.125,-2.109375,-0.984375,0.70703125,1.640625,-0.1956312358379364,0.0,405.62481689453125,354.04730224609375,-0.0003116382285952568,0.0022093909792602062,r8_s72000_l1,8,72000,1,A,0.634845079338,block,1.4031168222427368,0.84375,0.125,0.34375,1.78125,3.515625,3.7941317558288574,1558,0.6694480102695763,1531,0.44284781188765515,1519,0.20013166556945358,0.7414200990288345,0.7436745431688099,0.741052296426561,0.7441590627034506,0.439453125,0.4415509259259259,0.0020978009259259,True,0.439453125,0.741052296426561,0.7441590627034506,0.0,0.2678263079670509,0.237181936850698,-0.24381926939669912,0.06818312001659192,-0.16143778836997047,-0.23907558604575033,0.25250412240887443
13824,4.537806298997667,0.7436745431688099,0.7414200990288345,0.44155092592592593,0.5584490740740741,0.14937789351851852,0.2921730324074074,0.338302752293578,-0.31204450130462646,-0.234375,-2.21875,-1.125,0.59375,1.453125,-0.31204450130462646,0.0,456.78948974609375,406.4102783203125,-0.0004913559532724321,0.001977303996682167,r8_s72000_l1,8,72000,1,A,0.634845079338,noise,1.4031168222427368,0.84375,0.125,0.34375,1.78125,3.515625,3.7941317558288574,4674,0.6591784338896021,4593,0.45699978227737864,4557,0.20276497695852536,0.7414200990288345,0.7436745431688099,0.741052296426561,0.7441590627034506,0.439453125,0.4415509259259259,0.0020978009259259,True,0.4415509259259259,0.7414200990288345,0.7436745431688099,1.0,0.2687878444945015,0.2359305307446712,-0.24381926939669912,-0.822231018959686,-0.011503452400414428,-0.6002971251365621,0.25235918761958637
4608,4.413052823808458,0.6189210679796009,0.6622003846698337,0.4229600694444444,0.5770399305555556,0.1443142361111111,0.2786458333333333,0.34120061570035914,-0.2061648964881897,-0.15625,-1.96875,-0.98828125,0.640625,1.53125,-0.2061648964881897,0.0,435.598876953125,379.27056884765625,-0.0002944379230029881,0.0019888384267687798,r8_s72000_l2,8,72000,2,A,0.625388202502,block,1.4031168222427368,0.84375,0.125,0.34375,1.78125,3.515625,3.7941317558288574,1558,0.6360718870346598,1531,0.4513389941214892,1519,0.17577353522053982,0.6389913294050429,0.6442898997554076,0.6622003846698337,0.6189210679796009,0.4229600694444444,0.4166666666666667,-0.0062934027777777,False,0.4229600694444444,0.6622003846698337,0.6189210679796009,0.0,0.061685859409161485,-0.08627992608596986,-0.24381926939669912,-0.012386051723095615,-0.07360099511547005,-0.5823448705889783,-0.012297033338404189
13824,4.438421655584265,0.6442898997554076,0.6389913294050429,0.4166666666666667,0.5833333333333333,0.1472800925925926,0.26938657407407407,0.35347222222222224,-0.29544350504875183,-0.1875,-2.109375,-1.046875,0.578125,1.390625,-0.29544350504875183,0.0,405.411865234375,363.2543640136719,-0.0004942098166793585,0.0020916264038532972,r8_s72000_l2,8,72000,2,A,0.625388202502,noise,1.4031168222427368,0.84375,0.125,0.34375,1.78125,3.515625,3.7941317558288574,4674,0.6335044929396663,4593,0.4184628782930547,4557,0.1924511740179943,0.6389913294050429,0.6442898997554076,0.6622003846698337,0.6189210679796009,0.4229600694444444,0.4166666666666667,-0.0062934027777777,False,0.4166666666666667,0.6389913294050429,0.6442898997554076,1.0,0.001011045618351532,-0.020757880601104523,-0.24381926939669912,-0.6952544091372203,-0.1620618276529299,-0.42236506099316956,-0.009873417491376496
4608,4.434571610556708,0.6404398547278509,0.6975903709729513,0.4344618055555556,0.5655381944444444,0.14735243055555555,0.287109375,0.33916083916083917,-0.2372843474149704,-0.15625,-2.125,-1.046875,0.640625,1.53125,-0.2372843474149704,0.0,472.7452392578125,412.405029296875,-0.0003168661205563694,0.001894027809612453,r8_s72000_l3,8,72000,3,B,0.654028652506,block,1.4031168222427368,0.84375,0.125,0.34375,1.78125,3.515625,3.7941317558288574,1558,0.6649550706033376,1531,0.4474199869366427,1519,0.18499012508229098,0.6396534310446845,0.6829981450681331,0.6975903709729513,0.6404398547278509,0.4344618055555556,0.4254918981481481,-0.0089699074074074,False,0.4344618055555556,0.6975903709729513,0.6404398547278509,0.0,0.15420495613682975,-0.03070168990394058,-0.24381926939669912,-0.2504104640724988,0.035253705900521744,-0.7299086704666484,0.06175163311644458
13824,4.4771299008969905,0.6829981450681331,0.6396534310446845,0.42549189814814814,0.5745081018518519,0.1527777777777778,0.27271412037037035,0.35906154369262155,-0.35377389192581177,-0.21875,-2.21875,-1.09375,0.546875,1.390625,-0.35377389192581177,0.0,357.9783630371094,324.21099853515625,-0.0006179881165735424,0.0023890663869678974,r8_s72000_l3,8,72000,3,B,0.654028652506,noise,1.4031168222427368,0.84375,0.125,0.34375,1.78125,3.515625,3.7941317558288574,4674,0.6341463414634146,4593,0.4169388199433921,4557,0.22010094360324775,0.6396534310446845,0.6829981450681331,0.6975903709729513,0.6404398547278509,0.4344618055555556,0.4254918981481481,-0.0089699074074074,False,0.4254918981481481,0.6396534310446845,0.6829981450681331,1.0,0.0027419602651355753,0.07921690075396119,-0.24381926939669912,-1.1414080411917378,-0.3010622405997765,0.04057227092579625,0.04097943050954839
4608,5.222647031148274,1.428515275319417,1.43933990266588,0.6208767361111112,0.37912326388888884,0.13802083333333334,0.4828559027777778,0.2222998951415589,-0.5610792636871338,-0.390625,-3.192187547683716,-1.59375,0.65625,1.78125,-0.5610792636871338,0.0,548.5420532226562,472.2974548339844,-0.0006870672223158181,0.0021984088234603405,r8_s72000_l4,8,72000,4,A,0.64219929309,block,1.4031168222427368,0.84375,0.125,0.34375,1.78125,3.515625,3.7941317558288574,1558,0.7535301668806161,1531,0.6211626387981711,1519,0.48452929558920343,1.4134721093707614,1.4516143798828125,1.43933990266588,1.4285152753194172,0.6208767361111112,0.5697337962962963,-0.0511429398148148,False,0.6208767361111112,1.43933990266588,1.4285152753194172,0.0,2.0933409615202287,2.0047216993097687,-0.24381926939669912,-2.72703175307732,0.2573707319078475,-0.2561682776585972,2.0490313304149987
13824,5.24574613571167,1.4516143798828125,1.4134721093707614,0.5697337962962963,0.4302662037037037,0.13375289351851852,0.4359809027777778,0.23476383951244287,-0.36500924825668335,-0.21875,-3.203125,-1.484375,0.953125,2.296875,-0.36500924825668335,0.0,511.364501953125,449.78436279296875,-0.00046725868014618754,0.0025051638949662447,r8_s72000_l4,8,72000,4,A,0.64219929309,noise,1.4031168222427368,0.84375,0.125,0.34375,1.78125,3.515625,3.7941317558288574,4674,0.725716730851519,4593,0.5726104942303505,4557,0.4068466096115866,1.4134721093707614,1.4516143798828125,1.43933990266588,1.4285152753194172,0.6208767361111112,0.5697337962962963,-0.0511429398148148,False,0.5697337962962963,1.4134721093707614,1.4516143798828125,1.0,2.025715479851377,2.0643815446364195,-0.24381926939669912,-1.2273442967665564,0.14842463390888283,0.2212671123939926,2.0450485122438984
4608,4.113448725806342,0.3193169699774847,0.297220915555954,0.3053385416666667,0.6946614583333333,0.14388020833333334,0.16145833333333334,0.47121535181236673,-0.1284077912569046,-0.0625,-1.40625,-0.703125,0.53125,1.15625,-0.1284077912569046,0.0,233.6533203125,203.86073303222656,-0.0003247717977501452,0.002661840757355094,r8_s72000_l5,8,72000,5,A,0.300293254974,block,1.4031168222427368,0.84375,0.125,0.34375,1.78125,3.515625,3.7941317558288574,1558,0.5500641848523748,1531,0.2828216851730895,1519,0.07702435813034891,0.3073417025583762,0.3068473250777632,0.297220915555954,0.319316969977485,0.3053385416666667,0.279224537037037,-0.0261140046296296,False,0.3053385416666667,0.297220915555954,0.319316969977485,0.0,-0.892470226364326,-0.8600906206512482,-0.24381926939669912,0.5823573877487008,-0.665387695770389,0.4651198987215902,-0.8762804235077871
13824,4.100979080906621,0.30684732507776324,0.3073417025583762,0.27922453703703703,0.720775462962963,0.13621238425925927,0.1430121527777778,0.4878238341968912,-0.1029355600476265,-0.0625,-1.2921874523162842,-0.578125,0.453125,1.046875,-0.1029355600476265,0.0,246.75946044921875,208.14144897460938,-0.00023788356338627636,0.0022426890209317207,r8_s72000_l5,8,72000,5,A,0.300293254974,noise,1.4031168222427368,0.84375,0.125,0.34375,1.78125,3.515625,3.7941317558288574,4674,0.5284552845528455,4593,0.22381885477901153,4557,0.07943822690366469,0.3073417025583762,0.3068473250777632,0.297220915555954,0.319316969977485,0.3053385416666667,0.279224537037037,-0.0261140046296296,False,0.279224537037037,0.3073417025583762,0.3068473250777632,1.0,-0.8660117230007703,-0.8922969377382984,-0.24381926939669912,0.7771877168275103,-0.6269811095654142,-0.1872503189511167,-0.8791543303695344
4608,4.150301641888088,0.35616988605923083,0.32367729478412205,0.3146701388888889,0.6853298611111112,0.1508246527777778,0.1638454861111111,0.4793103448275862,-0.1887393593788147,-0.109375,-1.640625,-0.75,0.515625,1.1765625476837158,-0.1887393593788147,0.0,238.668701171875,216.0390625,-0.000415356014855206,0.0027444392908364534,r8_s72000_l6,8,72000,6,B,0.318473871211,block,1.4031168222427368,0.84375,0.125,0.34375,1.78125,3.515625,3.7941317558288574,1558,0.5474967907573812,1531,0.28608752449379493,1519,0.10467412771560237,0.3399958058639808,0.3361460721051248,0.323677294784122,0.3561698860592311,0.3146701388888889,0.2879774305555556,-0.0266927083333333,False,0.3146701388888889,0.323677294784122,0.3561698860592311,0.0,-0.8233060201984952,-0.7649077417115534,-0.24381926939669912,0.1208972520244741,-0.6506904885593428,0.5936767400375316,-0.7941068809550242
13824,4.130277827933982,0.3361460721051248,0.33999580586398087,0.2879774305555556,0.7120225694444444,0.13671875,0.15125868055555555,0.4747550866616428,-0.0963854268193245,-0.03125,-1.375,-0.59375,0.515625,1.125,-0.0963854268193245,0.0,263.2527770996094,223.55262756347656,-0.00016163343389052898,0.002270334167405963,r8_s72000_l6,8,72000,6,B,0.318473871211,noise,1.4031168222427368,0.84375,0.125,0.34375,1.78125,3.515625,3.7941317558288574,4674,0.5314505776636713,4593,0.24014805138253864,4557,0.08646039060785604,0.3399958058639808,0.3361460721051248,0.323677294784122,0.3561698860592311,0.3146701388888889,0.2879774305555556,-0.0266927083333333,False,0.2879774305555556,0.3399958058639808,0.3361460721051248,1.0,-0.7806449721800622,-0.8166247959407757,-0.24381926939669912,0.8272879456569067,-0.5786486500364284,-0.14422325105230036,-0.7986348840604189
4608,4.130211088392469,0.336079332563612,0.34216975834634566,0.3346354166666667,0.6653645833333333,0.15364583333333334,0.18098958333333334,0.4591439688715953,-0.1260935515165329,-0.078125,-1.6296875476837158,-0.765625,0.578125,1.3171875476837158,-0.1260935515165329,0.0,260.6312561035156,237.7765350341797,-0.0002908082096837461,0.0025827945210039616,r8_s72000_l7,8,72000,7,A,0.358167275628,block,1.4031168222427368,0.84375,0.125,0.34375,1.78125,3.515625,3.7941317558288574,1558,0.579589216944801,1531,0.32984977139124755,1519,0.08821593153390389,0.3485967991528688,0.3310862205646652,0.3421697583463457,0.3360793325636123,0.3346354166666667,0.2894241898148148,-0.0452112268518518,False,0.3346354166666667,0.3421697583463457,0.3360793325636123,0.0,-0.7749616662224235,-0.8167971693205706,-0.24381926939669912,0.6000583926775367,-0.5863308258009425,0.34209187346605435,-0.795879417771497
13824,4.125217976393523,0.3310862205646652,0.3485967991528688,0.2894241898148148,0.7105758101851851,0.13208912037037038,0.15733506944444445,0.45638590352411895,-0.07510301470756531,-0.015625,-1.359375,-0.609375,0.53125,1.1875,-0.07510301470756531,0.0,275.369384765625,233.10617065429688,-0.00010974604083457962,0.002195243025198579,r8_s72000_l7,8,72000,7,A,0.358167275628,noise,1.4031168222427368,0.84375,0.125,0.34375,1.78125,3.515625,3.7941317558288574,4674,0.527599486521181,4593,0.24842151099499238,4557,0.08646039060785604,0.3485967991528688,0.3310862205646652,0.3421697583463457,0.3360793325636123,0.3346354166666667,0.2894241898148148,-0.0452112268518518,False,0.2894241898148148,0.3485967991528688,0.3310862205646652,1.0,-0.7581596249625487,-0.8296932661687517,-0.24381926939669912,0.9900714616064071,-0.5431418164468103,-0.26109554461627776,-0.7939264455656503
4608,4.507988346947564,0.7138565911187067,0.5807838241259257,0.4155815972222222,0.5844184027777778,0.1701388888888889,0.24544270833333334,0.40939947780678854,-0.2299702912569046,-0.1875,-2.25,-1.09375,0.671875,1.71875,-0.2299702912569046,0.0,352.1495361328125,327.8265686035156,-0.00045080462587065995,0.0026182131841778755,r8_s72000_l8,8,72000,8,C,0.531746070019,block,1.4031168222427368,0.84375,0.125,0.34375,1.78125,3.515625,3.7941317558288574,1558,0.6270860077021823,1531,0.43435662965382105,1519,0.17972350230414746,0.6375993997962387,0.6275168348241733,0.5807838241259257,0.7138565911187067,0.4155815972222222,0.3947482638888889,-0.0208333333333333,False,0.4155815972222222,0.5807838241259257,0.7138565911187067,0.0,-0.15115928202940168,0.1589173979461955,-0.24381926939669912,-0.19446719171174048,-0.3181431920193759,0.3972176882881686,0.0038790579583969087
13824,4.421648590653031,0.6275168348241733,0.6375993997962387,0.3947482638888889,0.6052517361111112,0.14684606481481483,0.24790219907407407,0.37199926699651825,-0.10695105791091919,-0.046875,-1.9375,-0.890625,0.796875,1.703125,-0.10695105791091919,0.0,407.7658386230469,364.65850830078125,-0.00013905523519497365,0.0021110379602760077,r8_s72000_l8,8,72000,8,C,0.531746070019,noise,1.4031168222427368,0.84375,0.125,0.34375,1.78125,3.515625,3.7941317558288574,4674,0.6290115532734275,4593,0.37949052906597,4557,0.16984858459512836,0.6375993997962387,0.6275168348241733,0.5807838241259257,0.7138565911187067,0.4155815972222222,0.3947482638888889,-0.0208333333333333,False,0.3947482638888889,0.6375993997962387,0.6275168348241733,1.0,-0.0026278388110475104,-0.06407897370689797,-0.24381926939669912,0.7464742405052788,-0.1551636806063443,-0.3921528008772802,-0.03335340625897274
4608,4.09358713361952,0.2994553777906628,0.30478105942408246,0.3020833333333333,0.6979166666666667,0.1328125,0.16927083333333334,0.4396551724137931,-0.1026560440659523,-0.078125,-1.40625,-0.671875,0.5,1.171875,-0.1026560440659523,0.0,261.95159912109375,242.00396728515625,-0.00026633311063051224,0.0022164483088999987,r8_s72000_l9,8,72000,9,A,0.35661446562,block,1.4031168222427368,0.84375,0.125,0.34375,1.78125,3.515625,3.7941317558288574,1558,0.5455712451861361,1531,0.2834748530372306,1519,0.07109940750493746,0.3100493119822608,0.2949170448161942,0.3047810594240824,0.299455377790663,0.3020833333333333,0.2903645833333333,-0.01171875,False,0.3020833333333333,0.3047810594240824,0.299455377790663,0.0,-0.8727059440100022,-0.9113886921654383,-0.24381926939669912,0.7793256603097654,-0.5824616570452477,-0.22809151685738108,-0.8920473180877202
13824,4.089048800645052,0.2949170448161942,0.3100493119822608,0.2903645833333333,0.7096354166666667,0.13932291666666666,0.15104166666666666,0.4798206278026906,-0.08836210519075394,-0.03125,-1.3125,-0.609375,0.5,1.109375,-0.08836210519075394,0.0,282.17144775390625,253.88473510742188,-0.00017613697855267674,0.0019920053891837597,r8_s72000_l9,8,72000,9,A,0.35661446562,noise,1.4031168222427368,0.84375,0.125,0.34375,1.78125,3.515625,3.7941317558288574,4674,0.5487804878048781,4593,0.2466797300239495,4557,0.06934386657888962,0.3100493119822608,0.2949170448161942,0.3047810594240824,0.299455377790663,0.3020833333333333,0.2903645833333333,-0.01171875,False,0.2903645833333333,0.3100493119822608,0.2949170448161942,1.0,-0.8589332919428001,-0.9231101960252328,-0.24381926939669912,0.8886562011645024,-0.5232088677826052,-0.57741579173641,-0.8910217439840165
4608,4.283259815639919,0.4891280598110619,0.4546317756175995,0.3053385416666667,0.6946614583333333,0.14171006944444445,0.1636284722222222,0.4641080312722104,-0.1487223356962204,-0.109375,-1.578125,-0.734375,0.484375,1.171875,-0.1487223356962204,0.0,318.5437316894531,283.12591552734375,-0.0002994135138578713,0.0020336383022367954,r8_s72000_l10,8,72000,10,B,0.494565164974,block,1.4031168222427368,0.84375,0.125,0.34375,1.78125,3.515625,3.7941317558288574,1558,0.5173299101412067,1531,0.30176355323318094,1519,0.09150757077024359,0.4801525517746254,0.4593841499752464,0.4546317756175995,0.4891280598110621,0.3053385416666667,0.3600260416666667,0.0546875,True,0.3053385416666667,0.4546317756175995,0.4891280598110621,0.0,-0.4809552157821974,-0.4215063748240128,-0.24381926939669912,0.426976834483451,-0.41662254687728484,-0.5126180820036172,-0.4512307953031051
13824,4.253515905804104,0.45938414997524646,0.4801525517746254,0.3600260416666667,0.6399739583333333,0.14793113425925927,0.2120949074074074,0.4108900944343982,-0.07790450006723404,-0.03125,-1.734375,-0.8125,0.71875,1.515625,-0.07790450006723404,0.0,425.58807373046875,400.827880859375,-0.00011866557906614617,0.0017584175802767277,r8_s72000_l10,8,72000,10,B,0.494565164974,noise,1.4031168222427368,0.84375,0.125,0.34375,1.78125,3.515625,3.7941317558288574,4674,0.6063329054343175,4593,0.3551055954713695,4557,0.11235461926706167,0.4801525517746254,0.4593841499752464,0.4546317756175995,0.4891280598110621,0.3053385416666667,0.3600260416666667,0.0546875,True,0.3600260416666667,0.4801525517746254,0.4593841499752464,1.0,-0.41423693175649695,-0.4983282730644594,-0.24381926939669912,0.9686436443865745,-0.1029369226228228,-0.9409732257164775,-0.4562826024104782
4608,4.408421569400364,0.6730988290574818,0.6980229881074693,0.4231770833333333,0.5768229166666667,0.142578125,0.2805989583333333,0.33692307692307694,-0.1307779997587204,-0.0625,-2.125,-1.0,0.75,1.75,-0.1307779997587204,0.0,757.763671875,510.9018859863281,-7.019509939709678e-05,0.0016127340495586395,r8_s143000_l1,8,143000,1,A,0.62324227185,block,1.3917236328125,0.875,0.125,0.375,1.875,3.375,3.735322740342882,1644,0.6368613138686131,1457,0.4303363074811256,1507,0.1831453218314532,0.694583899445004,0.6758358743455677,0.6980229881074694,0.6730988290574818,0.4231770833333333,0.4236111111111111,0.0004340277777777,True,0.4231770833333333,0.6980229881074694,0.6730988290574818,0.0,0.15533593556619998,0.05364917104330429,-0.48360014844889465,0.5642282926333125,0.870479400737279,-1.167715926240306,0.10449255330475214
13824,4.41115861468845,0.6758358743455677,0.694583899445004,0.4236111111111111,0.5763888888888888,0.1501736111111111,0.2734375,0.35450819672131145,-0.28250911831855774,-0.25,-2.1875,-1.125,0.625,1.5,-0.28250911831855774,0.0,878.4872436523438,683.5831909179688,-0.0002680261095520109,0.0013029805850237608,r8_s143000_l1,8,143000,1,A,0.62324227185,noise,1.3917236328125,0.875,0.125,0.375,1.875,3.375,3.735322740342882,4932,0.634022708840227,4371,0.4344543582704187,4521,0.18358770183587703,0.694583899445004,0.6758358743455677,0.6980229881074694,0.6730988290574818,0.4231770833333333,0.4236111111111111,0.0004340277777777,True,0.4236111111111111,0.694583899445004,0.6758358743455677,1.0,0.14634521785604285,0.06071834976800732,-0.48360014844889465,-0.5963227214349509,1.2242510084014586,-1.6498180327657215,0.10353178381202509
4608,4.47926664352417,0.7439439031812878,0.7849934034877353,0.4485677083333333,0.5514322916666667,0.1449652777777778,0.3036024305555556,0.3231736816642477,-0.1920844167470932,-0.125,-2.125,-1.125,0.75,1.8125,-0.1920844167470932,0.0,911.5735473632812,676.8701171875,-0.0001614414795767516,0.0013839805033057928,r8_s143000_l2,8,143000,2,A,0.688243954328,block,1.3917236328125,0.875,0.125,0.375,1.875,3.375,3.735322740342882,1644,0.656934306569343,1457,0.4735758407687028,1507,0.19708029197080293,0.771021341836011,0.7526284677010997,0.7849934034877353,0.7439439031812881,0.4485677083333333,0.4403935185185185,-0.0081741898148147,False,0.4485677083333333,0.7849934034877353,0.7439439031812881,0.0,0.38270037148584535,0.23662622769852987,-0.48360014844889465,0.09531179692653934,1.321208004314997,-1.5237492855096049,0.30966329959218764
13824,4.487951208043982,0.7526284677010997,0.771021341836011,0.44039351851851855,0.5596064814814814,0.15321180555555555,0.28718171296296297,0.3478975032851511,-0.325439453125,-0.25,-2.4375,-1.125,0.625,1.625,-0.325439453125,0.0,848.45458984375,649.078369140625,-0.00033992688986472785,0.001431928714737296,r8_s143000_l2,8,143000,2,A,0.688243954328,noise,1.3917236328125,0.875,0.125,0.375,1.875,3.375,3.735322740342882,4932,0.6334144363341444,4371,0.4449782658430565,4521,0.22539261225392612,0.771021341836011,0.7526284677010997,0.7849934034877353,0.7439439031812881,0.4485677083333333,0.4403935185185185,-0.0081741898148147,False,0.4403935185185185,0.771021341836011,0.7526284677010997,1.0,0.34617358358689254,0.2590565247067676,-0.48360014844889465,-0.9246854466741923,1.1362425104431346,-1.449122408389879,0.3026150541468301
4608,4.636107285817464,0.9007845454745818,0.9562838276227316,0.4869791666666667,0.5130208333333333,0.13541666666666666,0.3515625,0.27807486631016043,-0.2563205361366272,-0.125,-2.5,-1.25,0.75,1.8125,-0.2563205361366272,0.0,972.5364379882812,702.2439575195312,-0.00020496037905104458,0.0014333243016153574,r8_s143000_l3,8,143000,3,B,0.74109297624,block,1.3917236328125,0.875,0.125,0.375,1.875,3.375,3.735322740342882,1644,0.6855231143552312,1457,0.511324639670556,1507,0.2468480424684804,0.9068009500150328,0.9368190588774504,0.9562838276227316,0.9007845454745824,0.4869791666666667,0.4840133101851852,-0.0029658564814815,False,0.4869791666666667,0.9562838276227316,0.9007845454745824,0.0,0.8305003560162991,0.6417106946946419,-0.48360014844889465,-0.3960132140858466,1.4998553016633454,-1.4469503087984736,0.7361055253554705
13824,4.6721417992203325,0.9368190588774503,0.9068009500150327,0.4840133101851852,0.5159866898148149,0.14619502314814814,0.33781828703703703,0.3020475265281722,-0.38399478793144226,-0.25,-2.6875,-1.3125,0.75,1.75,-0.38399478793144226,0.0,708.8455810546875,503.6519775390625,-0.00044178011012263596,0.0018979937303811312,r8_s143000_l3,8,143000,3,B,0.74109297624,noise,1.3917236328125,0.875,0.125,0.375,1.875,3.375,3.735322740342882,4932,0.6565287915652879,4371,0.47998169755204756,4521,0.2997124529971245,0.9068009500150328,0.9368190588774504,0.9562838276227316,0.9007845454745824,0.4869791666666667,0.4840133101851852,-0.0029658564814815,False,0.4840133101851852,0.9068009500150328,0.9368190588774504,1.0,0.701138589652836,0.7347798216876866,-0.48360014844889465,-1.3725596456765785,0.7271285092868316,-0.7237360881526341,0.7179592056702613
4608,5.499636809031169,1.7643140686882868,1.8047940333684285,0.6848958333333334,0.31510416666666663,0.12196180555555555,0.5629340277777778,0.17807351077313055,-0.5765516757965088,-0.375,-3.6875,-1.875,0.9375,2.375,-0.5765516757965088,0.0,849.7589721679688,561.6387939453125,-0.0005395171465352178,0.002206656616181135,r8_s143000_l4,8,143000,4,A,0.649003653765,block,1.3917236328125,0.875,0.125,0.375,1.875,3.375,3.735322740342882,1644,0.7925790754257908,1457,0.667124227865477,1507,0.5846051758460518,1.758280016757824,1.8166594152097344,1.8047940333684285,1.764314068688287,0.6848958333333334,0.6062644675925926,-0.0786313657407408,False,0.6848958333333334,1.8047940333684285,1.764314068688287,0.0,3.0487379424175183,2.8720152352249952,-0.48360014844889465,-2.8453761226044967,1.140064907552944,-0.24333136475803988,2.9603765888212568
13824,5.551982155552617,1.8166594152097346,1.7582800167578239,0.6062644675925926,0.39373553240740744,0.1261574074074074,0.4801070601851852,0.20808972676291612,-0.35400503873825073,-0.1875,-3.75,-1.75,1.25,2.875,-0.35400503873825073,0.0,1032.0198974609375,723.5439453125,-0.0002893664059229195,0.0019670347683131695,r8_s143000_l4,8,143000,4,A,0.649003653765,noise,1.3917236328125,0.875,0.125,0.375,1.875,3.375,3.735322740342882,4932,0.7431062449310625,4371,0.6005490734385724,4521,0.46250829462508297,1.758280016757824,1.8166594152097344,1.8047940333684285,1.764314068688287,0.6848958333333334,0.6062644675925926,-0.0786313657407408,False,0.6062644675925926,1.758280016757824,1.8166594152097344,1.0,2.927137590127758,3.007211613442544,-0.48360014844889465,-1.1431760217491926,1.6741672340992104,-0.6162802123201659,2.967174601785151
4608,4.21846784485711,0.4831451045142279,0.44762351446681553,0.345703125,0.654296875,0.14735243055555555,0.19835069444444445,0.42623979912115506,-0.1191948801279068,0.0,-1.75,-0.75,0.625,1.5,-0.1191948801279068,0.0,514.4188232421875,312.9498291015625,-0.00014453678159043193,0.002100289799273014,r8_s143000_l5,8,143000,5,A,0.322765732516,block,1.3917236328125,0.875,0.125,0.375,1.875,3.375,3.735322740342882,1644,0.5590024330900243,1457,0.3287577213452299,1507,0.1293961512939615,0.4543072912428114,0.4752068961108167,0.4476235144668155,0.4831451045142279,0.345703125,0.3237123842592592,-0.0219907407407407,False,0.345703125,0.4476235144668155,0.4831451045142279,0.0,-0.49927672587684874,-0.43695901657580705,-0.48360014844889465,0.6528244972959268,0.15737509931382834,-0.40888130161769426,-0.46811787122632786
13824,4.210529636453699,0.4752068961108167,0.45430729124281144,0.32371238425925924,0.6762876157407407,0.13990162037037038,0.1838107638888889,0.4321787709497207,-0.11063865572214127,0.0,-1.625,-0.75,0.625,1.3125,-0.11063865572214127,0.0,530.4475708007812,330.3464050292969,-0.00015576891019009054,0.0017942492850124836,r8_s143000_l5,8,143000,5,A,0.322765732516,noise,1.3917236328125,0.875,0.125,0.375,1.875,3.375,3.735322740342882,4932,0.5427818329278183,4371,0.2987874628231526,4521,0.10882548108825481,0.4543072912428114,0.4752068961108167,0.4476235144668155,0.4831451045142279,0.345703125,0.3237123842592592,-0.0219907407407407,False,0.3237123842592592,0.4543072912428114,0.4752068961108167,1.0,-0.48180350662358123,-0.4574616418710196,-0.48360014844889465,0.7182687845651253,0.20434617305827824,-0.8852045505881981,-0.4696325742473004
4608,4.22268999947442,0.48736725913153744,0.4478689365916782,0.3548177083333333,0.6451822916666667,0.1525607638888889,0.20225694444444445,0.42996941896024465,-0.2209133505821228,-0.125,-2.0,-0.875,0.625,1.375,-0.2209133505821228,0.0,488.3860778808594,329.92669677734375,-0.00035498535726219416,0.0021360304672271013,r8_s143000_l6,8,143000,6,A,0.326237921249,block,1.3917236328125,0.875,0.125,0.375,1.875,3.375,3.735322740342882,1644,0.5638686131386861,1457,0.34248455730954014,1507,0.1386861313868613,0.4654877561110037,0.4709335521415427,0.4478689365916782,0.4873672591315377,0.3548177083333333,0.3263165509259259,-0.0285011574074073,False,0.3548177083333333,0.4478689365916782,0.4873672591315377,0.0,-0.49863512536548377,-0.42605413103262185,-0.48360014844889465,-0.12519305873071368,0.08108804084793854,-0.3532543166696351,-0.4623446281990528
13824,4.206256292484425,0.47093355214154276,0.46548775611100374,0.32631655092592593,0.6736834490740741,0.1417824074074074,0.18453414351851852,0.4344934604300599,-0.10704436153173447,0.0,-1.625,-0.75,0.625,1.375,-0.10704436153173447,0.0,528.9998168945312,333.652587890625,-0.00010975565965054557,0.001852657413110137,r8_s143000_l6,8,143000,6,A,0.326237921249,noise,1.3917236328125,0.875,0.125,0.375,1.875,3.375,3.735322740342882,4932,0.5427818329278183,4371,0.2987874628231526,4521,0.11678832116788321,0.4654877561110037,0.4709335521415427,0.4478689365916782,0.4873672591315377,0.3548177083333333,0.3263165509259259,-0.0285011574074073,False,0.3263165509259259,0.4654877561110037,0.4709335521415427,1.0,-0.45257471569552554,-0.4684987381158008,-0.48360014844889465,0.7457605858984901,0.20010363600129996,-0.7942977979022591,-0.46053672690566316
4608,4.206920809215969,0.471598068873087,0.4576181305779351,0.3845486111111111,0.6154513888888888,0.1540798611111111,0.23046875,0.4006772009029345,-0.0576646588742733,0.0,-1.75,-0.875,0.75,1.6875,-0.0576646588742733,0.0,583.2969360351562,390.65380859375,-7.569023000542074e-05,0.0018965309718623757,r8_s143000_l7,8,143000,7,A,0.353508845605,block,1.3917236328125,0.875,0.125,0.375,1.875,3.375,3.735322740342882,1644,0.6198296836982968,1457,0.4056280027453672,1507,0.1074983410749834,0.4665779184412073,0.4647345807817249,0.457618130577935,0.4715980688730878,0.3845486111111111,0.3328269675925926,-0.0517216435185184,False,0.3845486111111111,0.457618130577935,0.4715980688730878,0.0,-0.47314806770726014,-0.4667824393167675,-0.48360014844889465,1.1234528123675502,0.35921737698089984,-0.7260127340790612,-0.4699652535120138
13824,4.200057321124607,0.4647345807817249,0.46657791844120733,0.3328269675925926,0.6671730324074074,0.14445891203703703,0.18836805555555555,0.4340360791132363,-0.1258375346660614,-0.0625,-1.625,-0.75,0.625,1.375,-0.1258375346660614,0.0,538.520263671875,346.7546691894531,-0.00012871986837126315,0.0018179347971454263,r8_s143000_l7,8,143000,7,A,0.353508845605,noise,1.3917236328125,0.875,0.125,0.375,1.875,3.375,3.735322740342882,4932,0.560624493106245,4371,0.29947380462136813,4521,0.11656713116567131,0.4665779184412073,0.4647345807817249,0.457618130577935,0.4715980688730878,0.3845486111111111,0.3328269675925926,-0.0517216435185184,False,0.3328269675925926,0.4665779184412073,0.4647345807817249,1.0,-0.44972473340920627,-0.48450930127404246,-0.48360014844889465,0.6020165975484517,0.22800260976852776,-0.8483402807710024,-0.46711701734162436
4608,4.577949894799127,0.8426271544562445,0.7230100499259101,0.4401041666666667,0.5598958333333333,0.15950520833333334,0.2805989583333333,0.3624260355029586,-0.2181260883808136,-0.1875,-2.5,-1.125,0.75,1.9375,-0.2181260883808136,0.0,523.24072265625,386.23724365234375,-0.00033964432077482343,0.0022931259591132402,r8_s143000_l8,8,143000,8,B,0.598483846864,block,1.3917236328125,0.875,0.125,0.375,1.875,3.375,3.735322740342882,1644,0.6417274939172749,1457,0.45367192862045297,1507,0.20703384207033843,0.7768423513129905,0.7763103025930898,0.7230100499259101,0.8426271544562448,0.4401041666666667,0.4369212962962963,-0.0031828703703704,False,0.4401041666666667,0.7230100499259101,0.8426271544562448,0.0,0.22065894443995301,0.491503099277552,-0.48360014844889465,-0.10387403067037637,0.18322703106515748,-0.10874997294041142,0.3560810218587525
13824,4.511633042935972,0.7763103025930898,0.7768423513129905,0.4369212962962963,0.5630787037037037,0.1460503472222222,0.29087094907407407,0.33427152317880793,-0.10915911942720413,-0.0625,-2.25,-1.0,0.875,1.9375,-0.10915911942720413,0.0,778.6918334960938,565.0111083984375,-9.670722647570074e-05,0.0016433772398158908,r8_s143000_l8,8,143000,8,B,0.598483846864,noise,1.3917236328125,0.875,0.125,0.375,1.875,3.375,3.735322740342882,4932,0.6500405515004055,4371,0.4342255776710135,4521,0.20703384207033843,0.7768423513129905,0.7763103025930898,0.7230100499259101,0.8426271544562448,0.4401041666666667,0.4369212962962963,-0.0031828703703704,False,0.4369212962962963,0.7768423513129905,0.7763103025930898,1.0,0.3613912933153051,0.32022143275893195,-0.48360014844889465,0.7295853646031413,0.9318078494664576,-1.1200226854371302,0.34080636303711853
4608,4.153979937235515,0.4186571968926325,0.4151734941535526,0.3411458333333333,0.6588541666666667,0.1421440972222222,0.1990017361111111,0.4166666666666667,-0.1331651508808136,-0.0625,-1.625,-0.75,0.5625,1.3125,-0.1331651508808136,0.0,479.29925537109375,317.6440734863281,-0.00020474607299547642,0.0018397888634353876,r8_s143000_l9,8,143000,9,A,0.42124957938,block,1.3917236328125,0.875,0.125,0.375,1.875,3.375,3.735322740342882,1644,0.5614355231143552,1457,0.32326698695950584,1507,0.11811546118115461,0.4211829746211016,0.4143716759151878,0.4151734941535526,0.4186571968926325,0.3411458333333333,0.3230613425925926,-0.0180844907407407,False,0.3411458333333333,0.4151734941535526,0.4186571968926325,0.0,-0.5841099479771098,-0.6035169272335437,-0.48360014844889465,0.5459696079167236,0.054459771318539664,-0.8143264839911762,-0.5938134376053268
13824,4.14969441625807,0.41437167591518786,0.42118297462110166,0.3230613425925926,0.6769386574074074,0.13802083333333334,0.18504050925925927,0.4272279444693238,-0.0686272531747818,0.0,-1.5,-0.75,0.625,1.375,-0.0686272531747818,0.0,614.900634765625,450.0977783203125,-8.326624083565548e-05,0.00141719204839319,r8_s143000_l9,8,143000,9,A,0.42124957938,noise,1.3917236328125,0.875,0.125,0.375,1.875,3.375,3.735322740342882,4932,0.5587996755879967,4371,0.29695721802791125,4521,0.0911302809113028,0.4211829746211016,0.4143716759151878,0.4151734941535526,0.4186571968926325,0.3411458333333333,0.3230613425925926,-0.0180844907407407,False,0.3230613425925926,0.4211829746211016,0.4143716759151878,1.0,-0.5683995235678405,-0.6145854739798804,-0.48360014844889465,1.039602841095792,0.4518297073104981,-1.4720586422051292,-0.5914924987738605
4608,4.666551695929633,0.931228955586751,0.9103376732932197,0.443359375,0.556640625,0.1579861111111111,0.2853732638888889,0.35633871757219776,-0.3653700053691864,-0.375,-2.125,-1.25,0.5,1.375,-0.3653700053691864,0.0,1238.562255859375,995.6908569335938,-0.00025168355205096304,0.0008046464645303786,r8_s143000_l10,8,143000,10,A,0.674721768113,block,1.3917236328125,0.875,0.125,0.375,1.875,3.375,3.735322740342882,1644,0.6405109489051095,1457,0.47151681537405626,1507,0.20106171201061712,0.9206218498724478,0.9190808402167424,0.9103376732932196,0.9312289555867512,0.443359375,0.4789496527777778,0.0355902777777777,True,0.443359375,0.9103376732932196,0.9312289555867512,0.0,0.7103845509332661,0.7203418292205839,-0.48360014844889465,-1.230103632074446,2.279424526487235,-2.4254281768010837,0.7153631900769251
13824,4.654403580559625,0.9190808402167425,0.9206218498724478,0.4789496527777778,0.5210503472222222,0.13997395833333334,0.3389756944444444,0.29225192569098324,-0.05516334995627403,0.0,-2.375,-1.125,1.0625,2.25,-0.05516334995627403,0.0,1609.7025146484375,1430.2816162109375,-4.6710883907508105e-05,0.0008072804776020348,r8_s143000_l10,8,143000,10,A,0.674721768113,noise,1.3917236328125,0.875,0.125,0.375,1.875,3.375,3.735322740342882,4932,0.6974858069748581,4371,0.5035460992907801,4521,0.21676620216766201,0.9206218498724478,0.9190808402167424,0.9103376732932196,0.9312289555867512,0.443359375,0.4789496527777778,0.0355902777777777,True,0.4789496527777778,0.9206218498724478,0.9190808402167424,1.0,0.7372701993070324,0.6889659513377019,-0.48360014844889465,1.1425846597356775,3.3670239413129255,-2.421328583428116,0.7131180753223672
