"path","bytes","sha256"
"AUDIT_REPORT.md","2875","E9334A97B34FD232D05A0640938FBA3F7C2B55C0297F3D2C54295192FA5B962E"
"code/ARC-001/aggregate_boundary.py","6595","BA32A24D56915507DC6F6168E0C89BF7E1B329EEB84527529200F8B597843F1F"
"code/ARC-001/aggregate_heldout.py","4519","14934FAE406BBA4CE63B630586000417F33B87E96F922B7AFADE61FFFBEA3D00"
"code/ARC-001/aggregate_replication.py","4661","969854348DF00ADB8C3DAB5054721820144FCB667936D76FF9CDE16B5F7489D9"
"code/ARC-001/run_boundary.py","7337","B7E0F2DE527940B95D1AEDEA895E6B7E35C4A80DEFDBE6EC7A89DCCD21EA2FDA"
"code/ARC-001/run_replication.py","7116","1520B06CC1A69AACDCD7287C801A2DF885C095420A4C14CE7E0D5D71A2C5BD9E"
"code/ARC-002/aggregate_stability.py","19574","C4DA72CCCB72690EAA44790191901AF95CEEE942C5A0C120212F12427225AF21"
"code/ARC-002/run_stability.py","9377","09F292C2D4DE4A5E452A30F26C8C3903DBB89FB855984E4F6DB8106F6D45E884"
"code/ARC-003/analyze_independent.py","15909","A556211BEA31EBC5D18B3F6EA4A66AE3AE89108BD3D8E7D437CF536FC44515D5"
"code/ARC-003/prefetch_weights.py","4047","577290ECAA572EFED51FF6F73546E61211FF3FA35B1BCF87D45D7F306BC402A6"
"code/ARC-003/run_independent.py","677","8F9A4C6FFD823B0A069290FA1EF0A351C7C19B6D2A80748E5D6849043A65247C"
"code/ARC-004/analyze_mechanism.py","26432","D80BCEA5E4168EA0BEA2A5C07258984FED50340E7A4121737E1351135BDE2186"
"code/ARC-004/run_mechanism.py","17907","0B78EFC21B6742B184266086DF1EDDD30DFEB2ADCCD36BDE2784BE0B375F11AC"
"code/ARC-005/analyze_calibration.py","8452","1A4ACFD9A8413D65A8ADDA21A733F79B9552A5810FF93EE2D8CFAF9969293389"
"code/ARC-005/analyze_confirmatory.py","41214","D8F7C2A5B51CB8C0B4E6495FAD1FE06AC4A1F597412AEE1A8499BCECDF3BDA68"
"code/ARC-005/run_activation_noise.py","17595","7EF0C24AD31D5A1AC9C1DA3E6823B3CD64E6B2CA0F86BEF429CD35F3F0E241E9"
"code/ARC-006-INVALIDATED/analyze_reveal.py","19020","9962E9CDEFC7792D94A8B0298762C678DDC1A691CB8F15FACEF7539CF5D51A60"
"code/ARC-006-INVALIDATED/build_target_manifest.py","5570","D47C2666793C3D833FC99729E64AA6E66C28F3BB8D99DD23543D350239C9914B"
"code/ARC-006-INVALIDATED/prepare_targets.py","3120","3F098CFFE134DEED4BA6873F9D8D998EC8EE8BFD1892758D5088ED9C98601109"
"code/ARC-006-INVALIDATED/run_reveal.py","9367","9FE9D2AA73DB442C40FDA5A7E7A0C9D28DB14A8613F63A710CCECFBBAF6C8D08"
"code/ARC-006-INVALIDATED/run_targeting.py","18825","C4C3AE13B1A1CEF2E2022FAB0428EAFAD6FB87FCB1ADCE4686D7A8F85CA1D467"
"code/ARC-006R/reseal_arc006.py","26863","E7A5605243E35E47E371B903B6BE8496DC4158B4EB65C598670944086756BDFA"
"code/ARC-007R/analyze_geometry.py","24926","F19F901199A3817D634EE2EB103B9AB6558A74950509D832B0FD196D7E1FF011"
"code/ARC-007R/finalize_integrity.py","4418","51254244C9DF5CD15AD825022D0D6BD2A41F0150A127042A35DC77B17A370398"
"code/ARC-007R/prepare_geometry_blind.py","8389","97721197420A1040A8B05D71FD7C3551051AB592CB96F2C2C81EDB7473BD98BF"
"code/ARC-008/analyze_results.py","7949","661DF1CA6683DB0F73DA736F06AEE5A7A05090630F48D3D6137195358AC8D2EA"
"code/ARC-008/analyze_stage_a1.py","2746","8F91C70DED24E1D6B0DE66F98773225527009D64C2588880C173A7AACF1D2404"
"code/ARC-008/finalize_integrity.py","3069","A2B0E258CA1C70621939F9F1A07814A9A235C1014EE9EDB0D51132345B000720"
"code/ARC-008/freeze_calibration.py","3560","7A140147E40EF6C5C6BFC7FCDAF4D228326F27123965F0E4C39E22B5317C9029"
"code/ARC-008/run_counterfactual.py","8950","7A444E7663E477BF13EDDA76D2A85465B571116FA480BD755A95166975DB4AF3"
"code/ARC-008/run_stage_a.py","6743","AB36344D6E46C09D13C0B9EE525C8FEC3BA82AD0B69341E097992D89FC842C85"
"code/ARC-009/analyze_calibration.py","20939","2EA027FDB793E872638EA8606062F756584A0300A12D521A8B259E67F76D1349"
"code/ARC-009/finalize_integrity.py","5075","D084CEBFE14B9FC7F0FE551B3BD6BC59926354A88612432096A76E2007A7B310"
"code/ARC-009/pilot_diagnostics.py","4604","DFF0D79103EEF969649CE84F379C5F4329501D16E17BDF984F4245DD75621ED3"
"code/ARC-009/run_calibration.py","18978","942F20EE66B5C618EA24B1DC9508CF5E31474B2324F7E60C8256637A4FBE52BA"
"code/ARC-009/sanitize_targets.py","2170","67B7C437E1904C414093EF25B110FE611233757C4BAEC4DE76F003EA94E815AC"
"code/ARC-010/audit_evidence.py","27604","7941988DBE10051F85C9764BCD6262162457DC1D2000969220241C8E0918488C"
"code/ARC-010/finalize_integrity.py","5197","3440CE95F30E55A86E639117C374F4E47DAD476C9BD8CFB4FC6774485064FB4B"
"code/ARC-011/analyze_cross_corpus.py","25527","433179FED0751DE20A64D96515ABFF1A9C5B1B25924BA701C7CCC43413AC94A8"
"code/ARC-011/finalize_integrity.py","3340","45D400C1800A35C7735B013B26C1CCFC7395D50AA19808E87464DAFE54F50377"
"code/ARC-011/prepare_corpus.py","7245","8C4101663EA02739AA7D87C0A65B48F7BCA33A99372EC60C69F6548E448240C0"
"code/ARC-011/run_cross_corpus.py","15123","2303623780E94479597D6BD1A59077CB5317BD7004B3EBF18A55E4589A106893"
"code/ARC-011/validate_results.py","6848","9D44B0EDABAFA00C248FBC38067EACC1A01CF4AE80F97D41946D909141289FF3"
"code/README.md","930","489A262DC8F7A98AB7C3338F0F432E16324F702301B2EBD7862C96A7BE3435C2"
"configs/ARC-001/boundary.yaml","361","9F326586879446BBE5955D854E12D84DE95FEEBA76E28DD0310487F56DA6960F"
"configs/ARC-001/heldout.yaml","312","71DF566B1447595B628A249A9377E7D43073EEF7ECBF14D3578009EC4E20B9E3"
"configs/ARC-001/replication.yaml","345","127CE9063A929089E80765D752AE1574974292721A1B3D051675BD73D420D41D"
"configs/ARC-002/stability.yaml","439","9004B878DC252CA70F0CBC151DE43DC4BE5F0DFB5AD5C11E441C19FB5BF1F6DA"
"configs/ARC-003/independent_runs.yaml","479","4DF39C0A14AD06B725039F63D98145CF778F2FEB5BE5F94820B6391F31070E79"
"configs/ARC-004/mechanism.yaml","534","FA757A184AF426CF333499AB2EF8CED1C0650D866660C0281435BFA9BFFAE7B9"
"configs/ARC-005/calibration.yaml","707","7732CC482EDC93227F3DC2C875A759C3F95CF46FBCC1F8B7ED861FD29DE942B8"
"configs/ARC-005/confirmatory.yaml","755","B3C743ABB889CEC363B8B0F633F3FE1F6A4A405EA947B3E401E3E6441022CCB9"
"configs/ARC-006-INVALIDATED/confirmatory.yaml","594","289B3D54938AF871C3D66650D42F91C435B1B230DE39EE0B83A02F65124DEDC3"
"configs/ARC-006-INVALIDATED/pilot_refined.yaml","548","A3BF04124472E1FA2A774CEB48425A9E122053EEAADA394D79EBEE740D94D635"
"configs/ARC-006-INVALIDATED/pilot.yaml","535","63F7F9F72E36FC4B9DB9EBEB8770D85BB02D715C9554F3800BC1AECAFA1313E4"
"configs/ARC-006-INVALIDATED/reveal.yaml","497","3899F293B7E8E98FA56B8C57B6E0A824E9D1F2BE7A3539BB973FD3A8D83EBD7A"
"configs/ARC-008/config.yaml","1060","A7D2A8C11F7FEC9B295775B72CB02B40A7D3266DD03F84E29CF9C6036D004BF7"
"configs/ARC-009/config.yaml","1156","734D6C10D2C1BE8A5D8F8AE994EFF23C294D2284FFD800259E64FB87BC4DD4C4"
"configs/ARC-011/cross_corpus.yaml","780","C7B48EFB9B8887F8BE26D21CE8DE2AAE3088CB5D75B62F0CE5D9CBED855E51AB"
"configs/README.md","769","EF6F64EDA938D44EDDED42BBC633D791181FCF4C297D0287E0E9F0F7CD571A8A"
"CONTRIBUTIONS.md","3205","F08E589875EC91CFDC02676E7E591AF2DED1807C8B31CEAEE5D09A60F026F871"
"data/ARC-011/corpus_manifest.csv","2515","39055C86EDD2A23B1A014E20695237D5CBA3B0DB90FAF5A494AD32577FE374C1"
"data/ARC-011/corpus_profile.json","1820","2771B09F52256F799C856A6E0255792FEBC40426C05ABD2CA6F73FCA5D73AFC7"
"data/ARC-011/hellaswag_correct_continuations.txt","3700349","EF75B67A0F3A316B6D465295E2DD58314738FD0E38BCF01790DBA7022C35468E"
"data/ARC-011/selected_token_ids.json","59224","8E181B68AF66A0EC583C93A0468AD090290013492E85B6443227E7C526B57F25"
"data/ARC-011/source_documents.csv","740041","B4D41631CF99DF0017267344E02C8A98701197AFB93B82704CC2F19807AFEE11"
"data/README.md","1102","B38B827EFB7509F3E63ED76E4A4F3F962CA8DD13D528986E6D3CB74409FC695A"
"data/wikitext2_train.txt","10797148","9E9FA1AD55B1C2C95B08E37DD8E653F638FAC2C6DE904B79E813611EEFBC985F"
"DIRECTORY_TREE.txt","74374","B9CD8DF971CA5CC130AED8D7A6E46BB9BB5E6F22BB8D243BF892E78CC2062C56"
"ENVIRONMENT.md","2563","7E26158A50E5A6D9C9C8C75FFE5569B0E5BD1CADDF29B8F8FC97F0090C8ECAC7"
"EXPERIMENT_INDEX.csv","6632","F6738F72DAE0AC81E7942587ABAD1DED416CDE8E1CC50AC272E5F9A551830035"
"EXPERIMENTS.md","7523","ED70E4FE581F47181A8A753CCE109B16A1ABE9AE1ACC78A5F2A93FE698EE9146"
"FAILED_ATTEMPTS.md","2964","BADE7832CC8FAB26CA1ABBFF1FFCBF1BF2B3B59F3B1D0DA804E028E9E4AE9998"
"figures/ARC-001/boundary_training_progress.png","82006","C7F4A3AC9434C39889A57EC21BAAB0E220BC5EF5573B57ADA7E081D58763CBDD"
"figures/ARC-001/confidence_control.png","98670","D12C051A79751C11258DA24CBA0AB4B29B15D2385CAC51B15766D07FD4F4D252"
"figures/ARC-001/heldout_prediction.png","62611","BCC1A6B8B77FB3E4C7438DFA19BEC05DA8F09D6B25836AE351370FF6B8D013DB"
"figures/ARC-001/replication_layer_profile.png","98445","CF3E49A52F37177FA4B98FD14926FDADBA0A93BBC6B53808E0D046D1D0365E7D"
"figures/ARC-002/fig1_independent_run_trajectories.png","186255","E21C8E48AEF6754BE8B185949E34256E99809A969AAD9FE908C843D1026CEBB4"
"figures/ARC-002/fig2_delta_distribution.png","36899","DF2F103508FF11FDFE3C3AE7B2F8CB84B6EE83472FAA73B9562FA819C2C2475A"
"figures/ARC-002/fig3_nll_damage.png","147822","289D95B8FD34489AA8747BE73EBD4A9D526347C492A930BE630B29DA21832179"
"figures/ARC-002/fig4_kl_divergence.png","156366","F9073F006920123C5833CDBF32BC25FEF2A0C023088DA6338312667931C54066"
"figures/ARC-002/fig5_confidence_matched.png","39571","2EA914D4EBBF2FAE8D7B63AEBB405325BBBFB8B242986AEF208AE071ED20411E"
"figures/ARC-002/fig6_layer_progress_heatmap.png","60307","6DB5F3E3990CC64459F39507438633FF6292F281B8691AF03384BA6AE5CED3D3"
"figures/ARC-003/fig1_independent_trajectories.png","220472","689F4975BF2C20B79F83984CC4511F7B4394FD17D30430116900932D0152DA5F"
"figures/ARC-003/fig2_late_minus_early_distribution.png","45913","A3D2A4AFEFE23C48D37E092C78299AE8625E1E3EBE758CAC3DE17E906780B541"
"figures/ARC-003/fig3_run_level_forest.png","55414","27A5232BF52F26EC6C7407EB4A0A714D96F7CCBE146AFBEBAD95C98C9E9416B9"
"figures/ARC-003/fig4_confidence_matched.png","36957","FB13DFD311BEC85842E7E15028C1D2983EF25DC62C1E64D0C3453DBE4CD9B313"
"figures/ARC-003/fig5_layer_progress_heatmap.png","53510","A93340789D02765C0F0567E17AD29CF7F5604737F887DE5F09CAEE4E48203C5B"
"figures/ARC-003/fig6_functional_metrics.png","320055","F7E9416F7D109AE41E5C1640DC93432D199ACE4D6B810C90E76CAEA11579FDC9"
"figures/ARC-004/fig_a_ds_vs_functional_damage.png","154133","0BFF9A7AA82E549CAEDAE34613AB05A6C9A58DE353635F32FB8CCDC2E52BF053"
"figures/ARC-004/fig_b_ds_vs_magnitude.png","220584","4783D7017E5468C3072AF5D4ED9BFBE5D83F1A76882BD92DEC43CC48797BCE84"
"figures/ARC-004/fig_c_magnitude_matched.png","139080","55994F5767CD617655DDFFDB395084686DAAF6080A11984980EB0913AD72E390"
"figures/ARC-004/fig_d_damage_matched.png","131324","F4517010096132888A796D83B882F34E674E6C3B9E5E47F151DE8D49386421FA"
"figures/ARC-005/fig1_family_damage_support.png","141898","B3214ADC0387C8D429D491CBDFEB789A0656FF7E49E5E53BA12217BE146D2261"
"figures/ARC-005/fig2_ds_vs_functional_damage.png","247193","9F993CF70A86D548A602BFDFB01BDEF6DB2C3AFF03E892759864BE7E5F34D8BD"
"figures/ARC-005/fig3_cross_family_matched.png","126887","20435D664D10C1E9224A4447BD968CB049778A2F58CB5308DF645DBFD986414A"
"figures/ARC-005/fig4_family_residual_forest.png","76241","5BEDFC0A11EAFDA6E46815B6943D5346B9DD5214C6541666571C691045604565"
"figures/ARC-005/fig5_strongest_counterevidence.png","63136","92E6FAD4B4398C4A23577187FBF5C1E5179BB63A40490F829538418E0FBB718A"
"figures/ARC-006-INVALIDATED/fig1_targeting_accuracy.png","219591","82845C8525DE7255788AA18162C145145598074FFA2D71110E0C4465A4373229"
"figures/ARC-006-INVALIDATED/fig2_match_coverage.png","74762","92F47E84836983089B000A3512E7A65C207F35CE2C66A14C7C65EAF49171199E"
"figures/ARC-006-INVALIDATED/fig3_prospective_ds_pairs.png","224244","B9C81CFDE71EADF03806790A9CA055C15CBD63A27F110DAF968CDDFE1961AF39"
"figures/ARC-006-INVALIDATED/fig4_family_residual.png","58519","E56C6EEA6CE749BFAC28518A92DB5FA2A71C1BF4A6663A7961161E293361AC4D"
"figures/ARC-006-INVALIDATED/fig5_residual_shrinkage.png","52403","A8CBCCEB7159EA7C01F06C67CD2419B74DD017DD025746519FFE76B542048E53"
"figures/ARC-006-INVALIDATED/fig6_strongest_counterevidence.png","68289","EA93C91CE69F742DC59D29B314D2DD3AE1DB2F7367A598B9CF8DC96B41F94E69"
"figures/ARC-006R/fig1_corrected_residual.png","78010","E15AA0588F39886B3C53DFFC929C2B98A49F3A9F66CC924E002BE653B646B2F5"
"figures/ARC-006R/fig2_layer_reanalysis.png","106852","D008F4151DB7D3E9719B63523C0818917088A9E84349375228478B071B4A4B17"
"figures/ARC-007R/fig1_family_geometry.png","82894","405677E1923D5D14FC52ADA245A6E41E5520687F30D490A855853DA3519248DC"
"figures/ARC-007R/fig2_residual_boundary.png","119625","4A28AE11E026E03C81DE578FB37E9B771B19039119EC4DDB77F9D5DEB19FB8D6"
"figures/ARC-007R/fig3_model_sequence.png","52120","2D54EE49575B04BC85CB5C9E5AEE0707D56D3D5D1E9A684FB0884C0CFAA327F7"
"figures/ARC-007R/fig4_layer_adjustment.png","72841","B457997ABD61893F0FCCBC995E31BD6905FB0DABC454CBAA063E73DA6F5E4C04"
"figures/ARC-007R/fig5_reversal_geometry.png","114399","718D660ECA23EEB90DCC9021E3DA6463A5494679EFB5B2102EDCE419A1C89136"
"figures/ARC-008/fig1_direction_cosine.png","104907","7E8B49A64FD5ADC6E48281657C69E26A4F14CC892A7330512D16C41B8A8F44D7"
"figures/ARC-008/fig2_residual_disagreement.png","131508","E94CB45D47A047A42282271A10497A11ED0567570A537DDAE08B4BA0B6A58028"
"figures/ARC-008/fig5_reversal_direction.png","93211","981E9315EC6561C7D2CAAFE2B309B3A0492C72524FC54861ADD89F61BF9FADF9"
"figures/ARC-009/fig1_calibration_classes.png","65270","52522D36E7FB24487E9D4E9C1C2D11DB62FB13ADBCCDCA5F5C423C45319E8007"
"figures/ARC-009/fig2_alpha_and_mismatch.png","76322","2CE747BE756A2D946B3DBD6497B2182988FC81F744E99484A555AC939FE42216"
"figures/ARC-009/fig3_coverage.png","65962","AF314E8101D4DEC428952FB1D13B2D86B09EFBD3E76338B9682F6377509D5BFF"
"figures/ARC-009/fig4_failure_modes.png","22128","6F690E5815CD51FBA49C8A8867C737FF7E489BD881EFD0BDF682627F92341319"
"figures/ARC-011/fig1_per_run_delta_s.png","104969","D764DF1550BD9CD89AF2A3E4364443D353AAF49D10A4E536E29B13BB18E38FB2"
"figures/ARC-011/fig2_magnitude_matched_contrast.png","107530","28C914E619B657F7E12074675D27C05CD552D80242298204B6024A0228E1AF6B"
"figures/ARC-011/fig3_confidence_control.png","108056","C32C473478391E2CA79E8DE983D7AD8573FECA24A9CDA394AD9175E5716E52ED"
"figures/ARC-011/fig4_effect_size_summary.png","59582","BEAE999737AF3546F34E45246C8464ECDC04D918892C0084D37A0981112BB154"
"figures/paper/fig1_hellaswag.png","104969","D764DF1550BD9CD89AF2A3E4364443D353AAF49D10A4E536E29B13BB18E38FB2"
"figures/paper/fig1_pythia160.png","45913","A3D2A4AFEFE23C48D37E092C78299AE8625E1E3EBE758CAC3DE17E906780B541"
"figures/paper/fig1_pythia70.png","36899","DF2F103508FF11FDFE3C3AE7B2F8CB84B6EE83472FAA73B9562FA819C2C2475A"
"figures/paper/fig2_damage_matched.png","131324","F4517010096132888A796D83B882F34E674E6C3B9E5E47F151DE8D49386421FA"
"figures/paper/fig2_magnitude_matched.png","139080","55994F5767CD617655DDFFDB395084686DAAF6080A11984980EB0913AD72E390"
"figures/paper/fig3_corrected_residual.png","78010","E15AA0588F39886B3C53DFFC929C2B98A49F3A9F66CC924E002BE653B646B2F5"
"figures/paper/fig3_match_coverage.png","74762","92F47E84836983089B000A3512E7A65C207F35CE2C66A14C7C65EAF49171199E"
"figures/paper/fig4_layer_adjustment.png","72841","B457997ABD61893F0FCCBC995E31BD6905FB0DABC454CBAA063E73DA6F5E4C04"
"figures/paper/fig4_residual_boundary.png","119625","4A28AE11E026E03C81DE578FB37E9B771B19039119EC4DDB77F9D5DEB19FB8D6"
"figures/README.md","1004","33115E88726066D9F5D5A257849DBEAA2787035B2CE66FA594E9D1C93C07435C"
"FILE_INDEX.md","7171","0A6997620C285F4D9948DDD0042990D7DE086D45D6CA9D8AB7F802B51473B448"
"logs/arc_records/ARC-001/configs/boundary.yaml","361","9F326586879446BBE5955D854E12D84DE95FEEBA76E28DD0310487F56DA6960F"
"logs/arc_records/ARC-001/configs/heldout.yaml","312","71DF566B1447595B628A249A9377E7D43073EEF7ECBF14D3578009EC4E20B9E3"
"logs/arc_records/ARC-001/configs/replication.yaml","345","127CE9063A929089E80765D752AE1574974292721A1B3D051675BD73D420D41D"
"logs/arc_records/ARC-001/data/wikitext2_train.txt","10797148","9E9FA1AD55B1C2C95B08E37DD8E653F638FAC2C6DE904B79E813611EEFBC985F"
"logs/arc_records/ARC-001/experiments/boundary/raw_results.json","227377","59F959A1AE50FABD2D3A33C6F7610AF211755378A14F39E016D80F2C51335B75"
"logs/arc_records/ARC-001/experiments/heldout/raw_results.json","47343","AFEFC7815601827078F927AC928E597B55299324F78499FD9ACC00B7749A3CD6"
"logs/arc_records/ARC-001/experiments/replication/raw_results.json","22799","D57500ACDBFC55B12B932F37A0C8E37A40E91AA61EAD603C2B9FE413CC57FFD3"
"logs/arc_records/ARC-001/figures/boundary_training_progress.png","82006","C7F4A3AC9434C39889A57EC21BAAB0E220BC5EF5573B57ADA7E081D58763CBDD"
"logs/arc_records/ARC-001/figures/confidence_control.png","98670","D12C051A79751C11258DA24CBA0AB4B29B15D2385CAC51B15766D07FD4F4D252"
"logs/arc_records/ARC-001/figures/heldout_prediction.png","62611","BCC1A6B8B77FB3E4C7438DFA19BEC05DA8F09D6B25836AE351370FF6B8D013DB"
"logs/arc_records/ARC-001/figures/replication_layer_profile.png","98445","CF3E49A52F37177FA4B98FD14926FDADBA0A93BBC6B53808E0D046D1D0365E7D"
"logs/arc_records/ARC-001/README.md","254","E69EB7A01D2A2DF6E95B416D6ACE9DF7C6DEAE7BC945F9FC199BCA482F8814F0"
"logs/arc_records/ARC-001/results/boundary_aggregate.json","4212","7C63759128AA30F6BBEC7B3951921E2D311501D9644587B061CA61F5E0BD29E3"
"logs/arc_records/ARC-001/results/heldout_aggregate.json","3006","235DFCF24DCD32EC78BF75C7502317BD6318553ED8A5F34739DFF5F4B3955DA2"
"logs/arc_records/ARC-001/results/replication_aggregate.json","11265","1724CD3379BB6A0D2D6DC34E2C5E46AB25B765F1DB9AE4773B8528CBA05D28F4"
"logs/arc_records/ARC-001/src/aggregate_boundary.py","6595","BA32A24D56915507DC6F6168E0C89BF7E1B329EEB84527529200F8B597843F1F"
"logs/arc_records/ARC-001/src/aggregate_heldout.py","4519","14934FAE406BBA4CE63B630586000417F33B87E96F922B7AFADE61FFFBEA3D00"
"logs/arc_records/ARC-001/src/aggregate_replication.py","4661","969854348DF00ADB8C3DAB5054721820144FCB667936D76FF9CDE16B5F7489D9"
"logs/arc_records/ARC-001/src/run_boundary.py","7337","B7E0F2DE527940B95D1AEDEA895E6B7E35C4A80DEFDBE6EC7A89DCCD21EA2FDA"
"logs/arc_records/ARC-001/src/run_replication.py","7116","1520B06CC1A69AACDCD7287C801A2DF885C095420A4C14CE7E0D5D71A2C5BD9E"
"logs/arc_records/ARC-002/configs/stability.yaml","439","9004B878DC252CA70F0CBC151DE43DC4BE5F0DFB5AD5C11E441C19FB5BF1F6DA"
"logs/arc_records/ARC-002/experiments/raw/pythia-160m-seed1.json","202079","055DE4B7133C339295BB8989618A2B3233FC00F0C5636E685AA99D242EF7AB13"
"logs/arc_records/ARC-002/experiments/raw/pythia-160m-seed2.json","202108","83C97045E8D6B1BE6345F8F954FFA5128E8772EBC322EA01614AC0C720AE207E"
"logs/arc_records/ARC-002/experiments/raw/pythia-160m-seed3.json","202117","B300A161FD6AA29AD1BFA7E636624E2B626DD13168D4CFB16909E2303D296C39"
"logs/arc_records/ARC-002/experiments/raw/pythia-160m-seed4.json","201961","4BCDCF0ED647DA492023B18E0733AF159EC370E2998680E7EDDF35179477FC43"
"logs/arc_records/ARC-002/experiments/raw/pythia-160m-seed5.json","201612","89E193FB8E7E02502B7780E51ADA446572501184E29929C9E82F37A1C9CF4BA7"
"logs/arc_records/ARC-002/experiments/raw/pythia-70m-seed1.json","85039","664B866E54D8E6BF733ACAB28995E8011AB5198DF1CD7B9936F1486F06A42355"
"logs/arc_records/ARC-002/experiments/raw/pythia-70m-seed2.json","85211","4A85A9207172F9BB66F39FE4364F93E2957B5DAB979D88C8DDAB287DB98A592F"
"logs/arc_records/ARC-002/experiments/raw/pythia-70m-seed3.json","85219","71AAAE4A18534C71D37E27C7F963F00CA6F96A418E415AAB5A5D2004A7EA037A"
"logs/arc_records/ARC-002/experiments/raw/pythia-70m-seed4.json","85090","6B41369E59E86B34ADEF0960E83B051A21F772848CAF28E08264A1C131A950FF"
"logs/arc_records/ARC-002/experiments/raw/pythia-70m-seed5.json","84972","01BDC8CB27B039E760E87F993396E605B42A5177AF628B49F8EC387636743FA8"
"logs/arc_records/ARC-002/figures/fig1_independent_run_trajectories.png","186255","E21C8E48AEF6754BE8B185949E34256E99809A969AAD9FE908C843D1026CEBB4"
"logs/arc_records/ARC-002/figures/fig2_delta_distribution.png","36899","DF2F103508FF11FDFE3C3AE7B2F8CB84B6EE83472FAA73B9562FA819C2C2475A"
"logs/arc_records/ARC-002/figures/fig3_nll_damage.png","147822","289D95B8FD34489AA8747BE73EBD4A9D526347C492A930BE630B29DA21832179"
"logs/arc_records/ARC-002/figures/fig4_kl_divergence.png","156366","F9073F006920123C5833CDBF32BC25FEF2A0C023088DA6338312667931C54066"
"logs/arc_records/ARC-002/figures/fig5_confidence_matched.png","39571","2EA914D4EBBF2FAE8D7B63AEBB405325BBBFB8B242986AEF208AE071ED20411E"
"logs/arc_records/ARC-002/figures/fig6_layer_progress_heatmap.png","60307","6DB5F3E3990CC64459F39507438633FF6292F281B8691AF03384BA6AE5CED3D3"
"logs/arc_records/ARC-002/README.md","408","FFB572E4EF4B87DF5A6B9C35EE2A641A99C860B8D23F0A345C2B34DC8E21FC13"
"logs/arc_records/ARC-002/reports/competence_gate.md","957","198ED44D8BC71C95ECB59889419E293FD0BE28135F6596F7CB9BEB824CA39EDC"
"logs/arc_records/ARC-002/reports/final_arc_report.md","6820","2C398726DD4926F480700C406BA7EC32DA240C1C20AC4AA89B4B6B31A5A74AF5"
"logs/arc_records/ARC-002/reports/harness_validation.md","978","E73D1DB0233C0DF6C6A550F8FD1B6C975F43C12337F072F30577CFD6A1C5BAC3"
"logs/arc_records/ARC-002/reports/preregistered_stability_test.md","2613","487DDFDC55EB3F96F6D424A5B4C2110B76341DA76BEA23E4A6829FA62D2A551D"
"logs/arc_records/ARC-002/reports/provenance.md","2925","D6D250C10DA2424205EFC10AF2D6888C00EF5C7F937D77174D93C08F4BE56920"
"logs/arc_records/ARC-002/results/checkpoint_metrics.csv","5219","BE00BF5BD5760049403A22451DC8FB9042ED73AE8506617189539DA94D9EE8E0"
"logs/arc_records/ARC-002/results/run_deltas.csv","965","531E61DE085657BD6496764988DD895E4AAE3A9A1C3E1C621B128C4326707E66"
"logs/arc_records/ARC-002/results/stability_summary.json","26156","3258DD4F7A0462B96964B6311471E277272A59DFEAFF17B7362ED79FF12DCCFC"
"logs/arc_records/ARC-002/src/aggregate_stability.py","19574","C4DA72CCCB72690EAA44790191901AF95CEEE942C5A0C120212F12427225AF21"
"logs/arc_records/ARC-002/src/run_stability.py","9377","09F292C2D4DE4A5E452A30F26C8C3903DBB89FB855984E4F6DB8106F6D45E884"
"logs/arc_records/ARC-003/configs/independent_runs.yaml","479","4DF39C0A14AD06B725039F63D98145CF778F2FEB5BE5F94820B6391F31070E79"
"logs/arc_records/ARC-003/experiments/raw/pythia-160m-seed6.json","202041","7A9699AAFAF93FEA78670D36E6F75382407B66E24E98B49817EDCA0D829E0ECC"
"logs/arc_records/ARC-003/experiments/raw/pythia-160m-seed7.json","201781","2DBA909A07121E5C413123F095B1168DF9034301BD44493C96B2389179722E5E"
"logs/arc_records/ARC-003/experiments/raw/pythia-160m-seed8.json","201627","F6AA7F14ECFE5D1701DA07F6D3E1D81A44E99867BC36AF7B7AD4B4E94941EDB1"
"logs/arc_records/ARC-003/experiments/raw/pythia-160m-seed9.json","202095","78A2E5EC8A715FDE45391559A2D6AAD4906A78FF8115542C609A228DE3A9BF85"
"logs/arc_records/ARC-003/figures/fig1_independent_trajectories.png","220472","689F4975BF2C20B79F83984CC4511F7B4394FD17D30430116900932D0152DA5F"
"logs/arc_records/ARC-003/figures/fig2_late_minus_early_distribution.png","45913","A3D2A4AFEFE23C48D37E092C78299AE8625E1E3EBE758CAC3DE17E906780B541"
"logs/arc_records/ARC-003/figures/fig3_run_level_forest.png","55414","27A5232BF52F26EC6C7407EB4A0A714D96F7CCBE146AFBEBAD95C98C9E9416B9"
"logs/arc_records/ARC-003/figures/fig4_confidence_matched.png","36957","FB13DFD311BEC85842E7E15028C1D2983EF25DC62C1E64D0C3453DBE4CD9B313"
"logs/arc_records/ARC-003/figures/fig5_layer_progress_heatmap.png","53510","A93340789D02765C0F0567E17AD29CF7F5604737F887DE5F09CAEE4E48203C5B"
"logs/arc_records/ARC-003/figures/fig6_functional_metrics.png","320055","F7E9416F7D109AE41E5C1640DC93432D199ACE4D6B810C90E76CAEA11579FDC9"
"logs/arc_records/ARC-003/README.md","641","D9F71DF95A5BC3B0892F6C3A303A6A40CBA7472FF5604632AE2D485A806FED6D"
"logs/arc_records/ARC-003/reports/final_arc_report.md","7609","D326332F48899985320DEEA9E0D8F8497B6C42423A87D1295E38B05BAC42A306"
"logs/arc_records/ARC-003/reports/final_artifact_manifest.sha256","890","D6FD638E933291AADB68D0ADA6A3B8D95A639BC384C7FF9038A3A5EB56F8F68A"
"logs/arc_records/ARC-003/reports/full_project_promotion.md","4171","7A9E9748C97399694AE44354FB395F9BB698C5089ED6E9D6530F61D1EDA6C031"
"logs/arc_records/ARC-003/reports/heldout_run_prediction.md","1285","24F87F513BFF980869FF9833788C1F0F508C74D114522CE0FE357F0822E28869"
"logs/arc_records/ARC-003/reports/preregistered_independent_run_test.md","5003","9A655E895A7335C294B03B81960E7A1C1477F9047810EC2A7A71D676F4EB25A2"
"logs/arc_records/ARC-003/reports/preregistration_manifest.sha256","391","4F9A76DA4D2437B6B0FA37EDF757B2F3084E0E0C1691EEAE4676CE6B7FC9DD07"
"logs/arc_records/ARC-003/reports/provenance_and_commands.md","4443","998181D761961039086D90166B49FC472253BAEDC27B2B52430E6D5B6C26BD7A"
"logs/arc_records/ARC-003/reports/resource_baseline.md","681","35D7D8994D9792859EAFE66F3123BD378DBE2AAAEAFE5968D82E1B1B19A75177"
"logs/arc_records/ARC-003/reports/run_provenance.md","2010","B4BDE0082BCEB7833B67121C4178D42B943D065794690E9D66D4EEFE328C5C05"
"logs/arc_records/ARC-003/reports/strongest_counterevidence.md","3017","2A94CA559E42855D70D6F15A037659966333E96B981B02A52C415A1969DC4EFB"
"logs/arc_records/ARC-003/reports/terminal_summary.txt","1715","83D9ECFF6F74D9AAF825D33F6E38A96325B287A268CFB8E881E572631D136A3F"
"logs/arc_records/ARC-003/results/checkpoint_metrics.csv","7305","E0630BAA2E451F712EBA632F85BBC3152FA924F9D3AFE690C5B4B45FEFE72C30"
"logs/arc_records/ARC-003/results/discovery_summary.json","49408","C00DEAAD1256A44999CDFF89ACAB240427F059CB20248E8414D796AC646B57AC"
"logs/arc_records/ARC-003/results/independent_run_summary.json","54154","A834F5662F2D9D5932880D027B488631FA49B702E308D213ED6A6B39F1C19ECA"
"logs/arc_records/ARC-003/results/layer_endpoint_deltas.csv","7354","62E6074FA231BF716FC43F0E5F3A6293BD8F445E311C719D74E03858390F83D5"
"logs/arc_records/ARC-003/results/run_level_results.csv","1402","0840AA833F48E3EE35BFB8D4E2E1B154C0ADAA3BE2A90D102FF180E13AB3CE83"
"logs/arc_records/ARC-003/src/analyze_independent.py","15909","A556211BEA31EBC5D18B3F6EA4A66AE3AE89108BD3D8E7D437CF536FC44515D5"
"logs/arc_records/ARC-003/src/prefetch_weights.py","4047","577290ECAA572EFED51FF6F73546E61211FF3FA35B1BCF87D45D7F306BC402A6"
"logs/arc_records/ARC-003/src/run_independent.py","677","8F9A4C6FFD823B0A069290FA1EF0A351C7C19B6D2A80748E5D6849043A65247C"
"logs/arc_records/ARC-004/assay_validation.md","1675","DEB9B67A34CE07A5B0DCECCE854E59CEAE38A267FB797AE00A60388007E2A2F0"
"logs/arc_records/ARC-004/configs/mechanism.yaml","534","FA757A184AF426CF333499AB2EF8CED1C0650D866660C0281435BFA9BFFAE7B9"
"logs/arc_records/ARC-004/execution_manifest.sha256","807","EA63C9EAB7877B053487FDC8A22D3933F1070EDB5EA0B38639CCF0FF3E1F7010"
"logs/arc_records/ARC-004/experimental_design.md","2349","C0EF11BF754EDFE15F82F86168EF2015A8BF4F91D81457227459F7B183A97D2A"
"logs/arc_records/ARC-004/figures/fig_a_ds_vs_functional_damage.png","154133","0BFF9A7AA82E549CAEDAE34613AB05A6C9A58DE353635F32FB8CCDC2E52BF053"
"logs/arc_records/ARC-004/figures/fig_b_ds_vs_magnitude.png","220584","4783D7017E5468C3072AF5D4ED9BFBE5D83F1A76882BD92DEC43CC48797BCE84"
"logs/arc_records/ARC-004/figures/fig_c_magnitude_matched.png","139080","55994F5767CD617655DDFFDB395084686DAAF6080A11984980EB0913AD72E390"
"logs/arc_records/ARC-004/figures/fig_d_damage_matched.png","131324","F4517010096132888A796D83B882F34E674E6C3B9E5E47F151DE8D49386421FA"
"logs/arc_records/ARC-004/final_artifact_manifest.sha256","1191","72CE5618190F68C519B069A91A45AD2E2B7879C919AD0A99BE1AFF6EE2D782BC"
"logs/arc_records/ARC-004/matching_diagnostics/absolute_magnitude_matched_pairs.csv","79604","F39CFE233B3F1E7348B79E9B1510DEAE26E5675E39B0D069BDF7A3606AED62DF"
"logs/arc_records/ARC-004/matching_diagnostics/damage_matched_location_separated_pairs.csv","54371","FFD02B4E403F51F0BC0F32A4A10351A43A08115CE776160933A7380332CCBF4D"
"logs/arc_records/ARC-004/matching_diagnostics/damage_matched_magnitude_separated_pairs.csv","12858","F1696B3868BAD6C7F6D5B2BEA86BCFBED0D0A3BA83671A750E8A821A37DB27B8"
"logs/arc_records/ARC-004/matching_diagnostics/damage_matched_pairs.csv","55732","069A4BBD905445799CAA225823C17A48064C96C8B40E0DF77C3A7C495AEFD883"
"logs/arc_records/ARC-004/matching_diagnostics/magnitude_matched_confidence.csv","54398","FFD215861BAF687AEE1DE7C73FA82E28F45823232180D9375E3A889FC93E8FE1"
"logs/arc_records/ARC-004/matching_diagnostics/magnitude_matched_pairs.csv","62571","E9BE8EC7B50C39DBDA5D2B9FFD5D0A93DA7D3C040D78550B99F18FC9B0C07DF4"
"logs/arc_records/ARC-004/matching_diagnostics/pilot_feasibility.json","626","E7C114026245666FC7EBE01B02A71FC0B5C6B81F0E4215541D1320044F8844CD"
"logs/arc_records/ARC-004/mechanism_report.md","5521","0FB880BEAE0E99C627B8792F406C1CD9CE771ADD4A6C6D110F87AC07530F3B2D"
"logs/arc_records/ARC-004/next_arc_recommendation.md","941","706F820220E1E0CCE5999176E93030AD764E7B2105CFF70EA6BCCE0749469B27"
"logs/arc_records/ARC-004/paper_implications.md","2340","AD6E91DD4453304AE2CF941468ECE4227E2C7937535762DB42724FAF41D7A0AD"
"logs/arc_records/ARC-004/posthoc_notes.md","1523","8AB78EDC611420ECB0FF8C5C6FED38499B0BB7FF74F6758FA4FA314F6017D976"
"logs/arc_records/ARC-004/preregistration_manifest.sha256","340","7C2F827BB99A512B0CA7A56406A73E0DA7030EEF0A95576033681BFD20C65597"
"logs/arc_records/ARC-004/preregistration.md","10143","C18968C4CE998B515E0658B9D5564EF16DFC083A815EACB0C35FC25186EB45B7"
"logs/arc_records/ARC-004/processed/confidence_bin_metrics.csv","357196","C7F0FBA8E2B61CEA7D49DE313691E3298F2439AF754673102E2A5C557349C5F0"
"logs/arc_records/ARC-004/processed/intervention_metrics.csv","193863","50472F6D1AE16F7FEE96919A7A5F8684E4DAA603EFB5BFE579E818F851CE4BF7"
"logs/arc_records/ARC-004/provenance_and_commands.md","2007","1F21314E266168B0EDA5BE391534817252202B3CBD12CCDED24D3EB70DA4C04A"
"logs/arc_records/ARC-004/raw/pythia-160m-seed1.json","640108","BFF0CCE7CC5979B74BADBA806D04D54482AE3771EA0F53651CB6218A7146A606"
"logs/arc_records/ARC-004/raw/pythia-160m-seed4.json","640078","501F91A92D10E7B43D9B5E22B325F30DDB6759D93ACCE3745CDA2AF7F20E5A72"
"logs/arc_records/ARC-004/raw/pythia-160m-seed6.json","639550","36B537869866DA588B573583B60D499DB84C62A89612D7C6D82F9C8293F372BB"
"logs/arc_records/ARC-004/raw/pythia-160m-seed7.json","639136","75ECB45367F417C1A2B64A96F04C33142052E7F3A9FD3BD9A28112CE8074598F"
"logs/arc_records/ARC-004/raw/pythia-160m-seed8.json","639114","AE4BDD6AE904966EFDF399173351CBB07245D30DF17F2BE558B7CFCE07352385"
"logs/arc_records/ARC-004/raw/pythia-160m-seed9.json","639390","0A85E9A3E9215BEE5374D4A9D693B8FEFD4A7BDA5AC036E14CF552A232499B3E"
"logs/arc_records/ARC-004/README.md","464","0BEE2BDDC5A2A7D2CFECC3B6F0F831E2F38051391BCCB484523ACEE223743014"
"logs/arc_records/ARC-004/resource_baseline.md","681","522AEEAD5BEADCBCF92C90DA19228EDB8202057C11A80545F1E857C7A3F43D78"
"logs/arc_records/ARC-004/resource_final.md","828","484F101622A82CF4A1C017BFE18AC2269894BD2A9A4EFF1C6787B06A863DD626"
"logs/arc_records/ARC-004/results/mechanism_summary.json","24071","BEE5F2D9DE276A5587B67F31825D287C32BFC565808D24DF357BF32F2CBF15D9"
"logs/arc_records/ARC-004/run_manifest.csv","1056","1216D6748FE4504578AE1E6D6E00963C461C0C4CD34A8B8660C0BF450EB70AE4"
"logs/arc_records/ARC-004/src/analyze_mechanism.py","26432","D80BCEA5E4168EA0BEA2A5C07258984FED50340E7A4121737E1351135BDE2186"
"logs/arc_records/ARC-004/src/run_mechanism.py","17907","0B78EFC21B6742B184266086DF1EDDD30DFEB2ADCCD36BDE2784BE0B375F11AC"
"logs/arc_records/ARC-004/statistical_analysis.md","5075","1E993C9D627FA201C4E882C895AC3206BA35065C282B3918D693C5BA31412975"
"logs/arc_records/ARC-004/technical_failure_log.md","1087","DB133C8372E964FC94E517435E7A349BF7D067F95B39A836EFD3F0456641DE00"
"logs/arc_records/ARC-004/terminal_summary.txt","1017","69AC9D37FACB031023E0105BFA78AEAE576EEAAD529BED43EB9C949F417E3913"
"logs/arc_records/ARC-005/analysis_freeze.sha256","764","8B463E82CE8F647611E063DE6D1271D892C2AF23DBB9A483852919F3E48DE0E3"
"logs/arc_records/ARC-005/configs/calibration.yaml","707","7732CC482EDC93227F3DC2C875A759C3F95CF46FBCC1F8B7ED861FD29DE942B8"
"logs/arc_records/ARC-005/configs/confirmatory.yaml","755","B3C743ABB889CEC363B8B0F633F3FE1F6A4A405EA947B3E401E3E6441022CCB9"
"logs/arc_records/ARC-005/confirmatory_protocol.md","1655","73805872A01CF36275D0F93EF97C794757B3E4B7D6EB4395BD8ED9B3EEEAA0F4"
"logs/arc_records/ARC-005/experimental_design.md","1905","B51981BB51E7C58512535A99501B43F69359C4EB88B2533CC728409DCFF7E40B"
"logs/arc_records/ARC-005/family_robustness_report.md","4115","17EE9FBB7CC75F0846D571572706002F11495F6167178D76856FA8A31D260422"
"logs/arc_records/ARC-005/figure_contract.md","1702","8ACF01DF7B59217E63F5077673948B0DE53B6D5CF10C14CDCB7D39A39AC76CB1"
"logs/arc_records/ARC-005/figures/fig1_family_damage_support.png","141898","B3214ADC0387C8D429D491CBDFEB789A0656FF7E49E5E53BA12217BE146D2261"
"logs/arc_records/ARC-005/figures/fig2_ds_vs_functional_damage.png","247193","9F993CF70A86D548A602BFDFB01BDEF6DB2C3AFF03E892759864BE7E5F34D8BD"
"logs/arc_records/ARC-005/figures/fig3_cross_family_matched.png","126887","20435D664D10C1E9224A4447BD968CB049778A2F58CB5308DF645DBFD986414A"
"logs/arc_records/ARC-005/figures/fig4_family_residual_forest.png","76241","5BEDFC0A11EAFDA6E46815B6943D5346B9DD5214C6541666571C691045604565"
"logs/arc_records/ARC-005/figures/fig5_strongest_counterevidence.png","63136","92E6FAD4B4398C4A23577187FBF5C1E5179BB63A40490F829538418E0FBB718A"
"logs/arc_records/ARC-005/initial_freeze_manifest.sha256","830","E7A18A9ADB210BC1077A0C8D0D9FCDB7EEA19BA46F21366C91EADD303C775416"
"logs/arc_records/ARC-005/integrity_lock.md","737","97652A3512B7C3E2FCB9DA60E064DE1A0959B9376CE09247C65E230E3106DCAA"
"logs/arc_records/ARC-005/intervention_selection.md","2781","DFD6A3EAE021E6028C5A73A485117347D672CC0AC4C5E7DB6DB849115B10141B"
"logs/arc_records/ARC-005/matching_diagnostics/cross_family_discards.csv","22033","0FCEC9A361F5CC449684C665EE771569F48EA0A8EEC9972CEFD08AFC23701799"
"logs/arc_records/ARC-005/matching_diagnostics/cross_family_pairs.csv","8168","C0428CE7319AC652890580834EE6AE34A821DAD0279906C559ABCC4D5BB3586A"
"logs/arc_records/ARC-005/matching_diagnostics/within_family_damage_matched.csv","10155","FB79D0087F8740910B72AA1B37D27FB2055978FD22965C3A3E6BBD51E5EAAF12"
"logs/arc_records/ARC-005/matching_diagnostics/within_family_magnitude_matched.csv","18858","8B9BA4D34A6B0B56C6ED76C7A76C42AEFC80C9F3F6AD3CC76B0CCBEDCA71C7C9"
"logs/arc_records/ARC-005/next_arc_recommendation.md","1011","ECB5080820D600AA8637E029EDB0FCB43C8971ED36F31AF24E90CF896F579133"
"logs/arc_records/ARC-005/paper_implications.md","1484","9F07E15FA2BF1292E9524BA2496775B40D3113BC9F30852807F8DA6E5BDAE931"
"logs/arc_records/ARC-005/pilot_results.md","1723","3B0F5F211475EF2F53B734D99C421FDFFBFA18F26B22EEEE3B0F047D1C55F39D"
"logs/arc_records/ARC-005/posthoc_notes.md","879","55ECD3F15FCBA24ED7A95A78ABF3BD2810779EADFA0D39C9A890A5A38F720675"
"logs/arc_records/ARC-005/preregistration.md","11804","687528666F78171B70CF383C8BBD0D91A539FB9BE0F5C30D62939ECAEDB6D0D8"
"logs/arc_records/ARC-005/processed/baseline_consistency.csv","3608","F58E8A7628E15164532F22D84F97640D87663BC43E9C1630088280B2A017BB72"
"logs/arc_records/ARC-005/processed/block_anchor_cells.csv","18288","BD6D2C4907C59DF8A48B5FDB8B06F5B093D37B9ABDA5E3E1634904D67B32587A"
"logs/arc_records/ARC-005/processed/calibration_support.json","4969","5F917F61AEBCA9D1E95AD76C6AC2D91449C0A1C29C4338A6F7745DB0EA7C05EB"
"logs/arc_records/ARC-005/processed/noise_cells.csv","83420","EBA60E6540CA64C8684F0E7D63E3CD0F9ADA46311E730A88D8F5FFD300CB4D63"
"logs/arc_records/ARC-005/processed/noise_confidence_bins.csv","4092","390A95288B75C494B6C648BB53F842F10BE6FBAADD76DBC747E12FFBE3DFE4DB"
"logs/arc_records/ARC-005/processed/noise_raw_metrics.csv","686587","76A58DD9BDBCDC7133468BA7A3ADDCB70BE5DEAD4094D4E05E1A1989AF1CF03E"
"logs/arc_records/ARC-005/provenance_and_commands.md","1501","3A3C6796E8FA805BA099192AE2987BCAA46125F843D25AF32FC8463679087DF3"
"logs/arc_records/ARC-005/raw/calibration/pythia-160m-seed1.json","200711","F6EE76CCFBA762A7BC718C30049182A2BDE9999571D226DC53DD56427A9FA975"
"logs/arc_records/ARC-005/raw/calibration/pythia-160m-seed4.json","201012","F98B26753DC56BD082A4210F7BB08D00B73FF32B32113C35DA5B96F0B9EEB5D6"
"logs/arc_records/ARC-005/raw/confirmatory/pythia-160m-seed2.json","1252382","AED517C4CDFD1C48D06B4B5ACD5D70C97A21176AC40DA4438A942A3CA2F4E0BB"
"logs/arc_records/ARC-005/raw/confirmatory/pythia-160m-seed3.json","1252096","888F7AE9BD3662F473F768E42D56388D0914D8421E8EDAF1FDE59B99726EDDCA"
"logs/arc_records/ARC-005/raw/confirmatory/pythia-160m-seed5.json","1252796","351C92A4CDB64C048E817366DBE92D9339ED4CB2ECFCE37AF6F2BC645E0FF023"
"logs/arc_records/ARC-005/raw/confirmatory/pythia-160m-seed6.json","1251349","47BA980E434308240E2D590FBB5FC361E1853CF479785BB3A4BCCDAE8AAEF620"
"logs/arc_records/ARC-005/raw/confirmatory/pythia-160m-seed8.json","1249268","B52771593F76A5B08065A0428FE77A9C337678F98B5A2ECDB05277D337F78535"
"logs/arc_records/ARC-005/README.md","711","4F143D29F9D4AD01D101522E680E85CA6BBF527C609A36BEFADF163F77284A0F"
"logs/arc_records/ARC-005/resource_baseline.md","538","5FAB1F5A0774C2F51270F8A709E886803933EC351E61F8A003D93775253F013C"
"logs/arc_records/ARC-005/results/family_robustness_summary.json","45663","04E211D0B28FBE5A68AC6EE18E26E1A40C13E654D326803696F2EA347C078630"
"logs/arc_records/ARC-005/run_manifest.csv","1418","5D4DF39C896FD32BB3B651EA42E1F8A04F927C2193D55E4379EA1D54671F4D2E"
"logs/arc_records/ARC-005/src/analyze_calibration.py","8452","1A4ACFD9A8413D65A8ADDA21A733F79B9552A5810FF93EE2D8CFAF9969293389"
"logs/arc_records/ARC-005/src/analyze_confirmatory.py","41214","D8F7C2A5B51CB8C0B4E6495FAD1FE06AC4A1F597412AEE1A8499BCECDF3BDA68"
"logs/arc_records/ARC-005/src/run_activation_noise.py","17595","7EF0C24AD31D5A1AC9C1DA3E6823B3CD64E6B2CA0F86BEF429CD35F3F0E241E9"
"logs/arc_records/ARC-005/statistical_analysis.md","4572","5A730E9A217A5995CE0023D52DF4CD3860CB5981CA783F6EBABF91BDAFF9126E"
"logs/arc_records/ARC-005/strongest_counterevidence.md","1330","9DA0207F5C286E087BB1B1D87C526027C9965E1C9B80211CBF1A8F23BAF17F62"
"logs/arc_records/ARC-005/technical_failure_log.md","972","C15C97D778E112124150630EA070FB8653A3B5AF966DC2B999D123C11F616968"
"logs/arc_records/ARC-006-INVALIDATED/blinding_audit.md","1698","AEB98F4FB0CF38C69AD350E1A94C119FB684184396C4FF114A2C654C98733117"
"logs/arc_records/ARC-006-INVALIDATED/configs/confirmatory.yaml","594","289B3D54938AF871C3D66650D42F91C435B1B230DE39EE0B83A02F65124DEDC3"
"logs/arc_records/ARC-006-INVALIDATED/configs/pilot_refined.yaml","548","A3BF04124472E1FA2A774CEB48425A9E122053EEAADA394D79EBEE740D94D635"
"logs/arc_records/ARC-006-INVALIDATED/configs/pilot.yaml","535","63F7F9F72E36FC4B9DB9EBEB8770D85BB02D715C9554F3800BC1AECAFA1313E4"
"logs/arc_records/ARC-006-INVALIDATED/configs/reveal.yaml","497","3899F293B7E8E98FA56B8C57B6E0A824E9D1F2BE7A3539BB973FD3A8D83EBD7A"
"logs/arc_records/ARC-006-INVALIDATED/confirmatory_freeze.sha256","587","B7588F2015DB4F2D17199216FCBEF855566502A51EB00E824CFD8D0EDF407D61"
"logs/arc_records/ARC-006-INVALIDATED/confirmatory_protocol.md","2583","49D7A7BDB2465B78DF6D8DBF588FD62BC4E817A164F75C633D8F7F44CB43981E"
"logs/arc_records/ARC-006-INVALIDATED/figure_contract.md","1171","9AA356285B7EE42DA003A984E1F4FE3658EEAC68F2D8A34AE519E971DB0C2D13"
"logs/arc_records/ARC-006-INVALIDATED/figures/fig1_targeting_accuracy.png","219591","82845C8525DE7255788AA18162C145145598074FFA2D71110E0C4465A4373229"
"logs/arc_records/ARC-006-INVALIDATED/figures/fig2_match_coverage.png","74762","92F47E84836983089B000A3512E7A65C207F35CE2C66A14C7C65EAF49171199E"
"logs/arc_records/ARC-006-INVALIDATED/figures/fig3_prospective_ds_pairs.png","224244","B9C81CFDE71EADF03806790A9CA055C15CBD63A27F110DAF968CDDFE1961AF39"
"logs/arc_records/ARC-006-INVALIDATED/figures/fig4_family_residual.png","58519","E56C6EEA6CE749BFAC28518A92DB5FA2A71C1BF4A6663A7961161E293361AC4D"
"logs/arc_records/ARC-006-INVALIDATED/figures/fig5_residual_shrinkage.png","52403","A8CBCCEB7159EA7C01F06C67CD2419B74DD017DD025746519FFE76B542048E53"
"logs/arc_records/ARC-006-INVALIDATED/figures/fig6_strongest_counterevidence.png","68289","EA93C91CE69F742DC59D29B314D2DD3AE1DB2F7367A598B9CF8DC96B41F94E69"
"logs/arc_records/ARC-006-INVALIDATED/final_integrity.sha256","5699","FACD9D75EFB928520A1C0F4AA7921B030C3A5AB78DD994AA3CC7E0FB9F0E535D"
"logs/arc_records/ARC-006-INVALIDATED/initial_freeze.sha256","814","5AE531C33430391E22A1816B21484D099B06809A9F75F5CEF3F888C557F610A6"
"logs/arc_records/ARC-006-INVALIDATED/inverse_targeting_report.md","5341","8882B2E74F41ACE73C2FE2F05CC1644C3F66ABD10AEAA3985A95B9A15D59B74A"
"logs/arc_records/ARC-006-INVALIDATED/match_diagnostics/targeting_checkpoints.csv","722","ABE9EEFE0F3236D5D8149417383C509DF84229F3421C60AD4533AC149EBFB0BC"
"logs/arc_records/ARC-006-INVALIDATED/match_diagnostics/targeting_quality.json","2787","2A8BE40A039E8F8066D9BC3217B9E474CF7A64CD87BCF8E6F951B4B8B83513EA"
"logs/arc_records/ARC-006-INVALIDATED/next_arc_recommendation.md","1480","DAE5FFE5DC9C430F6A9229048C1D40440419A96627BD504BC2F7709E88B3AE18"
"logs/arc_records/ARC-006-INVALIDATED/paper_implications.md","2215","268E7A4E537A761024D6AA66B3A9EB45F711C4142C7C75104B4CBC4D4D0F31C7"
"logs/arc_records/ARC-006-INVALIDATED/pilot_results.md","1508","1EA642283140F8BAAA546D9B461B583D31C906EE4D5C1DB0704F368649D18ED1"
"logs/arc_records/ARC-006-INVALIDATED/posthoc_notes.md","1154","9835A4F4DBF617364ECAE12F867E1BF8FD057E311D1D13CC754655D3D6578423"
"logs/arc_records/ARC-006-INVALIDATED/preregistration.md","7958","F3F3D8C7AD611FADE78B8F137520DFA5CAA30965BF264C19C3D2E9062E110F0A"
"logs/arc_records/ARC-006-INVALIDATED/processed/all_target_results.csv","134672","162BD3245103DE4428149FF140AA8F0AF83635A715F9D96173D0B5F23C838C71"
"logs/arc_records/ARC-006-INVALIDATED/processed/class_a_results.csv","92710","67B2C7A8ED4EE602C0719770156104536C66248155BFEBAF9498A9B5F9AD5F8B"
"logs/arc_records/ARC-006-INVALIDATED/processed/class_ab_results.csv","120297","A8D22D7B5D1A207E08B7C3B375AA090BC9B3C5F5AA7F3D0186693D235C50C758"
"logs/arc_records/ARC-006-INVALIDATED/provenance_and_commands.md","2795","7553705588DD75F2D50403F6EA9B5A9BA57E36C626C2D832E2DEEEB7CBE8F909"
"logs/arc_records/ARC-006-INVALIDATED/raw/reveal/pythia-160m-seed2.json","44556","37707B93D8B3803A8AE941E21104EFAC2CE6C14F65871350444B2EC0FCCA4299"
"logs/arc_records/ARC-006-INVALIDATED/raw/reveal/pythia-160m-seed3.json","44578","14654E0F0BAB6FEA5EB976BFA9B7838E8149EBCC8CD00D7004B99C52E043F9CD"
"logs/arc_records/ARC-006-INVALIDATED/raw/reveal/pythia-160m-seed5.json","44594","5E41655AF14078464EA58A7B8AEF3FCF6EE5B8A05666EC053B011656421A06A2"
"logs/arc_records/ARC-006-INVALIDATED/raw/reveal/pythia-160m-seed6.json","44593","CFC64832862C78187C58C0B48D9FD58DD255BDAD667A4A379101932D7C92A0FE"
"logs/arc_records/ARC-006-INVALIDATED/raw/reveal/pythia-160m-seed8.json","44612","7D2FA61DA3EBFE9ED675FC5298417B9F79758256E1355C9642A598674802BF2E"
"logs/arc_records/ARC-006-INVALIDATED/raw/targeting_confirmatory/pythia-160m-seed2.json","368717","6259D5D1E70F96F4C55B309AEA4BAA3E2E0FFD907E0A31E4738111FAE6D93FDC"
"logs/arc_records/ARC-006-INVALIDATED/raw/targeting_confirmatory/pythia-160m-seed3.json","368679","74383EB6E00576F7F75158A18D4B41752121C9D2F3131B9031995BF773FE7FB8"
"logs/arc_records/ARC-006-INVALIDATED/raw/targeting_confirmatory/pythia-160m-seed5.json","369060","4FB5596B57F48EFD1302047DFC24FB0D54F28521F746390B3BD252099C9C5B6D"
"logs/arc_records/ARC-006-INVALIDATED/raw/targeting_confirmatory/pythia-160m-seed6.json","369191","149AC0DEE2DC0E05F065FD0B447BA217778B9F7BC9177F138A81BB01A78C5093"
"logs/arc_records/ARC-006-INVALIDATED/raw/targeting_confirmatory/pythia-160m-seed8.json","368845","81A23390EA265B1924D532DA50D5A8732F9610A7850C7A9DA50B946E974C6FDA"
"logs/arc_records/ARC-006-INVALIDATED/raw/targeting_pilot_refined/pythia-160m-seed1.json","99958","94755E8952C6B2CA68140BE8D76C1330F3706403952F5A09DA2EEE8874E273D2"
"logs/arc_records/ARC-006-INVALIDATED/raw/targeting_pilot/pythia-160m-seed1.json","74896","AEDFFBE115C5BD967ED7148D0CF78CC25076C330899B9664E09C7A874F2E1835"
"logs/arc_records/ARC-006-INVALIDATED/raw/targeting_pilot/pythia-160m-seed4.json","74952","DB8CFFEE67C04CA57A1181B3F7D7355A28B28028F207CFF10E25B558B2FE6196"
"logs/arc_records/ARC-006-INVALIDATED/README.md","1069","E2D70AF76E729DE37B5760D8D8FDF56B595DE90B65D797ADF88EDF7026EFBB52"
"logs/arc_records/ARC-006-INVALIDATED/resource_baseline.md","623","3CDAFEAF2B4F937448B7CD19119D6159DE7373CB8723C6C77B7AC9DBA28A015E"
"logs/arc_records/ARC-006-INVALIDATED/resource_usage.md","982","9C20A66D31F70F0E01EEAF3DFB5732CD6474EFB405FB5F1430F506C130C52072"
"logs/arc_records/ARC-006-INVALIDATED/results/inverse_targeting_summary.json","11955","4C480E133BDEFCABFF4D593E7E4A4C596E3AD2240F06B5C0CEAA205371262F90"
"logs/arc_records/ARC-006-INVALIDATED/reveal_protocol.md","808","FBA857F32675230E23FF16C78C35B58EE92FB19CB744DCFEF6CF0CF150E6F31D"
"logs/arc_records/ARC-006-INVALIDATED/run_manifest.csv","3597","E4EAD8EEC6122DC4FC2306DE91DCB4AFCBC6A20C69037C340B0A30826D97B48D"
"logs/arc_records/ARC-006-INVALIDATED/sealed_manifest.sha256","1511","BFEBB657AB5B2E9CA5830190001CC1F535BEA1D4B8A53C81CD4AD4C3A842152A"
"logs/arc_records/ARC-006-INVALIDATED/src/analyze_reveal.py","19020","9962E9CDEFC7792D94A8B0298762C678DDC1A691CB8F15FACEF7539CF5D51A60"
"logs/arc_records/ARC-006-INVALIDATED/src/build_target_manifest.py","5570","D47C2666793C3D833FC99729E64AA6E66C28F3BB8D99DD23543D350239C9914B"
"logs/arc_records/ARC-006-INVALIDATED/src/prepare_targets.py","3120","3F098CFFE134DEED4BA6873F9D8D998EC8EE8BFD1892758D5088ED9C98601109"
"logs/arc_records/ARC-006-INVALIDATED/src/run_reveal.py","9367","9FE9D2AA73DB442C40FDA5A7E7A0C9D28DB14A8613F63A710CCECFBBAF6C8D08"
"logs/arc_records/ARC-006-INVALIDATED/src/run_targeting.py","18825","C4C3AE13B1A1CEF2E2022FAB0428EAFAD6FB87FCB1ADCE4686D7A8F85CA1D467"
"logs/arc_records/ARC-006-INVALIDATED/statistical_analysis.md","3898","094BF8AE1B19FBDFAAD8B286DF859844378BE93E15D0FAE930780BDD7BDD2EDE"
"logs/arc_records/ARC-006-INVALIDATED/strongest_counterevidence.md","1616","2A42B2305D411F1303BED07AEC03C7901BE7830D2FA8697A573861322EC6C0B7"
"logs/arc_records/ARC-006-INVALIDATED/target_manifest.csv","43852","19DF473393F82DC2E2D1E531B6F8DF7C9DBF10590C74DE0CE9FFE39DF003DCD0"
"logs/arc_records/ARC-006-INVALIDATED/target_selection.md","759","36EC5B721812725E9830D022FBC7C1DF169C98FE44383F9C662C2829C295CE09"
"logs/arc_records/ARC-006-INVALIDATED/targeting_method.md","705","BF1AA18327BE433EB3A87AF7C1B6AC77206EA99EAAFB5512A4B0275D70FDCE92"
"logs/arc_records/ARC-006-INVALIDATED/targets/confirmatory_targets.csv","11635","6A6BBDE84B1D81865AAB19A74AF33D1EFB22E6EA3529EDF9E19EE4453270D323"
"logs/arc_records/ARC-006-INVALIDATED/targets/pilot_targets.csv","1275","FB55F14158CE3FF846126E878F2FDBC1C1BCF442843889D9E7FD380940D46227"
"logs/arc_records/ARC-006R/assay_bug_report.md","760","B0161A5CF68277AD43AD64ADCDBAE8A91C4F27997EA2DE231F5E9BF81F84AD3B"
"logs/arc_records/ARC-006R/assay_integrity_check.md","784","12328FA3B2EAA21BC8C47D5A46F02E115874CC95B7A1EDEADA1E35DD8DB77892"
"logs/arc_records/ARC-006R/assay_repair_preregistration.md","4152","4311247A6E25FEBD8E4681C22C663C7C04455B0CE810EE9DEC2CC65362D04726"
"logs/arc_records/ARC-006R/corrected_arc006_report.md","1314","9CC9AEEDD7B75F68A8ECBF8AA868CB529566964C132D01AE28E02C546A342E76"
"logs/arc_records/ARC-006R/corrected_results.csv","166361","322296700DF8B6EE2A24BC03C9D30727446C34DCF85C8A9FBFA46925B2C52CE7"
"logs/arc_records/ARC-006R/corrected_seal.sha256","2472","239A53EBBC3D8C594E6FF87DB80803B2BEF06839251D3508E1F12383F68FDD85"
"logs/arc_records/ARC-006R/deterministic_top1_rule.md","1324","0A3AF242901D34C1A9F9B63CEC1482FB1BA445251DAE265B3719D7127F919DB0"
"logs/arc_records/ARC-006R/EXECUTIVE_SUMMARY.md","865","3CD361642007725467911B1AB9431D49D7470D2926B02E652C21CDD627A77D17"
"logs/arc_records/ARC-006R/figure_contract.md","749","22ABD998DBA197D8A9C20B1D9D3E70A8BE5DEDBFDC1F6FE013BB1387D130D567"
"logs/arc_records/ARC-006R/figures/fig1_corrected_residual.png","78010","E15AA0588F39886B3C53DFFC929C2B98A49F3A9F66CC924E002BE653B646B2F5"
"logs/arc_records/ARC-006R/figures/fig2_layer_reanalysis.png","106852","D008F4151DB7D3E9719B63523C0818917088A9E84349375228478B071B4A4B17"
"logs/arc_records/ARC-006R/final_integrity.sha256","2650","ECE71CCB74E646FEF94F7D2D29AEE818FB895FEE8CA8BEA7AF5417D4BA5BEDA7"
"logs/arc_records/ARC-006R/final_validation.md","1438","3BEE210B1147911B774798E6A4E4558BE56E143F1295DB452D4C3A88FF1D67DF"
"logs/arc_records/ARC-006R/initial_freeze.sha256","619","3208B72E92E9F1FBE7CA39D7DD0ECD66F515589E38D9AAB89D58D4D19FEEDAE0"
"logs/arc_records/ARC-006R/layer_reanalysis.md","1183","19D469460C5CA99B9A1AA8342E86388BA0AEB9FD7585E9E2675EA89CD0F31624"
"logs/arc_records/ARC-006R/layer_results.csv","1479","8F339B5FDEBCCF7EC3CD2939B961DABE2F6349F1F95FA80DF2845F2036ED7E6B"
"logs/arc_records/ARC-006R/next_arc_recommendation.md","83","4DBBFA99B47B303C8D2B7BCEB1E3B03D97D9A339A081E1633000D6F83244B31D"
"logs/arc_records/ARC-006R/preregistration_commit.md","296","DED9914FE172A901F17B88976EB3F804C4CF9723C9F8B12487FE8F33A77AC294"
"logs/arc_records/ARC-006R/provenance_and_commands.md","943","0933D322438D2862A6B8506A2AFCD774B016D78CEDCCA2ED3E4FD1FFC7554E88"
"logs/arc_records/ARC-006R/README.md","808","23398AB3146B4263D9F87A35DEAA24D32ABF3CB0497372FD7DDF8030924925F0"
"logs/arc_records/ARC-006R/reanalysis_manifest.csv","2576","ED140CB74A6AF8725E293EE26166005A85275C722FCAF9ABA80576762846FB98"
"logs/arc_records/ARC-006R/resource_baseline.md","553","147A3E531C43C4BE2A3E00022D1CAD9794A7657DEB7D95C91A17F28E721D8BE4"
"logs/arc_records/ARC-006R/resource_usage.md","1889","9FA3632727B4D117261CB98BBF3EECCD9578FC88C283B6553F8F7F9E8700E77D"
"logs/arc_records/ARC-006R/results/corrected_summary.json","8927","24C676413F8AF7848650E539A09CBEE9312ACC9BEDF5FDD8C1716004E8790885"
"logs/arc_records/ARC-006R/run_manifest.csv","524","4ACF67BB5AFA675D353E20F38E6BE3CE90293A0C6F6D6A50856A3CE08A315EBC"
"logs/arc_records/ARC-006R/sign_reversal_distribution.csv","283","53BB161C63E15CBD3A8E778807DF437DF30AD94E740725193852F1BA790D705B"
"logs/arc_records/ARC-006R/sign_reversal_membership_changes.csv","703","E604BEBD66A001C35A4A0F0EF7EAAC8DB927BA99DA5DE20407107249BA89BE26"
"logs/arc_records/ARC-006R/sign_reversal_reanalysis.md","597","1BEF6E4FC85221FF7D575830E322984340685970767C50707C68CE7B986A4835"
"logs/arc_records/ARC-006R/src/reseal_arc006.py","26863","E7A5605243E35E47E371B903B6BE8496DC4158B4EB65C598670944086756BDFA"
"logs/arc_records/ARC-006R/statistical_analysis.md","1315","A9016C1691ABAFEEFB896365AAF90D16AB92C050381988D6E789B4D9084D2972"
"logs/arc_records/ARC-007R/analysis_run.log","8508","AD0714BBBFE5A1E7D9E8911F717E854259B95F1A975CD836F356E08B9A80524C"
"logs/arc_records/ARC-007R/corrected_baseline_check.md","715","6366252E96FEFDD0FEF7D752E8D2611FFFF278A487E33EFAD485B9ABA4CE52AB"
"logs/arc_records/ARC-007R/EXECUTIVE_SUMMARY.md","2052","2E3093F17E38D5999B6DBB9392D5DCBFF07882F5BD4740DD82722CF1AA279315"
"logs/arc_records/ARC-007R/figure_contract.md","928","825E219A1D61B64CF8023EEA252CE31AA9ADA7E1263FB26B66C1D9E8E1EA75A9"
"logs/arc_records/ARC-007R/figures/fig1_family_geometry.png","82894","405677E1923D5D14FC52ADA245A6E41E5520687F30D490A855853DA3519248DC"
"logs/arc_records/ARC-007R/figures/fig2_residual_boundary.png","119625","4A28AE11E026E03C81DE578FB37E9B771B19039119EC4DDB77F9D5DEB19FB8D6"
"logs/arc_records/ARC-007R/figures/fig3_model_sequence.png","52120","2D54EE49575B04BC85CB5C9E5AEE0707D56D3D5D1E9A684FB0884C0CFAA327F7"
"logs/arc_records/ARC-007R/figures/fig4_layer_adjustment.png","72841","B457997ABD61893F0FCCBC995E31BD6905FB0DABC454CBAA063E73DA6F5E4C04"
"logs/arc_records/ARC-007R/figures/fig5_reversal_geometry.png","114399","718D660ECA23EEB90DCC9021E3DA6463A5494679EFB5B2102EDCE419A1C89136"
"logs/arc_records/ARC-007R/final_integrity.sha256","4364","1BA3DBFC5CCFBFEC4CB61B3047E9F24B6406938B403A99DBA47F23DAA551D16E"
"logs/arc_records/ARC-007R/final_validation_stderr.log","0","E3B0C44298FC1C149AFBF4C8996FB92427AE41E4649B934CA495991B7852B855"
"logs/arc_records/ARC-007R/final_validation_stdout.log","4231","CAA1F77229F8C5D64023CCF102C951A6BE3E70C0A418B2EFC52F34D71A2A7217"
"logs/arc_records/ARC-007R/final_validation.json","870","CA67116EC0A4C5E11B8EC2C6DE3A5228B691E03213A78AF2DB250D1D105DC544"
"logs/arc_records/ARC-007R/final_validation.md","527","DE75192DE8E304858442E2A94B37EF68160D65ACE10C9428DF3BD5B07AF6BA62"
"logs/arc_records/ARC-007R/geometry_blinded.csv","107966","CAE1515A3AD5CA5579C4927DC1AC355DCEC3BDCEA0CECB0CBEF1F306291734CB"
"logs/arc_records/ARC-007R/geometry_data.csv","260502","18798EC88AB9E5A28969686567BBB16A63C40B19789A6038C74B13251EA1B4D2"
"logs/arc_records/ARC-007R/geometry_definitions.md","808","CC397DFC9C5152BEF62F5D50121EE09520AEFF4C8D3A9161389263F73C1D56F1"
"logs/arc_records/ARC-007R/geometry_family_comparison.md","1098","255E6AAEA6E2EC9FA6ED82F9B9082E23D40DE3F92496DC06CCBDFC92F8680A28"
"logs/arc_records/ARC-007R/geometry_match_manifest.csv","12494","0DAA371F1015EABE3CD4801A9BD9BBAF99CCBC288F33AC96C3C92D0CF1DA4CE7"
"logs/arc_records/ARC-007R/geometry_matching.md","921","B5AD434881AB049EF4DF007C4A15A760B89EA40C51B40A949BBA5E46762117D2"
"logs/arc_records/ARC-007R/geometry_pair_blinded.csv","31678","2BBF2CEBC2B0DFE43590335E7ED2A3255AEF82A98540C70A72BBB37A51239189"
"logs/arc_records/ARC-007R/layer_analysis.md","999","563C99F032557143A0E4E195D922F063C6B739FE9957FCE2D16CB1203FDC5988"
"logs/arc_records/ARC-007R/multicollinearity_audit.md","920","B5111DAF9C220C65EEA7BE819652C1A374FBDE4E61FE63C3CA8E47506ABBB9FA"
"logs/arc_records/ARC-007R/next_arc_recommendation.md","999","B5D09C08E73B9690F155D054B1EA4C963AA9E7205E5589EF948F3C0F6B419342"
"logs/arc_records/ARC-007R/outcome_blind_run.log","3671","677A502D35DF448BA37EF67A6619C41A17177F7D2A1D34CE8C1E50DD6995A679"
"logs/arc_records/ARC-007R/outcome_blind_summary.json","3669","9A8F658A727D95FCA565B73150402842A3D4E5DE669158AD7FB88097C2D8DF75"
"logs/arc_records/ARC-007R/paper_implications.md","1363","9F7F06F822D11BE5241B9FD3414E4B778E97CE013D60FB86274A88745C555E2D"
"logs/arc_records/ARC-007R/posthoc_notes.md","1249","DBBCA4FB8421573AB627C33D27B59FD927233EFAF0A2A5AF00A9DD2FF23744D1"
"logs/arc_records/ARC-007R/preregistration.md","6775","13DE49A05FA78D37CF30ED9F300D7F570100AE2BED572448B348F306D50CE002"
"logs/arc_records/ARC-007R/processed/geometry_correlations.csv","810","DAD5041AA5D82EEC656FC31B507BA1878D5062C64E42A8ABC4C3C1096967656E"
"logs/arc_records/ARC-007R/processed/geometry_pairs_corrected.csv","57894","89248F933EA77B9EE5A5E664F478E2699DFB25FB843726FA4C2313FF522CD250"
"logs/arc_records/ARC-007R/processed/layer_geometry.csv","602","EB8EE5818B09C12F50CBA1034FDCEE920BD86202DFE94D84E8013417482CAB54"
"logs/arc_records/ARC-007R/processed/m2_vif.csv","146","966DDBFBE1B8A4B1CCD8C7E5EF70CDACBB457A85A28D0F2B4D674EF427815EA6"
"logs/arc_records/ARC-007R/processed/model_sequence.csv","775","F0FADF9FEC1E82DDB3ABDA611C1AA25CC39868C53B10E313C2C7F8AF55876CD9"
"logs/arc_records/ARC-007R/processed/reversal_predictions.csv","3921","F3C9BB00951BC8329BCC305DB0966B675DCBB7E751EA572C862E283B384926E5"
"logs/arc_records/ARC-007R/provenance_and_commands.md","1065","B9F652A81B58D78113E500AA7AE33A811DF438C3246BC0C48A15F82D9BE8CDC7"
"logs/arc_records/ARC-007R/README.md","1095","6E52F1AC15B82B57332107B3ABC96DA02B02AC7BA8C1A90700A679C11BB664D3"
"logs/arc_records/ARC-007R/resource_baseline.md","620","7750CEBD8EBD493F4407BD14F3C2EA6FCF0A8EF67DA8FDBA83A855BB2B3FF2DB"
"logs/arc_records/ARC-007R/resource_usage.md","1482","6716B9990D7A8D943CF9993E01B1899309C3D7886EEE8CB59DB5E13C874DD16D"
"logs/arc_records/ARC-007R/resource_validation_stderr.log","0","E3B0C44298FC1C149AFBF4C8996FB92427AE41E4649B934CA495991B7852B855"
"logs/arc_records/ARC-007R/resource_validation_stdout.log","4231","CAA1F77229F8C5D64023CCF102C951A6BE3E70C0A418B2EFC52F34D71A2A7217"
"logs/arc_records/ARC-007R/results/geometry_summary.json","19313","D62A3C8E43C8854F54A7C271A18EBA184CAC7D47C896C3E52DEB0C0524CBCBE6"
"logs/arc_records/ARC-007R/sign_reversal_analysis.md","1006","8949B72697534693F02DC2397EF7F6CD311971CC7B6FE471303C950E67CEFE1B"
"logs/arc_records/ARC-007R/src/analyze_geometry.py","24926","F19F901199A3817D634EE2EB103B9AB6558A74950509D832B0FD196D7E1FF011"
"logs/arc_records/ARC-007R/src/finalize_integrity.py","4418","51254244C9DF5CD15AD825022D0D6BD2A41F0150A127042A35DC77B17A370398"
"logs/arc_records/ARC-007R/src/prepare_geometry_blind.py","8389","97721197420A1040A8B05D71FD7C3551051AB592CB96F2C2C81EDB7473BD98BF"
"logs/arc_records/ARC-007R/statistical_analysis.md","2470","182F739CFA316B3A72D3B125B33AF713D67810426D6A699317000C3167509BF9"
"logs/arc_records/ARC-007R/strongest_counterevidence.md","1296","2A2F06C08BA8F2A6F5369C70DBFD5722CD8612A89E6586A15653805B3F5FD413"
"logs/arc_records/ARC-008/activation_manifest.csv","2728","E887EE2C28F7D7166FBA85EA611E6768371402F4DF43FA42E6A6D1E3EC33D448"
"logs/arc_records/ARC-008/calibration_diagnostics.md","1130","FD67AB6455D5A899AFD9534F53862E7D3ACBC0FEF330F72B9D609FB67E4E9469"
"logs/arc_records/ARC-008/calibration_manifest.csv","30459","AA0BDD55B3D7D9369A5323BD81D3FDB604BA66F8974FD21AA8DD2CAB6F5491DE"
"logs/arc_records/ARC-008/calibration_summary.json","247","DC8F1FE0F9CD713CEF331CE1D94169BFF4CFA337B991CBF13309AC9EA6CB90A1"
"logs/arc_records/ARC-008/config.yaml","1060","A7D2A8C11F7FEC9B295775B72CB02B40A7D3266DD03F84E29CF9C6036D004BF7"
"logs/arc_records/ARC-008/counterfactual_protocol.md","899","1E4210B4334D5B273AAD599D05345A75BFD5D6083CE9893C9761287ECB863A59"
"logs/arc_records/ARC-008/counterfactual_results.csv","73","842E05B0A6C381EB59D2277E6BBD0863D970F639AA1D21EDA8C7D19862D10CCC"
"logs/arc_records/ARC-008/direction_metrics.csv","23105","9D532563EFB2004162C5B6628E4EBB3833628511061EC8D5CB0E799FBC7BB014"
"logs/arc_records/ARC-008/EXECUTIVE_SUMMARY.md","1761","E1BCBB2F32E12EDA8F2CC3747D0D231914B82750DCB156183166C19FF287A46E"
"logs/arc_records/ARC-008/figure_contract.md","779","CA81229F617B9EA89AB92FB005152E07B9E094ED53469B2D3B97CCE9265A95E0"
"logs/arc_records/ARC-008/figures/fig1_direction_cosine.png","104907","7E8B49A64FD5ADC6E48281657C69E26A4F14CC892A7330512D16C41B8A8F44D7"
"logs/arc_records/ARC-008/figures/fig2_residual_disagreement.png","131508","E94CB45D47A047A42282271A10497A11ED0567570A537DDAE08B4BA0B6A58028"
"logs/arc_records/ARC-008/figures/fig5_reversal_direction.png","93211","981E9315EC6561C7D2CAAFE2B309B3A0492C72524FC54861ADD89F61BF9FADF9"
"logs/arc_records/ARC-008/final_integrity.sha256","5712","B7902BE976241B04E24B1D977443CFFDA741D0A6286F72DE2F5AA3D7CBD1983D"
"logs/arc_records/ARC-008/final_validation.json","643","86A13AF3530B39CBA80E7C829E60A24EBD8A577353E6743FC36C112CC3F85614"
"logs/arc_records/ARC-008/final_validation.md","428","1941A8ED6F2CFBEFA68CBD8649AA2735330B7F79B109A82E64CAA123BFCD3878"
"logs/arc_records/ARC-008/layer_analysis.md","1103","D12213328EF734574F79D821B8722CBD1146323F50856743BB5F5342EAD72639"
"logs/arc_records/ARC-008/next_arc_recommendation.md","676","5B230DA4F5B574440C8091B186071DEC779D84BE45011E5D2E5BE61304A2E0D8"
"logs/arc_records/ARC-008/paper_implications.md","938","E667531D949FB7B6ED57B39EF8E25613748C4110313E1D55C04650CFD38CA819"
"logs/arc_records/ARC-008/posthoc_notes.md","1917","F1E0534DA908DE16DF3DCFBBCE1327B0FDA04B011F8EFCA78AAEF58344E97B4C"
"logs/arc_records/ARC-008/preregistration.md","5431","1B243084462EE9E98CA1F9B086A54DC149CF4464E6AEC011CDFA8FCC46D37AB9"
"logs/arc_records/ARC-008/processed_analysis.csv","48098","FCF42C5F00CFB2804D94FE4B2BC5A59965F37DF72B2FA75301C456883A2142C3"
"logs/arc_records/ARC-008/processed_layer.csv","744","AAB3B11AFE474AE0A549BA11FF12FC5D09EFF3C1200324EFA2B4CDE2AD2A769D"
"logs/arc_records/ARC-008/processed_loo_augmented.csv","5959","C6B95529359C7EBE2E644787D7F4BC448C03D09B396369BC72D88D0C130DE0E0"
"logs/arc_records/ARC-008/processed_loo_baseline.csv","5949","3154065807B010F90E817B1111A5AEDB4D52BACAD5909B0FCF5D5824AB9F2953"
"logs/arc_records/ARC-008/processed_reversal_augmented.csv","3953","F3ABD7DA7863E598AD8F1FFF574215FEC55990E43BBEBFDEAB1CAEA8569D4E35"
"logs/arc_records/ARC-008/processed_reversal_baseline.csv","3930","07C07B413236CD60D6CC337A4D204A48EA5305C6D0CA26FB3BF6F47E27437AE1"
"logs/arc_records/ARC-008/provenance_and_commands.md","1312","48A5321BA4AF7DA8813167C8FD68867874063288EB2C5AE87F4218782763BC1E"
"logs/arc_records/ARC-008/raw/calibrate_seed2.csv","35905","0097438BA9FA50D73BEC8FE135503A3F8BE67F30A255BC76E56E4FB83342B1BC"
"logs/arc_records/ARC-008/raw/calibrate_seed2.json","911","2A1C212DA1F96E5DB5C6BDC6E9632E2111CCC1F9E91550F351CA6B2496F302B2"
"logs/arc_records/ARC-008/raw/calibrate_seed3.csv","43163","FB3CC2DFD14E7A535643A176DE7D0CE0420A823E7715C377792EB85847590205"
"logs/arc_records/ARC-008/raw/calibrate_seed3.json","910","F858C9CC2B7391B668D45CCE2C4BA1641335956DFA9B448C38883BBD242D2BC8"
"logs/arc_records/ARC-008/raw/calibrate_seed5.csv","34293","9516E596464D455D5A777BEC0882485CBAD2782031BFC05C85A9998335FD494F"
"logs/arc_records/ARC-008/raw/calibrate_seed5.json","910","313F544C52111C8BA4E5B2B74D432FD93EAFB323595FF2C020408C916B1E81EB"
"logs/arc_records/ARC-008/raw/calibrate_seed6.csv","37653","709B0C214045E1ED725377F3D15E05E9BF8B6846218EB71EB5EBF6B6E94938CE"
"logs/arc_records/ARC-008/raw/calibrate_seed6.json","911","52633F1DD2AEC50C2D95C4C1F0B277C611DB156B86F0FB7F8130F3A30E09AD52"
"logs/arc_records/ARC-008/raw/calibrate_seed8.csv","34211","EEA642374389B65D4F7A69C8D20B247FD22E16DD4635CFA1552D34610A476C81"
"logs/arc_records/ARC-008/raw/calibrate_seed8.json","912","918BBF4B675AB9E1631AB301002DD624ABE73945C63EDFC5472793C97921ED79"
"logs/arc_records/ARC-008/raw/stage_a_seed2.csv","4867","01051B27867673053CDE5E5FE8C34AA01E8F15D47EFC6A70A43D70F6C20ED196"
"logs/arc_records/ARC-008/raw/stage_a_seed2.json","2554","4EBE83A86AAEC43B8B3668C7575D79FE5C43A933A533F18B63C75514E6DDCD27"
"logs/arc_records/ARC-008/raw/stage_a_seed3.csv","5811","E4B658BC32250B1282A261AC235E605CF6C694CC621A69307DD61FA12ED63DE3"
"logs/arc_records/ARC-008/raw/stage_a_seed3.json","2555","F4A9811C60BCF63CB6331C4D4D4244A115766E69840256D7459C5F291A90809C"
"logs/arc_records/ARC-008/raw/stage_a_seed5.csv","4656","8963A4F3D291EF829437AAE53C6F5CE218207B93B37B39F494CC04F65CED1EFF"
"logs/arc_records/ARC-008/raw/stage_a_seed5.json","2557","2AD62569FD643712057B1ECE20C4D9B1F7BAE3330499BCC43BABEFF554544923"
"logs/arc_records/ARC-008/raw/stage_a_seed6.csv","5080","6518AA79B823467E3F6902F5D4FB6843768CF1E64DD0F49857C661D997553C5C"
"logs/arc_records/ARC-008/raw/stage_a_seed6.json","2555","00F6B8A083CFB7DE86E43DFEB91366DD25CA21972230EFFA3BD9D6234203A946"
"logs/arc_records/ARC-008/raw/stage_a_seed8.csv","4653","F740EE6CC9F4920B950968168C0B80D57CB7DA2473A99BD6CB07E5D2F1E858CC"
"logs/arc_records/ARC-008/raw/stage_a_seed8.json","2557","723EDBB9E48BA3FFA9ED71EDDAAA03E622650EDB5D9B4E41CAFE953A8C345311"
"logs/arc_records/ARC-008/README.md","865","F37FC1E11DDC5D1364E3DA6B75546C3FEC5E7EEBEF753470EE156C08B6CA8167"
"logs/arc_records/ARC-008/representation_site.md","931","7E518BCEE3F1B3BB1E96C06618ED2268D616C414982BB6C6E6470FD837BEF1E4"
"logs/arc_records/ARC-008/resource_baseline.md","568","8EB5785AE39BB9127AD079A8518E8BBAC523537622DA6D5D53DC5DB1D8736361"
"logs/arc_records/ARC-008/resource_usage.md","923","614DF621DCA4B3CA5B9029107B0F15F8E52F374428204D47B32ABE07CCDC17D1"
"logs/arc_records/ARC-008/results.json","3211","051B6E0DB54C27C4500E9E91701FE55963A71B7EBFE098116259FDE9CFD11D62"
"logs/arc_records/ARC-008/sign_reversal_analysis.md","784","EB1A63DFAB66F9072AE13E8A1B2B2B26EBD03F349542554DCC75B7EF20C23D7F"
"logs/arc_records/ARC-008/src/analyze_results.py","7949","661DF1CA6683DB0F73DA736F06AEE5A7A05090630F48D3D6137195358AC8D2EA"
"logs/arc_records/ARC-008/src/analyze_stage_a1.py","2746","8F91C70DED24E1D6B0DE66F98773225527009D64C2588880C173A7AACF1D2404"
"logs/arc_records/ARC-008/src/finalize_integrity.py","3069","A2B0E258CA1C70621939F9F1A07814A9A235C1014EE9EDB0D51132345B000720"
"logs/arc_records/ARC-008/src/freeze_calibration.py","3560","7A140147E40EF6C5C6BFC7FCDAF4D228326F27123965F0E4C39E22B5317C9029"
"logs/arc_records/ARC-008/src/run_counterfactual.py","8950","7A444E7663E477BF13EDDA76D2A85465B571116FA480BD755A95166975DB4AF3"
"logs/arc_records/ARC-008/src/run_stage_a.py","6743","AB36344D6E46C09D13C0B9EE525C8FEC3BA82AD0B69341E097992D89FC842C85"
"logs/arc_records/ARC-008/stageA_analysis.md","1383","558DF6E0E27B6CE01FBEC3422F691DB0058C4966FE5FC047B093679F21095260"
"logs/arc_records/ARC-008/stageA1_summary.json","1019","8BE541E9CA4C74A4594B7B21713FB7E04D4C374EB7B8EDEF1F2176C1AE1B10D5"
"logs/arc_records/ARC-008/statistical_analysis.md","1355","B3B60829BF9E5EB3C97333AF9C9D2649D85BB458B98EA2397B53B99893E78412"
"logs/arc_records/ARC-008/strongest_counterevidence.md","1057","F5D9FC57BD89C347601342934FAA336DC1217C1E5BA764C8F4BF9C779416241E"
"logs/arc_records/ARC-009/alpha_search_manifest.csv","47388","B05ACA51396C8124888829FFA40BFE4F879AF9F47C6D7D4D3A6D9CC4125AF741"
"logs/arc_records/ARC-009/blinding_audit.md","1271","0F4ABB0329A31E60DE8D69C84456F0BAE4FCFAA410A76E4442322E4104293431"
"logs/arc_records/ARC-009/calibration_results.csv","69537","1FEDE1755B77D69FDEE7ABDBC4B3683DCB6FE8A9CB68B094EDA6C404E0256D89"
"logs/arc_records/ARC-009/caliper_diagnostics.md","912","39DDE66EF6001193636E9DF8A4262288F422830082214AE8366D48CF2F42E74F"
"logs/arc_records/ARC-009/config.yaml","1156","734D6C10D2C1BE8A5D8F8AE994EFF23C294D2284FFD800259E64FB87BC4DD4C4"
"logs/arc_records/ARC-009/coverage_analysis.md","1148","8AB87366BDA5E47AA1AE8CF464C908859728496A4CC5B2B6A5D9E5B3DBDD6150"
"logs/arc_records/ARC-009/EXECUTIVE_SUMMARY.md","985","3A6B702E9CD32403F5C742A532CB1DDE317B22635787807ECC19EEC72446C82D"
"logs/arc_records/ARC-009/failure_modes.md","1204","C2B771117C79C18FA021BDB801C04B1C35BB22FA3EC8148C361824FCB1658A4A"
"logs/arc_records/ARC-009/feasibility_report.md","1542","38B7D42F8FF96564510EA1AFE64F00874A1A3B60F101B38D2635E25292607835"
"logs/arc_records/ARC-009/feasibility_summary.json","1894","83DC5B059ADB579EB392D7B604848F6C1B041BD522B235810F19177FF66F34D9"
"logs/arc_records/ARC-009/figure_contract.md","607","742EC5B22791ECEE243768A154F20A3A2860E4007E30C3D93776152E219DE540"
"logs/arc_records/ARC-009/figures/fig1_calibration_classes.png","65270","52522D36E7FB24487E9D4E9C1C2D11DB62FB13ADBCCDCA5F5C423C45319E8007"
"logs/arc_records/ARC-009/figures/fig2_alpha_and_mismatch.png","76322","2CE747BE756A2D946B3DBD6497B2182988FC81F744E99484A555AC939FE42216"
"logs/arc_records/ARC-009/figures/fig3_coverage.png","65962","AF314E8101D4DEC428952FB1D13B2D86B09EFBD3E76338B9682F6377509D5BFF"
"logs/arc_records/ARC-009/figures/fig4_failure_modes.png","22128","6F690E5815CD51FBA49C8A8867C737FF7E489BD881EFD0BDF682627F92341319"
"logs/arc_records/ARC-009/final_integrity.sha256","4743","9BBEFF26692BAC3E7A1FF8CEB3FBD42C0F54EE93656F9273AD4021F30AE368EA"
"logs/arc_records/ARC-009/final_validation.json","854","DE808C130391704298D300BDEE570F5F694D60D4ACD1B2B3D6112A3D115DF134"
"logs/arc_records/ARC-009/final_validation.md","496","2B99E7BBDE2F162501739051E0BDAB61ED56D7EA0ACAE4A59D8DA5DE18F7D514"
"logs/arc_records/ARC-009/next_arc_recommendation.md","204","EA0790CFE9A4A930A94FA8C947F712531ACB2DA9535C934EEA00D17C3F36AB52"
"logs/arc_records/ARC-009/paper_implications.md","628","9D969705571744168EEC0B39855B730BD4F9150112C40A28006E5179A3F62DAF"
"logs/arc_records/ARC-009/pilot_curve_diagnostics.csv","1946","5723CAD90B40C6499F442E9A489187EDD83220122BB064140C093E3BAEBB9571"
"logs/arc_records/ARC-009/pilot_diagnostics.md","985","60B74605864A561BA8E73024A7A0C9859BC56EB0DF479DE1168E12122FE9C29F"
"logs/arc_records/ARC-009/pilot_summary.json","347","382907A32043DEBD2DB3A3E33B91B14049A9413018ECA4C9908B9B373980F84D"
"logs/arc_records/ARC-009/preregistration.md","3268","CD87CFF939FB442C80CC420C3AFD6A44DA201088323BB9C4FC7F9A15C160A26A"
"logs/arc_records/ARC-009/provenance_and_commands.md","1143","50A2C96DCC0D6AA79DF5F4D67C756A6C5C78E7538C52C4FA870BA293B19F341B"
"logs/arc_records/ARC-009/raw/alpha_manifest_seed2.csv","9276","8D3DBE48561AD357A0F07B18ACF61729BDF54241A125167A68B62F5507133DD8"
"logs/arc_records/ARC-009/raw/alpha_manifest_seed3.csv","11197","88834F5F545C4421DECFC09BA0A3C0FE197F040EAE61FE292624D3158D083359"
"logs/arc_records/ARC-009/raw/alpha_manifest_seed5.csv","8917","C18BD3DA961F9129AA1635F7ED5B792FD9FD59ADD0D0C91A5CE50C3689A0EA24"
"logs/arc_records/ARC-009/raw/alpha_manifest_seed6.csv","9725","CECFAF5EA476B1209E4CFF79C4A89F6F2EE1B32CAA24DF3D3947A7D861DEAEAC"
"logs/arc_records/ARC-009/raw/alpha_manifest_seed8.csv","8855","9CFAB2B921BE05E2533D15979C2B8A545586D3AF376DAAE0CF25C6333F05F3AC"
"logs/arc_records/ARC-009/raw/calibration_seed2.csv","9088","0BA33EF7FF8D69838A4ABFCBE7AFC5312AF5BFE53F20F68EB9CB2321CEF5F8B0"
"logs/arc_records/ARC-009/raw/calibration_seed2.json","931","070418AE83399EA913C96F5C159D620DDB0B0D1109568E405F8DA77898C0B5A3"
"logs/arc_records/ARC-009/raw/calibration_seed3.csv","10891","F2A0A1E454334160474B5F18E8739AF5B8B6BDA7AD2B54A9E053A9F6657C89FE"
"logs/arc_records/ARC-009/raw/calibration_seed3.json","931","387B6399AC12D3FD785A78B06DBA7E5662B3B1D67A2C1888A93686D19D39585D"
"logs/arc_records/ARC-009/raw/calibration_seed5.csv","8634","FEB6805E044865C05B9305B8169710B46231AE5DBFD83D7A86BB3DA89B89FE73"
"logs/arc_records/ARC-009/raw/calibration_seed5.json","930","82D350D4F1CAAAA2AF1F6D68ABA46391795186B850C1CE7A19172D7C2CC429D3"
"logs/arc_records/ARC-009/raw/calibration_seed6.csv","9557","33A6E7FD35D54A5DDD960ED25DA8FF561F4E85F89B34930ABFA6F450FB420338"
"logs/arc_records/ARC-009/raw/calibration_seed6.json","929","2C8075ECA89CF973F8A5993A06681544BAB3599BDE30F7B57AFDD7AEF6D37359"
"logs/arc_records/ARC-009/raw/calibration_seed8.csv","8729","CEA0D22CA9F62F4E7B7018EE9121A1CC693A246367791B04417DF8648A28B325"
"logs/arc_records/ARC-009/raw/calibration_seed8.json","931","9A424B8DF92C1CFE226A69A1443207895A1113A898F83A4A3930A079533FD422"
"logs/arc_records/ARC-009/README.md","350","D1F1C1CFE0CEFB2BDC540C9D394C4370A190A50DC95D35555884A3461121F145"
"logs/arc_records/ARC-009/resource_usage.md","691","14AEBFBA2EE862F810A0766E6CCCA2AB6C998524BD7D4D52767592BCD0344956"
"logs/arc_records/ARC-009/sanitization_audit.json","402","70E705410167508B5C079F7BAA5B86E7CDCA99A3E60C84B3B0853C1DEB83971B"
"logs/arc_records/ARC-009/sanitized_targets.csv","8231","802BB7A9624E528BDAD57F8EA48357AFDF0C623E12D3E828CDE43AE6C57AD67F"
"logs/arc_records/ARC-009/solver_definition.md","1421","34FF0B4D1703112F0BC29BB9415BA15EA7251323A0F8D44236F443C909BF4BDF"
"logs/arc_records/ARC-009/src/analyze_calibration.py","20939","2EA027FDB793E872638EA8606062F756584A0300A12D521A8B259E67F76D1349"
"logs/arc_records/ARC-009/src/finalize_integrity.py","5075","D084CEBFE14B9FC7F0FE551B3BD6BC59926354A88612432096A76E2007A7B310"
"logs/arc_records/ARC-009/src/pilot_diagnostics.py","4604","DFF0D79103EEF969649CE84F379C5F4329501D16E17BDF984F4245DD75621ED3"
"logs/arc_records/ARC-009/src/run_calibration.py","18978","942F20EE66B5C618EA24B1DC9508CF5E31474B2324F7E60C8256637A4FBE52BA"
"logs/arc_records/ARC-009/src/sanitize_targets.py","2170","67B7C437E1904C414093EF25B110FE611233757C4BAEC4DE76F003EA94E815AC"
"logs/arc_records/ARC-009/statistical_analysis.md","730","6EDFCB396A47B2017492A8905906B9FD7E40203E515EDD750B6B479E484A3B7D"
"logs/arc_records/ARC-009/strongest_counterevidence.md","937","C309FED31F2A086F1E52D37DF7B69C978946D29F73B744CF72F1DBAC885B23B4"
"logs/arc_records/ARC-009/visual_qa.md","599","19CECFF97D60B716D78356A5FE169EB0ACC24D832911EE98BA8A3A3D607633CF"
"logs/arc_records/ARC-010/appendix_plan.md","2125","BA31BA4BC4549CCD46302737FD02D73E34EEA6002BFBE886DBE49B8413CDAE66"
"logs/arc_records/ARC-010/artifact_audit.json","1122","605C143B2B24D7881574A9DC7E92470FA6775ACA3B74E0FD9CB1778E0B10E7CD"
"logs/arc_records/ARC-010/baseline_control_audit.md","3186","F1D917D416AA61B2C1CB97FC367F0BA3408B16D8FB4AD3DD9DDFD03738D6FCD2"
"logs/arc_records/ARC-010/construct_validity_audit.md","3728","CF91918F380D1A64B0712AFC1607A3A3AF4D3968F2C49C4E41D2D288AAED2C8E"
"logs/arc_records/ARC-010/cost_to_finish.md","1341","5B3F3CF5B43F5441A339E94E72F69B51741BA3B5FA3F919ED71F54A0C50F2BD7"
"logs/arc_records/ARC-010/evidence_ledger.csv","12702","F609C44F7B3D35EC63F2B9E706B49C53B6B52D2A07C36A3D189648D16EECB6B5"
"logs/arc_records/ARC-010/EXECUTIVE_SUMMARY.md","3320","D5BC03BC49A02C319C9E8D48372492D922248B8ACFA56847EC504199752D5CDC"
"logs/arc_records/ARC-010/fatal_risks.md","1944","75FFBBEC6C5EF26437478650DF0E01FB7BA145020FCEF033BF2EC7C6E01FAF51"
"logs/arc_records/ARC-010/figure_plan.md","2681","42486299EBD78C9550CDA031F6C0982919EA695C586D434D3557C0010660B8A8"
"logs/arc_records/ARC-010/final_integrity.sha256","2282","218B4887BCE7592E530551BE696E389CF26EE0AB221F148B9810BF015E71E8CE"
"logs/arc_records/ARC-010/final_validation.json","1050","5A61B3883E607BAF58749CA97149E23BB7FBD97FDF56C8948970292BE3460542"
"logs/arc_records/ARC-010/final_validation.md","703","4F8FDB484E51C7B3A5109EC1B007AE1C60214049CCC9DA35F48903477EB4E93F"
"logs/arc_records/ARC-010/literature_search_needed.md","3107","75D638BDF8DAFCBABB87B694E5872EA008E569E67BA0D35214AE1CB6F706AE29"
"logs/arc_records/ARC-010/main_claims.md","1704","C70B79F98E6A3B266C38F453CC1C5B8653419D0BFACF7E6E2D785A3BDD135A6C"
"logs/arc_records/ARC-010/minimal_submission_matrix.md","2417","08CFF709C725AE6EE6766277EFE833990EBA186C3763C7D8FE2CEB31F83C2B41"
"logs/arc_records/ARC-010/next_arc_recommendation.md","2998","540C5F5274F80961436C5E5EB6D3029CFC7D915774C7D34E60E0C903AA136604"
"logs/arc_records/ARC-010/paper_story.md","3066","26DF01154771942C50446D45C6ED09658159D3B4EF7A2C08056B18730FBEE36E"
"logs/arc_records/ARC-010/paper_thesis.md","2446","6236901C7FC262A660BB0DEA00C5C109F0822006D2091FBB2753021FA354AFEC"
"logs/arc_records/ARC-010/prohibited_claims.md","2569","2E4A34F71F145A1D7BC6DA2F65DE7451ACE6E841929FA034258473BC81687B32"
"logs/arc_records/ARC-010/provenance_and_commands.md","1628","08C92DC408E10D4CDEA1582D749A28ADA48FE605D22EAAC3917FB1412D60BC23"
"logs/arc_records/ARC-010/README.md","1313","9C0474AE42C0FA806D5E112C21FB8EB5576D775F0EDCD287330E5C3A9F0A0D4B"
"logs/arc_records/ARC-010/reproducibility_gaps.md","2872","93DE20E51D506C852F82710602653EAADB93C7E9AA6C5CBAAD993DE7EBBD071D"
"logs/arc_records/ARC-010/resource_usage.md","490","E6588687BE1F1867341C4517F7E39A74EA5E70B3736EC13A41293F053E235CDF"
"logs/arc_records/ARC-010/reviewer_stress_test.md","5202","F7CD3636D38C3B1CF543F7E7F59D079CDA030F1B4B3A45679117385BC108A054"
"logs/arc_records/ARC-010/src/audit_evidence.py","27604","7941988DBE10051F85C9764BCD6262162457DC1D2000969220241C8E0918488C"
"logs/arc_records/ARC-010/src/finalize_integrity.py","5197","3440CE95F30E55A86E639117C374F4E47DAD476C9BD8CFB4FC6774485064FB4B"
"logs/arc_records/ARC-010/validity_map.md","3349","E76C30509FB849DE81BE85009CD105C2CCA2A5012AA92BBF1B783B21F034F3EC"
"logs/arc_records/ARC-011/.gitignore","19","862263FA1F46C20F0D1E4DAC5FFCC75ABD55C08211B2C3864C5F8764B9D87793"
"logs/arc_records/ARC-011/assay_integrity.md","1805","579A00AFACA0D29EC61039F04671531E23FC55DBD1C159E848DC69311F372B5E"
"logs/arc_records/ARC-011/confidence_control.md","873","BDF921F3503340C9D8FF35F8222619210A6B56AECB22B6C82200630249185993"
"logs/arc_records/ARC-011/configs/cross_corpus.yaml","780","C7B48EFB9B8887F8BE26D21CE8DE2AAE3088CB5D75B62F0CE5D9CBED855E51AB"
"logs/arc_records/ARC-011/core_replication.md","1890","EB4DF247CF1EFF883F59231D8A700ED95182854B5BDF7217913157BAC40F10BA"
"logs/arc_records/ARC-011/corpus_comparability.md","2226","EEB701AEC88E4BD915C6B4F73CD9AE87379DCC36DC206A7622171987B63E6BA1"
"logs/arc_records/ARC-011/corpus_manifest.csv","2515","39055C86EDD2A23B1A014E20695237D5CBA3B0DB90FAF5A494AD32577FE374C1"
"logs/arc_records/ARC-011/corpus_profile.json","1820","2771B09F52256F799C856A6E0255792FEBC40426C05ABD2CA6F73FCA5D73AFC7"
"logs/arc_records/ARC-011/damage_alignment.md","1855","629FA75943A67DBB01D116CEC1F7C577BB573732519A90C8BC076172D89A9DB3"
"logs/arc_records/ARC-011/data/hellaswag_correct_continuations.txt","3700349","EF75B67A0F3A316B6D465295E2DD58314738FD0E38BCF01790DBA7022C35468E"
"logs/arc_records/ARC-011/data/selected_token_ids.json","59224","8E181B68AF66A0EC583C93A0468AD090290013492E85B6443227E7C526B57F25"
"logs/arc_records/ARC-011/data/source_documents.csv","740041","B4D41631CF99DF0017267344E02C8A98701197AFB93B82704CC2F19807AFEE11"
"logs/arc_records/ARC-011/EXECUTIVE_SUMMARY.md","2055","2A20347FD656E9BC2A6CF74758317E06E44255E3559ACBAA5ED0EE15366825FE"
"logs/arc_records/ARC-011/figure_contract.md","1235","B9BC5EFF1AE1776168EC14DF3B199A4BF34AB28FF8B71C0BA9005D2C6F2670A2"
"logs/arc_records/ARC-011/figures/fig1_per_run_delta_s.png","104969","D764DF1550BD9CD89AF2A3E4364443D353AAF49D10A4E536E29B13BB18E38FB2"
"logs/arc_records/ARC-011/figures/fig2_magnitude_matched_contrast.png","107530","28C914E619B657F7E12074675D27C05CD552D80242298204B6024A0228E1AF6B"
"logs/arc_records/ARC-011/figures/fig3_confidence_control.png","108056","C32C473478391E2CA79E8DE983D7AD8573FECA24A9CDA394AD9175E5716E52ED"
"logs/arc_records/ARC-011/figures/fig4_effect_size_summary.png","59582","BEAE999737AF3546F34E45246C8464ECDC04D918892C0084D37A0981112BB154"
"logs/arc_records/ARC-011/final_integrity.sha256","4974","569DFE0FF5073F4BBF2F872FAE403D965F15CADBCB47C4B6D44E30C242018AF3"
"logs/arc_records/ARC-011/final_validation.json","397","BF4777AE119B7811D66D1D1AF4AC7A86CC2F2034CAC8F2FC67DAD225583A4738"
"logs/arc_records/ARC-011/final_validation.md","262","A07C4BB6BB4D8EDA164976AC8DB1BB7F024342E80734EF5106279E0B706FC12F"
"logs/arc_records/ARC-011/frozen_protocol.md","3401","FA19947A9297C9BAEACD998B345087D2D43AD53B33A8A49C9953BD5DA1283295"
"logs/arc_records/ARC-011/independent_validation.md","710","8C9D5B6F4EEEF10EB0F0BD9B992088CF99D98437D43FD4ECFF37132E654B7E87"
"logs/arc_records/ARC-011/local_corpus_audit.md","2910","CF649F08067537D91426B8596F289F7315FF9B6FD167CF833EC39C856DF52237"
"logs/arc_records/ARC-011/matching_diagnostics/damage_matched_pairs.csv","66869","37980FFBAF14FA639A517C07A4AAABD59CFE76FF78D19CC1874FBA18ABA0E7C4"
"logs/arc_records/ARC-011/matching_diagnostics/magnitude_matched_pairs.csv","54630","699719A097D2BBEF7628F68365E390016BABC3BDB90B4A3C35340107282F1DD2"
"logs/arc_records/ARC-011/next_arc_recommendation.md","937","7E8E1E0C836F15825FBEAE0C0B9FE8BA0C39443C322F875CF9F4648CFE4AB325"
"logs/arc_records/ARC-011/paper_implications.md","2798","322F55B117FA623E17EF52D1B86CCC816309F3272316D9A541F7F2D935B492F3"
"logs/arc_records/ARC-011/posthoc_notes.md","566","1374A5D3EC19D68E3273F2321B180C8911F36FEEFD01DAD35361C693C61170FD"
"logs/arc_records/ARC-011/preregistration_commit.txt","41","4FC5591F347F676CD11D52A095E76DBBD042A1E6326A63B2B4328E01630A0DE3"
"logs/arc_records/ARC-011/preregistration.md","4359","3898127C8EA060A94B42C97BF78B211362A63AFED6F73D05BD7ACC70F34DE901"
"logs/arc_records/ARC-011/processed/confidence_bin_metrics.csv","355393","7278B8F2AC55C2761C7FAF06D5F6A8EFBA6715892B1F4F7076E66852410CAD44"
"logs/arc_records/ARC-011/processed/core_confidence_comparisons.csv","2607","AB382D24754136B33041DCF0956461F13DD09DD9D81649759BD1267BFFB8E9ED"
"logs/arc_records/ARC-011/processed/core_run_results.csv","1271","9F7B809073F53C0A1D9134D749CDB6336E19B5F4F7B0B1E12D2DF64E437244CC"
"logs/arc_records/ARC-011/processed/intervention_metrics.csv","194037","41FAB02468859A3E024B1251A6B0B30663E09F90698CA6F3CD7BADA921444CE1"
"logs/arc_records/ARC-011/provenance_and_commands.md","1487","2AE9AB680F1287EC3C425DC4B4F580EE98491731CE5AEAEA235DEC4D6729531F"
"logs/arc_records/ARC-011/raw/pythia-160m-seed1.json","640442","CC7023ACC39BBB514B0D5FD5A8649564F0AA7D47D61CC28746C647A9E734EA68"
"logs/arc_records/ARC-011/raw/pythia-160m-seed4.json","640959","EBDF674632CC2AE2FFDE68BC248F0A2F8EF12062ACF2F98947F2AFC5631E20A7"
"logs/arc_records/ARC-011/raw/pythia-160m-seed6.json","638594","AE4E7B57AA8F9580EED0ED512976A711CB71F99F6E3367FE11ECE6E1D078B70D"
"logs/arc_records/ARC-011/raw/pythia-160m-seed7.json","641056","4CA7861880C289AC9F5FF0666C144E718FE05A0C6BFBC0EFF38C1F34BA901664"
"logs/arc_records/ARC-011/raw/pythia-160m-seed8.json","641329","F2CAA3A2DDFD87C64465A90D3C40EBDA76ABC34BF69C90479D9F2B01D37AFB95"
"logs/arc_records/ARC-011/raw/pythia-160m-seed9.json","640749","A7BC2FB70544C8CE50A51C98DA1B1D620BA19383C30599C1984D864B3CE17644"
"logs/arc_records/ARC-011/README.md","1273","B239E02C5A5A4BD3BC6C3278A490AF5FA0D483FCD20D9712A0587C0B8B8F41D1"
"logs/arc_records/ARC-011/resource_baseline.md","659","07AD3D144EE198D517F0D3C87A6296883871E714186893D91D72275D3B754C70"
"logs/arc_records/ARC-011/resource_usage.md","1495","F0D631E4191D27F57C609BD2FBCE21ACFF9471B3B9987487E048F344BCDE0FB5"
"logs/arc_records/ARC-011/results/corpus_comparability.json","1737","1C19F2E92CA67AAE0989BC49A0A88E527B9A72164618958C53FFBE5B974388BD"
"logs/arc_records/ARC-011/results/cross_corpus_summary.json","18017","9F4F4EB0E7017CCD9742E7BB91BF6F08FD6A83C5FEC80910265176858EF6E3C7"
"logs/arc_records/ARC-011/results/independent_validation.json","1697","B1854F3E0919F932B8A11D26F200F9D3C895999E73B5D66F152945D3BA5803A7"
"logs/arc_records/ARC-011/run_manifest.csv","1237","CA854F026692259D6F1974FDD6970C074DC82DA65F48F4FB9F7D30DD32175B75"
"logs/arc_records/ARC-011/src/analyze_cross_corpus.py","25527","433179FED0751DE20A64D96515ABFF1A9C5B1B25924BA701C7CCC43413AC94A8"
"logs/arc_records/ARC-011/src/finalize_integrity.py","3340","45D400C1800A35C7735B013B26C1CCFC7395D50AA19808E87464DAFE54F50377"
"logs/arc_records/ARC-011/src/prepare_corpus.py","7245","8C4101663EA02739AA7D87C0A65B48F7BCA33A99372EC60C69F6548E448240C0"
"logs/arc_records/ARC-011/src/run_cross_corpus.py","15123","2303623780E94479597D6BD1A59077CB5317BD7004B3EBF18A55E4589A106893"
"logs/arc_records/ARC-011/src/validate_results.py","6848","9D44B0EDABAFA00C248FBC38067EACC1A01CF4AE80F97D41946D909141289FF3"
"logs/arc_records/ARC-011/statistical_analysis.md","2834","A433F5BD15A9261FB9FC6F3E790C16A720102E83D3B239AEB8DBD895BFE511D0"
"logs/arc_records/ARC-011/strongest_counterevidence.md","1696","D8C7D29B5F2F2DBD3462AD435B1503C82A3C3C55E808E3974CC50539E44354CE"
"logs/arc_records/ARC-012/abstract_skeleton.md","1566","7E530210EB1A107C1023E9C23AB44117397875D25DF9BADDB0C941DEDA65EB2F"
"logs/arc_records/ARC-012/adversarial_reviewer_test.md","4591","2017FDC376C4043675A26D3361176F1D233DCC3AFB920B33E6610EE1D640BA4E"
"logs/arc_records/ARC-012/citation_integrity.md","2854","BCBEE5FC33FE13D0D7ED716077B093D41B68DD626EEDC1BD66E1AB6FB9F07723"
"logs/arc_records/ARC-012/EXECUTIVE_SUMMARY.md","3552","22BFC9FEAC5FC403BC6A599D0FCDFFCA24AADCF48CC57FCA1EA429D575868472"
"logs/arc_records/ARC-012/known_explanation_audit.md","3366","97073BAE3107C5E7278C25467C23F8760499784DD82B92564A204A7BAF42D30B"
"logs/arc_records/ARC-012/literature_candidates.csv","23106","58DC9493F91D99432D1AA4D3A9D6BA12869FB937B2C96AF0AC94A6B8C36B2BB4"
"logs/arc_records/ARC-012/metric_novelty_audit.md","2592","7082463B022EC613FAC7F87179DEC190C1F16A6D114B964CE5C849C09E53BF68"
"logs/arc_records/ARC-012/network_baseline.csv","143","751D59308A0F44A926B36D13519E99FD07A9B47F7A7DCA078AB8B2159D481347"
"logs/arc_records/ARC-012/network_usage.md","1572","FBA9F71B24011E4082A8437CE600F5714AA0EB8065AD22396FB8873AD82CEB0D"
"logs/arc_records/ARC-012/next_action.md","739","840283B9D72783101D86974C1414BE7C24E3A14E1178E93BC5805EF4BA6E0A16"
"logs/arc_records/ARC-012/novelty_collision_matrix.csv","4785","5AFFB00D31EC6928B3A2A2C81591DA01ED5D24FC35F72C09972D9AAB479635CF"
"logs/arc_records/ARC-012/novelty_decomposition.md","1990","070F56EB451E62FB6FEF3543E0E3C4CF97521A1AEA74DD9193CA044E87019458"
"logs/arc_records/ARC-012/README.md","955","461F5F32EBE3750D68BD0A7ACA81603E4D555EFB010839ABA68E1D3F6D6BF8E9"
"logs/arc_records/ARC-012/recommended_positioning.md","2499","EDD39F049A8CD0576414C042BB1A0E223ABE2E70DB1B215535068D25E9E11516"
"logs/arc_records/ARC-012/search_log.md","4467","75B790175D02C2E5B102F6CAC983A0E74C6D9AB3C531F2371D447C37A4FB178F"
"logs/arc_records/ARC-012/significance_argument.md","1924","8DD3213A645088B4E7FD288E235323613BCC23A1254CDD5CCD9D11ED8A8516E4"
"logs/arc_records/ARC-012/top_10_closest_papers.md","8175","DBEB15B07FB47DF6033CCDE3B5A8ADD359B1E85DF1747D4B24CA07D925E6D7F4"
"logs/arc_records/ARC-012/working_claims.md","2651","D687E35523FFAEE68421B894BC90733252381DD9EDA26C6623CE2F8C87A74E8D"
"logs/arc_records/ARC-012/working_titles.md","681","AB96E0D39A75BC20DA33D074857A464FD9FDF95B98A92B7904267A2A08162C59"
"logs/ARCHIVE_REPORT.md","2976","9A77CE7C665B08C54F0B2BF26E363B513EF5BA80C6C9A12E3332006C1BE90AF9"
"logs/EVIDENCE_VALIDITY_MAP.md","3907","0BE7563F8D16F15C21FA661129757958355BC4D1E910EA5D2CC1D1DC840AEFD6"
"logs/FINAL_FREEZE_MANIFEST.md","6726","CDB5C595B6A869F6792614449D74B9FBFE13A2E5E2F356A2E3B749EE32BD70C9"
"logs/FROZEN_RESULTS.md","4440","10BCDED13C583520940C15EBF144277C4CF2E6A6606D449435B82927A68BF56B"
"logs/README.md","469","C52401DA45E8A67923DDF13225290534F5E8D8ADBCCF37C6E504016F0A37BA40"
"logs/REOPEN_POLICY.md","1067","34030CE584E184D76A4D2F061346D239A2FBEC3B6D3440A6154CE21B3D852AB5"
"logs/REVIEWER_STATE.md","1795","FF5F7D495895B5173AD3750B9454DC38CA4D6A2408BF56292F235A3CE3CB8243"
"logs/SHA256SUMS.txt","2162","E30D750BD524EBC05A0C52FAC4CADC63408D99E639628B672BA00362959AC45D"
"OPEN_QUESTIONS.md","2933","DBB052BDBD5520675524A77AF2256498CF1D5DD561584BB928CB2EFA46A582FA"
"paper/current/appendix/appendix.tex","7112","0FABD33F399E4B0CB9DBEA4446017E6D6144824AD74820A7DF68BF1DE5429F62"
"paper/current/BUILD.md","907","4A058061E76FBCDEB4D657CEFE16D21198941ED5D0D47AA647098B6782D4E9DB"
"paper/current/candidate_a_iclr2027_draft2_overleaf.zip","783277","A42268D8B40B59B9214DA017203C88DF3E8760190C55980BDD954A781F3C94D4"
"paper/current/candidate_a_iclr2027_draft2.pdf","926435","C4157787DE4BE436E94AE66888135C862C1AAD93987C7D86655BE86CD7999421"
"paper/current/DRAFT2_CHANGELOG.md","2503","D500E7F0608F1F22363C1B6943F0E86BA5DFC55B5FB91F2EFBE303AB860095B3"
"paper/current/evidence_status.md","3048","9B580FD864B677C57C4C8F3EBBACF06DA3D4FCE746C925BAC1DF5E57FA9C277A"
"paper/current/figures/draft2/fig1_hellaswag.png","104969","D764DF1550BD9CD89AF2A3E4364443D353AAF49D10A4E536E29B13BB18E38FB2"
"paper/current/figures/draft2/fig1_pythia160.png","45913","A3D2A4AFEFE23C48D37E092C78299AE8625E1E3EBE758CAC3DE17E906780B541"
"paper/current/figures/draft2/fig1_pythia70.png","36899","DF2F103508FF11FDFE3C3AE7B2F8CB84B6EE83472FAA73B9562FA819C2C2475A"
"paper/current/figures/draft2/fig2_damage_matched.png","131324","F4517010096132888A796D83B882F34E674E6C3B9E5E47F151DE8D49386421FA"
"paper/current/figures/draft2/fig2_magnitude_matched.png","139080","55994F5767CD617655DDFFDB395084686DAAF6080A11984980EB0913AD72E390"
"paper/current/figures/draft2/fig3_corrected_residual.png","78010","E15AA0588F39886B3C53DFFC929C2B98A49F3A9F66CC924E002BE653B646B2F5"
"paper/current/figures/draft2/fig3_match_coverage.png","74762","92F47E84836983089B000A3512E7A65C207F35CE2C66A14C7C65EAF49171199E"
"paper/current/figures/draft2/fig4_layer_adjustment.png","72841","B457997ABD61893F0FCCBC995E31BD6905FB0DABC454CBAA063E73DA6F5E4C04"
"paper/current/figures/draft2/fig4_residual_boundary.png","119625","4A28AE11E026E03C81DE578FB37E9B771B19039119EC4DDB77F9D5DEB19FB8D6"
"paper/current/figures/README.md","896","223963B294499E792036242481C8F0A02029B4C72D5593D7397A446825D7E5BB"
"paper/current/format_audit/anonymity_audit_draft2.md","529","7213942A4AB1DAA4C9384FEC05D81B8595BA73CFF0C5480945781E6FE2492B02"
"paper/current/format_audit/compile_warnings_draft2.md","529","83EA6553501E6B5A8A9D109FDBB4F12E8275FF09449AB269F56601A2A55E6119"
"paper/current/format_audit/official_requirements.md","1806","55F1807807EE9FE54877B3B6F5EE10F5DC4C844A73529ED3509FC14B2690EF61"
"paper/current/format_audit/overleaf_package_audit.md","2088","D78F411CECC1974FAFBCA552D65E78FE1DEBFBCF9892A42A1926349DD4A22695"
"paper/current/format_audit/page_budget_draft2.md","2274","CE60DAE457A241C59E93DEF4154198F5096E9639116AFBE3BB55CAC059074200"
"paper/current/format_audit/statements_audit.md","965","3D7AAA8F0E18F5D0B529A3CBC8BD56B3B8DF8B91469F64B8CE850CC2FDC2DF0B"
"paper/current/format_audit/template_source.md","815","43349DD3A08C5E595CAB728614CA9E509275C5C3F59D2A42BE81E4F8FAFF4DAE"
"paper/current/format_audit/visual_qa_draft2.md","954","8AD560701159203A03807E50F5639FF8C85DF6232C1BE8CA940A4340ABCBA654"
"paper/current/iclr2027/fancyhdr.sty","20521","B56EC4434B9F4607529A4B23DC68AD8D4B94F1F631C8CDDAF7DA78140D53A5EA"
"paper/current/iclr2027/iclr2027_conference.bib","629","CDD86E7D4C31854DCF2145871657C944588A6D44C3B72E160FF4BAA8DF1A52FB"
"paper/current/iclr2027/iclr2027_conference.bst","26973","2D67552DB7ED38CCFCCB5957B52F95656E25C249724761D3CF5F7922AD1844C5"
"paper/current/iclr2027/iclr2027_conference.sty","9025","797DEEF41724E93761426AC0CBCCA46279A91CC650DD1F0CE76A4F08D2098EA6"
"paper/current/iclr2027/iclr2027_conference.tex","19740","03E556D6E5593E498FD39F262EC2D184EBFE8693CBF47FB7CEA3402D8D5166AC"
"paper/current/iclr2027/math_commands.tex","12284","90473C4D0542070DB244CEA73EF962D6CDDC5B2A746757E6A40DDF5FDFB90BA9"
"paper/current/iclr2027/natbib.sty","45154","88BC70C0E48461934CAB5B2ACCEF06B74A8B3AC45AD03CCD3F2A6B7E0D6D530D"
"paper/current/main_claims.md","1889","CDCDCFD6F42E007D572307C1D0686C5A50E57BD58230A4A3B3677B76CEA645A8"
"paper/current/main.aux","11669","553AA54561AF771D06DD6A7CB240192792E374C39795F66BE01587E3CF7ADB54"
"paper/current/main.bbl","5062","7C38040230EF831096F8FE994C0A4A57054630BC82B09C2A8686499D34590432"
"paper/current/main.blg","919","B7C9EE3EEF898B9E06674091D1CDF570F71DA42CA1C46099FCD206F2ABC75EB1"
"paper/current/main.fdb_latexmk","15356","21FA31F2490194A3623946CD7F5429A6C709F7573214C45F66DA807F024AB1DA"
"paper/current/main.fls","18419","0010DDFDEF684ACEA2D08FA883D95A79425D5A6EF662EFB4DF8142E53BAA7280"
"paper/current/main.log","24566","74D11767F8CF6FEF21FB278CA76DC8D5018FAA9E3C402E04227C6C4047E3D094"
"paper/current/main.out","4987","9DC41684891279056EF44FA5D794181A20ED3A4158B385FCEC7422501BCA65D8"
"paper/current/main.pdf","926435","7B6D2B201BF5FC94D90894FFF03EDA416712AC6AC4546A30B31AAB31D1193B26"
"paper/current/main.tex","2630","C6FEA9DDFB5965A569E3504C83517E13D9AF74894CC6CB09846E1E3B8750CEE5"
"paper/current/numerical_provenance.csv","4731","EF2FA40E73EBAF70E6BF164DA7F28BD353D3AB3CBA466D709F42ED5564347B71"
"paper/current/OVERLEAF_README.md","532","2B2746EF9F577C587980A129F6A938B46469C2B1D32EEC4A6F2950ACBAFC0DD9"
"paper/current/prior_work_collision_table.md","2888","604F52BB7735574D7E439DA59E21A4F9D8E76637E3EEBBEF3DC86AB7F1D21FBB"
"paper/current/prohibited_claims.md","1338","3FAD02288BAE482010B3794A68BDA7FEF9B925F4BC52D27F28768A3F2AA6491E"
"paper/current/README.md","1362","6328D48D78ACFDF9F83BB2E67233AD2555AC8A28125C121A083622E74169A8F0"
"paper/current/references.bib","4924","8449F1BC6DDA5AFD13A6878E3A8DFF61B921373BE014933E0541A3B603240E76"
"paper/current/reviewer_attack_surface.md","3227","6AF129045DBC61B3075F7FEFFD215D20E871AB2A655AFF5A76F2F1A801BA014A"
"paper/current/sections/01_introduction.tex","3689","045771245E93B404BAA8DC4AF4CAEF87752874016D499EB61272AFCEC68E3A6D"
"paper/current/sections/02_related_work.tex","2616","C8B87377443CD171B89A8E97F82CE9E947E620BC831FCC925EF2327DFC008C5E"
"paper/current/sections/03_setup.tex","3116","76DB3DEE56AF4562E4C7F77967CEB05EE5F3970173169AFCFA40483B56A8B2C7"
"paper/current/sections/04_reproducibility.tex","3401","8C4FBA6F5A866EC8B01D386BC927F7D1D308675B6D7F67C986FB297CC558BD64"
"paper/current/sections/05_functional_damage.tex","3259","15F00B47CED0913C05725817CF56F2675A86366FCC889CE5846A41CA090BA01C"
"paper/current/sections/06_family_residual.tex","4328","BB223DCFEB7EEFF972104A2EE4571EAC8F08FEE32BE8529416B7B1C3BAB763B7"
"paper/current/sections/07_geometry.tex","2425","39ACFC0DFBB44F81E779C8491C42D7A1BD3D1B79985275F910DC75841459E956"
"paper/current/sections/08_discussion.tex","2576","FC2A9FB47FBBCF025729D0D4693A8D4AF6A2A63349B309209179E13F99D535EC"
"paper/current/sections/09_conclusion.tex","589","3B8B9A238E7912C73669E06FDE07704FA82237044CF52A7AFD88E3780EC296A5"
"paper/current/sections/10_statements.tex","1615","5E0CA096CFCF3AF5F652BE09F725D3EF6B84F89C84FC2ADBB10BAE92F685A1AD"
"paper/current/Shengye_Tao_ICLR2027_draft.pdf","926435","C4157787DE4BE436E94AE66888135C862C1AAD93987C7D86655BE86CD7999421"
"paper/current/tables/key_results.tex","711","74670D82D93284124A4EEAA4759BD7F4EFCB914C14E0369BFC86565B2484CBEF"
"paper/historical/Candidate_A_Draft0.pdf","997963","13BB9CD72514616FBCAF3AAF5BC0F48437226FE3289675ED8CAEBEF05DA6C01B"
"paper/historical/candidate_a_iclr2027_draft1.pdf","944949","38D9CA062B36B4DD33ED55F610E49185ECBCBE70D07D5EF1E3AE92A91D36D213"
"PROJECT_STATE.md","8463","26C34D3AAC3958EF9250C8E4A63AA5F0209E8A7733EBD129DB3A197DD8B54396"
"README.md","2348","752F7E487843F672FF03F8FC98E66FEB0541832DD5DD226F10C590A70C7CD1D1"
"RELATED_WORK_NOTES.md","5041","1B00F39C415F0E9C9159922BFEF03F0D5B721AD2551E9D162AC65C3A34ACAFC5"
"reproduction_workspace/meta_arc05/ARC-20260825-5060-001/configs/boundary.yaml","361","9F326586879446BBE5955D854E12D84DE95FEEBA76E28DD0310487F56DA6960F"
"reproduction_workspace/meta_arc05/ARC-20260825-5060-001/configs/heldout.yaml","312","71DF566B1447595B628A249A9377E7D43073EEF7ECBF14D3578009EC4E20B9E3"
"reproduction_workspace/meta_arc05/ARC-20260825-5060-001/configs/replication.yaml","345","127CE9063A929089E80765D752AE1574974292721A1B3D051675BD73D420D41D"
"reproduction_workspace/meta_arc05/ARC-20260825-5060-001/data/wikitext2_train.txt","10797148","9E9FA1AD55B1C2C95B08E37DD8E653F638FAC2C6DE904B79E813611EEFBC985F"
"reproduction_workspace/meta_arc05/ARC-20260825-5060-001/experiments/boundary/raw_results.json","227377","59F959A1AE50FABD2D3A33C6F7610AF211755378A14F39E016D80F2C51335B75"
"reproduction_workspace/meta_arc05/ARC-20260825-5060-001/experiments/heldout/raw_results.json","47343","AFEFC7815601827078F927AC928E597B55299324F78499FD9ACC00B7749A3CD6"
"reproduction_workspace/meta_arc05/ARC-20260825-5060-001/experiments/replication/raw_results.json","22799","D57500ACDBFC55B12B932F37A0C8E37A40E91AA61EAD603C2B9FE413CC57FFD3"
"reproduction_workspace/meta_arc05/ARC-20260825-5060-001/figures/boundary_training_progress.png","82006","C7F4A3AC9434C39889A57EC21BAAB0E220BC5EF5573B57ADA7E081D58763CBDD"
"reproduction_workspace/meta_arc05/ARC-20260825-5060-001/figures/confidence_control.png","98670","D12C051A79751C11258DA24CBA0AB4B29B15D2385CAC51B15766D07FD4F4D252"
"reproduction_workspace/meta_arc05/ARC-20260825-5060-001/figures/heldout_prediction.png","62611","BCC1A6B8B77FB3E4C7438DFA19BEC05DA8F09D6B25836AE351370FF6B8D013DB"
"reproduction_workspace/meta_arc05/ARC-20260825-5060-001/figures/replication_layer_profile.png","98445","CF3E49A52F37177FA4B98FD14926FDADBA0A93BBC6B53808E0D046D1D0365E7D"
"reproduction_workspace/meta_arc05/ARC-20260825-5060-001/README.md","254","E69EB7A01D2A2DF6E95B416D6ACE9DF7C6DEAE7BC945F9FC199BCA482F8814F0"
"reproduction_workspace/meta_arc05/ARC-20260825-5060-001/results/boundary_aggregate.json","4212","7C63759128AA30F6BBEC7B3951921E2D311501D9644587B061CA61F5E0BD29E3"
"reproduction_workspace/meta_arc05/ARC-20260825-5060-001/results/heldout_aggregate.json","3006","235DFCF24DCD32EC78BF75C7502317BD6318553ED8A5F34739DFF5F4B3955DA2"
"reproduction_workspace/meta_arc05/ARC-20260825-5060-001/results/replication_aggregate.json","11265","1724CD3379BB6A0D2D6DC34E2C5E46AB25B765F1DB9AE4773B8528CBA05D28F4"
"reproduction_workspace/meta_arc05/ARC-20260825-5060-001/src/aggregate_boundary.py","6595","BA32A24D56915507DC6F6168E0C89BF7E1B329EEB84527529200F8B597843F1F"
"reproduction_workspace/meta_arc05/ARC-20260825-5060-001/src/aggregate_heldout.py","4519","14934FAE406BBA4CE63B630586000417F33B87E96F922B7AFADE61FFFBEA3D00"
"reproduction_workspace/meta_arc05/ARC-20260825-5060-001/src/aggregate_replication.py","4661","969854348DF00ADB8C3DAB5054721820144FCB667936D76FF9CDE16B5F7489D9"
"reproduction_workspace/meta_arc05/ARC-20260825-5060-001/src/run_boundary.py","7337","B7E0F2DE527940B95D1AEDEA895E6B7E35C4A80DEFDBE6EC7A89DCCD21EA2FDA"
"reproduction_workspace/meta_arc05/ARC-20260825-5060-001/src/run_replication.py","7116","1520B06CC1A69AACDCD7287C801A2DF885C095420A4C14CE7E0D5D71A2C5BD9E"
"reproduction_workspace/meta_arc05/ARC-20260825-5060-002/configs/stability.yaml","439","9004B878DC252CA70F0CBC151DE43DC4BE5F0DFB5AD5C11E441C19FB5BF1F6DA"
"reproduction_workspace/meta_arc05/ARC-20260825-5060-002/experiments/raw/pythia-160m-seed1.json","202079","055DE4B7133C339295BB8989618A2B3233FC00F0C5636E685AA99D242EF7AB13"
"reproduction_workspace/meta_arc05/ARC-20260825-5060-002/experiments/raw/pythia-160m-seed2.json","202108","83C97045E8D6B1BE6345F8F954FFA5128E8772EBC322EA01614AC0C720AE207E"
"reproduction_workspace/meta_arc05/ARC-20260825-5060-002/experiments/raw/pythia-160m-seed3.json","202117","B300A161FD6AA29AD1BFA7E636624E2B626DD13168D4CFB16909E2303D296C39"
"reproduction_workspace/meta_arc05/ARC-20260825-5060-002/experiments/raw/pythia-160m-seed4.json","201961","4BCDCF0ED647DA492023B18E0733AF159EC370E2998680E7EDDF35179477FC43"
"reproduction_workspace/meta_arc05/ARC-20260825-5060-002/experiments/raw/pythia-160m-seed5.json","201612","89E193FB8E7E02502B7780E51ADA446572501184E29929C9E82F37A1C9CF4BA7"
"reproduction_workspace/meta_arc05/ARC-20260825-5060-002/experiments/raw/pythia-70m-seed1.json","85039","664B866E54D8E6BF733ACAB28995E8011AB5198DF1CD7B9936F1486F06A42355"
"reproduction_workspace/meta_arc05/ARC-20260825-5060-002/experiments/raw/pythia-70m-seed2.json","85211","4A85A9207172F9BB66F39FE4364F93E2957B5DAB979D88C8DDAB287DB98A592F"
"reproduction_workspace/meta_arc05/ARC-20260825-5060-002/experiments/raw/pythia-70m-seed3.json","85219","71AAAE4A18534C71D37E27C7F963F00CA6F96A418E415AAB5A5D2004A7EA037A"
"reproduction_workspace/meta_arc05/ARC-20260825-5060-002/experiments/raw/pythia-70m-seed4.json","85090","6B41369E59E86B34ADEF0960E83B051A21F772848CAF28E08264A1C131A950FF"
"reproduction_workspace/meta_arc05/ARC-20260825-5060-002/experiments/raw/pythia-70m-seed5.json","84972","01BDC8CB27B039E760E87F993396E605B42A5177AF628B49F8EC387636743FA8"
"reproduction_workspace/meta_arc05/ARC-20260825-5060-002/figures/fig1_independent_run_trajectories.png","186255","E21C8E48AEF6754BE8B185949E34256E99809A969AAD9FE908C843D1026CEBB4"
"reproduction_workspace/meta_arc05/ARC-20260825-5060-002/figures/fig2_delta_distribution.png","36899","DF2F103508FF11FDFE3C3AE7B2F8CB84B6EE83472FAA73B9562FA819C2C2475A"
"reproduction_workspace/meta_arc05/ARC-20260825-5060-002/figures/fig3_nll_damage.png","147822","289D95B8FD34489AA8747BE73EBD4A9D526347C492A930BE630B29DA21832179"
"reproduction_workspace/meta_arc05/ARC-20260825-5060-002/figures/fig4_kl_divergence.png","156366","F9073F006920123C5833CDBF32BC25FEF2A0C023088DA6338312667931C54066"
"reproduction_workspace/meta_arc05/ARC-20260825-5060-002/figures/fig5_confidence_matched.png","39571","2EA914D4EBBF2FAE8D7B63AEBB405325BBBFB8B242986AEF208AE071ED20411E"
"reproduction_workspace/meta_arc05/ARC-20260825-5060-002/figures/fig6_layer_progress_heatmap.png","60307","6DB5F3E3990CC64459F39507438633FF6292F281B8691AF03384BA6AE5CED3D3"
"reproduction_workspace/meta_arc05/ARC-20260825-5060-002/README.md","408","FFB572E4EF4B87DF5A6B9C35EE2A641A99C860B8D23F0A345C2B34DC8E21FC13"
"reproduction_workspace/meta_arc05/ARC-20260825-5060-002/reports/competence_gate.md","957","198ED44D8BC71C95ECB59889419E293FD0BE28135F6596F7CB9BEB824CA39EDC"
"reproduction_workspace/meta_arc05/ARC-20260825-5060-002/reports/final_arc_report.md","6820","2C398726DD4926F480700C406BA7EC32DA240C1C20AC4AA89B4B6B31A5A74AF5"
"reproduction_workspace/meta_arc05/ARC-20260825-5060-002/reports/harness_validation.md","978","E73D1DB0233C0DF6C6A550F8FD1B6C975F43C12337F072F30577CFD6A1C5BAC3"
"reproduction_workspace/meta_arc05/ARC-20260825-5060-002/reports/preregistered_stability_test.md","2613","487DDFDC55EB3F96F6D424A5B4C2110B76341DA76BEA23E4A6829FA62D2A551D"
"reproduction_workspace/meta_arc05/ARC-20260825-5060-002/reports/provenance.md","2925","D6D250C10DA2424205EFC10AF2D6888C00EF5C7F937D77174D93C08F4BE56920"
"reproduction_workspace/meta_arc05/ARC-20260825-5060-002/results/checkpoint_metrics.csv","5219","BE00BF5BD5760049403A22451DC8FB9042ED73AE8506617189539DA94D9EE8E0"
"reproduction_workspace/meta_arc05/ARC-20260825-5060-002/results/run_deltas.csv","965","531E61DE085657BD6496764988DD895E4AAE3A9A1C3E1C621B128C4326707E66"
"reproduction_workspace/meta_arc05/ARC-20260825-5060-002/results/stability_summary.json","26156","3258DD4F7A0462B96964B6311471E277272A59DFEAFF17B7362ED79FF12DCCFC"
"reproduction_workspace/meta_arc05/ARC-20260825-5060-002/src/aggregate_stability.py","19574","C4DA72CCCB72690EAA44790191901AF95CEEE942C5A0C120212F12427225AF21"
"reproduction_workspace/meta_arc05/ARC-20260825-5060-002/src/run_stability.py","9377","09F292C2D4DE4A5E452A30F26C8C3903DBB89FB855984E4F6DB8106F6D45E884"
"reproduction_workspace/meta_arc05/ARC-20260826-5060-003/configs/independent_runs.yaml","479","4DF39C0A14AD06B725039F63D98145CF778F2FEB5BE5F94820B6391F31070E79"
"reproduction_workspace/meta_arc05/ARC-20260826-5060-003/experiments/raw/pythia-160m-seed6.json","202041","7A9699AAFAF93FEA78670D36E6F75382407B66E24E98B49817EDCA0D829E0ECC"
"reproduction_workspace/meta_arc05/ARC-20260826-5060-003/experiments/raw/pythia-160m-seed7.json","201781","2DBA909A07121E5C413123F095B1168DF9034301BD44493C96B2389179722E5E"
"reproduction_workspace/meta_arc05/ARC-20260826-5060-003/experiments/raw/pythia-160m-seed8.json","201627","F6AA7F14ECFE5D1701DA07F6D3E1D81A44E99867BC36AF7B7AD4B4E94941EDB1"
"reproduction_workspace/meta_arc05/ARC-20260826-5060-003/experiments/raw/pythia-160m-seed9.json","202095","78A2E5EC8A715FDE45391559A2D6AAD4906A78FF8115542C609A228DE3A9BF85"
"reproduction_workspace/meta_arc05/ARC-20260826-5060-003/figures/fig1_independent_trajectories.png","220472","689F4975BF2C20B79F83984CC4511F7B4394FD17D30430116900932D0152DA5F"
"reproduction_workspace/meta_arc05/ARC-20260826-5060-003/figures/fig2_late_minus_early_distribution.png","45913","A3D2A4AFEFE23C48D37E092C78299AE8625E1E3EBE758CAC3DE17E906780B541"
"reproduction_workspace/meta_arc05/ARC-20260826-5060-003/figures/fig3_run_level_forest.png","55414","27A5232BF52F26EC6C7407EB4A0A714D96F7CCBE146AFBEBAD95C98C9E9416B9"
"reproduction_workspace/meta_arc05/ARC-20260826-5060-003/figures/fig4_confidence_matched.png","36957","FB13DFD311BEC85842E7E15028C1D2983EF25DC62C1E64D0C3453DBE4CD9B313"
"reproduction_workspace/meta_arc05/ARC-20260826-5060-003/figures/fig5_layer_progress_heatmap.png","53510","A93340789D02765C0F0567E17AD29CF7F5604737F887DE5F09CAEE4E48203C5B"
"reproduction_workspace/meta_arc05/ARC-20260826-5060-003/figures/fig6_functional_metrics.png","320055","F7E9416F7D109AE41E5C1640DC93432D199ACE4D6B810C90E76CAEA11579FDC9"
"reproduction_workspace/meta_arc05/ARC-20260826-5060-003/README.md","641","D9F71DF95A5BC3B0892F6C3A303A6A40CBA7472FF5604632AE2D485A806FED6D"
"reproduction_workspace/meta_arc05/ARC-20260826-5060-003/reports/final_arc_report.md","7609","D326332F48899985320DEEA9E0D8F8497B6C42423A87D1295E38B05BAC42A306"
"reproduction_workspace/meta_arc05/ARC-20260826-5060-003/reports/final_artifact_manifest.sha256","890","D6FD638E933291AADB68D0ADA6A3B8D95A639BC384C7FF9038A3A5EB56F8F68A"
"reproduction_workspace/meta_arc05/ARC-20260826-5060-003/reports/full_project_promotion.md","4171","7A9E9748C97399694AE44354FB395F9BB698C5089ED6E9D6530F61D1EDA6C031"
"reproduction_workspace/meta_arc05/ARC-20260826-5060-003/reports/heldout_run_prediction.md","1285","24F87F513BFF980869FF9833788C1F0F508C74D114522CE0FE357F0822E28869"
"reproduction_workspace/meta_arc05/ARC-20260826-5060-003/reports/preregistered_independent_run_test.md","5003","9A655E895A7335C294B03B81960E7A1C1477F9047810EC2A7A71D676F4EB25A2"
"reproduction_workspace/meta_arc05/ARC-20260826-5060-003/reports/preregistration_manifest.sha256","391","4F9A76DA4D2437B6B0FA37EDF757B2F3084E0E0C1691EEAE4676CE6B7FC9DD07"
"reproduction_workspace/meta_arc05/ARC-20260826-5060-003/reports/provenance_and_commands.md","4443","998181D761961039086D90166B49FC472253BAEDC27B2B52430E6D5B6C26BD7A"
"reproduction_workspace/meta_arc05/ARC-20260826-5060-003/reports/resource_baseline.md","681","35D7D8994D9792859EAFE66F3123BD378DBE2AAAEAFE5968D82E1B1B19A75177"
"reproduction_workspace/meta_arc05/ARC-20260826-5060-003/reports/run_provenance.md","2010","B4BDE0082BCEB7833B67121C4178D42B943D065794690E9D66D4EEFE328C5C05"
"reproduction_workspace/meta_arc05/ARC-20260826-5060-003/reports/strongest_counterevidence.md","3017","2A94CA559E42855D70D6F15A037659966333E96B981B02A52C415A1969DC4EFB"
"reproduction_workspace/meta_arc05/ARC-20260826-5060-003/reports/terminal_summary.txt","1715","83D9ECFF6F74D9AAF825D33F6E38A96325B287A268CFB8E881E572631D136A3F"
"reproduction_workspace/meta_arc05/ARC-20260826-5060-003/results/checkpoint_metrics.csv","7305","E0630BAA2E451F712EBA632F85BBC3152FA924F9D3AFE690C5B4B45FEFE72C30"
"reproduction_workspace/meta_arc05/ARC-20260826-5060-003/results/discovery_summary.json","49408","C00DEAAD1256A44999CDFF89ACAB240427F059CB20248E8414D796AC646B57AC"
"reproduction_workspace/meta_arc05/ARC-20260826-5060-003/results/independent_run_summary.json","54154","A834F5662F2D9D5932880D027B488631FA49B702E308D213ED6A6B39F1C19ECA"
"reproduction_workspace/meta_arc05/ARC-20260826-5060-003/results/layer_endpoint_deltas.csv","7354","62E6074FA231BF716FC43F0E5F3A6293BD8F445E311C719D74E03858390F83D5"
"reproduction_workspace/meta_arc05/ARC-20260826-5060-003/results/run_level_results.csv","1402","0840AA833F48E3EE35BFB8D4E2E1B154C0ADAA3BE2A90D102FF180E13AB3CE83"
"reproduction_workspace/meta_arc05/ARC-20260826-5060-003/src/analyze_independent.py","15909","A556211BEA31EBC5D18B3F6EA4A66AE3AE89108BD3D8E7D437CF536FC44515D5"
"reproduction_workspace/meta_arc05/ARC-20260826-5060-003/src/prefetch_weights.py","4047","577290ECAA572EFED51FF6F73546E61211FF3FA35B1BCF87D45D7F306BC402A6"
"reproduction_workspace/meta_arc05/ARC-20260826-5060-003/src/run_independent.py","677","8F9A4C6FFD823B0A069290FA1EF0A351C7C19B6D2A80748E5D6849043A65247C"
"reproduction_workspace/research/arc_20260826_5060_004/assay_validation.md","1675","DEB9B67A34CE07A5B0DCECCE854E59CEAE38A267FB797AE00A60388007E2A2F0"
"reproduction_workspace/research/arc_20260826_5060_004/configs/mechanism.yaml","534","FA757A184AF426CF333499AB2EF8CED1C0650D866660C0281435BFA9BFFAE7B9"
"reproduction_workspace/research/arc_20260826_5060_004/execution_manifest.sha256","807","EA63C9EAB7877B053487FDC8A22D3933F1070EDB5EA0B38639CCF0FF3E1F7010"
"reproduction_workspace/research/arc_20260826_5060_004/experimental_design.md","2349","C0EF11BF754EDFE15F82F86168EF2015A8BF4F91D81457227459F7B183A97D2A"
"reproduction_workspace/research/arc_20260826_5060_004/figures/fig_a_ds_vs_functional_damage.png","154133","0BFF9A7AA82E549CAEDAE34613AB05A6C9A58DE353635F32FB8CCDC2E52BF053"
"reproduction_workspace/research/arc_20260826_5060_004/figures/fig_b_ds_vs_magnitude.png","220584","4783D7017E5468C3072AF5D4ED9BFBE5D83F1A76882BD92DEC43CC48797BCE84"
"reproduction_workspace/research/arc_20260826_5060_004/figures/fig_c_magnitude_matched.png","139080","55994F5767CD617655DDFFDB395084686DAAF6080A11984980EB0913AD72E390"
"reproduction_workspace/research/arc_20260826_5060_004/figures/fig_d_damage_matched.png","131324","F4517010096132888A796D83B882F34E674E6C3B9E5E47F151DE8D49386421FA"
"reproduction_workspace/research/arc_20260826_5060_004/final_artifact_manifest.sha256","1191","72CE5618190F68C519B069A91A45AD2E2B7879C919AD0A99BE1AFF6EE2D782BC"
"reproduction_workspace/research/arc_20260826_5060_004/matching_diagnostics/absolute_magnitude_matched_pairs.csv","79604","F39CFE233B3F1E7348B79E9B1510DEAE26E5675E39B0D069BDF7A3606AED62DF"
"reproduction_workspace/research/arc_20260826_5060_004/matching_diagnostics/damage_matched_location_separated_pairs.csv","54371","FFD02B4E403F51F0BC0F32A4A10351A43A08115CE776160933A7380332CCBF4D"
"reproduction_workspace/research/arc_20260826_5060_004/matching_diagnostics/damage_matched_magnitude_separated_pairs.csv","12858","F1696B3868BAD6C7F6D5B2BEA86BCFBED0D0A3BA83671A750E8A821A37DB27B8"
"reproduction_workspace/research/arc_20260826_5060_004/matching_diagnostics/damage_matched_pairs.csv","55732","069A4BBD905445799CAA225823C17A48064C96C8B40E0DF77C3A7C495AEFD883"
"reproduction_workspace/research/arc_20260826_5060_004/matching_diagnostics/magnitude_matched_confidence.csv","54398","FFD215861BAF687AEE1DE7C73FA82E28F45823232180D9375E3A889FC93E8FE1"
"reproduction_workspace/research/arc_20260826_5060_004/matching_diagnostics/magnitude_matched_pairs.csv","62571","E9BE8EC7B50C39DBDA5D2B9FFD5D0A93DA7D3C040D78550B99F18FC9B0C07DF4"
"reproduction_workspace/research/arc_20260826_5060_004/matching_diagnostics/pilot_feasibility.json","626","E7C114026245666FC7EBE01B02A71FC0B5C6B81F0E4215541D1320044F8844CD"
"reproduction_workspace/research/arc_20260826_5060_004/mechanism_report.md","5521","0FB880BEAE0E99C627B8792F406C1CD9CE771ADD4A6C6D110F87AC07530F3B2D"
"reproduction_workspace/research/arc_20260826_5060_004/next_arc_recommendation.md","941","706F820220E1E0CCE5999176E93030AD764E7B2105CFF70EA6BCCE0749469B27"
"reproduction_workspace/research/arc_20260826_5060_004/paper_implications.md","2340","AD6E91DD4453304AE2CF941468ECE4227E2C7937535762DB42724FAF41D7A0AD"
"reproduction_workspace/research/arc_20260826_5060_004/posthoc_notes.md","1523","8AB78EDC611420ECB0FF8C5C6FED38499B0BB7FF74F6758FA4FA314F6017D976"
"reproduction_workspace/research/arc_20260826_5060_004/preregistration_manifest.sha256","340","7C2F827BB99A512B0CA7A56406A73E0DA7030EEF0A95576033681BFD20C65597"
"reproduction_workspace/research/arc_20260826_5060_004/preregistration.md","10143","C18968C4CE998B515E0658B9D5564EF16DFC083A815EACB0C35FC25186EB45B7"
"reproduction_workspace/research/arc_20260826_5060_004/processed/confidence_bin_metrics.csv","357196","C7F0FBA8E2B61CEA7D49DE313691E3298F2439AF754673102E2A5C557349C5F0"
"reproduction_workspace/research/arc_20260826_5060_004/processed/intervention_metrics.csv","193863","50472F6D1AE16F7FEE96919A7A5F8684E4DAA603EFB5BFE579E818F851CE4BF7"
"reproduction_workspace/research/arc_20260826_5060_004/provenance_and_commands.md","2007","1F21314E266168B0EDA5BE391534817252202B3CBD12CCDED24D3EB70DA4C04A"
"reproduction_workspace/research/arc_20260826_5060_004/raw/pythia-160m-seed1.json","640108","BFF0CCE7CC5979B74BADBA806D04D54482AE3771EA0F53651CB6218A7146A606"
"reproduction_workspace/research/arc_20260826_5060_004/raw/pythia-160m-seed4.json","640078","501F91A92D10E7B43D9B5E22B325F30DDB6759D93ACCE3745CDA2AF7F20E5A72"
"reproduction_workspace/research/arc_20260826_5060_004/raw/pythia-160m-seed6.json","639550","36B537869866DA588B573583B60D499DB84C62A89612D7C6D82F9C8293F372BB"
"reproduction_workspace/research/arc_20260826_5060_004/raw/pythia-160m-seed7.json","639136","75ECB45367F417C1A2B64A96F04C33142052E7F3A9FD3BD9A28112CE8074598F"
"reproduction_workspace/research/arc_20260826_5060_004/raw/pythia-160m-seed8.json","639114","AE4BDD6AE904966EFDF399173351CBB07245D30DF17F2BE558B7CFCE07352385"
"reproduction_workspace/research/arc_20260826_5060_004/raw/pythia-160m-seed9.json","639390","0A85E9A3E9215BEE5374D4A9D693B8FEFD4A7BDA5AC036E14CF552A232499B3E"
"reproduction_workspace/research/arc_20260826_5060_004/README.md","464","0BEE2BDDC5A2A7D2CFECC3B6F0F831E2F38051391BCCB484523ACEE223743014"
"reproduction_workspace/research/arc_20260826_5060_004/resource_baseline.md","681","522AEEAD5BEADCBCF92C90DA19228EDB8202057C11A80545F1E857C7A3F43D78"
"reproduction_workspace/research/arc_20260826_5060_004/resource_final.md","828","484F101622A82CF4A1C017BFE18AC2269894BD2A9A4EFF1C6787B06A863DD626"
"reproduction_workspace/research/arc_20260826_5060_004/results/mechanism_summary.json","24071","BEE5F2D9DE276A5587B67F31825D287C32BFC565808D24DF357BF32F2CBF15D9"
"reproduction_workspace/research/arc_20260826_5060_004/run_manifest.csv","1056","1216D6748FE4504578AE1E6D6E00963C461C0C4CD34A8B8660C0BF450EB70AE4"
"reproduction_workspace/research/arc_20260826_5060_004/src/analyze_mechanism.py","26432","D80BCEA5E4168EA0BEA2A5C07258984FED50340E7A4121737E1351135BDE2186"
"reproduction_workspace/research/arc_20260826_5060_004/src/run_mechanism.py","17907","0B78EFC21B6742B184266086DF1EDDD30DFEB2ADCCD36BDE2784BE0B375F11AC"
"reproduction_workspace/research/arc_20260826_5060_004/statistical_analysis.md","5075","1E993C9D627FA201C4E882C895AC3206BA35065C282B3918D693C5BA31412975"
"reproduction_workspace/research/arc_20260826_5060_004/technical_failure_log.md","1087","DB133C8372E964FC94E517435E7A349BF7D067F95B39A836EFD3F0456641DE00"
"reproduction_workspace/research/arc_20260826_5060_004/terminal_summary.txt","1017","69AC9D37FACB031023E0105BFA78AEAE576EEAAD529BED43EB9C949F417E3913"
"reproduction_workspace/research/arc_20260826_5060_005/analysis_freeze.sha256","764","8B463E82CE8F647611E063DE6D1271D892C2AF23DBB9A483852919F3E48DE0E3"
"reproduction_workspace/research/arc_20260826_5060_005/configs/calibration.yaml","707","7732CC482EDC93227F3DC2C875A759C3F95CF46FBCC1F8B7ED861FD29DE942B8"
"reproduction_workspace/research/arc_20260826_5060_005/configs/confirmatory.yaml","755","B3C743ABB889CEC363B8B0F633F3FE1F6A4A405EA947B3E401E3E6441022CCB9"
"reproduction_workspace/research/arc_20260826_5060_005/confirmatory_protocol.md","1655","73805872A01CF36275D0F93EF97C794757B3E4B7D6EB4395BD8ED9B3EEEAA0F4"
"reproduction_workspace/research/arc_20260826_5060_005/experimental_design.md","1905","B51981BB51E7C58512535A99501B43F69359C4EB88B2533CC728409DCFF7E40B"
"reproduction_workspace/research/arc_20260826_5060_005/family_robustness_report.md","4115","17EE9FBB7CC75F0846D571572706002F11495F6167178D76856FA8A31D260422"
"reproduction_workspace/research/arc_20260826_5060_005/figure_contract.md","1702","8ACF01DF7B59217E63F5077673948B0DE53B6D5CF10C14CDCB7D39A39AC76CB1"
"reproduction_workspace/research/arc_20260826_5060_005/figures/fig1_family_damage_support.png","141898","B3214ADC0387C8D429D491CBDFEB789A0656FF7E49E5E53BA12217BE146D2261"
"reproduction_workspace/research/arc_20260826_5060_005/figures/fig2_ds_vs_functional_damage.png","247193","9F993CF70A86D548A602BFDFB01BDEF6DB2C3AFF03E892759864BE7E5F34D8BD"
"reproduction_workspace/research/arc_20260826_5060_005/figures/fig3_cross_family_matched.png","126887","20435D664D10C1E9224A4447BD968CB049778A2F58CB5308DF645DBFD986414A"
"reproduction_workspace/research/arc_20260826_5060_005/figures/fig4_family_residual_forest.png","76241","5BEDFC0A11EAFDA6E46815B6943D5346B9DD5214C6541666571C691045604565"
"reproduction_workspace/research/arc_20260826_5060_005/figures/fig5_strongest_counterevidence.png","63136","92E6FAD4B4398C4A23577187FBF5C1E5179BB63A40490F829538418E0FBB718A"
"reproduction_workspace/research/arc_20260826_5060_005/initial_freeze_manifest.sha256","830","E7A18A9ADB210BC1077A0C8D0D9FCDB7EEA19BA46F21366C91EADD303C775416"
"reproduction_workspace/research/arc_20260826_5060_005/integrity_lock.md","737","97652A3512B7C3E2FCB9DA60E064DE1A0959B9376CE09247C65E230E3106DCAA"
"reproduction_workspace/research/arc_20260826_5060_005/intervention_selection.md","2781","DFD6A3EAE021E6028C5A73A485117347D672CC0AC4C5E7DB6DB849115B10141B"
"reproduction_workspace/research/arc_20260826_5060_005/matching_diagnostics/cross_family_discards.csv","22033","0FCEC9A361F5CC449684C665EE771569F48EA0A8EEC9972CEFD08AFC23701799"
"reproduction_workspace/research/arc_20260826_5060_005/matching_diagnostics/cross_family_pairs.csv","8168","C0428CE7319AC652890580834EE6AE34A821DAD0279906C559ABCC4D5BB3586A"
"reproduction_workspace/research/arc_20260826_5060_005/matching_diagnostics/within_family_damage_matched.csv","10155","FB79D0087F8740910B72AA1B37D27FB2055978FD22965C3A3E6BBD51E5EAAF12"
"reproduction_workspace/research/arc_20260826_5060_005/matching_diagnostics/within_family_magnitude_matched.csv","18858","8B9BA4D34A6B0B56C6ED76C7A76C42AEFC80C9F3F6AD3CC76B0CCBEDCA71C7C9"
"reproduction_workspace/research/arc_20260826_5060_005/next_arc_recommendation.md","1011","ECB5080820D600AA8637E029EDB0FCB43C8971ED36F31AF24E90CF896F579133"
"reproduction_workspace/research/arc_20260826_5060_005/paper_implications.md","1484","9F07E15FA2BF1292E9524BA2496775B40D3113BC9F30852807F8DA6E5BDAE931"
"reproduction_workspace/research/arc_20260826_5060_005/pilot_results.md","1723","3B0F5F211475EF2F53B734D99C421FDFFBFA18F26B22EEEE3B0F047D1C55F39D"
"reproduction_workspace/research/arc_20260826_5060_005/posthoc_notes.md","879","55ECD3F15FCBA24ED7A95A78ABF3BD2810779EADFA0D39C9A890A5A38F720675"
"reproduction_workspace/research/arc_20260826_5060_005/preregistration.md","11804","687528666F78171B70CF383C8BBD0D91A539FB9BE0F5C30D62939ECAEDB6D0D8"
"reproduction_workspace/research/arc_20260826_5060_005/processed/baseline_consistency.csv","3608","F58E8A7628E15164532F22D84F97640D87663BC43E9C1630088280B2A017BB72"
"reproduction_workspace/research/arc_20260826_5060_005/processed/block_anchor_cells.csv","18288","BD6D2C4907C59DF8A48B5FDB8B06F5B093D37B9ABDA5E3E1634904D67B32587A"
"reproduction_workspace/research/arc_20260826_5060_005/processed/calibration_support.json","4969","5F917F61AEBCA9D1E95AD76C6AC2D91449C0A1C29C4338A6F7745DB0EA7C05EB"
"reproduction_workspace/research/arc_20260826_5060_005/processed/noise_cells.csv","83420","EBA60E6540CA64C8684F0E7D63E3CD0F9ADA46311E730A88D8F5FFD300CB4D63"
"reproduction_workspace/research/arc_20260826_5060_005/processed/noise_confidence_bins.csv","4092","390A95288B75C494B6C648BB53F842F10BE6FBAADD76DBC747E12FFBE3DFE4DB"
"reproduction_workspace/research/arc_20260826_5060_005/processed/noise_raw_metrics.csv","686587","76A58DD9BDBCDC7133468BA7A3ADDCB70BE5DEAD4094D4E05E1A1989AF1CF03E"
"reproduction_workspace/research/arc_20260826_5060_005/provenance_and_commands.md","1501","3A3C6796E8FA805BA099192AE2987BCAA46125F843D25AF32FC8463679087DF3"
"reproduction_workspace/research/arc_20260826_5060_005/raw/calibration/pythia-160m-seed1.json","200711","F6EE76CCFBA762A7BC718C30049182A2BDE9999571D226DC53DD56427A9FA975"
"reproduction_workspace/research/arc_20260826_5060_005/raw/calibration/pythia-160m-seed4.json","201012","F98B26753DC56BD082A4210F7BB08D00B73FF32B32113C35DA5B96F0B9EEB5D6"
"reproduction_workspace/research/arc_20260826_5060_005/raw/confirmatory/pythia-160m-seed2.json","1252382","AED517C4CDFD1C48D06B4B5ACD5D70C97A21176AC40DA4438A942A3CA2F4E0BB"
"reproduction_workspace/research/arc_20260826_5060_005/raw/confirmatory/pythia-160m-seed3.json","1252096","888F7AE9BD3662F473F768E42D56388D0914D8421E8EDAF1FDE59B99726EDDCA"
"reproduction_workspace/research/arc_20260826_5060_005/raw/confirmatory/pythia-160m-seed5.json","1252796","351C92A4CDB64C048E817366DBE92D9339ED4CB2ECFCE37AF6F2BC645E0FF023"
"reproduction_workspace/research/arc_20260826_5060_005/raw/confirmatory/pythia-160m-seed6.json","1251349","47BA980E434308240E2D590FBB5FC361E1853CF479785BB3A4BCCDAE8AAEF620"
"reproduction_workspace/research/arc_20260826_5060_005/raw/confirmatory/pythia-160m-seed8.json","1249268","B52771593F76A5B08065A0428FE77A9C337678F98B5A2ECDB05277D337F78535"
"reproduction_workspace/research/arc_20260826_5060_005/README.md","711","4F143D29F9D4AD01D101522E680E85CA6BBF527C609A36BEFADF163F77284A0F"
"reproduction_workspace/research/arc_20260826_5060_005/resource_baseline.md","538","5FAB1F5A0774C2F51270F8A709E886803933EC351E61F8A003D93775253F013C"
"reproduction_workspace/research/arc_20260826_5060_005/results/family_robustness_summary.json","45663","04E211D0B28FBE5A68AC6EE18E26E1A40C13E654D326803696F2EA347C078630"
"reproduction_workspace/research/arc_20260826_5060_005/run_manifest.csv","1418","5D4DF39C896FD32BB3B651EA42E1F8A04F927C2193D55E4379EA1D54671F4D2E"
"reproduction_workspace/research/arc_20260826_5060_005/src/analyze_calibration.py","8452","1A4ACFD9A8413D65A8ADDA21A733F79B9552A5810FF93EE2D8CFAF9969293389"
"reproduction_workspace/research/arc_20260826_5060_005/src/analyze_confirmatory.py","41214","D8F7C2A5B51CB8C0B4E6495FAD1FE06AC4A1F597412AEE1A8499BCECDF3BDA68"
"reproduction_workspace/research/arc_20260826_5060_005/src/run_activation_noise.py","17595","7EF0C24AD31D5A1AC9C1DA3E6823B3CD64E6B2CA0F86BEF429CD35F3F0E241E9"
"reproduction_workspace/research/arc_20260826_5060_005/statistical_analysis.md","4572","5A730E9A217A5995CE0023D52DF4CD3860CB5981CA783F6EBABF91BDAFF9126E"
"reproduction_workspace/research/arc_20260826_5060_005/strongest_counterevidence.md","1330","9DA0207F5C286E087BB1B1D87C526027C9965E1C9B80211CBF1A8F23BAF17F62"
"reproduction_workspace/research/arc_20260826_5060_005/technical_failure_log.md","972","C15C97D778E112124150630EA070FB8653A3B5AF966DC2B999D123C11F616968"
"reproduction_workspace/research/arc_20260826_5060_006/blinding_audit.md","1698","AEB98F4FB0CF38C69AD350E1A94C119FB684184396C4FF114A2C654C98733117"
"reproduction_workspace/research/arc_20260826_5060_006/configs/confirmatory.yaml","594","289B3D54938AF871C3D66650D42F91C435B1B230DE39EE0B83A02F65124DEDC3"
"reproduction_workspace/research/arc_20260826_5060_006/configs/pilot_refined.yaml","548","A3BF04124472E1FA2A774CEB48425A9E122053EEAADA394D79EBEE740D94D635"
"reproduction_workspace/research/arc_20260826_5060_006/configs/pilot.yaml","535","63F7F9F72E36FC4B9DB9EBEB8770D85BB02D715C9554F3800BC1AECAFA1313E4"
"reproduction_workspace/research/arc_20260826_5060_006/configs/reveal.yaml","497","3899F293B7E8E98FA56B8C57B6E0A824E9D1F2BE7A3539BB973FD3A8D83EBD7A"
"reproduction_workspace/research/arc_20260826_5060_006/confirmatory_freeze.sha256","587","B7588F2015DB4F2D17199216FCBEF855566502A51EB00E824CFD8D0EDF407D61"
"reproduction_workspace/research/arc_20260826_5060_006/confirmatory_protocol.md","2583","49D7A7BDB2465B78DF6D8DBF588FD62BC4E817A164F75C633D8F7F44CB43981E"
"reproduction_workspace/research/arc_20260826_5060_006/figure_contract.md","1171","9AA356285B7EE42DA003A984E1F4FE3658EEAC68F2D8A34AE519E971DB0C2D13"
"reproduction_workspace/research/arc_20260826_5060_006/figures/fig1_targeting_accuracy.png","219591","82845C8525DE7255788AA18162C145145598074FFA2D71110E0C4465A4373229"
"reproduction_workspace/research/arc_20260826_5060_006/figures/fig2_match_coverage.png","74762","92F47E84836983089B000A3512E7A65C207F35CE2C66A14C7C65EAF49171199E"
"reproduction_workspace/research/arc_20260826_5060_006/figures/fig3_prospective_ds_pairs.png","224244","B9C81CFDE71EADF03806790A9CA055C15CBD63A27F110DAF968CDDFE1961AF39"
"reproduction_workspace/research/arc_20260826_5060_006/figures/fig4_family_residual.png","58519","E56C6EEA6CE749BFAC28518A92DB5FA2A71C1BF4A6663A7961161E293361AC4D"
"reproduction_workspace/research/arc_20260826_5060_006/figures/fig5_residual_shrinkage.png","52403","A8CBCCEB7159EA7C01F06C67CD2419B74DD017DD025746519FFE76B542048E53"
"reproduction_workspace/research/arc_20260826_5060_006/figures/fig6_strongest_counterevidence.png","68289","EA93C91CE69F742DC59D29B314D2DD3AE1DB2F7367A598B9CF8DC96B41F94E69"
"reproduction_workspace/research/arc_20260826_5060_006/final_integrity.sha256","5699","FACD9D75EFB928520A1C0F4AA7921B030C3A5AB78DD994AA3CC7E0FB9F0E535D"
"reproduction_workspace/research/arc_20260826_5060_006/initial_freeze.sha256","814","5AE531C33430391E22A1816B21484D099B06809A9F75F5CEF3F888C557F610A6"
"reproduction_workspace/research/arc_20260826_5060_006/inverse_targeting_report.md","5341","8882B2E74F41ACE73C2FE2F05CC1644C3F66ABD10AEAA3985A95B9A15D59B74A"
"reproduction_workspace/research/arc_20260826_5060_006/match_diagnostics/targeting_checkpoints.csv","722","ABE9EEFE0F3236D5D8149417383C509DF84229F3421C60AD4533AC149EBFB0BC"
"reproduction_workspace/research/arc_20260826_5060_006/match_diagnostics/targeting_quality.json","2787","2A8BE40A039E8F8066D9BC3217B9E474CF7A64CD87BCF8E6F951B4B8B83513EA"
"reproduction_workspace/research/arc_20260826_5060_006/next_arc_recommendation.md","1480","DAE5FFE5DC9C430F6A9229048C1D40440419A96627BD504BC2F7709E88B3AE18"
"reproduction_workspace/research/arc_20260826_5060_006/paper_implications.md","2215","268E7A4E537A761024D6AA66B3A9EB45F711C4142C7C75104B4CBC4D4D0F31C7"
"reproduction_workspace/research/arc_20260826_5060_006/pilot_results.md","1508","1EA642283140F8BAAA546D9B461B583D31C906EE4D5C1DB0704F368649D18ED1"
"reproduction_workspace/research/arc_20260826_5060_006/posthoc_notes.md","1154","9835A4F4DBF617364ECAE12F867E1BF8FD057E311D1D13CC754655D3D6578423"
"reproduction_workspace/research/arc_20260826_5060_006/preregistration.md","7958","F3F3D8C7AD611FADE78B8F137520DFA5CAA30965BF264C19C3D2E9062E110F0A"
"reproduction_workspace/research/arc_20260826_5060_006/processed/all_target_results.csv","134672","162BD3245103DE4428149FF140AA8F0AF83635A715F9D96173D0B5F23C838C71"
"reproduction_workspace/research/arc_20260826_5060_006/processed/class_a_results.csv","92710","67B2C7A8ED4EE602C0719770156104536C66248155BFEBAF9498A9B5F9AD5F8B"
"reproduction_workspace/research/arc_20260826_5060_006/processed/class_ab_results.csv","120297","A8D22D7B5D1A207E08B7C3B375AA090BC9B3C5F5AA7F3D0186693D235C50C758"
"reproduction_workspace/research/arc_20260826_5060_006/provenance_and_commands.md","2795","7553705588DD75F2D50403F6EA9B5A9BA57E36C626C2D832E2DEEEB7CBE8F909"
"reproduction_workspace/research/arc_20260826_5060_006/raw/reveal/pythia-160m-seed2.json","44556","37707B93D8B3803A8AE941E21104EFAC2CE6C14F65871350444B2EC0FCCA4299"
"reproduction_workspace/research/arc_20260826_5060_006/raw/reveal/pythia-160m-seed3.json","44578","14654E0F0BAB6FEA5EB976BFA9B7838E8149EBCC8CD00D7004B99C52E043F9CD"
"reproduction_workspace/research/arc_20260826_5060_006/raw/reveal/pythia-160m-seed5.json","44594","5E41655AF14078464EA58A7B8AEF3FCF6EE5B8A05666EC053B011656421A06A2"
"reproduction_workspace/research/arc_20260826_5060_006/raw/reveal/pythia-160m-seed6.json","44593","CFC64832862C78187C58C0B48D9FD58DD255BDAD667A4A379101932D7C92A0FE"
"reproduction_workspace/research/arc_20260826_5060_006/raw/reveal/pythia-160m-seed8.json","44612","7D2FA61DA3EBFE9ED675FC5298417B9F79758256E1355C9642A598674802BF2E"
"reproduction_workspace/research/arc_20260826_5060_006/raw/targeting_confirmatory/pythia-160m-seed2.json","368717","6259D5D1E70F96F4C55B309AEA4BAA3E2E0FFD907E0A31E4738111FAE6D93FDC"
"reproduction_workspace/research/arc_20260826_5060_006/raw/targeting_confirmatory/pythia-160m-seed3.json","368679","74383EB6E00576F7F75158A18D4B41752121C9D2F3131B9031995BF773FE7FB8"
"reproduction_workspace/research/arc_20260826_5060_006/raw/targeting_confirmatory/pythia-160m-seed5.json","369060","4FB5596B57F48EFD1302047DFC24FB0D54F28521F746390B3BD252099C9C5B6D"
"reproduction_workspace/research/arc_20260826_5060_006/raw/targeting_confirmatory/pythia-160m-seed6.json","369191","149AC0DEE2DC0E05F065FD0B447BA217778B9F7BC9177F138A81BB01A78C5093"
"reproduction_workspace/research/arc_20260826_5060_006/raw/targeting_confirmatory/pythia-160m-seed8.json","368845","81A23390EA265B1924D532DA50D5A8732F9610A7850C7A9DA50B946E974C6FDA"
"reproduction_workspace/research/arc_20260826_5060_006/raw/targeting_pilot_refined/pythia-160m-seed1.json","99958","94755E8952C6B2CA68140BE8D76C1330F3706403952F5A09DA2EEE8874E273D2"
"reproduction_workspace/research/arc_20260826_5060_006/raw/targeting_pilot/pythia-160m-seed1.json","74896","AEDFFBE115C5BD967ED7148D0CF78CC25076C330899B9664E09C7A874F2E1835"
"reproduction_workspace/research/arc_20260826_5060_006/raw/targeting_pilot/pythia-160m-seed4.json","74952","DB8CFFEE67C04CA57A1181B3F7D7355A28B28028F207CFF10E25B558B2FE6196"
"reproduction_workspace/research/arc_20260826_5060_006/README.md","1069","E2D70AF76E729DE37B5760D8D8FDF56B595DE90B65D797ADF88EDF7026EFBB52"
"reproduction_workspace/research/arc_20260826_5060_006/resource_baseline.md","623","3CDAFEAF2B4F937448B7CD19119D6159DE7373CB8723C6C77B7AC9DBA28A015E"
"reproduction_workspace/research/arc_20260826_5060_006/resource_usage.md","982","9C20A66D31F70F0E01EEAF3DFB5732CD6474EFB405FB5F1430F506C130C52072"
"reproduction_workspace/research/arc_20260826_5060_006/results/inverse_targeting_summary.json","11955","4C480E133BDEFCABFF4D593E7E4A4C596E3AD2240F06B5C0CEAA205371262F90"
"reproduction_workspace/research/arc_20260826_5060_006/reveal_protocol.md","808","FBA857F32675230E23FF16C78C35B58EE92FB19CB744DCFEF6CF0CF150E6F31D"
"reproduction_workspace/research/arc_20260826_5060_006/run_manifest.csv","3597","E4EAD8EEC6122DC4FC2306DE91DCB4AFCBC6A20C69037C340B0A30826D97B48D"
"reproduction_workspace/research/arc_20260826_5060_006/sealed_manifest.sha256","1511","BFEBB657AB5B2E9CA5830190001CC1F535BEA1D4B8A53C81CD4AD4C3A842152A"
"reproduction_workspace/research/arc_20260826_5060_006/src/analyze_reveal.py","19020","9962E9CDEFC7792D94A8B0298762C678DDC1A691CB8F15FACEF7539CF5D51A60"
"reproduction_workspace/research/arc_20260826_5060_006/src/build_target_manifest.py","5570","D47C2666793C3D833FC99729E64AA6E66C28F3BB8D99DD23543D350239C9914B"
"reproduction_workspace/research/arc_20260826_5060_006/src/prepare_targets.py","3120","3F098CFFE134DEED4BA6873F9D8D998EC8EE8BFD1892758D5088ED9C98601109"
"reproduction_workspace/research/arc_20260826_5060_006/src/run_reveal.py","9367","9FE9D2AA73DB442C40FDA5A7E7A0C9D28DB14A8613F63A710CCECFBBAF6C8D08"
"reproduction_workspace/research/arc_20260826_5060_006/src/run_targeting.py","18825","C4C3AE13B1A1CEF2E2022FAB0428EAFAD6FB87FCB1ADCE4686D7A8F85CA1D467"
"reproduction_workspace/research/arc_20260826_5060_006/statistical_analysis.md","3898","094BF8AE1B19FBDFAAD8B286DF859844378BE93E15D0FAE930780BDD7BDD2EDE"
"reproduction_workspace/research/arc_20260826_5060_006/strongest_counterevidence.md","1616","2A42B2305D411F1303BED07AEC03C7901BE7830D2FA8697A573861322EC6C0B7"
"reproduction_workspace/research/arc_20260826_5060_006/target_manifest.csv","43852","19DF473393F82DC2E2D1E531B6F8DF7C9DBF10590C74DE0CE9FFE39DF003DCD0"
"reproduction_workspace/research/arc_20260826_5060_006/target_selection.md","759","36EC5B721812725E9830D022FBC7C1DF169C98FE44383F9C662C2829C295CE09"
"reproduction_workspace/research/arc_20260826_5060_006/targeting_method.md","705","BF1AA18327BE433EB3A87AF7C1B6AC77206EA99EAAFB5512A4B0275D70FDCE92"
"reproduction_workspace/research/arc_20260826_5060_006/targets/confirmatory_targets.csv","11635","6A6BBDE84B1D81865AAB19A74AF33D1EFB22E6EA3529EDF9E19EE4453270D323"
"reproduction_workspace/research/arc_20260826_5060_006/targets/pilot_targets.csv","1275","FB55F14158CE3FF846126E878F2FDBC1C1BCF442843889D9E7FD380940D46227"
"reproduction_workspace/research/arc_20260826_5060_007/analysis_plan.md","1041","8646D4C1151FD676145D230630AD4733ACE25EF0226728204E891706254F1348"
"reproduction_workspace/research/arc_20260826_5060_007/cell_manifest.csv","26131","A26544A00F80AF3A1BC60CC07694E3182E70D39E80C01B624D638532E4007861"
"reproduction_workspace/research/arc_20260826_5060_007/configs/geometry.yaml","624","3DEB8F5D76FA57F27FDE055FBF2B3D38F226F25F71BC6A1EC90616499E3585FD"
"reproduction_workspace/research/arc_20260826_5060_007/figure_contract.md","1425","9498BF2CBBD5816161E66A72DFC9DBE2E30EE8534CCA2799570C5949E033ABAE"
"reproduction_workspace/research/arc_20260826_5060_007/figures/fig_prior_assay_invalidation.png","138397","8E12FB58A2FA09686360A57F9C14C3F1B03803B13802B993CDE71003B0E0C808"
"reproduction_workspace/research/arc_20260826_5060_007/final_integrity.sha256","5732","0314D5B0063D3BB808A460D8802BC879A2E4573044B3CA9C5F4CF8884870B1B5"
"reproduction_workspace/research/arc_20260826_5060_007/final_validation.md","1134","267C9810F9BBDE3795C4BEF4571F0DE74F5164757207E4B8EE16DE0AA70E4346"
"reproduction_workspace/research/arc_20260826_5060_007/geometry_definitions.md","1088","3F6B8FB6614EC5852E121A9EB369ACC7E3B04B649B94E2E73BCA9BBA3762E1D6"
"reproduction_workspace/research/arc_20260826_5060_007/geometry_diagnostics.md","843","1F534398413BD1E97B4A97AD7385757FCEB58943D1A89DE78452B9F99345C99F"
"reproduction_workspace/research/arc_20260826_5060_007/geometry_freeze_audit.md","958","03B4241CADDE26FCB747DA40BDBE3EEB3DAB9417EE1F681168E7E833ED47ABC8"
"reproduction_workspace/research/arc_20260826_5060_007/geometry_freeze_v2_audit.md","538","4644DC8E6DB59B1904CD77930FAC1D53D6FA79EE0E758F1214FD7D6ADC4172BA"
"reproduction_workspace/research/arc_20260826_5060_007/geometry_match_manifest.csv","11958","DE13A1001E85F0380FF35B1B432E1062B7C1470C1C84A76A9B096B2FB0C085DF"
"reproduction_workspace/research/arc_20260826_5060_007/geometry_match_quality.json","623","62698BADE89ED8411C52D3989314FEBA905BB76805E24D09F3032A44AC6F2C03"
"reproduction_workspace/research/arc_20260826_5060_007/geometry_residual_report.md","536","5768B14F0A75C0A801638BFF825422EF90ADE31AF88AC7455F5241DBD447D968"
"reproduction_workspace/research/arc_20260826_5060_007/geometry_seal_v2.sha256","3856","93854763A1051F3414E76950C836D158E04F42D8CA50DEA39715BB7305CA8E3A"
"reproduction_workspace/research/arc_20260826_5060_007/geometry_seal.sha256","3669","4858C85175A60CF7F5FD8A3D1CAFFB9D548B9C332E8A7C83D346E5D159425E57"
"reproduction_workspace/research/arc_20260826_5060_007/initial_freeze.sha256","1140","1764C2EC8F029125F15F8C4701FF33791DFAD9B0A963EF9D86E55A2FD72A9116"
"reproduction_workspace/research/arc_20260826_5060_007/layer_analysis.md","313","B170EB5C867C774D0743A85E9E9EB70B6E7E58FFF4EC8430A39868E311E99D48"
"reproduction_workspace/research/arc_20260826_5060_007/multicollinearity_audit.md","435","4985C04AFC27832F7E71006DA70A016DF8F4D6DA7C36E0941A1BE6F434B370CF"
"reproduction_workspace/research/arc_20260826_5060_007/next_arc_recommendation.md","861","E47F62AAB4D74034C342F318374FD5CF7C5C97B0715E17E302E04DDFD773F0CE"
"reproduction_workspace/research/arc_20260826_5060_007/paper_implications.md","910","BDB7D41F297675ED0B1AC58CEFAD8D44DC0EFA36427992B3EFC268A8C57AC182"
"reproduction_workspace/research/arc_20260826_5060_007/posthoc_notes.md","662","CBC584CDF9C3836E54F0956B38B8577759C78A5FBA2B9656C7F20E2D9085A90B"
"reproduction_workspace/research/arc_20260826_5060_007/preregistration_commit.md","251","D5D334E3EB53824EE67D4396EC115B508F2C1AF0D17C421E305BA1FBA58D664C"
"reproduction_workspace/research/arc_20260826_5060_007/preregistration.md","9378","38A8630F8591B335B915742EDF8882FBE35CA0805C873564EA3AEF26C2A2899A"
"reproduction_workspace/research/arc_20260826_5060_007/prior_assay_invalidation.md","3778","56F4D31D8AACA34F3BEC5372283A0BCCBF1D8FE820A651780DF3C77D1CB5268B"
"reproduction_workspace/research/arc_20260826_5060_007/processed/top1_consistency_diagnostic.csv","17368","15E021B2199268551551CC18A9A4AFF926E18AE0BE23650AED268E3B7ECF901F"
"reproduction_workspace/research/arc_20260826_5060_007/provenance_and_commands.md","1694","14B78F94AC2D6DE626E37E6BEC6C0FAE1077EFD4BE2CC64C92B6F0101C47F8F5"
"reproduction_workspace/research/arc_20260826_5060_007/raw/geometry/pythia-160m-seed2.json","124674","59331D5144F39769E35B701E296CBE4CC0B7683C72E746E10BB52F3826E797A7"
"reproduction_workspace/research/arc_20260826_5060_007/raw/geometry/pythia-160m-seed3.json","124496","89401CA857762298CDF4A9CE9FAA1FA57387D40326E0134D06DFAB1A37C0F419"
"reproduction_workspace/research/arc_20260826_5060_007/raw/geometry/pythia-160m-seed5.json","124893","62EFF32E85379AF44998ECDBFBFA7823E002529E6506074487C7342AB4A97B22"
"reproduction_workspace/research/arc_20260826_5060_007/raw/geometry/pythia-160m-seed6.json","124097","2BF37C607C34CFDCE1D0C153ED89811142ADD9D5131813FF6A683FB3F8414D5B"
"reproduction_workspace/research/arc_20260826_5060_007/raw/geometry/pythia-160m-seed8.json","123750","09982A4D964CF0C5E11EEC193B771E921449CA37D1396799AA66F81FD9C67472"
"reproduction_workspace/research/arc_20260826_5060_007/raw/per_example/seed2_step14000.npz","2199154","53A19473BA76C6E0CE832F9FDE0BCEEED2695191C80BB22F96D0172F5C629CAE"
"reproduction_workspace/research/arc_20260826_5060_007/raw/per_example/seed2_step143000.npz","2092956","3F963D116CEF7395B8B5D344E357BD08C5C81F7538140AC6C8F394347A831811"
"reproduction_workspace/research/arc_20260826_5060_007/raw/per_example/seed2_step72000.npz","2210075","D6EC73B5E1232424EF0427E1EE7FA92993FC3B45B7A929D93CAFA7ECF7A56A5D"
"reproduction_workspace/research/arc_20260826_5060_007/raw/per_example/seed3_step14000.npz","2200466","E3A054CCC78714B878ADF818665DA603C0DE230E03E742A348E9B61E12C4D029"
"reproduction_workspace/research/arc_20260826_5060_007/raw/per_example/seed3_step143000.npz","1952011","8EE56CFFBD31358D18CA4DDC9CC5A700F724E4E03833AB461E73A5E50E90A826"
"reproduction_workspace/research/arc_20260826_5060_007/raw/per_example/seed3_step72000.npz","2211703","7837E38C48F9F26C62075F338CB740681788328125E16EAE5159042870F48EAA"
"reproduction_workspace/research/arc_20260826_5060_007/raw/per_example/seed5_step14000.npz","2202537","4BD93E7456568FFE1F5901DC6687EA29259E8DA562FC592F541C7D051F828447"
"reproduction_workspace/research/arc_20260826_5060_007/raw/per_example/seed5_step143000.npz","2080902","1A05AC27A80FC030603600D2243E665CDCD745CD8A53F61649540DB3407B3EDE"
"reproduction_workspace/research/arc_20260826_5060_007/raw/per_example/seed5_step72000.npz","2197550","1F216D1781B1171737BB70267694EBA00BCEBAF3719FBFC8C800394A460FDB4E"
"reproduction_workspace/research/arc_20260826_5060_007/raw/per_example/seed6_step14000.npz","2201981","AAFAC9BC717ED228411BE8751F440A166E0DE20BAB444A0BBE6CA2CBB8CD7F77"
"reproduction_workspace/research/arc_20260826_5060_007/raw/per_example/seed6_step143000.npz","1871816","66BF11B170F1E1327E9EEAEBD07288DB9950D77002FEDC9576BDD75A5D370AAD"
"reproduction_workspace/research/arc_20260826_5060_007/raw/per_example/seed6_step72000.npz","2212102","D4F8E4728993EA0C397D541D598CEB3FFE4EDDC310177255F40821E3F1B69DC9"
"reproduction_workspace/research/arc_20260826_5060_007/raw/per_example/seed8_step14000.npz","2201106","D85331A8EA218D1B217E0AE9776212499222E2C5B806DB1F3FFD6469C75CEE0F"
"reproduction_workspace/research/arc_20260826_5060_007/raw/per_example/seed8_step143000.npz","2023886","004D8E67D2E50FD62D7B0FFEF23CC72BB294E5A7F927223F7B2B9C3A18CB0EB6"
"reproduction_workspace/research/arc_20260826_5060_007/raw/per_example/seed8_step72000.npz","2145676","9E7AA8291AA568DEC9D717DDBEFBD24D05AB5FB451BE700D238E66156D68E297"
"reproduction_workspace/research/arc_20260826_5060_007/README.md","900","20F66DED5D164114D3816BB7E3A53D8742F5AB493687AF48EB169D525E1FB3F5"
"reproduction_workspace/research/arc_20260826_5060_007/resource_baseline.md","418","F9B09B59F1F5CAF7C8607ED62E195777E3018310B951BE3BEFD15FBC35DF7EDA"
"reproduction_workspace/research/arc_20260826_5060_007/resource_usage.md","932","6CA90EB4B70F066320EC76987E2AE26A6286C92284C1E19462E476069145812F"
"reproduction_workspace/research/arc_20260826_5060_007/results/prior_assay_invalidation.json","2381","58D209064B762F6FD0A49EFFE8AF89BEB2E91288C4EB0643ED801E3F1D2BF3F3"
"reproduction_workspace/research/arc_20260826_5060_007/run_manifest.csv","1576","32C83E466D66D23529C3702ACB8E7DAD290442D3D3B539343817FFE39C088A21"
"reproduction_workspace/research/arc_20260826_5060_007/sign_reversal_analysis.md","273","F6B31D0EF46A02CBAE6335D3961705AFA7FFC0CA04DC5C1BB8842751B13C6935"
"reproduction_workspace/research/arc_20260826_5060_007/src/analyze_geometry.py","35330","878C937D156C0824290AB7D706BC4403E4C66920926E93EC151B04C8E4546987"
"reproduction_workspace/research/arc_20260826_5060_007/src/build_cell_manifest.py","1432","E876B34C07A2697B334B4976D27CF14A69F64CF8902E7D0E9ADA048DD8A7CD07"
"reproduction_workspace/research/arc_20260826_5060_007/src/diagnose_top1_inconsistency.py","8289","EBD65539428D88B9E61012A7C9A55C36DAD32E30122038EABC6DAC1B53636727"
"reproduction_workspace/research/arc_20260826_5060_007/src/freeze_geometry_matches.py","4531","58E632AE7A11EE8EFD782F9FED678ADBE261181EBEEC56629F430D5A13FF1C46"
"reproduction_workspace/research/arc_20260826_5060_007/src/run_geometry.py","17325","62894434AA7967ABB0A483F203C2BC6C7A75AB4FBB052B3DC138F6CA3BD05A0D"
"reproduction_workspace/research/arc_20260826_5060_007/statistical_analysis.md","761","FF31D0C768F09EE0A145A1599637DFE8131F034F317EE5DFD740471F11BD178D"
"reproduction_workspace/research/arc_20260826_5060_007/strongest_counterevidence.md","587","892DFC15FBBC69A360E2133A8B959C3BF4EFEDA9019FF616BB22C28758B5F6B3"
"reproduction_workspace/research/arc_20260826_5060_007/technical_failure_log.md","1861","73C9ED7EE7B35FB6D1138634210D126E050B84241FF195706847348308C359E8"
"reproduction_workspace/research/arc_20260827_5060_006R/assay_bug_report.md","760","B0161A5CF68277AD43AD64ADCDBAE8A91C4F27997EA2DE231F5E9BF81F84AD3B"
"reproduction_workspace/research/arc_20260827_5060_006R/assay_integrity_check.md","784","12328FA3B2EAA21BC8C47D5A46F02E115874CC95B7A1EDEADA1E35DD8DB77892"
"reproduction_workspace/research/arc_20260827_5060_006R/assay_repair_preregistration.md","4152","4311247A6E25FEBD8E4681C22C663C7C04455B0CE810EE9DEC2CC65362D04726"
"reproduction_workspace/research/arc_20260827_5060_006R/corrected_arc006_report.md","1314","9CC9AEEDD7B75F68A8ECBF8AA868CB529566964C132D01AE28E02C546A342E76"
"reproduction_workspace/research/arc_20260827_5060_006R/corrected_results.csv","166361","322296700DF8B6EE2A24BC03C9D30727446C34DCF85C8A9FBFA46925B2C52CE7"
"reproduction_workspace/research/arc_20260827_5060_006R/corrected_seal.sha256","2472","239A53EBBC3D8C594E6FF87DB80803B2BEF06839251D3508E1F12383F68FDD85"
"reproduction_workspace/research/arc_20260827_5060_006R/deterministic_top1_rule.md","1324","0A3AF242901D34C1A9F9B63CEC1482FB1BA445251DAE265B3719D7127F919DB0"
"reproduction_workspace/research/arc_20260827_5060_006R/EXECUTIVE_SUMMARY.md","865","3CD361642007725467911B1AB9431D49D7470D2926B02E652C21CDD627A77D17"
"reproduction_workspace/research/arc_20260827_5060_006R/figure_contract.md","749","22ABD998DBA197D8A9C20B1D9D3E70A8BE5DEDBFDC1F6FE013BB1387D130D567"
"reproduction_workspace/research/arc_20260827_5060_006R/figures/fig1_corrected_residual.png","78010","E15AA0588F39886B3C53DFFC929C2B98A49F3A9F66CC924E002BE653B646B2F5"
"reproduction_workspace/research/arc_20260827_5060_006R/figures/fig2_layer_reanalysis.png","106852","D008F4151DB7D3E9719B63523C0818917088A9E84349375228478B071B4A4B17"
"reproduction_workspace/research/arc_20260827_5060_006R/final_integrity.sha256","2650","ECE71CCB74E646FEF94F7D2D29AEE818FB895FEE8CA8BEA7AF5417D4BA5BEDA7"
"reproduction_workspace/research/arc_20260827_5060_006R/final_validation.md","1438","3BEE210B1147911B774798E6A4E4558BE56E143F1295DB452D4C3A88FF1D67DF"
"reproduction_workspace/research/arc_20260827_5060_006R/initial_freeze.sha256","619","3208B72E92E9F1FBE7CA39D7DD0ECD66F515589E38D9AAB89D58D4D19FEEDAE0"
"reproduction_workspace/research/arc_20260827_5060_006R/layer_reanalysis.md","1183","19D469460C5CA99B9A1AA8342E86388BA0AEB9FD7585E9E2675EA89CD0F31624"
"reproduction_workspace/research/arc_20260827_5060_006R/layer_results.csv","1479","8F339B5FDEBCCF7EC3CD2939B961DABE2F6349F1F95FA80DF2845F2036ED7E6B"
"reproduction_workspace/research/arc_20260827_5060_006R/next_arc_recommendation.md","83","4DBBFA99B47B303C8D2B7BCEB1E3B03D97D9A339A081E1633000D6F83244B31D"
"reproduction_workspace/research/arc_20260827_5060_006R/preregistration_commit.md","296","DED9914FE172A901F17B88976EB3F804C4CF9723C9F8B12487FE8F33A77AC294"
"reproduction_workspace/research/arc_20260827_5060_006R/provenance_and_commands.md","943","0933D322438D2862A6B8506A2AFCD774B016D78CEDCCA2ED3E4FD1FFC7554E88"
"reproduction_workspace/research/arc_20260827_5060_006R/README.md","808","23398AB3146B4263D9F87A35DEAA24D32ABF3CB0497372FD7DDF8030924925F0"
"reproduction_workspace/research/arc_20260827_5060_006R/reanalysis_manifest.csv","2576","ED140CB74A6AF8725E293EE26166005A85275C722FCAF9ABA80576762846FB98"
"reproduction_workspace/research/arc_20260827_5060_006R/resource_baseline.md","553","147A3E531C43C4BE2A3E00022D1CAD9794A7657DEB7D95C91A17F28E721D8BE4"
"reproduction_workspace/research/arc_20260827_5060_006R/resource_usage.md","1889","9FA3632727B4D117261CB98BBF3EECCD9578FC88C283B6553F8F7F9E8700E77D"
"reproduction_workspace/research/arc_20260827_5060_006R/results/corrected_summary.json","8927","24C676413F8AF7848650E539A09CBEE9312ACC9BEDF5FDD8C1716004E8790885"
"reproduction_workspace/research/arc_20260827_5060_006R/run_manifest.csv","524","4ACF67BB5AFA675D353E20F38E6BE3CE90293A0C6F6D6A50856A3CE08A315EBC"
"reproduction_workspace/research/arc_20260827_5060_006R/sign_reversal_distribution.csv","283","53BB161C63E15CBD3A8E778807DF437DF30AD94E740725193852F1BA790D705B"
"reproduction_workspace/research/arc_20260827_5060_006R/sign_reversal_membership_changes.csv","703","E604BEBD66A001C35A4A0F0EF7EAAC8DB927BA99DA5DE20407107249BA89BE26"
"reproduction_workspace/research/arc_20260827_5060_006R/sign_reversal_reanalysis.md","597","1BEF6E4FC85221FF7D575830E322984340685970767C50707C68CE7B986A4835"
"reproduction_workspace/research/arc_20260827_5060_006R/src/reseal_arc006.py","26863","E7A5605243E35E47E371B903B6BE8496DC4158B4EB65C598670944086756BDFA"
"reproduction_workspace/research/arc_20260827_5060_006R/statistical_analysis.md","1315","A9016C1691ABAFEEFB896365AAF90D16AB92C050381988D6E789B4D9084D2972"
"reproduction_workspace/research/arc_20260827_5060_007R/analysis_run.log","8508","AD0714BBBFE5A1E7D9E8911F717E854259B95F1A975CD836F356E08B9A80524C"
"reproduction_workspace/research/arc_20260827_5060_007R/corrected_baseline_check.md","715","6366252E96FEFDD0FEF7D752E8D2611FFFF278A487E33EFAD485B9ABA4CE52AB"
"reproduction_workspace/research/arc_20260827_5060_007R/EXECUTIVE_SUMMARY.md","2052","2E3093F17E38D5999B6DBB9392D5DCBFF07882F5BD4740DD82722CF1AA279315"
"reproduction_workspace/research/arc_20260827_5060_007R/figure_contract.md","928","825E219A1D61B64CF8023EEA252CE31AA9ADA7E1263FB26B66C1D9E8E1EA75A9"
"reproduction_workspace/research/arc_20260827_5060_007R/figures/fig1_family_geometry.png","82894","405677E1923D5D14FC52ADA245A6E41E5520687F30D490A855853DA3519248DC"
"reproduction_workspace/research/arc_20260827_5060_007R/figures/fig2_residual_boundary.png","119625","4A28AE11E026E03C81DE578FB37E9B771B19039119EC4DDB77F9D5DEB19FB8D6"
"reproduction_workspace/research/arc_20260827_5060_007R/figures/fig3_model_sequence.png","52120","2D54EE49575B04BC85CB5C9E5AEE0707D56D3D5D1E9A684FB0884C0CFAA327F7"
"reproduction_workspace/research/arc_20260827_5060_007R/figures/fig4_layer_adjustment.png","72841","B457997ABD61893F0FCCBC995E31BD6905FB0DABC454CBAA063E73DA6F5E4C04"
"reproduction_workspace/research/arc_20260827_5060_007R/figures/fig5_reversal_geometry.png","114399","718D660ECA23EEB90DCC9021E3DA6463A5494679EFB5B2102EDCE419A1C89136"
"reproduction_workspace/research/arc_20260827_5060_007R/final_integrity.sha256","4364","1BA3DBFC5CCFBFEC4CB61B3047E9F24B6406938B403A99DBA47F23DAA551D16E"
"reproduction_workspace/research/arc_20260827_5060_007R/final_validation_stderr.log","0","E3B0C44298FC1C149AFBF4C8996FB92427AE41E4649B934CA495991B7852B855"
"reproduction_workspace/research/arc_20260827_5060_007R/final_validation_stdout.log","4231","CAA1F77229F8C5D64023CCF102C951A6BE3E70C0A418B2EFC52F34D71A2A7217"
"reproduction_workspace/research/arc_20260827_5060_007R/final_validation.json","870","CA67116EC0A4C5E11B8EC2C6DE3A5228B691E03213A78AF2DB250D1D105DC544"
"reproduction_workspace/research/arc_20260827_5060_007R/final_validation.md","527","DE75192DE8E304858442E2A94B37EF68160D65ACE10C9428DF3BD5B07AF6BA62"
"reproduction_workspace/research/arc_20260827_5060_007R/geometry_blinded.csv","107966","CAE1515A3AD5CA5579C4927DC1AC355DCEC3BDCEA0CECB0CBEF1F306291734CB"
"reproduction_workspace/research/arc_20260827_5060_007R/geometry_data.csv","260502","18798EC88AB9E5A28969686567BBB16A63C40B19789A6038C74B13251EA1B4D2"
"reproduction_workspace/research/arc_20260827_5060_007R/geometry_definitions.md","808","CC397DFC9C5152BEF62F5D50121EE09520AEFF4C8D3A9161389263F73C1D56F1"
"reproduction_workspace/research/arc_20260827_5060_007R/geometry_family_comparison.md","1098","255E6AAEA6E2EC9FA6ED82F9B9082E23D40DE3F92496DC06CCBDFC92F8680A28"
"reproduction_workspace/research/arc_20260827_5060_007R/geometry_match_manifest.csv","12494","0DAA371F1015EABE3CD4801A9BD9BBAF99CCBC288F33AC96C3C92D0CF1DA4CE7"
"reproduction_workspace/research/arc_20260827_5060_007R/geometry_matching.md","921","B5AD434881AB049EF4DF007C4A15A760B89EA40C51B40A949BBA5E46762117D2"
"reproduction_workspace/research/arc_20260827_5060_007R/geometry_pair_blinded.csv","31678","2BBF2CEBC2B0DFE43590335E7ED2A3255AEF82A98540C70A72BBB37A51239189"
"reproduction_workspace/research/arc_20260827_5060_007R/layer_analysis.md","999","563C99F032557143A0E4E195D922F063C6B739FE9957FCE2D16CB1203FDC5988"
"reproduction_workspace/research/arc_20260827_5060_007R/multicollinearity_audit.md","920","B5111DAF9C220C65EEA7BE819652C1A374FBDE4E61FE63C3CA8E47506ABBB9FA"
"reproduction_workspace/research/arc_20260827_5060_007R/next_arc_recommendation.md","999","B5D09C08E73B9690F155D054B1EA4C963AA9E7205E5589EF948F3C0F6B419342"
"reproduction_workspace/research/arc_20260827_5060_007R/outcome_blind_run.log","3671","677A502D35DF448BA37EF67A6619C41A17177F7D2A1D34CE8C1E50DD6995A679"
"reproduction_workspace/research/arc_20260827_5060_007R/outcome_blind_summary.json","3669","9A8F658A727D95FCA565B73150402842A3D4E5DE669158AD7FB88097C2D8DF75"
"reproduction_workspace/research/arc_20260827_5060_007R/paper_implications.md","1363","9F7F06F822D11BE5241B9FD3414E4B778E97CE013D60FB86274A88745C555E2D"
"reproduction_workspace/research/arc_20260827_5060_007R/posthoc_notes.md","1249","DBBCA4FB8421573AB627C33D27B59FD927233EFAF0A2A5AF00A9DD2FF23744D1"
"reproduction_workspace/research/arc_20260827_5060_007R/preregistration.md","6775","13DE49A05FA78D37CF30ED9F300D7F570100AE2BED572448B348F306D50CE002"
"reproduction_workspace/research/arc_20260827_5060_007R/processed/geometry_correlations.csv","810","DAD5041AA5D82EEC656FC31B507BA1878D5062C64E42A8ABC4C3C1096967656E"
"reproduction_workspace/research/arc_20260827_5060_007R/processed/geometry_pairs_corrected.csv","57894","89248F933EA77B9EE5A5E664F478E2699DFB25FB843726FA4C2313FF522CD250"
"reproduction_workspace/research/arc_20260827_5060_007R/processed/layer_geometry.csv","602","EB8EE5818B09C12F50CBA1034FDCEE920BD86202DFE94D84E8013417482CAB54"
"reproduction_workspace/research/arc_20260827_5060_007R/processed/m2_vif.csv","146","966DDBFBE1B8A4B1CCD8C7E5EF70CDACBB457A85A28D0F2B4D674EF427815EA6"
"reproduction_workspace/research/arc_20260827_5060_007R/processed/model_sequence.csv","775","F0FADF9FEC1E82DDB3ABDA611C1AA25CC39868C53B10E313C2C7F8AF55876CD9"
"reproduction_workspace/research/arc_20260827_5060_007R/processed/reversal_predictions.csv","3921","F3C9BB00951BC8329BCC305DB0966B675DCBB7E751EA572C862E283B384926E5"
"reproduction_workspace/research/arc_20260827_5060_007R/provenance_and_commands.md","1065","B9F652A81B58D78113E500AA7AE33A811DF438C3246BC0C48A15F82D9BE8CDC7"
"reproduction_workspace/research/arc_20260827_5060_007R/README.md","1095","6E52F1AC15B82B57332107B3ABC96DA02B02AC7BA8C1A90700A679C11BB664D3"
"reproduction_workspace/research/arc_20260827_5060_007R/resource_baseline.md","620","7750CEBD8EBD493F4407BD14F3C2EA6FCF0A8EF67DA8FDBA83A855BB2B3FF2DB"
"reproduction_workspace/research/arc_20260827_5060_007R/resource_usage.md","1482","6716B9990D7A8D943CF9993E01B1899309C3D7886EEE8CB59DB5E13C874DD16D"
"reproduction_workspace/research/arc_20260827_5060_007R/resource_validation_stderr.log","0","E3B0C44298FC1C149AFBF4C8996FB92427AE41E4649B934CA495991B7852B855"
"reproduction_workspace/research/arc_20260827_5060_007R/resource_validation_stdout.log","4231","CAA1F77229F8C5D64023CCF102C951A6BE3E70C0A418B2EFC52F34D71A2A7217"
"reproduction_workspace/research/arc_20260827_5060_007R/results/geometry_summary.json","19313","D62A3C8E43C8854F54A7C271A18EBA184CAC7D47C896C3E52DEB0C0524CBCBE6"
"reproduction_workspace/research/arc_20260827_5060_007R/sign_reversal_analysis.md","1006","8949B72697534693F02DC2397EF7F6CD311971CC7B6FE471303C950E67CEFE1B"
"reproduction_workspace/research/arc_20260827_5060_007R/src/analyze_geometry.py","24926","F19F901199A3817D634EE2EB103B9AB6558A74950509D832B0FD196D7E1FF011"
"reproduction_workspace/research/arc_20260827_5060_007R/src/finalize_integrity.py","4418","51254244C9DF5CD15AD825022D0D6BD2A41F0150A127042A35DC77B17A370398"
"reproduction_workspace/research/arc_20260827_5060_007R/src/prepare_geometry_blind.py","8389","97721197420A1040A8B05D71FD7C3551051AB592CB96F2C2C81EDB7473BD98BF"
"reproduction_workspace/research/arc_20260827_5060_007R/statistical_analysis.md","2470","182F739CFA316B3A72D3B125B33AF713D67810426D6A699317000C3167509BF9"
"reproduction_workspace/research/arc_20260827_5060_007R/strongest_counterevidence.md","1296","2A2F06C08BA8F2A6F5369C70DBFD5722CD8612A89E6586A15653805B3F5FD413"
"reproduction_workspace/research/arc_20260827_5060_008/activation_manifest.csv","2728","E887EE2C28F7D7166FBA85EA611E6768371402F4DF43FA42E6A6D1E3EC33D448"
"reproduction_workspace/research/arc_20260827_5060_008/calibration_diagnostics.md","1130","FD67AB6455D5A899AFD9534F53862E7D3ACBC0FEF330F72B9D609FB67E4E9469"
"reproduction_workspace/research/arc_20260827_5060_008/calibration_manifest.csv","30459","AA0BDD55B3D7D9369A5323BD81D3FDB604BA66F8974FD21AA8DD2CAB6F5491DE"
"reproduction_workspace/research/arc_20260827_5060_008/calibration_summary.json","247","DC8F1FE0F9CD713CEF331CE1D94169BFF4CFA337B991CBF13309AC9EA6CB90A1"
"reproduction_workspace/research/arc_20260827_5060_008/config.yaml","1060","A7D2A8C11F7FEC9B295775B72CB02B40A7D3266DD03F84E29CF9C6036D004BF7"
"reproduction_workspace/research/arc_20260827_5060_008/counterfactual_protocol.md","899","1E4210B4334D5B273AAD599D05345A75BFD5D6083CE9893C9761287ECB863A59"
"reproduction_workspace/research/arc_20260827_5060_008/counterfactual_results.csv","73","842E05B0A6C381EB59D2277E6BBD0863D970F639AA1D21EDA8C7D19862D10CCC"
"reproduction_workspace/research/arc_20260827_5060_008/direction_metrics.csv","23105","9D532563EFB2004162C5B6628E4EBB3833628511061EC8D5CB0E799FBC7BB014"
"reproduction_workspace/research/arc_20260827_5060_008/EXECUTIVE_SUMMARY.md","1761","E1BCBB2F32E12EDA8F2CC3747D0D231914B82750DCB156183166C19FF287A46E"
"reproduction_workspace/research/arc_20260827_5060_008/figure_contract.md","779","CA81229F617B9EA89AB92FB005152E07B9E094ED53469B2D3B97CCE9265A95E0"
"reproduction_workspace/research/arc_20260827_5060_008/figures/fig1_direction_cosine.png","104907","7E8B49A64FD5ADC6E48281657C69E26A4F14CC892A7330512D16C41B8A8F44D7"
"reproduction_workspace/research/arc_20260827_5060_008/figures/fig2_residual_disagreement.png","131508","E94CB45D47A047A42282271A10497A11ED0567570A537DDAE08B4BA0B6A58028"
"reproduction_workspace/research/arc_20260827_5060_008/figures/fig5_reversal_direction.png","93211","981E9315EC6561C7D2CAAFE2B309B3A0492C72524FC54861ADD89F61BF9FADF9"
"reproduction_workspace/research/arc_20260827_5060_008/final_integrity.sha256","5712","B7902BE976241B04E24B1D977443CFFDA741D0A6286F72DE2F5AA3D7CBD1983D"
"reproduction_workspace/research/arc_20260827_5060_008/final_validation.json","643","86A13AF3530B39CBA80E7C829E60A24EBD8A577353E6743FC36C112CC3F85614"
"reproduction_workspace/research/arc_20260827_5060_008/final_validation.md","428","1941A8ED6F2CFBEFA68CBD8649AA2735330B7F79B109A82E64CAA123BFCD3878"
"reproduction_workspace/research/arc_20260827_5060_008/layer_analysis.md","1103","D12213328EF734574F79D821B8722CBD1146323F50856743BB5F5342EAD72639"
"reproduction_workspace/research/arc_20260827_5060_008/next_arc_recommendation.md","676","5B230DA4F5B574440C8091B186071DEC779D84BE45011E5D2E5BE61304A2E0D8"
"reproduction_workspace/research/arc_20260827_5060_008/paper_implications.md","938","E667531D949FB7B6ED57B39EF8E25613748C4110313E1D55C04650CFD38CA819"
"reproduction_workspace/research/arc_20260827_5060_008/posthoc_notes.md","1917","F1E0534DA908DE16DF3DCFBBCE1327B0FDA04B011F8EFCA78AAEF58344E97B4C"
"reproduction_workspace/research/arc_20260827_5060_008/preregistration.md","5431","1B243084462EE9E98CA1F9B086A54DC149CF4464E6AEC011CDFA8FCC46D37AB9"
"reproduction_workspace/research/arc_20260827_5060_008/processed_analysis.csv","48098","FCF42C5F00CFB2804D94FE4B2BC5A59965F37DF72B2FA75301C456883A2142C3"
"reproduction_workspace/research/arc_20260827_5060_008/processed_layer.csv","744","AAB3B11AFE474AE0A549BA11FF12FC5D09EFF3C1200324EFA2B4CDE2AD2A769D"
"reproduction_workspace/research/arc_20260827_5060_008/processed_loo_augmented.csv","5959","C6B95529359C7EBE2E644787D7F4BC448C03D09B396369BC72D88D0C130DE0E0"
"reproduction_workspace/research/arc_20260827_5060_008/processed_loo_baseline.csv","5949","3154065807B010F90E817B1111A5AEDB4D52BACAD5909B0FCF5D5824AB9F2953"
"reproduction_workspace/research/arc_20260827_5060_008/processed_reversal_augmented.csv","3953","F3ABD7DA7863E598AD8F1FFF574215FEC55990E43BBEBFDEAB1CAEA8569D4E35"
"reproduction_workspace/research/arc_20260827_5060_008/processed_reversal_baseline.csv","3930","07C07B413236CD60D6CC337A4D204A48EA5305C6D0CA26FB3BF6F47E27437AE1"
"reproduction_workspace/research/arc_20260827_5060_008/provenance_and_commands.md","1312","48A5321BA4AF7DA8813167C8FD68867874063288EB2C5AE87F4218782763BC1E"
"reproduction_workspace/research/arc_20260827_5060_008/raw/calibrate_seed2.csv","35905","0097438BA9FA50D73BEC8FE135503A3F8BE67F30A255BC76E56E4FB83342B1BC"
"reproduction_workspace/research/arc_20260827_5060_008/raw/calibrate_seed2.json","911","2A1C212DA1F96E5DB5C6BDC6E9632E2111CCC1F9E91550F351CA6B2496F302B2"
"reproduction_workspace/research/arc_20260827_5060_008/raw/calibrate_seed3.csv","43163","FB3CC2DFD14E7A535643A176DE7D0CE0420A823E7715C377792EB85847590205"
"reproduction_workspace/research/arc_20260827_5060_008/raw/calibrate_seed3.json","910","F858C9CC2B7391B668D45CCE2C4BA1641335956DFA9B448C38883BBD242D2BC8"
"reproduction_workspace/research/arc_20260827_5060_008/raw/calibrate_seed5.csv","34293","9516E596464D455D5A777BEC0882485CBAD2782031BFC05C85A9998335FD494F"
"reproduction_workspace/research/arc_20260827_5060_008/raw/calibrate_seed5.json","910","313F544C52111C8BA4E5B2B74D432FD93EAFB323595FF2C020408C916B1E81EB"
"reproduction_workspace/research/arc_20260827_5060_008/raw/calibrate_seed6.csv","37653","709B0C214045E1ED725377F3D15E05E9BF8B6846218EB71EB5EBF6B6E94938CE"
"reproduction_workspace/research/arc_20260827_5060_008/raw/calibrate_seed6.json","911","52633F1DD2AEC50C2D95C4C1F0B277C611DB156B86F0FB7F8130F3A30E09AD52"
"reproduction_workspace/research/arc_20260827_5060_008/raw/calibrate_seed8.csv","34211","EEA642374389B65D4F7A69C8D20B247FD22E16DD4635CFA1552D34610A476C81"
"reproduction_workspace/research/arc_20260827_5060_008/raw/calibrate_seed8.json","912","918BBF4B675AB9E1631AB301002DD624ABE73945C63EDFC5472793C97921ED79"
"reproduction_workspace/research/arc_20260827_5060_008/raw/stage_a_seed2.csv","4867","01051B27867673053CDE5E5FE8C34AA01E8F15D47EFC6A70A43D70F6C20ED196"
"reproduction_workspace/research/arc_20260827_5060_008/raw/stage_a_seed2.json","2554","4EBE83A86AAEC43B8B3668C7575D79FE5C43A933A533F18B63C75514E6DDCD27"
"reproduction_workspace/research/arc_20260827_5060_008/raw/stage_a_seed3.csv","5811","E4B658BC32250B1282A261AC235E605CF6C694CC621A69307DD61FA12ED63DE3"
"reproduction_workspace/research/arc_20260827_5060_008/raw/stage_a_seed3.json","2555","F4A9811C60BCF63CB6331C4D4D4244A115766E69840256D7459C5F291A90809C"
"reproduction_workspace/research/arc_20260827_5060_008/raw/stage_a_seed5.csv","4656","8963A4F3D291EF829437AAE53C6F5CE218207B93B37B39F494CC04F65CED1EFF"
"reproduction_workspace/research/arc_20260827_5060_008/raw/stage_a_seed5.json","2557","2AD62569FD643712057B1ECE20C4D9B1F7BAE3330499BCC43BABEFF554544923"
"reproduction_workspace/research/arc_20260827_5060_008/raw/stage_a_seed6.csv","5080","6518AA79B823467E3F6902F5D4FB6843768CF1E64DD0F49857C661D997553C5C"
"reproduction_workspace/research/arc_20260827_5060_008/raw/stage_a_seed6.json","2555","00F6B8A083CFB7DE86E43DFEB91366DD25CA21972230EFFA3BD9D6234203A946"
"reproduction_workspace/research/arc_20260827_5060_008/raw/stage_a_seed8.csv","4653","F740EE6CC9F4920B950968168C0B80D57CB7DA2473A99BD6CB07E5D2F1E858CC"
"reproduction_workspace/research/arc_20260827_5060_008/raw/stage_a_seed8.json","2557","723EDBB9E48BA3FFA9ED71EDDAAA03E622650EDB5D9B4E41CAFE953A8C345311"
"reproduction_workspace/research/arc_20260827_5060_008/README.md","865","F37FC1E11DDC5D1364E3DA6B75546C3FEC5E7EEBEF753470EE156C08B6CA8167"
"reproduction_workspace/research/arc_20260827_5060_008/representation_site.md","931","7E518BCEE3F1B3BB1E96C06618ED2268D616C414982BB6C6E6470FD837BEF1E4"
"reproduction_workspace/research/arc_20260827_5060_008/resource_baseline.md","568","8EB5785AE39BB9127AD079A8518E8BBAC523537622DA6D5D53DC5DB1D8736361"
"reproduction_workspace/research/arc_20260827_5060_008/resource_usage.md","923","614DF621DCA4B3CA5B9029107B0F15F8E52F374428204D47B32ABE07CCDC17D1"
"reproduction_workspace/research/arc_20260827_5060_008/results.json","3211","051B6E0DB54C27C4500E9E91701FE55963A71B7EBFE098116259FDE9CFD11D62"
"reproduction_workspace/research/arc_20260827_5060_008/sign_reversal_analysis.md","784","EB1A63DFAB66F9072AE13E8A1B2B2B26EBD03F349542554DCC75B7EF20C23D7F"
"reproduction_workspace/research/arc_20260827_5060_008/src/analyze_results.py","7949","661DF1CA6683DB0F73DA736F06AEE5A7A05090630F48D3D6137195358AC8D2EA"
"reproduction_workspace/research/arc_20260827_5060_008/src/analyze_stage_a1.py","2746","8F91C70DED24E1D6B0DE66F98773225527009D64C2588880C173A7AACF1D2404"
"reproduction_workspace/research/arc_20260827_5060_008/src/finalize_integrity.py","3069","A2B0E258CA1C70621939F9F1A07814A9A235C1014EE9EDB0D51132345B000720"
"reproduction_workspace/research/arc_20260827_5060_008/src/freeze_calibration.py","3560","7A140147E40EF6C5C6BFC7FCDAF4D228326F27123965F0E4C39E22B5317C9029"
"reproduction_workspace/research/arc_20260827_5060_008/src/run_counterfactual.py","8950","7A444E7663E477BF13EDDA76D2A85465B571116FA480BD755A95166975DB4AF3"
"reproduction_workspace/research/arc_20260827_5060_008/src/run_stage_a.py","6743","AB36344D6E46C09D13C0B9EE525C8FEC3BA82AD0B69341E097992D89FC842C85"
"reproduction_workspace/research/arc_20260827_5060_008/stageA_analysis.md","1383","558DF6E0E27B6CE01FBEC3422F691DB0058C4966FE5FC047B093679F21095260"
"reproduction_workspace/research/arc_20260827_5060_008/stageA1_summary.json","1019","8BE541E9CA4C74A4594B7B21713FB7E04D4C374EB7B8EDEF1F2176C1AE1B10D5"
"reproduction_workspace/research/arc_20260827_5060_008/statistical_analysis.md","1355","B3B60829BF9E5EB3C97333AF9C9D2649D85BB458B98EA2397B53B99893E78412"
"reproduction_workspace/research/arc_20260827_5060_008/strongest_counterevidence.md","1057","F5D9FC57BD89C347601342934FAA336DC1217C1E5BA764C8F4BF9C779416241E"
"reproduction_workspace/research/arc_20260828_5060_009/alpha_search_manifest.csv","47388","B05ACA51396C8124888829FFA40BFE4F879AF9F47C6D7D4D3A6D9CC4125AF741"
"reproduction_workspace/research/arc_20260828_5060_009/blinding_audit.md","1271","0F4ABB0329A31E60DE8D69C84456F0BAE4FCFAA410A76E4442322E4104293431"
"reproduction_workspace/research/arc_20260828_5060_009/calibration_results.csv","69537","1FEDE1755B77D69FDEE7ABDBC4B3683DCB6FE8A9CB68B094EDA6C404E0256D89"
"reproduction_workspace/research/arc_20260828_5060_009/caliper_diagnostics.md","912","39DDE66EF6001193636E9DF8A4262288F422830082214AE8366D48CF2F42E74F"
"reproduction_workspace/research/arc_20260828_5060_009/config.yaml","1156","734D6C10D2C1BE8A5D8F8AE994EFF23C294D2284FFD800259E64FB87BC4DD4C4"
"reproduction_workspace/research/arc_20260828_5060_009/coverage_analysis.md","1148","8AB87366BDA5E47AA1AE8CF464C908859728496A4CC5B2B6A5D9E5B3DBDD6150"
"reproduction_workspace/research/arc_20260828_5060_009/EXECUTIVE_SUMMARY.md","985","3A6B702E9CD32403F5C742A532CB1DDE317B22635787807ECC19EEC72446C82D"
"reproduction_workspace/research/arc_20260828_5060_009/failure_modes.md","1204","C2B771117C79C18FA021BDB801C04B1C35BB22FA3EC8148C361824FCB1658A4A"
"reproduction_workspace/research/arc_20260828_5060_009/feasibility_report.md","1542","38B7D42F8FF96564510EA1AFE64F00874A1A3B60F101B38D2635E25292607835"
"reproduction_workspace/research/arc_20260828_5060_009/feasibility_summary.json","1894","83DC5B059ADB579EB392D7B604848F6C1B041BD522B235810F19177FF66F34D9"
"reproduction_workspace/research/arc_20260828_5060_009/figure_contract.md","607","742EC5B22791ECEE243768A154F20A3A2860E4007E30C3D93776152E219DE540"
"reproduction_workspace/research/arc_20260828_5060_009/figures/fig1_calibration_classes.png","65270","52522D36E7FB24487E9D4E9C1C2D11DB62FB13ADBCCDCA5F5C423C45319E8007"
"reproduction_workspace/research/arc_20260828_5060_009/figures/fig2_alpha_and_mismatch.png","76322","2CE747BE756A2D946B3DBD6497B2182988FC81F744E99484A555AC939FE42216"
"reproduction_workspace/research/arc_20260828_5060_009/figures/fig3_coverage.png","65962","AF314E8101D4DEC428952FB1D13B2D86B09EFBD3E76338B9682F6377509D5BFF"
"reproduction_workspace/research/arc_20260828_5060_009/figures/fig4_failure_modes.png","22128","6F690E5815CD51FBA49C8A8867C737FF7E489BD881EFD0BDF682627F92341319"
"reproduction_workspace/research/arc_20260828_5060_009/final_integrity.sha256","4743","9BBEFF26692BAC3E7A1FF8CEB3FBD42C0F54EE93656F9273AD4021F30AE368EA"
"reproduction_workspace/research/arc_20260828_5060_009/final_validation.json","854","DE808C130391704298D300BDEE570F5F694D60D4ACD1B2B3D6112A3D115DF134"
"reproduction_workspace/research/arc_20260828_5060_009/final_validation.md","496","2B99E7BBDE2F162501739051E0BDAB61ED56D7EA0ACAE4A59D8DA5DE18F7D514"
"reproduction_workspace/research/arc_20260828_5060_009/next_arc_recommendation.md","204","EA0790CFE9A4A930A94FA8C947F712531ACB2DA9535C934EEA00D17C3F36AB52"
"reproduction_workspace/research/arc_20260828_5060_009/paper_implications.md","628","9D969705571744168EEC0B39855B730BD4F9150112C40A28006E5179A3F62DAF"
"reproduction_workspace/research/arc_20260828_5060_009/pilot_curve_diagnostics.csv","1946","5723CAD90B40C6499F442E9A489187EDD83220122BB064140C093E3BAEBB9571"
"reproduction_workspace/research/arc_20260828_5060_009/pilot_diagnostics.md","985","60B74605864A561BA8E73024A7A0C9859BC56EB0DF479DE1168E12122FE9C29F"
"reproduction_workspace/research/arc_20260828_5060_009/pilot_summary.json","347","382907A32043DEBD2DB3A3E33B91B14049A9413018ECA4C9908B9B373980F84D"
"reproduction_workspace/research/arc_20260828_5060_009/preregistration.md","3268","CD87CFF939FB442C80CC420C3AFD6A44DA201088323BB9C4FC7F9A15C160A26A"
"reproduction_workspace/research/arc_20260828_5060_009/provenance_and_commands.md","1143","50A2C96DCC0D6AA79DF5F4D67C756A6C5C78E7538C52C4FA870BA293B19F341B"
"reproduction_workspace/research/arc_20260828_5060_009/raw/alpha_manifest_seed2.csv","9276","8D3DBE48561AD357A0F07B18ACF61729BDF54241A125167A68B62F5507133DD8"
"reproduction_workspace/research/arc_20260828_5060_009/raw/alpha_manifest_seed3.csv","11197","88834F5F545C4421DECFC09BA0A3C0FE197F040EAE61FE292624D3158D083359"
"reproduction_workspace/research/arc_20260828_5060_009/raw/alpha_manifest_seed5.csv","8917","C18BD3DA961F9129AA1635F7ED5B792FD9FD59ADD0D0C91A5CE50C3689A0EA24"
"reproduction_workspace/research/arc_20260828_5060_009/raw/alpha_manifest_seed6.csv","9725","CECFAF5EA476B1209E4CFF79C4A89F6F2EE1B32CAA24DF3D3947A7D861DEAEAC"
"reproduction_workspace/research/arc_20260828_5060_009/raw/alpha_manifest_seed8.csv","8855","9CFAB2B921BE05E2533D15979C2B8A545586D3AF376DAAE0CF25C6333F05F3AC"
"reproduction_workspace/research/arc_20260828_5060_009/raw/calibration_seed2.csv","9088","0BA33EF7FF8D69838A4ABFCBE7AFC5312AF5BFE53F20F68EB9CB2321CEF5F8B0"
"reproduction_workspace/research/arc_20260828_5060_009/raw/calibration_seed2.json","931","070418AE83399EA913C96F5C159D620DDB0B0D1109568E405F8DA77898C0B5A3"
"reproduction_workspace/research/arc_20260828_5060_009/raw/calibration_seed3.csv","10891","F2A0A1E454334160474B5F18E8739AF5B8B6BDA7AD2B54A9E053A9F6657C89FE"
"reproduction_workspace/research/arc_20260828_5060_009/raw/calibration_seed3.json","931","387B6399AC12D3FD785A78B06DBA7E5662B3B1D67A2C1888A93686D19D39585D"
"reproduction_workspace/research/arc_20260828_5060_009/raw/calibration_seed5.csv","8634","FEB6805E044865C05B9305B8169710B46231AE5DBFD83D7A86BB3DA89B89FE73"
"reproduction_workspace/research/arc_20260828_5060_009/raw/calibration_seed5.json","930","82D350D4F1CAAAA2AF1F6D68ABA46391795186B850C1CE7A19172D7C2CC429D3"
"reproduction_workspace/research/arc_20260828_5060_009/raw/calibration_seed6.csv","9557","33A6E7FD35D54A5DDD960ED25DA8FF561F4E85F89B34930ABFA6F450FB420338"
"reproduction_workspace/research/arc_20260828_5060_009/raw/calibration_seed6.json","929","2C8075ECA89CF973F8A5993A06681544BAB3599BDE30F7B57AFDD7AEF6D37359"
"reproduction_workspace/research/arc_20260828_5060_009/raw/calibration_seed8.csv","8729","CEA0D22CA9F62F4E7B7018EE9121A1CC693A246367791B04417DF8648A28B325"
"reproduction_workspace/research/arc_20260828_5060_009/raw/calibration_seed8.json","931","9A424B8DF92C1CFE226A69A1443207895A1113A898F83A4A3930A079533FD422"
"reproduction_workspace/research/arc_20260828_5060_009/README.md","350","D1F1C1CFE0CEFB2BDC540C9D394C4370A190A50DC95D35555884A3461121F145"
"reproduction_workspace/research/arc_20260828_5060_009/resource_usage.md","691","14AEBFBA2EE862F810A0766E6CCCA2AB6C998524BD7D4D52767592BCD0344956"
"reproduction_workspace/research/arc_20260828_5060_009/sanitization_audit.json","402","70E705410167508B5C079F7BAA5B86E7CDCA99A3E60C84B3B0853C1DEB83971B"
"reproduction_workspace/research/arc_20260828_5060_009/sanitized_targets.csv","8231","802BB7A9624E528BDAD57F8EA48357AFDF0C623E12D3E828CDE43AE6C57AD67F"
"reproduction_workspace/research/arc_20260828_5060_009/solver_definition.md","1421","34FF0B4D1703112F0BC29BB9415BA15EA7251323A0F8D44236F443C909BF4BDF"
"reproduction_workspace/research/arc_20260828_5060_009/src/analyze_calibration.py","20939","2EA027FDB793E872638EA8606062F756584A0300A12D521A8B259E67F76D1349"
"reproduction_workspace/research/arc_20260828_5060_009/src/finalize_integrity.py","5075","D084CEBFE14B9FC7F0FE551B3BD6BC59926354A88612432096A76E2007A7B310"
"reproduction_workspace/research/arc_20260828_5060_009/src/pilot_diagnostics.py","4604","DFF0D79103EEF969649CE84F379C5F4329501D16E17BDF984F4245DD75621ED3"
"reproduction_workspace/research/arc_20260828_5060_009/src/run_calibration.py","18978","942F20EE66B5C618EA24B1DC9508CF5E31474B2324F7E60C8256637A4FBE52BA"
"reproduction_workspace/research/arc_20260828_5060_009/src/sanitize_targets.py","2170","67B7C437E1904C414093EF25B110FE611233757C4BAEC4DE76F003EA94E815AC"
"reproduction_workspace/research/arc_20260828_5060_009/statistical_analysis.md","730","6EDFCB396A47B2017492A8905906B9FD7E40203E515EDD750B6B479E484A3B7D"
"reproduction_workspace/research/arc_20260828_5060_009/strongest_counterevidence.md","937","C309FED31F2A086F1E52D37DF7B69C978946D29F73B744CF72F1DBAC885B23B4"
"reproduction_workspace/research/arc_20260828_5060_009/visual_qa.md","599","19CECFF97D60B716D78356A5FE169EB0ACC24D832911EE98BA8A3A3D607633CF"
"reproduction_workspace/research/arc_20260828_5060_010/appendix_plan.md","2125","BA31BA4BC4549CCD46302737FD02D73E34EEA6002BFBE886DBE49B8413CDAE66"
"reproduction_workspace/research/arc_20260828_5060_010/artifact_audit.json","1122","605C143B2B24D7881574A9DC7E92470FA6775ACA3B74E0FD9CB1778E0B10E7CD"
"reproduction_workspace/research/arc_20260828_5060_010/baseline_control_audit.md","3186","F1D917D416AA61B2C1CB97FC367F0BA3408B16D8FB4AD3DD9DDFD03738D6FCD2"
"reproduction_workspace/research/arc_20260828_5060_010/construct_validity_audit.md","3728","CF91918F380D1A64B0712AFC1607A3A3AF4D3968F2C49C4E41D2D288AAED2C8E"
"reproduction_workspace/research/arc_20260828_5060_010/cost_to_finish.md","1341","5B3F3CF5B43F5441A339E94E72F69B51741BA3B5FA3F919ED71F54A0C50F2BD7"
"reproduction_workspace/research/arc_20260828_5060_010/evidence_ledger.csv","12702","F609C44F7B3D35EC63F2B9E706B49C53B6B52D2A07C36A3D189648D16EECB6B5"
"reproduction_workspace/research/arc_20260828_5060_010/EXECUTIVE_SUMMARY.md","3320","D5BC03BC49A02C319C9E8D48372492D922248B8ACFA56847EC504199752D5CDC"
"reproduction_workspace/research/arc_20260828_5060_010/fatal_risks.md","1944","75FFBBEC6C5EF26437478650DF0E01FB7BA145020FCEF033BF2EC7C6E01FAF51"
"reproduction_workspace/research/arc_20260828_5060_010/figure_plan.md","2681","42486299EBD78C9550CDA031F6C0982919EA695C586D434D3557C0010660B8A8"
"reproduction_workspace/research/arc_20260828_5060_010/final_integrity.sha256","2282","218B4887BCE7592E530551BE696E389CF26EE0AB221F148B9810BF015E71E8CE"
"reproduction_workspace/research/arc_20260828_5060_010/final_validation.json","1050","5A61B3883E607BAF58749CA97149E23BB7FBD97FDF56C8948970292BE3460542"
"reproduction_workspace/research/arc_20260828_5060_010/final_validation.md","703","4F8FDB484E51C7B3A5109EC1B007AE1C60214049CCC9DA35F48903477EB4E93F"
"reproduction_workspace/research/arc_20260828_5060_010/literature_search_needed.md","3107","75D638BDF8DAFCBABB87B694E5872EA008E569E67BA0D35214AE1CB6F706AE29"
"reproduction_workspace/research/arc_20260828_5060_010/main_claims.md","1704","C70B79F98E6A3B266C38F453CC1C5B8653419D0BFACF7E6E2D785A3BDD135A6C"
"reproduction_workspace/research/arc_20260828_5060_010/minimal_submission_matrix.md","2417","08CFF709C725AE6EE6766277EFE833990EBA186C3763C7D8FE2CEB31F83C2B41"
"reproduction_workspace/research/arc_20260828_5060_010/next_arc_recommendation.md","2998","540C5F5274F80961436C5E5EB6D3029CFC7D915774C7D34E60E0C903AA136604"
"reproduction_workspace/research/arc_20260828_5060_010/paper_story.md","3066","26DF01154771942C50446D45C6ED09658159D3B4EF7A2C08056B18730FBEE36E"
"reproduction_workspace/research/arc_20260828_5060_010/paper_thesis.md","2446","6236901C7FC262A660BB0DEA00C5C109F0822006D2091FBB2753021FA354AFEC"
"reproduction_workspace/research/arc_20260828_5060_010/prohibited_claims.md","2569","2E4A34F71F145A1D7BC6DA2F65DE7451ACE6E841929FA034258473BC81687B32"
"reproduction_workspace/research/arc_20260828_5060_010/provenance_and_commands.md","1628","08C92DC408E10D4CDEA1582D749A28ADA48FE605D22EAAC3917FB1412D60BC23"
"reproduction_workspace/research/arc_20260828_5060_010/README.md","1313","9C0474AE42C0FA806D5E112C21FB8EB5576D775F0EDCD287330E5C3A9F0A0D4B"
"reproduction_workspace/research/arc_20260828_5060_010/reproducibility_gaps.md","2872","93DE20E51D506C852F82710602653EAADB93C7E9AA6C5CBAAD993DE7EBBD071D"
"reproduction_workspace/research/arc_20260828_5060_010/resource_usage.md","490","E6588687BE1F1867341C4517F7E39A74EA5E70B3736EC13A41293F053E235CDF"
"reproduction_workspace/research/arc_20260828_5060_010/reviewer_stress_test.md","5202","F7CD3636D38C3B1CF543F7E7F59D079CDA030F1B4B3A45679117385BC108A054"
"reproduction_workspace/research/arc_20260828_5060_010/src/audit_evidence.py","27604","7941988DBE10051F85C9764BCD6262162457DC1D2000969220241C8E0918488C"
"reproduction_workspace/research/arc_20260828_5060_010/src/finalize_integrity.py","5197","3440CE95F30E55A86E639117C374F4E47DAD476C9BD8CFB4FC6774485064FB4B"
"reproduction_workspace/research/arc_20260828_5060_010/validity_map.md","3349","E76C30509FB849DE81BE85009CD105C2CCA2A5012AA92BBF1B783B21F034F3EC"
"reproduction_workspace/research/arc_20260828_5060_011/.gitignore","19","862263FA1F46C20F0D1E4DAC5FFCC75ABD55C08211B2C3864C5F8764B9D87793"
"reproduction_workspace/research/arc_20260828_5060_011/assay_integrity.md","1805","579A00AFACA0D29EC61039F04671531E23FC55DBD1C159E848DC69311F372B5E"
"reproduction_workspace/research/arc_20260828_5060_011/confidence_control.md","873","BDF921F3503340C9D8FF35F8222619210A6B56AECB22B6C82200630249185993"
"reproduction_workspace/research/arc_20260828_5060_011/configs/cross_corpus.yaml","780","C7B48EFB9B8887F8BE26D21CE8DE2AAE3088CB5D75B62F0CE5D9CBED855E51AB"
"reproduction_workspace/research/arc_20260828_5060_011/core_replication.md","1890","EB4DF247CF1EFF883F59231D8A700ED95182854B5BDF7217913157BAC40F10BA"
"reproduction_workspace/research/arc_20260828_5060_011/corpus_comparability.md","2226","EEB701AEC88E4BD915C6B4F73CD9AE87379DCC36DC206A7622171987B63E6BA1"
"reproduction_workspace/research/arc_20260828_5060_011/corpus_manifest.csv","2515","39055C86EDD2A23B1A014E20695237D5CBA3B0DB90FAF5A494AD32577FE374C1"
"reproduction_workspace/research/arc_20260828_5060_011/corpus_profile.json","1820","2771B09F52256F799C856A6E0255792FEBC40426C05ABD2CA6F73FCA5D73AFC7"
"reproduction_workspace/research/arc_20260828_5060_011/damage_alignment.md","1855","629FA75943A67DBB01D116CEC1F7C577BB573732519A90C8BC076172D89A9DB3"
"reproduction_workspace/research/arc_20260828_5060_011/data/hellaswag_correct_continuations.txt","3700349","EF75B67A0F3A316B6D465295E2DD58314738FD0E38BCF01790DBA7022C35468E"
"reproduction_workspace/research/arc_20260828_5060_011/data/selected_token_ids.json","59224","8E181B68AF66A0EC583C93A0468AD090290013492E85B6443227E7C526B57F25"
"reproduction_workspace/research/arc_20260828_5060_011/data/source_documents.csv","740041","B4D41631CF99DF0017267344E02C8A98701197AFB93B82704CC2F19807AFEE11"
"reproduction_workspace/research/arc_20260828_5060_011/EXECUTIVE_SUMMARY.md","2055","2A20347FD656E9BC2A6CF74758317E06E44255E3559ACBAA5ED0EE15366825FE"
"reproduction_workspace/research/arc_20260828_5060_011/figure_contract.md","1235","B9BC5EFF1AE1776168EC14DF3B199A4BF34AB28FF8B71C0BA9005D2C6F2670A2"
"reproduction_workspace/research/arc_20260828_5060_011/figures/fig1_per_run_delta_s.png","104969","D764DF1550BD9CD89AF2A3E4364443D353AAF49D10A4E536E29B13BB18E38FB2"
"reproduction_workspace/research/arc_20260828_5060_011/figures/fig2_magnitude_matched_contrast.png","107530","28C914E619B657F7E12074675D27C05CD552D80242298204B6024A0228E1AF6B"
"reproduction_workspace/research/arc_20260828_5060_011/figures/fig3_confidence_control.png","108056","C32C473478391E2CA79E8DE983D7AD8573FECA24A9CDA394AD9175E5716E52ED"
"reproduction_workspace/research/arc_20260828_5060_011/figures/fig4_effect_size_summary.png","59582","BEAE999737AF3546F34E45246C8464ECDC04D918892C0084D37A0981112BB154"
"reproduction_workspace/research/arc_20260828_5060_011/final_integrity.sha256","4974","569DFE0FF5073F4BBF2F872FAE403D965F15CADBCB47C4B6D44E30C242018AF3"
"reproduction_workspace/research/arc_20260828_5060_011/final_validation.json","397","BF4777AE119B7811D66D1D1AF4AC7A86CC2F2034CAC8F2FC67DAD225583A4738"
"reproduction_workspace/research/arc_20260828_5060_011/final_validation.md","262","A07C4BB6BB4D8EDA164976AC8DB1BB7F024342E80734EF5106279E0B706FC12F"
"reproduction_workspace/research/arc_20260828_5060_011/frozen_protocol.md","3401","FA19947A9297C9BAEACD998B345087D2D43AD53B33A8A49C9953BD5DA1283295"
"reproduction_workspace/research/arc_20260828_5060_011/independent_validation.md","710","8C9D5B6F4EEEF10EB0F0BD9B992088CF99D98437D43FD4ECFF37132E654B7E87"
"reproduction_workspace/research/arc_20260828_5060_011/local_corpus_audit.md","2910","CF649F08067537D91426B8596F289F7315FF9B6FD167CF833EC39C856DF52237"
"reproduction_workspace/research/arc_20260828_5060_011/matching_diagnostics/damage_matched_pairs.csv","66869","37980FFBAF14FA639A517C07A4AAABD59CFE76FF78D19CC1874FBA18ABA0E7C4"
"reproduction_workspace/research/arc_20260828_5060_011/matching_diagnostics/magnitude_matched_pairs.csv","54630","699719A097D2BBEF7628F68365E390016BABC3BDB90B4A3C35340107282F1DD2"
"reproduction_workspace/research/arc_20260828_5060_011/next_arc_recommendation.md","937","7E8E1E0C836F15825FBEAE0C0B9FE8BA0C39443C322F875CF9F4648CFE4AB325"
"reproduction_workspace/research/arc_20260828_5060_011/paper_implications.md","2798","322F55B117FA623E17EF52D1B86CCC816309F3272316D9A541F7F2D935B492F3"
"reproduction_workspace/research/arc_20260828_5060_011/posthoc_notes.md","566","1374A5D3EC19D68E3273F2321B180C8911F36FEEFD01DAD35361C693C61170FD"
"reproduction_workspace/research/arc_20260828_5060_011/preregistration_commit.txt","41","4FC5591F347F676CD11D52A095E76DBBD042A1E6326A63B2B4328E01630A0DE3"
"reproduction_workspace/research/arc_20260828_5060_011/preregistration.md","4359","3898127C8EA060A94B42C97BF78B211362A63AFED6F73D05BD7ACC70F34DE901"
"reproduction_workspace/research/arc_20260828_5060_011/processed/confidence_bin_metrics.csv","355393","7278B8F2AC55C2761C7FAF06D5F6A8EFBA6715892B1F4F7076E66852410CAD44"
"reproduction_workspace/research/arc_20260828_5060_011/processed/core_confidence_comparisons.csv","2607","AB382D24754136B33041DCF0956461F13DD09DD9D81649759BD1267BFFB8E9ED"
"reproduction_workspace/research/arc_20260828_5060_011/processed/core_run_results.csv","1271","9F7B809073F53C0A1D9134D749CDB6336E19B5F4F7B0B1E12D2DF64E437244CC"
"reproduction_workspace/research/arc_20260828_5060_011/processed/intervention_metrics.csv","194037","41FAB02468859A3E024B1251A6B0B30663E09F90698CA6F3CD7BADA921444CE1"
"reproduction_workspace/research/arc_20260828_5060_011/provenance_and_commands.md","1487","2AE9AB680F1287EC3C425DC4B4F580EE98491731CE5AEAEA235DEC4D6729531F"
"reproduction_workspace/research/arc_20260828_5060_011/raw/pythia-160m-seed1.json","640442","CC7023ACC39BBB514B0D5FD5A8649564F0AA7D47D61CC28746C647A9E734EA68"
"reproduction_workspace/research/arc_20260828_5060_011/raw/pythia-160m-seed4.json","640959","EBDF674632CC2AE2FFDE68BC248F0A2F8EF12062ACF2F98947F2AFC5631E20A7"
"reproduction_workspace/research/arc_20260828_5060_011/raw/pythia-160m-seed6.json","638594","AE4E7B57AA8F9580EED0ED512976A711CB71F99F6E3367FE11ECE6E1D078B70D"
"reproduction_workspace/research/arc_20260828_5060_011/raw/pythia-160m-seed7.json","641056","4CA7861880C289AC9F5FF0666C144E718FE05A0C6BFBC0EFF38C1F34BA901664"
"reproduction_workspace/research/arc_20260828_5060_011/raw/pythia-160m-seed8.json","641329","F2CAA3A2DDFD87C64465A90D3C40EBDA76ABC34BF69C90479D9F2B01D37AFB95"
"reproduction_workspace/research/arc_20260828_5060_011/raw/pythia-160m-seed9.json","640749","A7BC2FB70544C8CE50A51C98DA1B1D620BA19383C30599C1984D864B3CE17644"
"reproduction_workspace/research/arc_20260828_5060_011/README.md","1273","B239E02C5A5A4BD3BC6C3278A490AF5FA0D483FCD20D9712A0587C0B8B8F41D1"
"reproduction_workspace/research/arc_20260828_5060_011/resource_baseline.md","659","07AD3D144EE198D517F0D3C87A6296883871E714186893D91D72275D3B754C70"
"reproduction_workspace/research/arc_20260828_5060_011/resource_usage.md","1495","F0D631E4191D27F57C609BD2FBCE21ACFF9471B3B9987487E048F344BCDE0FB5"
"reproduction_workspace/research/arc_20260828_5060_011/results/corpus_comparability.json","1737","1C19F2E92CA67AAE0989BC49A0A88E527B9A72164618958C53FFBE5B974388BD"
"reproduction_workspace/research/arc_20260828_5060_011/results/cross_corpus_summary.json","18017","9F4F4EB0E7017CCD9742E7BB91BF6F08FD6A83C5FEC80910265176858EF6E3C7"
"reproduction_workspace/research/arc_20260828_5060_011/results/independent_validation.json","1697","B1854F3E0919F932B8A11D26F200F9D3C895999E73B5D66F152945D3BA5803A7"
"reproduction_workspace/research/arc_20260828_5060_011/run_manifest.csv","1237","CA854F026692259D6F1974FDD6970C074DC82DA65F48F4FB9F7D30DD32175B75"
"reproduction_workspace/research/arc_20260828_5060_011/src/analyze_cross_corpus.py","25527","433179FED0751DE20A64D96515ABFF1A9C5B1B25924BA701C7CCC43413AC94A8"
"reproduction_workspace/research/arc_20260828_5060_011/src/finalize_integrity.py","3340","45D400C1800A35C7735B013B26C1CCFC7395D50AA19808E87464DAFE54F50377"
"reproduction_workspace/research/arc_20260828_5060_011/src/prepare_corpus.py","7245","8C4101663EA02739AA7D87C0A65B48F7BCA33A99372EC60C69F6548E448240C0"
"reproduction_workspace/research/arc_20260828_5060_011/src/run_cross_corpus.py","15123","2303623780E94479597D6BD1A59077CB5317BD7004B3EBF18A55E4589A106893"
"reproduction_workspace/research/arc_20260828_5060_011/src/validate_results.py","6848","9D44B0EDABAFA00C248FBC38067EACC1A01CF4AE80F97D41946D909141289FF3"
"reproduction_workspace/research/arc_20260828_5060_011/statistical_analysis.md","2834","A433F5BD15A9261FB9FC6F3E790C16A720102E83D3B239AEB8DBD895BFE511D0"
"reproduction_workspace/research/arc_20260828_5060_011/strongest_counterevidence.md","1696","D8C7D29B5F2F2DBD3462AD435B1503C82A3C3C55E808E3974CC50539E44354CE"
"reproduction_workspace/research/arc_20260828_5060_012/abstract_skeleton.md","1566","7E530210EB1A107C1023E9C23AB44117397875D25DF9BADDB0C941DEDA65EB2F"
"reproduction_workspace/research/arc_20260828_5060_012/adversarial_reviewer_test.md","4591","2017FDC376C4043675A26D3361176F1D233DCC3AFB920B33E6610EE1D640BA4E"
"reproduction_workspace/research/arc_20260828_5060_012/citation_integrity.md","2854","BCBEE5FC33FE13D0D7ED716077B093D41B68DD626EEDC1BD66E1AB6FB9F07723"
"reproduction_workspace/research/arc_20260828_5060_012/EXECUTIVE_SUMMARY.md","3552","22BFC9FEAC5FC403BC6A599D0FCDFFCA24AADCF48CC57FCA1EA429D575868472"
"reproduction_workspace/research/arc_20260828_5060_012/known_explanation_audit.md","3366","97073BAE3107C5E7278C25467C23F8760499784DD82B92564A204A7BAF42D30B"
"reproduction_workspace/research/arc_20260828_5060_012/literature_candidates.csv","23106","58DC9493F91D99432D1AA4D3A9D6BA12869FB937B2C96AF0AC94A6B8C36B2BB4"
"reproduction_workspace/research/arc_20260828_5060_012/metric_novelty_audit.md","2592","7082463B022EC613FAC7F87179DEC190C1F16A6D114B964CE5C849C09E53BF68"
"reproduction_workspace/research/arc_20260828_5060_012/network_baseline.csv","143","751D59308A0F44A926B36D13519E99FD07A9B47F7A7DCA078AB8B2159D481347"
"reproduction_workspace/research/arc_20260828_5060_012/network_usage.md","1572","FBA9F71B24011E4082A8437CE600F5714AA0EB8065AD22396FB8873AD82CEB0D"
"reproduction_workspace/research/arc_20260828_5060_012/next_action.md","739","840283B9D72783101D86974C1414BE7C24E3A14E1178E93BC5805EF4BA6E0A16"
"reproduction_workspace/research/arc_20260828_5060_012/novelty_collision_matrix.csv","4785","5AFFB00D31EC6928B3A2A2C81591DA01ED5D24FC35F72C09972D9AAB479635CF"
"reproduction_workspace/research/arc_20260828_5060_012/novelty_decomposition.md","1990","070F56EB451E62FB6FEF3543E0E3C4CF97521A1AEA74DD9193CA044E87019458"
"reproduction_workspace/research/arc_20260828_5060_012/README.md","955","461F5F32EBE3750D68BD0A7ACA81603E4D555EFB010839ABA68E1D3F6D6BF8E9"
"reproduction_workspace/research/arc_20260828_5060_012/recommended_positioning.md","2499","EDD39F049A8CD0576414C042BB1A0E223ABE2E70DB1B215535068D25E9E11516"
"reproduction_workspace/research/arc_20260828_5060_012/search_log.md","4467","75B790175D02C2E5B102F6CAC983A0E74C6D9AB3C531F2371D447C37A4FB178F"
"reproduction_workspace/research/arc_20260828_5060_012/significance_argument.md","1924","8DD3213A645088B4E7FD288E235323613BCC23A1254CDD5CCD9D11ED8A8516E4"
"reproduction_workspace/research/arc_20260828_5060_012/top_10_closest_papers.md","8175","DBEB15B07FB47DF6033CCDE3B5A8ADD359B1E85DF1747D4B24CA07D925E6D7F4"
"reproduction_workspace/research/arc_20260828_5060_012/working_claims.md","2651","D687E35523FFAEE68421B894BC90733252381DD9EDA26C6623CE2F8C87A74E8D"
"reproduction_workspace/research/arc_20260828_5060_012/working_titles.md","681","AB96E0D39A75BC20DA33D074857A464FD9FDF95B98A92B7904267A2A08162C59"
"REPRODUCTION.md","6271","AB8FD2A5ED23BC1666C1CCF8F8B50B0EFC679ACADA5596576D7B1F26815F94AD"
"requirements-analysis.txt","90","42B927FA752C980F84E247C893F22052838CB5F8FC40B7AF37F129F07873F6B4"
"requirements-gpu.txt","202","D4C1E1FE729E21F2CDE28D5485B659FEF00D40A7DEA462F46D04CF92D9E9EF5D"
"requirements.txt","246","1469C15DD78CF155FE8F228A24F17564325B3C08051EDD95FDE4D90091E31E32"
"RESEARCH_QUESTION.md","5629","D084679F4BC58749D3552CA91EB5E1AE3B345FA3B19EA408C251A865279232BB"
"RESULTS.md","4894","9B6F32281AC53A47FDBD3AF9DE0A18A5D1B39245151C3A8949D40C6D7BC750EA"
"results/ARC-001/experiments/boundary/raw_results.json","227377","59F959A1AE50FABD2D3A33C6F7610AF211755378A14F39E016D80F2C51335B75"
"results/ARC-001/experiments/heldout/raw_results.json","47343","AFEFC7815601827078F927AC928E597B55299324F78499FD9ACC00B7749A3CD6"
"results/ARC-001/experiments/replication/raw_results.json","22799","D57500ACDBFC55B12B932F37A0C8E37A40E91AA61EAD603C2B9FE413CC57FFD3"
"results/ARC-001/results/boundary_aggregate.json","4212","7C63759128AA30F6BBEC7B3951921E2D311501D9644587B061CA61F5E0BD29E3"
"results/ARC-001/results/heldout_aggregate.json","3006","235DFCF24DCD32EC78BF75C7502317BD6318553ED8A5F34739DFF5F4B3955DA2"
"results/ARC-001/results/replication_aggregate.json","11265","1724CD3379BB6A0D2D6DC34E2C5E46AB25B765F1DB9AE4773B8528CBA05D28F4"
"results/ARC-002/experiments/raw/pythia-160m-seed1.json","202079","055DE4B7133C339295BB8989618A2B3233FC00F0C5636E685AA99D242EF7AB13"
"results/ARC-002/experiments/raw/pythia-160m-seed2.json","202108","83C97045E8D6B1BE6345F8F954FFA5128E8772EBC322EA01614AC0C720AE207E"
"results/ARC-002/experiments/raw/pythia-160m-seed3.json","202117","B300A161FD6AA29AD1BFA7E636624E2B626DD13168D4CFB16909E2303D296C39"
"results/ARC-002/experiments/raw/pythia-160m-seed4.json","201961","4BCDCF0ED647DA492023B18E0733AF159EC370E2998680E7EDDF35179477FC43"
"results/ARC-002/experiments/raw/pythia-160m-seed5.json","201612","89E193FB8E7E02502B7780E51ADA446572501184E29929C9E82F37A1C9CF4BA7"
"results/ARC-002/experiments/raw/pythia-70m-seed1.json","85039","664B866E54D8E6BF733ACAB28995E8011AB5198DF1CD7B9936F1486F06A42355"
"results/ARC-002/experiments/raw/pythia-70m-seed2.json","85211","4A85A9207172F9BB66F39FE4364F93E2957B5DAB979D88C8DDAB287DB98A592F"
"results/ARC-002/experiments/raw/pythia-70m-seed3.json","85219","71AAAE4A18534C71D37E27C7F963F00CA6F96A418E415AAB5A5D2004A7EA037A"
"results/ARC-002/experiments/raw/pythia-70m-seed4.json","85090","6B41369E59E86B34ADEF0960E83B051A21F772848CAF28E08264A1C131A950FF"
"results/ARC-002/experiments/raw/pythia-70m-seed5.json","84972","01BDC8CB27B039E760E87F993396E605B42A5177AF628B49F8EC387636743FA8"
"results/ARC-002/results/checkpoint_metrics.csv","5219","BE00BF5BD5760049403A22451DC8FB9042ED73AE8506617189539DA94D9EE8E0"
"results/ARC-002/results/run_deltas.csv","965","531E61DE085657BD6496764988DD895E4AAE3A9A1C3E1C621B128C4326707E66"
"results/ARC-002/results/stability_summary.json","26156","3258DD4F7A0462B96964B6311471E277272A59DFEAFF17B7362ED79FF12DCCFC"
"results/ARC-003/experiments/raw/pythia-160m-seed6.json","202041","7A9699AAFAF93FEA78670D36E6F75382407B66E24E98B49817EDCA0D829E0ECC"
"results/ARC-003/experiments/raw/pythia-160m-seed7.json","201781","2DBA909A07121E5C413123F095B1168DF9034301BD44493C96B2389179722E5E"
"results/ARC-003/experiments/raw/pythia-160m-seed8.json","201627","F6AA7F14ECFE5D1701DA07F6D3E1D81A44E99867BC36AF7B7AD4B4E94941EDB1"
"results/ARC-003/experiments/raw/pythia-160m-seed9.json","202095","78A2E5EC8A715FDE45391559A2D6AAD4906A78FF8115542C609A228DE3A9BF85"
"results/ARC-003/results/checkpoint_metrics.csv","7305","E0630BAA2E451F712EBA632F85BBC3152FA924F9D3AFE690C5B4B45FEFE72C30"
"results/ARC-003/results/discovery_summary.json","49408","C00DEAAD1256A44999CDFF89ACAB240427F059CB20248E8414D796AC646B57AC"
"results/ARC-003/results/independent_run_summary.json","54154","A834F5662F2D9D5932880D027B488631FA49B702E308D213ED6A6B39F1C19ECA"
"results/ARC-003/results/layer_endpoint_deltas.csv","7354","62E6074FA231BF716FC43F0E5F3A6293BD8F445E311C719D74E03858390F83D5"
"results/ARC-003/results/run_level_results.csv","1402","0840AA833F48E3EE35BFB8D4E2E1B154C0ADAA3BE2A90D102FF180E13AB3CE83"
"results/ARC-004/matching_diagnostics/absolute_magnitude_matched_pairs.csv","79604","F39CFE233B3F1E7348B79E9B1510DEAE26E5675E39B0D069BDF7A3606AED62DF"
"results/ARC-004/matching_diagnostics/damage_matched_location_separated_pairs.csv","54371","FFD02B4E403F51F0BC0F32A4A10351A43A08115CE776160933A7380332CCBF4D"
"results/ARC-004/matching_diagnostics/damage_matched_magnitude_separated_pairs.csv","12858","F1696B3868BAD6C7F6D5B2BEA86BCFBED0D0A3BA83671A750E8A821A37DB27B8"
"results/ARC-004/matching_diagnostics/damage_matched_pairs.csv","55732","069A4BBD905445799CAA225823C17A48064C96C8B40E0DF77C3A7C495AEFD883"
"results/ARC-004/matching_diagnostics/magnitude_matched_confidence.csv","54398","FFD215861BAF687AEE1DE7C73FA82E28F45823232180D9375E3A889FC93E8FE1"
"results/ARC-004/matching_diagnostics/magnitude_matched_pairs.csv","62571","E9BE8EC7B50C39DBDA5D2B9FFD5D0A93DA7D3C040D78550B99F18FC9B0C07DF4"
"results/ARC-004/matching_diagnostics/pilot_feasibility.json","626","E7C114026245666FC7EBE01B02A71FC0B5C6B81F0E4215541D1320044F8844CD"
"results/ARC-004/processed/confidence_bin_metrics.csv","357196","C7F0FBA8E2B61CEA7D49DE313691E3298F2439AF754673102E2A5C557349C5F0"
"results/ARC-004/processed/intervention_metrics.csv","193863","50472F6D1AE16F7FEE96919A7A5F8684E4DAA603EFB5BFE579E818F851CE4BF7"
"results/ARC-004/raw/pythia-160m-seed1.json","640108","BFF0CCE7CC5979B74BADBA806D04D54482AE3771EA0F53651CB6218A7146A606"
"results/ARC-004/raw/pythia-160m-seed4.json","640078","501F91A92D10E7B43D9B5E22B325F30DDB6759D93ACCE3745CDA2AF7F20E5A72"
"results/ARC-004/raw/pythia-160m-seed6.json","639550","36B537869866DA588B573583B60D499DB84C62A89612D7C6D82F9C8293F372BB"
"results/ARC-004/raw/pythia-160m-seed7.json","639136","75ECB45367F417C1A2B64A96F04C33142052E7F3A9FD3BD9A28112CE8074598F"
"results/ARC-004/raw/pythia-160m-seed8.json","639114","AE4BDD6AE904966EFDF399173351CBB07245D30DF17F2BE558B7CFCE07352385"
"results/ARC-004/raw/pythia-160m-seed9.json","639390","0A85E9A3E9215BEE5374D4A9D693B8FEFD4A7BDA5AC036E14CF552A232499B3E"
"results/ARC-004/results/mechanism_summary.json","24071","BEE5F2D9DE276A5587B67F31825D287C32BFC565808D24DF357BF32F2CBF15D9"
"results/ARC-004/root/run_manifest.csv","1056","1216D6748FE4504578AE1E6D6E00963C461C0C4CD34A8B8660C0BF450EB70AE4"
"results/ARC-005/matching_diagnostics/cross_family_discards.csv","22033","0FCEC9A361F5CC449684C665EE771569F48EA0A8EEC9972CEFD08AFC23701799"
"results/ARC-005/matching_diagnostics/cross_family_pairs.csv","8168","C0428CE7319AC652890580834EE6AE34A821DAD0279906C559ABCC4D5BB3586A"
"results/ARC-005/matching_diagnostics/within_family_damage_matched.csv","10155","FB79D0087F8740910B72AA1B37D27FB2055978FD22965C3A3E6BBD51E5EAAF12"
"results/ARC-005/matching_diagnostics/within_family_magnitude_matched.csv","18858","8B9BA4D34A6B0B56C6ED76C7A76C42AEFC80C9F3F6AD3CC76B0CCBEDCA71C7C9"
"results/ARC-005/processed/baseline_consistency.csv","3608","F58E8A7628E15164532F22D84F97640D87663BC43E9C1630088280B2A017BB72"
"results/ARC-005/processed/block_anchor_cells.csv","18288","BD6D2C4907C59DF8A48B5FDB8B06F5B093D37B9ABDA5E3E1634904D67B32587A"
"results/ARC-005/processed/calibration_support.json","4969","5F917F61AEBCA9D1E95AD76C6AC2D91449C0A1C29C4338A6F7745DB0EA7C05EB"
"results/ARC-005/processed/noise_cells.csv","83420","EBA60E6540CA64C8684F0E7D63E3CD0F9ADA46311E730A88D8F5FFD300CB4D63"
"results/ARC-005/processed/noise_confidence_bins.csv","4092","390A95288B75C494B6C648BB53F842F10BE6FBAADD76DBC747E12FFBE3DFE4DB"
"results/ARC-005/processed/noise_raw_metrics.csv","686587","76A58DD9BDBCDC7133468BA7A3ADDCB70BE5DEAD4094D4E05E1A1989AF1CF03E"
"results/ARC-005/raw/calibration/pythia-160m-seed1.json","200711","F6EE76CCFBA762A7BC718C30049182A2BDE9999571D226DC53DD56427A9FA975"
"results/ARC-005/raw/calibration/pythia-160m-seed4.json","201012","F98B26753DC56BD082A4210F7BB08D00B73FF32B32113C35DA5B96F0B9EEB5D6"
"results/ARC-005/raw/confirmatory/pythia-160m-seed2.json","1252382","AED517C4CDFD1C48D06B4B5ACD5D70C97A21176AC40DA4438A942A3CA2F4E0BB"
"results/ARC-005/raw/confirmatory/pythia-160m-seed3.json","1252096","888F7AE9BD3662F473F768E42D56388D0914D8421E8EDAF1FDE59B99726EDDCA"
"results/ARC-005/raw/confirmatory/pythia-160m-seed5.json","1252796","351C92A4CDB64C048E817366DBE92D9339ED4CB2ECFCE37AF6F2BC645E0FF023"
"results/ARC-005/raw/confirmatory/pythia-160m-seed6.json","1251349","47BA980E434308240E2D590FBB5FC361E1853CF479785BB3A4BCCDAE8AAEF620"
"results/ARC-005/raw/confirmatory/pythia-160m-seed8.json","1249268","B52771593F76A5B08065A0428FE77A9C337678F98B5A2ECDB05277D337F78535"
"results/ARC-005/results/family_robustness_summary.json","45663","04E211D0B28FBE5A68AC6EE18E26E1A40C13E654D326803696F2EA347C078630"
"results/ARC-005/root/run_manifest.csv","1418","5D4DF39C896FD32BB3B651EA42E1F8A04F927C2193D55E4379EA1D54671F4D2E"
"results/ARC-006-INVALIDATED/match_diagnostics/targeting_checkpoints.csv","722","ABE9EEFE0F3236D5D8149417383C509DF84229F3421C60AD4533AC149EBFB0BC"
"results/ARC-006-INVALIDATED/match_diagnostics/targeting_quality.json","2787","2A8BE40A039E8F8066D9BC3217B9E474CF7A64CD87BCF8E6F951B4B8B83513EA"
"results/ARC-006-INVALIDATED/processed/all_target_results.csv","134672","162BD3245103DE4428149FF140AA8F0AF83635A715F9D96173D0B5F23C838C71"
"results/ARC-006-INVALIDATED/processed/class_a_results.csv","92710","67B2C7A8ED4EE602C0719770156104536C66248155BFEBAF9498A9B5F9AD5F8B"
"results/ARC-006-INVALIDATED/processed/class_ab_results.csv","120297","A8D22D7B5D1A207E08B7C3B375AA090BC9B3C5F5AA7F3D0186693D235C50C758"
"results/ARC-006-INVALIDATED/raw/reveal/pythia-160m-seed2.json","44556","37707B93D8B3803A8AE941E21104EFAC2CE6C14F65871350444B2EC0FCCA4299"
"results/ARC-006-INVALIDATED/raw/reveal/pythia-160m-seed3.json","44578","14654E0F0BAB6FEA5EB976BFA9B7838E8149EBCC8CD00D7004B99C52E043F9CD"
"results/ARC-006-INVALIDATED/raw/reveal/pythia-160m-seed5.json","44594","5E41655AF14078464EA58A7B8AEF3FCF6EE5B8A05666EC053B011656421A06A2"
"results/ARC-006-INVALIDATED/raw/reveal/pythia-160m-seed6.json","44593","CFC64832862C78187C58C0B48D9FD58DD255BDAD667A4A379101932D7C92A0FE"
"results/ARC-006-INVALIDATED/raw/reveal/pythia-160m-seed8.json","44612","7D2FA61DA3EBFE9ED675FC5298417B9F79758256E1355C9642A598674802BF2E"
"results/ARC-006-INVALIDATED/raw/targeting_confirmatory/pythia-160m-seed2.json","368717","6259D5D1E70F96F4C55B309AEA4BAA3E2E0FFD907E0A31E4738111FAE6D93FDC"
"results/ARC-006-INVALIDATED/raw/targeting_confirmatory/pythia-160m-seed3.json","368679","74383EB6E00576F7F75158A18D4B41752121C9D2F3131B9031995BF773FE7FB8"
"results/ARC-006-INVALIDATED/raw/targeting_confirmatory/pythia-160m-seed5.json","369060","4FB5596B57F48EFD1302047DFC24FB0D54F28521F746390B3BD252099C9C5B6D"
"results/ARC-006-INVALIDATED/raw/targeting_confirmatory/pythia-160m-seed6.json","369191","149AC0DEE2DC0E05F065FD0B447BA217778B9F7BC9177F138A81BB01A78C5093"
"results/ARC-006-INVALIDATED/raw/targeting_confirmatory/pythia-160m-seed8.json","368845","81A23390EA265B1924D532DA50D5A8732F9610A7850C7A9DA50B946E974C6FDA"
"results/ARC-006-INVALIDATED/raw/targeting_pilot_refined/pythia-160m-seed1.json","99958","94755E8952C6B2CA68140BE8D76C1330F3706403952F5A09DA2EEE8874E273D2"
"results/ARC-006-INVALIDATED/raw/targeting_pilot/pythia-160m-seed1.json","74896","AEDFFBE115C5BD967ED7148D0CF78CC25076C330899B9664E09C7A874F2E1835"
"results/ARC-006-INVALIDATED/raw/targeting_pilot/pythia-160m-seed4.json","74952","DB8CFFEE67C04CA57A1181B3F7D7355A28B28028F207CFF10E25B558B2FE6196"
"results/ARC-006-INVALIDATED/results/inverse_targeting_summary.json","11955","4C480E133BDEFCABFF4D593E7E4A4C596E3AD2240F06B5C0CEAA205371262F90"
"results/ARC-006-INVALIDATED/root/run_manifest.csv","3597","E4EAD8EEC6122DC4FC2306DE91DCB4AFCBC6A20C69037C340B0A30826D97B48D"
"results/ARC-006-INVALIDATED/root/target_manifest.csv","43852","19DF473393F82DC2E2D1E531B6F8DF7C9DBF10590C74DE0CE9FFE39DF003DCD0"
"results/ARC-006R/results/corrected_summary.json","8927","24C676413F8AF7848650E539A09CBEE9312ACC9BEDF5FDD8C1716004E8790885"
"results/ARC-006R/root/corrected_results.csv","166361","322296700DF8B6EE2A24BC03C9D30727446C34DCF85C8A9FBFA46925B2C52CE7"
"results/ARC-006R/root/layer_results.csv","1479","8F339B5FDEBCCF7EC3CD2939B961DABE2F6349F1F95FA80DF2845F2036ED7E6B"
"results/ARC-006R/root/reanalysis_manifest.csv","2576","ED140CB74A6AF8725E293EE26166005A85275C722FCAF9ABA80576762846FB98"
"results/ARC-006R/root/run_manifest.csv","524","4ACF67BB5AFA675D353E20F38E6BE3CE90293A0C6F6D6A50856A3CE08A315EBC"
"results/ARC-006R/root/sign_reversal_distribution.csv","283","53BB161C63E15CBD3A8E778807DF437DF30AD94E740725193852F1BA790D705B"
"results/ARC-006R/root/sign_reversal_membership_changes.csv","703","E604BEBD66A001C35A4A0F0EF7EAAC8DB927BA99DA5DE20407107249BA89BE26"
"results/ARC-007R/processed/geometry_correlations.csv","810","DAD5041AA5D82EEC656FC31B507BA1878D5062C64E42A8ABC4C3C1096967656E"
"results/ARC-007R/processed/geometry_pairs_corrected.csv","57894","89248F933EA77B9EE5A5E664F478E2699DFB25FB843726FA4C2313FF522CD250"
"results/ARC-007R/processed/layer_geometry.csv","602","EB8EE5818B09C12F50CBA1034FDCEE920BD86202DFE94D84E8013417482CAB54"
"results/ARC-007R/processed/m2_vif.csv","146","966DDBFBE1B8A4B1CCD8C7E5EF70CDACBB457A85A28D0F2B4D674EF427815EA6"
"results/ARC-007R/processed/model_sequence.csv","775","F0FADF9FEC1E82DDB3ABDA611C1AA25CC39868C53B10E313C2C7F8AF55876CD9"
"results/ARC-007R/processed/reversal_predictions.csv","3921","F3C9BB00951BC8329BCC305DB0966B675DCBB7E751EA572C862E283B384926E5"
"results/ARC-007R/results/geometry_summary.json","19313","D62A3C8E43C8854F54A7C271A18EBA184CAC7D47C896C3E52DEB0C0524CBCBE6"
"results/ARC-007R/root/final_validation.json","870","CA67116EC0A4C5E11B8EC2C6DE3A5228B691E03213A78AF2DB250D1D105DC544"
"results/ARC-007R/root/geometry_blinded.csv","107966","CAE1515A3AD5CA5579C4927DC1AC355DCEC3BDCEA0CECB0CBEF1F306291734CB"
"results/ARC-007R/root/geometry_data.csv","260502","18798EC88AB9E5A28969686567BBB16A63C40B19789A6038C74B13251EA1B4D2"
"results/ARC-007R/root/geometry_match_manifest.csv","12494","0DAA371F1015EABE3CD4801A9BD9BBAF99CCBC288F33AC96C3C92D0CF1DA4CE7"
"results/ARC-007R/root/geometry_pair_blinded.csv","31678","2BBF2CEBC2B0DFE43590335E7ED2A3255AEF82A98540C70A72BBB37A51239189"
"results/ARC-007R/root/outcome_blind_summary.json","3669","9A8F658A727D95FCA565B73150402842A3D4E5DE669158AD7FB88097C2D8DF75"
"results/ARC-008/raw/calibrate_seed2.csv","35905","0097438BA9FA50D73BEC8FE135503A3F8BE67F30A255BC76E56E4FB83342B1BC"
"results/ARC-008/raw/calibrate_seed2.json","911","2A1C212DA1F96E5DB5C6BDC6E9632E2111CCC1F9E91550F351CA6B2496F302B2"
"results/ARC-008/raw/calibrate_seed3.csv","43163","FB3CC2DFD14E7A535643A176DE7D0CE0420A823E7715C377792EB85847590205"
"results/ARC-008/raw/calibrate_seed3.json","910","F858C9CC2B7391B668D45CCE2C4BA1641335956DFA9B448C38883BBD242D2BC8"
"results/ARC-008/raw/calibrate_seed5.csv","34293","9516E596464D455D5A777BEC0882485CBAD2782031BFC05C85A9998335FD494F"
"results/ARC-008/raw/calibrate_seed5.json","910","313F544C52111C8BA4E5B2B74D432FD93EAFB323595FF2C020408C916B1E81EB"
"results/ARC-008/raw/calibrate_seed6.csv","37653","709B0C214045E1ED725377F3D15E05E9BF8B6846218EB71EB5EBF6B6E94938CE"
"results/ARC-008/raw/calibrate_seed6.json","911","52633F1DD2AEC50C2D95C4C1F0B277C611DB156B86F0FB7F8130F3A30E09AD52"
"results/ARC-008/raw/calibrate_seed8.csv","34211","EEA642374389B65D4F7A69C8D20B247FD22E16DD4635CFA1552D34610A476C81"
"results/ARC-008/raw/calibrate_seed8.json","912","918BBF4B675AB9E1631AB301002DD624ABE73945C63EDFC5472793C97921ED79"
"results/ARC-008/raw/stage_a_seed2.csv","4867","01051B27867673053CDE5E5FE8C34AA01E8F15D47EFC6A70A43D70F6C20ED196"
"results/ARC-008/raw/stage_a_seed2.json","2554","4EBE83A86AAEC43B8B3668C7575D79FE5C43A933A533F18B63C75514E6DDCD27"
"results/ARC-008/raw/stage_a_seed3.csv","5811","E4B658BC32250B1282A261AC235E605CF6C694CC621A69307DD61FA12ED63DE3"
"results/ARC-008/raw/stage_a_seed3.json","2555","F4A9811C60BCF63CB6331C4D4D4244A115766E69840256D7459C5F291A90809C"
"results/ARC-008/raw/stage_a_seed5.csv","4656","8963A4F3D291EF829437AAE53C6F5CE218207B93B37B39F494CC04F65CED1EFF"
"results/ARC-008/raw/stage_a_seed5.json","2557","2AD62569FD643712057B1ECE20C4D9B1F7BAE3330499BCC43BABEFF554544923"
"results/ARC-008/raw/stage_a_seed6.csv","5080","6518AA79B823467E3F6902F5D4FB6843768CF1E64DD0F49857C661D997553C5C"
"results/ARC-008/raw/stage_a_seed6.json","2555","00F6B8A083CFB7DE86E43DFEB91366DD25CA21972230EFFA3BD9D6234203A946"
"results/ARC-008/raw/stage_a_seed8.csv","4653","F740EE6CC9F4920B950968168C0B80D57CB7DA2473A99BD6CB07E5D2F1E858CC"
"results/ARC-008/raw/stage_a_seed8.json","2557","723EDBB9E48BA3FFA9ED71EDDAAA03E622650EDB5D9B4E41CAFE953A8C345311"
"results/ARC-008/root/activation_manifest.csv","2728","E887EE2C28F7D7166FBA85EA611E6768371402F4DF43FA42E6A6D1E3EC33D448"
"results/ARC-008/root/calibration_manifest.csv","30459","AA0BDD55B3D7D9369A5323BD81D3FDB604BA66F8974FD21AA8DD2CAB6F5491DE"
"results/ARC-008/root/calibration_summary.json","247","DC8F1FE0F9CD713CEF331CE1D94169BFF4CFA337B991CBF13309AC9EA6CB90A1"
"results/ARC-008/root/counterfactual_results.csv","73","842E05B0A6C381EB59D2277E6BBD0863D970F639AA1D21EDA8C7D19862D10CCC"
"results/ARC-008/root/direction_metrics.csv","23105","9D532563EFB2004162C5B6628E4EBB3833628511061EC8D5CB0E799FBC7BB014"
"results/ARC-008/root/final_validation.json","643","86A13AF3530B39CBA80E7C829E60A24EBD8A577353E6743FC36C112CC3F85614"
"results/ARC-008/root/processed_analysis.csv","48098","FCF42C5F00CFB2804D94FE4B2BC5A59965F37DF72B2FA75301C456883A2142C3"
"results/ARC-008/root/processed_layer.csv","744","AAB3B11AFE474AE0A549BA11FF12FC5D09EFF3C1200324EFA2B4CDE2AD2A769D"
"results/ARC-008/root/processed_loo_augmented.csv","5959","C6B95529359C7EBE2E644787D7F4BC448C03D09B396369BC72D88D0C130DE0E0"
"results/ARC-008/root/processed_loo_baseline.csv","5949","3154065807B010F90E817B1111A5AEDB4D52BACAD5909B0FCF5D5824AB9F2953"
"results/ARC-008/root/processed_reversal_augmented.csv","3953","F3ABD7DA7863E598AD8F1FFF574215FEC55990E43BBEBFDEAB1CAEA8569D4E35"
"results/ARC-008/root/processed_reversal_baseline.csv","3930","07C07B413236CD60D6CC337A4D204A48EA5305C6D0CA26FB3BF6F47E27437AE1"
"results/ARC-008/root/results.json","3211","051B6E0DB54C27C4500E9E91701FE55963A71B7EBFE098116259FDE9CFD11D62"
"results/ARC-008/root/stageA1_summary.json","1019","8BE541E9CA4C74A4594B7B21713FB7E04D4C374EB7B8EDEF1F2176C1AE1B10D5"
"results/ARC-009/raw/alpha_manifest_seed2.csv","9276","8D3DBE48561AD357A0F07B18ACF61729BDF54241A125167A68B62F5507133DD8"
"results/ARC-009/raw/alpha_manifest_seed3.csv","11197","88834F5F545C4421DECFC09BA0A3C0FE197F040EAE61FE292624D3158D083359"
"results/ARC-009/raw/alpha_manifest_seed5.csv","8917","C18BD3DA961F9129AA1635F7ED5B792FD9FD59ADD0D0C91A5CE50C3689A0EA24"
"results/ARC-009/raw/alpha_manifest_seed6.csv","9725","CECFAF5EA476B1209E4CFF79C4A89F6F2EE1B32CAA24DF3D3947A7D861DEAEAC"
"results/ARC-009/raw/alpha_manifest_seed8.csv","8855","9CFAB2B921BE05E2533D15979C2B8A545586D3AF376DAAE0CF25C6333F05F3AC"
"results/ARC-009/raw/calibration_seed2.csv","9088","0BA33EF7FF8D69838A4ABFCBE7AFC5312AF5BFE53F20F68EB9CB2321CEF5F8B0"
"results/ARC-009/raw/calibration_seed2.json","931","070418AE83399EA913C96F5C159D620DDB0B0D1109568E405F8DA77898C0B5A3"
"results/ARC-009/raw/calibration_seed3.csv","10891","F2A0A1E454334160474B5F18E8739AF5B8B6BDA7AD2B54A9E053A9F6657C89FE"
"results/ARC-009/raw/calibration_seed3.json","931","387B6399AC12D3FD785A78B06DBA7E5662B3B1D67A2C1888A93686D19D39585D"
"results/ARC-009/raw/calibration_seed5.csv","8634","FEB6805E044865C05B9305B8169710B46231AE5DBFD83D7A86BB3DA89B89FE73"
"results/ARC-009/raw/calibration_seed5.json","930","82D350D4F1CAAAA2AF1F6D68ABA46391795186B850C1CE7A19172D7C2CC429D3"
"results/ARC-009/raw/calibration_seed6.csv","9557","33A6E7FD35D54A5DDD960ED25DA8FF561F4E85F89B34930ABFA6F450FB420338"
"results/ARC-009/raw/calibration_seed6.json","929","2C8075ECA89CF973F8A5993A06681544BAB3599BDE30F7B57AFDD7AEF6D37359"
"results/ARC-009/raw/calibration_seed8.csv","8729","CEA0D22CA9F62F4E7B7018EE9121A1CC693A246367791B04417DF8648A28B325"
"results/ARC-009/raw/calibration_seed8.json","931","9A424B8DF92C1CFE226A69A1443207895A1113A898F83A4A3930A079533FD422"
"results/ARC-009/root/alpha_search_manifest.csv","47388","B05ACA51396C8124888829FFA40BFE4F879AF9F47C6D7D4D3A6D9CC4125AF741"
"results/ARC-009/root/calibration_results.csv","69537","1FEDE1755B77D69FDEE7ABDBC4B3683DCB6FE8A9CB68B094EDA6C404E0256D89"
"results/ARC-009/root/feasibility_summary.json","1894","83DC5B059ADB579EB392D7B604848F6C1B041BD522B235810F19177FF66F34D9"
"results/ARC-009/root/final_validation.json","854","DE808C130391704298D300BDEE570F5F694D60D4ACD1B2B3D6112A3D115DF134"
"results/ARC-009/root/pilot_curve_diagnostics.csv","1946","5723CAD90B40C6499F442E9A489187EDD83220122BB064140C093E3BAEBB9571"
"results/ARC-009/root/pilot_summary.json","347","382907A32043DEBD2DB3A3E33B91B14049A9413018ECA4C9908B9B373980F84D"
"results/ARC-009/root/sanitization_audit.json","402","70E705410167508B5C079F7BAA5B86E7CDCA99A3E60C84B3B0853C1DEB83971B"
"results/ARC-009/root/sanitized_targets.csv","8231","802BB7A9624E528BDAD57F8EA48357AFDF0C623E12D3E828CDE43AE6C57AD67F"
"results/ARC-010/root/artifact_audit.json","1122","605C143B2B24D7881574A9DC7E92470FA6775ACA3B74E0FD9CB1778E0B10E7CD"
"results/ARC-010/root/evidence_ledger.csv","12702","F609C44F7B3D35EC63F2B9E706B49C53B6B52D2A07C36A3D189648D16EECB6B5"
"results/ARC-010/root/final_validation.json","1050","5A61B3883E607BAF58749CA97149E23BB7FBD97FDF56C8948970292BE3460542"
"results/ARC-011/matching_diagnostics/damage_matched_pairs.csv","66869","37980FFBAF14FA639A517C07A4AAABD59CFE76FF78D19CC1874FBA18ABA0E7C4"
"results/ARC-011/matching_diagnostics/magnitude_matched_pairs.csv","54630","699719A097D2BBEF7628F68365E390016BABC3BDB90B4A3C35340107282F1DD2"
"results/ARC-011/processed/confidence_bin_metrics.csv","355393","7278B8F2AC55C2761C7FAF06D5F6A8EFBA6715892B1F4F7076E66852410CAD44"
"results/ARC-011/processed/core_confidence_comparisons.csv","2607","AB382D24754136B33041DCF0956461F13DD09DD9D81649759BD1267BFFB8E9ED"
"results/ARC-011/processed/core_run_results.csv","1271","9F7B809073F53C0A1D9134D749CDB6336E19B5F4F7B0B1E12D2DF64E437244CC"
"results/ARC-011/processed/intervention_metrics.csv","194037","41FAB02468859A3E024B1251A6B0B30663E09F90698CA6F3CD7BADA921444CE1"
"results/ARC-011/raw/pythia-160m-seed1.json","640442","CC7023ACC39BBB514B0D5FD5A8649564F0AA7D47D61CC28746C647A9E734EA68"
"results/ARC-011/raw/pythia-160m-seed4.json","640959","EBDF674632CC2AE2FFDE68BC248F0A2F8EF12062ACF2F98947F2AFC5631E20A7"
"results/ARC-011/raw/pythia-160m-seed6.json","638594","AE4E7B57AA8F9580EED0ED512976A711CB71F99F6E3367FE11ECE6E1D078B70D"
"results/ARC-011/raw/pythia-160m-seed7.json","641056","4CA7861880C289AC9F5FF0666C144E718FE05A0C6BFBC0EFF38C1F34BA901664"
"results/ARC-011/raw/pythia-160m-seed8.json","641329","F2CAA3A2DDFD87C64465A90D3C40EBDA76ABC34BF69C90479D9F2B01D37AFB95"
"results/ARC-011/raw/pythia-160m-seed9.json","640749","A7BC2FB70544C8CE50A51C98DA1B1D620BA19383C30599C1984D864B3CE17644"
"results/ARC-011/results/corpus_comparability.json","1737","1C19F2E92CA67AAE0989BC49A0A88E527B9A72164618958C53FFBE5B974388BD"
"results/ARC-011/results/cross_corpus_summary.json","18017","9F4F4EB0E7017CCD9742E7BB91BF6F08FD6A83C5FEC80910265176858EF6E3C7"
"results/ARC-011/results/independent_validation.json","1697","B1854F3E0919F932B8A11D26F200F9D3C895999E73B5D66F152945D3BA5803A7"
"results/ARC-011/root/corpus_manifest.csv","2515","39055C86EDD2A23B1A014E20695237D5CBA3B0DB90FAF5A494AD32577FE374C1"
"results/ARC-011/root/corpus_profile.json","1820","2771B09F52256F799C856A6E0255792FEBC40426C05ABD2CA6F73FCA5D73AFC7"
"results/ARC-011/root/final_validation.json","397","BF4777AE119B7811D66D1D1AF4AC7A86CC2F2034CAC8F2FC67DAD225583A4738"
"results/ARC-011/root/run_manifest.csv","1237","CA854F026692259D6F1974FDD6970C074DC82DA65F48F4FB9F7D30DD32175B75"
"results/ARC-012/root/literature_candidates.csv","23106","58DC9493F91D99432D1AA4D3A9D6BA12869FB937B2C96AF0AC94A6B8C36B2BB4"
"results/ARC-012/root/network_baseline.csv","143","751D59308A0F44A926B36D13519E99FD07A9B47F7A7DCA078AB8B2159D481347"
"results/ARC-012/root/novelty_collision_matrix.csv","4785","5AFFB00D31EC6928B3A2A2C81591DA01ED5D24FC35F72C09972D9AAB479635CF"
"results/README.md","618","0D94D087CBE8E36CAE2ABCA52F200ABB4FD76828B8DFE855A195EEB38B56A605"
"tables/key_results.tex","711","74670D82D93284124A4EEAA4759BD7F4EFCB914C14E0369BFC86565B2484CBEF"
"tables/README.md","326","1A8D829091CD0688C6A6C3DEBD360377E207CB9A6D48DC69ECEF9F694EE33E21"
"THEORY_NOTES.md","3892","2F0633FE6279F41801C567DAC031CC10D5B6593E3E34EFEB35AA25483BDB282B"
